﻿<?xml version="1.0" encoding="utf-8"?><Document><SYSAADCLIENTTABLEENTITY><AADCLIENTID>0959fab7-cb07-464f-8083-4cb536ee25c9</AADCLIENTID><NAME>DynamicsServicingApp</NAME><USERID>DynamicsMaintAppUser</USERID></SYSAADCLIENTTABLEENTITY><SYSAADCLIENTTABLEENTITY><AADCLIENTID>61a0518c-121a-421a-9ad6-f0955a88be43</AADCLIENTID><NAME>PowerPlatformApplication</NAME><USERID>PowerPlatformApp</USERID></SYSAADCLIENTTABLEENTITY><SYSAADCLIENTTABLEENTITY><AADCLIENTID>7f15f9d9-cad0-44f1-bbba-d36650e07765</AADCLIENTID><NAME>Dynamics365Athena</NAME><USERID>DataSyncFrameworkApp</USERID></SYSAADCLIENTTABLEENTITY><SYSAADCLIENTTABLEENTITY><AADCLIENTID>94c13437-a0f0-476d-9267-2ea164e372e4</AADCLIENTID><NAME>DynamicsMaintenanceApp</NAME><USERID>DynamicsMaintAppUser</USERID></SYSAADCLIENTTABLEENTITY><SYSAADCLIENTTABLEENTITY><AADCLIENTID>d62b026c-e8d2-40a9-b760-ae76c4f8dcae</AADCLIENTID><NAME>MonitoringApp</NAME><USERID>MonitoringAppUser</USERID></SYSAADCLIENTTABLEENTITY><SYSAADCLIENTTABLEENTITY><AADCLIENTID>f1752846-f0df-4766-96f5-c109adf67d7f</AADCLIENTID><NAME>PowerPlatRuntimeApp</NAME><USERID>PowerPlatformApp</USERID></SYSAADCLIENTTABLEENTITY></Document>