﻿<?xml version="1.0" encoding="utf-8"?><Document><BOMBILLOFMATERIALSVERSIONV4ENTITY><APPROVERPERSONNELNUMBER></APPROVERPERSONNELNUMBER><BOMID>EQUIPMENTPACK-BURG</BOMID><CATCHWEIGHTSIZE>0.000000</CATCHWEIGHTSIZE><FROMCATCHWEIGHTQUANTITY>0.000000</FROMCATCHWEIGHTQUANTITY><FROMQUANTITY>1.000000</FROMQUANTITY><ISACTIVE>No</ISACTIVE><ISAPPROVED>No</ISAPPROVED><ISSELECTEDFORDESIGNER>No</ISSELECTEDFORDESIGNER><MANUFACTUREDITEMNUMBER>EQUIPMENTPACK</MANUFACTUREDITEMNUMBER><PRODUCTCOLORID></PRODUCTCOLORID><PRODUCTCONFIGURATIONID></PRODUCTCONFIGURATIONID><PRODUCTIONSITEID>WD</PRODUCTIONSITEID><PRODUCTSIZEID></PRODUCTSIZEID><PRODUCTSTYLEID></PRODUCTSTYLEID><PRODUCTVERSIONID></PRODUCTVERSIONID><SEQUENCEID>1</SEQUENCEID><VALIDFROMDATE>1900-01-01T00:00:00</VALIDFROMDATE><VALIDTODATE>1900-01-01T00:00:00</VALIDTODATE><VERSIONNAME>Equipment Pack, Burglar</VERSIONNAME></BOMBILLOFMATERIALSVERSIONV4ENTITY><BOMBILLOFMATERIALSVERSIONV4ENTITY><APPROVERPERSONNELNUMBER></APPROVERPERSONNELNUMBER><BOMID>OTIONCUREBOILS-1</BOMID><CATCHWEIGHTSIZE>0.000000</CATCHWEIGHTSIZE><FROMCATCHWEIGHTQUANTITY>0.000000</FROMCATCHWEIGHTQUANTITY><FROMQUANTITY>1.000000</FROMQUANTITY><ISACTIVE>No</ISACTIVE><ISAPPROVED>No</ISAPPROVED><ISSELECTEDFORDESIGNER>No</ISSELECTEDFORDESIGNER><MANUFACTUREDITEMNUMBER>POTIONCUREBOILS</MANUFACTUREDITEMNUMBER><PRODUCTCOLORID></PRODUCTCOLORID><PRODUCTCONFIGURATIONID></PRODUCTCONFIGURATIONID><PRODUCTIONSITEID>WD</PRODUCTIONSITEID><PRODUCTSIZEID></PRODUCTSIZEID><PRODUCTSTYLEID></PRODUCTSTYLEID><PRODUCTVERSIONID></PRODUCTVERSIONID><SEQUENCEID>2</SEQUENCEID><VALIDFROMDATE>1900-01-01T00:00:00</VALIDFROMDATE><VALIDTODATE>1900-01-01T00:00:00</VALIDTODATE><VERSIONNAME>Potion, Cure Boils - Rev 1</VERSIONNAME></BOMBILLOFMATERIALSVERSIONV4ENTITY><BOMBILLOFMATERIALSVERSIONV4ENTITY><APPROVERPERSONNELNUMBER></APPROVERPERSONNELNUMBER><BOMID>POTIONCUREBOILS</BOMID><CATCHWEIGHTSIZE>0.000000</CATCHWEIGHTSIZE><FROMCATCHWEIGHTQUANTITY>0.000000</FROMCATCHWEIGHTQUANTITY><FROMQUANTITY>1.000000</FROMQUANTITY><ISACTIVE>No</ISACTIVE><ISAPPROVED>No</ISAPPROVED><ISSELECTEDFORDESIGNER>No</ISSELECTEDFORDESIGNER><MANUFACTUREDITEMNUMBER>POTIONCUREBOILS</MANUFACTUREDITEMNUMBER><PRODUCTCOLORID></PRODUCTCOLORID><PRODUCTCONFIGURATIONID></PRODUCTCONFIGURATIONID><PRODUCTIONSITEID>WD</PRODUCTIONSITEID><PRODUCTSIZEID></PRODUCTSIZEID><PRODUCTSTYLEID></PRODUCTSTYLEID><PRODUCTVERSIONID></PRODUCTVERSIONID><SEQUENCEID>2</SEQUENCEID><VALIDFROMDATE>1900-01-01T00:00:00</VALIDFROMDATE><VALIDTODATE>1900-01-01T00:00:00</VALIDTODATE><VERSIONNAME>Potion, Cure Boils</VERSIONNAME></BOMBILLOFMATERIALSVERSIONV4ENTITY><BOMBILLOFMATERIALSVERSIONV4ENTITY><APPROVERPERSONNELNUMBER>000001</APPROVERPERSONNELNUMBER><BOMID>POTIONCUREBOILS</BOMID><CATCHWEIGHTSIZE>0.000000</CATCHWEIGHTSIZE><FROMCATCHWEIGHTQUANTITY>0.000000</FROMCATCHWEIGHTQUANTITY><FROMQUANTITY>1.000000</FROMQUANTITY><ISACTIVE>Yes</ISACTIVE><ISAPPROVED>Yes</ISAPPROVED><ISSELECTEDFORDESIGNER>No</ISSELECTEDFORDESIGNER><MANUFACTUREDITEMNUMBER>POTIONCUREBOILS</MANUFACTUREDITEMNUMBER><PRODUCTCOLORID></PRODUCTCOLORID><PRODUCTCONFIGURATIONID></PRODUCTCONFIGURATIONID><PRODUCTIONSITEID>WD</PRODUCTIONSITEID><PRODUCTSIZEID></PRODUCTSIZEID><PRODUCTSTYLEID></PRODUCTSTYLEID><PRODUCTVERSIONID></PRODUCTVERSIONID><SEQUENCEID>1</SEQUENCEID><VALIDFROMDATE>1900-01-01T00:00:00</VALIDFROMDATE><VALIDTODATE>1900-01-01T00:00:00</VALIDTODATE><VERSIONNAME>Potion, Cure Boils</VERSIONNAME></BOMBILLOFMATERIALSVERSIONV4ENTITY></Document>