﻿<?xml version="1.0" encoding="utf-8"?><Document><BOMBILLOFMATERIALSHEADERENTITY><APPROVERPERSONNELNUMBER></APPROVERPERSONNELNUMBER><BOMID>EQUIPMENTPACK-BURG</BOMID><BOMNAME>Equipment Pack, Burglar</BOMNAME><ENGCHGDISPLAYPRODUCTNUMBER></ENGCHGDISPLAYPRODUCTNUMBER><ENGCHGENGINEERINGBOMREFERENCE>D1781E8D-3729-47C8-8CD7-CB036603BC2F</ENGCHGENGINEERINGBOMREFERENCE><ENGINEERINGVERSIONID></ENGINEERINGVERSIONID><ISAPPROVED>No</ISAPPROVED><PRODUCTGROUPID></PRODUCTGROUPID><PRODUCTIONSITEID>WD</PRODUCTIONSITEID></BOMBILLOFMATERIALSHEADERENTITY><BOMBILLOFMATERIALSHEADERENTITY><APPROVERPERSONNELNUMBER></APPROVERPERSONNELNUMBER><BOMID>OTIONCUREBOILS-1</BOMID><BOMNAME>Potion, Cure Boils - Rev 1</BOMNAME><ENGCHGDISPLAYPRODUCTNUMBER></ENGCHGDISPLAYPRODUCTNUMBER><ENGCHGENGINEERINGBOMREFERENCE>BB1C51DD-696A-4378-AC54-D1A39F5B3C59</ENGCHGENGINEERINGBOMREFERENCE><ENGINEERINGVERSIONID></ENGINEERINGVERSIONID><ISAPPROVED>No</ISAPPROVED><PRODUCTGROUPID>PTNSELIXR</PRODUCTGROUPID><PRODUCTIONSITEID>WD</PRODUCTIONSITEID></BOMBILLOFMATERIALSHEADERENTITY><BOMBILLOFMATERIALSHEADERENTITY><APPROVERPERSONNELNUMBER>000001</APPROVERPERSONNELNUMBER><BOMID>POTIONCUREBOILS</BOMID><BOMNAME>Potion, Cure Boils</BOMNAME><ENGCHGDISPLAYPRODUCTNUMBER></ENGCHGDISPLAYPRODUCTNUMBER><ENGCHGENGINEERINGBOMREFERENCE>19F336D2-7D95-4454-BF6B-2DDA6B0A906C</ENGCHGENGINEERINGBOMREFERENCE><ENGINEERINGVERSIONID></ENGINEERINGVERSIONID><ISAPPROVED>Yes</ISAPPROVED><PRODUCTGROUPID>PTNSELIXR</PRODUCTGROUPID><PRODUCTIONSITEID>WD</PRODUCTIONSITEID></BOMBILLOFMATERIALSHEADERENTITY></Document>