﻿<?xml version="1.0" encoding="utf-8"?><Document><BOMBILLOFMATERIALSVERSIONDOCUMENTATTACHMENTENTITY><DOCUMENTID /><ACCESSRESTRICTION /><ATTACHMENTDESCRIPTION /><BOMID /><BOMVERSIONFROMQUANTITY /><BOMVERSIONMANUFACTUREDITEMNUMBER /><BOMVERSIONPRODUCTCOLORID /><BOMVERSIONPRODUCTCONFIGURATIONID /><BOMVERSIONPRODUCTIONSITEID /><BOMVERSIONPRODUCTSIZEID /><BOMVERSIONPRODUCTSTYLEID /><BOMVERSIONPRODUCTVERSIONID /><BOMVERSIONVALIDFROMDATE /><DOCUMENTATTACHMENTTYPECODE /><FILENAME /><FILETYPE /><ISBOMVERSIONACTIVE /><ISDEFAULTATTACHMENT /><NOTES /><AttachmentFileName /></BOMBILLOFMATERIALSVERSIONDOCUMENTATTACHMENTENTITY></Document>