﻿<?xml version="1.0" encoding="utf-8"?><Document><COSTCALCULATIONGROUPENTITY><ALTERNATIVEUNITCOSTCALCULATIONMETHOD>CostPrice</ALTERNATIVEUNITCOSTCALCULATIONMETHOD><GROUPID>DEFAULT</GROUPID><GROUPNAME>Default Calculation Group</GROUPNAME><SALESPRICECALCULATIONMETHOD>CostGroup</SALESPRICECALCULATIONMETHOD><SHOWWARNINGIFCONTRIBUTIONMARGINPERCENTAGELOWERTHAN>0.000000</SHOWWARNINGIFCONTRIBUTIONMARGINPERCENTAGELOWERTHAN><SHOWWARNINGIFCOSTPRICECALCULATIONOLDERTHANDAYS>0</SHOWWARNINGIFCOSTPRICECALCULATIONOLDERTHANDAYS><STOPEXPLOSIONATITEM>No</STOPEXPLOSIONATITEM><UNITCOSTCALCULATIONMETHOD>CostPrice</UNITCOSTCALCULATIONMETHOD><WILLCOSTCALCULATIONISSUENOACTIVEASSIGNEDBOMWARNING>No</WILLCOSTCALCULATIONISSUENOACTIVEASSIGNEDBOMWARNING><WILLCOSTCALCULATIONISSUENOACTIVEASSIGNEDROUTEWARNING>No</WILLCOSTCALCULATIONISSUENOACTIVEASSIGNEDROUTEWARNING><WILLCOSTCALCULATIONISSUEZEROCONSUMPTIONWARNING>No</WILLCOSTCALCULATIONISSUEZEROCONSUMPTIONWARNING><WILLCOSTCALULATIONISSUEOPERATIONSRESOURCEREQUIREMENTNOTMETWARNING>No</WILLCOSTCALULATIONISSUEOPERATIONSRESOURCEREQUIREMENTNOTMETWARNING><WILLCOSTCALULATIONISSUEZEROCOSTPRICEWARNING>No</WILLCOSTCALULATIONISSUEZEROCOSTPRICEWARNING></COSTCALCULATIONGROUPENTITY></Document>