﻿<?xml version="1.0" encoding="utf-8"?><Document><CATEGORYENTITY><CATEGORYID>BOTTLING</CATEGORYID><CATEGORYNAME>Bottling</CATEGORYNAME><SHAREDCATEGORYID>BOTTLING</SHAREDCATEGORYID><USEINEXPENSE>No</USEINEXPENSE><USEINPRODUCTION>Yes</USEINPRODUCTION><USEINPROJECT>No</USEINPROJECT></CATEGORYENTITY><CATEGORYENTITY><CATEGORYID>COOKING</CATEGORYID><CATEGORYNAME>Cooking</CATEGORYNAME><SHAREDCATEGORYID>COOKING</SHAREDCATEGORYID><USEINEXPENSE>No</USEINEXPENSE><USEINPRODUCTION>Yes</USEINPRODUCTION><USEINPROJECT>No</USEINPROJECT></CATEGORYENTITY><CATEGORYENTITY><CATEGORYID>DISTILLING</CATEGORYID><CATEGORYNAME>Distilling</CATEGORYNAME><SHAREDCATEGORYID>DISTILLING</SHAREDCATEGORYID><USEINEXPENSE>No</USEINEXPENSE><USEINPRODUCTION>Yes</USEINPRODUCTION><USEINPROJECT>No</USEINPROJECT></CATEGORYENTITY><CATEGORYENTITY><CATEGORYID>DRYING</CATEGORYID><CATEGORYNAME>Drying</CATEGORYNAME><SHAREDCATEGORYID>DRYING</SHAREDCATEGORYID><USEINEXPENSE>No</USEINEXPENSE><USEINPRODUCTION>Yes</USEINPRODUCTION><USEINPROJECT>No</USEINPROJECT></CATEGORYENTITY><CATEGORYENTITY><CATEGORYID>EXPENSE</CATEGORYID><CATEGORYNAME>Expense</CATEGORYNAME><SHAREDCATEGORYID>EXPENSE</SHAREDCATEGORYID><USEINEXPENSE>No</USEINEXPENSE><USEINPRODUCTION>No</USEINPRODUCTION><USEINPROJECT>Yes</USEINPROJECT></CATEGORYENTITY><CATEGORYENTITY><CATEGORYID>FEE</CATEGORYID><CATEGORYNAME>Project Fee</CATEGORYNAME><SHAREDCATEGORYID>FEE</SHAREDCATEGORYID><USEINEXPENSE>No</USEINEXPENSE><USEINPRODUCTION>No</USEINPRODUCTION><USEINPROJECT>Yes</USEINPROJECT></CATEGORYENTITY><CATEGORYENTITY><CATEGORYID>FEES</CATEGORYID><CATEGORYNAME>Project Fee</CATEGORYNAME><SHAREDCATEGORYID>FEE</SHAREDCATEGORYID><USEINEXPENSE>No</USEINEXPENSE><USEINPRODUCTION>No</USEINPRODUCTION><USEINPROJECT>Yes</USEINPROJECT></CATEGORYENTITY><CATEGORYENTITY><CATEGORYID>HOUR</CATEGORYID><CATEGORYNAME>Hour</CATEGORYNAME><SHAREDCATEGORYID>HOUR</SHAREDCATEGORYID><USEINEXPENSE>No</USEINEXPENSE><USEINPRODUCTION>No</USEINPRODUCTION><USEINPROJECT>Yes</USEINPROJECT></CATEGORYENTITY><CATEGORYENTITY><CATEGORYID>ITEM</CATEGORYID><CATEGORYNAME>Item</CATEGORYNAME><SHAREDCATEGORYID>ITEM</SHAREDCATEGORYID><USEINEXPENSE>No</USEINEXPENSE><USEINPRODUCTION>No</USEINPRODUCTION><USEINPROJECT>Yes</USEINPROJECT></CATEGORYENTITY><CATEGORYENTITY><CATEGORYID>MGMTFEE</CATEGORYID><CATEGORYNAME>Management Fee</CATEGORYNAME><SHAREDCATEGORYID>MGMTFEE</SHAREDCATEGORYID><USEINEXPENSE>No</USEINEXPENSE><USEINPRODUCTION>No</USEINPRODUCTION><USEINPROJECT>Yes</USEINPROJECT></CATEGORYENTITY><CATEGORYENTITY><CATEGORYID>PM</CATEGORYID><CATEGORYNAME>Project Management</CATEGORYNAME><SHAREDCATEGORYID>PM</SHAREDCATEGORYID><USEINEXPENSE>No</USEINEXPENSE><USEINPRODUCTION>No</USEINPRODUCTION><USEINPROJECT>Yes</USEINPROJECT></CATEGORYENTITY><CATEGORYENTITY><CATEGORYID>PRESSING</CATEGORYID><CATEGORYNAME>Pressing</CATEGORYNAME><SHAREDCATEGORYID>PRESSING</SHAREDCATEGORYID><USEINEXPENSE>No</USEINEXPENSE><USEINPRODUCTION>Yes</USEINPRODUCTION><USEINPROJECT>No</USEINPROJECT></CATEGORYENTITY><CATEGORYENTITY><CATEGORYID>SETUP</CATEGORYID><CATEGORYNAME>Setup</CATEGORYNAME><SHAREDCATEGORYID>SETUP</SHAREDCATEGORYID><USEINEXPENSE>No</USEINEXPENSE><USEINPRODUCTION>No</USEINPRODUCTION><USEINPROJECT>Yes</USEINPROJECT></CATEGORYENTITY><CATEGORYENTITY><CATEGORYID>STRAIING</CATEGORYID><CATEGORYNAME>Straining</CATEGORYNAME><SHAREDCATEGORYID>STRAIING</SHAREDCATEGORYID><USEINEXPENSE>No</USEINEXPENSE><USEINPRODUCTION>Yes</USEINPRODUCTION><USEINPROJECT>No</USEINPROJECT></CATEGORYENTITY><CATEGORYENTITY><CATEGORYID>STRAINING</CATEGORYID><CATEGORYNAME>Straining</CATEGORYNAME><SHAREDCATEGORYID>STRAINING</SHAREDCATEGORYID><USEINEXPENSE>No</USEINEXPENSE><USEINPRODUCTION>Yes</USEINPRODUCTION><USEINPROJECT>No</USEINPROJECT></CATEGORYENTITY><CATEGORYENTITY><CATEGORYID>SUBSCRIPTION</CATEGORYID><CATEGORYNAME>Subscription Fee</CATEGORYNAME><SHAREDCATEGORYID>SUBSCRIPTION</SHAREDCATEGORYID><USEINEXPENSE>No</USEINEXPENSE><USEINPRODUCTION>No</USEINPRODUCTION><USEINPROJECT>Yes</USEINPROJECT></CATEGORYENTITY></Document>