﻿<?xml version="1.0" encoding="utf-8"?><Document><ECORESCONSTRAINTBASEDPRODUCTCONFIGURATIONMODELPARAMETERSENTITY><CONFIGURATIONDOCUMENTATTACHMENTTYPECODE></CONFIGURATIONDOCUMENTATTACHMENTTYPECODE><CONFIGURATIONDOCUMENTATTACHMENTTYPELEGALENTITYID></CONFIGURATIONDOCUMENTATTACHMENTTYPELEGALENTITYID><DEFAULTPRODUCTCONFIGURATIONID>Default</DEFAULTPRODUCTCONFIGURATIONID><DEFAULTPRODUCTCONFIGURATIONPRICEMODELCURRENCYCODE></DEFAULTPRODUCTCONFIGURATIONPRICEMODELCURRENCYCODE><ISCONFIGURATIONFORMCACHINGCONFIGURATIONMODELS>No</ISCONFIGURATIONFORMCACHINGCONFIGURATIONMODELS><ISPRICEMODELSELECTIONCRITERIAINCLUDEDINIMPORTEXPORT>No</ISPRICEMODELSELECTIONCRITERIAINCLUDEDINIMPORTEXPORT><ORDERLINEPRICEBREAKDOWNDOCUMENTATTACHMENTTYPECODE></ORDERLINEPRICEBREAKDOWNDOCUMENTATTACHMENTTYPECODE><ORDERLINEPRICEBREAKDOWNDOCUMENTATTACHMENTTYPELEGALENTITYID></ORDERLINEPRICEBREAKDOWNDOCUMENTATTACHMENTTYPELEGALENTITYID><ORDERLINEPRODUCTLOOKUPMETHOD>DefaultLookup</ORDERLINEPRODUCTLOOKUPMETHOD><SINGLETONKEY>0</SINGLETONKEY><WILLORDERLINEHAVEPRICEBREAKDOWNATTACHED>No</WILLORDERLINEHAVEPRICEBREAKDOWNATTACHED></ECORESCONSTRAINTBASEDPRODUCTCONFIGURATIONMODELPARAMETERSENTITY></Document>