﻿<?xml version="1.0" encoding="utf-8"?><Document><WHSCONTAINERCLOSINGPROFILEENTITY><CONTAINERCLOSINGAUTORELEASEPOLICY /><CONTAINERCLOSINGWORKCREATIONPROCESS /><CONTAINERSHIPPINGLABELPRINTERNAME /><DEFAULTOUTBOUNDSORTINGWAREHOUSELOCATIONID /><FINALSHIPMENTWAREHOUSELOCATIONID /><ISCONTAINERCONTENTPRINTINGENABLED /><ISCONTAINERMANIFESTEDATCLOSING /><ISPACKINGSLIPPRINTINGENABLED /><MANIFESTINGCONTAINERPOLICY /><MANIFESTINGSHIPMENTPOLICY /><MANIFESTREQUIREMENTSFORCONTAINERGROUP /><MODIFYPUTLOCATIONINMOBILEAPP /><PACKEDCONTAINERPICKINGWAREHOUSEWORKTEMPLATEID /><PACKEDCONTAINERPICKINGWAREHOUSEWORKTEMPLATEWORKORDERTYPE /><PACKINGSLIPPOSTINGPARAMETERS /><PRINTCONTAINERRETURNSHIPPINGLABELRULE /><PRINTCONTAINERSHIPPINGLABELRULE /><PRINTPACKINGSLIPASYNCHRONOUSLY /><PROFILEDESCRIPTION /><PROFILEID /><PROFILEWAREHOUSEID /><WAREHOUSEGROUPID /><WAREHOUSESELECTION /><WEIGHTUNITSYMBOL /></WHSCONTAINERCLOSINGPROFILEENTITY></Document>