﻿<?xml version="1.0" encoding="utf-8"?><Document><WHSCONTAINERTYPEV2ENTITY><CONTAINERHEIGHT /><CONTAINERLENGTH /><CONTAINERTYPEUNITSYMBOL /><CONTAINERVOLUME /><CONTAINERWIDTH /><FIRSTCONTAINERATTRIBUTEVALUE /><FOURTHCONTAINERATTRIBUTEVALUE /><ISCONTAINERVOLUMEFLEXIBLE /><MAXIMUMCONTAINERIZATIONHEIGHT /><MAXIMUMCONTAINERIZATIONLENGTH /><MAXIMUMCONTAINERIZATIONVOLUME /><MAXIMUMCONTAINERIZATIONWIDTH /><MAXIMUMCONTAINERWEIGHT /><SECONDCONTAINERATTRIBUTEVALUE /><TARECONTAINERWEIGHT /><THIRDCONTAINERATTRIBUTEVALUE /><TYPEDESCRIPTION /><TYPEID /></WHSCONTAINERTYPEV2ENTITY></Document>