﻿<?xml version="1.0" encoding="utf-8"?><Document><COSTINGVERSIONENTITY><ARECOSTPRICESALLOWED>Yes</ARECOSTPRICESALLOWED><AREPRICECALCULATIONSUSINGPURCHASEPROCUREMENTMODEALLOWED>Yes</AREPRICECALCULATIONSUSINGPURCHASEPROCUREMENTMODEALLOWED><AREPURCHASEPRICESALLOWED>Yes</AREPURCHASEPRICESALLOWED><ARESALESPRICESALLOWED>Yes</ARESALESPRICESALLOWED><COSTINGTYPE>Normal</COSTINGTYPE><COSTPRICEMODEL>BOMCalcGroup</COSTPRICEMODEL><DEFAULTFROMDATE>1900-01-01T00:00:00</DEFAULTFROMDATE><EXPLOSIONMODE>MultiLevel</EXPLOSIONMODE><FALLBACKCOSTINGVERSIONID></FALLBACKCOSTINGVERSIONID><FALLBACKPRINCIPLE>CurrentActive</FALLBACKPRINCIPLE><ISACTIVATIONBLOCKED>No</ISACTIVATIONBLOCKED><ISPRODUCTIONPROCUREMENTMODEPRICECALCULATIONALLOWED>Yes</ISPRODUCTIONPROCUREMENTMODEPRICECALCULATIONALLOWED><ISUNITPRICEINCLUDINGCHARGE>No</ISUNITPRICEINCLUDINGCHARGE><ISVERSIONBLOCKED>No</ISVERSIONBLOCKED><LASTACTIVATIONDATE>1900-01-01T00:00:00</LASTACTIVATIONDATE><LASTUPDATEDATE>2024-08-26T00:00:00</LASTUPDATEDATE><PROFITSETTING>Standard</PROFITSETTING><PURCHASEPRICEMODEL>PurchPrice</PURCHASEPRICEMODEL><RECORDINGRESTRICTION>No</RECORDINGRESTRICTION><RESTRICTCALCULATION>No</RESTRICTCALCULATION><RESTRICTINGPRICESITEID></RESTRICTINGPRICESITEID><ROUNDOFFCALCULATION>No</ROUNDOFFCALCULATION><VERSIONID>PLANNED</VERSIONID><VERSIONNAME>Planned Cpst</VERSIONNAME></COSTINGVERSIONENTITY><COSTINGVERSIONENTITY><ARECOSTPRICESALLOWED>Yes</ARECOSTPRICESALLOWED><AREPRICECALCULATIONSUSINGPURCHASEPROCUREMENTMODEALLOWED>Yes</AREPRICECALCULATIONSUSINGPURCHASEPROCUREMENTMODEALLOWED><AREPURCHASEPRICESALLOWED>Yes</AREPURCHASEPRICESALLOWED><ARESALESPRICESALLOWED>Yes</ARESALESPRICESALLOWED><COSTINGTYPE>Standard</COSTINGTYPE><COSTPRICEMODEL>ItemCostPrice</COSTPRICEMODEL><DEFAULTFROMDATE>1900-01-01T00:00:00</DEFAULTFROMDATE><EXPLOSIONMODE>SingleLevel</EXPLOSIONMODE><FALLBACKCOSTINGVERSIONID></FALLBACKCOSTINGVERSIONID><FALLBACKPRINCIPLE>CurrentActive</FALLBACKPRINCIPLE><ISACTIVATIONBLOCKED>No</ISACTIVATIONBLOCKED><ISPRODUCTIONPROCUREMENTMODEPRICECALCULATIONALLOWED>Yes</ISPRODUCTIONPROCUREMENTMODEPRICECALCULATIONALLOWED><ISUNITPRICEINCLUDINGCHARGE>Yes</ISUNITPRICEINCLUDINGCHARGE><ISVERSIONBLOCKED>No</ISVERSIONBLOCKED><LASTACTIVATIONDATE>2024-08-26T00:00:00</LASTACTIVATIONDATE><LASTUPDATEDATE>2024-08-26T00:00:00</LASTUPDATEDATE><PROFITSETTING>Standard</PROFITSETTING><PURCHASEPRICEMODEL>PurchPrice</PURCHASEPRICEMODEL><RECORDINGRESTRICTION>Yes</RECORDINGRESTRICTION><RESTRICTCALCULATION>Yes</RESTRICTCALCULATION><RESTRICTINGPRICESITEID></RESTRICTINGPRICESITEID><ROUNDOFFCALCULATION>No</ROUNDOFFCALCULATION><VERSIONID>STANDARD</VERSIONID><VERSIONNAME>Standard Cost</VERSIONNAME></COSTINGVERSIONENTITY></Document>