﻿<?xml version="1.0" encoding="utf-8"?><Document><COSTSHEETNODEENTITY><ABSORPTIONBASISNODENAME></ABSORPTIONBASISNODENAME><COSTGROUPID>COOKING</COSTGROUPID><DEFAULTLEDGERDIMENSIONDISPLAYVALUE></DEFAULTLEDGERDIMENSIONDISPLAYVALUE><ESTIMATEDINDIRECTABSORPTIONMAINACCOUNTIDDISPLAYVALUE></ESTIMATEDINDIRECTABSORPTIONMAINACCOUNTIDDISPLAYVALUE><ESTIMATEDINDIRECTABSORPTIONOFFSETMAINACCOUNTIDDISPLAYVALUE></ESTIMATEDINDIRECTABSORPTIONOFFSETMAINACCOUNTIDDISPLAYVALUE><INDIRECTABSORPTIONMAINACCOUNTIDDISPLAYVALUE></INDIRECTABSORPTIONMAINACCOUNTIDDISPLAYVALUE><INDIRECTABSORPTIONOFFSETMAINACCOUNTIDDISPLAYVALUE></INDIRECTABSORPTIONOFFSETMAINACCOUNTIDDISPLAYVALUE><ISCALCULATIONFACTORSPECIFIEDPERITEM>No</ISCALCULATIONFACTORSPECIFIEDPERITEM><ISNODESHOWNASHEADER>No</ISNODESHOWNASHEADER><ISNODESHOWNASTOTALLINE>No</ISNODESHOWNASTOTALLINE><NODEDESCRIPTION>Total Cooking Cost</NODEDESCRIPTION><NODENAME>COOKING_COST</NODENAME><NODETYPE>CostGroup</NODETYPE><PARENTNODENAME>DIRECTLAB</PARENTNODENAME><PRICENODESUBTYPE>COGM</PRICENODESUBTYPE><RATENODEABSORPTIONBASISSUBTYPE></RATENODEABSORPTIONBASISSUBTYPE><RATENODESUBTYPE>Undefined</RATENODESUBTYPE><SURCHARGENODEABSORPTIONBASISSUBTYPE></SURCHARGENODEABSORPTIONBASISSUBTYPE><SURCHARGENODESUBTYPE>Undefined</SURCHARGENODESUBTYPE><UNITBASEDNODESUBTYPE>Undefined</UNITBASEDNODESUBTYPE></COSTSHEETNODEENTITY><COSTSHEETNODEENTITY><ABSORPTIONBASISNODENAME></ABSORPTIONBASISNODENAME><COSTGROUPID></COSTGROUPID><DEFAULTLEDGERDIMENSIONDISPLAYVALUE></DEFAULTLEDGERDIMENSIONDISPLAYVALUE><ESTIMATEDINDIRECTABSORPTIONMAINACCOUNTIDDISPLAYVALUE></ESTIMATEDINDIRECTABSORPTIONMAINACCOUNTIDDISPLAYVALUE><ESTIMATEDINDIRECTABSORPTIONOFFSETMAINACCOUNTIDDISPLAYVALUE></ESTIMATEDINDIRECTABSORPTIONOFFSETMAINACCOUNTIDDISPLAYVALUE><INDIRECTABSORPTIONMAINACCOUNTIDDISPLAYVALUE></INDIRECTABSORPTIONMAINACCOUNTIDDISPLAYVALUE><INDIRECTABSORPTIONOFFSETMAINACCOUNTIDDISPLAYVALUE></INDIRECTABSORPTIONOFFSETMAINACCOUNTIDDISPLAYVALUE><ISCALCULATIONFACTORSPECIFIEDPERITEM>No</ISCALCULATIONFACTORSPECIFIEDPERITEM><ISNODESHOWNASHEADER>Yes</ISNODESHOWNASHEADER><ISNODESHOWNASTOTALLINE>Yes</ISNODESHOWNASTOTALLINE><NODEDESCRIPTION>Total Cost</NODEDESCRIPTION><NODENAME>Cost of goods manufactured</NODENAME><NODETYPE>Price</NODETYPE><PARENTNODENAME>Root</PARENTNODENAME><PRICENODESUBTYPE>COGM</PRICENODESUBTYPE><RATENODEABSORPTIONBASISSUBTYPE></RATENODEABSORPTIONBASISSUBTYPE><RATENODESUBTYPE>Undefined</RATENODESUBTYPE><SURCHARGENODEABSORPTIONBASISSUBTYPE></SURCHARGENODEABSORPTIONBASISSUBTYPE><SURCHARGENODESUBTYPE>Undefined</SURCHARGENODESUBTYPE><UNITBASEDNODESUBTYPE>Undefined</UNITBASEDNODESUBTYPE></COSTSHEETNODEENTITY><COSTSHEETNODEENTITY><ABSORPTIONBASISNODENAME></ABSORPTIONBASISNODENAME><COSTGROUPID>CRUSHING</COSTGROUPID><DEFAULTLEDGERDIMENSIONDISPLAYVALUE></DEFAULTLEDGERDIMENSIONDISPLAYVALUE><ESTIMATEDINDIRECTABSORPTIONMAINACCOUNTIDDISPLAYVALUE></ESTIMATEDINDIRECTABSORPTIONMAINACCOUNTIDDISPLAYVALUE><ESTIMATEDINDIRECTABSORPTIONOFFSETMAINACCOUNTIDDISPLAYVALUE></ESTIMATEDINDIRECTABSORPTIONOFFSETMAINACCOUNTIDDISPLAYVALUE><INDIRECTABSORPTIONMAINACCOUNTIDDISPLAYVALUE></INDIRECTABSORPTIONMAINACCOUNTIDDISPLAYVALUE><INDIRECTABSORPTIONOFFSETMAINACCOUNTIDDISPLAYVALUE></INDIRECTABSORPTIONOFFSETMAINACCOUNTIDDISPLAYVALUE><ISCALCULATIONFACTORSPECIFIEDPERITEM>No</ISCALCULATIONFACTORSPECIFIEDPERITEM><ISNODESHOWNASHEADER>No</ISNODESHOWNASHEADER><ISNODESHOWNASTOTALLINE>No</ISNODESHOWNASTOTALLINE><NODEDESCRIPTION>Total Crushing Cost</NODEDESCRIPTION><NODENAME>CRUSHING_COST</NODENAME><NODETYPE>CostGroup</NODETYPE><PARENTNODENAME>DIRECTLAB</PARENTNODENAME><PRICENODESUBTYPE>COGM</PRICENODESUBTYPE><RATENODEABSORPTIONBASISSUBTYPE></RATENODEABSORPTIONBASISSUBTYPE><RATENODESUBTYPE>Undefined</RATENODESUBTYPE><SURCHARGENODEABSORPTIONBASISSUBTYPE></SURCHARGENODEABSORPTIONBASISSUBTYPE><SURCHARGENODESUBTYPE>Undefined</SURCHARGENODESUBTYPE><UNITBASEDNODESUBTYPE>Undefined</UNITBASEDNODESUBTYPE></COSTSHEETNODEENTITY><COSTSHEETNODEENTITY><ABSORPTIONBASISNODENAME></ABSORPTIONBASISNODENAME><COSTGROUPID></COSTGROUPID><DEFAULTLEDGERDIMENSIONDISPLAYVALUE></DEFAULTLEDGERDIMENSIONDISPLAYVALUE><ESTIMATEDINDIRECTABSORPTIONMAINACCOUNTIDDISPLAYVALUE></ESTIMATEDINDIRECTABSORPTIONMAINACCOUNTIDDISPLAYVALUE><ESTIMATEDINDIRECTABSORPTIONOFFSETMAINACCOUNTIDDISPLAYVALUE></ESTIMATEDINDIRECTABSORPTIONOFFSETMAINACCOUNTIDDISPLAYVALUE><INDIRECTABSORPTIONMAINACCOUNTIDDISPLAYVALUE></INDIRECTABSORPTIONMAINACCOUNTIDDISPLAYVALUE><INDIRECTABSORPTIONOFFSETMAINACCOUNTIDDISPLAYVALUE></INDIRECTABSORPTIONOFFSETMAINACCOUNTIDDISPLAYVALUE><ISCALCULATIONFACTORSPECIFIEDPERITEM>No</ISCALCULATIONFACTORSPECIFIEDPERITEM><ISNODESHOWNASHEADER>Yes</ISNODESHOWNASHEADER><ISNODESHOWNASTOTALLINE>Yes</ISNODESHOWNASTOTALLINE><NODEDESCRIPTION>Direct Labor</NODEDESCRIPTION><NODENAME>DIRECTLAB</NODENAME><NODETYPE>Total</NODETYPE><PARENTNODENAME>Cost of goods manufactured</PARENTNODENAME><PRICENODESUBTYPE>COGM</PRICENODESUBTYPE><RATENODEABSORPTIONBASISSUBTYPE></RATENODEABSORPTIONBASISSUBTYPE><RATENODESUBTYPE>Undefined</RATENODESUBTYPE><SURCHARGENODEABSORPTIONBASISSUBTYPE></SURCHARGENODEABSORPTIONBASISSUBTYPE><SURCHARGENODESUBTYPE>Undefined</SURCHARGENODESUBTYPE><UNITBASEDNODESUBTYPE>Undefined</UNITBASEDNODESUBTYPE></COSTSHEETNODEENTITY><COSTSHEETNODEENTITY><ABSORPTIONBASISNODENAME></ABSORPTIONBASISNODENAME><COSTGROUPID>DISTILLING</COSTGROUPID><DEFAULTLEDGERDIMENSIONDISPLAYVALUE></DEFAULTLEDGERDIMENSIONDISPLAYVALUE><ESTIMATEDINDIRECTABSORPTIONMAINACCOUNTIDDISPLAYVALUE></ESTIMATEDINDIRECTABSORPTIONMAINACCOUNTIDDISPLAYVALUE><ESTIMATEDINDIRECTABSORPTIONOFFSETMAINACCOUNTIDDISPLAYVALUE></ESTIMATEDINDIRECTABSORPTIONOFFSETMAINACCOUNTIDDISPLAYVALUE><INDIRECTABSORPTIONMAINACCOUNTIDDISPLAYVALUE></INDIRECTABSORPTIONMAINACCOUNTIDDISPLAYVALUE><INDIRECTABSORPTIONOFFSETMAINACCOUNTIDDISPLAYVALUE></INDIRECTABSORPTIONOFFSETMAINACCOUNTIDDISPLAYVALUE><ISCALCULATIONFACTORSPECIFIEDPERITEM>No</ISCALCULATIONFACTORSPECIFIEDPERITEM><ISNODESHOWNASHEADER>No</ISNODESHOWNASHEADER><ISNODESHOWNASTOTALLINE>No</ISNODESHOWNASTOTALLINE><NODEDESCRIPTION>Total Distilling Cost</NODEDESCRIPTION><NODENAME>DISTILLING_COST</NODENAME><NODETYPE>CostGroup</NODETYPE><PARENTNODENAME>DIRECTLAB</PARENTNODENAME><PRICENODESUBTYPE>COGM</PRICENODESUBTYPE><RATENODEABSORPTIONBASISSUBTYPE></RATENODEABSORPTIONBASISSUBTYPE><RATENODESUBTYPE>Undefined</RATENODESUBTYPE><SURCHARGENODEABSORPTIONBASISSUBTYPE></SURCHARGENODEABSORPTIONBASISSUBTYPE><SURCHARGENODESUBTYPE>Undefined</SURCHARGENODESUBTYPE><UNITBASEDNODESUBTYPE>Undefined</UNITBASEDNODESUBTYPE></COSTSHEETNODEENTITY><COSTSHEETNODEENTITY><ABSORPTIONBASISNODENAME></ABSORPTIONBASISNODENAME><COSTGROUPID>DRYING</COSTGROUPID><DEFAULTLEDGERDIMENSIONDISPLAYVALUE></DEFAULTLEDGERDIMENSIONDISPLAYVALUE><ESTIMATEDINDIRECTABSORPTIONMAINACCOUNTIDDISPLAYVALUE></ESTIMATEDINDIRECTABSORPTIONMAINACCOUNTIDDISPLAYVALUE><ESTIMATEDINDIRECTABSORPTIONOFFSETMAINACCOUNTIDDISPLAYVALUE></ESTIMATEDINDIRECTABSORPTIONOFFSETMAINACCOUNTIDDISPLAYVALUE><INDIRECTABSORPTIONMAINACCOUNTIDDISPLAYVALUE></INDIRECTABSORPTIONMAINACCOUNTIDDISPLAYVALUE><INDIRECTABSORPTIONOFFSETMAINACCOUNTIDDISPLAYVALUE></INDIRECTABSORPTIONOFFSETMAINACCOUNTIDDISPLAYVALUE><ISCALCULATIONFACTORSPECIFIEDPERITEM>No</ISCALCULATIONFACTORSPECIFIEDPERITEM><ISNODESHOWNASHEADER>No</ISNODESHOWNASHEADER><ISNODESHOWNASTOTALLINE>No</ISNODESHOWNASTOTALLINE><NODEDESCRIPTION>Total Drying Cost</NODEDESCRIPTION><NODENAME>DRYING_COST</NODENAME><NODETYPE>CostGroup</NODETYPE><PARENTNODENAME>DIRECTLAB</PARENTNODENAME><PRICENODESUBTYPE>COGM</PRICENODESUBTYPE><RATENODEABSORPTIONBASISSUBTYPE></RATENODEABSORPTIONBASISSUBTYPE><RATENODESUBTYPE>Undefined</RATENODESUBTYPE><SURCHARGENODEABSORPTIONBASISSUBTYPE></SURCHARGENODEABSORPTIONBASISSUBTYPE><SURCHARGENODESUBTYPE>Undefined</SURCHARGENODESUBTYPE><UNITBASEDNODESUBTYPE>Undefined</UNITBASEDNODESUBTYPE></COSTSHEETNODEENTITY><COSTSHEETNODEENTITY><ABSORPTIONBASISNODENAME></ABSORPTIONBASISNODENAME><COSTGROUPID></COSTGROUPID><DEFAULTLEDGERDIMENSIONDISPLAYVALUE></DEFAULTLEDGERDIMENSIONDISPLAYVALUE><ESTIMATEDINDIRECTABSORPTIONMAINACCOUNTIDDISPLAYVALUE></ESTIMATEDINDIRECTABSORPTIONMAINACCOUNTIDDISPLAYVALUE><ESTIMATEDINDIRECTABSORPTIONOFFSETMAINACCOUNTIDDISPLAYVALUE></ESTIMATEDINDIRECTABSORPTIONOFFSETMAINACCOUNTIDDISPLAYVALUE><INDIRECTABSORPTIONMAINACCOUNTIDDISPLAYVALUE></INDIRECTABSORPTIONMAINACCOUNTIDDISPLAYVALUE><INDIRECTABSORPTIONOFFSETMAINACCOUNTIDDISPLAYVALUE></INDIRECTABSORPTIONOFFSETMAINACCOUNTIDDISPLAYVALUE><ISCALCULATIONFACTORSPECIFIEDPERITEM>No</ISCALCULATIONFACTORSPECIFIEDPERITEM><ISNODESHOWNASHEADER>Yes</ISNODESHOWNASHEADER><ISNODESHOWNASTOTALLINE>Yes</ISNODESHOWNASTOTALLINE><NODEDESCRIPTION>Fixed Overhead</NODEDESCRIPTION><NODENAME>FIXEDOH</NODENAME><NODETYPE>Total</NODETYPE><PARENTNODENAME>Cost of goods manufactured</PARENTNODENAME><PRICENODESUBTYPE>COGM</PRICENODESUBTYPE><RATENODEABSORPTIONBASISSUBTYPE></RATENODEABSORPTIONBASISSUBTYPE><RATENODESUBTYPE>Undefined</RATENODESUBTYPE><SURCHARGENODEABSORPTIONBASISSUBTYPE></SURCHARGENODEABSORPTIONBASISSUBTYPE><SURCHARGENODESUBTYPE>Undefined</SURCHARGENODESUBTYPE><UNITBASEDNODESUBTYPE>Undefined</UNITBASEDNODESUBTYPE></COSTSHEETNODEENTITY><COSTSHEETNODEENTITY><ABSORPTIONBASISNODENAME></ABSORPTIONBASISNODENAME><COSTGROUPID></COSTGROUPID><DEFAULTLEDGERDIMENSIONDISPLAYVALUE></DEFAULTLEDGERDIMENSIONDISPLAYVALUE><ESTIMATEDINDIRECTABSORPTIONMAINACCOUNTIDDISPLAYVALUE></ESTIMATEDINDIRECTABSORPTIONMAINACCOUNTIDDISPLAYVALUE><ESTIMATEDINDIRECTABSORPTIONOFFSETMAINACCOUNTIDDISPLAYVALUE></ESTIMATEDINDIRECTABSORPTIONOFFSETMAINACCOUNTIDDISPLAYVALUE><INDIRECTABSORPTIONMAINACCOUNTIDDISPLAYVALUE></INDIRECTABSORPTIONMAINACCOUNTIDDISPLAYVALUE><INDIRECTABSORPTIONOFFSETMAINACCOUNTIDDISPLAYVALUE></INDIRECTABSORPTIONOFFSETMAINACCOUNTIDDISPLAYVALUE><ISCALCULATIONFACTORSPECIFIEDPERITEM>No</ISCALCULATIONFACTORSPECIFIEDPERITEM><ISNODESHOWNASHEADER>Yes</ISNODESHOWNASHEADER><ISNODESHOWNASTOTALLINE>Yes</ISNODESHOWNASTOTALLINE><NODEDESCRIPTION>Indirect Labor</NODEDESCRIPTION><NODENAME>INDIRECTLAB</NODENAME><NODETYPE>Total</NODETYPE><PARENTNODENAME>Cost of goods manufactured</PARENTNODENAME><PRICENODESUBTYPE>COGM</PRICENODESUBTYPE><RATENODEABSORPTIONBASISSUBTYPE></RATENODEABSORPTIONBASISSUBTYPE><RATENODESUBTYPE>Undefined</RATENODESUBTYPE><SURCHARGENODEABSORPTIONBASISSUBTYPE></SURCHARGENODEABSORPTIONBASISSUBTYPE><SURCHARGENODESUBTYPE>Undefined</SURCHARGENODESUBTYPE><UNITBASEDNODESUBTYPE>Undefined</UNITBASEDNODESUBTYPE></COSTSHEETNODEENTITY><COSTSHEETNODEENTITY><ABSORPTIONBASISNODENAME></ABSORPTIONBASISNODENAME><COSTGROUPID>INGREDIENT</COSTGROUPID><DEFAULTLEDGERDIMENSIONDISPLAYVALUE></DEFAULTLEDGERDIMENSIONDISPLAYVALUE><ESTIMATEDINDIRECTABSORPTIONMAINACCOUNTIDDISPLAYVALUE></ESTIMATEDINDIRECTABSORPTIONMAINACCOUNTIDDISPLAYVALUE><ESTIMATEDINDIRECTABSORPTIONOFFSETMAINACCOUNTIDDISPLAYVALUE></ESTIMATEDINDIRECTABSORPTIONOFFSETMAINACCOUNTIDDISPLAYVALUE><INDIRECTABSORPTIONMAINACCOUNTIDDISPLAYVALUE></INDIRECTABSORPTIONMAINACCOUNTIDDISPLAYVALUE><INDIRECTABSORPTIONOFFSETMAINACCOUNTIDDISPLAYVALUE></INDIRECTABSORPTIONOFFSETMAINACCOUNTIDDISPLAYVALUE><ISCALCULATIONFACTORSPECIFIEDPERITEM>No</ISCALCULATIONFACTORSPECIFIEDPERITEM><ISNODESHOWNASHEADER>No</ISNODESHOWNASHEADER><ISNODESHOWNASTOTALLINE>No</ISNODESHOWNASTOTALLINE><NODEDESCRIPTION>Total Ingredient Cost</NODEDESCRIPTION><NODENAME>INGREDIENT_COST</NODENAME><NODETYPE>CostGroup</NODETYPE><PARENTNODENAME>INGREDIENTS</PARENTNODENAME><PRICENODESUBTYPE>COGM</PRICENODESUBTYPE><RATENODEABSORPTIONBASISSUBTYPE></RATENODEABSORPTIONBASISSUBTYPE><RATENODESUBTYPE>Undefined</RATENODESUBTYPE><SURCHARGENODEABSORPTIONBASISSUBTYPE></SURCHARGENODEABSORPTIONBASISSUBTYPE><SURCHARGENODESUBTYPE>Undefined</SURCHARGENODESUBTYPE><UNITBASEDNODESUBTYPE>Undefined</UNITBASEDNODESUBTYPE></COSTSHEETNODEENTITY><COSTSHEETNODEENTITY><ABSORPTIONBASISNODENAME></ABSORPTIONBASISNODENAME><COSTGROUPID></COSTGROUPID><DEFAULTLEDGERDIMENSIONDISPLAYVALUE></DEFAULTLEDGERDIMENSIONDISPLAYVALUE><ESTIMATEDINDIRECTABSORPTIONMAINACCOUNTIDDISPLAYVALUE></ESTIMATEDINDIRECTABSORPTIONMAINACCOUNTIDDISPLAYVALUE><ESTIMATEDINDIRECTABSORPTIONOFFSETMAINACCOUNTIDDISPLAYVALUE></ESTIMATEDINDIRECTABSORPTIONOFFSETMAINACCOUNTIDDISPLAYVALUE><INDIRECTABSORPTIONMAINACCOUNTIDDISPLAYVALUE></INDIRECTABSORPTIONMAINACCOUNTIDDISPLAYVALUE><INDIRECTABSORPTIONOFFSETMAINACCOUNTIDDISPLAYVALUE></INDIRECTABSORPTIONOFFSETMAINACCOUNTIDDISPLAYVALUE><ISCALCULATIONFACTORSPECIFIEDPERITEM>No</ISCALCULATIONFACTORSPECIFIEDPERITEM><ISNODESHOWNASHEADER>No</ISNODESHOWNASHEADER><ISNODESHOWNASTOTALLINE>No</ISNODESHOWNASTOTALLINE><NODEDESCRIPTION>Total Ingredients</NODEDESCRIPTION><NODENAME>INGREDIENTS</NODENAME><NODETYPE>Total</NODETYPE><PARENTNODENAME>Cost of goods manufactured</PARENTNODENAME><PRICENODESUBTYPE>COGM</PRICENODESUBTYPE><RATENODEABSORPTIONBASISSUBTYPE></RATENODEABSORPTIONBASISSUBTYPE><RATENODESUBTYPE>Undefined</RATENODESUBTYPE><SURCHARGENODEABSORPTIONBASISSUBTYPE></SURCHARGENODEABSORPTIONBASISSUBTYPE><SURCHARGENODESUBTYPE>Undefined</SURCHARGENODESUBTYPE><UNITBASEDNODESUBTYPE>Undefined</UNITBASEDNODESUBTYPE></COSTSHEETNODEENTITY><COSTSHEETNODEENTITY><ABSORPTIONBASISNODENAME></ABSORPTIONBASISNODENAME><COSTGROUPID></COSTGROUPID><DEFAULTLEDGERDIMENSIONDISPLAYVALUE></DEFAULTLEDGERDIMENSIONDISPLAYVALUE><ESTIMATEDINDIRECTABSORPTIONMAINACCOUNTIDDISPLAYVALUE></ESTIMATEDINDIRECTABSORPTIONMAINACCOUNTIDDISPLAYVALUE><ESTIMATEDINDIRECTABSORPTIONOFFSETMAINACCOUNTIDDISPLAYVALUE></ESTIMATEDINDIRECTABSORPTIONOFFSETMAINACCOUNTIDDISPLAYVALUE><INDIRECTABSORPTIONMAINACCOUNTIDDISPLAYVALUE></INDIRECTABSORPTIONMAINACCOUNTIDDISPLAYVALUE><INDIRECTABSORPTIONOFFSETMAINACCOUNTIDDISPLAYVALUE></INDIRECTABSORPTIONOFFSETMAINACCOUNTIDDISPLAYVALUE><ISCALCULATIONFACTORSPECIFIEDPERITEM>No</ISCALCULATIONFACTORSPECIFIEDPERITEM><ISNODESHOWNASHEADER>Yes</ISNODESHOWNASHEADER><ISNODESHOWNASTOTALLINE>Yes</ISNODESHOWNASTOTALLINE><NODEDESCRIPTION>Total Packaging</NODEDESCRIPTION><NODENAME>PACKAGING</NODENAME><NODETYPE>Total</NODETYPE><PARENTNODENAME>Cost of goods manufactured</PARENTNODENAME><PRICENODESUBTYPE>COGM</PRICENODESUBTYPE><RATENODEABSORPTIONBASISSUBTYPE></RATENODEABSORPTIONBASISSUBTYPE><RATENODESUBTYPE>Undefined</RATENODESUBTYPE><SURCHARGENODEABSORPTIONBASISSUBTYPE></SURCHARGENODEABSORPTIONBASISSUBTYPE><SURCHARGENODESUBTYPE>Undefined</SURCHARGENODESUBTYPE><UNITBASEDNODESUBTYPE>Undefined</UNITBASEDNODESUBTYPE></COSTSHEETNODEENTITY><COSTSHEETNODEENTITY><ABSORPTIONBASISNODENAME></ABSORPTIONBASISNODENAME><COSTGROUPID>PACKAGING</COSTGROUPID><DEFAULTLEDGERDIMENSIONDISPLAYVALUE></DEFAULTLEDGERDIMENSIONDISPLAYVALUE><ESTIMATEDINDIRECTABSORPTIONMAINACCOUNTIDDISPLAYVALUE></ESTIMATEDINDIRECTABSORPTIONMAINACCOUNTIDDISPLAYVALUE><ESTIMATEDINDIRECTABSORPTIONOFFSETMAINACCOUNTIDDISPLAYVALUE></ESTIMATEDINDIRECTABSORPTIONOFFSETMAINACCOUNTIDDISPLAYVALUE><INDIRECTABSORPTIONMAINACCOUNTIDDISPLAYVALUE></INDIRECTABSORPTIONMAINACCOUNTIDDISPLAYVALUE><INDIRECTABSORPTIONOFFSETMAINACCOUNTIDDISPLAYVALUE></INDIRECTABSORPTIONOFFSETMAINACCOUNTIDDISPLAYVALUE><ISCALCULATIONFACTORSPECIFIEDPERITEM>No</ISCALCULATIONFACTORSPECIFIEDPERITEM><ISNODESHOWNASHEADER>No</ISNODESHOWNASHEADER><ISNODESHOWNASTOTALLINE>No</ISNODESHOWNASTOTALLINE><NODEDESCRIPTION>Totl Packaging Cost</NODEDESCRIPTION><NODENAME>PACKAGING_COST</NODENAME><NODETYPE>CostGroup</NODETYPE><PARENTNODENAME>PACKAGING</PARENTNODENAME><PRICENODESUBTYPE>COGM</PRICENODESUBTYPE><RATENODEABSORPTIONBASISSUBTYPE></RATENODEABSORPTIONBASISSUBTYPE><RATENODESUBTYPE>Undefined</RATENODESUBTYPE><SURCHARGENODEABSORPTIONBASISSUBTYPE></SURCHARGENODEABSORPTIONBASISSUBTYPE><SURCHARGENODESUBTYPE>Undefined</SURCHARGENODESUBTYPE><UNITBASEDNODESUBTYPE>Undefined</UNITBASEDNODESUBTYPE></COSTSHEETNODEENTITY><COSTSHEETNODEENTITY><ABSORPTIONBASISNODENAME></ABSORPTIONBASISNODENAME><COSTGROUPID>PRESSING</COSTGROUPID><DEFAULTLEDGERDIMENSIONDISPLAYVALUE></DEFAULTLEDGERDIMENSIONDISPLAYVALUE><ESTIMATEDINDIRECTABSORPTIONMAINACCOUNTIDDISPLAYVALUE></ESTIMATEDINDIRECTABSORPTIONMAINACCOUNTIDDISPLAYVALUE><ESTIMATEDINDIRECTABSORPTIONOFFSETMAINACCOUNTIDDISPLAYVALUE></ESTIMATEDINDIRECTABSORPTIONOFFSETMAINACCOUNTIDDISPLAYVALUE><INDIRECTABSORPTIONMAINACCOUNTIDDISPLAYVALUE></INDIRECTABSORPTIONMAINACCOUNTIDDISPLAYVALUE><INDIRECTABSORPTIONOFFSETMAINACCOUNTIDDISPLAYVALUE></INDIRECTABSORPTIONOFFSETMAINACCOUNTIDDISPLAYVALUE><ISCALCULATIONFACTORSPECIFIEDPERITEM>No</ISCALCULATIONFACTORSPECIFIEDPERITEM><ISNODESHOWNASHEADER>No</ISNODESHOWNASHEADER><ISNODESHOWNASTOTALLINE>No</ISNODESHOWNASTOTALLINE><NODEDESCRIPTION>Total Pressing Cost</NODEDESCRIPTION><NODENAME>PRESSING_COST</NODENAME><NODETYPE>CostGroup</NODETYPE><PARENTNODENAME>DIRECTLAB</PARENTNODENAME><PRICENODESUBTYPE>COGM</PRICENODESUBTYPE><RATENODEABSORPTIONBASISSUBTYPE></RATENODEABSORPTIONBASISSUBTYPE><RATENODESUBTYPE>Undefined</RATENODESUBTYPE><SURCHARGENODEABSORPTIONBASISSUBTYPE></SURCHARGENODEABSORPTIONBASISSUBTYPE><SURCHARGENODESUBTYPE>Undefined</SURCHARGENODESUBTYPE><UNITBASEDNODESUBTYPE>Undefined</UNITBASEDNODESUBTYPE></COSTSHEETNODEENTITY><COSTSHEETNODEENTITY><ABSORPTIONBASISNODENAME></ABSORPTIONBASISNODENAME><COSTGROUPID></COSTGROUPID><DEFAULTLEDGERDIMENSIONDISPLAYVALUE></DEFAULTLEDGERDIMENSIONDISPLAYVALUE><ESTIMATEDINDIRECTABSORPTIONMAINACCOUNTIDDISPLAYVALUE></ESTIMATEDINDIRECTABSORPTIONMAINACCOUNTIDDISPLAYVALUE><ESTIMATEDINDIRECTABSORPTIONOFFSETMAINACCOUNTIDDISPLAYVALUE></ESTIMATEDINDIRECTABSORPTIONOFFSETMAINACCOUNTIDDISPLAYVALUE><INDIRECTABSORPTIONMAINACCOUNTIDDISPLAYVALUE></INDIRECTABSORPTIONMAINACCOUNTIDDISPLAYVALUE><INDIRECTABSORPTIONOFFSETMAINACCOUNTIDDISPLAYVALUE></INDIRECTABSORPTIONOFFSETMAINACCOUNTIDDISPLAYVALUE><ISCALCULATIONFACTORSPECIFIEDPERITEM>No</ISCALCULATIONFACTORSPECIFIEDPERITEM><ISNODESHOWNASHEADER>No</ISNODESHOWNASHEADER><ISNODESHOWNASTOTALLINE>No</ISNODESHOWNASTOTALLINE><NODEDESCRIPTION></NODEDESCRIPTION><NODENAME>Root</NODENAME><NODETYPE>Root</NODETYPE><PARENTNODENAME></PARENTNODENAME><PRICENODESUBTYPE>Undefined</PRICENODESUBTYPE><RATENODEABSORPTIONBASISSUBTYPE></RATENODEABSORPTIONBASISSUBTYPE><RATENODESUBTYPE>Undefined</RATENODESUBTYPE><SURCHARGENODEABSORPTIONBASISSUBTYPE></SURCHARGENODEABSORPTIONBASISSUBTYPE><SURCHARGENODESUBTYPE>Undefined</SURCHARGENODESUBTYPE><UNITBASEDNODESUBTYPE>Undefined</UNITBASEDNODESUBTYPE></COSTSHEETNODEENTITY><COSTSHEETNODEENTITY><ABSORPTIONBASISNODENAME></ABSORPTIONBASISNODENAME><COSTGROUPID>STRAINING</COSTGROUPID><DEFAULTLEDGERDIMENSIONDISPLAYVALUE></DEFAULTLEDGERDIMENSIONDISPLAYVALUE><ESTIMATEDINDIRECTABSORPTIONMAINACCOUNTIDDISPLAYVALUE></ESTIMATEDINDIRECTABSORPTIONMAINACCOUNTIDDISPLAYVALUE><ESTIMATEDINDIRECTABSORPTIONOFFSETMAINACCOUNTIDDISPLAYVALUE></ESTIMATEDINDIRECTABSORPTIONOFFSETMAINACCOUNTIDDISPLAYVALUE><INDIRECTABSORPTIONMAINACCOUNTIDDISPLAYVALUE></INDIRECTABSORPTIONMAINACCOUNTIDDISPLAYVALUE><INDIRECTABSORPTIONOFFSETMAINACCOUNTIDDISPLAYVALUE></INDIRECTABSORPTIONOFFSETMAINACCOUNTIDDISPLAYVALUE><ISCALCULATIONFACTORSPECIFIEDPERITEM>No</ISCALCULATIONFACTORSPECIFIEDPERITEM><ISNODESHOWNASHEADER>No</ISNODESHOWNASHEADER><ISNODESHOWNASTOTALLINE>No</ISNODESHOWNASTOTALLINE><NODEDESCRIPTION>Total Straining Cost</NODEDESCRIPTION><NODENAME>STRAINING_COST</NODENAME><NODETYPE>CostGroup</NODETYPE><PARENTNODENAME>DIRECTLAB</PARENTNODENAME><PRICENODESUBTYPE>COGM</PRICENODESUBTYPE><RATENODEABSORPTIONBASISSUBTYPE></RATENODEABSORPTIONBASISSUBTYPE><RATENODESUBTYPE>Undefined</RATENODESUBTYPE><SURCHARGENODEABSORPTIONBASISSUBTYPE></SURCHARGENODEABSORPTIONBASISSUBTYPE><SURCHARGENODESUBTYPE>Undefined</SURCHARGENODESUBTYPE><UNITBASEDNODESUBTYPE>Undefined</UNITBASEDNODESUBTYPE></COSTSHEETNODEENTITY><COSTSHEETNODEENTITY><ABSORPTIONBASISNODENAME></ABSORPTIONBASISNODENAME><COSTGROUPID></COSTGROUPID><DEFAULTLEDGERDIMENSIONDISPLAYVALUE></DEFAULTLEDGERDIMENSIONDISPLAYVALUE><ESTIMATEDINDIRECTABSORPTIONMAINACCOUNTIDDISPLAYVALUE></ESTIMATEDINDIRECTABSORPTIONMAINACCOUNTIDDISPLAYVALUE><ESTIMATEDINDIRECTABSORPTIONOFFSETMAINACCOUNTIDDISPLAYVALUE></ESTIMATEDINDIRECTABSORPTIONOFFSETMAINACCOUNTIDDISPLAYVALUE><INDIRECTABSORPTIONMAINACCOUNTIDDISPLAYVALUE></INDIRECTABSORPTIONMAINACCOUNTIDDISPLAYVALUE><INDIRECTABSORPTIONOFFSETMAINACCOUNTIDDISPLAYVALUE></INDIRECTABSORPTIONOFFSETMAINACCOUNTIDDISPLAYVALUE><ISCALCULATIONFACTORSPECIFIEDPERITEM>No</ISCALCULATIONFACTORSPECIFIEDPERITEM><ISNODESHOWNASHEADER>Yes</ISNODESHOWNASHEADER><ISNODESHOWNASTOTALLINE>Yes</ISNODESHOWNASTOTALLINE><NODEDESCRIPTION>Variable Overhead</NODEDESCRIPTION><NODENAME>VARIABLEOH</NODENAME><NODETYPE>Total</NODETYPE><PARENTNODENAME>Cost of goods manufactured</PARENTNODENAME><PRICENODESUBTYPE>COGM</PRICENODESUBTYPE><RATENODEABSORPTIONBASISSUBTYPE></RATENODEABSORPTIONBASISSUBTYPE><RATENODESUBTYPE>Undefined</RATENODESUBTYPE><SURCHARGENODEABSORPTIONBASISSUBTYPE></SURCHARGENODEABSORPTIONBASISSUBTYPE><SURCHARGENODESUBTYPE>Undefined</SURCHARGENODESUBTYPE><UNITBASEDNODESUBTYPE>Undefined</UNITBASEDNODESUBTYPE></COSTSHEETNODEENTITY></Document>