﻿<?xml version="1.0" encoding="utf-8"?><Document><REQFORECASTPLANENTITY><BOMORFORMULAEXPLOSIONTIMEFENCEDAYS>730</BOMORFORMULAEXPLOSIONTIMEFENCEDAYS><CAPACITYSCHEDULINGTIMEFENCEDAYS>730</CAPACITYSCHEDULINGTIMEFENCEDAYS><COVERAGETIMEFENCEDAYS>730</COVERAGETIMEFENCEDAYS><FORECASTMODELID>DEFAULT</FORECASTMODELID><FORECASTPLANCALCULATIONSESSIONNUMBERSEQUENCECODE>Mast_8</FORECASTPLANCALCULATIONSESSIONNUMBERSEQUENCECODE><FORECASTPLANDESCRIPTION>Forecast Plan</FORECASTPLANDESCRIPTION><FORECASTPLANID>FORECAST</FORECASTPLANID><FORECASTREQUIREMENTREDUCTIONMETHOD>None</FORECASTREQUIREMENTREDUCTIONMETHOD><ITEMLEADTIMEADDEDREORDERMARGINDAYS>0</ITEMLEADTIMEADDEDREORDERMARGINDAYS><PLANNEDORDERNUMBERSEQUENCECODE>Mast_6</PLANNEDORDERNUMBERSEQUENCECODE><REQUIREMENTDATEADDEDSAFETYRECEIPTMARGINDAYS>0</REQUIREMENTDATEADDEDSAFETYRECEIPTMARGINDAYS><REQUIREMENTDATEDEDUCTEDSAFETYISSUEMARGINDAYS>0</REQUIREMENTDATEDEDUCTEDSAFETYISSUEMARGINDAYS><WILLFORECASTPLANNINGINCLUDEDEMANDFORECAST>No</WILLFORECASTPLANNINGINCLUDEDEMANDFORECAST><WILLFORECASTPLANNINGINCLUDESUPPLYFORECAST>No</WILLFORECASTPLANNINGINCLUDESUPPLYFORECAST><WILLFORECASTPLANNINGSKIPCOVERAGECALCULATIONS>No</WILLFORECASTPLANNINGSKIPCOVERAGECALCULATIONS></REQFORECASTPLANENTITY></Document>