﻿<?xml version="1.0" encoding="utf-8"?><Document><FORECASTMODELENTITY><ARESUFFICIENTPROJECTEXPENSEFUNDSREQUIRED>No</ARESUFFICIENTPROJECTEXPENSEFUNDSREQUIRED><ARESUFFICIENTPROJECTHOURFUNDSREQUIRED>No</ARESUFFICIENTPROJECTHOURFUNDSREQUIRED><ARESUFFICIENTPROJECTITEMFUNDSREQUIRED>No</ARESUFFICIENTPROJECTITEMFUNDSREQUIRED><BUDGETCONTROLTYPE>OriginalBudget</BUDGETCONTROLTYPE><ISCASHFLOWFORECASTGENERATED>No</ISCASHFLOWFORECASTGENERATED><ISFIXEDPRICEPROJECTWIPINCLUDED>No</ISFIXEDPRICEPROJECTWIPINCLUDED><ISINVESTMENTPROJECTWIPINCLUDED>No</ISINVESTMENTPROJECTWIPINCLUDED><ISMODELSTOPPED>Yes</ISMODELSTOPPED><ISPROJECTEXPENSEFORECASTAUTOMATICALLYREDUCED>No</ISPROJECTEXPENSEFORECASTAUTOMATICALLYREDUCED><ISPROJECTHOURFORECASTAUTOMATICALLYREDUCED>No</ISPROJECTHOURFORECASTAUTOMATICALLYREDUCED><ISPROJECTITEMFORECASTAUTOMATICALLYREDUCED>No</ISPROJECTITEMFORECASTAUTOMATICALLYREDUCED><ISTIMEANDMATERIALPROJECTINCLUDED>No</ISTIMEANDMATERIALPROJECTINCLUDED><MODELID>BUDGET</MODELID><MODELNAME>Budget</MODELNAME><WILLPROJECTFORECASTGENERATIONUSEPROJECTDATE>No</WILLPROJECTFORECASTGENERATIONUSEPROJECTDATE></FORECASTMODELENTITY><FORECASTMODELENTITY><ARESUFFICIENTPROJECTEXPENSEFUNDSREQUIRED>No</ARESUFFICIENTPROJECTEXPENSEFUNDSREQUIRED><ARESUFFICIENTPROJECTHOURFUNDSREQUIRED>No</ARESUFFICIENTPROJECTHOURFUNDSREQUIRED><ARESUFFICIENTPROJECTITEMFUNDSREQUIRED>No</ARESUFFICIENTPROJECTITEMFUNDSREQUIRED><BUDGETCONTROLTYPE>CarryForward</BUDGETCONTROLTYPE><ISCASHFLOWFORECASTGENERATED>No</ISCASHFLOWFORECASTGENERATED><ISFIXEDPRICEPROJECTWIPINCLUDED>No</ISFIXEDPRICEPROJECTWIPINCLUDED><ISINVESTMENTPROJECTWIPINCLUDED>No</ISINVESTMENTPROJECTWIPINCLUDED><ISMODELSTOPPED>Yes</ISMODELSTOPPED><ISPROJECTEXPENSEFORECASTAUTOMATICALLYREDUCED>No</ISPROJECTEXPENSEFORECASTAUTOMATICALLYREDUCED><ISPROJECTHOURFORECASTAUTOMATICALLYREDUCED>No</ISPROJECTHOURFORECASTAUTOMATICALLYREDUCED><ISPROJECTITEMFORECASTAUTOMATICALLYREDUCED>No</ISPROJECTITEMFORECASTAUTOMATICALLYREDUCED><ISTIMEANDMATERIALPROJECTINCLUDED>No</ISTIMEANDMATERIALPROJECTINCLUDED><MODELID>CARRYBDGT</MODELID><MODELNAME>Carry Forward Budget</MODELNAME><WILLPROJECTFORECASTGENERATIONUSEPROJECTDATE>No</WILLPROJECTFORECASTGENERATIONUSEPROJECTDATE></FORECASTMODELENTITY><FORECASTMODELENTITY><ARESUFFICIENTPROJECTEXPENSEFUNDSREQUIRED>No</ARESUFFICIENTPROJECTEXPENSEFUNDSREQUIRED><ARESUFFICIENTPROJECTHOURFUNDSREQUIRED>No</ARESUFFICIENTPROJECTHOURFUNDSREQUIRED><ARESUFFICIENTPROJECTITEMFUNDSREQUIRED>No</ARESUFFICIENTPROJECTITEMFUNDSREQUIRED><BUDGETCONTROLTYPE>None</BUDGETCONTROLTYPE><ISCASHFLOWFORECASTGENERATED>No</ISCASHFLOWFORECASTGENERATED><ISFIXEDPRICEPROJECTWIPINCLUDED>No</ISFIXEDPRICEPROJECTWIPINCLUDED><ISINVESTMENTPROJECTWIPINCLUDED>No</ISINVESTMENTPROJECTWIPINCLUDED><ISMODELSTOPPED>No</ISMODELSTOPPED><ISPROJECTEXPENSEFORECASTAUTOMATICALLYREDUCED>No</ISPROJECTEXPENSEFORECASTAUTOMATICALLYREDUCED><ISPROJECTHOURFORECASTAUTOMATICALLYREDUCED>No</ISPROJECTHOURFORECASTAUTOMATICALLYREDUCED><ISPROJECTITEMFORECASTAUTOMATICALLYREDUCED>No</ISPROJECTITEMFORECASTAUTOMATICALLYREDUCED><ISTIMEANDMATERIALPROJECTINCLUDED>No</ISTIMEANDMATERIALPROJECTINCLUDED><MODELID>DEFAULT</MODELID><MODELNAME>Default Forecast</MODELNAME><WILLPROJECTFORECASTGENERATIONUSEPROJECTDATE>No</WILLPROJECTFORECASTGENERATIONUSEPROJECTDATE></FORECASTMODELENTITY><FORECASTMODELENTITY><ARESUFFICIENTPROJECTEXPENSEFUNDSREQUIRED>No</ARESUFFICIENTPROJECTEXPENSEFUNDSREQUIRED><ARESUFFICIENTPROJECTHOURFUNDSREQUIRED>No</ARESUFFICIENTPROJECTHOURFUNDSREQUIRED><ARESUFFICIENTPROJECTITEMFUNDSREQUIRED>No</ARESUFFICIENTPROJECTITEMFUNDSREQUIRED><BUDGETCONTROLTYPE>None</BUDGETCONTROLTYPE><ISCASHFLOWFORECASTGENERATED>No</ISCASHFLOWFORECASTGENERATED><ISFIXEDPRICEPROJECTWIPINCLUDED>No</ISFIXEDPRICEPROJECTWIPINCLUDED><ISINVESTMENTPROJECTWIPINCLUDED>No</ISINVESTMENTPROJECTWIPINCLUDED><ISMODELSTOPPED>No</ISMODELSTOPPED><ISPROJECTEXPENSEFORECASTAUTOMATICALLYREDUCED>No</ISPROJECTEXPENSEFORECASTAUTOMATICALLYREDUCED><ISPROJECTHOURFORECASTAUTOMATICALLYREDUCED>No</ISPROJECTHOURFORECASTAUTOMATICALLYREDUCED><ISPROJECTITEMFORECASTAUTOMATICALLYREDUCED>No</ISPROJECTITEMFORECASTAUTOMATICALLYREDUCED><ISTIMEANDMATERIALPROJECTINCLUDED>No</ISTIMEANDMATERIALPROJECTINCLUDED><MODELID>FORECAST</MODELID><MODELNAME>Forecast</MODELNAME><WILLPROJECTFORECASTGENERATIONUSEPROJECTDATE>No</WILLPROJECTFORECASTGENERATIONUSEPROJECTDATE></FORECASTMODELENTITY><FORECASTMODELENTITY><ARESUFFICIENTPROJECTEXPENSEFUNDSREQUIRED>No</ARESUFFICIENTPROJECTEXPENSEFUNDSREQUIRED><ARESUFFICIENTPROJECTHOURFUNDSREQUIRED>No</ARESUFFICIENTPROJECTHOURFUNDSREQUIRED><ARESUFFICIENTPROJECTITEMFUNDSREQUIRED>No</ARESUFFICIENTPROJECTITEMFUNDSREQUIRED><BUDGETCONTROLTYPE>OriginalBudget</BUDGETCONTROLTYPE><ISCASHFLOWFORECASTGENERATED>No</ISCASHFLOWFORECASTGENERATED><ISFIXEDPRICEPROJECTWIPINCLUDED>No</ISFIXEDPRICEPROJECTWIPINCLUDED><ISINVESTMENTPROJECTWIPINCLUDED>No</ISINVESTMENTPROJECTWIPINCLUDED><ISMODELSTOPPED>Yes</ISMODELSTOPPED><ISPROJECTEXPENSEFORECASTAUTOMATICALLYREDUCED>No</ISPROJECTEXPENSEFORECASTAUTOMATICALLYREDUCED><ISPROJECTHOURFORECASTAUTOMATICALLYREDUCED>No</ISPROJECTHOURFORECASTAUTOMATICALLYREDUCED><ISPROJECTITEMFORECASTAUTOMATICALLYREDUCED>No</ISPROJECTITEMFORECASTAUTOMATICALLYREDUCED><ISTIMEANDMATERIALPROJECTINCLUDED>No</ISTIMEANDMATERIALPROJECTINCLUDED><MODELID>ORIGINAL</MODELID><MODELNAME>Original Budget</MODELNAME><WILLPROJECTFORECASTGENERATIONUSEPROJECTDATE>No</WILLPROJECTFORECASTGENERATIONUSEPROJECTDATE></FORECASTMODELENTITY><FORECASTMODELENTITY><ARESUFFICIENTPROJECTEXPENSEFUNDSREQUIRED>No</ARESUFFICIENTPROJECTEXPENSEFUNDSREQUIRED><ARESUFFICIENTPROJECTHOURFUNDSREQUIRED>No</ARESUFFICIENTPROJECTHOURFUNDSREQUIRED><ARESUFFICIENTPROJECTITEMFUNDSREQUIRED>No</ARESUFFICIENTPROJECTITEMFUNDSREQUIRED><BUDGETCONTROLTYPE>None</BUDGETCONTROLTYPE><ISCASHFLOWFORECASTGENERATED>No</ISCASHFLOWFORECASTGENERATED><ISFIXEDPRICEPROJECTWIPINCLUDED>No</ISFIXEDPRICEPROJECTWIPINCLUDED><ISINVESTMENTPROJECTWIPINCLUDED>No</ISINVESTMENTPROJECTWIPINCLUDED><ISMODELSTOPPED>No</ISMODELSTOPPED><ISPROJECTEXPENSEFORECASTAUTOMATICALLYREDUCED>Yes</ISPROJECTEXPENSEFORECASTAUTOMATICALLYREDUCED><ISPROJECTHOURFORECASTAUTOMATICALLYREDUCED>Yes</ISPROJECTHOURFORECASTAUTOMATICALLYREDUCED><ISPROJECTITEMFORECASTAUTOMATICALLYREDUCED>Yes</ISPROJECTITEMFORECASTAUTOMATICALLYREDUCED><ISTIMEANDMATERIALPROJECTINCLUDED>No</ISTIMEANDMATERIALPROJECTINCLUDED><MODELID>REDUCTION</MODELID><MODELNAME>Reduction Forecast</MODELNAME><WILLPROJECTFORECASTGENERATIONUSEPROJECTDATE>No</WILLPROJECTFORECASTGENERATIONUSEPROJECTDATE></FORECASTMODELENTITY><FORECASTMODELENTITY><ARESUFFICIENTPROJECTEXPENSEFUNDSREQUIRED>No</ARESUFFICIENTPROJECTEXPENSEFUNDSREQUIRED><ARESUFFICIENTPROJECTHOURFUNDSREQUIRED>No</ARESUFFICIENTPROJECTHOURFUNDSREQUIRED><ARESUFFICIENTPROJECTITEMFUNDSREQUIRED>No</ARESUFFICIENTPROJECTITEMFUNDSREQUIRED><BUDGETCONTROLTYPE>RemainingBudget</BUDGETCONTROLTYPE><ISCASHFLOWFORECASTGENERATED>No</ISCASHFLOWFORECASTGENERATED><ISFIXEDPRICEPROJECTWIPINCLUDED>No</ISFIXEDPRICEPROJECTWIPINCLUDED><ISINVESTMENTPROJECTWIPINCLUDED>No</ISINVESTMENTPROJECTWIPINCLUDED><ISMODELSTOPPED>Yes</ISMODELSTOPPED><ISPROJECTEXPENSEFORECASTAUTOMATICALLYREDUCED>No</ISPROJECTEXPENSEFORECASTAUTOMATICALLYREDUCED><ISPROJECTHOURFORECASTAUTOMATICALLYREDUCED>No</ISPROJECTHOURFORECASTAUTOMATICALLYREDUCED><ISPROJECTITEMFORECASTAUTOMATICALLYREDUCED>No</ISPROJECTITEMFORECASTAUTOMATICALLYREDUCED><ISTIMEANDMATERIALPROJECTINCLUDED>No</ISTIMEANDMATERIALPROJECTINCLUDED><MODELID>REMAINBDGT</MODELID><MODELNAME>Remaining Budget</MODELNAME><WILLPROJECTFORECASTGENERATIONUSEPROJECTDATE>No</WILLPROJECTFORECASTGENERATIONUSEPROJECTDATE></FORECASTMODELENTITY><FORECASTMODELENTITY><ARESUFFICIENTPROJECTEXPENSEFUNDSREQUIRED>No</ARESUFFICIENTPROJECTEXPENSEFUNDSREQUIRED><ARESUFFICIENTPROJECTHOURFUNDSREQUIRED>No</ARESUFFICIENTPROJECTHOURFUNDSREQUIRED><ARESUFFICIENTPROJECTITEMFUNDSREQUIRED>No</ARESUFFICIENTPROJECTITEMFUNDSREQUIRED><BUDGETCONTROLTYPE>RemainingBudget</BUDGETCONTROLTYPE><ISCASHFLOWFORECASTGENERATED>No</ISCASHFLOWFORECASTGENERATED><ISFIXEDPRICEPROJECTWIPINCLUDED>No</ISFIXEDPRICEPROJECTWIPINCLUDED><ISINVESTMENTPROJECTWIPINCLUDED>No</ISINVESTMENTPROJECTWIPINCLUDED><ISMODELSTOPPED>Yes</ISMODELSTOPPED><ISPROJECTEXPENSEFORECASTAUTOMATICALLYREDUCED>No</ISPROJECTEXPENSEFORECASTAUTOMATICALLYREDUCED><ISPROJECTHOURFORECASTAUTOMATICALLYREDUCED>No</ISPROJECTHOURFORECASTAUTOMATICALLYREDUCED><ISPROJECTITEMFORECASTAUTOMATICALLYREDUCED>No</ISPROJECTITEMFORECASTAUTOMATICALLYREDUCED><ISTIMEANDMATERIALPROJECTINCLUDED>No</ISTIMEANDMATERIALPROJECTINCLUDED><MODELID>REMAINING</MODELID><MODELNAME>Remaining Budget</MODELNAME><WILLPROJECTFORECASTGENERATIONUSEPROJECTDATE>No</WILLPROJECTFORECASTGENERATIONUSEPROJECTDATE></FORECASTMODELENTITY><FORECASTMODELENTITY><ARESUFFICIENTPROJECTEXPENSEFUNDSREQUIRED>No</ARESUFFICIENTPROJECTEXPENSEFUNDSREQUIRED><ARESUFFICIENTPROJECTHOURFUNDSREQUIRED>No</ARESUFFICIENTPROJECTHOURFUNDSREQUIRED><ARESUFFICIENTPROJECTITEMFUNDSREQUIRED>No</ARESUFFICIENTPROJECTITEMFUNDSREQUIRED><BUDGETCONTROLTYPE>None</BUDGETCONTROLTYPE><ISCASHFLOWFORECASTGENERATED>No</ISCASHFLOWFORECASTGENERATED><ISFIXEDPRICEPROJECTWIPINCLUDED>No</ISFIXEDPRICEPROJECTWIPINCLUDED><ISINVESTMENTPROJECTWIPINCLUDED>No</ISINVESTMENTPROJECTWIPINCLUDED><ISMODELSTOPPED>No</ISMODELSTOPPED><ISPROJECTEXPENSEFORECASTAUTOMATICALLYREDUCED>No</ISPROJECTEXPENSEFORECASTAUTOMATICALLYREDUCED><ISPROJECTHOURFORECASTAUTOMATICALLYREDUCED>No</ISPROJECTHOURFORECASTAUTOMATICALLYREDUCED><ISPROJECTITEMFORECASTAUTOMATICALLYREDUCED>No</ISPROJECTITEMFORECASTAUTOMATICALLYREDUCED><ISTIMEANDMATERIALPROJECTINCLUDED>No</ISTIMEANDMATERIALPROJECTINCLUDED><MODELID>TOTAL</MODELID><MODELNAME>Total</MODELNAME><WILLPROJECTFORECASTGENERATIONUSEPROJECTDATE>No</WILLPROJECTFORECASTGENERATIONUSEPROJECTDATE></FORECASTMODELENTITY></Document>