﻿<?xml version="1.0" encoding="utf-8"?><Document><PMFFORMULALINEV2ENTITY><CATCHWEIGHTQUANTITY>0.000000</CATCHWEIGHTQUANTITY><CONSTANTSCRAPQUANTITY>0.000000</CONSTANTSCRAPQUANTITY><CONSUMPTIONCALCULATIONCONSTANT>0.000000</CONSUMPTIONCALCULATIONCONSTANT><CONSUMPTIONCALCULATIONMETHOD>Formula0</CONSUMPTIONCALCULATIONMETHOD><CONSUMPTIONSITEID>WD</CONSUMPTIONSITEID><CONSUMPTIONTYPE>Variable</CONSUMPTIONTYPE><CONSUMPTIONWAREHOUSEID>WH-PROD</CONSUMPTIONWAREHOUSEID><FLUSHINGPRINCIPLE>Blank</FLUSHINGPRINCIPLE><FORMULAID>POTIONTRUTHSERUM</FORMULAID><FORMULAQUANTITYPERCENTAGE>0.000000</FORMULAQUANTITYPERCENTAGE><ISCONSUMEDATOPERATIONCOMPLETE>No</ISCONSUMEDATOPERATIONCOMPLETE><ISPERCENTAGECONTROLLED>No</ISPERCENTAGECONTROLLED><ISRESOURCECONSUMPTIONUSED>false</ISRESOURCECONSUMPTIONUSED><ISSCALABLE>No</ISSCALABLE><ITEMNUMBER>NETTLE</ITEMNUMBER><LINECREATIONSEQUENCENUMBER>1</LINECREATIONSEQUENCENUMBER><LINENUMBER>1.0000000000000000</LINENUMBER><LINETYPE>Item</LINETYPE><PHYSICALPRODUCTDENSITY>0.000000</PHYSICALPRODUCTDENSITY><PHYSICALPRODUCTDEPTH>0.000000</PHYSICALPRODUCTDEPTH><PHYSICALPRODUCTHEIGHT>0.000000</PHYSICALPRODUCTHEIGHT><PHYSICALPRODUCTWIDTH>0.000000</PHYSICALPRODUCTWIDTH><POSITIONNUMBER></POSITIONNUMBER><PRODUCTCOLORID></PRODUCTCOLORID><PRODUCTCONFIGURATIONID></PRODUCTCONFIGURATIONID><PRODUCTSIZEID></PRODUCTSIZEID><PRODUCTSTYLEID></PRODUCTSTYLEID><PRODUCTUNITSYMBOL>oz</PRODUCTUNITSYMBOL><PRODUCTVERSIONID></PRODUCTVERSIONID><QUANTITY>1.000000</QUANTITY><QUANTITYDENOMINATOR>1.000000</QUANTITYDENOMINATOR><QUANTITYROUNDINGUPMULTIPLES>0.000000</QUANTITYROUNDINGUPMULTIPLES><ROUNDINGUPMETHOD>No</ROUNDINGUPMETHOD><ROUTEOPERATIONNUMBER>10</ROUTEOPERATIONNUMBER><SUBBOMID></SUBBOMID><SUBROUTEID></SUBROUTEID><SUBSTITUTIONGROUPID></SUBSTITUTIONGROUPID><SUBSTITUTIONPRIORITY>0</SUBSTITUTIONPRIORITY><VALIDFROMDATE>1900-01-01T00:00:00</VALIDFROMDATE><VALIDTODATE>1900-01-01T00:00:00</VALIDTODATE><VARIABLESCRAPPERCENTAGE>0.000000</VARIABLESCRAPPERCENTAGE><VENDORACCOUNTNUMBER></VENDORACCOUNTNUMBER><WAREHOUSEBOMRELEASERESERVATIONREQUIREMENTRULE>AllowPartialReservation</WAREHOUSEBOMRELEASERESERVATIONREQUIREMENTRULE><WILLCOSTCALCULATIONINCLUDELINE>Yes</WILLCOSTCALCULATIONINCLUDELINE><WILLMANUFACTUREDITEMINHERITBATCHATTRIBUTES>No</WILLMANUFACTUREDITEMINHERITBATCHATTRIBUTES><WILLMANUFACTUREDITEMINHERITSHELFLIFEDATES>No</WILLMANUFACTUREDITEMINHERITSHELFLIFEDATES></PMFFORMULALINEV2ENTITY><PMFFORMULALINEV2ENTITY><CATCHWEIGHTQUANTITY>0.000000</CATCHWEIGHTQUANTITY><CONSTANTSCRAPQUANTITY>0.000000</CONSTANTSCRAPQUANTITY><CONSUMPTIONCALCULATIONCONSTANT>0.000000</CONSUMPTIONCALCULATIONCONSTANT><CONSUMPTIONCALCULATIONMETHOD>Formula0</CONSUMPTIONCALCULATIONMETHOD><CONSUMPTIONSITEID>WD</CONSUMPTIONSITEID><CONSUMPTIONTYPE>Variable</CONSUMPTIONTYPE><CONSUMPTIONWAREHOUSEID>WH-PROD</CONSUMPTIONWAREHOUSEID><FLUSHINGPRINCIPLE>Blank</FLUSHINGPRINCIPLE><FORMULAID>POTIONTRUTHSERUM</FORMULAID><FORMULAQUANTITYPERCENTAGE>0.000000</FORMULAQUANTITYPERCENTAGE><ISCONSUMEDATOPERATIONCOMPLETE>No</ISCONSUMEDATOPERATIONCOMPLETE><ISPERCENTAGECONTROLLED>No</ISPERCENTAGECONTROLLED><ISRESOURCECONSUMPTIONUSED>false</ISRESOURCECONSUMPTIONUSED><ISSCALABLE>No</ISSCALABLE><ITEMNUMBER>SNAKEFANG</ITEMNUMBER><LINECREATIONSEQUENCENUMBER>2</LINECREATIONSEQUENCENUMBER><LINENUMBER>2.0000000000000000</LINENUMBER><LINETYPE>Item</LINETYPE><PHYSICALPRODUCTDENSITY>0.000000</PHYSICALPRODUCTDENSITY><PHYSICALPRODUCTDEPTH>0.000000</PHYSICALPRODUCTDEPTH><PHYSICALPRODUCTHEIGHT>0.000000</PHYSICALPRODUCTHEIGHT><PHYSICALPRODUCTWIDTH>0.000000</PHYSICALPRODUCTWIDTH><POSITIONNUMBER></POSITIONNUMBER><PRODUCTCOLORID></PRODUCTCOLORID><PRODUCTCONFIGURATIONID></PRODUCTCONFIGURATIONID><PRODUCTSIZEID></PRODUCTSIZEID><PRODUCTSTYLEID></PRODUCTSTYLEID><PRODUCTUNITSYMBOL>oz</PRODUCTUNITSYMBOL><PRODUCTVERSIONID></PRODUCTVERSIONID><QUANTITY>0.500000</QUANTITY><QUANTITYDENOMINATOR>1.000000</QUANTITYDENOMINATOR><QUANTITYROUNDINGUPMULTIPLES>0.000000</QUANTITYROUNDINGUPMULTIPLES><ROUNDINGUPMETHOD>No</ROUNDINGUPMETHOD><ROUTEOPERATIONNUMBER>10</ROUTEOPERATIONNUMBER><SUBBOMID></SUBBOMID><SUBROUTEID></SUBROUTEID><SUBSTITUTIONGROUPID></SUBSTITUTIONGROUPID><SUBSTITUTIONPRIORITY>0</SUBSTITUTIONPRIORITY><VALIDFROMDATE>1900-01-01T00:00:00</VALIDFROMDATE><VALIDTODATE>1900-01-01T00:00:00</VALIDTODATE><VARIABLESCRAPPERCENTAGE>0.000000</VARIABLESCRAPPERCENTAGE><VENDORACCOUNTNUMBER></VENDORACCOUNTNUMBER><WAREHOUSEBOMRELEASERESERVATIONREQUIREMENTRULE>AllowPartialReservation</WAREHOUSEBOMRELEASERESERVATIONREQUIREMENTRULE><WILLCOSTCALCULATIONINCLUDELINE>Yes</WILLCOSTCALCULATIONINCLUDELINE><WILLMANUFACTUREDITEMINHERITBATCHATTRIBUTES>No</WILLMANUFACTUREDITEMINHERITBATCHATTRIBUTES><WILLMANUFACTUREDITEMINHERITSHELFLIFEDATES>No</WILLMANUFACTUREDITEMINHERITSHELFLIFEDATES></PMFFORMULALINEV2ENTITY><PMFFORMULALINEV2ENTITY><CATCHWEIGHTQUANTITY>0.000000</CATCHWEIGHTQUANTITY><CONSTANTSCRAPQUANTITY>0.000000</CONSTANTSCRAPQUANTITY><CONSUMPTIONCALCULATIONCONSTANT>0.000000</CONSUMPTIONCALCULATIONCONSTANT><CONSUMPTIONCALCULATIONMETHOD>Formula0</CONSUMPTIONCALCULATIONMETHOD><CONSUMPTIONSITEID>WD</CONSUMPTIONSITEID><CONSUMPTIONTYPE>Variable</CONSUMPTIONTYPE><CONSUMPTIONWAREHOUSEID>WH-PROD</CONSUMPTIONWAREHOUSEID><FLUSHINGPRINCIPLE>Blank</FLUSHINGPRINCIPLE><FORMULAID>POTIONTRUTHSERUM</FORMULAID><FORMULAQUANTITYPERCENTAGE>0.000000</FORMULAQUANTITYPERCENTAGE><ISCONSUMEDATOPERATIONCOMPLETE>No</ISCONSUMEDATOPERATIONCOMPLETE><ISPERCENTAGECONTROLLED>No</ISPERCENTAGECONTROLLED><ISRESOURCECONSUMPTIONUSED>false</ISRESOURCECONSUMPTIONUSED><ISSCALABLE>No</ISSCALABLE><ITEMNUMBER>SLUGHORNED</ITEMNUMBER><LINECREATIONSEQUENCENUMBER>3</LINECREATIONSEQUENCENUMBER><LINENUMBER>3.0000000000000000</LINENUMBER><LINETYPE>Item</LINETYPE><PHYSICALPRODUCTDENSITY>0.000000</PHYSICALPRODUCTDENSITY><PHYSICALPRODUCTDEPTH>0.000000</PHYSICALPRODUCTDEPTH><PHYSICALPRODUCTHEIGHT>0.000000</PHYSICALPRODUCTHEIGHT><PHYSICALPRODUCTWIDTH>0.000000</PHYSICALPRODUCTWIDTH><POSITIONNUMBER></POSITIONNUMBER><PRODUCTCOLORID></PRODUCTCOLORID><PRODUCTCONFIGURATIONID></PRODUCTCONFIGURATIONID><PRODUCTSIZEID></PRODUCTSIZEID><PRODUCTSTYLEID></PRODUCTSTYLEID><PRODUCTUNITSYMBOL>oz</PRODUCTUNITSYMBOL><PRODUCTVERSIONID></PRODUCTVERSIONID><QUANTITY>3.000000</QUANTITY><QUANTITYDENOMINATOR>1.000000</QUANTITYDENOMINATOR><QUANTITYROUNDINGUPMULTIPLES>0.000000</QUANTITYROUNDINGUPMULTIPLES><ROUNDINGUPMETHOD>No</ROUNDINGUPMETHOD><ROUTEOPERATIONNUMBER>20</ROUTEOPERATIONNUMBER><SUBBOMID></SUBBOMID><SUBROUTEID></SUBROUTEID><SUBSTITUTIONGROUPID></SUBSTITUTIONGROUPID><SUBSTITUTIONPRIORITY>0</SUBSTITUTIONPRIORITY><VALIDFROMDATE>1900-01-01T00:00:00</VALIDFROMDATE><VALIDTODATE>1900-01-01T00:00:00</VALIDTODATE><VARIABLESCRAPPERCENTAGE>0.000000</VARIABLESCRAPPERCENTAGE><VENDORACCOUNTNUMBER></VENDORACCOUNTNUMBER><WAREHOUSEBOMRELEASERESERVATIONREQUIREMENTRULE>AllowPartialReservation</WAREHOUSEBOMRELEASERESERVATIONREQUIREMENTRULE><WILLCOSTCALCULATIONINCLUDELINE>Yes</WILLCOSTCALCULATIONINCLUDELINE><WILLMANUFACTUREDITEMINHERITBATCHATTRIBUTES>No</WILLMANUFACTUREDITEMINHERITBATCHATTRIBUTES><WILLMANUFACTUREDITEMINHERITSHELFLIFEDATES>No</WILLMANUFACTUREDITEMINHERITSHELFLIFEDATES></PMFFORMULALINEV2ENTITY><PMFFORMULALINEV2ENTITY><CATCHWEIGHTQUANTITY>0.000000</CATCHWEIGHTQUANTITY><CONSTANTSCRAPQUANTITY>0.000000</CONSTANTSCRAPQUANTITY><CONSUMPTIONCALCULATIONCONSTANT>0.000000</CONSUMPTIONCALCULATIONCONSTANT><CONSUMPTIONCALCULATIONMETHOD>Formula0</CONSUMPTIONCALCULATIONMETHOD><CONSUMPTIONSITEID>WD</CONSUMPTIONSITEID><CONSUMPTIONTYPE>Variable</CONSUMPTIONTYPE><CONSUMPTIONWAREHOUSEID>WH-PROD</CONSUMPTIONWAREHOUSEID><FLUSHINGPRINCIPLE>Blank</FLUSHINGPRINCIPLE><FORMULAID>POTIONTRUTHSERUM</FORMULAID><FORMULAQUANTITYPERCENTAGE>0.000000</FORMULAQUANTITYPERCENTAGE><ISCONSUMEDATOPERATIONCOMPLETE>No</ISCONSUMEDATOPERATIONCOMPLETE><ISPERCENTAGECONTROLLED>No</ISPERCENTAGECONTROLLED><ISRESOURCECONSUMPTIONUSED>false</ISRESOURCECONSUMPTIONUSED><ISSCALABLE>No</ISSCALABLE><ITEMNUMBER>QUILLPROCUPINE</ITEMNUMBER><LINECREATIONSEQUENCENUMBER>4</LINECREATIONSEQUENCENUMBER><LINENUMBER>4.0000000000000000</LINENUMBER><LINETYPE>Item</LINETYPE><PHYSICALPRODUCTDENSITY>0.000000</PHYSICALPRODUCTDENSITY><PHYSICALPRODUCTDEPTH>0.000000</PHYSICALPRODUCTDEPTH><PHYSICALPRODUCTHEIGHT>0.000000</PHYSICALPRODUCTHEIGHT><PHYSICALPRODUCTWIDTH>0.000000</PHYSICALPRODUCTWIDTH><POSITIONNUMBER></POSITIONNUMBER><PRODUCTCOLORID></PRODUCTCOLORID><PRODUCTCONFIGURATIONID></PRODUCTCONFIGURATIONID><PRODUCTSIZEID></PRODUCTSIZEID><PRODUCTSTYLEID></PRODUCTSTYLEID><PRODUCTUNITSYMBOL>oz</PRODUCTUNITSYMBOL><PRODUCTVERSIONID></PRODUCTVERSIONID><QUANTITY>1.000000</QUANTITY><QUANTITYDENOMINATOR>1.000000</QUANTITYDENOMINATOR><QUANTITYROUNDINGUPMULTIPLES>0.000000</QUANTITYROUNDINGUPMULTIPLES><ROUNDINGUPMETHOD>No</ROUNDINGUPMETHOD><ROUTEOPERATIONNUMBER>10</ROUTEOPERATIONNUMBER><SUBBOMID></SUBBOMID><SUBROUTEID></SUBROUTEID><SUBSTITUTIONGROUPID></SUBSTITUTIONGROUPID><SUBSTITUTIONPRIORITY>0</SUBSTITUTIONPRIORITY><VALIDFROMDATE>1900-01-01T00:00:00</VALIDFROMDATE><VALIDTODATE>1900-01-01T00:00:00</VALIDTODATE><VARIABLESCRAPPERCENTAGE>0.000000</VARIABLESCRAPPERCENTAGE><VENDORACCOUNTNUMBER></VENDORACCOUNTNUMBER><WAREHOUSEBOMRELEASERESERVATIONREQUIREMENTRULE>AllowPartialReservation</WAREHOUSEBOMRELEASERESERVATIONREQUIREMENTRULE><WILLCOSTCALCULATIONINCLUDELINE>Yes</WILLCOSTCALCULATIONINCLUDELINE><WILLMANUFACTUREDITEMINHERITBATCHATTRIBUTES>No</WILLMANUFACTUREDITEMINHERITBATCHATTRIBUTES><WILLMANUFACTUREDITEMINHERITSHELFLIFEDATES>No</WILLMANUFACTUREDITEMINHERITSHELFLIFEDATES></PMFFORMULALINEV2ENTITY></Document>