﻿<?xml version="1.0" encoding="utf-8"?><Document><PMFFORMULACOPRODUCTV2ENTITY><CATCHWEIGHTQUANTITY /><CONSUMPTIONSITEID /><CONSUMPTIONWAREHOUSEID /><COSTALLOCATIONMETHOD /><COSTALLOCATIONPERCENTAGE /><ENGINEERINGCOPRODUCTREFERENCE /><FORMULAID /><ISVERSIONACTIVE /><ITEMNUMBER /><LINENUMBER /><PRODUCTCOLORID /><PRODUCTCONFIGURATIONID /><PRODUCTSIZEID /><PRODUCTSTYLEID /><PRODUCTVERSIONID /><QUANTITY /><QUANTITYDENOMINATOR /><QUANTITYROUNDINGUPMULTIPLES /><ROUNDINGUPMETHOD /><VERSIONFROMQUANTITY /><VERSIONMANUFACTUREDITEMNUMBER /><VERSIONPRODUCTCOLORID /><VERSIONPRODUCTCONFIGURATIONID /><VERSIONPRODUCTIONSITEID /><VERSIONPRODUCTSIZEID /><VERSIONPRODUCTSTYLEID /><VERSIONPRODUCTVERSIONID /><VERSIONVALIDFROMDATE /></PMFFORMULACOPRODUCTV2ENTITY></Document>