﻿<?xml version="1.0" encoding="utf-8"?><Document><PMFITEMSPECIFICFORMULAHEADERV3ENTITY><APPROVERPERSONNELNUMBER></APPROVERPERSONNELNUMBER><BULKITEMNUMBER></BULKITEMNUMBER><CHANGEDDATE>1900-01-01T00:00:00</CHANGEDDATE><DISPLAYPRODUCTNUMBER></DISPLAYPRODUCTNUMBER><ENGCHGENGINEERINGFORMULAREFERENCE>66F9A474-7A35-49FB-8863-AD10F2D8A3A4</ENGCHGENGINEERINGFORMULAREFERENCE><ENGINEERINGVERSIONID></ENGINEERINGVERSIONID><FORMULABATCHSIZE>1.000000</FORMULABATCHSIZE><FORMULABATCHSIZEMULTIPLES>0.000000</FORMULABATCHSIZEMULTIPLES><FORMULAID>POTIONTRUTHSERUM</FORMULAID><FORMULANAME>Potion, Truth Serum</FORMULANAME><FROMCATCHWEIGHTQUANTITY>0.000000</FROMCATCHWEIGHTQUANTITY><FROMQUANTITY>1.000000</FROMQUANTITY><ISACTIVE>No</ISACTIVE><ISAPPROVED>No</ISAPPROVED><ISCOPRODUCTQUANTITYVARIATIONALLOWED>No</ISCOPRODUCTQUANTITYVARIATIONALLOWED><ISTOTALCOSTALLOCATIONUSED>No</ISTOTALCOSTALLOCATIONUSED><MANUFACTUREDITEMNUMBER>POTIONTRUTHSERUM</MANUFACTUREDITEMNUMBER><PRODUCTCOLORID></PRODUCTCOLORID><PRODUCTCONFIGURATIONID></PRODUCTCONFIGURATIONID><PRODUCTIONSITEID>WD</PRODUCTIONSITEID><PRODUCTSIZEID></PRODUCTSIZEID><PRODUCTSTYLEID></PRODUCTSTYLEID><PRODUCTVERSIONID></PRODUCTVERSIONID><VALIDFROMDATE>1900-01-01T00:00:00</VALIDFROMDATE><WILLCOSTCALCULATIONINCLUDEVERSION>Yes</WILLCOSTCALCULATIONINCLUDEVERSION><YIELDPERCENTAGE>100.000000</YIELDPERCENTAGE></PMFITEMSPECIFICFORMULAHEADERV3ENTITY></Document>