﻿<?xml version="1.0" encoding="utf-8"?><Document><PMFFORMULABYPRODUCTV2ENTITY><BURDENALLOCATIONAMOUNT /><BURDENALLOCATIONMETHOD /><CATCHWEIGHTQUANTITY /><CONSUMPTIONSITEID /><CONSUMPTIONWAREHOUSEID /><ENGINEERINGBYPRODUCTREFERENCE /><FORMULAID /><ISVERSIONACTIVE /><ITEMNUMBER /><LINENUMBER /><PRODUCTCOLORID /><PRODUCTCONFIGURATIONID /><PRODUCTSIZEID /><PRODUCTSTYLEID /><PRODUCTVERSIONID /><QUANTITY /><QUANTITYDENOMINATOR /><QUANTITYROUNDINGUPMULTIPLES /><ROUNDINGUPMETHOD /><VERSIONFROMQUANTITY /><VERSIONMANUFACTUREDITEMNUMBER /><VERSIONPRODUCTCOLORID /><VERSIONPRODUCTCONFIGURATIONID /><VERSIONPRODUCTIONSITEID /><VERSIONPRODUCTSIZEID /><VERSIONPRODUCTSTYLEID /><VERSIONPRODUCTVERSIONID /><VERSIONVALIDFROMDATE /></PMFFORMULABYPRODUCTV2ENTITY></Document>