﻿<?xml version="1.0" encoding="utf-8"?><Document><PMFFORMULAVERSIONDOCUMENTATTACHMENTENTITY><DOCUMENTID /><ACCESSRESTRICTION /><ATTACHMENTDESCRIPTION /><DOCUMENTATTACHMENTTYPECODE /><FILENAME /><FILETYPE /><FORMULAID /><FORMULAVERSIONFROMQUANTITY /><FORMULAVERSIONMANUFACTUREDITEMNUMBER /><FORMULAVERSIONPRODUCTCOLORID /><FORMULAVERSIONPRODUCTCONFIGURATIONID /><FORMULAVERSIONPRODUCTIONSITEID /><FORMULAVERSIONPRODUCTSIZEID /><FORMULAVERSIONPRODUCTSTYLEID /><FORMULAVERSIONPRODUCTVERSIONID /><FORMULAVERSIONVALIDFROMDATE /><ISDEFAULTATTACHMENT /><ISFORMULAVERSIONACTIVE /><NOTES /><AttachmentFileName /></PMFFORMULAVERSIONDOCUMENTATTACHMENTENTITY></Document>