﻿<?xml version="1.0" encoding="utf-8"?><Document><TMSFREIGHTBILLTYPEDETAILENTITY><FIELDSEQUENCENUMBER>1</FIELDSEQUENCENUMBER><FREIGHTBILLDETAILFIELDDESCRIPTION>Billing group ID</FREIGHTBILLDETAILFIELDDESCRIPTION><FREIGHTBILLLINEFIELDNAME>BillingGroupId</FREIGHTBILLLINEFIELDNAME><FREIGHTBILLTYPEID>TL</FREIGHTBILLTYPEID><ISMATCHINGREQUIRED>Yes</ISMATCHINGREQUIRED></TMSFREIGHTBILLTYPEDETAILENTITY><TMSFREIGHTBILLTYPEDETAILENTITY><FIELDSEQUENCENUMBER>2</FIELDSEQUENCENUMBER><FREIGHTBILLDETAILFIELDDESCRIPTION>External code</FREIGHTBILLDETAILFIELDDESCRIPTION><FREIGHTBILLLINEFIELDNAME>ExternalCode</FREIGHTBILLLINEFIELDNAME><FREIGHTBILLTYPEID>TL</FREIGHTBILLTYPEID><ISMATCHINGREQUIRED>No</ISMATCHINGREQUIRED></TMSFREIGHTBILLTYPEDETAILENTITY></Document>