﻿<?xml version="1.0" encoding="utf-8"?><Document><TMSFREIGHTBILLMATCHINGAUDITTOLERANCELEVELEXCEPTIONENTITY><FREIGHTBILLMATCHINGAUDITTOLERANCELEVELID /><MAXIMUMAUDITTOLERANCEAMOUNT /><MAXIMUMAUDITTOLERANCEPERCENTAGE /><MAXIMUMAUDITTOLERANCEUNITTYPE /><MINIMUMAUDITTOLERANCEAMOUNT /><MINIMUMAUDITTOLERANCEPERCENTAGE /><MINIMUMAUDITTOLERANCEUNITTYPE /><SHIPPINGCARRIERACCESSORIALCHARGEID /><TRANSPORTATIONBILLINGGROUPID /><TRANSPORTATIONHUBACCESSORIALCHARGEID /></TMSFREIGHTBILLMATCHINGAUDITTOLERANCELEVELEXCEPTIONENTITY></Document>