﻿<?xml version="1.0" encoding="utf-8"?><Document><TMSFREIGHTBILLMATCHINGAUDITTOLERANCELEVELENTITY><FREIGHTBILLTYPEID /><MAXIMUMAUDITTOLERANCEAMOUNT /><MAXIMUMAUDITTOLERANCEPERCENTAGE /><MAXIMUMAUDITTOLERANCEUNITTYPE /><MINIMUMAUDITTOLERANCEAMOUNT /><MINIMUMAUDITTOLERANCEPERCENTAGE /><MINIMUMAUDITTOLERANCEUNITTYPE /><OPERATIONALSITEID /><OVERPAYMENTFREIGHTBILLRECONCILLIATIONREASONCODE /><SHIPPINGCARRIERID /><TOLERANCELEVELID /><TOLERANCESEQUENCENUMBER /><UNDERPAYMENTFREIGHTBILLRECONCILLIATIONREASONCODE /><WAREHOUSEID /></TMSFREIGHTBILLMATCHINGAUDITTOLERANCELEVELENTITY></Document>