﻿<?xml version="1.0" encoding="utf-8"?><Document><WHSINVENTORYADJUSTMENTTYPEENTITY><DEFAULTCOUNTINGREASONCODE></DEFAULTCOUNTINGREASONCODE><INVENTCOUNTINGJOURNALNAMEID>ICNT</INVENTCOUNTINGJOURNALNAMEID><RESERVATIONREMOVALSTRATEGY>CurrentSourceDocumentFirst</RESERVATIONREMOVALSTRATEGY><TYPEDESCRIPTION>Adjust In</TYPEDESCRIPTION><TYPEID>ADJUSTIN</TYPEID><WILLINVENTORYADJUSTMENTREMOVERESERVATIONS>No</WILLINVENTORYADJUSTMENTREMOVERESERVATIONS></WHSINVENTORYADJUSTMENTTYPEENTITY><WHSINVENTORYADJUSTMENTTYPEENTITY><DEFAULTCOUNTINGREASONCODE></DEFAULTCOUNTINGREASONCODE><INVENTCOUNTINGJOURNALNAMEID>ICNT</INVENTCOUNTINGJOURNALNAMEID><RESERVATIONREMOVALSTRATEGY>CurrentSourceDocumentFirst</RESERVATIONREMOVALSTRATEGY><TYPEDESCRIPTION>Adjust Out</TYPEDESCRIPTION><TYPEID>AJUSTOUT</TYPEID><WILLINVENTORYADJUSTMENTREMOVERESERVATIONS>No</WILLINVENTORYADJUSTMENTREMOVERESERVATIONS></WHSINVENTORYADJUSTMENTTYPEENTITY><WHSINVENTORYADJUSTMENTTYPEENTITY><DEFAULTCOUNTINGREASONCODE></DEFAULTCOUNTINGREASONCODE><INVENTCOUNTINGJOURNALNAMEID>ICNT</INVENTCOUNTINGJOURNALNAMEID><RESERVATIONREMOVALSTRATEGY>CurrentSourceDocumentFirst</RESERVATIONREMOVALSTRATEGY><TYPEDESCRIPTION>Cycle Count</TYPEDESCRIPTION><TYPEID>COUNT</TYPEID><WILLINVENTORYADJUSTMENTREMOVERESERVATIONS>No</WILLINVENTORYADJUSTMENTREMOVERESERVATIONS></WHSINVENTORYADJUSTMENTTYPEENTITY></Document>