﻿<?xml version="1.0" encoding="utf-8"?><Document><PDSITEMBATCHATTRIBUTEGROUPATTRIBUTEASSIGNMENTENTITY><DECIMALTOLERANCEINCREMENT /><INTEGERTOLERANCEINCREMENT /><ITEMBATCHATTRIBUTEGROUPID /><ITEMBATCHATTRIBUTEID /><MAXIMUMDECIMALTOLERANCE /><MAXIMUMINTEGERTOLERANCE /><MINIMUMDECIMALTOLERANCE /><MINIMUMINTEGERTOLERANCE /><OPTIMALDATE /><OPTIMALDECIMAL /><OPTIMALENUMERATE /><OPTIMALINTEGER /><OPTIMALTEXT /><TOLERANCEFAILINGACTION /></PDSITEMBATCHATTRIBUTEGROUPATTRIBUTEASSIGNMENTENTITY></Document>