﻿<?xml version="1.0" encoding="utf-8"?><Document><JMGJOBCARDTERMINALACTIONPANECONTROLCONFIGURATIONENTITY><BUTTONFUNCTION>Blank</BUTTONFUNCTION><CONTROLLABEL>Manage Activities</CONTROLLABEL><CONTROLSEQUENCENUMBER>1</CONTROLSEQUENCENUMBER><CONTROLTYPE>Tab</CONTROLTYPE><JOBCARDTERMINALACTIONPANECONFIGURATIONID>Production</JOBCARDTERMINALACTIONPANECONFIGURATIONID></JMGJOBCARDTERMINALACTIONPANECONTROLCONFIGURATIONENTITY><JMGJOBCARDTERMINALACTIONPANECONTROLCONFIGURATIONENTITY><BUTTONFUNCTION>Blank</BUTTONFUNCTION><CONTROLLABEL>Job list</CONTROLLABEL><CONTROLSEQUENCENUMBER>2</CONTROLSEQUENCENUMBER><CONTROLTYPE>ButtonGroup</CONTROLTYPE><JOBCARDTERMINALACTIONPANECONFIGURATIONID>Production</JOBCARDTERMINALACTIONPANECONFIGURATIONID></JMGJOBCARDTERMINALACTIONPANECONTROLCONFIGURATIONENTITY><JMGJOBCARDTERMINALACTIONPANECONTROLCONFIGURATIONENTITY><BUTTONFUNCTION>Approve</BUTTONFUNCTION><CONTROLLABEL></CONTROLLABEL><CONTROLSEQUENCENUMBER>3</CONTROLSEQUENCENUMBER><CONTROLTYPE>Button</CONTROLTYPE><JOBCARDTERMINALACTIONPANECONFIGURATIONID>Production</JOBCARDTERMINALACTIONPANECONFIGURATIONID></JMGJOBCARDTERMINALACTIONPANECONTROLCONFIGURATIONENTITY></Document>