﻿<?xml version="1.0" encoding="utf-8"?><Document><JMGJOBCARDTERMINALCONFIGURATIONENTITY><CONFIGURATIONID>PRODUCTION</CONFIGURATIONID><CURRENTACTIVITIESFACTBOXDISPLAYMODE>Hidden</CURRENTACTIVITIESFACTBOXDISPLAYMODE><ISACTUALREGISTRATIONTIMEUSED>No</ISACTUALREGISTRATIONTIMEUSED><ISBARCODESCANNERPRIMARYINPUTDEVICE>No</ISBARCODESCANNERPRIMARYINPUTDEVICE><ISWORKERIDFIELDDISABLED>No</ISWORKERIDFIELDDISABLED><JOBCARDTERMINALACTIONPANECONFIGURATIONID>Production</JOBCARDTERMINALACTIONPANECONFIGURATIONID><JOBCARDTERMINALINDIRECTACTIVITESGRIDCONFIGURATIONID></JOBCARDTERMINALINDIRECTACTIVITESGRIDCONFIGURATIONID><JOBCARDTERMINALPRODUCTIONGRIDCONFIGURATIONID>PRODUCTION</JOBCARDTERMINALPRODUCTIONGRIDCONFIGURATIONID><JOBCARDTERMINALPROJECTGRIDCONFIGURATIONID></JOBCARDTERMINALPROJECTGRIDCONFIGURATIONID><JOBSTATUSFACTBOXDISPLAYMODE>Hidden</JOBSTATUSFACTBOXDISPLAYMODE><MESSAGESFACTBOXDISPLAYMODE>Hidden</MESSAGESFACTBOXDISPLAYMODE><MUSTWORKERSPECIFYPRODUCTIONAREABEFOREREGISTRATION>No</MUSTWORKERSPECIFYPRODUCTIONAREABEFOREREGISTRATION><PREVIEWPANEDISPLAYMODE>Hidden</PREVIEWPANEDISPLAYMODE><SIGNINSTARTPAGE>None</SIGNINSTARTPAGE><WILLCLOCKOUTPROMPTWORKERFORQUANTITY>No</WILLCLOCKOUTPROMPTWORKERFORQUANTITY><WILLREGISTRATIONFORMVALIDATESCHEDULEDJOBLIST>No</WILLREGISTRATIONFORMVALIDATESCHEDULEDJOBLIST></JMGJOBCARDTERMINALCONFIGURATIONENTITY></Document>