﻿<?xml version="1.0" encoding="utf-8"?><Document><WHSLOADTEMPLATEENTITY><ISLOADFLOORSTACKED>No</ISLOADFLOORSTACKED><ISLOADSPLITSHIPCONFIRMALLOWED>No</ISLOADSPLITSHIPCONFIRMALLOWED><LOADDEPTH>240.000000</LOADDEPTH><LOADHEIGHT>120.000000</LOADHEIGHT><LOADWIDTH>100.000000</LOADWIDTH><MAXIMUMFREIGHTPIECES>0</MAXIMUMFREIGHTPIECES><MAXIMUMGROSSWEIGHT>0.000000000000</MAXIMUMGROSSWEIGHT><MAXIMUMLOADVOLUME>2880000.000000</MAXIMUMLOADVOLUME><MAXIMUMLOADWEIGHT>15000.000000000000</MAXIMUMLOADWEIGHT><MAXIMUMQUANTITY>0.000000</MAXIMUMQUANTITY><MAXIMUMQUANTITYUNITSYMBOL></MAXIMUMQUANTITYUNITSYMBOL><TEMPLATEID><![CDATA[20' Container]]></TEMPLATEID><WAREHOUSEEQUIPMENTCODE></WAREHOUSEEQUIPMENTCODE></WHSLOADTEMPLATEENTITY><WHSLOADTEMPLATEENTITY><ISLOADFLOORSTACKED>No</ISLOADFLOORSTACKED><ISLOADSPLITSHIPCONFIRMALLOWED>No</ISLOADSPLITSHIPCONFIRMALLOWED><LOADDEPTH>480.000000</LOADDEPTH><LOADHEIGHT>120.000000</LOADHEIGHT><LOADWIDTH>100.000000</LOADWIDTH><MAXIMUMFREIGHTPIECES>0</MAXIMUMFREIGHTPIECES><MAXIMUMGROSSWEIGHT>0.000000000000</MAXIMUMGROSSWEIGHT><MAXIMUMLOADVOLUME>5760000.000000</MAXIMUMLOADVOLUME><MAXIMUMLOADWEIGHT>20000.000000000000</MAXIMUMLOADWEIGHT><MAXIMUMQUANTITY>0.000000</MAXIMUMQUANTITY><MAXIMUMQUANTITYUNITSYMBOL></MAXIMUMQUANTITYUNITSYMBOL><TEMPLATEID><![CDATA[40' Container]]></TEMPLATEID><WAREHOUSEEQUIPMENTCODE></WAREHOUSEEQUIPMENTCODE></WHSLOADTEMPLATEENTITY><WHSLOADTEMPLATEENTITY><ISLOADFLOORSTACKED>No</ISLOADFLOORSTACKED><ISLOADSPLITSHIPCONFIRMALLOWED>No</ISLOADSPLITSHIPCONFIRMALLOWED><LOADDEPTH>2.000000</LOADDEPTH><LOADHEIGHT>3.000000</LOADHEIGHT><LOADWIDTH>2.000000</LOADWIDTH><MAXIMUMFREIGHTPIECES>0</MAXIMUMFREIGHTPIECES><MAXIMUMGROSSWEIGHT>0.000000000000</MAXIMUMGROSSWEIGHT><MAXIMUMLOADVOLUME>14.000000</MAXIMUMLOADVOLUME><MAXIMUMLOADWEIGHT>0.000000000000</MAXIMUMLOADWEIGHT><MAXIMUMQUANTITY>0.000000</MAXIMUMQUANTITY><MAXIMUMQUANTITYUNITSYMBOL></MAXIMUMQUANTITYUNITSYMBOL><TEMPLATEID>Barrel</TEMPLATEID><WAREHOUSEEQUIPMENTCODE></WAREHOUSEEQUIPMENTCODE></WHSLOADTEMPLATEENTITY><WHSLOADTEMPLATEENTITY><ISLOADFLOORSTACKED>No</ISLOADFLOORSTACKED><ISLOADSPLITSHIPCONFIRMALLOWED>No</ISLOADSPLITSHIPCONFIRMALLOWED><LOADDEPTH>4.000000</LOADDEPTH><LOADHEIGHT>3.000000</LOADHEIGHT><LOADWIDTH>2.500000</LOADWIDTH><MAXIMUMFREIGHTPIECES>0</MAXIMUMFREIGHTPIECES><MAXIMUMGROSSWEIGHT>0.000000000000</MAXIMUMGROSSWEIGHT><MAXIMUMLOADVOLUME>30.000000</MAXIMUMLOADVOLUME><MAXIMUMLOADWEIGHT>0.000000000000</MAXIMUMLOADWEIGHT><MAXIMUMQUANTITY>0.000000</MAXIMUMQUANTITY><MAXIMUMQUANTITYUNITSYMBOL></MAXIMUMQUANTITYUNITSYMBOL><TEMPLATEID>Chest</TEMPLATEID><WAREHOUSEEQUIPMENTCODE></WAREHOUSEEQUIPMENTCODE></WHSLOADTEMPLATEENTITY><WHSLOADTEMPLATEENTITY><ISLOADFLOORSTACKED>No</ISLOADFLOORSTACKED><ISLOADSPLITSHIPCONFIRMALLOWED>No</ISLOADSPLITSHIPCONFIRMALLOWED><LOADDEPTH>5.000000</LOADDEPTH><LOADHEIGHT>4.000000</LOADHEIGHT><LOADWIDTH>5.000000</LOADWIDTH><MAXIMUMFREIGHTPIECES>0</MAXIMUMFREIGHTPIECES><MAXIMUMGROSSWEIGHT>0.000000000000</MAXIMUMGROSSWEIGHT><MAXIMUMLOADVOLUME>100.000000</MAXIMUMLOADVOLUME><MAXIMUMLOADWEIGHT>0.000000000000</MAXIMUMLOADWEIGHT><MAXIMUMQUANTITY>0.000000</MAXIMUMQUANTITY><MAXIMUMQUANTITYUNITSYMBOL></MAXIMUMQUANTITYUNITSYMBOL><TEMPLATEID>Crate</TEMPLATEID><WAREHOUSEEQUIPMENTCODE></WAREHOUSEEQUIPMENTCODE></WHSLOADTEMPLATEENTITY></Document>