﻿<?xml version="1.0" encoding="utf-8"?><Document><JMGMANUFACTURINGEXECUTIONPRODUCTIONORDERDEFAULTSENTITY><AREASSISTANTSASSIGNEDSECONDARYOPERATIONS /><AREPIECEWORKPRODUCTIONORDERSSPECIFIEDSEPARATELY /><BUNDLEDJOBSTIMEALLOCATIONMETHOD /><DEFAULTOPERATIONFEEDBACKPICKINGLISTPRODUCTIONJOURNALNAMEID /><DEFAULTOPERATIONFEEDBACKROUTECARDJOURNALNAMEID /><DEFAULTPRODUCTIONSTARTPICKINGLISTPRODUCTIONJOURNALNAMEID /><DEFAULTPRODUCTIONSTARTROUTECARDPRODUCTIONJOURNALNAMEID /><DEFAULTREPORTASFINISHEDPICKINGLISTPRODUCTIONJOURNALNAMEID /><DEFAULTREPORTASFINISHEDPRODUCTIONJOURNALNAMEID /><DEFAULTREPORTASFINISHEDROUTECARDPRODUCTIONJOURNALNAMEID /><ISOPERATIONFEEDBACKQUANTITYVALIDATED /><ISOVERLAPJOBREGISTRATIONALLOWED /><ISPROCESSJOBREGISTRATIONALLOWED /><ISPRODUCTIONSTARTQUANTITYVALIDATED /><ISQUEUEAFTERJOBREGISTRATIONALLOWED /><ISQUEUEBEFOREJOBREGISTRATIONALLOWED /><ISREPORTASFINISHEDJOBFINALBYDEFAULT /><ISREPORTASFINISHEDUSINGPRODUCTIONORDERDEFAULTS /><ISSETUPJOBREGISTRATIONALLOWED /><ISTRANSPORTJOBREGISTRATIONALLOWED /><MAXIMUMACCEPTEDOPERATIONFEEDBACKSHORTAGEDEVIATIONPERCENTAGE /><MAXIMUMACCEPTEDOPERATIONFEEDBACKSURPLUSDEVIATIONPERCENTAGE /><MAXIMUMREPORTASFINISHEDQUANTITY /><OPERATIONFEEDBACKAUTOMATICBOMCONSUMPTIONRULE /><OPERATIONFEEDBACKQUANTITYVALIDATIONMETHOD /><PARAMETERUSAGELEVEL /><PIECEWORKRATECALCULATIONFORMULA /><PRODUCTIONORDERSCHEDULINGGRANULARITY /><PRODUCTIONPICKINGLISTJOURNALLINEGROUPINGMETHOD /><PRODUCTIONREGISTRATIONLEDGERDIMENSIONSELECTIONRULE /><PRODUCTIONSTARTAUTOMATICBOMCONSUMPTIONRULE /><PRODUCTIONSTARTAUTOMATICROUTECONSUMPTIONRULE /><PRODUCTIONSTARTMAXIMUMACCEPTEDQUANTITYDEVIATIONPERCENTAGE /><PRODUCTIONSTARTPRODUCTIONORDERUPDATEMETHOD /><PRODUCTIONSTARTQUANTITYVALIDATIONMETHOD /><REPORTASFINISHEDAUTOMATICBOMCONSUMPTIONRULE /><REPORTASFINISHEDAUTOMATICROUTECONSUMPTIONRULE /><REPORTASFINISHEDPRODUCTIONORDERUPDATEMETHOD /><TIMEJOBCARDPRODUCTIONJOURNALNAMEID /><WILLCOSTCALCULATIONUSEROUTECOSTCATEGORY /><WILLOPERATIONFEEDBACKACCEPTSHORTAGEDEVIATION /><WILLOPERATIONFEEDBACKACCEPTSURPLUSDEVIATION /><WILLOPERATIONFEEDBACKAUTOMATICALLYPOSTPICKINGLIST /><WILLOPERATIONFEEDBACKOPENPICKINGLISTJOURNAL /><WILLOPERATIONFEEDBACKPOSTROUTECARDJOURNAL /><WILLPRODUCTIONPICKINGLISTPOSTINGALLOWNEGATIVEINVENTORY /><WILLPRODUCTIONPICKINGLISTPOSTINGREDUCETOAVAILABLEQUANTITY /><WILLPRODUCTIONPICKINGLISTPOSTINGUPDATEBOMITEMSFINISHEDPICKINGSTATUS /><WILLPRODUCTIONSTARTACCEPTQUANTITYDEVIATION /><WILLPRODUCTIONSTARTAUTOMATICALLYPOSTPICKINGLIST /><WILLPRODUCTIONSTARTAUTOMATICALLYPOSTROUTECARD /><WILLPRODUCTIONSTARTCREATEPICKINGLISTJOURNALWITHENDMARKEDOPERATIONS /><WILLPRODUCTIONSTARTCREATEROUTECARDJOURNALWITHENDMARKEDLINES /><WILLPRODUCTIONSTARTOPENPICKINGLISTJOURNALS /><WILLPRODUCTIONSTARTSTARTREFERENCEDPRODUCTIONORDERS /><WILLPRODUCTIONSTARTUPDATESTARTEDQUANTITY /><WILLPRODUCTIONSTARTUSEPRODUCTIONORDERDEFAULTS /><WILLREGISTRATIONTRANSFERAUTOMATIALLYPOSTTIMEJOBCARDJOURNAL /><WILLREPORTASFINISHEDCREATEPICKINGLISTJOURNALWITHENDMARKEDOPERATIONS /><WILLREPORTASFINISHEDCREATEROUTECARDJOURNALWITHENDMARKEDLINES /><WILLREPORTASFINISHEDPOSTINGACCEPTQUANTITYERROR /></JMGMANUFACTURINGEXECUTIONPRODUCTIONORDERDEFAULTSENTITY></Document>