﻿<?xml version="1.0" encoding="utf-8"?><Document><REQMASTERPLANENTITY><ACTIONTIMEFENCEDAYS>100</ACTIONTIMEFENCEDAYS><APPROVEDREQUISITIONTIMEFENCEDAYS>0</APPROVEDREQUISITIONTIMEFENCEDAYS><AUTOMATICFIRMINGTIMEFENCEDAYS>0</AUTOMATICFIRMINGTIMEFENCEDAYS><BACKWARDSCHEDULINGCAPACITYTIMEFENCEDAYS>0</BACKWARDSCHEDULINGCAPACITYTIMEFENCEDAYS><BOMORFORMULAEXPLOSIONTIMEFENCEDAYS>100</BOMORFORMULAEXPLOSIONTIMEFENCEDAYS><BOTTLENECKRESOURCEFINITECAPACITYSCHEDULINGTIMEFENCEDAYS>0</BOTTLENECKRESOURCEFINITECAPACITYSCHEDULINGTIMEFENCEDAYS><CALCULATEDELAYTIMEFENCEDAYS>100</CALCULATEDELAYTIMEFENCEDAYS><CAPACITYSCHEDULINGTIMEFENCEDAYS>100</CAPACITYSCHEDULINGTIMEFENCEDAYS><CONTINUITYPLANID></CONTINUITYPLANID><CONTINUITYPLANTIMEFENCEDAYS>0</CONTINUITYPLANTIMEFENCEDAYS><COVERAGETIMEFENCEDAYS>100</COVERAGETIMEFENCEDAYS><FINITECAPACITYSCHDEDULINGTIMEFENCEDAYS>0</FINITECAPACITYSCHDEDULINGTIMEFENCEDAYS><FORECASTDEMANDPLANTIMEFENCEDAYS>100</FORECASTDEMANDPLANTIMEFENCEDAYS><FORECASTMODELID>DEFAULT</FORECASTMODELID><FORECASTREQUIREMENTREDUCTIONMETHOD>None</FORECASTREQUIREMENTREDUCTIONMETHOD><FREEZETIMEFENCEDAYS>0</FREEZETIMEFENCEDAYS><ISACTIONTIMEFENCEOVERRIDDEN>No</ISACTIONTIMEFENCEOVERRIDDEN><ISAPPROVEDREQUISITIONSTIMEFENCEOVERRIDDEN>No</ISAPPROVEDREQUISITIONSTIMEFENCEOVERRIDDEN><ISAUTOMATICFIRMINGTIMEFENCEOVERRIDDEN>Yes</ISAUTOMATICFIRMINGTIMEFENCEOVERRIDDEN><ISBOMORFORMULAEXPLOSIONTIMEFENCEOVERRIDDEN>No</ISBOMORFORMULAEXPLOSIONTIMEFENCEOVERRIDDEN><ISCALCULATEDDAYSTIMEFENCEOVERRIDDEN>No</ISCALCULATEDDAYSTIMEFENCEOVERRIDDEN><ISCAPACITYTIMEFENCEOVERRIDDEN>No</ISCAPACITYTIMEFENCEOVERRIDDEN><ISCONTINUITYPLANTIMEFENCEENABLED>No</ISCONTINUITYPLANTIMEFENCEENABLED><ISCOVERAGETIMEFENCEOVERRIDDEN>No</ISCOVERAGETIMEFENCEOVERRIDDEN><ISFORECASTDEMANDPLANTIMEFENCEOVERRIDDEN>No</ISFORECASTDEMANDPLANTIMEFENCEOVERRIDDEN><ISFREEZETIMEFENCEOVERRIDDEN>Yes</ISFREEZETIMEFENCEOVERRIDDEN><ISMAXNEGATIVEDAYSTIMEFENCEOVERRIDDEN>No</ISMAXNEGATIVEDAYSTIMEFENCEOVERRIDDEN><ISONHANDCONSUMPTIONSTRATEGYENABLED>No</ISONHANDCONSUMPTIONSTRATEGYENABLED><ITEMLEADTIMEADDEDREORDERMARGINDAYS>0</ITEMLEADTIMEADDEDREORDERMARGINDAYS><MASTERPLANCALCULATIONSESSIONNUMBERSEQUENCECODE>Mast_4</MASTERPLANCALCULATIONSESSIONNUMBERSEQUENCECODE><MASTERPLANDESCRIPTION>Dynamic Plan</MASTERPLANDESCRIPTION><MASTERPLANID>DYNAMIC</MASTERPLANID><MAXNEGATIVEDAYSTIMEFENCE>0</MAXNEGATIVEDAYSTIMEFENCE><MPSAUTOFIRMORDERSFORPLANWITHERRORS>No</MPSAUTOFIRMORDERSFORPLANWITHERRORS><MUSTUSELATESTPOSSIBLESUPPLYFIRST>No</MUSTUSELATESTPOSSIBLESUPPLYFIRST><ONHANDCONSUMPTIONSTRATEGY>BeforeAllOtherSupply</ONHANDCONSUMPTIONSTRATEGY><PLANNEDORDERNUMBERSEQUENCECODE>Mast_2</PLANNEDORDERNUMBERSEQUENCECODE><PLANNEDPRODUCTIONORDERSCHEDULINGMETHOD>OperationScheduling</PLANNEDPRODUCTIONORDERSCHEDULINGMETHOD><PLANNEDPRODUCTIONORDERSEQUENCINGBUCKETTYPE>Period</PLANNEDPRODUCTIONORDERSEQUENCINGBUCKETTYPE><PLANNEDPRODUCTIONORDERSEQUENCINGCAMPAIGNCYCLEBUCKETCOUNT>0</PLANNEDPRODUCTIONORDERSEQUENCINGCAMPAIGNCYCLEBUCKETCOUNT><PLANNEDPRODUCTIONORDERSEQUENCINGPERIODTYPE>Day</PLANNEDPRODUCTIONORDERSEQUENCINGPERIODTYPE><PLANNEDPRODUCTIONORDERSEQUENCINGTIMEFENCEDAYS>0</PLANNEDPRODUCTIONORDERSEQUENCINGTIMEFENCEDAYS><QUOTATIONPROBABILITYPERCENTAGETHRESHOLD>0</QUOTATIONPROBABILITYPERCENTAGETHRESHOLD><REQUIREMENTDATEADDEDSAFETYRECEIPTMARGINDAYS>0</REQUIREMENTDATEADDEDSAFETYRECEIPTMARGINDAYS><REQUIREMENTDATEDEDUCTEDSAFETYISSUEMARGINDAYS>0</REQUIREMENTDATEDEDUCTEDSAFETYISSUEMARGINDAYS><WILLACTIONMESSAGEGENERATIONUSEPLANNEDPURCHASEORDERREQUIREMENTDATEASPOSTPONEDDATE>No</WILLACTIONMESSAGEGENERATIONUSEPLANNEDPURCHASEORDERREQUIREMENTDATEASPOSTPONEDDATE><WILLCAPACITYSCHEDULINGCONSIDERALREADYRESERVEDCAPACITY>No</WILLCAPACITYSCHEDULINGCONSIDERALREADYRESERVEDCAPACITY><WILLCAPACITYSCHEDULINGCONSIDERBOTTLENECKRESOURCESASFINITE>No</WILLCAPACITYSCHEDULINGCONSIDERBOTTLENECKRESOURCESASFINITE><WILLCAPACITYSCHEDULINGUSERESOURCEPROPERTIES>No</WILLCAPACITYSCHEDULINGUSERESOURCEPROPERTIES><WILLMASTERPLANNINGADDCALCULATEDDELAYTOPLANNEDKANBANREQUIREMENTDATE>No</WILLMASTERPLANNINGADDCALCULATEDDELAYTOPLANNEDKANBANREQUIREMENTDATE><WILLMASTERPLANNINGADDCALCULATEDDELAYTOPLANNEDPRODUCTIONORDERREQUIREMENTDATE>No</WILLMASTERPLANNINGADDCALCULATEDDELAYTOPLANNEDPRODUCTIONORDERREQUIREMENTDATE><WILLMASTERPLANNINGADDCALCULATEDDELAYTOPLANNEDPURCHASEORDERREQUIREMENTDATE>No</WILLMASTERPLANNINGADDCALCULATEDDELAYTOPLANNEDPURCHASEORDERREQUIREMENTDATE><WILLMASTERPLANNINGADDCALCULATEDDELAYTOPLANNEDTRANSFERORDERREQUIREMENTDATE>No</WILLMASTERPLANNINGADDCALCULATEDDELAYTOPLANNEDTRANSFERORDERREQUIREMENTDATE><WILLMASTERPLANNINGCONSIDERSHELFLIFEDATES>No</WILLMASTERPLANNINGCONSIDERSHELFLIFEDATES><WILLMASTERPLANNINGINCLUDECONTINUITYPLAN>No</WILLMASTERPLANNINGINCLUDECONTINUITYPLAN><WILLMASTERPLANNINGINCLUDEDEMANDFORECAST>No</WILLMASTERPLANNINGINCLUDEDEMANDFORECAST><WILLMASTERPLANNINGINCLUDEDOWNSTREAMDEMAND>No</WILLMASTERPLANNINGINCLUDEDOWNSTREAMDEMAND><WILLMASTERPLANNINGINCLUDEEXPECTEDINVENTORYTRANSACTIONS>Yes</WILLMASTERPLANNINGINCLUDEEXPECTEDINVENTORYTRANSACTIONS><WILLMASTERPLANNINGINCLUDEONHAND>Yes</WILLMASTERPLANNINGINCLUDEONHAND><WILLMASTERPLANNINGINCLUDEPURCHASEREQUISITIONS>No</WILLMASTERPLANNINGINCLUDEPURCHASEREQUISITIONS><WILLMASTERPLANNINGINCLUDEQUOTATIONS>No</WILLMASTERPLANNINGINCLUDEQUOTATIONS><WILLMASTERPLANNINGINCLUDERFQS>No</WILLMASTERPLANNINGINCLUDERFQS><WILLMASTERPLANNINGINCLUDESUPPLYFORECAST>No</WILLMASTERPLANNINGINCLUDESUPPLYFORECAST><WILLMASTERPLANNINGSEQUENCEPLANNEDORDERS>No</WILLMASTERPLANNINGSEQUENCEPLANNEDORDERS><WILLMASTERPLANNINGSUGGESTFUTUREPLANNEDORDERDATESONLY>Yes</WILLMASTERPLANNINGSUGGESTFUTUREPLANNEDORDERDATESONLY></REQMASTERPLANENTITY><REQMASTERPLANENTITY><ACTIONTIMEFENCEDAYS>100</ACTIONTIMEFENCEDAYS><APPROVEDREQUISITIONTIMEFENCEDAYS>0</APPROVEDREQUISITIONTIMEFENCEDAYS><AUTOMATICFIRMINGTIMEFENCEDAYS>0</AUTOMATICFIRMINGTIMEFENCEDAYS><BACKWARDSCHEDULINGCAPACITYTIMEFENCEDAYS>0</BACKWARDSCHEDULINGCAPACITYTIMEFENCEDAYS><BOMORFORMULAEXPLOSIONTIMEFENCEDAYS>100</BOMORFORMULAEXPLOSIONTIMEFENCEDAYS><BOTTLENECKRESOURCEFINITECAPACITYSCHEDULINGTIMEFENCEDAYS>0</BOTTLENECKRESOURCEFINITECAPACITYSCHEDULINGTIMEFENCEDAYS><CALCULATEDELAYTIMEFENCEDAYS>100</CALCULATEDELAYTIMEFENCEDAYS><CAPACITYSCHEDULINGTIMEFENCEDAYS>100</CAPACITYSCHEDULINGTIMEFENCEDAYS><CONTINUITYPLANID></CONTINUITYPLANID><CONTINUITYPLANTIMEFENCEDAYS>0</CONTINUITYPLANTIMEFENCEDAYS><COVERAGETIMEFENCEDAYS>100</COVERAGETIMEFENCEDAYS><FINITECAPACITYSCHDEDULINGTIMEFENCEDAYS>0</FINITECAPACITYSCHDEDULINGTIMEFENCEDAYS><FORECASTDEMANDPLANTIMEFENCEDAYS>100</FORECASTDEMANDPLANTIMEFENCEDAYS><FORECASTMODELID></FORECASTMODELID><FORECASTREQUIREMENTREDUCTIONMETHOD>None</FORECASTREQUIREMENTREDUCTIONMETHOD><FREEZETIMEFENCEDAYS>0</FREEZETIMEFENCEDAYS><ISACTIONTIMEFENCEOVERRIDDEN>No</ISACTIONTIMEFENCEOVERRIDDEN><ISAPPROVEDREQUISITIONSTIMEFENCEOVERRIDDEN>No</ISAPPROVEDREQUISITIONSTIMEFENCEOVERRIDDEN><ISAUTOMATICFIRMINGTIMEFENCEOVERRIDDEN>Yes</ISAUTOMATICFIRMINGTIMEFENCEOVERRIDDEN><ISBOMORFORMULAEXPLOSIONTIMEFENCEOVERRIDDEN>No</ISBOMORFORMULAEXPLOSIONTIMEFENCEOVERRIDDEN><ISCALCULATEDDAYSTIMEFENCEOVERRIDDEN>No</ISCALCULATEDDAYSTIMEFENCEOVERRIDDEN><ISCAPACITYTIMEFENCEOVERRIDDEN>No</ISCAPACITYTIMEFENCEOVERRIDDEN><ISCONTINUITYPLANTIMEFENCEENABLED>No</ISCONTINUITYPLANTIMEFENCEENABLED><ISCOVERAGETIMEFENCEOVERRIDDEN>No</ISCOVERAGETIMEFENCEOVERRIDDEN><ISFORECASTDEMANDPLANTIMEFENCEOVERRIDDEN>No</ISFORECASTDEMANDPLANTIMEFENCEOVERRIDDEN><ISFREEZETIMEFENCEOVERRIDDEN>Yes</ISFREEZETIMEFENCEOVERRIDDEN><ISMAXNEGATIVEDAYSTIMEFENCEOVERRIDDEN>No</ISMAXNEGATIVEDAYSTIMEFENCEOVERRIDDEN><ISONHANDCONSUMPTIONSTRATEGYENABLED>No</ISONHANDCONSUMPTIONSTRATEGYENABLED><ITEMLEADTIMEADDEDREORDERMARGINDAYS>0</ITEMLEADTIMEADDEDREORDERMARGINDAYS><MASTERPLANCALCULATIONSESSIONNUMBERSEQUENCECODE>Mast_4</MASTERPLANCALCULATIONSESSIONNUMBERSEQUENCECODE><MASTERPLANDESCRIPTION>Master Plan</MASTERPLANDESCRIPTION><MASTERPLANID>MASTER</MASTERPLANID><MAXNEGATIVEDAYSTIMEFENCE>0</MAXNEGATIVEDAYSTIMEFENCE><MPSAUTOFIRMORDERSFORPLANWITHERRORS>No</MPSAUTOFIRMORDERSFORPLANWITHERRORS><MUSTUSELATESTPOSSIBLESUPPLYFIRST>No</MUSTUSELATESTPOSSIBLESUPPLYFIRST><ONHANDCONSUMPTIONSTRATEGY>BeforeAllOtherSupply</ONHANDCONSUMPTIONSTRATEGY><PLANNEDORDERNUMBERSEQUENCECODE>Mast_2</PLANNEDORDERNUMBERSEQUENCECODE><PLANNEDPRODUCTIONORDERSCHEDULINGMETHOD>OperationScheduling</PLANNEDPRODUCTIONORDERSCHEDULINGMETHOD><PLANNEDPRODUCTIONORDERSEQUENCINGBUCKETTYPE>Period</PLANNEDPRODUCTIONORDERSEQUENCINGBUCKETTYPE><PLANNEDPRODUCTIONORDERSEQUENCINGCAMPAIGNCYCLEBUCKETCOUNT>0</PLANNEDPRODUCTIONORDERSEQUENCINGCAMPAIGNCYCLEBUCKETCOUNT><PLANNEDPRODUCTIONORDERSEQUENCINGPERIODTYPE>Day</PLANNEDPRODUCTIONORDERSEQUENCINGPERIODTYPE><PLANNEDPRODUCTIONORDERSEQUENCINGTIMEFENCEDAYS>0</PLANNEDPRODUCTIONORDERSEQUENCINGTIMEFENCEDAYS><QUOTATIONPROBABILITYPERCENTAGETHRESHOLD>0</QUOTATIONPROBABILITYPERCENTAGETHRESHOLD><REQUIREMENTDATEADDEDSAFETYRECEIPTMARGINDAYS>0</REQUIREMENTDATEADDEDSAFETYRECEIPTMARGINDAYS><REQUIREMENTDATEDEDUCTEDSAFETYISSUEMARGINDAYS>0</REQUIREMENTDATEDEDUCTEDSAFETYISSUEMARGINDAYS><WILLACTIONMESSAGEGENERATIONUSEPLANNEDPURCHASEORDERREQUIREMENTDATEASPOSTPONEDDATE>No</WILLACTIONMESSAGEGENERATIONUSEPLANNEDPURCHASEORDERREQUIREMENTDATEASPOSTPONEDDATE><WILLCAPACITYSCHEDULINGCONSIDERALREADYRESERVEDCAPACITY>No</WILLCAPACITYSCHEDULINGCONSIDERALREADYRESERVEDCAPACITY><WILLCAPACITYSCHEDULINGCONSIDERBOTTLENECKRESOURCESASFINITE>No</WILLCAPACITYSCHEDULINGCONSIDERBOTTLENECKRESOURCESASFINITE><WILLCAPACITYSCHEDULINGUSERESOURCEPROPERTIES>No</WILLCAPACITYSCHEDULINGUSERESOURCEPROPERTIES><WILLMASTERPLANNINGADDCALCULATEDDELAYTOPLANNEDKANBANREQUIREMENTDATE>No</WILLMASTERPLANNINGADDCALCULATEDDELAYTOPLANNEDKANBANREQUIREMENTDATE><WILLMASTERPLANNINGADDCALCULATEDDELAYTOPLANNEDPRODUCTIONORDERREQUIREMENTDATE>No</WILLMASTERPLANNINGADDCALCULATEDDELAYTOPLANNEDPRODUCTIONORDERREQUIREMENTDATE><WILLMASTERPLANNINGADDCALCULATEDDELAYTOPLANNEDPURCHASEORDERREQUIREMENTDATE>No</WILLMASTERPLANNINGADDCALCULATEDDELAYTOPLANNEDPURCHASEORDERREQUIREMENTDATE><WILLMASTERPLANNINGADDCALCULATEDDELAYTOPLANNEDTRANSFERORDERREQUIREMENTDATE>No</WILLMASTERPLANNINGADDCALCULATEDDELAYTOPLANNEDTRANSFERORDERREQUIREMENTDATE><WILLMASTERPLANNINGCONSIDERSHELFLIFEDATES>No</WILLMASTERPLANNINGCONSIDERSHELFLIFEDATES><WILLMASTERPLANNINGINCLUDECONTINUITYPLAN>No</WILLMASTERPLANNINGINCLUDECONTINUITYPLAN><WILLMASTERPLANNINGINCLUDEDEMANDFORECAST>No</WILLMASTERPLANNINGINCLUDEDEMANDFORECAST><WILLMASTERPLANNINGINCLUDEDOWNSTREAMDEMAND>No</WILLMASTERPLANNINGINCLUDEDOWNSTREAMDEMAND><WILLMASTERPLANNINGINCLUDEEXPECTEDINVENTORYTRANSACTIONS>Yes</WILLMASTERPLANNINGINCLUDEEXPECTEDINVENTORYTRANSACTIONS><WILLMASTERPLANNINGINCLUDEONHAND>Yes</WILLMASTERPLANNINGINCLUDEONHAND><WILLMASTERPLANNINGINCLUDEPURCHASEREQUISITIONS>No</WILLMASTERPLANNINGINCLUDEPURCHASEREQUISITIONS><WILLMASTERPLANNINGINCLUDEQUOTATIONS>No</WILLMASTERPLANNINGINCLUDEQUOTATIONS><WILLMASTERPLANNINGINCLUDERFQS>No</WILLMASTERPLANNINGINCLUDERFQS><WILLMASTERPLANNINGINCLUDESUPPLYFORECAST>No</WILLMASTERPLANNINGINCLUDESUPPLYFORECAST><WILLMASTERPLANNINGSEQUENCEPLANNEDORDERS>No</WILLMASTERPLANNINGSEQUENCEPLANNEDORDERS><WILLMASTERPLANNINGSUGGESTFUTUREPLANNEDORDERDATESONLY>Yes</WILLMASTERPLANNINGSUGGESTFUTUREPLANNEDORDERDATESONLY></REQMASTERPLANENTITY></Document>