﻿<?xml version="1.0" encoding="utf-8"?><Document><REQMASTERPLANNINGPARAMETERSENTITY><AREALLPLANNINGPROCESSESDISABLED>No</AREALLPLANNINGPROCESSESDISABLED><AREPURCHASEORDERSASSIGNEDPURCHASEAGREEMENTS>No</AREPURCHASEORDERSASSIGNEDPURCHASEAGREEMENTS><AREPURCHASEORDERSCOMBINEDPERBUYERGROUPBYDEFAULT>No</AREPURCHASEORDERSCOMBINEDPERBUYERGROUPBYDEFAULT><AREPURCHASEORDERSCOMBINEDPERPURCHASEAGREEMENTBYDEFAULT>No</AREPURCHASEORDERSCOMBINEDPERPURCHASEAGREEMENTBYDEFAULT><AREPURCHASEORDERSCOMBINEDPERVENDORBYDEFAULT>Yes</AREPURCHASEORDERSCOMBINEDPERVENDORBYDEFAULT><CACHINGLEVEL>Maximum</CACHINGLEVEL><CURRENTDYNAMICMASTERPLANID>DYNAMIC</CURRENTDYNAMICMASTERPLANID><CURRENTFORECASTPLANID>FORECAST</CURRENTFORECASTPLANID><CURRENTSTATICMASTERPLANID>MASTER</CURRENTSTATICMASTERPLANID><DEFAULTINVENTORYMARKINGRULE>Standard</DEFAULTINVENTORYMARKINGRULE><DEFAULTMASTERPLANNINGPRODUCTCOVERAGEGROUPID>Group</DEFAULTMASTERPLANNINGPRODUCTCOVERAGEGROUPID><DEFAULTNUMBEROFTHREADS>0</DEFAULTNUMBEROFTHREADS><DEFAULTPLANNEDORDERRECEIPTTIME>10:00:00</DEFAULTPLANNEDORDERRECEIPTTIME><DEFAULTPURCHASEORDERPERIODGROUPINGRULE>No</DEFAULTPURCHASEORDERPERIODGROUPINGRULE><DEFAULTTRANSFERORDERPERIODGROUPINGRULE>No</DEFAULTTRANSFERORDERPERIODGROUPINGRULE><DELAYSTARTTIME>10:00:00</DELAYSTARTTIME><FIRMINGBUNDLESIZE>0</FIRMINGBUNDLESIZE><ISSAFETYMARGINSUSINGWORKINGDAYS>No</ISSAFETYMARGINSUSINGWORKINGDAYS><JOBSCHEDULINGSTARTTIMERULE>BeginningOfDay</JOBSCHEDULINGSTARTTIMERULE><MAXIMUMBUNDLESIZE>1</MAXIMUMBUNDLESIZE><PRICEAGREEMENTVENDORSELECTIONRULE>ShortestDlvTime</PRICEAGREEMENTVENDORSELECTIONRULE><TODAYSWORKCALENDARID>STANDARD</TODAYSWORKCALENDARID><WILLCOMPLETEDSTATICPLANBECOPIEDTODYNAMICPLAN>Yes</WILLCOMPLETEDSTATICPLANBECOPIEDTODYNAMICPLAN><WILLERRORSABORTFIRMINGBYDEFAULT>No</WILLERRORSABORTFIRMINGBYDEFAULT><WILLMASTERPLANNINGCALCULATEDYNAMICNEGATIVEDAYS>Yes</WILLMASTERPLANNINGCALCULATEDYNAMICNEGATIVEDAYS><WILLPOSTPROCESSINGAUTOMATICALLYFILTERITEMS>No</WILLPOSTPROCESSINGAUTOMATICALLYFILTERITEMS><WILLPREPROCESSINGAUTOMATICALLYFILTERITEMS>Yes</WILLPREPROCESSINGAUTOMATICALLYFILTERITEMS><WILLSCHEDULINGCONSIDERPRODUCTIONORDERCAPACITYRESERVATIONS>Yes</WILLSCHEDULINGCONSIDERPRODUCTIONORDERCAPACITYRESERVATIONS><WILLSCHEDULINGCONSIDERPROJECTCAPACITYRESERVATIONS>Yes</WILLSCHEDULINGCONSIDERPROJECTCAPACITYRESERVATIONS><WILLVENDORSELECTIONCONSIDERPRICEAGREEMENTS>No</WILLVENDORSELECTIONCONSIDERPRICEAGREEMENTS></REQMASTERPLANNINGPARAMETERSENTITY></Document>