﻿<?xml version="1.0" encoding="utf-8"?><Document><ROUTEOPERATIONENTITY><OPERATIONID>BOTTLING</OPERATIONID><OPERATIONNAME>Bottling</OPERATIONNAME></ROUTEOPERATIONENTITY><ROUTEOPERATIONENTITY><OPERATIONID>COOKING</OPERATIONID><OPERATIONNAME>Cooking</OPERATIONNAME></ROUTEOPERATIONENTITY><ROUTEOPERATIONENTITY><OPERATIONID>DISTILLING</OPERATIONID><OPERATIONNAME>Distilling</OPERATIONNAME></ROUTEOPERATIONENTITY><ROUTEOPERATIONENTITY><OPERATIONID>DRYING</OPERATIONID><OPERATIONNAME>Drying</OPERATIONNAME></ROUTEOPERATIONENTITY><ROUTEOPERATIONENTITY><OPERATIONID>PRESSING</OPERATIONID><OPERATIONNAME>Pressing</OPERATIONNAME></ROUTEOPERATIONENTITY><ROUTEOPERATIONENTITY><OPERATIONID>STRAINING</OPERATIONID><OPERATIONNAME>Straining</OPERATIONNAME></ROUTEOPERATIONENTITY></Document>