﻿<?xml version="1.0" encoding="utf-8"?><Document><OPRESOPERATIONSRESOURCEENTITY><BATCHCAPACITY>0.000000</BATCHCAPACITY><BATCHTRANSFERQUANTITY>0.000000</BATCHTRANSFERQUANTITY><CAPACITY>0.000000</CAPACITY><CAPACITYUNIT>None</CAPACITYUNIT><DEFAULTDIMENSIONDISPLAYVALUE></DEFAULTDIMENSIONDISPLAYVALUE><DEFAULTOPERATIONQUEUETIMEAFTER>0.000000</DEFAULTOPERATIONQUEUETIMEAFTER><DEFAULTOPERATIONQUEUETIMEBEFORE>0.000000</DEFAULTOPERATIONQUEUETIMEBEFORE><DEFAULTOPERATIONRUNTIME>0.000000</DEFAULTOPERATIONRUNTIME><DEFAULTOPERATIONSETUPTIME>0.000000</DEFAULTOPERATIONSETUPTIME><DEFAULTOPERATIONTIMETOHOURSCONVERSIONFACTOR>1.000000</DEFAULTOPERATIONTIMETOHOURSCONVERSIONFACTOR><DEFAULTOPERATIONTRANSITTIME>0.000000</DEFAULTOPERATIONTRANSITTIME><DEFAULTPROCESSQUANTITY>1.000000</DEFAULTPROCESSQUANTITY><EFFICIENCYPERCENTAGE>100.000000</EFFICIENCYPERCENTAGE><HASFINITESCHEDULINGCAPACITY>No</HASFINITESCHEDULINGCAPACITY><ISBOTTLENECKRESOURCE>No</ISBOTTLENECKRESOURCE><ISEXCLUSIVERESOURCE>No</ISEXCLUSIVERESOURCE><ISSCHEDULEDUSINGFINITEPROPERTY>No</ISSCHEDULEDUSINGFINITEPROPERTY><MACHINENOTRESPONDINGTHRESHOLDMINS>0</MACHINENOTRESPONDINGTHRESHOLDMINS><OPERATIONSCHEDULINGPERCENTAGE>100.000000</OPERATIONSCHEDULINGPERCENTAGE><OPERATIONSRESOURCETYPE>Personnel</OPERATIONSRESOURCETYPE><QUANTITYCOSTCATEGORYID></QUANTITYCOSTCATEGORYID><RESOURCEID>000013</RESOURCEID><RESOURCEISSUELEDGERDIMENSIONDISPLAYVALUE></RESOURCEISSUELEDGERDIMENSIONDISPLAYVALUE><RESOURCEISSUEOFFSETLEDGERDIMENSIONDISPLAYVALUE></RESOURCEISSUEOFFSETLEDGERDIMENSIONDISPLAYVALUE><RESOURCENAME>Quintin Jongmans</RESOURCENAME><RESOURCEWORKERPERSONNELNUMBER>000013</RESOURCEWORKERPERSONNELNUMBER><ROUTEGROUPID></ROUTEGROUPID><RUNTIMECOSTCATEGORYID></RUNTIMECOSTCATEGORYID><SCRAPPERCENTAGE>0.000000</SCRAPPERCENTAGE><SETUPCOSTCATEGORYID></SETUPCOSTCATEGORYID><VENDORACCOUNTNUMBER></VENDORACCOUNTNUMBER><WIPISSUELEDGERDIMENSIONDISPLAYVALUE></WIPISSUELEDGERDIMENSIONDISPLAYVALUE><WIPVALUATIONLEDGERDIMENSIONDISPLAYVALUE></WIPVALUATIONLEDGERDIMENSIONDISPLAYVALUE></OPRESOPERATIONSRESOURCEENTITY><OPRESOPERATIONSRESOURCEENTITY><BATCHCAPACITY>0.000000</BATCHCAPACITY><BATCHTRANSFERQUANTITY>0.000000</BATCHTRANSFERQUANTITY><CAPACITY>0.000000</CAPACITY><CAPACITYUNIT>None</CAPACITYUNIT><DEFAULTDIMENSIONDISPLAYVALUE></DEFAULTDIMENSIONDISPLAYVALUE><DEFAULTOPERATIONQUEUETIMEAFTER>0.000000</DEFAULTOPERATIONQUEUETIMEAFTER><DEFAULTOPERATIONQUEUETIMEBEFORE>0.000000</DEFAULTOPERATIONQUEUETIMEBEFORE><DEFAULTOPERATIONRUNTIME>0.000000</DEFAULTOPERATIONRUNTIME><DEFAULTOPERATIONSETUPTIME>0.000000</DEFAULTOPERATIONSETUPTIME><DEFAULTOPERATIONTIMETOHOURSCONVERSIONFACTOR>1.000000</DEFAULTOPERATIONTIMETOHOURSCONVERSIONFACTOR><DEFAULTOPERATIONTRANSITTIME>0.000000</DEFAULTOPERATIONTRANSITTIME><DEFAULTPROCESSQUANTITY>1.000000</DEFAULTPROCESSQUANTITY><EFFICIENCYPERCENTAGE>100.000000</EFFICIENCYPERCENTAGE><HASFINITESCHEDULINGCAPACITY>No</HASFINITESCHEDULINGCAPACITY><ISBOTTLENECKRESOURCE>No</ISBOTTLENECKRESOURCE><ISEXCLUSIVERESOURCE>No</ISEXCLUSIVERESOURCE><ISSCHEDULEDUSINGFINITEPROPERTY>No</ISSCHEDULEDUSINGFINITEPROPERTY><MACHINENOTRESPONDINGTHRESHOLDMINS>0</MACHINENOTRESPONDINGTHRESHOLDMINS><OPERATIONSCHEDULINGPERCENTAGE>100.000000</OPERATIONSCHEDULINGPERCENTAGE><OPERATIONSRESOURCETYPE>Machine</OPERATIONSRESOURCETYPE><QUANTITYCOSTCATEGORYID></QUANTITYCOSTCATEGORYID><RESOURCEID>BOTTLER1</RESOURCEID><RESOURCEISSUELEDGERDIMENSIONDISPLAYVALUE></RESOURCEISSUELEDGERDIMENSIONDISPLAYVALUE><RESOURCEISSUEOFFSETLEDGERDIMENSIONDISPLAYVALUE></RESOURCEISSUEOFFSETLEDGERDIMENSIONDISPLAYVALUE><RESOURCENAME>Bottler #1</RESOURCENAME><RESOURCEWORKERPERSONNELNUMBER></RESOURCEWORKERPERSONNELNUMBER><ROUTEGROUPID></ROUTEGROUPID><RUNTIMECOSTCATEGORYID></RUNTIMECOSTCATEGORYID><SCRAPPERCENTAGE>0.000000</SCRAPPERCENTAGE><SETUPCOSTCATEGORYID></SETUPCOSTCATEGORYID><VENDORACCOUNTNUMBER></VENDORACCOUNTNUMBER><WIPISSUELEDGERDIMENSIONDISPLAYVALUE></WIPISSUELEDGERDIMENSIONDISPLAYVALUE><WIPVALUATIONLEDGERDIMENSIONDISPLAYVALUE></WIPVALUATIONLEDGERDIMENSIONDISPLAYVALUE></OPRESOPERATIONSRESOURCEENTITY><OPRESOPERATIONSRESOURCEENTITY><BATCHCAPACITY>0.000000</BATCHCAPACITY><BATCHTRANSFERQUANTITY>0.000000</BATCHTRANSFERQUANTITY><CAPACITY>0.000000</CAPACITY><CAPACITYUNIT>None</CAPACITYUNIT><DEFAULTDIMENSIONDISPLAYVALUE></DEFAULTDIMENSIONDISPLAYVALUE><DEFAULTOPERATIONQUEUETIMEAFTER>0.000000</DEFAULTOPERATIONQUEUETIMEAFTER><DEFAULTOPERATIONQUEUETIMEBEFORE>0.000000</DEFAULTOPERATIONQUEUETIMEBEFORE><DEFAULTOPERATIONRUNTIME>0.000000</DEFAULTOPERATIONRUNTIME><DEFAULTOPERATIONSETUPTIME>0.000000</DEFAULTOPERATIONSETUPTIME><DEFAULTOPERATIONTIMETOHOURSCONVERSIONFACTOR>1.000000</DEFAULTOPERATIONTIMETOHOURSCONVERSIONFACTOR><DEFAULTOPERATIONTRANSITTIME>0.000000</DEFAULTOPERATIONTRANSITTIME><DEFAULTPROCESSQUANTITY>1.000000</DEFAULTPROCESSQUANTITY><EFFICIENCYPERCENTAGE>100.000000</EFFICIENCYPERCENTAGE><HASFINITESCHEDULINGCAPACITY>No</HASFINITESCHEDULINGCAPACITY><ISBOTTLENECKRESOURCE>No</ISBOTTLENECKRESOURCE><ISEXCLUSIVERESOURCE>No</ISEXCLUSIVERESOURCE><ISSCHEDULEDUSINGFINITEPROPERTY>No</ISSCHEDULEDUSINGFINITEPROPERTY><MACHINENOTRESPONDINGTHRESHOLDMINS>0</MACHINENOTRESPONDINGTHRESHOLDMINS><OPERATIONSCHEDULINGPERCENTAGE>100.000000</OPERATIONSCHEDULINGPERCENTAGE><OPERATIONSRESOURCETYPE>Machine</OPERATIONSRESOURCETYPE><QUANTITYCOSTCATEGORYID></QUANTITYCOSTCATEGORYID><RESOURCEID>CAULDRON1</RESOURCEID><RESOURCEISSUELEDGERDIMENSIONDISPLAYVALUE></RESOURCEISSUELEDGERDIMENSIONDISPLAYVALUE><RESOURCEISSUEOFFSETLEDGERDIMENSIONDISPLAYVALUE></RESOURCEISSUEOFFSETLEDGERDIMENSIONDISPLAYVALUE><RESOURCENAME>Cauldron #1</RESOURCENAME><RESOURCEWORKERPERSONNELNUMBER></RESOURCEWORKERPERSONNELNUMBER><ROUTEGROUPID></ROUTEGROUPID><RUNTIMECOSTCATEGORYID></RUNTIMECOSTCATEGORYID><SCRAPPERCENTAGE>0.000000</SCRAPPERCENTAGE><SETUPCOSTCATEGORYID></SETUPCOSTCATEGORYID><VENDORACCOUNTNUMBER></VENDORACCOUNTNUMBER><WIPISSUELEDGERDIMENSIONDISPLAYVALUE></WIPISSUELEDGERDIMENSIONDISPLAYVALUE><WIPVALUATIONLEDGERDIMENSIONDISPLAYVALUE></WIPVALUATIONLEDGERDIMENSIONDISPLAYVALUE></OPRESOPERATIONSRESOURCEENTITY><OPRESOPERATIONSRESOURCEENTITY><BATCHCAPACITY>0.000000</BATCHCAPACITY><BATCHTRANSFERQUANTITY>0.000000</BATCHTRANSFERQUANTITY><CAPACITY>0.000000</CAPACITY><CAPACITYUNIT>None</CAPACITYUNIT><DEFAULTDIMENSIONDISPLAYVALUE></DEFAULTDIMENSIONDISPLAYVALUE><DEFAULTOPERATIONQUEUETIMEAFTER>0.000000</DEFAULTOPERATIONQUEUETIMEAFTER><DEFAULTOPERATIONQUEUETIMEBEFORE>0.000000</DEFAULTOPERATIONQUEUETIMEBEFORE><DEFAULTOPERATIONRUNTIME>0.000000</DEFAULTOPERATIONRUNTIME><DEFAULTOPERATIONSETUPTIME>0.000000</DEFAULTOPERATIONSETUPTIME><DEFAULTOPERATIONTIMETOHOURSCONVERSIONFACTOR>1.000000</DEFAULTOPERATIONTIMETOHOURSCONVERSIONFACTOR><DEFAULTOPERATIONTRANSITTIME>0.000000</DEFAULTOPERATIONTRANSITTIME><DEFAULTPROCESSQUANTITY>1.000000</DEFAULTPROCESSQUANTITY><EFFICIENCYPERCENTAGE>100.000000</EFFICIENCYPERCENTAGE><HASFINITESCHEDULINGCAPACITY>No</HASFINITESCHEDULINGCAPACITY><ISBOTTLENECKRESOURCE>No</ISBOTTLENECKRESOURCE><ISEXCLUSIVERESOURCE>No</ISEXCLUSIVERESOURCE><ISSCHEDULEDUSINGFINITEPROPERTY>No</ISSCHEDULEDUSINGFINITEPROPERTY><MACHINENOTRESPONDINGTHRESHOLDMINS>0</MACHINENOTRESPONDINGTHRESHOLDMINS><OPERATIONSCHEDULINGPERCENTAGE>100.000000</OPERATIONSCHEDULINGPERCENTAGE><OPERATIONSRESOURCETYPE>Machine</OPERATIONSRESOURCETYPE><QUANTITYCOSTCATEGORYID></QUANTITYCOSTCATEGORYID><RESOURCEID>DISTILLER1</RESOURCEID><RESOURCEISSUELEDGERDIMENSIONDISPLAYVALUE></RESOURCEISSUELEDGERDIMENSIONDISPLAYVALUE><RESOURCEISSUEOFFSETLEDGERDIMENSIONDISPLAYVALUE></RESOURCEISSUEOFFSETLEDGERDIMENSIONDISPLAYVALUE><RESOURCENAME>Distiller #1</RESOURCENAME><RESOURCEWORKERPERSONNELNUMBER></RESOURCEWORKERPERSONNELNUMBER><ROUTEGROUPID></ROUTEGROUPID><RUNTIMECOSTCATEGORYID></RUNTIMECOSTCATEGORYID><SCRAPPERCENTAGE>0.000000</SCRAPPERCENTAGE><SETUPCOSTCATEGORYID></SETUPCOSTCATEGORYID><VENDORACCOUNTNUMBER></VENDORACCOUNTNUMBER><WIPISSUELEDGERDIMENSIONDISPLAYVALUE></WIPISSUELEDGERDIMENSIONDISPLAYVALUE><WIPVALUATIONLEDGERDIMENSIONDISPLAYVALUE></WIPVALUATIONLEDGERDIMENSIONDISPLAYVALUE></OPRESOPERATIONSRESOURCEENTITY><OPRESOPERATIONSRESOURCEENTITY><BATCHCAPACITY>0.000000</BATCHCAPACITY><BATCHTRANSFERQUANTITY>0.000000</BATCHTRANSFERQUANTITY><CAPACITY>0.000000</CAPACITY><CAPACITYUNIT>None</CAPACITYUNIT><DEFAULTDIMENSIONDISPLAYVALUE></DEFAULTDIMENSIONDISPLAYVALUE><DEFAULTOPERATIONQUEUETIMEAFTER>0.000000</DEFAULTOPERATIONQUEUETIMEAFTER><DEFAULTOPERATIONQUEUETIMEBEFORE>0.000000</DEFAULTOPERATIONQUEUETIMEBEFORE><DEFAULTOPERATIONRUNTIME>0.000000</DEFAULTOPERATIONRUNTIME><DEFAULTOPERATIONSETUPTIME>0.000000</DEFAULTOPERATIONSETUPTIME><DEFAULTOPERATIONTIMETOHOURSCONVERSIONFACTOR>1.000000</DEFAULTOPERATIONTIMETOHOURSCONVERSIONFACTOR><DEFAULTOPERATIONTRANSITTIME>0.000000</DEFAULTOPERATIONTRANSITTIME><DEFAULTPROCESSQUANTITY>1.000000</DEFAULTPROCESSQUANTITY><EFFICIENCYPERCENTAGE>100.000000</EFFICIENCYPERCENTAGE><HASFINITESCHEDULINGCAPACITY>No</HASFINITESCHEDULINGCAPACITY><ISBOTTLENECKRESOURCE>No</ISBOTTLENECKRESOURCE><ISEXCLUSIVERESOURCE>No</ISEXCLUSIVERESOURCE><ISSCHEDULEDUSINGFINITEPROPERTY>No</ISSCHEDULEDUSINGFINITEPROPERTY><MACHINENOTRESPONDINGTHRESHOLDMINS>0</MACHINENOTRESPONDINGTHRESHOLDMINS><OPERATIONSCHEDULINGPERCENTAGE>100.000000</OPERATIONSCHEDULINGPERCENTAGE><OPERATIONSRESOURCETYPE>Machine</OPERATIONSRESOURCETYPE><QUANTITYCOSTCATEGORYID></QUANTITYCOSTCATEGORYID><RESOURCEID>DRYER1</RESOURCEID><RESOURCEISSUELEDGERDIMENSIONDISPLAYVALUE></RESOURCEISSUELEDGERDIMENSIONDISPLAYVALUE><RESOURCEISSUEOFFSETLEDGERDIMENSIONDISPLAYVALUE></RESOURCEISSUEOFFSETLEDGERDIMENSIONDISPLAYVALUE><RESOURCENAME>Dryer #1</RESOURCENAME><RESOURCEWORKERPERSONNELNUMBER></RESOURCEWORKERPERSONNELNUMBER><ROUTEGROUPID></ROUTEGROUPID><RUNTIMECOSTCATEGORYID></RUNTIMECOSTCATEGORYID><SCRAPPERCENTAGE>0.000000</SCRAPPERCENTAGE><SETUPCOSTCATEGORYID></SETUPCOSTCATEGORYID><VENDORACCOUNTNUMBER></VENDORACCOUNTNUMBER><WIPISSUELEDGERDIMENSIONDISPLAYVALUE></WIPISSUELEDGERDIMENSIONDISPLAYVALUE><WIPVALUATIONLEDGERDIMENSIONDISPLAYVALUE></WIPVALUATIONLEDGERDIMENSIONDISPLAYVALUE></OPRESOPERATIONSRESOURCEENTITY><OPRESOPERATIONSRESOURCEENTITY><BATCHCAPACITY>0.000000</BATCHCAPACITY><BATCHTRANSFERQUANTITY>0.000000</BATCHTRANSFERQUANTITY><CAPACITY>0.000000</CAPACITY><CAPACITYUNIT>None</CAPACITYUNIT><DEFAULTDIMENSIONDISPLAYVALUE></DEFAULTDIMENSIONDISPLAYVALUE><DEFAULTOPERATIONQUEUETIMEAFTER>0.000000</DEFAULTOPERATIONQUEUETIMEAFTER><DEFAULTOPERATIONQUEUETIMEBEFORE>0.000000</DEFAULTOPERATIONQUEUETIMEBEFORE><DEFAULTOPERATIONRUNTIME>0.000000</DEFAULTOPERATIONRUNTIME><DEFAULTOPERATIONSETUPTIME>0.000000</DEFAULTOPERATIONSETUPTIME><DEFAULTOPERATIONTIMETOHOURSCONVERSIONFACTOR>1.000000</DEFAULTOPERATIONTIMETOHOURSCONVERSIONFACTOR><DEFAULTOPERATIONTRANSITTIME>0.000000</DEFAULTOPERATIONTRANSITTIME><DEFAULTPROCESSQUANTITY>1.000000</DEFAULTPROCESSQUANTITY><EFFICIENCYPERCENTAGE>100.000000</EFFICIENCYPERCENTAGE><HASFINITESCHEDULINGCAPACITY>No</HASFINITESCHEDULINGCAPACITY><ISBOTTLENECKRESOURCE>No</ISBOTTLENECKRESOURCE><ISEXCLUSIVERESOURCE>No</ISEXCLUSIVERESOURCE><ISSCHEDULEDUSINGFINITEPROPERTY>No</ISSCHEDULEDUSINGFINITEPROPERTY><MACHINENOTRESPONDINGTHRESHOLDMINS>0</MACHINENOTRESPONDINGTHRESHOLDMINS><OPERATIONSCHEDULINGPERCENTAGE>100.000000</OPERATIONSCHEDULINGPERCENTAGE><OPERATIONSRESOURCETYPE>Machine</OPERATIONSRESOURCETYPE><QUANTITYCOSTCATEGORYID></QUANTITYCOSTCATEGORYID><RESOURCEID>PRESS1</RESOURCEID><RESOURCEISSUELEDGERDIMENSIONDISPLAYVALUE></RESOURCEISSUELEDGERDIMENSIONDISPLAYVALUE><RESOURCEISSUEOFFSETLEDGERDIMENSIONDISPLAYVALUE></RESOURCEISSUEOFFSETLEDGERDIMENSIONDISPLAYVALUE><RESOURCENAME>Press #1</RESOURCENAME><RESOURCEWORKERPERSONNELNUMBER></RESOURCEWORKERPERSONNELNUMBER><ROUTEGROUPID></ROUTEGROUPID><RUNTIMECOSTCATEGORYID></RUNTIMECOSTCATEGORYID><SCRAPPERCENTAGE>0.000000</SCRAPPERCENTAGE><SETUPCOSTCATEGORYID></SETUPCOSTCATEGORYID><VENDORACCOUNTNUMBER></VENDORACCOUNTNUMBER><WIPISSUELEDGERDIMENSIONDISPLAYVALUE></WIPISSUELEDGERDIMENSIONDISPLAYVALUE><WIPVALUATIONLEDGERDIMENSIONDISPLAYVALUE></WIPVALUATIONLEDGERDIMENSIONDISPLAYVALUE></OPRESOPERATIONSRESOURCEENTITY><OPRESOPERATIONSRESOURCEENTITY><BATCHCAPACITY>0.000000</BATCHCAPACITY><BATCHTRANSFERQUANTITY>0.000000</BATCHTRANSFERQUANTITY><CAPACITY>0.000000</CAPACITY><CAPACITYUNIT>None</CAPACITYUNIT><DEFAULTDIMENSIONDISPLAYVALUE></DEFAULTDIMENSIONDISPLAYVALUE><DEFAULTOPERATIONQUEUETIMEAFTER>0.000000</DEFAULTOPERATIONQUEUETIMEAFTER><DEFAULTOPERATIONQUEUETIMEBEFORE>0.000000</DEFAULTOPERATIONQUEUETIMEBEFORE><DEFAULTOPERATIONRUNTIME>0.000000</DEFAULTOPERATIONRUNTIME><DEFAULTOPERATIONSETUPTIME>0.000000</DEFAULTOPERATIONSETUPTIME><DEFAULTOPERATIONTIMETOHOURSCONVERSIONFACTOR>1.000000</DEFAULTOPERATIONTIMETOHOURSCONVERSIONFACTOR><DEFAULTOPERATIONTRANSITTIME>0.000000</DEFAULTOPERATIONTRANSITTIME><DEFAULTPROCESSQUANTITY>1.000000</DEFAULTPROCESSQUANTITY><EFFICIENCYPERCENTAGE>100.000000</EFFICIENCYPERCENTAGE><HASFINITESCHEDULINGCAPACITY>No</HASFINITESCHEDULINGCAPACITY><ISBOTTLENECKRESOURCE>No</ISBOTTLENECKRESOURCE><ISEXCLUSIVERESOURCE>No</ISEXCLUSIVERESOURCE><ISSCHEDULEDUSINGFINITEPROPERTY>No</ISSCHEDULEDUSINGFINITEPROPERTY><MACHINENOTRESPONDINGTHRESHOLDMINS>0</MACHINENOTRESPONDINGTHRESHOLDMINS><OPERATIONSCHEDULINGPERCENTAGE>100.000000</OPERATIONSCHEDULINGPERCENTAGE><OPERATIONSRESOURCETYPE>Machine</OPERATIONSRESOURCETYPE><QUANTITYCOSTCATEGORYID></QUANTITYCOSTCATEGORYID><RESOURCEID>STRAINER1</RESOURCEID><RESOURCEISSUELEDGERDIMENSIONDISPLAYVALUE></RESOURCEISSUELEDGERDIMENSIONDISPLAYVALUE><RESOURCEISSUEOFFSETLEDGERDIMENSIONDISPLAYVALUE></RESOURCEISSUEOFFSETLEDGERDIMENSIONDISPLAYVALUE><RESOURCENAME>Strainer #1</RESOURCENAME><RESOURCEWORKERPERSONNELNUMBER></RESOURCEWORKERPERSONNELNUMBER><ROUTEGROUPID></ROUTEGROUPID><RUNTIMECOSTCATEGORYID></RUNTIMECOSTCATEGORYID><SCRAPPERCENTAGE>0.000000</SCRAPPERCENTAGE><SETUPCOSTCATEGORYID></SETUPCOSTCATEGORYID><VENDORACCOUNTNUMBER></VENDORACCOUNTNUMBER><WIPISSUELEDGERDIMENSIONDISPLAYVALUE></WIPISSUELEDGERDIMENSIONDISPLAYVALUE><WIPVALUATIONLEDGERDIMENSIONDISPLAYVALUE></WIPVALUATIONLEDGERDIMENSIONDISPLAYVALUE></OPRESOPERATIONSRESOURCEENTITY></Document>