﻿<?xml version="1.0" encoding="utf-8"?><Document><WHSITEMPHYSICALDIMENSIONDETAILENTITY><ITEMNUMBER>BARREL</ITEMNUMBER><PHYSICALDEPTH>0.000000</PHYSICALDEPTH><PHYSICALHEIGHT>0.000000</PHYSICALHEIGHT><PHYSICALUNITSYMBOL>ea</PHYSICALUNITSYMBOL><PHYSICALWEIGHT>70.000000000000</PHYSICALWEIGHT><PHYSICALWIDTH>0.000000</PHYSICALWIDTH></WHSITEMPHYSICALDIMENSIONDETAILENTITY><WHSITEMPHYSICALDIMENSIONDETAILENTITY><ITEMNUMBER>BELL</ITEMNUMBER><PHYSICALDEPTH>0.800000</PHYSICALDEPTH><PHYSICALHEIGHT>1.000000</PHYSICALHEIGHT><PHYSICALUNITSYMBOL>ea</PHYSICALUNITSYMBOL><PHYSICALWEIGHT>0.000000000000</PHYSICALWEIGHT><PHYSICALWIDTH>0.800000</PHYSICALWIDTH></WHSITEMPHYSICALDIMENSIONDETAILENTITY></Document>