﻿<?xml version="1.0" encoding="utf-8"?><Document><WHSPRODUCTFILTERGROUPDETAILV2ENTITY><EIGHTHPRODUCTFILTERCODE /><FIFTHPRODUCTFILTERCODE /><FIRSTPRODUCTFILTERCODE /><FIRSTPRODUCTFILTERGROUPID /><FOURTHPRODUCTFILTERCODE /><FROMDATETIME /><NINTHPRODUCTFILTERCODE /><NUMBEROFDAYSALLOWEDTOMIXBATCHES /><PRODUCTGROUPID /><SECONDPRODUCTFILTERCODE /><SECONDPRODUCTFILTERGROUPID /><SEVENTHPRODUCTFILTERCODE /><SIXTHPRODUCTFILTERCODE /><TENTHPRODUCTFILTERCODE /><THIRDPRODUCTFILTERCODE /><TODATETIME /></WHSPRODUCTFILTERGROUPDETAILV2ENTITY></Document>