﻿<?xml version="1.0" encoding="utf-8"?><Document><PRODSITESPECIFICPRODUCTIONCONTROLPARAMETERSENTITY><PRODUCTIONSITEID /><AUTOMATICSCHEDULINGMETHOD /><DEFAULTJOBCARDPRODUCTIONJOURNALNAMEID /><DEFAULTPICKINGLISTPRODUCTIONJOURNALNAMEID /><DEFAULTPRODUCTIONJOURNALNAMEID /><DEFAULTROUTECARDPRODUCTIONJOURNALNAMEID /><ISCREATEDTOENDEDSTATUSCHANGEDALLOWED /><ISCREATEDTOESTIMATEDSTATUSCHANGEDALLOWED /><ISCREATEDTOJOBSCHEDULEDSTATUSCHANGEDALLOWED /><ISCREATEDTOOPERATIONSSCHEDULEDSTATUSCHANGEDALLOWED /><ISCREATEDTORELEASEDSTATUSCHANGEDALLOWED /><ISCREATEDTOREPORTEDASFINISHEDSTATUSCHANGEDALLOWED /><ISCREATEDTOSTARTEDSTATUSCHANGEDALLOWED /><ISESTIMATEDTOCREATEDSTATUSCHANGEDALLOWED /><ISESTIMATEDTOENDEDSTATUSCHANGEDALLOWED /><ISESTIMATEDTOJOBSCHEDULEDSTATUSCHANGEDALLOWED /><ISESTIMATEDTOOPERATIONSSCHEDULEDSTATUSCHANGEDALLOWED /><ISESTIMATEDTORELEASEDSTATUSCHANGEDALLOWED /><ISESTIMATEDTOREPORTEDASFINISHEDSTATUSCHANGEDALLOWED /><ISESTIMATEDTOSTARTEDSTATUSCHANGEDALLOWED /><ISJOBSCHEDULEDTOCREATEDSTATUSCHANGEDALLOWED /><ISJOBSCHEDULEDTOENDEDSTATUSCHANGEDALLOWED /><ISJOBSCHEDULEDTOESTIMATEDSTATUSCHANGEDALLOWED /><ISJOBSCHEDULEDTOOPERATIONSSCHEDULEDSTATUSCHANGEDALLOWED /><ISJOBSCHEDULEDTORELEASEDSTATUSCHANGEDALLOWED /><ISJOBSCHEDULEDTOREPORTEDASFINISHEDSTATUSCHANGEDALLOWED /><ISJOBSCHEDULEDTOSTARTEDSTATUSCHANGEDALLOWED /><ISOPERATIONSSCHEDULEDTOCREATEDSTATUSCHANGEDALLOWED /><ISOPERATIONSSCHEDULEDTOENDEDSTATUSCHANGEDALLOWED /><ISOPERATIONSSCHEDULEDTOESTIMATEDSTATUSCHANGEDALLOWED /><ISOPERATIONSSCHEDULEDTOJOBSCHEDULEDSTATUSCHANGEDALLOWED /><ISOPERATIONSSCHEDULEDTORELEASEDSTATUSCHANGEDALLOWED /><ISOPERATIONSSCHEDULEDTOREPORTEDASFINISHEDSTATUSCHANGEDALLOWED /><ISOPERATIONSSCHEDULEDTOSTARTEDSTATUSCHANGEDALLOWED /><ISRELEASEDTOCREATEDSTATUSCHANGEDALLOWED /><ISRELEASEDTOENDEDSTATUSCHANGEDALLOWED /><ISRELEASEDTOESTIMATEDSTATUSCHANGEDALLOWED /><ISRELEASEDTOJOBSCHEDULEDSTATUSCHANGEDALLOWED /><ISRELEASEDTOOPERATIONSSCHEDULEDSTATUSCHANGEDALLOWED /><ISRELEASEDTOREPORTEDASFINISHEDSTATUSCHANGEDALLOWED /><ISRELEASEDTOSTARTEDSTATUSCHANGEDALLOWED /><ISREPORTEDASFINISHEDTOCREATEDSTATUSCHANGEDALLOWED /><ISREPORTEDASFINISHEDTOENDEDSTATUSCHANGEDALLOWED /><ISREPORTEDASFINISHEDTOESTIMATEDSTATUSCHANGEDALLOWED /><ISREPORTEDASFINISHEDTOJOBSCHEDULEDSTATUSCHANGEDALLOWED /><ISREPORTEDASFINISHEDTOOPERATIONSSCHEDULEDSTATUSCHANGEDALLOWED /><ISREPORTEDASFINISHEDTORELEASEDSTATUSCHANGEDALLOWED /><ISREPORTEDASFINISHEDTOSTARTEDSTATUSCHANGEDALLOWED /><ISROUTECARDHOURCOSTCATEGORYMANDATORY /><ISROUTECARDQUANTITYCOSTCATEGORYMANDATORY /><ISSTARTEDTOCREATEDSTATUSCHANGEDALLOWED /><ISSTARTEDTOENDEDSTATUSCHANGEDALLOWED /><ISSTARTEDTOESTIMATEDSTATUSCHANGEDALLOWED /><ISSTARTEDTOJOBSCHEDULEDSTATUSCHANGEDALLOWED /><ISSTARTEDTOOPERATIONSSCHEDULEDSTATUSCHANGEDALLOWED /><ISSTARTEDTORELEASEDSTATUSCHANGEDALLOWED /><ISSTARTEDTOREPORTEDASFINISHEDSTATUSCHANGEDALLOWED /><MAXIMUMJOBSCHEDULINGJOBLEADTIMEDAYS /><PRODUCTIONENDINGSCRAPMETHOD /><PRODUCTIONLINERELEASETOWAREHOUSEPRINCIPLE /><PRODUCTIONSTARTAUTOMATICBOMCONSUMPTIONRULE /><PRODUCTIONSTARTAUTOMATICROUTECONSUMPTIONRULE /><PURCHASEPRODUCTRECEIPTAUTOMATICBOMCONSUMPTIONRULE /><PURCHASEPRODUCTRECEIPTAUTOMATICROUTECONSUMPTIONRULE /><REPORTASFINISHEDAUTOMATICBOMCONSUMPTIONRULE /><REPORTASFINISHEDAUTOMATICROUTECONSUMPTIONRULE /><REPORTASFINISHEDPOSTINGMETHOD /><WILLCAPACITYPLANNINGINCLUDEPLANNEDORDERS /><WILLCAPACITYPLANNINGINCLUDEPROJECTHOURFORECASTS /><WILLPRODUCTIONESTIMATIONCALCULATEESTIMATEDUNITCOST /><WILLPRODUCTIONPICKINGLISTPOSTINLEDGER /><WILLPRODUCTIONPOSTINGEXCLUDETRANSACTIONTYPE /><WILLPURCHASEPRODUCTRECEIPTDISPLAYROUTECARDINFORMATION /><WILLREPORTASFINISHEDINCREASEREMAININGQUANTITYWITHERRORQUANTITY /><WILLREPORTASFINISHEDPOSTINLEDGER /><WILLREPORTASFINISHEDUSEESTIMATEDUNITCOST /><WILLREPORTEDASFINISHEDDELETECAPACITYRESERVATIONS /><WILLROUTECARDPOSTINGUPDATECAPACITYPLAN /><WILLSCHEDULINGCONSIDERFINITECAPACITYBYDEFAULT /><WILLSCHEDULINGCONSIDERFINITEMATERIALSBYDEFAULT /><WILLSCHEDULINGCONSIDERFINITEPROPERTYBYDEFAULT /></PRODSITESPECIFICPRODUCTIONCONTROLPARAMETERSENTITY></Document>