﻿<?xml version="1.0" encoding="utf-8"?><Document><PRODPRODUCTIONUNITENTITY><INPUTWAREHOUSEID>WH-PROD</INPUTWAREHOUSEID><NAME>Assembly an Kitting Units</NAME><OPERATIONALSITEID>WD</OPERATIONALSITEID><OUTPUTWAREHOUSEID>WH-PROD</OUTPUTWAREHOUSEID><PRODUCTIONUNITID>ASSEMBLY</PRODUCTIONUNITID></PRODPRODUCTIONUNITENTITY><PRODPRODUCTIONUNITENTITY><INPUTWAREHOUSEID>WH-PROD</INPUTWAREHOUSEID><NAME>Bottling Units</NAME><OPERATIONALSITEID>WD</OPERATIONALSITEID><OUTPUTWAREHOUSEID>WH-PROD</OUTPUTWAREHOUSEID><PRODUCTIONUNITID>BOTTLING</PRODUCTIONUNITID></PRODPRODUCTIONUNITENTITY><PRODPRODUCTIONUNITENTITY><INPUTWAREHOUSEID>WH-PROD</INPUTWAREHOUSEID><NAME><![CDATA[Brewing & Distilling Units]]></NAME><OPERATIONALSITEID>WD</OPERATIONALSITEID><OUTPUTWAREHOUSEID>WH-PROD</OUTPUTWAREHOUSEID><PRODUCTIONUNITID>BREWING</PRODUCTIONUNITID></PRODPRODUCTIONUNITENTITY><PRODPRODUCTIONUNITENTITY><INPUTWAREHOUSEID>WH-PROD</INPUTWAREHOUSEID><NAME>Milling Units</NAME><OPERATIONALSITEID>WD</OPERATIONALSITEID><OUTPUTWAREHOUSEID>WH-PROD</OUTPUTWAREHOUSEID><PRODUCTIONUNITID>MILLING</PRODUCTIONUNITID></PRODPRODUCTIONUNITENTITY><PRODPRODUCTIONUNITENTITY><INPUTWAREHOUSEID>WH-PROD</INPUTWAREHOUSEID><NAME>Packaging Units</NAME><OPERATIONALSITEID>WD</OPERATIONALSITEID><OUTPUTWAREHOUSEID>WH-PROD</OUTPUTWAREHOUSEID><PRODUCTIONUNITID>PACKAGING</PRODUCTIONUNITID></PRODPRODUCTIONUNITENTITY><PRODPRODUCTIONUNITENTITY><INPUTWAREHOUSEID>WH-PROD</INPUTWAREHOUSEID><NAME>Smithing Units</NAME><OPERATIONALSITEID>WD</OPERATIONALSITEID><OUTPUTWAREHOUSEID>WH-PROD</OUTPUTWAREHOUSEID><PRODUCTIONUNITID>SMITHING</PRODUCTIONUNITID></PRODPRODUCTIONUNITENTITY></Document>