﻿<?xml version="1.0" encoding="utf-8"?><Document><PDSPRODUCTSPECIFICITEMBATCHATTRIBUTEENTITY><DECIMALTOLERANCEINCREMENT /><INTEGERTOLERANCEINCREMENT /><ISPOTENCYATTRIBUTE /><ITEMBATCHATTRIBUTEGROUPID /><ITEMBATCHATTRIBUTEID /><ITEMNUMBER /><MAXIMUMDECIMALTOLERANCE /><MAXIMUMINTEGERTOLERANCE /><MINIMUMDECIMALTOLERANCE /><MINIMUMINTEGERTOLERANCE /><OPTIMALDATE /><OPTIMALDECIMAL /><OPTIMALENUMERATE /><OPTIMALINTEGER /><OPTIMALTEXT /><TOLERANCEFAILINGACTION /></PDSPRODUCTSPECIFICITEMBATCHATTRIBUTEENTITY></Document>