﻿<?xml version="1.0" encoding="utf-8"?><Document><PRODUCTIONJOURNALNAMEENTITY><DEFAULTJOURNALDESCRIPTION>Co-Product Journal</DEFAULTJOURNALDESCRIPTION><DEFAULTPOSTINGSUMMATIONLEVEL>Summary</DEFAULTPOSTINGSUMMATIONLEVEL><DEFAULTPRIVATEUSERGROUPID></DEFAULTPRIVATEUSERGROUPID><DEFAULTVOUCHERNUMBERALLOCATIONRULE>DateProdChange</DEFAULTVOUCHERNUMBERALLOCATIONRULE><DEFAULTVOUCHERNUMBERSELECTIONRULE>Post</DEFAULTVOUCHERNUMBERSELECTIONRULE><DEFAULTVOUCHERNUMBERSEQUENCECODE>Prod_14</DEFAULTVOUCHERNUMBERSEQUENCECODE><JOURNALNAMEID>COPROD</JOURNALNAMEID><JOURNALTYPE>DEL_PmfCoByProduct</JOURNALTYPE><WILLPOSTINGDELETELINESBYDEFAULT>No</WILLPOSTINGDELETELINESBYDEFAULT></PRODUCTIONJOURNALNAMEENTITY><PRODUCTIONJOURNALNAMEENTITY><DEFAULTJOURNALDESCRIPTION>Report as Finished Journal</DEFAULTJOURNALDESCRIPTION><DEFAULTPOSTINGSUMMATIONLEVEL>Summary</DEFAULTPOSTINGSUMMATIONLEVEL><DEFAULTPRIVATEUSERGROUPID></DEFAULTPRIVATEUSERGROUPID><DEFAULTVOUCHERNUMBERALLOCATIONRULE>DateProdChange</DEFAULTVOUCHERNUMBERALLOCATIONRULE><DEFAULTVOUCHERNUMBERSELECTIONRULE>Post</DEFAULTVOUCHERNUMBERSELECTIONRULE><DEFAULTVOUCHERNUMBERSEQUENCECODE>Prod_14</DEFAULTVOUCHERNUMBERSEQUENCECODE><JOURNALNAMEID>FINISH</JOURNALNAMEID><JOURNALTYPE>ReportFinished</JOURNALTYPE><WILLPOSTINGDELETELINESBYDEFAULT>No</WILLPOSTINGDELETELINESBYDEFAULT></PRODUCTIONJOURNALNAMEENTITY><PRODUCTIONJOURNALNAMEENTITY><DEFAULTJOURNALDESCRIPTION>Job Card Journal</DEFAULTJOURNALDESCRIPTION><DEFAULTPOSTINGSUMMATIONLEVEL>Summary</DEFAULTPOSTINGSUMMATIONLEVEL><DEFAULTPRIVATEUSERGROUPID></DEFAULTPRIVATEUSERGROUPID><DEFAULTVOUCHERNUMBERALLOCATIONRULE>DateProdChange</DEFAULTVOUCHERNUMBERALLOCATIONRULE><DEFAULTVOUCHERNUMBERSELECTIONRULE>Post</DEFAULTVOUCHERNUMBERSELECTIONRULE><DEFAULTVOUCHERNUMBERSEQUENCECODE>Prod_14</DEFAULTVOUCHERNUMBERSEQUENCECODE><JOURNALNAMEID>JOB</JOURNALNAMEID><JOURNALTYPE>JobCard</JOURNALTYPE><WILLPOSTINGDELETELINESBYDEFAULT>No</WILLPOSTINGDELETELINESBYDEFAULT></PRODUCTIONJOURNALNAMEENTITY><PRODUCTIONJOURNALNAMEENTITY><DEFAULTJOURNALDESCRIPTION>Picking List Journal</DEFAULTJOURNALDESCRIPTION><DEFAULTPOSTINGSUMMATIONLEVEL>Summary</DEFAULTPOSTINGSUMMATIONLEVEL><DEFAULTPRIVATEUSERGROUPID></DEFAULTPRIVATEUSERGROUPID><DEFAULTVOUCHERNUMBERALLOCATIONRULE>DateProdChange</DEFAULTVOUCHERNUMBERALLOCATIONRULE><DEFAULTVOUCHERNUMBERSELECTIONRULE>Post</DEFAULTVOUCHERNUMBERSELECTIONRULE><DEFAULTVOUCHERNUMBERSEQUENCECODE>Prod_14</DEFAULTVOUCHERNUMBERSEQUENCECODE><JOURNALNAMEID>PICK</JOURNALNAMEID><JOURNALTYPE>Picklist</JOURNALTYPE><WILLPOSTINGDELETELINESBYDEFAULT>No</WILLPOSTINGDELETELINESBYDEFAULT></PRODUCTIONJOURNALNAMEENTITY><PRODUCTIONJOURNALNAMEENTITY><DEFAULTJOURNALDESCRIPTION>Route Card Journal</DEFAULTJOURNALDESCRIPTION><DEFAULTPOSTINGSUMMATIONLEVEL>Summary</DEFAULTPOSTINGSUMMATIONLEVEL><DEFAULTPRIVATEUSERGROUPID></DEFAULTPRIVATEUSERGROUPID><DEFAULTVOUCHERNUMBERALLOCATIONRULE>DateProdChange</DEFAULTVOUCHERNUMBERALLOCATIONRULE><DEFAULTVOUCHERNUMBERSELECTIONRULE>Post</DEFAULTVOUCHERNUMBERSELECTIONRULE><DEFAULTVOUCHERNUMBERSEQUENCECODE>Prod_14</DEFAULTVOUCHERNUMBERSEQUENCECODE><JOURNALNAMEID>ROUTE</JOURNALNAMEID><JOURNALTYPE>RouteCard</JOURNALTYPE><WILLPOSTINGDELETELINESBYDEFAULT>No</WILLPOSTINGDELETELINESBYDEFAULT></PRODUCTIONJOURNALNAMEENTITY></Document>