﻿<?xml version="1.0" encoding="utf-8"?><Document><PRODPRODUCTIONCONTROLPARAMETERSENTITY><AREROUTENETWORKSENABLED>No</AREROUTENETWORKSENABLED><AREROUTEVERSIONVALIDDATESMANDATORY>No</AREROUTEVERSIONVALIDDATESMANDATORY><AUTOMATICSCHEDULINGMETHOD>OperationScheduling</AUTOMATICSCHEDULINGMETHOD><DEFAULTBURDENROUTECOSTCATEGORYID></DEFAULTBURDENROUTECOSTCATEGORYID><DEFAULTJOBCARDPRODUCTIONJOURNALNAMEID>JOB</DEFAULTJOBCARDPRODUCTIONJOURNALNAMEID><DEFAULTPICKINGLISTPRODUCTIONJOURNALNAMEID>PICK</DEFAULTPICKINGLISTPRODUCTIONJOURNALNAMEID><DEFAULTPRODUCTIONFLOWQUANTITYUNITSYMBOL></DEFAULTPRODUCTIONFLOWQUANTITYUNITSYMBOL><DEFAULTPRODUCTIONFLOWTIMEUNITSYMBOL></DEFAULTPRODUCTIONFLOWTIMEUNITSYMBOL><DEFAULTPRODUCTIONJOURNALNAMEID>FINISH</DEFAULTPRODUCTIONJOURNALNAMEID><DEFAULTPRODUCTIONORDERAUTORESERVATIONMODE>Start</DEFAULTPRODUCTIONORDERAUTORESERVATIONMODE><DEFAULTPRODUCTIONORDERLEDGERPOSTINGRULE>ItemWrkCtr</DEFAULTPRODUCTIONORDERLEDGERPOSTINGRULE><DEFAULTPRODUCTIONORDERPROFITSETTINGMETHOD>Standard</DEFAULTPRODUCTIONORDERPROFITSETTINGMETHOD><DEFAULTPRODUCTIONORDERWAREHOUSERELEASERESERVATIONREQUIREMENTRULE>AllowPartialReservation</DEFAULTPRODUCTIONORDERWAREHOUSERELEASERESERVATIONREQUIREMENTRULE><DEFAULTROUTECARDPRODUCTIONJOURNALNAMEID>ROUTE</DEFAULTROUTECARDPRODUCTIONJOURNALNAMEID><ISAPPROVEDROUTEEDITINGALLOWED>No</ISAPPROVEDROUTEEDITINGALLOWED><ISCREATEDTOENDEDSTATUSCHANGEDALLOWED>No</ISCREATEDTOENDEDSTATUSCHANGEDALLOWED><ISCREATEDTOESTIMATEDSTATUSCHANGEDALLOWED>Yes</ISCREATEDTOESTIMATEDSTATUSCHANGEDALLOWED><ISCREATEDTOJOBSCHEDULEDSTATUSCHANGEDALLOWED>No</ISCREATEDTOJOBSCHEDULEDSTATUSCHANGEDALLOWED><ISCREATEDTOOPERATIONSSCHEDULEDSTATUSCHANGEDALLOWED>No</ISCREATEDTOOPERATIONSSCHEDULEDSTATUSCHANGEDALLOWED><ISCREATEDTORELEASEDSTATUSCHANGEDALLOWED>No</ISCREATEDTORELEASEDSTATUSCHANGEDALLOWED><ISCREATEDTOREPORTEDASFINISHEDSTATUSCHANGEDALLOWED>No</ISCREATEDTOREPORTEDASFINISHEDSTATUSCHANGEDALLOWED><ISCREATEDTOSTARTEDSTATUSCHANGEDALLOWED>No</ISCREATEDTOSTARTEDSTATUSCHANGEDALLOWED><ISESTIMATEDTOCREATEDSTATUSCHANGEDALLOWED>Yes</ISESTIMATEDTOCREATEDSTATUSCHANGEDALLOWED><ISESTIMATEDTOENDEDSTATUSCHANGEDALLOWED>No</ISESTIMATEDTOENDEDSTATUSCHANGEDALLOWED><ISESTIMATEDTOJOBSCHEDULEDSTATUSCHANGEDALLOWED>Yes</ISESTIMATEDTOJOBSCHEDULEDSTATUSCHANGEDALLOWED><ISESTIMATEDTOOPERATIONSSCHEDULEDSTATUSCHANGEDALLOWED>Yes</ISESTIMATEDTOOPERATIONSSCHEDULEDSTATUSCHANGEDALLOWED><ISESTIMATEDTORELEASEDSTATUSCHANGEDALLOWED>No</ISESTIMATEDTORELEASEDSTATUSCHANGEDALLOWED><ISESTIMATEDTOREPORTEDASFINISHEDSTATUSCHANGEDALLOWED>No</ISESTIMATEDTOREPORTEDASFINISHEDSTATUSCHANGEDALLOWED><ISESTIMATEDTOSTARTEDSTATUSCHANGEDALLOWED>No</ISESTIMATEDTOSTARTEDSTATUSCHANGEDALLOWED><ISJOBSCHEDULEDTOCREATEDSTATUSCHANGEDALLOWED>No</ISJOBSCHEDULEDTOCREATEDSTATUSCHANGEDALLOWED><ISJOBSCHEDULEDTOENDEDSTATUSCHANGEDALLOWED>No</ISJOBSCHEDULEDTOENDEDSTATUSCHANGEDALLOWED><ISJOBSCHEDULEDTOESTIMATEDSTATUSCHANGEDALLOWED>Yes</ISJOBSCHEDULEDTOESTIMATEDSTATUSCHANGEDALLOWED><ISJOBSCHEDULEDTOOPERATIONSSCHEDULEDSTATUSCHANGEDALLOWED>Yes</ISJOBSCHEDULEDTOOPERATIONSSCHEDULEDSTATUSCHANGEDALLOWED><ISJOBSCHEDULEDTORELEASEDSTATUSCHANGEDALLOWED>Yes</ISJOBSCHEDULEDTORELEASEDSTATUSCHANGEDALLOWED><ISJOBSCHEDULEDTOREPORTEDASFINISHEDSTATUSCHANGEDALLOWED>No</ISJOBSCHEDULEDTOREPORTEDASFINISHEDSTATUSCHANGEDALLOWED><ISJOBSCHEDULEDTOSTARTEDSTATUSCHANGEDALLOWED>No</ISJOBSCHEDULEDTOSTARTEDSTATUSCHANGEDALLOWED><ISLEANCOSTINGFULLBATCHPARALLELIZATIONENABLED>No</ISLEANCOSTINGFULLBATCHPARALLELIZATIONENABLED><ISOPERATIONSSCHEDULEDTOCREATEDSTATUSCHANGEDALLOWED>No</ISOPERATIONSSCHEDULEDTOCREATEDSTATUSCHANGEDALLOWED><ISOPERATIONSSCHEDULEDTOENDEDSTATUSCHANGEDALLOWED>No</ISOPERATIONSSCHEDULEDTOENDEDSTATUSCHANGEDALLOWED><ISOPERATIONSSCHEDULEDTOESTIMATEDSTATUSCHANGEDALLOWED>Yes</ISOPERATIONSSCHEDULEDTOESTIMATEDSTATUSCHANGEDALLOWED><ISOPERATIONSSCHEDULEDTOJOBSCHEDULEDSTATUSCHANGEDALLOWED>Yes</ISOPERATIONSSCHEDULEDTOJOBSCHEDULEDSTATUSCHANGEDALLOWED><ISOPERATIONSSCHEDULEDTORELEASEDSTATUSCHANGEDALLOWED>Yes</ISOPERATIONSSCHEDULEDTORELEASEDSTATUSCHANGEDALLOWED><ISOPERATIONSSCHEDULEDTOREPORTEDASFINISHEDSTATUSCHANGEDALLOWED>No</ISOPERATIONSSCHEDULEDTOREPORTEDASFINISHEDSTATUSCHANGEDALLOWED><ISOPERATIONSSCHEDULEDTOSTARTEDSTATUSCHANGEDALLOWED>No</ISOPERATIONSSCHEDULEDTOSTARTEDSTATUSCHANGEDALLOWED><ISRELEASEDTOCREATEDSTATUSCHANGEDALLOWED>No</ISRELEASEDTOCREATEDSTATUSCHANGEDALLOWED><ISRELEASEDTOENDEDSTATUSCHANGEDALLOWED>No</ISRELEASEDTOENDEDSTATUSCHANGEDALLOWED><ISRELEASEDTOESTIMATEDSTATUSCHANGEDALLOWED>No</ISRELEASEDTOESTIMATEDSTATUSCHANGEDALLOWED><ISRELEASEDTOJOBSCHEDULEDSTATUSCHANGEDALLOWED>Yes</ISRELEASEDTOJOBSCHEDULEDSTATUSCHANGEDALLOWED><ISRELEASEDTOOPERATIONSSCHEDULEDSTATUSCHANGEDALLOWED>Yes</ISRELEASEDTOOPERATIONSSCHEDULEDSTATUSCHANGEDALLOWED><ISRELEASEDTOREPORTEDASFINISHEDSTATUSCHANGEDALLOWED>No</ISRELEASEDTOREPORTEDASFINISHEDSTATUSCHANGEDALLOWED><ISRELEASEDTOSTARTEDSTATUSCHANGEDALLOWED>Yes</ISRELEASEDTOSTARTEDSTATUSCHANGEDALLOWED><ISREPORTEDASFINISHEDTOCREATEDSTATUSCHANGEDALLOWED>No</ISREPORTEDASFINISHEDTOCREATEDSTATUSCHANGEDALLOWED><ISREPORTEDASFINISHEDTOENDEDSTATUSCHANGEDALLOWED>Yes</ISREPORTEDASFINISHEDTOENDEDSTATUSCHANGEDALLOWED><ISREPORTEDASFINISHEDTOESTIMATEDSTATUSCHANGEDALLOWED>No</ISREPORTEDASFINISHEDTOESTIMATEDSTATUSCHANGEDALLOWED><ISREPORTEDASFINISHEDTOJOBSCHEDULEDSTATUSCHANGEDALLOWED>No</ISREPORTEDASFINISHEDTOJOBSCHEDULEDSTATUSCHANGEDALLOWED><ISREPORTEDASFINISHEDTOOPERATIONSSCHEDULEDSTATUSCHANGEDALLOWED>No</ISREPORTEDASFINISHEDTOOPERATIONSSCHEDULEDSTATUSCHANGEDALLOWED><ISREPORTEDASFINISHEDTORELEASEDSTATUSCHANGEDALLOWED>No</ISREPORTEDASFINISHEDTORELEASEDSTATUSCHANGEDALLOWED><ISREPORTEDASFINISHEDTOSTARTEDSTATUSCHANGEDALLOWED>Yes</ISREPORTEDASFINISHEDTOSTARTEDSTATUSCHANGEDALLOWED><ISROUTEAPPROVALREMOVALALLOWED>No</ISROUTEAPPROVALREMOVALALLOWED><ISROUTECARDHOURCOSTCATEGORYMANDATORY>No</ISROUTECARDHOURCOSTCATEGORYMANDATORY><ISROUTECARDQUANTITYCOSTCATEGORYMANDATORY>No</ISROUTECARDQUANTITYCOSTCATEGORYMANDATORY><ISSTARTEDTOCREATEDSTATUSCHANGEDALLOWED>No</ISSTARTEDTOCREATEDSTATUSCHANGEDALLOWED><ISSTARTEDTOENDEDSTATUSCHANGEDALLOWED>No</ISSTARTEDTOENDEDSTATUSCHANGEDALLOWED><ISSTARTEDTOESTIMATEDSTATUSCHANGEDALLOWED>No</ISSTARTEDTOESTIMATEDSTATUSCHANGEDALLOWED><ISSTARTEDTOJOBSCHEDULEDSTATUSCHANGEDALLOWED>No</ISSTARTEDTOJOBSCHEDULEDSTATUSCHANGEDALLOWED><ISSTARTEDTOOPERATIONSSCHEDULEDSTATUSCHANGEDALLOWED>No</ISSTARTEDTOOPERATIONSSCHEDULEDSTATUSCHANGEDALLOWED><ISSTARTEDTORELEASEDSTATUSCHANGEDALLOWED>Yes</ISSTARTEDTORELEASEDSTATUSCHANGEDALLOWED><ISSTARTEDTOREPORTEDASFINISHEDSTATUSCHANGEDALLOWED>Yes</ISSTARTEDTOREPORTEDASFINISHEDSTATUSCHANGEDALLOWED><KANBANPRODUCTIONINSTRUCTIONDOCUMENATTACHMENTTYPECODE></KANBANPRODUCTIONINSTRUCTIONDOCUMENATTACHMENTTYPECODE><MAXIMUMJOBSCHEDULINGJOBLEADTIMEDAYS>100</MAXIMUMJOBSCHEDULINGJOBLEADTIMEDAYS><PARAMETERUSAGELEVEL>Company</PARAMETERUSAGELEVEL><PRODUCTIONCOSTRECALCULATIONPRODUCTIONORDERBUNDLESIZE>0</PRODUCTIONCOSTRECALCULATIONPRODUCTIONORDERBUNDLESIZE><PRODUCTIONENDINGSCRAPMETHOD>Allocation</PRODUCTIONENDINGSCRAPMETHOD><PRODUCTIONLINERELEASETOWAREHOUSEPRINCIPLE>OnProdOrderRelease</PRODUCTIONLINERELEASETOWAREHOUSEPRINCIPLE><PRODUCTIONSTARTAUTOMATICBOMCONSUMPTIONRULE>FlushingPrincip</PRODUCTIONSTARTAUTOMATICBOMCONSUMPTIONRULE><PRODUCTIONSTARTAUTOMATICROUTECONSUMPTIONRULE>RouteDependent</PRODUCTIONSTARTAUTOMATICROUTECONSUMPTIONRULE><PURCHASEPRODUCTRECEIPTAUTOMATICBOMCONSUMPTIONRULE>FlushingPrincip</PURCHASEPRODUCTRECEIPTAUTOMATICBOMCONSUMPTIONRULE><PURCHASEPRODUCTRECEIPTAUTOMATICROUTECONSUMPTIONRULE>RouteDependent</PURCHASEPRODUCTRECEIPTAUTOMATICROUTECONSUMPTIONRULE><REPORTASFINISHEDAUTOMATICBOMCONSUMPTIONRULE>Never</REPORTASFINISHEDAUTOMATICBOMCONSUMPTIONRULE><REPORTASFINISHEDAUTOMATICROUTECONSUMPTIONRULE>Never</REPORTASFINISHEDAUTOMATICROUTECONSUMPTIONRULE><REPORTASFINISHEDPOSTINGMETHOD>Immediate</REPORTASFINISHEDPOSTINGMETHOD><TIMECALCULATIONDAYSUNITSYMBOL></TIMECALCULATIONDAYSUNITSYMBOL><TIMECALCULATIONHOURSUNITSYMBOL></TIMECALCULATIONHOURSUNITSYMBOL><TIMECALCULATIONMINUTESUNITSYMBOL></TIMECALCULATIONMINUTESUNITSYMBOL><TIMECALCULATIONSECONDSUNITSYMBOL></TIMECALCULATIONSECONDSUNITSYMBOL><WILLCAPACITYPLANNINGINCLUDEPLANNEDORDERS>No</WILLCAPACITYPLANNINGINCLUDEPLANNEDORDERS><WILLCAPACITYPLANNINGINCLUDEPROJECTHOURFORECASTS>No</WILLCAPACITYPLANNINGINCLUDEPROJECTHOURFORECASTS><WILLESTIMATIONPURCHASEORDERCREATIONFINDPURCHASEAGREEMENTS>No</WILLESTIMATIONPURCHASEORDERCREATIONFINDPURCHASEAGREEMENTS><WILLESTIMATIONPURCHASEORDERCREATIONGROUPBYBUYERGROUP>No</WILLESTIMATIONPURCHASEORDERCREATIONGROUPBYBUYERGROUP><WILLESTIMATIONPURCHASEORDERCREATIONGROUPBYPURCHASEAGREEMENT>No</WILLESTIMATIONPURCHASEORDERCREATIONGROUPBYPURCHASEAGREEMENT><WILLESTIMATIONPURCHASEORDERCREATIONGROUPBYVENDOR>Yes</WILLESTIMATIONPURCHASEORDERCREATIONGROUPBYVENDOR><WILLLASTOPERATIONENDINGEXECUTEREPORTASFINISHEDBYDEFAULT>No</WILLLASTOPERATIONENDINGEXECUTEREPORTASFINISHEDBYDEFAULT><WILLLEANBATCHPROCESSINGSPLITLEDGERVOUCHERTRANSACTIONS>Yes</WILLLEANBATCHPROCESSINGSPLITLEDGERVOUCHERTRANSACTIONS><WILLNONSTANDARDROUTEVERSIONBATCHORDERUSAGEALERTUSER>No</WILLNONSTANDARDROUTEVERSIONBATCHORDERUSAGEALERTUSER><WILLONLYPRODUCTIONENDINGUPDATECOSTCALCULATION>No</WILLONLYPRODUCTIONENDINGUPDATECOSTCALCULATION><WILLPICKINGLISTJOURNALLINEPROPOSEDQUANTITYOVERRIDECONSUMPTIONQUANTITYBYDEFAULT>No</WILLPICKINGLISTJOURNALLINEPROPOSEDQUANTITYOVERRIDECONSUMPTIONQUANTITYBYDEFAULT><WILLPRODUCTIONESTIMATIONCALCULATEESTIMATEDUNITCOST>Yes</WILLPRODUCTIONESTIMATIONCALCULATEESTIMATEDUNITCOST><WILLPRODUCTIONPICKINGLISTPOSTINGALLOWNEGATIVEINVENTORY>Yes</WILLPRODUCTIONPICKINGLISTPOSTINGALLOWNEGATIVEINVENTORY><WILLPRODUCTIONPICKINGLISTPOSTINGREDUCETOAVAILABLEQUANTITY>No</WILLPRODUCTIONPICKINGLISTPOSTINGREDUCETOAVAILABLEQUANTITY><WILLPRODUCTIONPICKINGLISTPOSTINLEDGER>No</WILLPRODUCTIONPICKINGLISTPOSTINLEDGER><WILLPRODUCTIONPOSTINGEXCLUDETRANSACTIONTYPE>No</WILLPRODUCTIONPOSTINGEXCLUDETRANSACTIONTYPE><WILLPURCHASEPRODUCTRECEIPTDISPLAYROUTECARDINFORMATION>No</WILLPURCHASEPRODUCTRECEIPTDISPLAYROUTECARDINFORMATION><WILLREPORTASFINISHEDINCREASEREMAININGQUANTITYWITHERRORQUANTITY>No</WILLREPORTASFINISHEDINCREASEREMAININGQUANTITYWITHERRORQUANTITY><WILLREPORTASFINISHEDPOSTINGACCEPTQUANTITYERRORBYDEFAULT>No</WILLREPORTASFINISHEDPOSTINGACCEPTQUANTITYERRORBYDEFAULT><WILLREPORTASFINISHEDPOSTINGAUTOMATICALLYPOSTPICKINGLISTBYDEFAULT>No</WILLREPORTASFINISHEDPOSTINGAUTOMATICALLYPOSTPICKINGLISTBYDEFAULT><WILLREPORTASFINISHEDPOSTINLEDGER>No</WILLREPORTASFINISHEDPOSTINLEDGER><WILLREPORTASFINISHEDUSEESTIMATEDUNITCOST>No</WILLREPORTASFINISHEDUSEESTIMATEDUNITCOST><WILLREPORTEDASFINISHEDDELETECAPACITYRESERVATIONS>No</WILLREPORTEDASFINISHEDDELETECAPACITYRESERVATIONS><WILLROUTECARDPOSTINGAUTOMATICALLYPOSTPICKINGLISTBYDEFAULT>No</WILLROUTECARDPOSTINGAUTOMATICALLYPOSTPICKINGLISTBYDEFAULT><WILLROUTECARDPOSTINGUPDATECAPACITYPLAN>No</WILLROUTECARDPOSTINGUPDATECAPACITYPLAN><WILLSCHEDULINGCONSIDERFINITECAPACITYBYDEFAULT>No</WILLSCHEDULINGCONSIDERFINITECAPACITYBYDEFAULT><WILLSCHEDULINGCONSIDERFINITEMATERIALSBYDEFAULT>No</WILLSCHEDULINGCONSIDERFINITEMATERIALSBYDEFAULT><WILLSCHEDULINGCONSIDERFINITEPROPERTYBYDEFAULT>No</WILLSCHEDULINGCONSIDERFINITEPROPERTYBYDEFAULT></PRODPRODUCTIONCONTROLPARAMETERSENTITY></Document>