﻿<?xml version="1.0" encoding="utf-8"?><Document><OPRESOPERATIONSRESOURCEGROUPWORKCALENDARASSIGNMENTENTITY><OPERATIONSRESOURCEGROUPID>BOTTLERS</OPERATIONSRESOURCEGROUPID><VALIDFROM>2024-08-26T00:00:00</VALIDFROM><VALIDTO>2154-12-31T00:00:00</VALIDTO><WORKCALENDARID>STANDARD</WORKCALENDARID></OPRESOPERATIONSRESOURCEGROUPWORKCALENDARASSIGNMENTENTITY><OPRESOPERATIONSRESOURCEGROUPWORKCALENDARASSIGNMENTENTITY><OPERATIONSRESOURCEGROUPID>CAULDRONS</OPERATIONSRESOURCEGROUPID><VALIDFROM>2024-08-26T00:00:00</VALIDFROM><VALIDTO>2154-12-31T00:00:00</VALIDTO><WORKCALENDARID>STANDARD</WORKCALENDARID></OPRESOPERATIONSRESOURCEGROUPWORKCALENDARASSIGNMENTENTITY><OPRESOPERATIONSRESOURCEGROUPWORKCALENDARASSIGNMENTENTITY><OPERATIONSRESOURCEGROUPID>DISTILLERS</OPERATIONSRESOURCEGROUPID><VALIDFROM>2024-08-26T00:00:00</VALIDFROM><VALIDTO>2154-12-31T00:00:00</VALIDTO><WORKCALENDARID>STANDARD</WORKCALENDARID></OPRESOPERATIONSRESOURCEGROUPWORKCALENDARASSIGNMENTENTITY><OPRESOPERATIONSRESOURCEGROUPWORKCALENDARASSIGNMENTENTITY><OPERATIONSRESOURCEGROUPID>DRYERS</OPERATIONSRESOURCEGROUPID><VALIDFROM>2024-08-26T00:00:00</VALIDFROM><VALIDTO>2154-12-31T00:00:00</VALIDTO><WORKCALENDARID>STANDARD</WORKCALENDARID></OPRESOPERATIONSRESOURCEGROUPWORKCALENDARASSIGNMENTENTITY><OPRESOPERATIONSRESOURCEGROUPWORKCALENDARASSIGNMENTENTITY><OPERATIONSRESOURCEGROUPID>PRESSES</OPERATIONSRESOURCEGROUPID><VALIDFROM>2024-08-26T00:00:00</VALIDFROM><VALIDTO>2154-12-31T00:00:00</VALIDTO><WORKCALENDARID>STANDARD</WORKCALENDARID></OPRESOPERATIONSRESOURCEGROUPWORKCALENDARASSIGNMENTENTITY><OPRESOPERATIONSRESOURCEGROUPWORKCALENDARASSIGNMENTENTITY><OPERATIONSRESOURCEGROUPID>STRAINERS</OPERATIONSRESOURCEGROUPID><VALIDFROM>2024-08-26T00:00:00</VALIDFROM><VALIDTO>2154-12-31T00:00:00</VALIDTO><WORKCALENDARID>STANDARD</WORKCALENDARID></OPRESOPERATIONSRESOURCEGROUPWORKCALENDARASSIGNMENTENTITY></Document>