﻿<?xml version="1.0" encoding="utf-8"?><Document><WRKCTRSITESPECIFICOPERATIONSRESOURCESCHEDULINGPARAMETERSENTITY><ISLOGGINGONLYONERRORENABLED /><ISSCHEDULINGOPTIMIZATIONSEQUENCETIMEOUTENABLED /><ISSCHEDULINGSEQUENCETIMEOUTENABLED /><PRIMARYOPERATIONSRESOURCESELECTIONMETHOD /><SCHEDULINGOPTIMIZATIONSEQUENCETIMEOUTSECONDS /><SCHEDULINGSEQUENCETIMEOUTSECONDS /><SITEID /><WILLRESCHEDULINGPRESERVEPRODUCTIONUNIT /><WILLRESCHEDULINGPRESERVEWAREHOUSE /></WRKCTRSITESPECIFICOPERATIONSRESOURCESCHEDULINGPARAMETERSENTITY></Document>