﻿<?xml version="1.0" encoding="utf-8"?><Document><ROUTEOPERATIONPROPERTIESRESOURCEREQUIREMENTENTITY><ITEMNUMBER>POTIONCUREBOILS</ITEMNUMBER><MINIMUMREQUIREDCAPABILITYLEVEL></MINIMUMREQUIREDCAPABILITYLEVEL><PRODUCTCONFIGURATIONID></PRODUCTCONFIGURATIONID><PRODUCTGROUPID></PRODUCTGROUPID><PRODUCTIONSITEID>WD</PRODUCTIONSITEID><RECORDID>5637144576</RECORDID><REQUIREDCAPABILITYNAME></REQUIREDCAPABILITYNAME><REQUIREDCERTIFICATETYPE></REQUIREDCERTIFICATETYPE><REQUIREDCOURSEID></REQUIREDCOURSEID><REQUIREDOPERATIONSRESOURCEGROUPID>DRYERS</REQUIREDOPERATIONSRESOURCEGROUPID><REQUIREDOPERATIONSRESOURCEID></REQUIREDOPERATIONSRESOURCEID><REQUIREDOPERATIONSRESOURCETYPE></REQUIREDOPERATIONSRESOURCETYPE><REQUIREDSKILLID></REQUIREDSKILLID><REQUIREDSKILLLEVEL></REQUIREDSKILLLEVEL><REQUIREDTITLEID></REQUIREDTITLEID><ROUTEID>WDTC-000001</ROUTEID><ROUTEOPERATIONID>DRYING</ROUTEOPERATIONID><WILLJOBSCHEDULINGUSEREQUIREMENT>Yes</WILLJOBSCHEDULINGUSEREQUIREMENT><WILLOPERATIONSCHEDULINGUSEREQUIREMENT>Yes</WILLOPERATIONSCHEDULINGUSEREQUIREMENT></ROUTEOPERATIONPROPERTIESRESOURCEREQUIREMENTENTITY><ROUTEOPERATIONPROPERTIESRESOURCEREQUIREMENTENTITY><ITEMNUMBER>POTIONCUREBOILS</ITEMNUMBER><MINIMUMREQUIREDCAPABILITYLEVEL></MINIMUMREQUIREDCAPABILITYLEVEL><PRODUCTCONFIGURATIONID></PRODUCTCONFIGURATIONID><PRODUCTGROUPID></PRODUCTGROUPID><PRODUCTIONSITEID>WD</PRODUCTIONSITEID><RECORDID>5637144577</RECORDID><REQUIREDCAPABILITYNAME></REQUIREDCAPABILITYNAME><REQUIREDCERTIFICATETYPE></REQUIREDCERTIFICATETYPE><REQUIREDCOURSEID></REQUIREDCOURSEID><REQUIREDOPERATIONSRESOURCEGROUPID>PRESSES</REQUIREDOPERATIONSRESOURCEGROUPID><REQUIREDOPERATIONSRESOURCEID></REQUIREDOPERATIONSRESOURCEID><REQUIREDOPERATIONSRESOURCETYPE></REQUIREDOPERATIONSRESOURCETYPE><REQUIREDSKILLID></REQUIREDSKILLID><REQUIREDSKILLLEVEL></REQUIREDSKILLLEVEL><REQUIREDTITLEID></REQUIREDTITLEID><ROUTEID>WDTC-000001</ROUTEID><ROUTEOPERATIONID>PRESSING</ROUTEOPERATIONID><WILLJOBSCHEDULINGUSEREQUIREMENT>Yes</WILLJOBSCHEDULINGUSEREQUIREMENT><WILLOPERATIONSCHEDULINGUSEREQUIREMENT>Yes</WILLOPERATIONSCHEDULINGUSEREQUIREMENT></ROUTEOPERATIONPROPERTIESRESOURCEREQUIREMENTENTITY><ROUTEOPERATIONPROPERTIESRESOURCEREQUIREMENTENTITY><ITEMNUMBER>POTIONCUREBOILS</ITEMNUMBER><MINIMUMREQUIREDCAPABILITYLEVEL></MINIMUMREQUIREDCAPABILITYLEVEL><PRODUCTCONFIGURATIONID></PRODUCTCONFIGURATIONID><PRODUCTGROUPID></PRODUCTGROUPID><PRODUCTIONSITEID>WD</PRODUCTIONSITEID><RECORDID>5637144578</RECORDID><REQUIREDCAPABILITYNAME></REQUIREDCAPABILITYNAME><REQUIREDCERTIFICATETYPE></REQUIREDCERTIFICATETYPE><REQUIREDCOURSEID></REQUIREDCOURSEID><REQUIREDOPERATIONSRESOURCEGROUPID>DISTILLERS</REQUIREDOPERATIONSRESOURCEGROUPID><REQUIREDOPERATIONSRESOURCEID></REQUIREDOPERATIONSRESOURCEID><REQUIREDOPERATIONSRESOURCETYPE></REQUIREDOPERATIONSRESOURCETYPE><REQUIREDSKILLID></REQUIREDSKILLID><REQUIREDSKILLLEVEL></REQUIREDSKILLLEVEL><REQUIREDTITLEID></REQUIREDTITLEID><ROUTEID>WDTC-000001</ROUTEID><ROUTEOPERATIONID>DISTILLING</ROUTEOPERATIONID><WILLJOBSCHEDULINGUSEREQUIREMENT>Yes</WILLJOBSCHEDULINGUSEREQUIREMENT><WILLOPERATIONSCHEDULINGUSEREQUIREMENT>Yes</WILLOPERATIONSCHEDULINGUSEREQUIREMENT></ROUTEOPERATIONPROPERTIESRESOURCEREQUIREMENTENTITY><ROUTEOPERATIONPROPERTIESRESOURCEREQUIREMENTENTITY><ITEMNUMBER>POTIONCUREBOILS</ITEMNUMBER><MINIMUMREQUIREDCAPABILITYLEVEL></MINIMUMREQUIREDCAPABILITYLEVEL><PRODUCTCONFIGURATIONID></PRODUCTCONFIGURATIONID><PRODUCTGROUPID></PRODUCTGROUPID><PRODUCTIONSITEID>WD</PRODUCTIONSITEID><RECORDID>5637144579</RECORDID><REQUIREDCAPABILITYNAME></REQUIREDCAPABILITYNAME><REQUIREDCERTIFICATETYPE></REQUIREDCERTIFICATETYPE><REQUIREDCOURSEID></REQUIREDCOURSEID><REQUIREDOPERATIONSRESOURCEGROUPID>CAULDRONS</REQUIREDOPERATIONSRESOURCEGROUPID><REQUIREDOPERATIONSRESOURCEID></REQUIREDOPERATIONSRESOURCEID><REQUIREDOPERATIONSRESOURCETYPE></REQUIREDOPERATIONSRESOURCETYPE><REQUIREDSKILLID></REQUIREDSKILLID><REQUIREDSKILLLEVEL></REQUIREDSKILLLEVEL><REQUIREDTITLEID></REQUIREDTITLEID><ROUTEID>WDTC-000001</ROUTEID><ROUTEOPERATIONID>COOKING</ROUTEOPERATIONID><WILLJOBSCHEDULINGUSEREQUIREMENT>Yes</WILLJOBSCHEDULINGUSEREQUIREMENT><WILLOPERATIONSCHEDULINGUSEREQUIREMENT>Yes</WILLOPERATIONSCHEDULINGUSEREQUIREMENT></ROUTEOPERATIONPROPERTIESRESOURCEREQUIREMENTENTITY><ROUTEOPERATIONPROPERTIESRESOURCEREQUIREMENTENTITY><ITEMNUMBER>POTIONCUREBOILS</ITEMNUMBER><MINIMUMREQUIREDCAPABILITYLEVEL></MINIMUMREQUIREDCAPABILITYLEVEL><PRODUCTCONFIGURATIONID></PRODUCTCONFIGURATIONID><PRODUCTGROUPID></PRODUCTGROUPID><PRODUCTIONSITEID>WD</PRODUCTIONSITEID><RECORDID>5637144580</RECORDID><REQUIREDCAPABILITYNAME></REQUIREDCAPABILITYNAME><REQUIREDCERTIFICATETYPE></REQUIREDCERTIFICATETYPE><REQUIREDCOURSEID></REQUIREDCOURSEID><REQUIREDOPERATIONSRESOURCEGROUPID>STRAINERS</REQUIREDOPERATIONSRESOURCEGROUPID><REQUIREDOPERATIONSRESOURCEID></REQUIREDOPERATIONSRESOURCEID><REQUIREDOPERATIONSRESOURCETYPE></REQUIREDOPERATIONSRESOURCETYPE><REQUIREDSKILLID></REQUIREDSKILLID><REQUIREDSKILLLEVEL></REQUIREDSKILLLEVEL><REQUIREDTITLEID></REQUIREDTITLEID><ROUTEID>WDTC-000001</ROUTEID><ROUTEOPERATIONID>STRAINING</ROUTEOPERATIONID><WILLJOBSCHEDULINGUSEREQUIREMENT>Yes</WILLJOBSCHEDULINGUSEREQUIREMENT><WILLOPERATIONSCHEDULINGUSEREQUIREMENT>Yes</WILLOPERATIONSCHEDULINGUSEREQUIREMENT></ROUTEOPERATIONPROPERTIESRESOURCEREQUIREMENTENTITY><ROUTEOPERATIONPROPERTIESRESOURCEREQUIREMENTENTITY><ITEMNUMBER>POTIONCUREBOILS</ITEMNUMBER><MINIMUMREQUIREDCAPABILITYLEVEL></MINIMUMREQUIREDCAPABILITYLEVEL><PRODUCTCONFIGURATIONID></PRODUCTCONFIGURATIONID><PRODUCTGROUPID></PRODUCTGROUPID><PRODUCTIONSITEID>WD</PRODUCTIONSITEID><RECORDID>5637144581</RECORDID><REQUIREDCAPABILITYNAME></REQUIREDCAPABILITYNAME><REQUIREDCERTIFICATETYPE></REQUIREDCERTIFICATETYPE><REQUIREDCOURSEID></REQUIREDCOURSEID><REQUIREDOPERATIONSRESOURCEGROUPID>BOTTLERS</REQUIREDOPERATIONSRESOURCEGROUPID><REQUIREDOPERATIONSRESOURCEID></REQUIREDOPERATIONSRESOURCEID><REQUIREDOPERATIONSRESOURCETYPE></REQUIREDOPERATIONSRESOURCETYPE><REQUIREDSKILLID></REQUIREDSKILLID><REQUIREDSKILLLEVEL></REQUIREDSKILLLEVEL><REQUIREDTITLEID></REQUIREDTITLEID><ROUTEID>WDTC-000001</ROUTEID><ROUTEOPERATIONID>BOTTLING</ROUTEOPERATIONID><WILLJOBSCHEDULINGUSEREQUIREMENT>Yes</WILLJOBSCHEDULINGUSEREQUIREMENT><WILLOPERATIONSCHEDULINGUSEREQUIREMENT>Yes</WILLOPERATIONSCHEDULINGUSEREQUIREMENT></ROUTEOPERATIONPROPERTIESRESOURCEREQUIREMENTENTITY><ROUTEOPERATIONPROPERTIESRESOURCEREQUIREMENTENTITY><ITEMNUMBER>POTIONTRUTHSERUM</ITEMNUMBER><MINIMUMREQUIREDCAPABILITYLEVEL></MINIMUMREQUIREDCAPABILITYLEVEL><PRODUCTCONFIGURATIONID></PRODUCTCONFIGURATIONID><PRODUCTGROUPID></PRODUCTGROUPID><PRODUCTIONSITEID>WD</PRODUCTIONSITEID><RECORDID>5637144582</RECORDID><REQUIREDCAPABILITYNAME></REQUIREDCAPABILITYNAME><REQUIREDCERTIFICATETYPE></REQUIREDCERTIFICATETYPE><REQUIREDCOURSEID></REQUIREDCOURSEID><REQUIREDOPERATIONSRESOURCEGROUPID>DRYERS</REQUIREDOPERATIONSRESOURCEGROUPID><REQUIREDOPERATIONSRESOURCEID></REQUIREDOPERATIONSRESOURCEID><REQUIREDOPERATIONSRESOURCETYPE></REQUIREDOPERATIONSRESOURCETYPE><REQUIREDSKILLID></REQUIREDSKILLID><REQUIREDSKILLLEVEL></REQUIREDSKILLLEVEL><REQUIREDTITLEID></REQUIREDTITLEID><ROUTEID>WDTC-000002</ROUTEID><ROUTEOPERATIONID>DRYING</ROUTEOPERATIONID><WILLJOBSCHEDULINGUSEREQUIREMENT>Yes</WILLJOBSCHEDULINGUSEREQUIREMENT><WILLOPERATIONSCHEDULINGUSEREQUIREMENT>Yes</WILLOPERATIONSCHEDULINGUSEREQUIREMENT></ROUTEOPERATIONPROPERTIESRESOURCEREQUIREMENTENTITY><ROUTEOPERATIONPROPERTIESRESOURCEREQUIREMENTENTITY><ITEMNUMBER>POTIONTRUTHSERUM</ITEMNUMBER><MINIMUMREQUIREDCAPABILITYLEVEL></MINIMUMREQUIREDCAPABILITYLEVEL><PRODUCTCONFIGURATIONID></PRODUCTCONFIGURATIONID><PRODUCTGROUPID></PRODUCTGROUPID><PRODUCTIONSITEID>WD</PRODUCTIONSITEID><RECORDID>5637144583</RECORDID><REQUIREDCAPABILITYNAME></REQUIREDCAPABILITYNAME><REQUIREDCERTIFICATETYPE></REQUIREDCERTIFICATETYPE><REQUIREDCOURSEID></REQUIREDCOURSEID><REQUIREDOPERATIONSRESOURCEGROUPID>PRESSES</REQUIREDOPERATIONSRESOURCEGROUPID><REQUIREDOPERATIONSRESOURCEID></REQUIREDOPERATIONSRESOURCEID><REQUIREDOPERATIONSRESOURCETYPE></REQUIREDOPERATIONSRESOURCETYPE><REQUIREDSKILLID></REQUIREDSKILLID><REQUIREDSKILLLEVEL></REQUIREDSKILLLEVEL><REQUIREDTITLEID></REQUIREDTITLEID><ROUTEID>WDTC-000002</ROUTEID><ROUTEOPERATIONID>PRESSING</ROUTEOPERATIONID><WILLJOBSCHEDULINGUSEREQUIREMENT>Yes</WILLJOBSCHEDULINGUSEREQUIREMENT><WILLOPERATIONSCHEDULINGUSEREQUIREMENT>Yes</WILLOPERATIONSCHEDULINGUSEREQUIREMENT></ROUTEOPERATIONPROPERTIESRESOURCEREQUIREMENTENTITY><ROUTEOPERATIONPROPERTIESRESOURCEREQUIREMENTENTITY><ITEMNUMBER>POTIONTRUTHSERUM</ITEMNUMBER><MINIMUMREQUIREDCAPABILITYLEVEL></MINIMUMREQUIREDCAPABILITYLEVEL><PRODUCTCONFIGURATIONID></PRODUCTCONFIGURATIONID><PRODUCTGROUPID></PRODUCTGROUPID><PRODUCTIONSITEID>WD</PRODUCTIONSITEID><RECORDID>5637144584</RECORDID><REQUIREDCAPABILITYNAME></REQUIREDCAPABILITYNAME><REQUIREDCERTIFICATETYPE></REQUIREDCERTIFICATETYPE><REQUIREDCOURSEID></REQUIREDCOURSEID><REQUIREDOPERATIONSRESOURCEGROUPID>DISTILLERS</REQUIREDOPERATIONSRESOURCEGROUPID><REQUIREDOPERATIONSRESOURCEID></REQUIREDOPERATIONSRESOURCEID><REQUIREDOPERATIONSRESOURCETYPE></REQUIREDOPERATIONSRESOURCETYPE><REQUIREDSKILLID></REQUIREDSKILLID><REQUIREDSKILLLEVEL></REQUIREDSKILLLEVEL><REQUIREDTITLEID></REQUIREDTITLEID><ROUTEID>WDTC-000002</ROUTEID><ROUTEOPERATIONID>DISTILLING</ROUTEOPERATIONID><WILLJOBSCHEDULINGUSEREQUIREMENT>Yes</WILLJOBSCHEDULINGUSEREQUIREMENT><WILLOPERATIONSCHEDULINGUSEREQUIREMENT>Yes</WILLOPERATIONSCHEDULINGUSEREQUIREMENT></ROUTEOPERATIONPROPERTIESRESOURCEREQUIREMENTENTITY><ROUTEOPERATIONPROPERTIESRESOURCEREQUIREMENTENTITY><ITEMNUMBER>POTIONTRUTHSERUM</ITEMNUMBER><MINIMUMREQUIREDCAPABILITYLEVEL></MINIMUMREQUIREDCAPABILITYLEVEL><PRODUCTCONFIGURATIONID></PRODUCTCONFIGURATIONID><PRODUCTGROUPID></PRODUCTGROUPID><PRODUCTIONSITEID>WD</PRODUCTIONSITEID><RECORDID>5637144585</RECORDID><REQUIREDCAPABILITYNAME></REQUIREDCAPABILITYNAME><REQUIREDCERTIFICATETYPE></REQUIREDCERTIFICATETYPE><REQUIREDCOURSEID></REQUIREDCOURSEID><REQUIREDOPERATIONSRESOURCEGROUPID>CAULDRONS</REQUIREDOPERATIONSRESOURCEGROUPID><REQUIREDOPERATIONSRESOURCEID></REQUIREDOPERATIONSRESOURCEID><REQUIREDOPERATIONSRESOURCETYPE></REQUIREDOPERATIONSRESOURCETYPE><REQUIREDSKILLID></REQUIREDSKILLID><REQUIREDSKILLLEVEL></REQUIREDSKILLLEVEL><REQUIREDTITLEID></REQUIREDTITLEID><ROUTEID>WDTC-000002</ROUTEID><ROUTEOPERATIONID>COOKING</ROUTEOPERATIONID><WILLJOBSCHEDULINGUSEREQUIREMENT>Yes</WILLJOBSCHEDULINGUSEREQUIREMENT><WILLOPERATIONSCHEDULINGUSEREQUIREMENT>Yes</WILLOPERATIONSCHEDULINGUSEREQUIREMENT></ROUTEOPERATIONPROPERTIESRESOURCEREQUIREMENTENTITY><ROUTEOPERATIONPROPERTIESRESOURCEREQUIREMENTENTITY><ITEMNUMBER>POTIONTRUTHSERUM</ITEMNUMBER><MINIMUMREQUIREDCAPABILITYLEVEL></MINIMUMREQUIREDCAPABILITYLEVEL><PRODUCTCONFIGURATIONID></PRODUCTCONFIGURATIONID><PRODUCTGROUPID></PRODUCTGROUPID><PRODUCTIONSITEID>WD</PRODUCTIONSITEID><RECORDID>5637144586</RECORDID><REQUIREDCAPABILITYNAME></REQUIREDCAPABILITYNAME><REQUIREDCERTIFICATETYPE></REQUIREDCERTIFICATETYPE><REQUIREDCOURSEID></REQUIREDCOURSEID><REQUIREDOPERATIONSRESOURCEGROUPID>STRAINERS</REQUIREDOPERATIONSRESOURCEGROUPID><REQUIREDOPERATIONSRESOURCEID></REQUIREDOPERATIONSRESOURCEID><REQUIREDOPERATIONSRESOURCETYPE></REQUIREDOPERATIONSRESOURCETYPE><REQUIREDSKILLID></REQUIREDSKILLID><REQUIREDSKILLLEVEL></REQUIREDSKILLLEVEL><REQUIREDTITLEID></REQUIREDTITLEID><ROUTEID>WDTC-000002</ROUTEID><ROUTEOPERATIONID>STRAINING</ROUTEOPERATIONID><WILLJOBSCHEDULINGUSEREQUIREMENT>Yes</WILLJOBSCHEDULINGUSEREQUIREMENT><WILLOPERATIONSCHEDULINGUSEREQUIREMENT>Yes</WILLOPERATIONSCHEDULINGUSEREQUIREMENT></ROUTEOPERATIONPROPERTIESRESOURCEREQUIREMENTENTITY><ROUTEOPERATIONPROPERTIESRESOURCEREQUIREMENTENTITY><ITEMNUMBER>POTIONTRUTHSERUM</ITEMNUMBER><MINIMUMREQUIREDCAPABILITYLEVEL></MINIMUMREQUIREDCAPABILITYLEVEL><PRODUCTCONFIGURATIONID></PRODUCTCONFIGURATIONID><PRODUCTGROUPID></PRODUCTGROUPID><PRODUCTIONSITEID>WD</PRODUCTIONSITEID><RECORDID>5637144587</RECORDID><REQUIREDCAPABILITYNAME></REQUIREDCAPABILITYNAME><REQUIREDCERTIFICATETYPE></REQUIREDCERTIFICATETYPE><REQUIREDCOURSEID></REQUIREDCOURSEID><REQUIREDOPERATIONSRESOURCEGROUPID>BOTTLERS</REQUIREDOPERATIONSRESOURCEGROUPID><REQUIREDOPERATIONSRESOURCEID></REQUIREDOPERATIONSRESOURCEID><REQUIREDOPERATIONSRESOURCETYPE></REQUIREDOPERATIONSRESOURCETYPE><REQUIREDSKILLID></REQUIREDSKILLID><REQUIREDSKILLLEVEL></REQUIREDSKILLLEVEL><REQUIREDTITLEID></REQUIREDTITLEID><ROUTEID>WDTC-000002</ROUTEID><ROUTEOPERATIONID>BOTTLING</ROUTEOPERATIONID><WILLJOBSCHEDULINGUSEREQUIREMENT>Yes</WILLJOBSCHEDULINGUSEREQUIREMENT><WILLOPERATIONSCHEDULINGUSEREQUIREMENT>Yes</WILLOPERATIONSCHEDULINGUSEREQUIREMENT></ROUTEOPERATIONPROPERTIESRESOURCEREQUIREMENTENTITY></Document>