﻿<?xml version="1.0" encoding="utf-8"?><Document><OPRESOPERATIONSRESOURCEGROUPENTITY><BATCHCAPACITY>0.000000</BATCHCAPACITY><CAPACITY>0.000000</CAPACITY><CAPACITYUNIT>None</CAPACITYUNIT><DEFAULTDIMENSIONDISPLAYVALUE></DEFAULTDIMENSIONDISPLAYVALUE><GROUPID>BOTTLERS</GROUPID><GROUPNAME>Bottlers</GROUPNAME><HASFINITESCHEDULINGCAPACITY>No</HASFINITESCHEDULINGCAPACITY><INPUTWAREHOUSEID>WH-PROD</INPUTWAREHOUSEID><INPUTWAREHOUSELOCATIONID></INPUTWAREHOUSELOCATIONID><ISBOTTLENECKRESOURCEGROUP>No</ISBOTTLENECKRESOURCEGROUP><ISWORKCELL>No</ISWORKCELL><OPERATIONALSITEID>WD</OPERATIONALSITEID><OPERATIONSCHEDULINGPERCENTAGE>100.000000</OPERATIONSCHEDULINGPERCENTAGE><OUTPUTWAREHOUSEID></OUTPUTWAREHOUSEID><OUTPUTWAREHOUSELOCATIONID></OUTPUTWAREHOUSELOCATIONID><PRODUCTIONUNITID>BOTTLING</PRODUCTIONUNITID><QUANTITYCOSTCATEGORYID></QUANTITYCOSTCATEGORYID><RESOURCEISSUELEDGERDIMENSIONDISPLAYVALUE></RESOURCEISSUELEDGERDIMENSIONDISPLAYVALUE><RESOURCEISSUEOFFSETLEDGERDIMENSIONDISPLAYVALUE></RESOURCEISSUEOFFSETLEDGERDIMENSIONDISPLAYVALUE><RUNTIMECOSTCATEGORYID></RUNTIMECOSTCATEGORYID><SCRAPPERCENTAGE>0.000000</SCRAPPERCENTAGE><SETUPCOSTCATEGORYID></SETUPCOSTCATEGORYID><WIPISSUELEDGERDIMENSIONDISPLAYVALUE></WIPISSUELEDGERDIMENSIONDISPLAYVALUE><WIPVALUATIONLEDGERDIMENSIONDISPLAYVALUE></WIPVALUATIONLEDGERDIMENSIONDISPLAYVALUE></OPRESOPERATIONSRESOURCEGROUPENTITY><OPRESOPERATIONSRESOURCEGROUPENTITY><BATCHCAPACITY>0.000000</BATCHCAPACITY><CAPACITY>0.000000</CAPACITY><CAPACITYUNIT>None</CAPACITYUNIT><DEFAULTDIMENSIONDISPLAYVALUE></DEFAULTDIMENSIONDISPLAYVALUE><GROUPID>CAULDRONS</GROUPID><GROUPNAME>Cauldrons</GROUPNAME><HASFINITESCHEDULINGCAPACITY>No</HASFINITESCHEDULINGCAPACITY><INPUTWAREHOUSEID></INPUTWAREHOUSEID><INPUTWAREHOUSELOCATIONID></INPUTWAREHOUSELOCATIONID><ISBOTTLENECKRESOURCEGROUP>No</ISBOTTLENECKRESOURCEGROUP><ISWORKCELL>No</ISWORKCELL><OPERATIONALSITEID>WD</OPERATIONALSITEID><OPERATIONSCHEDULINGPERCENTAGE>100.000000</OPERATIONSCHEDULINGPERCENTAGE><OUTPUTWAREHOUSEID></OUTPUTWAREHOUSEID><OUTPUTWAREHOUSELOCATIONID></OUTPUTWAREHOUSELOCATIONID><PRODUCTIONUNITID></PRODUCTIONUNITID><QUANTITYCOSTCATEGORYID></QUANTITYCOSTCATEGORYID><RESOURCEISSUELEDGERDIMENSIONDISPLAYVALUE></RESOURCEISSUELEDGERDIMENSIONDISPLAYVALUE><RESOURCEISSUEOFFSETLEDGERDIMENSIONDISPLAYVALUE></RESOURCEISSUEOFFSETLEDGERDIMENSIONDISPLAYVALUE><RUNTIMECOSTCATEGORYID></RUNTIMECOSTCATEGORYID><SCRAPPERCENTAGE>0.000000</SCRAPPERCENTAGE><SETUPCOSTCATEGORYID></SETUPCOSTCATEGORYID><WIPISSUELEDGERDIMENSIONDISPLAYVALUE></WIPISSUELEDGERDIMENSIONDISPLAYVALUE><WIPVALUATIONLEDGERDIMENSIONDISPLAYVALUE></WIPVALUATIONLEDGERDIMENSIONDISPLAYVALUE></OPRESOPERATIONSRESOURCEGROUPENTITY><OPRESOPERATIONSRESOURCEGROUPENTITY><BATCHCAPACITY>0.000000</BATCHCAPACITY><CAPACITY>0.000000</CAPACITY><CAPACITYUNIT>None</CAPACITYUNIT><DEFAULTDIMENSIONDISPLAYVALUE></DEFAULTDIMENSIONDISPLAYVALUE><GROUPID>DISTILLERS</GROUPID><GROUPNAME>Distillers</GROUPNAME><HASFINITESCHEDULINGCAPACITY>No</HASFINITESCHEDULINGCAPACITY><INPUTWAREHOUSEID></INPUTWAREHOUSEID><INPUTWAREHOUSELOCATIONID></INPUTWAREHOUSELOCATIONID><ISBOTTLENECKRESOURCEGROUP>No</ISBOTTLENECKRESOURCEGROUP><ISWORKCELL>No</ISWORKCELL><OPERATIONALSITEID>WD</OPERATIONALSITEID><OPERATIONSCHEDULINGPERCENTAGE>100.000000</OPERATIONSCHEDULINGPERCENTAGE><OUTPUTWAREHOUSEID></OUTPUTWAREHOUSEID><OUTPUTWAREHOUSELOCATIONID></OUTPUTWAREHOUSELOCATIONID><PRODUCTIONUNITID></PRODUCTIONUNITID><QUANTITYCOSTCATEGORYID></QUANTITYCOSTCATEGORYID><RESOURCEISSUELEDGERDIMENSIONDISPLAYVALUE></RESOURCEISSUELEDGERDIMENSIONDISPLAYVALUE><RESOURCEISSUEOFFSETLEDGERDIMENSIONDISPLAYVALUE></RESOURCEISSUEOFFSETLEDGERDIMENSIONDISPLAYVALUE><RUNTIMECOSTCATEGORYID></RUNTIMECOSTCATEGORYID><SCRAPPERCENTAGE>0.000000</SCRAPPERCENTAGE><SETUPCOSTCATEGORYID></SETUPCOSTCATEGORYID><WIPISSUELEDGERDIMENSIONDISPLAYVALUE></WIPISSUELEDGERDIMENSIONDISPLAYVALUE><WIPVALUATIONLEDGERDIMENSIONDISPLAYVALUE></WIPVALUATIONLEDGERDIMENSIONDISPLAYVALUE></OPRESOPERATIONSRESOURCEGROUPENTITY><OPRESOPERATIONSRESOURCEGROUPENTITY><BATCHCAPACITY>0.000000</BATCHCAPACITY><CAPACITY>0.000000</CAPACITY><CAPACITYUNIT>None</CAPACITYUNIT><DEFAULTDIMENSIONDISPLAYVALUE></DEFAULTDIMENSIONDISPLAYVALUE><GROUPID>DRYERS</GROUPID><GROUPNAME>Dryers</GROUPNAME><HASFINITESCHEDULINGCAPACITY>No</HASFINITESCHEDULINGCAPACITY><INPUTWAREHOUSEID></INPUTWAREHOUSEID><INPUTWAREHOUSELOCATIONID></INPUTWAREHOUSELOCATIONID><ISBOTTLENECKRESOURCEGROUP>No</ISBOTTLENECKRESOURCEGROUP><ISWORKCELL>No</ISWORKCELL><OPERATIONALSITEID>WD</OPERATIONALSITEID><OPERATIONSCHEDULINGPERCENTAGE>100.000000</OPERATIONSCHEDULINGPERCENTAGE><OUTPUTWAREHOUSEID></OUTPUTWAREHOUSEID><OUTPUTWAREHOUSELOCATIONID></OUTPUTWAREHOUSELOCATIONID><PRODUCTIONUNITID></PRODUCTIONUNITID><QUANTITYCOSTCATEGORYID></QUANTITYCOSTCATEGORYID><RESOURCEISSUELEDGERDIMENSIONDISPLAYVALUE></RESOURCEISSUELEDGERDIMENSIONDISPLAYVALUE><RESOURCEISSUEOFFSETLEDGERDIMENSIONDISPLAYVALUE></RESOURCEISSUEOFFSETLEDGERDIMENSIONDISPLAYVALUE><RUNTIMECOSTCATEGORYID></RUNTIMECOSTCATEGORYID><SCRAPPERCENTAGE>0.000000</SCRAPPERCENTAGE><SETUPCOSTCATEGORYID></SETUPCOSTCATEGORYID><WIPISSUELEDGERDIMENSIONDISPLAYVALUE></WIPISSUELEDGERDIMENSIONDISPLAYVALUE><WIPVALUATIONLEDGERDIMENSIONDISPLAYVALUE></WIPVALUATIONLEDGERDIMENSIONDISPLAYVALUE></OPRESOPERATIONSRESOURCEGROUPENTITY><OPRESOPERATIONSRESOURCEGROUPENTITY><BATCHCAPACITY>0.000000</BATCHCAPACITY><CAPACITY>0.000000</CAPACITY><CAPACITYUNIT>None</CAPACITYUNIT><DEFAULTDIMENSIONDISPLAYVALUE></DEFAULTDIMENSIONDISPLAYVALUE><GROUPID>PRESSES</GROUPID><GROUPNAME>Presses</GROUPNAME><HASFINITESCHEDULINGCAPACITY>No</HASFINITESCHEDULINGCAPACITY><INPUTWAREHOUSEID></INPUTWAREHOUSEID><INPUTWAREHOUSELOCATIONID></INPUTWAREHOUSELOCATIONID><ISBOTTLENECKRESOURCEGROUP>No</ISBOTTLENECKRESOURCEGROUP><ISWORKCELL>No</ISWORKCELL><OPERATIONALSITEID>WD</OPERATIONALSITEID><OPERATIONSCHEDULINGPERCENTAGE>100.000000</OPERATIONSCHEDULINGPERCENTAGE><OUTPUTWAREHOUSEID></OUTPUTWAREHOUSEID><OUTPUTWAREHOUSELOCATIONID></OUTPUTWAREHOUSELOCATIONID><PRODUCTIONUNITID></PRODUCTIONUNITID><QUANTITYCOSTCATEGORYID></QUANTITYCOSTCATEGORYID><RESOURCEISSUELEDGERDIMENSIONDISPLAYVALUE></RESOURCEISSUELEDGERDIMENSIONDISPLAYVALUE><RESOURCEISSUEOFFSETLEDGERDIMENSIONDISPLAYVALUE></RESOURCEISSUEOFFSETLEDGERDIMENSIONDISPLAYVALUE><RUNTIMECOSTCATEGORYID></RUNTIMECOSTCATEGORYID><SCRAPPERCENTAGE>0.000000</SCRAPPERCENTAGE><SETUPCOSTCATEGORYID></SETUPCOSTCATEGORYID><WIPISSUELEDGERDIMENSIONDISPLAYVALUE></WIPISSUELEDGERDIMENSIONDISPLAYVALUE><WIPVALUATIONLEDGERDIMENSIONDISPLAYVALUE></WIPVALUATIONLEDGERDIMENSIONDISPLAYVALUE></OPRESOPERATIONSRESOURCEGROUPENTITY><OPRESOPERATIONSRESOURCEGROUPENTITY><BATCHCAPACITY>0.000000</BATCHCAPACITY><CAPACITY>0.000000</CAPACITY><CAPACITYUNIT>None</CAPACITYUNIT><DEFAULTDIMENSIONDISPLAYVALUE></DEFAULTDIMENSIONDISPLAYVALUE><GROUPID>STRAINERS</GROUPID><GROUPNAME>Strainers</GROUPNAME><HASFINITESCHEDULINGCAPACITY>No</HASFINITESCHEDULINGCAPACITY><INPUTWAREHOUSEID></INPUTWAREHOUSEID><INPUTWAREHOUSELOCATIONID></INPUTWAREHOUSELOCATIONID><ISBOTTLENECKRESOURCEGROUP>No</ISBOTTLENECKRESOURCEGROUP><ISWORKCELL>No</ISWORKCELL><OPERATIONALSITEID>WD</OPERATIONALSITEID><OPERATIONSCHEDULINGPERCENTAGE>100.000000</OPERATIONSCHEDULINGPERCENTAGE><OUTPUTWAREHOUSEID></OUTPUTWAREHOUSEID><OUTPUTWAREHOUSELOCATIONID></OUTPUTWAREHOUSELOCATIONID><PRODUCTIONUNITID></PRODUCTIONUNITID><QUANTITYCOSTCATEGORYID></QUANTITYCOSTCATEGORYID><RESOURCEISSUELEDGERDIMENSIONDISPLAYVALUE></RESOURCEISSUELEDGERDIMENSIONDISPLAYVALUE><RESOURCEISSUEOFFSETLEDGERDIMENSIONDISPLAYVALUE></RESOURCEISSUEOFFSETLEDGERDIMENSIONDISPLAYVALUE><RUNTIMECOSTCATEGORYID></RUNTIMECOSTCATEGORYID><SCRAPPERCENTAGE>0.000000</SCRAPPERCENTAGE><SETUPCOSTCATEGORYID></SETUPCOSTCATEGORYID><WIPISSUELEDGERDIMENSIONDISPLAYVALUE></WIPISSUELEDGERDIMENSIONDISPLAYVALUE><WIPVALUATIONLEDGERDIMENSIONDISPLAYVALUE></WIPVALUATIONLEDGERDIMENSIONDISPLAYVALUE></OPRESOPERATIONSRESOURCEGROUPENTITY></Document>