﻿<?xml version="1.0" encoding="utf-8"?><Document><WRKCTROPERATIONSRESOURCESCHEDULINGPARAMETERSENTITY><ISLOGGINGONLYONERRORENABLED>Yes</ISLOGGINGONLYONERRORENABLED><ISSCHEDULINGOPTIMIZATIONSEQUENCETIMEOUTENABLED>Yes</ISSCHEDULINGOPTIMIZATIONSEQUENCETIMEOUTENABLED><ISSCHEDULINGSEQUENCETIMEOUTENABLED>Yes</ISSCHEDULINGSEQUENCETIMEOUTENABLED><PARAMETERUSAGEMETHOD>Company</PARAMETERUSAGEMETHOD><PRIMARYOPERATIONSRESOURCESELECTIONMETHOD>Duration</PRIMARYOPERATIONSRESOURCESELECTIONMETHOD><SCHEDULINGOPTIMIZATIONSEQUENCETIMEOUTSECONDS>2.000000</SCHEDULINGOPTIMIZATIONSEQUENCETIMEOUTSECONDS><SCHEDULINGSEQUENCETIMEOUTSECONDS>5.000000</SCHEDULINGSEQUENCETIMEOUTSECONDS><WILLRESCHEDULINGPRESERVEPRODUCTIONUNIT>No</WILLRESCHEDULINGPRESERVEPRODUCTIONUNIT><WILLRESCHEDULINGPRESERVEWAREHOUSE>No</WILLRESCHEDULINGPRESERVEWAREHOUSE></WRKCTROPERATIONSRESOURCESCHEDULINGPARAMETERSENTITY></Document>