﻿<?xml version="1.0" encoding="utf-8"?><Document><OPRESOPERATIONSRESOURCEGROUPASSIGNMENTENTITY><INPUTWAREHOUSEID></INPUTWAREHOUSEID><INPUTWAREHOUSELOCATIONID></INPUTWAREHOUSELOCATIONID><OPERATIONSRESOURCEGROUPID>BOTTLERS</OPERATIONSRESOURCEGROUPID><OPERATIONSRESOURCEID>BOTTLER1</OPERATIONSRESOURCEID><OUTPUTWAREHOUSEID></OUTPUTWAREHOUSEID><OUTPUTWAREHOUSELOCATIONID></OUTPUTWAREHOUSELOCATIONID><VALIDFROM>2024-08-26T00:00:00</VALIDFROM><VALIDTO>2154-12-31T00:00:00</VALIDTO></OPRESOPERATIONSRESOURCEGROUPASSIGNMENTENTITY><OPRESOPERATIONSRESOURCEGROUPASSIGNMENTENTITY><INPUTWAREHOUSEID></INPUTWAREHOUSEID><INPUTWAREHOUSELOCATIONID></INPUTWAREHOUSELOCATIONID><OPERATIONSRESOURCEGROUPID>CAULDRONS</OPERATIONSRESOURCEGROUPID><OPERATIONSRESOURCEID>CAULDRON1</OPERATIONSRESOURCEID><OUTPUTWAREHOUSEID></OUTPUTWAREHOUSEID><OUTPUTWAREHOUSELOCATIONID></OUTPUTWAREHOUSELOCATIONID><VALIDFROM>2024-08-26T00:00:00</VALIDFROM><VALIDTO>2154-12-31T00:00:00</VALIDTO></OPRESOPERATIONSRESOURCEGROUPASSIGNMENTENTITY><OPRESOPERATIONSRESOURCEGROUPASSIGNMENTENTITY><INPUTWAREHOUSEID></INPUTWAREHOUSEID><INPUTWAREHOUSELOCATIONID></INPUTWAREHOUSELOCATIONID><OPERATIONSRESOURCEGROUPID>DISTILLERS</OPERATIONSRESOURCEGROUPID><OPERATIONSRESOURCEID>DISTILLER1</OPERATIONSRESOURCEID><OUTPUTWAREHOUSEID></OUTPUTWAREHOUSEID><OUTPUTWAREHOUSELOCATIONID></OUTPUTWAREHOUSELOCATIONID><VALIDFROM>2024-08-26T00:00:00</VALIDFROM><VALIDTO>2154-12-31T00:00:00</VALIDTO></OPRESOPERATIONSRESOURCEGROUPASSIGNMENTENTITY><OPRESOPERATIONSRESOURCEGROUPASSIGNMENTENTITY><INPUTWAREHOUSEID></INPUTWAREHOUSEID><INPUTWAREHOUSELOCATIONID></INPUTWAREHOUSELOCATIONID><OPERATIONSRESOURCEGROUPID>DRYERS</OPERATIONSRESOURCEGROUPID><OPERATIONSRESOURCEID>DRYER1</OPERATIONSRESOURCEID><OUTPUTWAREHOUSEID></OUTPUTWAREHOUSEID><OUTPUTWAREHOUSELOCATIONID></OUTPUTWAREHOUSELOCATIONID><VALIDFROM>2024-08-26T00:00:00</VALIDFROM><VALIDTO>2154-12-31T00:00:00</VALIDTO></OPRESOPERATIONSRESOURCEGROUPASSIGNMENTENTITY><OPRESOPERATIONSRESOURCEGROUPASSIGNMENTENTITY><INPUTWAREHOUSEID></INPUTWAREHOUSEID><INPUTWAREHOUSELOCATIONID></INPUTWAREHOUSELOCATIONID><OPERATIONSRESOURCEGROUPID>PRESSES</OPERATIONSRESOURCEGROUPID><OPERATIONSRESOURCEID>PRESS1</OPERATIONSRESOURCEID><OUTPUTWAREHOUSEID></OUTPUTWAREHOUSEID><OUTPUTWAREHOUSELOCATIONID></OUTPUTWAREHOUSELOCATIONID><VALIDFROM>2024-08-26T00:00:00</VALIDFROM><VALIDTO>2154-12-31T00:00:00</VALIDTO></OPRESOPERATIONSRESOURCEGROUPASSIGNMENTENTITY><OPRESOPERATIONSRESOURCEGROUPASSIGNMENTENTITY><INPUTWAREHOUSEID></INPUTWAREHOUSEID><INPUTWAREHOUSELOCATIONID></INPUTWAREHOUSELOCATIONID><OPERATIONSRESOURCEGROUPID>STRAINERS</OPERATIONSRESOURCEGROUPID><OPERATIONSRESOURCEID>STRAINER1</OPERATIONSRESOURCEID><OUTPUTWAREHOUSEID></OUTPUTWAREHOUSEID><OUTPUTWAREHOUSELOCATIONID></OUTPUTWAREHOUSELOCATIONID><VALIDFROM>2024-08-26T00:00:00</VALIDFROM><VALIDTO>2154-12-31T00:00:00</VALIDTO></OPRESOPERATIONSRESOURCEGROUPASSIGNMENTENTITY></Document>