﻿<?xml version="1.0" encoding="utf-8"?><Document><ROUTEROUTEOPERATIONENTITYV2><ACCUMULATEDSCRAPPERCENTAGE>1.000000</ACCUMULATEDSCRAPPERCENTAGE><NEXTOPERATIONLINKTYPE>None</NEXTOPERATIONLINKTYPE><NEXTROUTEOPERATIONNUMBER>20</NEXTROUTEOPERATIONNUMBER><OPERATIONID>DRYING</OPERATIONID><OPERATIONNUMBER>10</OPERATIONNUMBER><OPERATIONPRIORITY>Primary</OPERATIONPRIORITY><ROUTEID>WDTC-000001</ROUTEID><SCRAPPERCENTAGE>0.000000</SCRAPPERCENTAGE></ROUTEROUTEOPERATIONENTITYV2><ROUTEROUTEOPERATIONENTITYV2><ACCUMULATEDSCRAPPERCENTAGE>1.000000</ACCUMULATEDSCRAPPERCENTAGE><NEXTOPERATIONLINKTYPE>None</NEXTOPERATIONLINKTYPE><NEXTROUTEOPERATIONNUMBER>30</NEXTROUTEOPERATIONNUMBER><OPERATIONID>PRESSING</OPERATIONID><OPERATIONNUMBER>20</OPERATIONNUMBER><OPERATIONPRIORITY>Primary</OPERATIONPRIORITY><ROUTEID>WDTC-000001</ROUTEID><SCRAPPERCENTAGE>0.000000</SCRAPPERCENTAGE></ROUTEROUTEOPERATIONENTITYV2><ROUTEROUTEOPERATIONENTITYV2><ACCUMULATEDSCRAPPERCENTAGE>1.000000</ACCUMULATEDSCRAPPERCENTAGE><NEXTOPERATIONLINKTYPE>None</NEXTOPERATIONLINKTYPE><NEXTROUTEOPERATIONNUMBER>40</NEXTROUTEOPERATIONNUMBER><OPERATIONID>DISTILLING</OPERATIONID><OPERATIONNUMBER>30</OPERATIONNUMBER><OPERATIONPRIORITY>Primary</OPERATIONPRIORITY><ROUTEID>WDTC-000001</ROUTEID><SCRAPPERCENTAGE>0.000000</SCRAPPERCENTAGE></ROUTEROUTEOPERATIONENTITYV2><ROUTEROUTEOPERATIONENTITYV2><ACCUMULATEDSCRAPPERCENTAGE>1.000000</ACCUMULATEDSCRAPPERCENTAGE><NEXTOPERATIONLINKTYPE>None</NEXTOPERATIONLINKTYPE><NEXTROUTEOPERATIONNUMBER>50</NEXTROUTEOPERATIONNUMBER><OPERATIONID>COOKING</OPERATIONID><OPERATIONNUMBER>40</OPERATIONNUMBER><OPERATIONPRIORITY>Primary</OPERATIONPRIORITY><ROUTEID>WDTC-000001</ROUTEID><SCRAPPERCENTAGE>0.000000</SCRAPPERCENTAGE></ROUTEROUTEOPERATIONENTITYV2><ROUTEROUTEOPERATIONENTITYV2><ACCUMULATEDSCRAPPERCENTAGE>1.000000</ACCUMULATEDSCRAPPERCENTAGE><NEXTOPERATIONLINKTYPE>None</NEXTOPERATIONLINKTYPE><NEXTROUTEOPERATIONNUMBER>60</NEXTROUTEOPERATIONNUMBER><OPERATIONID>STRAINING</OPERATIONID><OPERATIONNUMBER>50</OPERATIONNUMBER><OPERATIONPRIORITY>Primary</OPERATIONPRIORITY><ROUTEID>WDTC-000001</ROUTEID><SCRAPPERCENTAGE>0.000000</SCRAPPERCENTAGE></ROUTEROUTEOPERATIONENTITYV2><ROUTEROUTEOPERATIONENTITYV2><ACCUMULATEDSCRAPPERCENTAGE>1.000000</ACCUMULATEDSCRAPPERCENTAGE><NEXTOPERATIONLINKTYPE>None</NEXTOPERATIONLINKTYPE><NEXTROUTEOPERATIONNUMBER>0</NEXTROUTEOPERATIONNUMBER><OPERATIONID>BOTTLING</OPERATIONID><OPERATIONNUMBER>60</OPERATIONNUMBER><OPERATIONPRIORITY>Primary</OPERATIONPRIORITY><ROUTEID>WDTC-000001</ROUTEID><SCRAPPERCENTAGE>0.000000</SCRAPPERCENTAGE></ROUTEROUTEOPERATIONENTITYV2><ROUTEROUTEOPERATIONENTITYV2><ACCUMULATEDSCRAPPERCENTAGE>1.000000</ACCUMULATEDSCRAPPERCENTAGE><NEXTOPERATIONLINKTYPE>None</NEXTOPERATIONLINKTYPE><NEXTROUTEOPERATIONNUMBER>20</NEXTROUTEOPERATIONNUMBER><OPERATIONID>DRYING</OPERATIONID><OPERATIONNUMBER>10</OPERATIONNUMBER><OPERATIONPRIORITY>Primary</OPERATIONPRIORITY><ROUTEID>WDTC-000002</ROUTEID><SCRAPPERCENTAGE>0.000000</SCRAPPERCENTAGE></ROUTEROUTEOPERATIONENTITYV2><ROUTEROUTEOPERATIONENTITYV2><ACCUMULATEDSCRAPPERCENTAGE>1.000000</ACCUMULATEDSCRAPPERCENTAGE><NEXTOPERATIONLINKTYPE>None</NEXTOPERATIONLINKTYPE><NEXTROUTEOPERATIONNUMBER>30</NEXTROUTEOPERATIONNUMBER><OPERATIONID>PRESSING</OPERATIONID><OPERATIONNUMBER>20</OPERATIONNUMBER><OPERATIONPRIORITY>Primary</OPERATIONPRIORITY><ROUTEID>WDTC-000002</ROUTEID><SCRAPPERCENTAGE>0.000000</SCRAPPERCENTAGE></ROUTEROUTEOPERATIONENTITYV2><ROUTEROUTEOPERATIONENTITYV2><ACCUMULATEDSCRAPPERCENTAGE>1.000000</ACCUMULATEDSCRAPPERCENTAGE><NEXTOPERATIONLINKTYPE>None</NEXTOPERATIONLINKTYPE><NEXTROUTEOPERATIONNUMBER>40</NEXTROUTEOPERATIONNUMBER><OPERATIONID>DISTILLING</OPERATIONID><OPERATIONNUMBER>30</OPERATIONNUMBER><OPERATIONPRIORITY>Primary</OPERATIONPRIORITY><ROUTEID>WDTC-000002</ROUTEID><SCRAPPERCENTAGE>0.000000</SCRAPPERCENTAGE></ROUTEROUTEOPERATIONENTITYV2><ROUTEROUTEOPERATIONENTITYV2><ACCUMULATEDSCRAPPERCENTAGE>1.000000</ACCUMULATEDSCRAPPERCENTAGE><NEXTOPERATIONLINKTYPE>None</NEXTOPERATIONLINKTYPE><NEXTROUTEOPERATIONNUMBER>50</NEXTROUTEOPERATIONNUMBER><OPERATIONID>COOKING</OPERATIONID><OPERATIONNUMBER>40</OPERATIONNUMBER><OPERATIONPRIORITY>Primary</OPERATIONPRIORITY><ROUTEID>WDTC-000002</ROUTEID><SCRAPPERCENTAGE>0.000000</SCRAPPERCENTAGE></ROUTEROUTEOPERATIONENTITYV2><ROUTEROUTEOPERATIONENTITYV2><ACCUMULATEDSCRAPPERCENTAGE>1.000000</ACCUMULATEDSCRAPPERCENTAGE><NEXTOPERATIONLINKTYPE>None</NEXTOPERATIONLINKTYPE><NEXTROUTEOPERATIONNUMBER>60</NEXTROUTEOPERATIONNUMBER><OPERATIONID>STRAINING</OPERATIONID><OPERATIONNUMBER>50</OPERATIONNUMBER><OPERATIONPRIORITY>Primary</OPERATIONPRIORITY><ROUTEID>WDTC-000002</ROUTEID><SCRAPPERCENTAGE>0.000000</SCRAPPERCENTAGE></ROUTEROUTEOPERATIONENTITYV2><ROUTEROUTEOPERATIONENTITYV2><ACCUMULATEDSCRAPPERCENTAGE>1.000000</ACCUMULATEDSCRAPPERCENTAGE><NEXTOPERATIONLINKTYPE>None</NEXTOPERATIONLINKTYPE><NEXTROUTEOPERATIONNUMBER>0</NEXTROUTEOPERATIONNUMBER><OPERATIONID>BOTTLING</OPERATIONID><OPERATIONNUMBER>60</OPERATIONNUMBER><OPERATIONPRIORITY>Primary</OPERATIONPRIORITY><ROUTEID>WDTC-000002</ROUTEID><SCRAPPERCENTAGE>0.000000</SCRAPPERCENTAGE></ROUTEROUTEOPERATIONENTITYV2></Document>