﻿<?xml version="1.0" encoding="utf-8"?><Document><ROUTEHEADERENTITY><APPROVERPERSONNELNUMBER>000001</APPROVERPERSONNELNUMBER><DISPLAYPRODUCTNUMBER></DISPLAYPRODUCTNUMBER><ENGCHGENGINEERINGREFERENCE>4D48BDBB-D00B-48EC-BBAF-5DB91438DEF0</ENGCHGENGINEERINGREFERENCE><ENGINEERINGVERSIONID></ENGINEERINGVERSIONID><ISAPPROVED>Yes</ISAPPROVED><PRODUCTGROUPID>PTNSELIXR</PRODUCTGROUPID><ROUTEID>WDTC-000001</ROUTEID><ROUTENAME>Potion, Cure Boils</ROUTENAME></ROUTEHEADERENTITY><ROUTEHEADERENTITY><APPROVERPERSONNELNUMBER></APPROVERPERSONNELNUMBER><DISPLAYPRODUCTNUMBER></DISPLAYPRODUCTNUMBER><ENGCHGENGINEERINGREFERENCE>D9BB38FE-C6FD-45AA-8929-153FEAA5D8E5</ENGCHGENGINEERINGREFERENCE><ENGINEERINGVERSIONID></ENGINEERINGVERSIONID><ISAPPROVED>No</ISAPPROVED><PRODUCTGROUPID>PTNSELIXR</PRODUCTGROUPID><ROUTEID>WDTC-000002</ROUTEID><ROUTENAME>POTIONTRUTHSERUM</ROUTENAME></ROUTEHEADERENTITY></Document>