﻿<?xml version="1.0" encoding="utf-8"?><Document><ROUTEGROUPENTITY><GROUPID>POTIONS</GROUPID><GROUPNAME>Potions Route Group</GROUPNAME><ISOPERATIONMANUALLYREPORTEDASFINISHEDBYDEFAULT>No</ISOPERATIONMANUALLYREPORTEDASFINISHEDBYDEFAULT><ISOVERLAPJOBACTIVE>Yes</ISOVERLAPJOBACTIVE><ISPROCESSJOBACTIVE>Yes</ISPROCESSJOBACTIVE><ISQUEUAFTERJOBACTIVE>Yes</ISQUEUAFTERJOBACTIVE><ISQUEUEBEFOREJOBACTIVE>Yes</ISQUEUEBEFOREJOBACTIVE><ISSETUPJOBACTIVE>Yes</ISSETUPJOBACTIVE><ISTRANSPORTJOBACTIVE>Yes</ISTRANSPORTJOBACTIVE><WILLAUTOMATICROUTECONSUMPTIONUSEPROCESSTIME>Yes</WILLAUTOMATICROUTECONSUMPTIONUSEPROCESSTIME><WILLAUTOMATICROUTECONSUMPTIONUSEQUANTITY>Yes</WILLAUTOMATICROUTECONSUMPTIONUSEQUANTITY><WILLAUTOMATICROUTECONSUMPTIONUSESETUPTIME>No</WILLAUTOMATICROUTECONSUMPTIONUSESETUPTIME><WILLOVERLAPJOBSCHEDULINGCREATERESOURCECAPACITYRESERVATIONS>No</WILLOVERLAPJOBSCHEDULINGCREATERESOURCECAPACITYRESERVATIONS><WILLOVERLAPJOBSCHEDULINGUSEJOBMANAGEMENT>No</WILLOVERLAPJOBSCHEDULINGUSEJOBMANAGEMENT><WILLOVERLAPJOBSCHEDULINGUSEWORKINGTIMECALENDAR>No</WILLOVERLAPJOBSCHEDULINGUSEWORKINGTIMECALENDAR><WILLPROCESSJOBSCHEDULINGCREATERESOURCECAPACITYRESERVATIONS>Yes</WILLPROCESSJOBSCHEDULINGCREATERESOURCECAPACITYRESERVATIONS><WILLPROCESSJOBSCHEDULINGUSEJOBMANAGEMENT>Yes</WILLPROCESSJOBSCHEDULINGUSEJOBMANAGEMENT><WILLPROCESSJOBSCHEDULINGUSEWORKINGTIMECALENDAR>Yes</WILLPROCESSJOBSCHEDULINGUSEWORKINGTIMECALENDAR><WILLPRODUCTIONESTIMATIONANDCOSTINGUSEPROCESSTIMEANDPROCESSCATEGORY>Yes</WILLPRODUCTIONESTIMATIONANDCOSTINGUSEPROCESSTIMEANDPROCESSCATEGORY><WILLPRODUCTIONESTIMATIONANDCOSTINGUSEQUANTITYANDQUANTITYCATEGORY>No</WILLPRODUCTIONESTIMATIONANDCOSTINGUSEQUANTITYANDQUANTITYCATEGORY><WILLPRODUCTIONESTIMATIONANDCOSTINGUSESETUPTIMEANDSETUPCATEGORY>No</WILLPRODUCTIONESTIMATIONANDCOSTINGUSESETUPTIMEANDSETUPCATEGORY><WILLQUEUEAFTERJOBSCHEDULINGCREATERESOURCECAPACITYRESERVATIONS>No</WILLQUEUEAFTERJOBSCHEDULINGCREATERESOURCECAPACITYRESERVATIONS><WILLQUEUEAFTERJOBSCHEDULINGUSEJOBMANAGEMENT>No</WILLQUEUEAFTERJOBSCHEDULINGUSEJOBMANAGEMENT><WILLQUEUEAFTERJOBSCHEDULINGUSEWORKINGTIMECALENDAR>No</WILLQUEUEAFTERJOBSCHEDULINGUSEWORKINGTIMECALENDAR><WILLQUEUEBEFOREJOBSCHEDULINGCREATERESOURCECAPACITYRESERVATIONS>No</WILLQUEUEBEFOREJOBSCHEDULINGCREATERESOURCECAPACITYRESERVATIONS><WILLQUEUEBEFOREJOBSCHEDULINGUSEJOBMANAGEMENT>No</WILLQUEUEBEFOREJOBSCHEDULINGUSEJOBMANAGEMENT><WILLQUEUEBEFOREJOBSCHEDULINGUSEWORKINGTIMECALENDAR>No</WILLQUEUEBEFOREJOBSCHEDULINGUSEWORKINGTIMECALENDAR><WILLSETUPJOBSCHEDULINGCREATERESOURCECAPACITYRESERVATIONS>Yes</WILLSETUPJOBSCHEDULINGCREATERESOURCECAPACITYRESERVATIONS><WILLSETUPJOBSCHEDULINGUSEJOBMANAGEMENT>Yes</WILLSETUPJOBSCHEDULINGUSEJOBMANAGEMENT><WILLSETUPJOBSCHEDULINGUSEWORKINGTIMECALENDAR>Yes</WILLSETUPJOBSCHEDULINGUSEWORKINGTIMECALENDAR><WILLTRANSPORTJOBSCHEDULINGCREATERESOURCECAPACITYRESERVATIONS>No</WILLTRANSPORTJOBSCHEDULINGCREATERESOURCECAPACITYRESERVATIONS><WILLTRANSPORTJOBSCHEDULINGUSEJOBMANAGEMENT>No</WILLTRANSPORTJOBSCHEDULINGUSEJOBMANAGEMENT><WILLTRANSPORTJOBSCHEDULINGUSEWORKINGTIMECALENDAR>Yes</WILLTRANSPORTJOBSCHEDULINGUSEWORKINGTIMECALENDAR></ROUTEGROUPENTITY></Document>