﻿<?xml version="1.0" encoding="utf-8"?><Document><ROUTEVERSIONV2ENTITY><APPROVERPERSONNELNUMBER>000001</APPROVERPERSONNELNUMBER><ISACTIVE>Yes</ISACTIVE><ISAPPROVED>Yes</ISAPPROVED><ITEMNUMBER>POTIONCUREBOILS</ITEMNUMBER><PRODUCTCOLORID></PRODUCTCOLORID><PRODUCTCONFIGURATIONID></PRODUCTCONFIGURATIONID><PRODUCTIONSITEID>WD</PRODUCTIONSITEID><PRODUCTSIZEID></PRODUCTSIZEID><PRODUCTSTYLEID></PRODUCTSTYLEID><PRODUCTVERSIONID></PRODUCTVERSIONID><ROUTEID>WDTC-000001</ROUTEID><VALIDFROMDATE>1900-01-01T00:00:00</VALIDFROMDATE><VALIDFROMQUANTITY>0.000000</VALIDFROMQUANTITY><VALIDTODATE>1900-01-01T00:00:00</VALIDTODATE><VERSIONNAME>Potion, Cure Boils</VERSIONNAME></ROUTEVERSIONV2ENTITY><ROUTEVERSIONV2ENTITY><APPROVERPERSONNELNUMBER></APPROVERPERSONNELNUMBER><ISACTIVE>No</ISACTIVE><ISAPPROVED>No</ISAPPROVED><ITEMNUMBER>POTIONTRUTHSERUM</ITEMNUMBER><PRODUCTCOLORID></PRODUCTCOLORID><PRODUCTCONFIGURATIONID></PRODUCTCONFIGURATIONID><PRODUCTIONSITEID>WD</PRODUCTIONSITEID><PRODUCTSIZEID></PRODUCTSIZEID><PRODUCTSTYLEID></PRODUCTSTYLEID><PRODUCTVERSIONID></PRODUCTVERSIONID><ROUTEID>WDTC-000002</ROUTEID><VALIDFROMDATE>1900-01-01T00:00:00</VALIDFROMDATE><VALIDFROMQUANTITY>0.000000</VALIDFROMQUANTITY><VALIDTODATE>1900-01-01T00:00:00</VALIDTODATE><VERSIONNAME>POTIONTRUTHSERUM</VERSIONNAME></ROUTEVERSIONV2ENTITY></Document>