﻿<?xml version="1.0" encoding="utf-8"?><Document><ROUTEOPERATIONPROPERTIESV2ENTITY><CONSUMPTIONCALCULATIONFACTOR>1.000000</CONSUMPTIONCALCULATIONFACTOR><CONSUMPTIONCALCULATIONFORMULA>Formula0</CONSUMPTIONCALCULATIONFORMULA><COSTINGOPERATIONRESOURCEID>BOTTLERS</COSTINGOPERATIONRESOURCEID><DELAYNOTIFICATIONTHRESHOLDPERCENT>0.000000</DELAYNOTIFICATIONTHRESHOLDPERCENT><ITEMNUMBER>POTIONCUREBOILS</ITEMNUMBER><LOADPERCENTAGE>100.000000</LOADPERCENTAGE><OPERATIONID>BOTTLING</OPERATIONID><OPERATIONSTIMETOHOURCONVERSIONFACTOR>1.000000</OPERATIONSTIMETOHOURCONVERSIONFACTOR><PROCESSCOSTCATEGORYID>BOTTLING</PROCESSCOSTCATEGORYID><PROCESSQUANTITY>1.000000</PROCESSQUANTITY><PROCESSTIME>1.000000</PROCESSTIME><PRODUCTCONFIGURATIONID></PRODUCTCONFIGURATIONID><PRODUCTGROUPID></PRODUCTGROUPID><PRODUCTIONSITEID>WD</PRODUCTIONSITEID><QUANTITYCOSTCATEGORYID>BOTTLING</QUANTITYCOSTCATEGORYID><QUEUETIMEAFTER>0.000000</QUEUETIMEAFTER><QUEUETIMEBEFORE>0.000000</QUEUETIMEBEFORE><RESOURCEQUANTITY>1</RESOURCEQUANTITY><ROUTEGROUPID>POTIONS</ROUTEGROUPID><ROUTEID>WDTC-000001</ROUTEID><ROUTETYPE>Standard</ROUTETYPE><SETUPCOSTCATEGORYID>BOTTLING</SETUPCOSTCATEGORYID><SETUPTIME>0.000000</SETUPTIME><TRANSFERBATCHQUANTITY>0.000000</TRANSFERBATCHQUANTITY><TRANSITTIME>0.000000</TRANSITTIME><WORKINGTIMESCHEDULINGPROPERTYID></WORKINGTIMESCHEDULINGPROPERTYID></ROUTEOPERATIONPROPERTIESV2ENTITY><ROUTEOPERATIONPROPERTIESV2ENTITY><CONSUMPTIONCALCULATIONFACTOR>1.000000</CONSUMPTIONCALCULATIONFACTOR><CONSUMPTIONCALCULATIONFORMULA>Formula0</CONSUMPTIONCALCULATIONFORMULA><COSTINGOPERATIONRESOURCEID>BOTTLERS</COSTINGOPERATIONRESOURCEID><DELAYNOTIFICATIONTHRESHOLDPERCENT>0.000000</DELAYNOTIFICATIONTHRESHOLDPERCENT><ITEMNUMBER>POTIONTRUTHSERUM</ITEMNUMBER><LOADPERCENTAGE>100.000000</LOADPERCENTAGE><OPERATIONID>BOTTLING</OPERATIONID><OPERATIONSTIMETOHOURCONVERSIONFACTOR>1.000000</OPERATIONSTIMETOHOURCONVERSIONFACTOR><PROCESSCOSTCATEGORYID>BOTTLING</PROCESSCOSTCATEGORYID><PROCESSQUANTITY>1.000000</PROCESSQUANTITY><PROCESSTIME>1.000000</PROCESSTIME><PRODUCTCONFIGURATIONID></PRODUCTCONFIGURATIONID><PRODUCTGROUPID></PRODUCTGROUPID><PRODUCTIONSITEID>WD</PRODUCTIONSITEID><QUANTITYCOSTCATEGORYID>BOTTLING</QUANTITYCOSTCATEGORYID><QUEUETIMEAFTER>0.000000</QUEUETIMEAFTER><QUEUETIMEBEFORE>0.000000</QUEUETIMEBEFORE><RESOURCEQUANTITY>1</RESOURCEQUANTITY><ROUTEGROUPID>POTIONS</ROUTEGROUPID><ROUTEID>WDTC-000002</ROUTEID><ROUTETYPE>Standard</ROUTETYPE><SETUPCOSTCATEGORYID>BOTTLING</SETUPCOSTCATEGORYID><SETUPTIME>0.000000</SETUPTIME><TRANSFERBATCHQUANTITY>0.000000</TRANSFERBATCHQUANTITY><TRANSITTIME>0.000000</TRANSITTIME><WORKINGTIMESCHEDULINGPROPERTYID></WORKINGTIMESCHEDULINGPROPERTYID></ROUTEOPERATIONPROPERTIESV2ENTITY><ROUTEOPERATIONPROPERTIESV2ENTITY><CONSUMPTIONCALCULATIONFACTOR>1.000000</CONSUMPTIONCALCULATIONFACTOR><CONSUMPTIONCALCULATIONFORMULA>Formula0</CONSUMPTIONCALCULATIONFORMULA><COSTINGOPERATIONRESOURCEID>CAULDRONS</COSTINGOPERATIONRESOURCEID><DELAYNOTIFICATIONTHRESHOLDPERCENT>0.000000</DELAYNOTIFICATIONTHRESHOLDPERCENT><ITEMNUMBER>POTIONCUREBOILS</ITEMNUMBER><LOADPERCENTAGE>100.000000</LOADPERCENTAGE><OPERATIONID>COOKING</OPERATIONID><OPERATIONSTIMETOHOURCONVERSIONFACTOR>1.000000</OPERATIONSTIMETOHOURCONVERSIONFACTOR><PROCESSCOSTCATEGORYID>COOKING</PROCESSCOSTCATEGORYID><PROCESSQUANTITY>1.000000</PROCESSQUANTITY><PROCESSTIME>3.000000</PROCESSTIME><PRODUCTCONFIGURATIONID></PRODUCTCONFIGURATIONID><PRODUCTGROUPID></PRODUCTGROUPID><PRODUCTIONSITEID>WD</PRODUCTIONSITEID><QUANTITYCOSTCATEGORYID>COOKING</QUANTITYCOSTCATEGORYID><QUEUETIMEAFTER>0.000000</QUEUETIMEAFTER><QUEUETIMEBEFORE>0.000000</QUEUETIMEBEFORE><RESOURCEQUANTITY>1</RESOURCEQUANTITY><ROUTEGROUPID>POTIONS</ROUTEGROUPID><ROUTEID>WDTC-000001</ROUTEID><ROUTETYPE>Standard</ROUTETYPE><SETUPCOSTCATEGORYID>COOKING</SETUPCOSTCATEGORYID><SETUPTIME>0.000000</SETUPTIME><TRANSFERBATCHQUANTITY>0.000000</TRANSFERBATCHQUANTITY><TRANSITTIME>0.000000</TRANSITTIME><WORKINGTIMESCHEDULINGPROPERTYID></WORKINGTIMESCHEDULINGPROPERTYID></ROUTEOPERATIONPROPERTIESV2ENTITY><ROUTEOPERATIONPROPERTIESV2ENTITY><CONSUMPTIONCALCULATIONFACTOR>1.000000</CONSUMPTIONCALCULATIONFACTOR><CONSUMPTIONCALCULATIONFORMULA>Formula0</CONSUMPTIONCALCULATIONFORMULA><COSTINGOPERATIONRESOURCEID>CAULDRONS</COSTINGOPERATIONRESOURCEID><DELAYNOTIFICATIONTHRESHOLDPERCENT>0.000000</DELAYNOTIFICATIONTHRESHOLDPERCENT><ITEMNUMBER>POTIONTRUTHSERUM</ITEMNUMBER><LOADPERCENTAGE>100.000000</LOADPERCENTAGE><OPERATIONID>COOKING</OPERATIONID><OPERATIONSTIMETOHOURCONVERSIONFACTOR>1.000000</OPERATIONSTIMETOHOURCONVERSIONFACTOR><PROCESSCOSTCATEGORYID>COOKING</PROCESSCOSTCATEGORYID><PROCESSQUANTITY>1.000000</PROCESSQUANTITY><PROCESSTIME>3.000000</PROCESSTIME><PRODUCTCONFIGURATIONID></PRODUCTCONFIGURATIONID><PRODUCTGROUPID></PRODUCTGROUPID><PRODUCTIONSITEID>WD</PRODUCTIONSITEID><QUANTITYCOSTCATEGORYID>COOKING</QUANTITYCOSTCATEGORYID><QUEUETIMEAFTER>0.000000</QUEUETIMEAFTER><QUEUETIMEBEFORE>0.000000</QUEUETIMEBEFORE><RESOURCEQUANTITY>1</RESOURCEQUANTITY><ROUTEGROUPID>POTIONS</ROUTEGROUPID><ROUTEID>WDTC-000002</ROUTEID><ROUTETYPE>Standard</ROUTETYPE><SETUPCOSTCATEGORYID>COOKING</SETUPCOSTCATEGORYID><SETUPTIME>0.000000</SETUPTIME><TRANSFERBATCHQUANTITY>0.000000</TRANSFERBATCHQUANTITY><TRANSITTIME>0.000000</TRANSITTIME><WORKINGTIMESCHEDULINGPROPERTYID></WORKINGTIMESCHEDULINGPROPERTYID></ROUTEOPERATIONPROPERTIESV2ENTITY><ROUTEOPERATIONPROPERTIESV2ENTITY><CONSUMPTIONCALCULATIONFACTOR>1.000000</CONSUMPTIONCALCULATIONFACTOR><CONSUMPTIONCALCULATIONFORMULA>Formula0</CONSUMPTIONCALCULATIONFORMULA><COSTINGOPERATIONRESOURCEID>DISTILLERS</COSTINGOPERATIONRESOURCEID><DELAYNOTIFICATIONTHRESHOLDPERCENT>0.000000</DELAYNOTIFICATIONTHRESHOLDPERCENT><ITEMNUMBER>POTIONCUREBOILS</ITEMNUMBER><LOADPERCENTAGE>100.000000</LOADPERCENTAGE><OPERATIONID>DISTILLING</OPERATIONID><OPERATIONSTIMETOHOURCONVERSIONFACTOR>1.000000</OPERATIONSTIMETOHOURCONVERSIONFACTOR><PROCESSCOSTCATEGORYID>DISTILLING</PROCESSCOSTCATEGORYID><PROCESSQUANTITY>1.000000</PROCESSQUANTITY><PROCESSTIME>6.000000</PROCESSTIME><PRODUCTCONFIGURATIONID></PRODUCTCONFIGURATIONID><PRODUCTGROUPID></PRODUCTGROUPID><PRODUCTIONSITEID>WD</PRODUCTIONSITEID><QUANTITYCOSTCATEGORYID>DISTILLING</QUANTITYCOSTCATEGORYID><QUEUETIMEAFTER>0.000000</QUEUETIMEAFTER><QUEUETIMEBEFORE>0.000000</QUEUETIMEBEFORE><RESOURCEQUANTITY>1</RESOURCEQUANTITY><ROUTEGROUPID>POTIONS</ROUTEGROUPID><ROUTEID>WDTC-000001</ROUTEID><ROUTETYPE>Standard</ROUTETYPE><SETUPCOSTCATEGORYID>DISTILLING</SETUPCOSTCATEGORYID><SETUPTIME>0.000000</SETUPTIME><TRANSFERBATCHQUANTITY>0.000000</TRANSFERBATCHQUANTITY><TRANSITTIME>0.000000</TRANSITTIME><WORKINGTIMESCHEDULINGPROPERTYID></WORKINGTIMESCHEDULINGPROPERTYID></ROUTEOPERATIONPROPERTIESV2ENTITY><ROUTEOPERATIONPROPERTIESV2ENTITY><CONSUMPTIONCALCULATIONFACTOR>1.000000</CONSUMPTIONCALCULATIONFACTOR><CONSUMPTIONCALCULATIONFORMULA>Formula0</CONSUMPTIONCALCULATIONFORMULA><COSTINGOPERATIONRESOURCEID>DISTILLERS</COSTINGOPERATIONRESOURCEID><DELAYNOTIFICATIONTHRESHOLDPERCENT>0.000000</DELAYNOTIFICATIONTHRESHOLDPERCENT><ITEMNUMBER>POTIONTRUTHSERUM</ITEMNUMBER><LOADPERCENTAGE>100.000000</LOADPERCENTAGE><OPERATIONID>DISTILLING</OPERATIONID><OPERATIONSTIMETOHOURCONVERSIONFACTOR>1.000000</OPERATIONSTIMETOHOURCONVERSIONFACTOR><PROCESSCOSTCATEGORYID>DISTILLING</PROCESSCOSTCATEGORYID><PROCESSQUANTITY>1.000000</PROCESSQUANTITY><PROCESSTIME>6.000000</PROCESSTIME><PRODUCTCONFIGURATIONID></PRODUCTCONFIGURATIONID><PRODUCTGROUPID></PRODUCTGROUPID><PRODUCTIONSITEID>WD</PRODUCTIONSITEID><QUANTITYCOSTCATEGORYID>DISTILLING</QUANTITYCOSTCATEGORYID><QUEUETIMEAFTER>0.000000</QUEUETIMEAFTER><QUEUETIMEBEFORE>0.000000</QUEUETIMEBEFORE><RESOURCEQUANTITY>1</RESOURCEQUANTITY><ROUTEGROUPID>POTIONS</ROUTEGROUPID><ROUTEID>WDTC-000002</ROUTEID><ROUTETYPE>Standard</ROUTETYPE><SETUPCOSTCATEGORYID>DISTILLING</SETUPCOSTCATEGORYID><SETUPTIME>0.000000</SETUPTIME><TRANSFERBATCHQUANTITY>0.000000</TRANSFERBATCHQUANTITY><TRANSITTIME>0.000000</TRANSITTIME><WORKINGTIMESCHEDULINGPROPERTYID></WORKINGTIMESCHEDULINGPROPERTYID></ROUTEOPERATIONPROPERTIESV2ENTITY><ROUTEOPERATIONPROPERTIESV2ENTITY><CONSUMPTIONCALCULATIONFACTOR>1.000000</CONSUMPTIONCALCULATIONFACTOR><CONSUMPTIONCALCULATIONFORMULA>Formula0</CONSUMPTIONCALCULATIONFORMULA><COSTINGOPERATIONRESOURCEID>DRYERS</COSTINGOPERATIONRESOURCEID><DELAYNOTIFICATIONTHRESHOLDPERCENT>0.000000</DELAYNOTIFICATIONTHRESHOLDPERCENT><ITEMNUMBER>POTIONCUREBOILS</ITEMNUMBER><LOADPERCENTAGE>100.000000</LOADPERCENTAGE><OPERATIONID>DRYING</OPERATIONID><OPERATIONSTIMETOHOURCONVERSIONFACTOR>1.000000</OPERATIONSTIMETOHOURCONVERSIONFACTOR><PROCESSCOSTCATEGORYID>DRYING</PROCESSCOSTCATEGORYID><PROCESSQUANTITY>1.000000</PROCESSQUANTITY><PROCESSTIME>12.000000</PROCESSTIME><PRODUCTCONFIGURATIONID></PRODUCTCONFIGURATIONID><PRODUCTGROUPID></PRODUCTGROUPID><PRODUCTIONSITEID>WD</PRODUCTIONSITEID><QUANTITYCOSTCATEGORYID>DRYING</QUANTITYCOSTCATEGORYID><QUEUETIMEAFTER>0.000000</QUEUETIMEAFTER><QUEUETIMEBEFORE>0.000000</QUEUETIMEBEFORE><RESOURCEQUANTITY>1</RESOURCEQUANTITY><ROUTEGROUPID>POTIONS</ROUTEGROUPID><ROUTEID>WDTC-000001</ROUTEID><ROUTETYPE>Standard</ROUTETYPE><SETUPCOSTCATEGORYID>DRYING</SETUPCOSTCATEGORYID><SETUPTIME>0.000000</SETUPTIME><TRANSFERBATCHQUANTITY>0.000000</TRANSFERBATCHQUANTITY><TRANSITTIME>0.000000</TRANSITTIME><WORKINGTIMESCHEDULINGPROPERTYID></WORKINGTIMESCHEDULINGPROPERTYID></ROUTEOPERATIONPROPERTIESV2ENTITY><ROUTEOPERATIONPROPERTIESV2ENTITY><CONSUMPTIONCALCULATIONFACTOR>1.000000</CONSUMPTIONCALCULATIONFACTOR><CONSUMPTIONCALCULATIONFORMULA>Formula0</CONSUMPTIONCALCULATIONFORMULA><COSTINGOPERATIONRESOURCEID>DRYERS</COSTINGOPERATIONRESOURCEID><DELAYNOTIFICATIONTHRESHOLDPERCENT>0.000000</DELAYNOTIFICATIONTHRESHOLDPERCENT><ITEMNUMBER>POTIONTRUTHSERUM</ITEMNUMBER><LOADPERCENTAGE>100.000000</LOADPERCENTAGE><OPERATIONID>DRYING</OPERATIONID><OPERATIONSTIMETOHOURCONVERSIONFACTOR>1.000000</OPERATIONSTIMETOHOURCONVERSIONFACTOR><PROCESSCOSTCATEGORYID>DRYING</PROCESSCOSTCATEGORYID><PROCESSQUANTITY>1.000000</PROCESSQUANTITY><PROCESSTIME>12.000000</PROCESSTIME><PRODUCTCONFIGURATIONID></PRODUCTCONFIGURATIONID><PRODUCTGROUPID></PRODUCTGROUPID><PRODUCTIONSITEID>WD</PRODUCTIONSITEID><QUANTITYCOSTCATEGORYID>DRYING</QUANTITYCOSTCATEGORYID><QUEUETIMEAFTER>0.000000</QUEUETIMEAFTER><QUEUETIMEBEFORE>0.000000</QUEUETIMEBEFORE><RESOURCEQUANTITY>1</RESOURCEQUANTITY><ROUTEGROUPID>POTIONS</ROUTEGROUPID><ROUTEID>WDTC-000002</ROUTEID><ROUTETYPE>Standard</ROUTETYPE><SETUPCOSTCATEGORYID>DRYING</SETUPCOSTCATEGORYID><SETUPTIME>0.000000</SETUPTIME><TRANSFERBATCHQUANTITY>0.000000</TRANSFERBATCHQUANTITY><TRANSITTIME>0.000000</TRANSITTIME><WORKINGTIMESCHEDULINGPROPERTYID></WORKINGTIMESCHEDULINGPROPERTYID></ROUTEOPERATIONPROPERTIESV2ENTITY><ROUTEOPERATIONPROPERTIESV2ENTITY><CONSUMPTIONCALCULATIONFACTOR>1.000000</CONSUMPTIONCALCULATIONFACTOR><CONSUMPTIONCALCULATIONFORMULA>Formula0</CONSUMPTIONCALCULATIONFORMULA><COSTINGOPERATIONRESOURCEID>PRESSES</COSTINGOPERATIONRESOURCEID><DELAYNOTIFICATIONTHRESHOLDPERCENT>0.000000</DELAYNOTIFICATIONTHRESHOLDPERCENT><ITEMNUMBER>POTIONCUREBOILS</ITEMNUMBER><LOADPERCENTAGE>100.000000</LOADPERCENTAGE><OPERATIONID>PRESSING</OPERATIONID><OPERATIONSTIMETOHOURCONVERSIONFACTOR>1.000000</OPERATIONSTIMETOHOURCONVERSIONFACTOR><PROCESSCOSTCATEGORYID>PRESSING</PROCESSCOSTCATEGORYID><PROCESSQUANTITY>1.000000</PROCESSQUANTITY><PROCESSTIME>0.250000</PROCESSTIME><PRODUCTCONFIGURATIONID></PRODUCTCONFIGURATIONID><PRODUCTGROUPID></PRODUCTGROUPID><PRODUCTIONSITEID>WD</PRODUCTIONSITEID><QUANTITYCOSTCATEGORYID>PRESSING</QUANTITYCOSTCATEGORYID><QUEUETIMEAFTER>0.000000</QUEUETIMEAFTER><QUEUETIMEBEFORE>0.000000</QUEUETIMEBEFORE><RESOURCEQUANTITY>1</RESOURCEQUANTITY><ROUTEGROUPID>POTIONS</ROUTEGROUPID><ROUTEID>WDTC-000001</ROUTEID><ROUTETYPE>Standard</ROUTETYPE><SETUPCOSTCATEGORYID>PRESSING</SETUPCOSTCATEGORYID><SETUPTIME>0.000000</SETUPTIME><TRANSFERBATCHQUANTITY>0.000000</TRANSFERBATCHQUANTITY><TRANSITTIME>0.000000</TRANSITTIME><WORKINGTIMESCHEDULINGPROPERTYID></WORKINGTIMESCHEDULINGPROPERTYID></ROUTEOPERATIONPROPERTIESV2ENTITY><ROUTEOPERATIONPROPERTIESV2ENTITY><CONSUMPTIONCALCULATIONFACTOR>1.000000</CONSUMPTIONCALCULATIONFACTOR><CONSUMPTIONCALCULATIONFORMULA>Formula0</CONSUMPTIONCALCULATIONFORMULA><COSTINGOPERATIONRESOURCEID>PRESSES</COSTINGOPERATIONRESOURCEID><DELAYNOTIFICATIONTHRESHOLDPERCENT>0.000000</DELAYNOTIFICATIONTHRESHOLDPERCENT><ITEMNUMBER>POTIONTRUTHSERUM</ITEMNUMBER><LOADPERCENTAGE>100.000000</LOADPERCENTAGE><OPERATIONID>PRESSING</OPERATIONID><OPERATIONSTIMETOHOURCONVERSIONFACTOR>1.000000</OPERATIONSTIMETOHOURCONVERSIONFACTOR><PROCESSCOSTCATEGORYID>PRESSING</PROCESSCOSTCATEGORYID><PROCESSQUANTITY>1.000000</PROCESSQUANTITY><PROCESSTIME>0.250000</PROCESSTIME><PRODUCTCONFIGURATIONID></PRODUCTCONFIGURATIONID><PRODUCTGROUPID></PRODUCTGROUPID><PRODUCTIONSITEID>WD</PRODUCTIONSITEID><QUANTITYCOSTCATEGORYID>PRESSING</QUANTITYCOSTCATEGORYID><QUEUETIMEAFTER>0.000000</QUEUETIMEAFTER><QUEUETIMEBEFORE>0.000000</QUEUETIMEBEFORE><RESOURCEQUANTITY>1</RESOURCEQUANTITY><ROUTEGROUPID>POTIONS</ROUTEGROUPID><ROUTEID>WDTC-000002</ROUTEID><ROUTETYPE>Standard</ROUTETYPE><SETUPCOSTCATEGORYID>PRESSING</SETUPCOSTCATEGORYID><SETUPTIME>0.000000</SETUPTIME><TRANSFERBATCHQUANTITY>0.000000</TRANSFERBATCHQUANTITY><TRANSITTIME>0.000000</TRANSITTIME><WORKINGTIMESCHEDULINGPROPERTYID></WORKINGTIMESCHEDULINGPROPERTYID></ROUTEOPERATIONPROPERTIESV2ENTITY><ROUTEOPERATIONPROPERTIESV2ENTITY><CONSUMPTIONCALCULATIONFACTOR>1.000000</CONSUMPTIONCALCULATIONFACTOR><CONSUMPTIONCALCULATIONFORMULA>Formula0</CONSUMPTIONCALCULATIONFORMULA><COSTINGOPERATIONRESOURCEID>STRAINERS</COSTINGOPERATIONRESOURCEID><DELAYNOTIFICATIONTHRESHOLDPERCENT>0.000000</DELAYNOTIFICATIONTHRESHOLDPERCENT><ITEMNUMBER>POTIONCUREBOILS</ITEMNUMBER><LOADPERCENTAGE>100.000000</LOADPERCENTAGE><OPERATIONID>STRAINING</OPERATIONID><OPERATIONSTIMETOHOURCONVERSIONFACTOR>1.000000</OPERATIONSTIMETOHOURCONVERSIONFACTOR><PROCESSCOSTCATEGORYID>STRAIING</PROCESSCOSTCATEGORYID><PROCESSQUANTITY>1.000000</PROCESSQUANTITY><PROCESSTIME>1.000000</PROCESSTIME><PRODUCTCONFIGURATIONID></PRODUCTCONFIGURATIONID><PRODUCTGROUPID></PRODUCTGROUPID><PRODUCTIONSITEID>WD</PRODUCTIONSITEID><QUANTITYCOSTCATEGORYID>STRAIING</QUANTITYCOSTCATEGORYID><QUEUETIMEAFTER>0.000000</QUEUETIMEAFTER><QUEUETIMEBEFORE>0.000000</QUEUETIMEBEFORE><RESOURCEQUANTITY>1</RESOURCEQUANTITY><ROUTEGROUPID>POTIONS</ROUTEGROUPID><ROUTEID>WDTC-000001</ROUTEID><ROUTETYPE>Standard</ROUTETYPE><SETUPCOSTCATEGORYID>STRAIING</SETUPCOSTCATEGORYID><SETUPTIME>0.000000</SETUPTIME><TRANSFERBATCHQUANTITY>0.000000</TRANSFERBATCHQUANTITY><TRANSITTIME>0.000000</TRANSITTIME><WORKINGTIMESCHEDULINGPROPERTYID></WORKINGTIMESCHEDULINGPROPERTYID></ROUTEOPERATIONPROPERTIESV2ENTITY><ROUTEOPERATIONPROPERTIESV2ENTITY><CONSUMPTIONCALCULATIONFACTOR>1.000000</CONSUMPTIONCALCULATIONFACTOR><CONSUMPTIONCALCULATIONFORMULA>Formula0</CONSUMPTIONCALCULATIONFORMULA><COSTINGOPERATIONRESOURCEID>STRAINERS</COSTINGOPERATIONRESOURCEID><DELAYNOTIFICATIONTHRESHOLDPERCENT>0.000000</DELAYNOTIFICATIONTHRESHOLDPERCENT><ITEMNUMBER>POTIONTRUTHSERUM</ITEMNUMBER><LOADPERCENTAGE>100.000000</LOADPERCENTAGE><OPERATIONID>STRAINING</OPERATIONID><OPERATIONSTIMETOHOURCONVERSIONFACTOR>1.000000</OPERATIONSTIMETOHOURCONVERSIONFACTOR><PROCESSCOSTCATEGORYID>STRAIING</PROCESSCOSTCATEGORYID><PROCESSQUANTITY>1.000000</PROCESSQUANTITY><PROCESSTIME>1.000000</PROCESSTIME><PRODUCTCONFIGURATIONID></PRODUCTCONFIGURATIONID><PRODUCTGROUPID></PRODUCTGROUPID><PRODUCTIONSITEID>WD</PRODUCTIONSITEID><QUANTITYCOSTCATEGORYID>STRAIING</QUANTITYCOSTCATEGORYID><QUEUETIMEAFTER>0.000000</QUEUETIMEAFTER><QUEUETIMEBEFORE>0.000000</QUEUETIMEBEFORE><RESOURCEQUANTITY>1</RESOURCEQUANTITY><ROUTEGROUPID>POTIONS</ROUTEGROUPID><ROUTEID>WDTC-000002</ROUTEID><ROUTETYPE>Standard</ROUTETYPE><SETUPCOSTCATEGORYID>STRAIING</SETUPCOSTCATEGORYID><SETUPTIME>0.000000</SETUPTIME><TRANSFERBATCHQUANTITY>0.000000</TRANSFERBATCHQUANTITY><TRANSITTIME>0.000000</TRANSITTIME><WORKINGTIMESCHEDULINGPROPERTYID></WORKINGTIMESCHEDULINGPROPERTYID></ROUTEOPERATIONPROPERTIESV2ENTITY></Document>