﻿<?xml version="1.0" encoding="utf-8"?><Document><ROUTECOSTCATEGORYENTITY><ABSORBEDMANUFACTURINGCOSTMAINACCOUNTIDDISPLAYVALUE></ABSORBEDMANUFACTURINGCOSTMAINACCOUNTIDDISPLAYVALUE><ABSORBEDWIPMANUFACTURINGCOSTMAINACCOUNTIDDISPLAYVALUE></ABSORBEDWIPMANUFACTURINGCOSTMAINACCOUNTIDDISPLAYVALUE><CATEGORYID>BOTTLING</CATEGORYID><COSTGROUPID>BOTTLING</COSTGROUPID><ESTIMATEDABSORBEDMANUFACTURINGCOSTMAINACCOUNTIDDISPLAYVALUE></ESTIMATEDABSORBEDMANUFACTURINGCOSTMAINACCOUNTIDDISPLAYVALUE><ESTIMATEDABSORBEDWIPMANUFACTURINGCOSTMAINACCOUNTIDDISPLAYVALUE></ESTIMATEDABSORBEDWIPMANUFACTURINGCOSTMAINACCOUNTIDDISPLAYVALUE><UNITCOST>5.000000</UNITCOST></ROUTECOSTCATEGORYENTITY><ROUTECOSTCATEGORYENTITY><ABSORBEDMANUFACTURINGCOSTMAINACCOUNTIDDISPLAYVALUE></ABSORBEDMANUFACTURINGCOSTMAINACCOUNTIDDISPLAYVALUE><ABSORBEDWIPMANUFACTURINGCOSTMAINACCOUNTIDDISPLAYVALUE></ABSORBEDWIPMANUFACTURINGCOSTMAINACCOUNTIDDISPLAYVALUE><CATEGORYID>COOKING</CATEGORYID><COSTGROUPID>COOKING</COSTGROUPID><ESTIMATEDABSORBEDMANUFACTURINGCOSTMAINACCOUNTIDDISPLAYVALUE></ESTIMATEDABSORBEDMANUFACTURINGCOSTMAINACCOUNTIDDISPLAYVALUE><ESTIMATEDABSORBEDWIPMANUFACTURINGCOSTMAINACCOUNTIDDISPLAYVALUE></ESTIMATEDABSORBEDWIPMANUFACTURINGCOSTMAINACCOUNTIDDISPLAYVALUE><UNITCOST>1.000000</UNITCOST></ROUTECOSTCATEGORYENTITY><ROUTECOSTCATEGORYENTITY><ABSORBEDMANUFACTURINGCOSTMAINACCOUNTIDDISPLAYVALUE></ABSORBEDMANUFACTURINGCOSTMAINACCOUNTIDDISPLAYVALUE><ABSORBEDWIPMANUFACTURINGCOSTMAINACCOUNTIDDISPLAYVALUE></ABSORBEDWIPMANUFACTURINGCOSTMAINACCOUNTIDDISPLAYVALUE><CATEGORYID>DISTILLING</CATEGORYID><COSTGROUPID>DISTILLING</COSTGROUPID><ESTIMATEDABSORBEDMANUFACTURINGCOSTMAINACCOUNTIDDISPLAYVALUE></ESTIMATEDABSORBEDMANUFACTURINGCOSTMAINACCOUNTIDDISPLAYVALUE><ESTIMATEDABSORBEDWIPMANUFACTURINGCOSTMAINACCOUNTIDDISPLAYVALUE></ESTIMATEDABSORBEDWIPMANUFACTURINGCOSTMAINACCOUNTIDDISPLAYVALUE><UNITCOST>1.000000</UNITCOST></ROUTECOSTCATEGORYENTITY><ROUTECOSTCATEGORYENTITY><ABSORBEDMANUFACTURINGCOSTMAINACCOUNTIDDISPLAYVALUE></ABSORBEDMANUFACTURINGCOSTMAINACCOUNTIDDISPLAYVALUE><ABSORBEDWIPMANUFACTURINGCOSTMAINACCOUNTIDDISPLAYVALUE></ABSORBEDWIPMANUFACTURINGCOSTMAINACCOUNTIDDISPLAYVALUE><CATEGORYID>DRYING</CATEGORYID><COSTGROUPID>DRYING</COSTGROUPID><ESTIMATEDABSORBEDMANUFACTURINGCOSTMAINACCOUNTIDDISPLAYVALUE></ESTIMATEDABSORBEDMANUFACTURINGCOSTMAINACCOUNTIDDISPLAYVALUE><ESTIMATEDABSORBEDWIPMANUFACTURINGCOSTMAINACCOUNTIDDISPLAYVALUE></ESTIMATEDABSORBEDWIPMANUFACTURINGCOSTMAINACCOUNTIDDISPLAYVALUE><UNITCOST>0.000000</UNITCOST></ROUTECOSTCATEGORYENTITY><ROUTECOSTCATEGORYENTITY><ABSORBEDMANUFACTURINGCOSTMAINACCOUNTIDDISPLAYVALUE></ABSORBEDMANUFACTURINGCOSTMAINACCOUNTIDDISPLAYVALUE><ABSORBEDWIPMANUFACTURINGCOSTMAINACCOUNTIDDISPLAYVALUE></ABSORBEDWIPMANUFACTURINGCOSTMAINACCOUNTIDDISPLAYVALUE><CATEGORYID>PRESSING</CATEGORYID><COSTGROUPID>PRESSING</COSTGROUPID><ESTIMATEDABSORBEDMANUFACTURINGCOSTMAINACCOUNTIDDISPLAYVALUE></ESTIMATEDABSORBEDMANUFACTURINGCOSTMAINACCOUNTIDDISPLAYVALUE><ESTIMATEDABSORBEDWIPMANUFACTURINGCOSTMAINACCOUNTIDDISPLAYVALUE></ESTIMATEDABSORBEDWIPMANUFACTURINGCOSTMAINACCOUNTIDDISPLAYVALUE><UNITCOST>0.000000</UNITCOST></ROUTECOSTCATEGORYENTITY><ROUTECOSTCATEGORYENTITY><ABSORBEDMANUFACTURINGCOSTMAINACCOUNTIDDISPLAYVALUE></ABSORBEDMANUFACTURINGCOSTMAINACCOUNTIDDISPLAYVALUE><ABSORBEDWIPMANUFACTURINGCOSTMAINACCOUNTIDDISPLAYVALUE></ABSORBEDWIPMANUFACTURINGCOSTMAINACCOUNTIDDISPLAYVALUE><CATEGORYID>STRAIING</CATEGORYID><COSTGROUPID>STRAINING</COSTGROUPID><ESTIMATEDABSORBEDMANUFACTURINGCOSTMAINACCOUNTIDDISPLAYVALUE></ESTIMATEDABSORBEDMANUFACTURINGCOSTMAINACCOUNTIDDISPLAYVALUE><ESTIMATEDABSORBEDWIPMANUFACTURINGCOSTMAINACCOUNTIDDISPLAYVALUE></ESTIMATEDABSORBEDWIPMANUFACTURINGCOSTMAINACCOUNTIDDISPLAYVALUE><UNITCOST>1.000000</UNITCOST></ROUTECOSTCATEGORYENTITY><ROUTECOSTCATEGORYENTITY><ABSORBEDMANUFACTURINGCOSTMAINACCOUNTIDDISPLAYVALUE></ABSORBEDMANUFACTURINGCOSTMAINACCOUNTIDDISPLAYVALUE><ABSORBEDWIPMANUFACTURINGCOSTMAINACCOUNTIDDISPLAYVALUE></ABSORBEDWIPMANUFACTURINGCOSTMAINACCOUNTIDDISPLAYVALUE><CATEGORYID>STRAINING</CATEGORYID><COSTGROUPID>STRAINING</COSTGROUPID><ESTIMATEDABSORBEDMANUFACTURINGCOSTMAINACCOUNTIDDISPLAYVALUE></ESTIMATEDABSORBEDMANUFACTURINGCOSTMAINACCOUNTIDDISPLAYVALUE><ESTIMATEDABSORBEDWIPMANUFACTURINGCOSTMAINACCOUNTIDDISPLAYVALUE></ESTIMATEDABSORBEDWIPMANUFACTURINGCOSTMAINACCOUNTIDDISPLAYVALUE><UNITCOST>0.000000</UNITCOST></ROUTECOSTCATEGORYENTITY></Document>