﻿<?xml version="1.0" encoding="utf-8"?><Document><SALESDELIVERYCHARGEENTITY><CHARGECODE /><CHARGEDESCRIPTION /><CREDITPOSTINGMAINACCOUNTIDDISPLAYVALUE /><CREDITPOSTINGMETHOD /><CREDITPOSTINGTYPE /><DEBITPOSTINGMAINACCOUNTIDDISPLAYVALUE /><DEBITPOSTINGMETHOD /><DEBITPOSTINGTYPE /><SALESTAXITEMGROUPCODE /><TAXRATETYPENAME /><WILLINTRASTATINVOICEVALUEINCLUDECHARGEAMOUNTS /><WILLINTRASTATSTATISTICALVALUEINCLUDECHARGEAMOUNTS /><WILLSALESINVOICINGPRORATECHARGEAMOUNTS /></SALESDELIVERYCHARGEENTITY></Document>