﻿<?xml version="1.0" encoding="utf-8"?><Document><TMSSALESDELIVERYFREIGHTCHARGEENTITY><ACCESSORIALCHARGEMASTERCODE /><DELIVERYTERMSCODE /><EFFECTIVEENDDATE /><EFFECTIVESTARTDATE /><FREIGHTCHARGECATEGORYTYPE /><FREIGHTCHARGETYPE /><ISFREIGHTCHARGEIGNORED /><OPERATIONALSITEID /><ORDERINGCUSTOMERACCOUNTNUMBER /><SALESDELIVERYCHARGECODE /><SHIPPINGCARRIERID /><SHIPPINGCARRIERSERVICEID /><TRANSPORTATIONMETHODID /><TRANSPORTATIONMODECODE /><WAREHOUSEID /></TMSSALESDELIVERYFREIGHTCHARGEENTITY></Document>