﻿<?xml version="1.0" encoding="utf-8"?><Document><TMSSHIPPINGCARRIERSERVICEENTITY><DELIVERYMODECODE>AIR-AIR</DELIVERYMODECODE><EXTERNALSHIPPINGCARRIERSERVICEID></EXTERNALSHIPPINGCARRIERSERVICEID><LOADVOLUMEFACTOR>0.000000</LOADVOLUMEFACTOR><PHYSICALLOADTEMPLATEID></PHYSICALLOADTEMPLATEID><SERVICEID>AIR</SERVICEID><SERVICENAME>Air</SERVICENAME><SHIPPINGCARRIERID>AIR</SHIPPINGCARRIERID><SHIPPINGLABELREQUESTTYPE>ShippingLabelOnly</SHIPPINGLABELREQUESTTYPE><TRANSPORTATIONBILLINGGROUPID>FREIGHT</TRANSPORTATIONBILLINGGROUPID><TRANSPORTATIONMETHODID>AIR</TRANSPORTATIONMETHODID></TMSSHIPPINGCARRIERSERVICEENTITY><TMSSHIPPINGCARRIERSERVICEENTITY><DELIVERYMODECODE>GRYPH-AIR</DELIVERYMODECODE><EXTERNALSHIPPINGCARRIERSERVICEID></EXTERNALSHIPPINGCARRIERSERVICEID><LOADVOLUMEFACTOR>0.000000</LOADVOLUMEFACTOR><PHYSICALLOADTEMPLATEID></PHYSICALLOADTEMPLATEID><SERVICEID>AIR</SERVICEID><SERVICENAME>Air Carrier</SERVICENAME><SHIPPINGCARRIERID>GRYPHON</SHIPPINGCARRIERID><SHIPPINGLABELREQUESTTYPE>ShippingLabelOnly</SHIPPINGLABELREQUESTTYPE><TRANSPORTATIONBILLINGGROUPID></TRANSPORTATIONBILLINGGROUPID><TRANSPORTATIONMETHODID>AIR</TRANSPORTATIONMETHODID></TMSSHIPPINGCARRIERSERVICEENTITY><TMSSHIPPINGCARRIERSERVICEENTITY><DELIVERYMODECODE>GRYPH-GRYP</DELIVERYMODECODE><EXTERNALSHIPPINGCARRIERSERVICEID></EXTERNALSHIPPINGCARRIERSERVICEID><LOADVOLUMEFACTOR>0.000000</LOADVOLUMEFACTOR><PHYSICALLOADTEMPLATEID></PHYSICALLOADTEMPLATEID><SERVICEID>GRYPHON</SERVICEID><SERVICENAME>Gryphon</SERVICENAME><SHIPPINGCARRIERID>GRYPHON</SHIPPINGCARRIERID><SHIPPINGLABELREQUESTTYPE>ShippingLabelOnly</SHIPPINGLABELREQUESTTYPE><TRANSPORTATIONBILLINGGROUPID></TRANSPORTATIONBILLINGGROUPID><TRANSPORTATIONMETHODID>GRYPHON</TRANSPORTATIONMETHODID></TMSSHIPPINGCARRIERSERVICEENTITY><TMSSHIPPINGCARRIERSERVICEENTITY><DELIVERYMODECODE>IRONW-GROU</DELIVERYMODECODE><EXTERNALSHIPPINGCARRIERSERVICEID></EXTERNALSHIPPINGCARRIERSERVICEID><LOADVOLUMEFACTOR>0.000000</LOADVOLUMEFACTOR><PHYSICALLOADTEMPLATEID>Crate</PHYSICALLOADTEMPLATEID><SERVICEID>GROUND</SERVICEID><SERVICENAME>Ground</SERVICENAME><SHIPPINGCARRIERID>IRONWHEELS</SHIPPINGCARRIERID><SHIPPINGLABELREQUESTTYPE>ShippingLabelOnly</SHIPPINGLABELREQUESTTYPE><TRANSPORTATIONBILLINGGROUPID></TRANSPORTATIONBILLINGGROUPID><TRANSPORTATIONMETHODID>GROUND</TRANSPORTATIONMETHODID></TMSSHIPPINGCARRIERSERVICEENTITY><TMSSHIPPINGCARRIERSERVICEENTITY><DELIVERYMODECODE>IRONW-LTL</DELIVERYMODECODE><EXTERNALSHIPPINGCARRIERSERVICEID></EXTERNALSHIPPINGCARRIERSERVICEID><LOADVOLUMEFACTOR>0.000000</LOADVOLUMEFACTOR><PHYSICALLOADTEMPLATEID><![CDATA[20' Container]]></PHYSICALLOADTEMPLATEID><SERVICEID>LTL</SERVICEID><SERVICENAME>LTL Carrier</SERVICENAME><SHIPPINGCARRIERID>IRONWHEELS</SHIPPINGCARRIERID><SHIPPINGLABELREQUESTTYPE>ShippingLabelOnly</SHIPPINGLABELREQUESTTYPE><TRANSPORTATIONBILLINGGROUPID></TRANSPORTATIONBILLINGGROUPID><TRANSPORTATIONMETHODID>GROUND</TRANSPORTATIONMETHODID></TMSSHIPPINGCARRIERSERVICEENTITY><TMSSHIPPINGCARRIERSERVICEENTITY><DELIVERYMODECODE>LTL-AIR</DELIVERYMODECODE><EXTERNALSHIPPINGCARRIERSERVICEID></EXTERNALSHIPPINGCARRIERSERVICEID><LOADVOLUMEFACTOR>0.000000</LOADVOLUMEFACTOR><PHYSICALLOADTEMPLATEID></PHYSICALLOADTEMPLATEID><SERVICEID>AIR</SERVICEID><SERVICENAME>Air</SERVICENAME><SHIPPINGCARRIERID>LTL</SHIPPINGCARRIERID><SHIPPINGLABELREQUESTTYPE>ShippingLabelOnly</SHIPPINGLABELREQUESTTYPE><TRANSPORTATIONBILLINGGROUPID></TRANSPORTATIONBILLINGGROUPID><TRANSPORTATIONMETHODID>AIR</TRANSPORTATIONMETHODID></TMSSHIPPINGCARRIERSERVICEENTITY><TMSSHIPPINGCARRIERSERVICEENTITY><DELIVERYMODECODE>LTL-GROU</DELIVERYMODECODE><EXTERNALSHIPPINGCARRIERSERVICEID></EXTERNALSHIPPINGCARRIERSERVICEID><LOADVOLUMEFACTOR>0.000000</LOADVOLUMEFACTOR><PHYSICALLOADTEMPLATEID>Crate</PHYSICALLOADTEMPLATEID><SERVICEID>GROUND</SERVICEID><SERVICENAME>Ground</SERVICENAME><SHIPPINGCARRIERID>LTL</SHIPPINGCARRIERID><SHIPPINGLABELREQUESTTYPE>ShippingLabelOnly</SHIPPINGLABELREQUESTTYPE><TRANSPORTATIONBILLINGGROUPID></TRANSPORTATIONBILLINGGROUPID><TRANSPORTATIONMETHODID>GROUND</TRANSPORTATIONMETHODID></TMSSHIPPINGCARRIERSERVICEENTITY><TMSSHIPPINGCARRIERSERVICEENTITY><DELIVERYMODECODE>LTL-LTL</DELIVERYMODECODE><EXTERNALSHIPPINGCARRIERSERVICEID></EXTERNALSHIPPINGCARRIERSERVICEID><LOADVOLUMEFACTOR>0.000000</LOADVOLUMEFACTOR><PHYSICALLOADTEMPLATEID>Crate</PHYSICALLOADTEMPLATEID><SERVICEID>LTL</SERVICEID><SERVICENAME>Less Than Truckload</SERVICENAME><SHIPPINGCARRIERID>LTL</SHIPPINGCARRIERID><SHIPPINGLABELREQUESTTYPE>ShippingLabelOnly</SHIPPINGLABELREQUESTTYPE><TRANSPORTATIONBILLINGGROUPID></TRANSPORTATIONBILLINGGROUPID><TRANSPORTATIONMETHODID>GROUND</TRANSPORTATIONMETHODID></TMSSHIPPINGCARRIERSERVICEENTITY><TMSSHIPPINGCARRIERSERVICEENTITY><DELIVERYMODECODE>OCEAN-OCEA</DELIVERYMODECODE><EXTERNALSHIPPINGCARRIERSERVICEID></EXTERNALSHIPPINGCARRIERSERVICEID><LOADVOLUMEFACTOR>0.000000</LOADVOLUMEFACTOR><PHYSICALLOADTEMPLATEID></PHYSICALLOADTEMPLATEID><SERVICEID>OCEAN</SERVICEID><SERVICENAME>Ocean</SERVICENAME><SHIPPINGCARRIERID>OCEAN</SHIPPINGCARRIERID><SHIPPINGLABELREQUESTTYPE>ShippingLabelOnly</SHIPPINGLABELREQUESTTYPE><TRANSPORTATIONBILLINGGROUPID></TRANSPORTATIONBILLINGGROUPID><TRANSPORTATIONMETHODID>OCEAN</TRANSPORTATIONMETHODID></TMSSHIPPINGCARRIERSERVICEENTITY><TMSSHIPPINGCARRIERSERVICEENTITY><DELIVERYMODECODE>SCSHI-OCEA</DELIVERYMODECODE><EXTERNALSHIPPINGCARRIERSERVICEID></EXTERNALSHIPPINGCARRIERSERVICEID><LOADVOLUMEFACTOR>0.000000</LOADVOLUMEFACTOR><PHYSICALLOADTEMPLATEID>Crate</PHYSICALLOADTEMPLATEID><SERVICEID>OCEAN</SERVICEID><SERVICENAME>Ocean</SERVICENAME><SHIPPINGCARRIERID>SCSHIPPING</SHIPPINGCARRIERID><SHIPPINGLABELREQUESTTYPE>ShippingLabelOnly</SHIPPINGLABELREQUESTTYPE><TRANSPORTATIONBILLINGGROUPID></TRANSPORTATIONBILLINGGROUPID><TRANSPORTATIONMETHODID>OCEAN</TRANSPORTATIONMETHODID></TMSSHIPPINGCARRIERSERVICEENTITY><TMSSHIPPINGCARRIERSERVICEENTITY><DELIVERYMODECODE>SCSHI-OCE1</DELIVERYMODECODE><EXTERNALSHIPPINGCARRIERSERVICEID></EXTERNALSHIPPINGCARRIERSERVICEID><LOADVOLUMEFACTOR>0.000000</LOADVOLUMEFACTOR><PHYSICALLOADTEMPLATEID></PHYSICALLOADTEMPLATEID><SERVICEID>OCEAN-PARCEL</SERVICEID><SERVICENAME>Ocean-Parcel</SERVICENAME><SHIPPINGCARRIERID>SCSHIPPING</SHIPPINGCARRIERID><SHIPPINGLABELREQUESTTYPE>ShippingLabelOnly</SHIPPINGLABELREQUESTTYPE><TRANSPORTATIONBILLINGGROUPID></TRANSPORTATIONBILLINGGROUPID><TRANSPORTATIONMETHODID>OCEAN</TRANSPORTATIONMETHODID></TMSSHIPPINGCARRIERSERVICEENTITY></Document>