﻿<?xml version="1.0" encoding="utf-8"?><Document><TMSSHIPPINGCARRIERPOSTALADDRESSENTITY><ADDRESSBUILDINGCOMPLIMENT /><ADDRESSCITY /><ADDRESSCOUNTRYREGIONID /><ADDRESSCOUNTRYREGIONISOCODE /><ADDRESSCOUNTYID /><ADDRESSDESCRIPTION /><ADDRESSDISTRICTNAME /><ADDRESSLATITUDE /><ADDRESSLOCATIONID /><ADDRESSLOCATIONROLES /><ADDRESSLONGITUDE /><ADDRESSPOSTBOX /><ADDRESSSTATEID /><ADDRESSSTREET /><ADDRESSSTREETNUMBER /><ADDRESSTIMEZONE /><ADDRESSVALIDFROM /><ADDRESSVALIDTO /><ADDRESSZIPCODE /><FORMATTEDADDRESS /><ISPRIMARYADDRESS /><SHIPPINGCARRIERID /><SHIPPINGCARRIERLEGALENTITYID /></TMSSHIPPINGCARRIERPOSTALADDRESSENTITY></Document>