﻿<?xml version="1.0" encoding="utf-8"?><Document><TMSSHIPPINGCARRIERRATINGPROFILEENTITY><CARRIERFUELINDEXCODE></CARRIERFUELINDEXCODE><EFFECTIVEENDDATETIME>1900-01-01T00:00:00</EFFECTIVEENDDATETIME><EFFECTIVESTARTDATETIME>1900-01-01T00:00:00</EFFECTIVESTARTDATETIME><FREIGHTRATEENGINEID>P2PWeight</FREIGHTRATEENGINEID><FREIGHTRATEMASTERID>P2PMileageMaster</FREIGHTRATEMASTERID><ORIGINDESTINATIONSITEID></ORIGINDESTINATIONSITEID><ORIGINDESTINATIONWAREHOUSEID></ORIGINDESTINATIONWAREHOUSEID><PROFILEID>AIR</PROFILEID><PROFILENAME>Air</PROFILENAME><SHIPPINGCARRIERID>AIR</SHIPPINGCARRIERID><TRANSPORTATIONTRANSITTIMEENGINEID>P2P-GYPHON</TRANSPORTATIONTRANSITTIMEENGINEID></TMSSHIPPINGCARRIERRATINGPROFILEENTITY><TMSSHIPPINGCARRIERRATINGPROFILEENTITY><CARRIERFUELINDEXCODE></CARRIERFUELINDEXCODE><EFFECTIVEENDDATETIME>1900-01-01T00:00:00</EFFECTIVEENDDATETIME><EFFECTIVESTARTDATETIME>1900-01-01T00:00:00</EFFECTIVESTARTDATETIME><FREIGHTRATEENGINEID>P2PMileage</FREIGHTRATEENGINEID><FREIGHTRATEMASTERID>P2PMileageMaster</FREIGHTRATEMASTERID><ORIGINDESTINATIONSITEID></ORIGINDESTINATIONSITEID><ORIGINDESTINATIONWAREHOUSEID></ORIGINDESTINATIONWAREHOUSEID><PROFILEID>GROUND</PROFILEID><PROFILENAME>Ground</PROFILENAME><SHIPPINGCARRIERID>IRONWHEELS</SHIPPINGCARRIERID><TRANSPORTATIONTRANSITTIMEENGINEID>PointToPoint</TRANSPORTATIONTRANSITTIMEENGINEID></TMSSHIPPINGCARRIERRATINGPROFILEENTITY><TMSSHIPPINGCARRIERRATINGPROFILEENTITY><CARRIERFUELINDEXCODE></CARRIERFUELINDEXCODE><EFFECTIVEENDDATETIME>1900-01-01T00:00:00</EFFECTIVEENDDATETIME><EFFECTIVESTARTDATETIME>1900-01-01T00:00:00</EFFECTIVESTARTDATETIME><FREIGHTRATEENGINEID>P2PAirMileage</FREIGHTRATEENGINEID><FREIGHTRATEMASTERID>P2PMileageMaster</FREIGHTRATEMASTERID><ORIGINDESTINATIONSITEID></ORIGINDESTINATIONSITEID><ORIGINDESTINATIONWAREHOUSEID></ORIGINDESTINATIONWAREHOUSEID><PROFILEID>GRYPHON</PROFILEID><PROFILENAME>Gryphon Cargo</PROFILENAME><SHIPPINGCARRIERID>GRYPHON</SHIPPINGCARRIERID><TRANSPORTATIONTRANSITTIMEENGINEID>P2P-GYPHON</TRANSPORTATIONTRANSITTIMEENGINEID></TMSSHIPPINGCARRIERRATINGPROFILEENTITY><TMSSHIPPINGCARRIERRATINGPROFILEENTITY><CARRIERFUELINDEXCODE></CARRIERFUELINDEXCODE><EFFECTIVEENDDATETIME>1900-01-01T00:00:00</EFFECTIVEENDDATETIME><EFFECTIVESTARTDATETIME>1900-01-01T00:00:00</EFFECTIVESTARTDATETIME><FREIGHTRATEENGINEID>P2PWeight</FREIGHTRATEENGINEID><FREIGHTRATEMASTERID>P2PMileageMaster</FREIGHTRATEMASTERID><ORIGINDESTINATIONSITEID></ORIGINDESTINATIONSITEID><ORIGINDESTINATIONWAREHOUSEID></ORIGINDESTINATIONWAREHOUSEID><PROFILEID>IRONWHEELS-AIR</PROFILEID><PROFILENAME>Air Carrier</PROFILENAME><SHIPPINGCARRIERID>IRONWHEELS</SHIPPINGCARRIERID><TRANSPORTATIONTRANSITTIMEENGINEID>PointToPoint</TRANSPORTATIONTRANSITTIMEENGINEID></TMSSHIPPINGCARRIERRATINGPROFILEENTITY><TMSSHIPPINGCARRIERRATINGPROFILEENTITY><CARRIERFUELINDEXCODE></CARRIERFUELINDEXCODE><EFFECTIVEENDDATETIME>1900-01-01T00:00:00</EFFECTIVEENDDATETIME><EFFECTIVESTARTDATETIME>1900-01-01T00:00:00</EFFECTIVESTARTDATETIME><FREIGHTRATEENGINEID>P2PWeight</FREIGHTRATEENGINEID><FREIGHTRATEMASTERID>P2PMileageMaster</FREIGHTRATEMASTERID><ORIGINDESTINATIONSITEID></ORIGINDESTINATIONSITEID><ORIGINDESTINATIONWAREHOUSEID></ORIGINDESTINATIONWAREHOUSEID><PROFILEID>LTL-AIR</PROFILEID><PROFILENAME>Air Carrier</PROFILENAME><SHIPPINGCARRIERID>LTL</SHIPPINGCARRIERID><TRANSPORTATIONTRANSITTIMEENGINEID>PointToPoint</TRANSPORTATIONTRANSITTIMEENGINEID></TMSSHIPPINGCARRIERRATINGPROFILEENTITY><TMSSHIPPINGCARRIERRATINGPROFILEENTITY><CARRIERFUELINDEXCODE></CARRIERFUELINDEXCODE><EFFECTIVEENDDATETIME>1900-01-01T00:00:00</EFFECTIVEENDDATETIME><EFFECTIVESTARTDATETIME>1900-01-01T00:00:00</EFFECTIVESTARTDATETIME><FREIGHTRATEENGINEID>P2PMileage</FREIGHTRATEENGINEID><FREIGHTRATEMASTERID>P2PMileageMaster</FREIGHTRATEMASTERID><ORIGINDESTINATIONSITEID></ORIGINDESTINATIONSITEID><ORIGINDESTINATIONWAREHOUSEID></ORIGINDESTINATIONWAREHOUSEID><PROFILEID>OCEAN</PROFILEID><PROFILENAME>Ocean</PROFILENAME><SHIPPINGCARRIERID>OCEAN</SHIPPINGCARRIERID><TRANSPORTATIONTRANSITTIMEENGINEID>P2P</TRANSPORTATIONTRANSITTIMEENGINEID></TMSSHIPPINGCARRIERRATINGPROFILEENTITY><TMSSHIPPINGCARRIERRATINGPROFILEENTITY><CARRIERFUELINDEXCODE></CARRIERFUELINDEXCODE><EFFECTIVEENDDATETIME>1900-01-01T00:00:00</EFFECTIVEENDDATETIME><EFFECTIVESTARTDATETIME>1900-01-01T00:00:00</EFFECTIVESTARTDATETIME><FREIGHTRATEENGINEID>Milage</FREIGHTRATEENGINEID><FREIGHTRATEMASTERID>P2PParcelRateMaster</FREIGHTRATEMASTERID><ORIGINDESTINATIONSITEID></ORIGINDESTINATIONSITEID><ORIGINDESTINATIONWAREHOUSEID></ORIGINDESTINATIONWAREHOUSEID><PROFILEID>PARCEL</PROFILEID><PROFILENAME>Parcel</PROFILENAME><SHIPPINGCARRIERID>IRONWHEELS</SHIPPINGCARRIERID><TRANSPORTATIONTRANSITTIMEENGINEID>PointToPoint</TRANSPORTATIONTRANSITTIMEENGINEID></TMSSHIPPINGCARRIERRATINGPROFILEENTITY><TMSSHIPPINGCARRIERRATINGPROFILEENTITY><CARRIERFUELINDEXCODE></CARRIERFUELINDEXCODE><EFFECTIVEENDDATETIME>1900-01-01T00:00:00</EFFECTIVEENDDATETIME><EFFECTIVESTARTDATETIME>1900-01-01T00:00:00</EFFECTIVESTARTDATETIME><FREIGHTRATEENGINEID>P2POceanMileage</FREIGHTRATEENGINEID><FREIGHTRATEMASTERID>P2PMileageMaster</FREIGHTRATEMASTERID><ORIGINDESTINATIONSITEID></ORIGINDESTINATIONSITEID><ORIGINDESTINATIONWAREHOUSEID></ORIGINDESTINATIONWAREHOUSEID><PROFILEID>SCSHIPPING-SEA</PROFILEID><PROFILENAME>Sword Coast Shipping (Sea)</PROFILENAME><SHIPPINGCARRIERID>SCSHIPPING</SHIPPINGCARRIERID><TRANSPORTATIONTRANSITTIMEENGINEID>P2P-SEA</TRANSPORTATIONTRANSITTIMEENGINEID></TMSSHIPPINGCARRIERRATINGPROFILEENTITY></Document>