﻿<?xml version="1.0" encoding="utf-8"?><Document><TMSSHIPPINGCARRIERENTITY><AVERAGECONTAINERWEIGHT>0.000000000000</AVERAGECONTAINERWEIGHT><CARRIERID>AIR</CARRIERID><CARRIERNAME>Air Carrier</CARRIERNAME><ISBROKER>No</ISBROKER><ISSHIPPINGCARRIERACTIVE>Yes</ISSHIPPINGCARRIERACTIVE><ISSHIPPINGCARRIERRATINGACTIVE>Yes</ISSHIPPINGCARRIERRATINGACTIVE><PRONUMBERSEQUENCEID></PRONUMBERSEQUENCEID><SHIPPINGCARRIERTRACKINGURL></SHIPPINGCARRIERTRACKINGURL><SHIPPINGCARRIERVENDORACCOUNTNUMBER>IRONWHEELS</SHIPPINGCARRIERVENDORACCOUNTNUMBER><SHIPPINGCARRIERWEBSITEURL></SHIPPINGCARRIERWEBSITEURL><STANDARDCARRIERALPHACODE></STANDARDCARRIERALPHACODE><TRANSPORTATIONMODEID>AIR</TRANSPORTATIONMODEID><TRANSPORTATIONTENDERTYPE>None</TRANSPORTATIONTENDERTYPE></TMSSHIPPINGCARRIERENTITY><TMSSHIPPINGCARRIERENTITY><AVERAGECONTAINERWEIGHT>0.000000000000</AVERAGECONTAINERWEIGHT><CARRIERID>GRYPHON</CARRIERID><CARRIERNAME>Gryphon Cargo</CARRIERNAME><ISBROKER>No</ISBROKER><ISSHIPPINGCARRIERACTIVE>Yes</ISSHIPPINGCARRIERACTIVE><ISSHIPPINGCARRIERRATINGACTIVE>Yes</ISSHIPPINGCARRIERRATINGACTIVE><PRONUMBERSEQUENCEID></PRONUMBERSEQUENCEID><SHIPPINGCARRIERTRACKINGURL></SHIPPINGCARRIERTRACKINGURL><SHIPPINGCARRIERVENDORACCOUNTNUMBER></SHIPPINGCARRIERVENDORACCOUNTNUMBER><SHIPPINGCARRIERWEBSITEURL></SHIPPINGCARRIERWEBSITEURL><STANDARDCARRIERALPHACODE></STANDARDCARRIERALPHACODE><TRANSPORTATIONMODEID>AIR</TRANSPORTATIONMODEID><TRANSPORTATIONTENDERTYPE>None</TRANSPORTATIONTENDERTYPE></TMSSHIPPINGCARRIERENTITY><TMSSHIPPINGCARRIERENTITY><AVERAGECONTAINERWEIGHT>0.000000000000</AVERAGECONTAINERWEIGHT><CARRIERID>IRONWHEELS</CARRIERID><CARRIERNAME>Iron Wheels Couriers</CARRIERNAME><ISBROKER>No</ISBROKER><ISSHIPPINGCARRIERACTIVE>Yes</ISSHIPPINGCARRIERACTIVE><ISSHIPPINGCARRIERRATINGACTIVE>No</ISSHIPPINGCARRIERRATINGACTIVE><PRONUMBERSEQUENCEID></PRONUMBERSEQUENCEID><SHIPPINGCARRIERTRACKINGURL></SHIPPINGCARRIERTRACKINGURL><SHIPPINGCARRIERVENDORACCOUNTNUMBER>IRONWHEELS</SHIPPINGCARRIERVENDORACCOUNTNUMBER><SHIPPINGCARRIERWEBSITEURL></SHIPPINGCARRIERWEBSITEURL><STANDARDCARRIERALPHACODE></STANDARDCARRIERALPHACODE><TRANSPORTATIONMODEID>GROUND</TRANSPORTATIONMODEID><TRANSPORTATIONTENDERTYPE>None</TRANSPORTATIONTENDERTYPE></TMSSHIPPINGCARRIERENTITY><TMSSHIPPINGCARRIERENTITY><AVERAGECONTAINERWEIGHT>0.000000000000</AVERAGECONTAINERWEIGHT><CARRIERID>LTL</CARRIERID><CARRIERNAME>LTL Carrier</CARRIERNAME><ISBROKER>No</ISBROKER><ISSHIPPINGCARRIERACTIVE>Yes</ISSHIPPINGCARRIERACTIVE><ISSHIPPINGCARRIERRATINGACTIVE>No</ISSHIPPINGCARRIERRATINGACTIVE><PRONUMBERSEQUENCEID></PRONUMBERSEQUENCEID><SHIPPINGCARRIERTRACKINGURL></SHIPPINGCARRIERTRACKINGURL><SHIPPINGCARRIERVENDORACCOUNTNUMBER>IRONWHEELS</SHIPPINGCARRIERVENDORACCOUNTNUMBER><SHIPPINGCARRIERWEBSITEURL></SHIPPINGCARRIERWEBSITEURL><STANDARDCARRIERALPHACODE></STANDARDCARRIERALPHACODE><TRANSPORTATIONMODEID>LTL</TRANSPORTATIONMODEID><TRANSPORTATIONTENDERTYPE>None</TRANSPORTATIONTENDERTYPE></TMSSHIPPINGCARRIERENTITY><TMSSHIPPINGCARRIERENTITY><AVERAGECONTAINERWEIGHT>0.000000000000</AVERAGECONTAINERWEIGHT><CARRIERID>OCEAN</CARRIERID><CARRIERNAME>Ocean</CARRIERNAME><ISBROKER>No</ISBROKER><ISSHIPPINGCARRIERACTIVE>No</ISSHIPPINGCARRIERACTIVE><ISSHIPPINGCARRIERRATINGACTIVE>No</ISSHIPPINGCARRIERRATINGACTIVE><PRONUMBERSEQUENCEID></PRONUMBERSEQUENCEID><SHIPPINGCARRIERTRACKINGURL></SHIPPINGCARRIERTRACKINGURL><SHIPPINGCARRIERVENDORACCOUNTNUMBER></SHIPPINGCARRIERVENDORACCOUNTNUMBER><SHIPPINGCARRIERWEBSITEURL></SHIPPINGCARRIERWEBSITEURL><STANDARDCARRIERALPHACODE></STANDARDCARRIERALPHACODE><TRANSPORTATIONMODEID>OCEAN</TRANSPORTATIONMODEID><TRANSPORTATIONTENDERTYPE>None</TRANSPORTATIONTENDERTYPE></TMSSHIPPINGCARRIERENTITY><TMSSHIPPINGCARRIERENTITY><AVERAGECONTAINERWEIGHT>0.000000000000</AVERAGECONTAINERWEIGHT><CARRIERID>SCSHIPPING</CARRIERID><CARRIERNAME>Sword Coast Shipping</CARRIERNAME><ISBROKER>No</ISBROKER><ISSHIPPINGCARRIERACTIVE>Yes</ISSHIPPINGCARRIERACTIVE><ISSHIPPINGCARRIERRATINGACTIVE>No</ISSHIPPINGCARRIERRATINGACTIVE><PRONUMBERSEQUENCEID></PRONUMBERSEQUENCEID><SHIPPINGCARRIERTRACKINGURL></SHIPPINGCARRIERTRACKINGURL><SHIPPINGCARRIERVENDORACCOUNTNUMBER></SHIPPINGCARRIERVENDORACCOUNTNUMBER><SHIPPINGCARRIERWEBSITEURL></SHIPPINGCARRIERWEBSITEURL><STANDARDCARRIERALPHACODE></STANDARDCARRIERALPHACODE><TRANSPORTATIONMODEID>OCEAN</TRANSPORTATIONMODEID><TRANSPORTATIONTENDERTYPE>None</TRANSPORTATIONTENDERTYPE></TMSSHIPPINGCARRIERENTITY></Document>