﻿<?xml version="1.0" encoding="utf-8"?><Document><JMGTIMEANDATTENDANCECALCULATIONGROUPENTITY><CALCULATIONGROUPID>ADMIN</CALCULATIONGROUPID><DESCRIPTION>Administration</DESCRIPTION></JMGTIMEANDATTENDANCECALCULATIONGROUPENTITY><JMGTIMEANDATTENDANCECALCULATIONGROUPENTITY><CALCULATIONGROUPID>DEFAULT</CALCULATIONGROUPID><DESCRIPTION>Default</DESCRIPTION></JMGTIMEANDATTENDANCECALCULATIONGROUPENTITY><JMGTIMEANDATTENDANCECALCULATIONGROUPENTITY><CALCULATIONGROUPID>PROD</CALCULATIONGROUPID><DESCRIPTION>Production</DESCRIPTION></JMGTIMEANDATTENDANCECALCULATIONGROUPENTITY></Document>