﻿<?xml version="1.0" encoding="utf-8"?><Document><JMGTIMEANDATTENDANCEFLEXGROUPENTITY><FLEXGROUPID /><DESCRIPTION /><FLEXMAXIMUMPAYTYPECODE /><FLEXMINUMUMPAYTYPECODE /><ISFLEXBALANCECALCULATEDFROMPAYTYPECODE /><ISFLEXMAXIMUMBALANCEADJUSTED /><ISFLEXMINIMUMBALANCEADJUSTED /><MAXIMUMFLEXBALANCEINTIMEPRESENTATIONUNITS /><MINIMUNFLEXBALANCEINTIMEPRESENTATIONUNITS /><PAYFACTORFORADJUSTEDMAXIMUMBALANCE /><PAYFACTORFORADJUSTEDMINIMUMBALANCE /><PAYTYPECODEFORMAXIMUMFLEXBALANCE /><PAYTYPECODEFORMINIMUMFLEXBALANCE /></JMGTIMEANDATTENDANCEFLEXGROUPENTITY></Document>