﻿<?xml version="1.0" encoding="utf-8"?><Document><JMGTIMEANDATTENDANCEPROFILETYPEENTITY><DESCRIPTION>Break</DESCRIPTION><PROFILESPECIFICATIONTYPECODE>Break</PROFILESPECIFICATIONTYPECODE><PROFILETYPEID>BREAK</PROFILETYPEID></JMGTIMEANDATTENDANCEPROFILETYPEENTITY><JMGTIMEANDATTENDANCEPROFILETYPEENTITY><DESCRIPTION>Clock In</DESCRIPTION><PROFILESPECIFICATIONTYPECODE>SignIn</PROFILESPECIFICATIONTYPECODE><PROFILETYPEID>CLOCK-IN</PROFILETYPEID></JMGTIMEANDATTENDANCEPROFILETYPEENTITY><JMGTIMEANDATTENDANCEPROFILETYPEENTITY><DESCRIPTION>Clock Out</DESCRIPTION><PROFILESPECIFICATIONTYPECODE>SignOut</PROFILESPECIFICATIONTYPECODE><PROFILETYPEID>CLOCK-OUT</PROFILETYPEID></JMGTIMEANDATTENDANCEPROFILETYPEENTITY><JMGTIMEANDATTENDANCEPROFILETYPEENTITY><DESCRIPTION>Overtime</DESCRIPTION><PROFILESPECIFICATIONTYPECODE>OverTime</PROFILESPECIFICATIONTYPECODE><PROFILETYPEID>OVERTIME</PROFILETYPEID></JMGTIMEANDATTENDANCEPROFILETYPEENTITY><JMGTIMEANDATTENDANCEPROFILETYPEENTITY><DESCRIPTION>Paid Break</DESCRIPTION><PROFILESPECIFICATIONTYPECODE>BreakPay</PROFILESPECIFICATIONTYPECODE><PROFILETYPEID>PAIDBREAK</PROFILETYPEID></JMGTIMEANDATTENDANCEPROFILETYPEENTITY><JMGTIMEANDATTENDANCEPROFILETYPEENTITY><DESCRIPTION>Standard Time</DESCRIPTION><PROFILESPECIFICATIONTYPECODE>WorkTime</PROFILESPECIFICATIONTYPECODE><PROFILETYPEID>STANDARD</PROFILETYPEID></JMGTIMEANDATTENDANCEPROFILETYPEENTITY></Document>