﻿<?xml version="1.0" encoding="utf-8"?><Document><WORKCALENDARTIMEINTERVALTEMPLATEENTITY><EFFICIENCYPERCENTAGE>100.000000</EFFICIENCYPERCENTAGE><ENDTIME>17:00:00</ENDTIME><STARTTIME>08:00:00</STARTTIME><TEMPLATEID>STANDARD</TEMPLATEID><WEEKDAY>Monday</WEEKDAY><WORKINGTIMESCHEDULINGPROPERTYID></WORKINGTIMESCHEDULINGPROPERTYID></WORKCALENDARTIMEINTERVALTEMPLATEENTITY><WORKCALENDARTIMEINTERVALTEMPLATEENTITY><EFFICIENCYPERCENTAGE>100.000000</EFFICIENCYPERCENTAGE><ENDTIME>17:00:00</ENDTIME><STARTTIME>08:00:00</STARTTIME><TEMPLATEID>STANDARD</TEMPLATEID><WEEKDAY>Tuesday</WEEKDAY><WORKINGTIMESCHEDULINGPROPERTYID></WORKINGTIMESCHEDULINGPROPERTYID></WORKCALENDARTIMEINTERVALTEMPLATEENTITY><WORKCALENDARTIMEINTERVALTEMPLATEENTITY><EFFICIENCYPERCENTAGE>100.000000</EFFICIENCYPERCENTAGE><ENDTIME>17:00:00</ENDTIME><STARTTIME>08:00:00</STARTTIME><TEMPLATEID>STANDARD</TEMPLATEID><WEEKDAY>Wednesday</WEEKDAY><WORKINGTIMESCHEDULINGPROPERTYID></WORKINGTIMESCHEDULINGPROPERTYID></WORKCALENDARTIMEINTERVALTEMPLATEENTITY><WORKCALENDARTIMEINTERVALTEMPLATEENTITY><EFFICIENCYPERCENTAGE>100.000000</EFFICIENCYPERCENTAGE><ENDTIME>17:00:00</ENDTIME><STARTTIME>08:00:00</STARTTIME><TEMPLATEID>STANDARD</TEMPLATEID><WEEKDAY>Thursday</WEEKDAY><WORKINGTIMESCHEDULINGPROPERTYID></WORKINGTIMESCHEDULINGPROPERTYID></WORKCALENDARTIMEINTERVALTEMPLATEENTITY><WORKCALENDARTIMEINTERVALTEMPLATEENTITY><EFFICIENCYPERCENTAGE>100.000000</EFFICIENCYPERCENTAGE><ENDTIME>17:00:00</ENDTIME><STARTTIME>08:00:00</STARTTIME><TEMPLATEID>STANDARD</TEMPLATEID><WEEKDAY>Friday</WEEKDAY><WORKINGTIMESCHEDULINGPROPERTYID></WORKINGTIMESCHEDULINGPROPERTYID></WORKCALENDARTIMEINTERVALTEMPLATEENTITY></Document>