﻿<?xml version="1.0" encoding="utf-8"?><Document><JMGTIMEANDATTENDANCEPAYCALCULATIONPOLICYENTITY><ISABSENCEINCLUDEDINPAY /><ISBREAKINCLUDEDINPAY /><ISFLEXMINUSINCLUDEDINCALCULATION /><ISFLEXMINUSINCLUDEDINPAY /><ISFLEXPLUSINCLUDEDINCALCULATION /><ISFLEXPLUSINCLUDEDINPAY /><ISILLEGALABSENCEINCLUDEDINCALCULATION /><ISLEGALABSENCEINCLUDEDINCALCULATION /><ISOVERTIMEINCLUDEDINCALCULATION /><ISOVERTIMEINCLUDEDINPAY /><ISPAYTIMEINCLUDEDINCALCULATION /><ISPAYTIMEINCLUDEDINPAY /><ISPREMIUMINCLUDEDINPAY /><ISSTANDARDTIMEINCLUDEDINCALCULATION /><PROFILESPECIFICATIONTYPECODE /><REGISTRATIONSPECIFICATIONTYPE /></JMGTIMEANDATTENDANCEPAYCALCULATIONPOLICYENTITY></Document>