﻿<?xml version="1.0" encoding="utf-8"?><Document><JMGTIMEANDATTENDANCEPARAMETERSENTITY><ABSENCEPAYROLLCOSTINCLUSIONMETHOD>No</ABSENCEPAYROLLCOSTINCLUSIONMETHOD><ABSENCEREGISTRATIONLEDGERDIMENSIONSELECTIONRULE>Employee</ABSENCEREGISTRATIONLEDGERDIMENSIONSELECTIONRULE><AREPILOTANDASSISTANTTEAMRELATIONSPRESERVED>No</AREPILOTANDASSISTANTTEAMRELATIONSPRESERVED><AUTOMATICABSENCEREGISTRATIONABSENCECODEJOBID></AUTOMATICABSENCEREGISTRATIONABSENCECODEJOBID><AUTOMATICFLEXTIMEREGISTRATIONABSENCECODEJOBID></AUTOMATICFLEXTIMEREGISTRATIONABSENCECODEJOBID><AUTOMATICPREMIUMSPAYROLLCOSTINCLUSIONMETHOD>Yes</AUTOMATICPREMIUMSPAYROLLCOSTINCLUSIONMETHOD><BARCODESETUPID></BARCODESETUPID><BREAKREGISTRATIONLEDGERDIMENSIONSELECTIONRULE>Employee</BREAKREGISTRATIONLEDGERDIMENSIONSELECTIONRULE><DEFAULTREGISTRATIONJOBFEEDBACKSTATUS>InProgress</DEFAULTREGISTRATIONJOBFEEDBACKSTATUS><ELECTRONICTIMECARDPAGEINPUTMODE>Timestamps</ELECTRONICTIMECARDPAGEINPUTMODE><FEEPROJECTJOURNALNAMEID></FEEPROJECTJOURNALNAMEID><FLEXTIMEDIRECTPAYROLLCOSTINCLUSIONMETHOD>Yes</FLEXTIMEDIRECTPAYROLLCOSTINCLUSIONMETHOD><FLEXTIMEINDIRECTPAYROLLCOSTINCLUSIONMETHOD>No</FLEXTIMEINDIRECTPAYROLLCOSTINCLUSIONMETHOD><HOURSPROJECTJOURNALNAMEID></HOURSPROJECTJOURNALNAMEID><INDIRECTACTIVITIESHOURSLEDGERJOURNALNAMEID></INDIRECTACTIVITIESHOURSLEDGERJOURNALNAMEID><INDIRECTACTIVITYREGISTRATIONLEDGERDIMENSIONSELECTIONRULE>Employee</INDIRECTACTIVITYREGISTRATIONLEDGERDIMENSIONSELECTIONRULE><ISBADGEIDUSEDASIDENTIFICATION>No</ISBADGEIDUSEDASIDENTIFICATION><ISPASSWORDIDENTIFICATIONREQUIRED>Yes</ISPASSWORDIDENTIFICATIONREQUIRED><MANUALPREMIUMSPAYROLLCOSTINCLUSIONMETHOD>No</MANUALPREMIUMSPAYROLLCOSTINCLUSIONMETHOD><MATERIALCONSUMPTIONINVENTORYADJUSTMENTJOURNALNAMEID></MATERIALCONSUMPTIONINVENTORYADJUSTMENTJOURNALNAMEID><MAXIMUMWORKINGMINUTES>1200</MAXIMUMWORKINGMINUTES><OVERTIMEPAYROLLCOSTINCLUSIONMETHOD>Slize</OVERTIMEPAYROLLCOSTINCLUSIONMETHOD><PAIDBREAKPAYROLLCOSTINCLUSIONMETHOD>Slize</PAIDBREAKPAYROLLCOSTINCLUSIONMETHOD><PAYROLLCOSTCALCULATIONFACTOR>1.000000</PAYROLLCOSTCALCULATIONFACTOR><PAYROLLEXPORTFILEFORMAT>Standard</PAYROLLEXPORTFILEFORMAT><PAYROLLEXPORTROLLBACKERRORLEVEL>Error</PAYROLLEXPORTROLLBACKERRORLEVEL><PROJECTMATERIALCONSUMPTIONINVENTORYJOURNALNAMEID></PROJECTMATERIALCONSUMPTIONINVENTORYJOURNALNAMEID><PROJECTREGISTRATIONLEDGERDIMENSIONSELECTIONRULE>Job</PROJECTREGISTRATIONLEDGERDIMENSIONSELECTIONRULE><PROJECTSTATUSUPDATEMODE>Status</PROJECTSTATUSUPDATEMODE><REGISTRATIONERRORHANDLINGRULE>Prohibit</REGISTRATIONERRORHANDLINGRULE><REGISTRATIONTIMEORIGIN>AOSServer</REGISTRATIONTIMEORIGIN><STANDARDTIMEPAYROLLCOSTINCLUSIONMETHOD>Yes</STANDARDTIMEPAYROLLCOSTINCLUSIONMETHOD><TIMEANDATTENDANCEJOBSSYNCHRONIZATIONMODE>Online</TIMEANDATTENDANCEJOBSSYNCHRONIZATIONMODE><TIMEDISPLAYMODE>Centitime</TIMEDISPLAYMODE><WILLCLOCKINRESTARTUNFINISHEDJOB>No</WILLCLOCKINRESTARTUNFINISHEDJOB><WILLELECTRONICTIMECARDPAGEDISPLAYENDDATE>Yes</WILLELECTRONICTIMECARDPAGEDISPLAYENDDATE><WILLELECTRONICTIMECARDPAGEDISPLAYSTARTDATE>Yes</WILLELECTRONICTIMECARDPAGEDISPLAYSTARTDATE><WILLINDIRECTACTIVITYCOSTCALCULATIONUSEINDIRECTACTIVITYCOSTCATEGORY>No</WILLINDIRECTACTIVITYCOSTCALCULATIONUSEINDIRECTACTIVITYCOSTCATEGORY><WILLPROJECTCOSTCALCULATIONUSEPROJECTCOSTCATEGORY>Yes</WILLPROJECTCOSTCALCULATIONUSEPROJECTCOSTCATEGORY><WILLREACHINGMAXIMUMWORKINGMINUTESAUTOMATICALLYREGISTERCLOCKOUT>Yes</WILLREACHINGMAXIMUMWORKINGMINUTESAUTOMATICALLYREGISTERCLOCKOUT><WILLREGISTRATIONTRANSFERPOSTPROJECTHOURJOURNAL>No</WILLREGISTRATIONTRANSFERPOSTPROJECTHOURJOURNAL></JMGTIMEANDATTENDANCEPARAMETERSENTITY></Document>