﻿<?xml version="1.0" encoding="utf-8"?><Document><TMSTRANSPORTATIONRATINGMETADATAENTITY><METADATAID>LTL</METADATAID><METADATANAME>Less Than Truckload</METADATANAME></TMSTRANSPORTATIONRATINGMETADATAENTITY><TMSTRANSPORTATIONRATINGMETADATAENTITY><METADATAID>LTLFak</METADATAID><METADATANAME>LTLFak</METADATANAME></TMSTRANSPORTATIONRATINGMETADATAENTITY><TMSTRANSPORTATIONRATINGMETADATAENTITY><METADATAID>Milage</METADATAID><METADATANAME>Milage</METADATANAME></TMSTRANSPORTATIONRATINGMETADATAENTITY><TMSTRANSPORTATIONRATINGMETADATAENTITY><METADATAID>Mileage</METADATAID><METADATANAME>Mileage</METADATANAME></TMSTRANSPORTATIONRATINGMETADATAENTITY><TMSTRANSPORTATIONRATINGMETADATAENTITY><METADATAID>P2P</METADATAID><METADATANAME>Point to Point</METADATANAME></TMSTRANSPORTATIONRATINGMETADATAENTITY><TMSTRANSPORTATIONRATINGMETADATAENTITY><METADATAID>Piece</METADATAID><METADATANAME>Piece</METADATANAME></TMSTRANSPORTATIONRATINGMETADATAENTITY><TMSTRANSPORTATIONRATINGMETADATAENTITY><METADATAID>PostalZoneWeight</METADATAID><METADATANAME>Postal Zoe by Weight</METADATANAME></TMSTRANSPORTATIONRATINGMETADATAENTITY><TMSTRANSPORTATIONRATINGMETADATAENTITY><METADATAID>VolumeSTCC</METADATAID><METADATANAME>VolumeSTCC</METADATANAME></TMSTRANSPORTATIONRATINGMETADATAENTITY></Document>