﻿<?xml version="1.0" encoding="utf-8"?><Document><TMSTRANSPORTATIONROUTEGUIDEENTITY><DELIVERYTERMSCODE /><DESTINATIONADDRESSCOUNTRYREGIONIDCRITERION /><DESTINATIONFROMADDRESSZIPCODECRITERION /><DESTINATIONTOADDRESSZIPCODECRITERION /><DESTINATIONTRANSPORTATIONHUBIDCRITERION /><DESTINATIONTRANSPORTATIONZONEIDCRITERION /><DESTINATIONTRANSPORTATIONZONEMASTERCODECRITERION /><EFFECTIVEENDDATETIMECRITERION /><EFFECTIVESTARTDATETIMECRITERION /><GUIDEID /><GUIDENAME /><INVOICECUSTOMERACCOUNTNUMBERCRITERION /><INVOICEVENDORACCOUNTNUMBERCRITERION /><ISRESIDENTIALADDRESSCRITERION /><ISROUTEGUIDEACTIVE /><MAXIMUMCONTAINERAMOUNTCRITERION /><MAXIMUMLOADVOLUMECRITERION /><MAXIMUMWEIGHTCRITERION /><MINIMUMCONTAINERAMOUNTCRITERION /><MINIMUMLOADVOLUMECRITERION /><MINIMUMWEIGHTCRITERION /><ORDERCUSTOMERACCOUNTNUMBERCRITERION /><ORDERVENDORACCOUNTNUMBERCRITERION /><ORIGINADDRESSCOUNTRYREGIONIDCRITERION /><ORIGINADDRESSZIPCODECRITERION /><ORIGINTRANSPORTATIONHUBIDCRITERION /><ORIGINTRANSPORTATIONZONEIDCRITERION /><ORIGINTRANSPORTATIONZONEMASTERCODECRITERION /><PRODUCTMOVEMENTDIRECTIONRULE /><RESULTTRANSPORTATIONEQUIPMENTCODE /><SHIPPINGCARRIERID /><SHIPPINGCARRIERSERVICEGROUPID /><SHIPPINGCARRIERSERVICEID /><SHIPPINGSITEIDCRITERION /><SHIPPINGWAREHOUSEIDCRITERION /><TRANSPORTATIONEQUIPMENTCODECRITERION /><TRANSPORTATIONMODECODE /><TRANSPORTATIONROUTEPLANID /></TMSTRANSPORTATIONROUTEGUIDEENTITY></Document>