﻿<?xml version="1.0" encoding="utf-8"?><Document><TMSTRANSPORTATIONSHIPMENTCONSTRAINTENTITY><CONSTRAINTACTIONMODE /><CONSTRAINTCODE /><CONSTRAINTNAME /><EFFECTIVEDATETIME /><EXPIRINGDATETIME /><MAXIMUMWEIGHTKILOGRAMS /><MINIMUMWEIGHTKILOGRAMS /><OPERATIONALSITEID /><ORDERINGCUSTOMERACCOUNTNUMBER /><ORDERINGVENDORACCOUNTNUMBER /><SHIPPINGCARRIERID /><SHIPPINGCARRIERSERVICEID /><TRANSPORTATIONHUBID /><TRANSPORTATIONMETHODID /><TRANSPORTATIONMODECODE /><WAREHOUSEID /></TMSTRANSPORTATIONSHIPMENTCONSTRAINTENTITY></Document>