﻿<?xml version="1.0" encoding="utf-8"?><Document><TMSTRANSPORTATIONRATEBREAKMASTERENTITY><BREAKDATATYPE>String</BREAKDATATYPE><BREAKUNITSYMBOL></BREAKUNITSYMBOL><COMPARISONSIGN></COMPARISONSIGN><MASTERCODE>EMPTY</MASTERCODE><MASTERDESCRIPTION>Empty</MASTERDESCRIPTION></TMSTRANSPORTATIONRATEBREAKMASTERENTITY><TMSTRANSPORTATIONRATEBREAKMASTERENTITY><BREAKDATATYPE>Integer</BREAKDATATYPE><BREAKUNITSYMBOL>Miles</BREAKUNITSYMBOL><COMPARISONSIGN><![CDATA[<]]></COMPARISONSIGN><MASTERCODE>MILAGE</MASTERCODE><MASTERDESCRIPTION>Milage</MASTERDESCRIPTION></TMSTRANSPORTATIONRATEBREAKMASTERENTITY><TMSTRANSPORTATIONRATEBREAKMASTERENTITY><BREAKDATATYPE>Real</BREAKDATATYPE><BREAKUNITSYMBOL>lbs</BREAKUNITSYMBOL><COMPARISONSIGN><![CDATA[<]]></COMPARISONSIGN><MASTERCODE>WEIGHT</MASTERCODE><MASTERDESCRIPTION>Weight</MASTERDESCRIPTION></TMSTRANSPORTATIONRATEBREAKMASTERENTITY></Document>