﻿<?xml version="1.0" encoding="utf-8"?><Document><TMSTRANSPORTATIONMILEAGEENGINEDETAILMETADATAENTITY><FIELDLOOKUPTYPE>City</FIELDLOOKUPTYPE><FIELDNAME>Pick-up City</FIELDNAME><FIELDSEQUENCENUMBER>1</FIELDSEQUENCENUMBER><ISMANDATORYFIELD>No</ISMANDATORYFIELD><TRANSPORTATIONMILEAGEENGINEID>P2P</TRANSPORTATIONMILEAGEENGINEID></TMSTRANSPORTATIONMILEAGEENGINEDETAILMETADATAENTITY><TMSTRANSPORTATIONMILEAGEENGINEDETAILMETADATAENTITY><FIELDLOOKUPTYPE>State</FIELDLOOKUPTYPE><FIELDNAME>Pick-up State</FIELDNAME><FIELDSEQUENCENUMBER>2</FIELDSEQUENCENUMBER><ISMANDATORYFIELD>No</ISMANDATORYFIELD><TRANSPORTATIONMILEAGEENGINEID>P2P</TRANSPORTATIONMILEAGEENGINEID></TMSTRANSPORTATIONMILEAGEENGINEDETAILMETADATAENTITY><TMSTRANSPORTATIONMILEAGEENGINEDETAILMETADATAENTITY><FIELDLOOKUPTYPE>PostalCode</FIELDLOOKUPTYPE><FIELDNAME>Pick-up Postal Code</FIELDNAME><FIELDSEQUENCENUMBER>3</FIELDSEQUENCENUMBER><ISMANDATORYFIELD>Yes</ISMANDATORYFIELD><TRANSPORTATIONMILEAGEENGINEID>P2P</TRANSPORTATIONMILEAGEENGINEID></TMSTRANSPORTATIONMILEAGEENGINEDETAILMETADATAENTITY><TMSTRANSPORTATIONMILEAGEENGINEDETAILMETADATAENTITY><FIELDLOOKUPTYPE>Country</FIELDLOOKUPTYPE><FIELDNAME>Pick-Up Country/region</FIELDNAME><FIELDSEQUENCENUMBER>4</FIELDSEQUENCENUMBER><ISMANDATORYFIELD>No</ISMANDATORYFIELD><TRANSPORTATIONMILEAGEENGINEID>P2P</TRANSPORTATIONMILEAGEENGINEID></TMSTRANSPORTATIONMILEAGEENGINEDETAILMETADATAENTITY><TMSTRANSPORTATIONMILEAGEENGINEDETAILMETADATAENTITY><FIELDLOOKUPTYPE>City</FIELDLOOKUPTYPE><FIELDNAME>Drop-off City</FIELDNAME><FIELDSEQUENCENUMBER>5</FIELDSEQUENCENUMBER><ISMANDATORYFIELD>No</ISMANDATORYFIELD><TRANSPORTATIONMILEAGEENGINEID>P2P</TRANSPORTATIONMILEAGEENGINEID></TMSTRANSPORTATIONMILEAGEENGINEDETAILMETADATAENTITY><TMSTRANSPORTATIONMILEAGEENGINEDETAILMETADATAENTITY><FIELDLOOKUPTYPE>State</FIELDLOOKUPTYPE><FIELDNAME>Drop-off State</FIELDNAME><FIELDSEQUENCENUMBER>6</FIELDSEQUENCENUMBER><ISMANDATORYFIELD>No</ISMANDATORYFIELD><TRANSPORTATIONMILEAGEENGINEID>P2P</TRANSPORTATIONMILEAGEENGINEID></TMSTRANSPORTATIONMILEAGEENGINEDETAILMETADATAENTITY><TMSTRANSPORTATIONMILEAGEENGINEDETAILMETADATAENTITY><FIELDLOOKUPTYPE>PostalCode</FIELDLOOKUPTYPE><FIELDNAME>Drop-off Postal Code</FIELDNAME><FIELDSEQUENCENUMBER>7</FIELDSEQUENCENUMBER><ISMANDATORYFIELD>Yes</ISMANDATORYFIELD><TRANSPORTATIONMILEAGEENGINEID>P2P</TRANSPORTATIONMILEAGEENGINEID></TMSTRANSPORTATIONMILEAGEENGINEDETAILMETADATAENTITY><TMSTRANSPORTATIONMILEAGEENGINEDETAILMETADATAENTITY><FIELDLOOKUPTYPE>Country</FIELDLOOKUPTYPE><FIELDNAME>Drop-Off Country/region</FIELDNAME><FIELDSEQUENCENUMBER>8</FIELDSEQUENCENUMBER><ISMANDATORYFIELD>No</ISMANDATORYFIELD><TRANSPORTATIONMILEAGEENGINEID>P2P</TRANSPORTATIONMILEAGEENGINEID></TMSTRANSPORTATIONMILEAGEENGINEDETAILMETADATAENTITY><TMSTRANSPORTATIONMILEAGEENGINEDETAILMETADATAENTITY><FIELDLOOKUPTYPE>City</FIELDLOOKUPTYPE><FIELDNAME>Pick-up City</FIELDNAME><FIELDSEQUENCENUMBER>1</FIELDSEQUENCENUMBER><ISMANDATORYFIELD>No</ISMANDATORYFIELD><TRANSPORTATIONMILEAGEENGINEID>P2P-AIR</TRANSPORTATIONMILEAGEENGINEID></TMSTRANSPORTATIONMILEAGEENGINEDETAILMETADATAENTITY><TMSTRANSPORTATIONMILEAGEENGINEDETAILMETADATAENTITY><FIELDLOOKUPTYPE>State</FIELDLOOKUPTYPE><FIELDNAME>Pick-up State</FIELDNAME><FIELDSEQUENCENUMBER>2</FIELDSEQUENCENUMBER><ISMANDATORYFIELD>No</ISMANDATORYFIELD><TRANSPORTATIONMILEAGEENGINEID>P2P-AIR</TRANSPORTATIONMILEAGEENGINEID></TMSTRANSPORTATIONMILEAGEENGINEDETAILMETADATAENTITY><TMSTRANSPORTATIONMILEAGEENGINEDETAILMETADATAENTITY><FIELDLOOKUPTYPE>PostalCode</FIELDLOOKUPTYPE><FIELDNAME>Pick-up Postal Code</FIELDNAME><FIELDSEQUENCENUMBER>3</FIELDSEQUENCENUMBER><ISMANDATORYFIELD>Yes</ISMANDATORYFIELD><TRANSPORTATIONMILEAGEENGINEID>P2P-AIR</TRANSPORTATIONMILEAGEENGINEID></TMSTRANSPORTATIONMILEAGEENGINEDETAILMETADATAENTITY><TMSTRANSPORTATIONMILEAGEENGINEDETAILMETADATAENTITY><FIELDLOOKUPTYPE>Country</FIELDLOOKUPTYPE><FIELDNAME>Pick-up Country/region</FIELDNAME><FIELDSEQUENCENUMBER>4</FIELDSEQUENCENUMBER><ISMANDATORYFIELD>Yes</ISMANDATORYFIELD><TRANSPORTATIONMILEAGEENGINEID>P2P-AIR</TRANSPORTATIONMILEAGEENGINEID></TMSTRANSPORTATIONMILEAGEENGINEDETAILMETADATAENTITY><TMSTRANSPORTATIONMILEAGEENGINEDETAILMETADATAENTITY><FIELDLOOKUPTYPE>City</FIELDLOOKUPTYPE><FIELDNAME>Drop-off City</FIELDNAME><FIELDSEQUENCENUMBER>5</FIELDSEQUENCENUMBER><ISMANDATORYFIELD>No</ISMANDATORYFIELD><TRANSPORTATIONMILEAGEENGINEID>P2P-AIR</TRANSPORTATIONMILEAGEENGINEID></TMSTRANSPORTATIONMILEAGEENGINEDETAILMETADATAENTITY><TMSTRANSPORTATIONMILEAGEENGINEDETAILMETADATAENTITY><FIELDLOOKUPTYPE>State</FIELDLOOKUPTYPE><FIELDNAME>Drop-off State</FIELDNAME><FIELDSEQUENCENUMBER>6</FIELDSEQUENCENUMBER><ISMANDATORYFIELD>No</ISMANDATORYFIELD><TRANSPORTATIONMILEAGEENGINEID>P2P-AIR</TRANSPORTATIONMILEAGEENGINEID></TMSTRANSPORTATIONMILEAGEENGINEDETAILMETADATAENTITY><TMSTRANSPORTATIONMILEAGEENGINEDETAILMETADATAENTITY><FIELDLOOKUPTYPE>PostalCode</FIELDLOOKUPTYPE><FIELDNAME>Drop-off Postal Code</FIELDNAME><FIELDSEQUENCENUMBER>7</FIELDSEQUENCENUMBER><ISMANDATORYFIELD>Yes</ISMANDATORYFIELD><TRANSPORTATIONMILEAGEENGINEID>P2P-AIR</TRANSPORTATIONMILEAGEENGINEID></TMSTRANSPORTATIONMILEAGEENGINEDETAILMETADATAENTITY><TMSTRANSPORTATIONMILEAGEENGINEDETAILMETADATAENTITY><FIELDLOOKUPTYPE>Country</FIELDLOOKUPTYPE><FIELDNAME>Drop-off Country/region</FIELDNAME><FIELDSEQUENCENUMBER>8</FIELDSEQUENCENUMBER><ISMANDATORYFIELD>Yes</ISMANDATORYFIELD><TRANSPORTATIONMILEAGEENGINEID>P2P-AIR</TRANSPORTATIONMILEAGEENGINEID></TMSTRANSPORTATIONMILEAGEENGINEDETAILMETADATAENTITY><TMSTRANSPORTATIONMILEAGEENGINEDETAILMETADATAENTITY><FIELDLOOKUPTYPE>City</FIELDLOOKUPTYPE><FIELDNAME>Pick-up City</FIELDNAME><FIELDSEQUENCENUMBER>1</FIELDSEQUENCENUMBER><ISMANDATORYFIELD>No</ISMANDATORYFIELD><TRANSPORTATIONMILEAGEENGINEID>P2P-SEA</TRANSPORTATIONMILEAGEENGINEID></TMSTRANSPORTATIONMILEAGEENGINEDETAILMETADATAENTITY><TMSTRANSPORTATIONMILEAGEENGINEDETAILMETADATAENTITY><FIELDLOOKUPTYPE>State</FIELDLOOKUPTYPE><FIELDNAME>Pick-up State</FIELDNAME><FIELDSEQUENCENUMBER>2</FIELDSEQUENCENUMBER><ISMANDATORYFIELD>No</ISMANDATORYFIELD><TRANSPORTATIONMILEAGEENGINEID>P2P-SEA</TRANSPORTATIONMILEAGEENGINEID></TMSTRANSPORTATIONMILEAGEENGINEDETAILMETADATAENTITY><TMSTRANSPORTATIONMILEAGEENGINEDETAILMETADATAENTITY><FIELDLOOKUPTYPE>PostalCode</FIELDLOOKUPTYPE><FIELDNAME>Pick-up Postal Code</FIELDNAME><FIELDSEQUENCENUMBER>3</FIELDSEQUENCENUMBER><ISMANDATORYFIELD>Yes</ISMANDATORYFIELD><TRANSPORTATIONMILEAGEENGINEID>P2P-SEA</TRANSPORTATIONMILEAGEENGINEID></TMSTRANSPORTATIONMILEAGEENGINEDETAILMETADATAENTITY><TMSTRANSPORTATIONMILEAGEENGINEDETAILMETADATAENTITY><FIELDLOOKUPTYPE>Country</FIELDLOOKUPTYPE><FIELDNAME>Pick-up Country/region</FIELDNAME><FIELDSEQUENCENUMBER>4</FIELDSEQUENCENUMBER><ISMANDATORYFIELD>Yes</ISMANDATORYFIELD><TRANSPORTATIONMILEAGEENGINEID>P2P-SEA</TRANSPORTATIONMILEAGEENGINEID></TMSTRANSPORTATIONMILEAGEENGINEDETAILMETADATAENTITY><TMSTRANSPORTATIONMILEAGEENGINEDETAILMETADATAENTITY><FIELDLOOKUPTYPE>City</FIELDLOOKUPTYPE><FIELDNAME>Drop-off City</FIELDNAME><FIELDSEQUENCENUMBER>5</FIELDSEQUENCENUMBER><ISMANDATORYFIELD>No</ISMANDATORYFIELD><TRANSPORTATIONMILEAGEENGINEID>P2P-SEA</TRANSPORTATIONMILEAGEENGINEID></TMSTRANSPORTATIONMILEAGEENGINEDETAILMETADATAENTITY><TMSTRANSPORTATIONMILEAGEENGINEDETAILMETADATAENTITY><FIELDLOOKUPTYPE>State</FIELDLOOKUPTYPE><FIELDNAME>Drop-off State</FIELDNAME><FIELDSEQUENCENUMBER>6</FIELDSEQUENCENUMBER><ISMANDATORYFIELD>No</ISMANDATORYFIELD><TRANSPORTATIONMILEAGEENGINEID>P2P-SEA</TRANSPORTATIONMILEAGEENGINEID></TMSTRANSPORTATIONMILEAGEENGINEDETAILMETADATAENTITY><TMSTRANSPORTATIONMILEAGEENGINEDETAILMETADATAENTITY><FIELDLOOKUPTYPE>PostalCode</FIELDLOOKUPTYPE><FIELDNAME>Drop-off Postal Code</FIELDNAME><FIELDSEQUENCENUMBER>7</FIELDSEQUENCENUMBER><ISMANDATORYFIELD>Yes</ISMANDATORYFIELD><TRANSPORTATIONMILEAGEENGINEID>P2P-SEA</TRANSPORTATIONMILEAGEENGINEID></TMSTRANSPORTATIONMILEAGEENGINEDETAILMETADATAENTITY><TMSTRANSPORTATIONMILEAGEENGINEDETAILMETADATAENTITY><FIELDLOOKUPTYPE>Country</FIELDLOOKUPTYPE><FIELDNAME>Drop-off Country/region</FIELDNAME><FIELDSEQUENCENUMBER>8</FIELDSEQUENCENUMBER><ISMANDATORYFIELD>Yes</ISMANDATORYFIELD><TRANSPORTATIONMILEAGEENGINEID>P2P-SEA</TRANSPORTATIONMILEAGEENGINEID></TMSTRANSPORTATIONMILEAGEENGINEDETAILMETADATAENTITY></Document>