﻿<?xml version="1.0" encoding="utf-8"?><Document><TMSTRANSPORTATIONITEMCONSTRAINTENTITY><CONSTRAINTACTIONMODE /><CONSTRAINTCODE /><CONSTRAINTNAME /><EFFECTIVEENDDATETIME /><EFFECTIVESTARTDATETIME /><FIRSTPRODUCTFILTERCODE /><FOURTHPRODUCTFILTERCODE /><ITEMNUMBER /><OPERATIONALSITEID /><SECONDPRODUCTFILTERCODE /><SHIPPINGCARRIERID /><SHIPPINGCARRIERSERVICEID /><THIRDPRODUCTFILTERCODE /><TRANSPORTATIONHUBID /><TRANSPORTATIONMETHODID /><TRANSPORTATIONMODECODE /><WAREHOUSEID /></TMSTRANSPORTATIONITEMCONSTRAINTENTITY></Document>