﻿<?xml version="1.0" encoding="utf-8"?><Document><TMSTRANSPORTATIONMODEENTITY><MODECODE>AIR</MODECODE><MODEDESCRIPTION>Air</MODEDESCRIPTION></TMSTRANSPORTATIONMODEENTITY><TMSTRANSPORTATIONMODEENTITY><MODECODE>GROUND</MODECODE><MODEDESCRIPTION>Ground</MODEDESCRIPTION></TMSTRANSPORTATIONMODEENTITY><TMSTRANSPORTATIONMODEENTITY><MODECODE>GYPHON</MODECODE><MODEDESCRIPTION>Gryphon</MODEDESCRIPTION></TMSTRANSPORTATIONMODEENTITY><TMSTRANSPORTATIONMODEENTITY><MODECODE>LTL</MODECODE><MODEDESCRIPTION>Less Than Truckload</MODEDESCRIPTION></TMSTRANSPORTATIONMODEENTITY><TMSTRANSPORTATIONMODEENTITY><MODECODE>OCEAN</MODECODE><MODEDESCRIPTION>Ocean</MODEDESCRIPTION></TMSTRANSPORTATIONMODEENTITY><TMSTRANSPORTATIONMODEENTITY><MODECODE>RAIL</MODECODE><MODEDESCRIPTION>Rail</MODEDESCRIPTION></TMSTRANSPORTATIONMODEENTITY><TMSTRANSPORTATIONMODEENTITY><MODECODE>STD</MODECODE><MODEDESCRIPTION>Standard</MODEDESCRIPTION></TMSTRANSPORTATIONMODEENTITY><TMSTRANSPORTATIONMODEENTITY><MODECODE>TL</MODECODE><MODEDESCRIPTION>Truck Load</MODEDESCRIPTION></TMSTRANSPORTATIONMODEENTITY></Document>