﻿<?xml version="1.0" encoding="utf-8"?><Document><TMSTRANSPORTATIONDISCOUNTENTITY><DELIVERYTERMSCODECRITERION /><DESTINATIONADDRESSCOUNTRYREGIONID /><DESTINATIONFROMADDRESSZIPCODECRITERION /><DESTINATIONSTATEIDCRITERION /><DESTINATIONTOADDRESSZIPCODECRITERION /><DISCOUNTAMOUNT /><DISCOUNTCALCULATIONTYPE /><DISCOUNTCURRENCYCODE /><DISCOUNTPERCENTAGE /><DISCOUNTTYPE /><EFFECTIVEENDDATETIMECRITERION /><EFFECTIVESTARTDATETIMECRITERION /><INVOICECUSTOMERACCOUNTNUMBERCRITERION /><INVOICEVENDORACCOUNTNUMBERCRITERION /><MAXIMUMFREIGHTWEIGHTCRITERION /><MINIMUMFREIGHTWEIGHTCRITERION /><ORDERCUSTOMERACCOUNTNUMBERCRITERION /><ORDERVENDORACCOUNTNUMBERCRITERION /><PRODUCTMOVEMENTDIRECTIONRULE /><SHIPPINGCARRIERIDCRITERION /><SHIPPINGCARRIERSERVICEIDCRITERION /><SHIPPINGSITEIDCRITERION /><SHIPPINGWAREHOUSEIDCRITERION /><TRANSPORTATIONZONEIDCRITERION /><TRANSPORTATIONZONEMASTERCODECRITERION /></TMSTRANSPORTATIONDISCOUNTENTITY></Document>