﻿<?xml version="1.0" encoding="utf-8"?><Document><TMSTRANSPORTATIONRATEASSIGNMENTENTITY><ASSIGNMENTNAME>AIR</ASSIGNMENTNAME><EFFECTIVEENDDATETIME>1900-01-01T00:00:00</EFFECTIVEENDDATETIME><EFFECTIVESTARTDATETIME>1900-01-01T00:00:00</EFFECTIVESTARTDATETIME><FIFTHFIELD></FIFTHFIELD><FIRSTFIELD></FIRSTFIELD><FOURTHFIELD>FAE</FOURTHFIELD><SECONDFIELD></SECONDFIELD><SHIPPINGCARRIERSERVICEID>AIR</SHIPPINGCARRIERSERVICEID><SIXTHFIELD></SIXTHFIELD><THIRDFIELD>WD-1001-TW</THIRDFIELD><TRANSPORTATIONRATEBASECODE>P2P</TRANSPORTATIONRATEBASECODE><TRANSPORTATIONRATEMASTERCODE>P2PMileageMaster</TRANSPORTATIONRATEMASTERCODE></TMSTRANSPORTATIONRATEASSIGNMENTENTITY><TMSTRANSPORTATIONRATEASSIGNMENTENTITY><ASSIGNMENTNAME>AIR</ASSIGNMENTNAME><EFFECTIVEENDDATETIME>1900-01-01T00:00:00</EFFECTIVEENDDATETIME><EFFECTIVESTARTDATETIME>1900-01-01T00:00:00</EFFECTIVESTARTDATETIME><FIFTHFIELD></FIFTHFIELD><FIRSTFIELD>Waterdeep</FIRSTFIELD><FOURTHFIELD>FAE</FOURTHFIELD><SECONDFIELD></SECONDFIELD><SHIPPINGCARRIERSERVICEID>AIR</SHIPPINGCARRIERSERVICEID><SIXTHFIELD></SIXTHFIELD><THIRDFIELD></THIRDFIELD><TRANSPORTATIONRATEBASECODE>P2P</TRANSPORTATIONRATEBASECODE><TRANSPORTATIONRATEMASTERCODE>P2PMileageMaster</TRANSPORTATIONRATEMASTERCODE></TMSTRANSPORTATIONRATEASSIGNMENTENTITY><TMSTRANSPORTATIONRATEASSIGNMENTENTITY><ASSIGNMENTNAME>GROUND</ASSIGNMENTNAME><EFFECTIVEENDDATETIME>1900-01-01T00:00:00</EFFECTIVEENDDATETIME><EFFECTIVESTARTDATETIME>1900-01-01T00:00:00</EFFECTIVESTARTDATETIME><FIFTHFIELD></FIFTHFIELD><FIRSTFIELD></FIRSTFIELD><FOURTHFIELD>FAE</FOURTHFIELD><SECONDFIELD></SECONDFIELD><SHIPPINGCARRIERSERVICEID>GROUND</SHIPPINGCARRIERSERVICEID><SIXTHFIELD></SIXTHFIELD><THIRDFIELD>WD-1001-TW</THIRDFIELD><TRANSPORTATIONRATEBASECODE>P2P</TRANSPORTATIONRATEBASECODE><TRANSPORTATIONRATEMASTERCODE>P2PMileageMaster</TRANSPORTATIONRATEMASTERCODE></TMSTRANSPORTATIONRATEASSIGNMENTENTITY><TMSTRANSPORTATIONRATEASSIGNMENTENTITY><ASSIGNMENTNAME>LTL</ASSIGNMENTNAME><EFFECTIVEENDDATETIME>1900-01-01T00:00:00</EFFECTIVEENDDATETIME><EFFECTIVESTARTDATETIME>1900-01-01T00:00:00</EFFECTIVESTARTDATETIME><FIFTHFIELD></FIFTHFIELD><FIRSTFIELD></FIRSTFIELD><FOURTHFIELD>FAE</FOURTHFIELD><SECONDFIELD></SECONDFIELD><SHIPPINGCARRIERSERVICEID>LTL</SHIPPINGCARRIERSERVICEID><SIXTHFIELD></SIXTHFIELD><THIRDFIELD>WD-1001-TW</THIRDFIELD><TRANSPORTATIONRATEBASECODE>P2P</TRANSPORTATIONRATEBASECODE><TRANSPORTATIONRATEMASTERCODE>P2PMileageMaster</TRANSPORTATIONRATEMASTERCODE></TMSTRANSPORTATIONRATEASSIGNMENTENTITY><TMSTRANSPORTATIONRATEASSIGNMENTENTITY><ASSIGNMENTNAME></ASSIGNMENTNAME><EFFECTIVEENDDATETIME>1900-01-01T00:00:00</EFFECTIVEENDDATETIME><EFFECTIVESTARTDATETIME>1900-01-01T00:00:00</EFFECTIVESTARTDATETIME><FIFTHFIELD></FIFTHFIELD><FIRSTFIELD></FIRSTFIELD><FOURTHFIELD>FAE</FOURTHFIELD><SECONDFIELD></SECONDFIELD><SHIPPINGCARRIERSERVICEID>OCEAN</SHIPPINGCARRIERSERVICEID><SIXTHFIELD></SIXTHFIELD><THIRDFIELD>WD-1001-TW</THIRDFIELD><TRANSPORTATIONRATEBASECODE>P2P</TRANSPORTATIONRATEBASECODE><TRANSPORTATIONRATEMASTERCODE>P2PMileageMaster</TRANSPORTATIONRATEMASTERCODE></TMSTRANSPORTATIONRATEASSIGNMENTENTITY><TMSTRANSPORTATIONRATEASSIGNMENTENTITY><ASSIGNMENTNAME>OCEAN</ASSIGNMENTNAME><EFFECTIVEENDDATETIME>1900-01-01T00:00:00</EFFECTIVEENDDATETIME><EFFECTIVESTARTDATETIME>1900-01-01T00:00:00</EFFECTIVESTARTDATETIME><FIFTHFIELD></FIFTHFIELD><FIRSTFIELD>Waterdeep</FIRSTFIELD><FOURTHFIELD>FAE</FOURTHFIELD><SECONDFIELD></SECONDFIELD><SHIPPINGCARRIERSERVICEID>OCEAN</SHIPPINGCARRIERSERVICEID><SIXTHFIELD></SIXTHFIELD><THIRDFIELD>WD-1001-TW</THIRDFIELD><TRANSPORTATIONRATEBASECODE>P2P</TRANSPORTATIONRATEBASECODE><TRANSPORTATIONRATEMASTERCODE>P2PMileageMaster</TRANSPORTATIONRATEMASTERCODE></TMSTRANSPORTATIONRATEASSIGNMENTENTITY><TMSTRANSPORTATIONRATEASSIGNMENTENTITY><ASSIGNMENTNAME>OCEAN</ASSIGNMENTNAME><EFFECTIVEENDDATETIME>1900-01-01T00:00:00</EFFECTIVEENDDATETIME><EFFECTIVESTARTDATETIME>1900-01-01T00:00:00</EFFECTIVESTARTDATETIME><FIFTHFIELD></FIFTHFIELD><FIRSTFIELD></FIRSTFIELD><FOURTHFIELD>FAE</FOURTHFIELD><SECONDFIELD></SECONDFIELD><SHIPPINGCARRIERSERVICEID>OCEAN-PARCEL</SHIPPINGCARRIERSERVICEID><SIXTHFIELD></SIXTHFIELD><THIRDFIELD>WD-1001-TW</THIRDFIELD><TRANSPORTATIONRATEBASECODE>P2P</TRANSPORTATIONRATEBASECODE><TRANSPORTATIONRATEMASTERCODE>P2PMileageMaster</TRANSPORTATIONRATEMASTERCODE></TMSTRANSPORTATIONRATEASSIGNMENTENTITY><TMSTRANSPORTATIONRATEASSIGNMENTENTITY><ASSIGNMENTNAME>OCEAN</ASSIGNMENTNAME><EFFECTIVEENDDATETIME>1900-01-01T00:00:00</EFFECTIVEENDDATETIME><EFFECTIVESTARTDATETIME>1900-01-01T00:00:00</EFFECTIVESTARTDATETIME><FIFTHFIELD>FAE</FIFTHFIELD><FIRSTFIELD>WD-1001-TW</FIRSTFIELD><FOURTHFIELD>CC-1021-UR</FOURTHFIELD><SECONDFIELD></SECONDFIELD><SHIPPINGCARRIERSERVICEID>OCEAN</SHIPPINGCARRIERSERVICEID><SIXTHFIELD></SIXTHFIELD><THIRDFIELD>WD-1001-TW</THIRDFIELD><TRANSPORTATIONRATEBASECODE>P2P</TRANSPORTATIONRATEBASECODE><TRANSPORTATIONRATEMASTERCODE>P2POceanRateMaster</TRANSPORTATIONRATEMASTERCODE></TMSTRANSPORTATIONRATEASSIGNMENTENTITY><TMSTRANSPORTATIONRATEASSIGNMENTENTITY><ASSIGNMENTNAME>ParcelDefault</ASSIGNMENTNAME><EFFECTIVEENDDATETIME>1900-01-01T00:00:00</EFFECTIVEENDDATETIME><EFFECTIVESTARTDATETIME>1900-01-01T00:00:00</EFFECTIVESTARTDATETIME><FIFTHFIELD></FIFTHFIELD><FIRSTFIELD>WD-1001-TW</FIRSTFIELD><FOURTHFIELD>WD-2001-UR</FOURTHFIELD><SECONDFIELD></SECONDFIELD><SHIPPINGCARRIERSERVICEID>GROUND</SHIPPINGCARRIERSERVICEID><SIXTHFIELD></SIXTHFIELD><THIRDFIELD>WD-1001-TW</THIRDFIELD><TRANSPORTATIONRATEBASECODE>ParcelRateBase</TRANSPORTATIONRATEBASECODE><TRANSPORTATIONRATEMASTERCODE>P2PParcelRateMaster</TRANSPORTATIONRATEMASTERCODE></TMSTRANSPORTATIONRATEASSIGNMENTENTITY></Document>