﻿<?xml version="1.0" encoding="utf-8"?><Document><TMSTRANSPORTATIONTRANSITTIMEENGINEDETAILMETADATAENTITY><FIELDLOOKUPTYPE>None</FIELDLOOKUPTYPE><FIELDNAME>Mileage Divisor</FIELDNAME><FIELDSEQUENCENUMBER>1</FIELDSEQUENCENUMBER><ISMANDATORYFIELD>Yes</ISMANDATORYFIELD><TRANSPORTATIONTRANSITTIMEENGINEID>Calculation</TRANSPORTATIONTRANSITTIMEENGINEID></TMSTRANSPORTATIONTRANSITTIMEENGINEDETAILMETADATAENTITY><TMSTRANSPORTATIONTRANSITTIMEENGINEDETAILMETADATAENTITY><FIELDLOOKUPTYPE>None</FIELDLOOKUPTYPE><FIELDNAME>Start Miles</FIELDNAME><FIELDSEQUENCENUMBER>1</FIELDSEQUENCENUMBER><ISMANDATORYFIELD>Yes</ISMANDATORYFIELD><TRANSPORTATIONTRANSITTIMEENGINEID>MileBreaks</TRANSPORTATIONTRANSITTIMEENGINEID></TMSTRANSPORTATIONTRANSITTIMEENGINEDETAILMETADATAENTITY><TMSTRANSPORTATIONTRANSITTIMEENGINEDETAILMETADATAENTITY><FIELDLOOKUPTYPE>None</FIELDLOOKUPTYPE><FIELDNAME>End Miles</FIELDNAME><FIELDSEQUENCENUMBER>2</FIELDSEQUENCENUMBER><ISMANDATORYFIELD>Yes</ISMANDATORYFIELD><TRANSPORTATIONTRANSITTIMEENGINEID>MileBreaks</TRANSPORTATIONTRANSITTIMEENGINEID></TMSTRANSPORTATIONTRANSITTIMEENGINEDETAILMETADATAENTITY><TMSTRANSPORTATIONTRANSITTIMEENGINEDETAILMETADATAENTITY><FIELDLOOKUPTYPE>None</FIELDLOOKUPTYPE><FIELDNAME>Days</FIELDNAME><FIELDSEQUENCENUMBER>3</FIELDSEQUENCENUMBER><ISMANDATORYFIELD>Yes</ISMANDATORYFIELD><TRANSPORTATIONTRANSITTIMEENGINEID>MileBreaks</TRANSPORTATIONTRANSITTIMEENGINEID></TMSTRANSPORTATIONTRANSITTIMEENGINEDETAILMETADATAENTITY><TMSTRANSPORTATIONTRANSITTIMEENGINEDETAILMETADATAENTITY><FIELDLOOKUPTYPE>City</FIELDLOOKUPTYPE><FIELDNAME>Pickup City</FIELDNAME><FIELDSEQUENCENUMBER>1</FIELDSEQUENCENUMBER><ISMANDATORYFIELD>No</ISMANDATORYFIELD><TRANSPORTATIONTRANSITTIMEENGINEID>P2P</TRANSPORTATIONTRANSITTIMEENGINEID></TMSTRANSPORTATIONTRANSITTIMEENGINEDETAILMETADATAENTITY><TMSTRANSPORTATIONTRANSITTIMEENGINEDETAILMETADATAENTITY><FIELDLOOKUPTYPE>State</FIELDLOOKUPTYPE><FIELDNAME>Pickup State</FIELDNAME><FIELDSEQUENCENUMBER>2</FIELDSEQUENCENUMBER><ISMANDATORYFIELD>No</ISMANDATORYFIELD><TRANSPORTATIONTRANSITTIMEENGINEID>P2P</TRANSPORTATIONTRANSITTIMEENGINEID></TMSTRANSPORTATIONTRANSITTIMEENGINEDETAILMETADATAENTITY><TMSTRANSPORTATIONTRANSITTIMEENGINEDETAILMETADATAENTITY><FIELDLOOKUPTYPE>PostalCode</FIELDLOOKUPTYPE><FIELDNAME>Pickup PostalCode</FIELDNAME><FIELDSEQUENCENUMBER>3</FIELDSEQUENCENUMBER><ISMANDATORYFIELD>No</ISMANDATORYFIELD><TRANSPORTATIONTRANSITTIMEENGINEID>P2P</TRANSPORTATIONTRANSITTIMEENGINEID></TMSTRANSPORTATIONTRANSITTIMEENGINEDETAILMETADATAENTITY><TMSTRANSPORTATIONTRANSITTIMEENGINEDETAILMETADATAENTITY><FIELDLOOKUPTYPE>Country</FIELDLOOKUPTYPE><FIELDNAME>Pickup Country</FIELDNAME><FIELDSEQUENCENUMBER>4</FIELDSEQUENCENUMBER><ISMANDATORYFIELD>No</ISMANDATORYFIELD><TRANSPORTATIONTRANSITTIMEENGINEID>P2P</TRANSPORTATIONTRANSITTIMEENGINEID></TMSTRANSPORTATIONTRANSITTIMEENGINEDETAILMETADATAENTITY><TMSTRANSPORTATIONTRANSITTIMEENGINEDETAILMETADATAENTITY><FIELDLOOKUPTYPE>City</FIELDLOOKUPTYPE><FIELDNAME>Dropoff City</FIELDNAME><FIELDSEQUENCENUMBER>5</FIELDSEQUENCENUMBER><ISMANDATORYFIELD>No</ISMANDATORYFIELD><TRANSPORTATIONTRANSITTIMEENGINEID>P2P</TRANSPORTATIONTRANSITTIMEENGINEID></TMSTRANSPORTATIONTRANSITTIMEENGINEDETAILMETADATAENTITY><TMSTRANSPORTATIONTRANSITTIMEENGINEDETAILMETADATAENTITY><FIELDLOOKUPTYPE>State</FIELDLOOKUPTYPE><FIELDNAME>Dropoff State</FIELDNAME><FIELDSEQUENCENUMBER>6</FIELDSEQUENCENUMBER><ISMANDATORYFIELD>No</ISMANDATORYFIELD><TRANSPORTATIONTRANSITTIMEENGINEID>P2P</TRANSPORTATIONTRANSITTIMEENGINEID></TMSTRANSPORTATIONTRANSITTIMEENGINEDETAILMETADATAENTITY><TMSTRANSPORTATIONTRANSITTIMEENGINEDETAILMETADATAENTITY><FIELDLOOKUPTYPE>PostalCode</FIELDLOOKUPTYPE><FIELDNAME>Dropoff PostalCode</FIELDNAME><FIELDSEQUENCENUMBER>7</FIELDSEQUENCENUMBER><ISMANDATORYFIELD>No</ISMANDATORYFIELD><TRANSPORTATIONTRANSITTIMEENGINEID>P2P</TRANSPORTATIONTRANSITTIMEENGINEID></TMSTRANSPORTATIONTRANSITTIMEENGINEDETAILMETADATAENTITY><TMSTRANSPORTATIONTRANSITTIMEENGINEDETAILMETADATAENTITY><FIELDLOOKUPTYPE>Country</FIELDLOOKUPTYPE><FIELDNAME>Dropoff Country</FIELDNAME><FIELDSEQUENCENUMBER>8</FIELDSEQUENCENUMBER><ISMANDATORYFIELD>No</ISMANDATORYFIELD><TRANSPORTATIONTRANSITTIMEENGINEID>P2P</TRANSPORTATIONTRANSITTIMEENGINEID></TMSTRANSPORTATIONTRANSITTIMEENGINEDETAILMETADATAENTITY><TMSTRANSPORTATIONTRANSITTIMEENGINEDETAILMETADATAENTITY><FIELDLOOKUPTYPE>None</FIELDLOOKUPTYPE><FIELDNAME>Days</FIELDNAME><FIELDSEQUENCENUMBER>9</FIELDSEQUENCENUMBER><ISMANDATORYFIELD>No</ISMANDATORYFIELD><TRANSPORTATIONTRANSITTIMEENGINEID>P2P</TRANSPORTATIONTRANSITTIMEENGINEID></TMSTRANSPORTATIONTRANSITTIMEENGINEDETAILMETADATAENTITY><TMSTRANSPORTATIONTRANSITTIMEENGINEDETAILMETADATAENTITY><FIELDLOOKUPTYPE>City</FIELDLOOKUPTYPE><FIELDNAME>Pick-Up City</FIELDNAME><FIELDSEQUENCENUMBER>1</FIELDSEQUENCENUMBER><ISMANDATORYFIELD>No</ISMANDATORYFIELD><TRANSPORTATIONTRANSITTIMEENGINEID>P2P-GYPHON</TRANSPORTATIONTRANSITTIMEENGINEID></TMSTRANSPORTATIONTRANSITTIMEENGINEDETAILMETADATAENTITY><TMSTRANSPORTATIONTRANSITTIMEENGINEDETAILMETADATAENTITY><FIELDLOOKUPTYPE>State</FIELDLOOKUPTYPE><FIELDNAME>Pick-Up State</FIELDNAME><FIELDSEQUENCENUMBER>2</FIELDSEQUENCENUMBER><ISMANDATORYFIELD>No</ISMANDATORYFIELD><TRANSPORTATIONTRANSITTIMEENGINEID>P2P-GYPHON</TRANSPORTATIONTRANSITTIMEENGINEID></TMSTRANSPORTATIONTRANSITTIMEENGINEDETAILMETADATAENTITY><TMSTRANSPORTATIONTRANSITTIMEENGINEDETAILMETADATAENTITY><FIELDLOOKUPTYPE>PostalCode</FIELDLOOKUPTYPE><FIELDNAME>Pick-Up Postal Code</FIELDNAME><FIELDSEQUENCENUMBER>3</FIELDSEQUENCENUMBER><ISMANDATORYFIELD>No</ISMANDATORYFIELD><TRANSPORTATIONTRANSITTIMEENGINEID>P2P-GYPHON</TRANSPORTATIONTRANSITTIMEENGINEID></TMSTRANSPORTATIONTRANSITTIMEENGINEDETAILMETADATAENTITY><TMSTRANSPORTATIONTRANSITTIMEENGINEDETAILMETADATAENTITY><FIELDLOOKUPTYPE>Country</FIELDLOOKUPTYPE><FIELDNAME>Pick-Up Country/region</FIELDNAME><FIELDSEQUENCENUMBER>4</FIELDSEQUENCENUMBER><ISMANDATORYFIELD>No</ISMANDATORYFIELD><TRANSPORTATIONTRANSITTIMEENGINEID>P2P-GYPHON</TRANSPORTATIONTRANSITTIMEENGINEID></TMSTRANSPORTATIONTRANSITTIMEENGINEDETAILMETADATAENTITY><TMSTRANSPORTATIONTRANSITTIMEENGINEDETAILMETADATAENTITY><FIELDLOOKUPTYPE>City</FIELDLOOKUPTYPE><FIELDNAME>Drop-Off City</FIELDNAME><FIELDSEQUENCENUMBER>5</FIELDSEQUENCENUMBER><ISMANDATORYFIELD>No</ISMANDATORYFIELD><TRANSPORTATIONTRANSITTIMEENGINEID>P2P-GYPHON</TRANSPORTATIONTRANSITTIMEENGINEID></TMSTRANSPORTATIONTRANSITTIMEENGINEDETAILMETADATAENTITY><TMSTRANSPORTATIONTRANSITTIMEENGINEDETAILMETADATAENTITY><FIELDLOOKUPTYPE>State</FIELDLOOKUPTYPE><FIELDNAME>Drop-Off State</FIELDNAME><FIELDSEQUENCENUMBER>6</FIELDSEQUENCENUMBER><ISMANDATORYFIELD>No</ISMANDATORYFIELD><TRANSPORTATIONTRANSITTIMEENGINEID>P2P-GYPHON</TRANSPORTATIONTRANSITTIMEENGINEID></TMSTRANSPORTATIONTRANSITTIMEENGINEDETAILMETADATAENTITY><TMSTRANSPORTATIONTRANSITTIMEENGINEDETAILMETADATAENTITY><FIELDLOOKUPTYPE>PostalCode</FIELDLOOKUPTYPE><FIELDNAME>Drop-Off Postal Code</FIELDNAME><FIELDSEQUENCENUMBER>7</FIELDSEQUENCENUMBER><ISMANDATORYFIELD>No</ISMANDATORYFIELD><TRANSPORTATIONTRANSITTIMEENGINEID>P2P-GYPHON</TRANSPORTATIONTRANSITTIMEENGINEID></TMSTRANSPORTATIONTRANSITTIMEENGINEDETAILMETADATAENTITY><TMSTRANSPORTATIONTRANSITTIMEENGINEDETAILMETADATAENTITY><FIELDLOOKUPTYPE>Country</FIELDLOOKUPTYPE><FIELDNAME>Drop-Off Country/region</FIELDNAME><FIELDSEQUENCENUMBER>8</FIELDSEQUENCENUMBER><ISMANDATORYFIELD>No</ISMANDATORYFIELD><TRANSPORTATIONTRANSITTIMEENGINEID>P2P-GYPHON</TRANSPORTATIONTRANSITTIMEENGINEID></TMSTRANSPORTATIONTRANSITTIMEENGINEDETAILMETADATAENTITY><TMSTRANSPORTATIONTRANSITTIMEENGINEDETAILMETADATAENTITY><FIELDLOOKUPTYPE>None</FIELDLOOKUPTYPE><FIELDNAME>Days</FIELDNAME><FIELDSEQUENCENUMBER>9</FIELDSEQUENCENUMBER><ISMANDATORYFIELD>No</ISMANDATORYFIELD><TRANSPORTATIONTRANSITTIMEENGINEID>P2P-GYPHON</TRANSPORTATIONTRANSITTIMEENGINEID></TMSTRANSPORTATIONTRANSITTIMEENGINEDETAILMETADATAENTITY><TMSTRANSPORTATIONTRANSITTIMEENGINEDETAILMETADATAENTITY><FIELDLOOKUPTYPE>City</FIELDLOOKUPTYPE><FIELDNAME>Pick-Up City</FIELDNAME><FIELDSEQUENCENUMBER>1</FIELDSEQUENCENUMBER><ISMANDATORYFIELD>No</ISMANDATORYFIELD><TRANSPORTATIONTRANSITTIMEENGINEID>P2P-SEA</TRANSPORTATIONTRANSITTIMEENGINEID></TMSTRANSPORTATIONTRANSITTIMEENGINEDETAILMETADATAENTITY><TMSTRANSPORTATIONTRANSITTIMEENGINEDETAILMETADATAENTITY><FIELDLOOKUPTYPE>State</FIELDLOOKUPTYPE><FIELDNAME>Pick-Up State</FIELDNAME><FIELDSEQUENCENUMBER>2</FIELDSEQUENCENUMBER><ISMANDATORYFIELD>No</ISMANDATORYFIELD><TRANSPORTATIONTRANSITTIMEENGINEID>P2P-SEA</TRANSPORTATIONTRANSITTIMEENGINEID></TMSTRANSPORTATIONTRANSITTIMEENGINEDETAILMETADATAENTITY><TMSTRANSPORTATIONTRANSITTIMEENGINEDETAILMETADATAENTITY><FIELDLOOKUPTYPE>PostalCode</FIELDLOOKUPTYPE><FIELDNAME>Pick-Up Postal Code</FIELDNAME><FIELDSEQUENCENUMBER>3</FIELDSEQUENCENUMBER><ISMANDATORYFIELD>No</ISMANDATORYFIELD><TRANSPORTATIONTRANSITTIMEENGINEID>P2P-SEA</TRANSPORTATIONTRANSITTIMEENGINEID></TMSTRANSPORTATIONTRANSITTIMEENGINEDETAILMETADATAENTITY><TMSTRANSPORTATIONTRANSITTIMEENGINEDETAILMETADATAENTITY><FIELDLOOKUPTYPE>Country</FIELDLOOKUPTYPE><FIELDNAME>Pick-Up County/region</FIELDNAME><FIELDSEQUENCENUMBER>4</FIELDSEQUENCENUMBER><ISMANDATORYFIELD>No</ISMANDATORYFIELD><TRANSPORTATIONTRANSITTIMEENGINEID>P2P-SEA</TRANSPORTATIONTRANSITTIMEENGINEID></TMSTRANSPORTATIONTRANSITTIMEENGINEDETAILMETADATAENTITY><TMSTRANSPORTATIONTRANSITTIMEENGINEDETAILMETADATAENTITY><FIELDLOOKUPTYPE>City</FIELDLOOKUPTYPE><FIELDNAME>Drop-Off City</FIELDNAME><FIELDSEQUENCENUMBER>5</FIELDSEQUENCENUMBER><ISMANDATORYFIELD>No</ISMANDATORYFIELD><TRANSPORTATIONTRANSITTIMEENGINEID>P2P-SEA</TRANSPORTATIONTRANSITTIMEENGINEID></TMSTRANSPORTATIONTRANSITTIMEENGINEDETAILMETADATAENTITY><TMSTRANSPORTATIONTRANSITTIMEENGINEDETAILMETADATAENTITY><FIELDLOOKUPTYPE>State</FIELDLOOKUPTYPE><FIELDNAME>Drop-Off State</FIELDNAME><FIELDSEQUENCENUMBER>6</FIELDSEQUENCENUMBER><ISMANDATORYFIELD>No</ISMANDATORYFIELD><TRANSPORTATIONTRANSITTIMEENGINEID>P2P-SEA</TRANSPORTATIONTRANSITTIMEENGINEID></TMSTRANSPORTATIONTRANSITTIMEENGINEDETAILMETADATAENTITY><TMSTRANSPORTATIONTRANSITTIMEENGINEDETAILMETADATAENTITY><FIELDLOOKUPTYPE>PostalCode</FIELDLOOKUPTYPE><FIELDNAME>Drop-Off Postal Code</FIELDNAME><FIELDSEQUENCENUMBER>7</FIELDSEQUENCENUMBER><ISMANDATORYFIELD>No</ISMANDATORYFIELD><TRANSPORTATIONTRANSITTIMEENGINEID>P2P-SEA</TRANSPORTATIONTRANSITTIMEENGINEID></TMSTRANSPORTATIONTRANSITTIMEENGINEDETAILMETADATAENTITY><TMSTRANSPORTATIONTRANSITTIMEENGINEDETAILMETADATAENTITY><FIELDLOOKUPTYPE>Country</FIELDLOOKUPTYPE><FIELDNAME>Drop-Off Country/region</FIELDNAME><FIELDSEQUENCENUMBER>8</FIELDSEQUENCENUMBER><ISMANDATORYFIELD>No</ISMANDATORYFIELD><TRANSPORTATIONTRANSITTIMEENGINEID>P2P-SEA</TRANSPORTATIONTRANSITTIMEENGINEID></TMSTRANSPORTATIONTRANSITTIMEENGINEDETAILMETADATAENTITY><TMSTRANSPORTATIONTRANSITTIMEENGINEDETAILMETADATAENTITY><FIELDLOOKUPTYPE>None</FIELDLOOKUPTYPE><FIELDNAME>Days</FIELDNAME><FIELDSEQUENCENUMBER>9</FIELDSEQUENCENUMBER><ISMANDATORYFIELD>No</ISMANDATORYFIELD><TRANSPORTATIONTRANSITTIMEENGINEID>P2P-SEA</TRANSPORTATIONTRANSITTIMEENGINEID></TMSTRANSPORTATIONTRANSITTIMEENGINEDETAILMETADATAENTITY><TMSTRANSPORTATIONTRANSITTIMEENGINEDETAILMETADATAENTITY><FIELDLOOKUPTYPE>City</FIELDLOOKUPTYPE><FIELDNAME>Pick-Up City</FIELDNAME><FIELDSEQUENCENUMBER>1</FIELDSEQUENCENUMBER><ISMANDATORYFIELD>No</ISMANDATORYFIELD><TRANSPORTATIONTRANSITTIMEENGINEID>PointToPoint</TRANSPORTATIONTRANSITTIMEENGINEID></TMSTRANSPORTATIONTRANSITTIMEENGINEDETAILMETADATAENTITY><TMSTRANSPORTATIONTRANSITTIMEENGINEDETAILMETADATAENTITY><FIELDLOOKUPTYPE>State</FIELDLOOKUPTYPE><FIELDNAME>Pick-Up State</FIELDNAME><FIELDSEQUENCENUMBER>2</FIELDSEQUENCENUMBER><ISMANDATORYFIELD>No</ISMANDATORYFIELD><TRANSPORTATIONTRANSITTIMEENGINEID>PointToPoint</TRANSPORTATIONTRANSITTIMEENGINEID></TMSTRANSPORTATIONTRANSITTIMEENGINEDETAILMETADATAENTITY><TMSTRANSPORTATIONTRANSITTIMEENGINEDETAILMETADATAENTITY><FIELDLOOKUPTYPE>PostalCode</FIELDLOOKUPTYPE><FIELDNAME>Pick-Up Postal Code</FIELDNAME><FIELDSEQUENCENUMBER>3</FIELDSEQUENCENUMBER><ISMANDATORYFIELD>No</ISMANDATORYFIELD><TRANSPORTATIONTRANSITTIMEENGINEID>PointToPoint</TRANSPORTATIONTRANSITTIMEENGINEID></TMSTRANSPORTATIONTRANSITTIMEENGINEDETAILMETADATAENTITY><TMSTRANSPORTATIONTRANSITTIMEENGINEDETAILMETADATAENTITY><FIELDLOOKUPTYPE>Country</FIELDLOOKUPTYPE><FIELDNAME>Pick-Up Country/region</FIELDNAME><FIELDSEQUENCENUMBER>4</FIELDSEQUENCENUMBER><ISMANDATORYFIELD>No</ISMANDATORYFIELD><TRANSPORTATIONTRANSITTIMEENGINEID>PointToPoint</TRANSPORTATIONTRANSITTIMEENGINEID></TMSTRANSPORTATIONTRANSITTIMEENGINEDETAILMETADATAENTITY><TMSTRANSPORTATIONTRANSITTIMEENGINEDETAILMETADATAENTITY><FIELDLOOKUPTYPE>City</FIELDLOOKUPTYPE><FIELDNAME>Drop-Off City</FIELDNAME><FIELDSEQUENCENUMBER>5</FIELDSEQUENCENUMBER><ISMANDATORYFIELD>No</ISMANDATORYFIELD><TRANSPORTATIONTRANSITTIMEENGINEID>PointToPoint</TRANSPORTATIONTRANSITTIMEENGINEID></TMSTRANSPORTATIONTRANSITTIMEENGINEDETAILMETADATAENTITY><TMSTRANSPORTATIONTRANSITTIMEENGINEDETAILMETADATAENTITY><FIELDLOOKUPTYPE>State</FIELDLOOKUPTYPE><FIELDNAME>Drop-Off State</FIELDNAME><FIELDSEQUENCENUMBER>6</FIELDSEQUENCENUMBER><ISMANDATORYFIELD>No</ISMANDATORYFIELD><TRANSPORTATIONTRANSITTIMEENGINEID>PointToPoint</TRANSPORTATIONTRANSITTIMEENGINEID></TMSTRANSPORTATIONTRANSITTIMEENGINEDETAILMETADATAENTITY><TMSTRANSPORTATIONTRANSITTIMEENGINEDETAILMETADATAENTITY><FIELDLOOKUPTYPE>PostalCode</FIELDLOOKUPTYPE><FIELDNAME>Drop-Off Postal Code</FIELDNAME><FIELDSEQUENCENUMBER>7</FIELDSEQUENCENUMBER><ISMANDATORYFIELD>No</ISMANDATORYFIELD><TRANSPORTATIONTRANSITTIMEENGINEID>PointToPoint</TRANSPORTATIONTRANSITTIMEENGINEID></TMSTRANSPORTATIONTRANSITTIMEENGINEDETAILMETADATAENTITY><TMSTRANSPORTATIONTRANSITTIMEENGINEDETAILMETADATAENTITY><FIELDLOOKUPTYPE>Country</FIELDLOOKUPTYPE><FIELDNAME>Drop-Off Country/region</FIELDNAME><FIELDSEQUENCENUMBER>8</FIELDSEQUENCENUMBER><ISMANDATORYFIELD>No</ISMANDATORYFIELD><TRANSPORTATIONTRANSITTIMEENGINEID>PointToPoint</TRANSPORTATIONTRANSITTIMEENGINEID></TMSTRANSPORTATIONTRANSITTIMEENGINEDETAILMETADATAENTITY><TMSTRANSPORTATIONTRANSITTIMEENGINEDETAILMETADATAENTITY><FIELDLOOKUPTYPE>None</FIELDLOOKUPTYPE><FIELDNAME>Days</FIELDNAME><FIELDSEQUENCENUMBER>9</FIELDSEQUENCENUMBER><ISMANDATORYFIELD>No</ISMANDATORYFIELD><TRANSPORTATIONTRANSITTIMEENGINEID>PointToPoint</TRANSPORTATIONTRANSITTIMEENGINEID></TMSTRANSPORTATIONTRANSITTIMEENGINEDETAILMETADATAENTITY></Document>