﻿<?xml version="1.0" encoding="utf-8"?><Document><TMSTRANSPORTATIONRATEENGINEPARAMETERENTITY><PARAMETERNAME>ApportionmentEngine</PARAMETERNAME><PARAMETERVALUE>AppWeight</PARAMETERVALUE><TRANSPORTATIONRATEENGINEID>LTL</TRANSPORTATIONRATEENGINEID></TMSTRANSPORTATIONRATEENGINEPARAMETERENTITY><TMSTRANSPORTATIONRATEENGINEPARAMETERENTITY><PARAMETERNAME>MileageEngineCode</PARAMETERNAME><PARAMETERVALUE>P2P</PARAMETERVALUE><TRANSPORTATIONRATEENGINEID>LTL</TRANSPORTATIONRATEENGINEID></TMSTRANSPORTATIONRATEENGINEPARAMETERENTITY><TMSTRANSPORTATIONRATEENGINEPARAMETERENTITY><PARAMETERNAME>RateBaseAssigner</PARAMETERNAME><PARAMETERVALUE>Microsoft.Dynamics.Ax.Tms.dll|Microsoft.Dynamics.Ax.Tms.Bll.LtlRateBaseAssigner</PARAMETERVALUE><TRANSPORTATIONRATEENGINEID>LTL</TRANSPORTATIONRATEENGINEID></TMSTRANSPORTATIONRATEENGINEPARAMETERENTITY><TMSTRANSPORTATIONRATEENGINEPARAMETERENTITY><PARAMETERNAME>WeightApportionEngine</PARAMETERNAME><PARAMETERVALUE>AppShipWeight</PARAMETERVALUE><TRANSPORTATIONRATEENGINEID>LTL</TRANSPORTATIONRATEENGINEID></TMSTRANSPORTATIONRATEENGINEPARAMETERENTITY><TMSTRANSPORTATIONRATEENGINEPARAMETERENTITY><PARAMETERNAME>ApportionmentEngine</PARAMETERNAME><PARAMETERVALUE>AppWeight</PARAMETERVALUE><TRANSPORTATIONRATEENGINEID>LTLFak</TRANSPORTATIONRATEENGINEID></TMSTRANSPORTATIONRATEENGINEPARAMETERENTITY><TMSTRANSPORTATIONRATEENGINEPARAMETERENTITY><PARAMETERNAME>RateBaseAssigner</PARAMETERNAME><PARAMETERVALUE>Microsoft.Dynamics.Ax.Tms.dll|Microsoft.Dynamics.Ax.Tms.Bll.LtlFakRateBaseAssigner</PARAMETERVALUE><TRANSPORTATIONRATEENGINEID>LTLFak</TRANSPORTATIONRATEENGINEID></TMSTRANSPORTATIONRATEENGINEPARAMETERENTITY><TMSTRANSPORTATIONRATEENGINEPARAMETERENTITY><PARAMETERNAME>WeightApportionEngine</PARAMETERNAME><PARAMETERVALUE>AppShipWeight</PARAMETERVALUE><TRANSPORTATIONRATEENGINEID>LTLFak</TRANSPORTATIONRATEENGINEID></TMSTRANSPORTATIONRATEENGINEPARAMETERENTITY><TMSTRANSPORTATIONRATEENGINEPARAMETERENTITY><PARAMETERNAME>ApportionmentEngine</PARAMETERNAME><PARAMETERVALUE>AppWeight</PARAMETERVALUE><TRANSPORTATIONRATEENGINEID>Milage</TRANSPORTATIONRATEENGINEID></TMSTRANSPORTATIONRATEENGINEPARAMETERENTITY><TMSTRANSPORTATIONRATEENGINEPARAMETERENTITY><PARAMETERNAME>MileageEngineCode</PARAMETERNAME><PARAMETERVALUE>P2P</PARAMETERVALUE><TRANSPORTATIONRATEENGINEID>Milage</TRANSPORTATIONRATEENGINEID></TMSTRANSPORTATIONRATEENGINEPARAMETERENTITY><TMSTRANSPORTATIONRATEENGINEPARAMETERENTITY><PARAMETERNAME>RateBaseAssigner</PARAMETERNAME><PARAMETERVALUE>Microsoft.Dynamics.Ax.Tms.dll|Microsoft.Dynamics.Ax.Tms.Bll.MileageRateBaseAssigner</PARAMETERVALUE><TRANSPORTATIONRATEENGINEID>Milage</TRANSPORTATIONRATEENGINEID></TMSTRANSPORTATIONRATEENGINEPARAMETERENTITY><TMSTRANSPORTATIONRATEENGINEPARAMETERENTITY><PARAMETERNAME>ApportionmentEngine</PARAMETERNAME><PARAMETERVALUE>AppWeight</PARAMETERVALUE><TRANSPORTATIONRATEENGINEID>Mileage</TRANSPORTATIONRATEENGINEID></TMSTRANSPORTATIONRATEENGINEPARAMETERENTITY><TMSTRANSPORTATIONRATEENGINEPARAMETERENTITY><PARAMETERNAME>MileageEngineCode</PARAMETERNAME><PARAMETERVALUE>P2P</PARAMETERVALUE><TRANSPORTATIONRATEENGINEID>Mileage</TRANSPORTATIONRATEENGINEID></TMSTRANSPORTATIONRATEENGINEPARAMETERENTITY><TMSTRANSPORTATIONRATEENGINEPARAMETERENTITY><PARAMETERNAME>RateBaseAssigner</PARAMETERNAME><PARAMETERVALUE>Microsoft.Dynamics.Ax.Tms.dll|Microsoft.Dynamics.Ax.Tms.Bll.MileageRateBaseAssigner</PARAMETERVALUE><TRANSPORTATIONRATEENGINEID>Mileage</TRANSPORTATIONRATEENGINEID></TMSTRANSPORTATIONRATEENGINEPARAMETERENTITY><TMSTRANSPORTATIONRATEENGINEPARAMETERENTITY><PARAMETERNAME>ApportionmentEngine</PARAMETERNAME><PARAMETERVALUE>AppWeight</PARAMETERVALUE><TRANSPORTATIONRATEENGINEID>P2PAirMileage</TRANSPORTATIONRATEENGINEID></TMSTRANSPORTATIONRATEENGINEPARAMETERENTITY><TMSTRANSPORTATIONRATEENGINEPARAMETERENTITY><PARAMETERNAME>MileageEngineCode</PARAMETERNAME><PARAMETERVALUE>P2P-AIR</PARAMETERVALUE><TRANSPORTATIONRATEENGINEID>P2PAirMileage</TRANSPORTATIONRATEENGINEID></TMSTRANSPORTATIONRATEENGINEPARAMETERENTITY><TMSTRANSPORTATIONRATEENGINEPARAMETERENTITY><PARAMETERNAME>RateBaseAssigner</PARAMETERNAME><PARAMETERVALUE>Microsoft.Dynamics.Ax.Tms.dll|Microsoft.Dynamics.Ax.Tms.Bll.P2PRateBaseAssigner</PARAMETERVALUE><TRANSPORTATIONRATEENGINEID>P2PAirMileage</TRANSPORTATIONRATEENGINEID></TMSTRANSPORTATIONRATEENGINEPARAMETERENTITY><TMSTRANSPORTATIONRATEENGINEPARAMETERENTITY><PARAMETERNAME>ApportionmentEngine</PARAMETERNAME><PARAMETERVALUE>AppWeight</PARAMETERVALUE><TRANSPORTATIONRATEENGINEID>P2PContract</TRANSPORTATIONRATEENGINEID></TMSTRANSPORTATIONRATEENGINEPARAMETERENTITY><TMSTRANSPORTATIONRATEENGINEPARAMETERENTITY><PARAMETERNAME>RateBaseAssigner</PARAMETERNAME><PARAMETERVALUE>Microsoft.Dynamics.Ax.Tms.dll|Microsoft.Dynamics.Ax.Tms.Bll.P2PRateBaseAssigner</PARAMETERVALUE><TRANSPORTATIONRATEENGINEID>P2PContract</TRANSPORTATIONRATEENGINEID></TMSTRANSPORTATIONRATEENGINEPARAMETERENTITY><TMSTRANSPORTATIONRATEENGINEPARAMETERENTITY><PARAMETERNAME>ApportionmentEngine</PARAMETERNAME><PARAMETERVALUE>AppWeight</PARAMETERVALUE><TRANSPORTATIONRATEENGINEID>P2PMileage</TRANSPORTATIONRATEENGINEID></TMSTRANSPORTATIONRATEENGINEPARAMETERENTITY><TMSTRANSPORTATIONRATEENGINEPARAMETERENTITY><PARAMETERNAME>MileageEngineCode</PARAMETERNAME><PARAMETERVALUE>P2P</PARAMETERVALUE><TRANSPORTATIONRATEENGINEID>P2PMileage</TRANSPORTATIONRATEENGINEID></TMSTRANSPORTATIONRATEENGINEPARAMETERENTITY><TMSTRANSPORTATIONRATEENGINEPARAMETERENTITY><PARAMETERNAME>RateBaseAssigner</PARAMETERNAME><PARAMETERVALUE>Microsoft.Dynamics.Ax.Tms.dll|Microsoft.Dynamics.Ax.Tms.Bll.P2PRateBaseAssigner</PARAMETERVALUE><TRANSPORTATIONRATEENGINEID>P2PMileage</TRANSPORTATIONRATEENGINEID></TMSTRANSPORTATIONRATEENGINEPARAMETERENTITY><TMSTRANSPORTATIONRATEENGINEPARAMETERENTITY><PARAMETERNAME>ApportionmentEngine</PARAMETERNAME><PARAMETERVALUE>AppWeight</PARAMETERVALUE><TRANSPORTATIONRATEENGINEID>P2POceanMileage</TRANSPORTATIONRATEENGINEID></TMSTRANSPORTATIONRATEENGINEPARAMETERENTITY><TMSTRANSPORTATIONRATEENGINEPARAMETERENTITY><PARAMETERNAME>MileageEngineCode</PARAMETERNAME><PARAMETERVALUE>P2P-SEA</PARAMETERVALUE><TRANSPORTATIONRATEENGINEID>P2POceanMileage</TRANSPORTATIONRATEENGINEID></TMSTRANSPORTATIONRATEENGINEPARAMETERENTITY><TMSTRANSPORTATIONRATEENGINEPARAMETERENTITY><PARAMETERNAME>RateBaseAssigner</PARAMETERNAME><PARAMETERVALUE>Microsoft.Dynamics.Ax.Tms.dll|Microsoft.Dynamics.Ax.Tms.Bll.P2PRateBaseAssigner</PARAMETERVALUE><TRANSPORTATIONRATEENGINEID>P2POceanMileage</TRANSPORTATIONRATEENGINEID></TMSTRANSPORTATIONRATEENGINEPARAMETERENTITY><TMSTRANSPORTATIONRATEENGINEPARAMETERENTITY><PARAMETERNAME>ApportionmentEngine</PARAMETERNAME><PARAMETERVALUE>AppWeight</PARAMETERVALUE><TRANSPORTATIONRATEENGINEID>P2PVolumeWeight</TRANSPORTATIONRATEENGINEID></TMSTRANSPORTATIONRATEENGINEPARAMETERENTITY><TMSTRANSPORTATIONRATEENGINEPARAMETERENTITY><PARAMETERNAME>Divisor</PARAMETERNAME><PARAMETERVALUE></PARAMETERVALUE><TRANSPORTATIONRATEENGINEID>P2PVolumeWeight</TRANSPORTATIONRATEENGINEID></TMSTRANSPORTATIONRATEENGINEPARAMETERENTITY><TMSTRANSPORTATIONRATEENGINEPARAMETERENTITY><PARAMETERNAME>ApportionmentEngine</PARAMETERNAME><PARAMETERVALUE>AppWeight</PARAMETERVALUE><TRANSPORTATIONRATEENGINEID>P2PWeight</TRANSPORTATIONRATEENGINEID></TMSTRANSPORTATIONRATEENGINEPARAMETERENTITY><TMSTRANSPORTATIONRATEENGINEPARAMETERENTITY><PARAMETERNAME>Divisor</PARAMETERNAME><PARAMETERVALUE></PARAMETERVALUE><TRANSPORTATIONRATEENGINEID>P2PWeight</TRANSPORTATIONRATEENGINEID></TMSTRANSPORTATIONRATEENGINEPARAMETERENTITY><TMSTRANSPORTATIONRATEENGINEPARAMETERENTITY><PARAMETERNAME>ApportionmentEngine</PARAMETERNAME><PARAMETERVALUE>AppWeight</PARAMETERVALUE><TRANSPORTATIONRATEENGINEID>Piece</TRANSPORTATIONRATEENGINEID></TMSTRANSPORTATIONRATEENGINEPARAMETERENTITY><TMSTRANSPORTATIONRATEENGINEPARAMETERENTITY><PARAMETERNAME>PieceUnitOfMeasure</PARAMETERNAME><PARAMETERVALUE>Qty</PARAMETERVALUE><TRANSPORTATIONRATEENGINEID>Piece</TRANSPORTATIONRATEENGINEID></TMSTRANSPORTATIONRATEENGINEPARAMETERENTITY><TMSTRANSPORTATIONRATEENGINEPARAMETERENTITY><PARAMETERNAME>RateBaseAssigner</PARAMETERNAME><PARAMETERVALUE>Microsoft.Dynamics.Ax.Tms.dll|Microsoft.Dynamics.Ax.Tms.Bll.PieceRateBaseAssigner</PARAMETERVALUE><TRANSPORTATIONRATEENGINEID>Piece</TRANSPORTATIONRATEENGINEID></TMSTRANSPORTATIONRATEENGINEPARAMETERENTITY><TMSTRANSPORTATIONRATEENGINEPARAMETERENTITY><PARAMETERNAME>ApportionmentEngine</PARAMETERNAME><PARAMETERVALUE>AppWeight</PARAMETERVALUE><TRANSPORTATIONRATEENGINEID>PostalZoneWeight</TRANSPORTATIONRATEENGINEID></TMSTRANSPORTATIONRATEENGINEPARAMETERENTITY><TMSTRANSPORTATIONRATEENGINEPARAMETERENTITY><PARAMETERNAME>MileageEngineCode</PARAMETERNAME><PARAMETERVALUE>Generic</PARAMETERVALUE><TRANSPORTATIONRATEENGINEID>PostalZoneWeight</TRANSPORTATIONRATEENGINEID></TMSTRANSPORTATIONRATEENGINEPARAMETERENTITY><TMSTRANSPORTATIONRATEENGINEPARAMETERENTITY><PARAMETERNAME>RateBaseAssigner</PARAMETERNAME><PARAMETERVALUE>Microsoft.Dynamics.Ax.Tms.dll|Microsoft.Dynamics.Ax.Tms.Bll.PostalZoneWeightRateBaseAssigner</PARAMETERVALUE><TRANSPORTATIONRATEENGINEID>PostalZoneWeight</TRANSPORTATIONRATEENGINEID></TMSTRANSPORTATIONRATEENGINEPARAMETERENTITY><TMSTRANSPORTATIONRATEENGINEPARAMETERENTITY><PARAMETERNAME>WeightApportionEngine</PARAMETERNAME><PARAMETERVALUE>Postal</PARAMETERVALUE><TRANSPORTATIONRATEENGINEID>PostalZoneWeight</TRANSPORTATIONRATEENGINEID></TMSTRANSPORTATIONRATEENGINEPARAMETERENTITY><TMSTRANSPORTATIONRATEENGINEPARAMETERENTITY><PARAMETERNAME>ZoneMasterCode</PARAMETERNAME><PARAMETERVALUE>Postal</PARAMETERVALUE><TRANSPORTATIONRATEENGINEID>PostalZoneWeight</TRANSPORTATIONRATEENGINEID></TMSTRANSPORTATIONRATEENGINEPARAMETERENTITY><TMSTRANSPORTATIONRATEENGINEPARAMETERENTITY><PARAMETERNAME>ApportionmentEngine</PARAMETERNAME><PARAMETERVALUE>AppVolume</PARAMETERVALUE><TRANSPORTATIONRATEENGINEID>VolumeSTCC</TRANSPORTATIONRATEENGINEID></TMSTRANSPORTATIONRATEENGINEPARAMETERENTITY><TMSTRANSPORTATIONRATEENGINEPARAMETERENTITY><PARAMETERNAME>RateBaseAssigner</PARAMETERNAME><PARAMETERVALUE>Microsoft.Dynamics.Ax.Tms.dll|Microsoft.Dynamics.Ax.Tms.Bll.RailRateBaseAssigner</PARAMETERVALUE><TRANSPORTATIONRATEENGINEID>VolumeSTCC</TRANSPORTATIONRATEENGINEID></TMSTRANSPORTATIONRATEENGINEPARAMETERENTITY></Document>