﻿<?xml version="1.0" encoding="utf-8"?><Document><TMSTRANSPORTATIONRATEBREAKVALUEENTITY><BREAKINTEGERVALUE>0</BREAKINTEGERVALUE><BREAKREALVALUE>0.000000</BREAKREALVALUE><BREAKSTRINGVALUE>Rate</BREAKSTRINGVALUE><TRANSPORTATIONRATEBREAKMASTERCODE>EMPTY</TRANSPORTATIONRATEBREAKMASTERCODE></TMSTRANSPORTATIONRATEBREAKVALUEENTITY><TMSTRANSPORTATIONRATEBREAKVALUEENTITY><BREAKINTEGERVALUE>50</BREAKINTEGERVALUE><BREAKREALVALUE>0.000000</BREAKREALVALUE><BREAKSTRINGVALUE></BREAKSTRINGVALUE><TRANSPORTATIONRATEBREAKMASTERCODE>MILAGE</TRANSPORTATIONRATEBREAKMASTERCODE></TMSTRANSPORTATIONRATEBREAKVALUEENTITY><TMSTRANSPORTATIONRATEBREAKVALUEENTITY><BREAKINTEGERVALUE>100</BREAKINTEGERVALUE><BREAKREALVALUE>0.000000</BREAKREALVALUE><BREAKSTRINGVALUE></BREAKSTRINGVALUE><TRANSPORTATIONRATEBREAKMASTERCODE>MILAGE</TRANSPORTATIONRATEBREAKMASTERCODE></TMSTRANSPORTATIONRATEBREAKVALUEENTITY><TMSTRANSPORTATIONRATEBREAKVALUEENTITY><BREAKINTEGERVALUE>200</BREAKINTEGERVALUE><BREAKREALVALUE>0.000000</BREAKREALVALUE><BREAKSTRINGVALUE></BREAKSTRINGVALUE><TRANSPORTATIONRATEBREAKMASTERCODE>MILAGE</TRANSPORTATIONRATEBREAKMASTERCODE></TMSTRANSPORTATIONRATEBREAKVALUEENTITY><TMSTRANSPORTATIONRATEBREAKVALUEENTITY><BREAKINTEGERVALUE>300</BREAKINTEGERVALUE><BREAKREALVALUE>0.000000</BREAKREALVALUE><BREAKSTRINGVALUE></BREAKSTRINGVALUE><TRANSPORTATIONRATEBREAKMASTERCODE>MILAGE</TRANSPORTATIONRATEBREAKMASTERCODE></TMSTRANSPORTATIONRATEBREAKVALUEENTITY><TMSTRANSPORTATIONRATEBREAKVALUEENTITY><BREAKINTEGERVALUE>500</BREAKINTEGERVALUE><BREAKREALVALUE>0.000000</BREAKREALVALUE><BREAKSTRINGVALUE></BREAKSTRINGVALUE><TRANSPORTATIONRATEBREAKMASTERCODE>MILAGE</TRANSPORTATIONRATEBREAKMASTERCODE></TMSTRANSPORTATIONRATEBREAKVALUEENTITY><TMSTRANSPORTATIONRATEBREAKVALUEENTITY><BREAKINTEGERVALUE>900</BREAKINTEGERVALUE><BREAKREALVALUE>0.000000</BREAKREALVALUE><BREAKSTRINGVALUE></BREAKSTRINGVALUE><TRANSPORTATIONRATEBREAKMASTERCODE>MILAGE</TRANSPORTATIONRATEBREAKMASTERCODE></TMSTRANSPORTATIONRATEBREAKVALUEENTITY><TMSTRANSPORTATIONRATEBREAKVALUEENTITY><BREAKINTEGERVALUE>3000</BREAKINTEGERVALUE><BREAKREALVALUE>0.000000</BREAKREALVALUE><BREAKSTRINGVALUE></BREAKSTRINGVALUE><TRANSPORTATIONRATEBREAKMASTERCODE>MILAGE</TRANSPORTATIONRATEBREAKMASTERCODE></TMSTRANSPORTATIONRATEBREAKVALUEENTITY><TMSTRANSPORTATIONRATEBREAKVALUEENTITY><BREAKINTEGERVALUE>0</BREAKINTEGERVALUE><BREAKREALVALUE>1.000000</BREAKREALVALUE><BREAKSTRINGVALUE></BREAKSTRINGVALUE><TRANSPORTATIONRATEBREAKMASTERCODE>WEIGHT</TRANSPORTATIONRATEBREAKMASTERCODE></TMSTRANSPORTATIONRATEBREAKVALUEENTITY><TMSTRANSPORTATIONRATEBREAKVALUEENTITY><BREAKINTEGERVALUE>0</BREAKINTEGERVALUE><BREAKREALVALUE>5.000000</BREAKREALVALUE><BREAKSTRINGVALUE></BREAKSTRINGVALUE><TRANSPORTATIONRATEBREAKMASTERCODE>WEIGHT</TRANSPORTATIONRATEBREAKMASTERCODE></TMSTRANSPORTATIONRATEBREAKVALUEENTITY><TMSTRANSPORTATIONRATEBREAKVALUEENTITY><BREAKINTEGERVALUE>0</BREAKINTEGERVALUE><BREAKREALVALUE>20.000000</BREAKREALVALUE><BREAKSTRINGVALUE></BREAKSTRINGVALUE><TRANSPORTATIONRATEBREAKMASTERCODE>WEIGHT</TRANSPORTATIONRATEBREAKMASTERCODE></TMSTRANSPORTATIONRATEBREAKVALUEENTITY><TMSTRANSPORTATIONRATEBREAKVALUEENTITY><BREAKINTEGERVALUE>0</BREAKINTEGERVALUE><BREAKREALVALUE>100.000000</BREAKREALVALUE><BREAKSTRINGVALUE></BREAKSTRINGVALUE><TRANSPORTATIONRATEBREAKMASTERCODE>WEIGHT</TRANSPORTATIONRATEBREAKMASTERCODE></TMSTRANSPORTATIONRATEBREAKVALUEENTITY><TMSTRANSPORTATIONRATEBREAKVALUEENTITY><BREAKINTEGERVALUE>0</BREAKINTEGERVALUE><BREAKREALVALUE>1000.000000</BREAKREALVALUE><BREAKSTRINGVALUE></BREAKSTRINGVALUE><TRANSPORTATIONRATEBREAKMASTERCODE>WEIGHT</TRANSPORTATIONRATEBREAKMASTERCODE></TMSTRANSPORTATIONRATEBREAKVALUEENTITY></Document>