﻿<?xml version="1.0" encoding="utf-8"?><Document><TMSTRANSPORTATIONTRANSITTIMEENGINEDETAILENTITY><EIGHTHFIELD></EIGHTHFIELD><ENGINESHIPPINGCARRIERSERVICEID>AIR</ENGINESHIPPINGCARRIERSERVICEID><FIFTHFIELD></FIFTHFIELD><FIRSTFIELD>1</FIRSTFIELD><FOURTHFIELD></FOURTHFIELD><NINTHFIELD></NINTHFIELD><SECONDFIELD></SECONDFIELD><SEVENTHFIELD></SEVENTHFIELD><SIXTHFIELD></SIXTHFIELD><TENTHFIELD></TENTHFIELD><THIRDFIELD></THIRDFIELD><TRANSPORTATIONTRANSITTIMEENGINEID>Calculation</TRANSPORTATIONTRANSITTIMEENGINEID></TMSTRANSPORTATIONTRANSITTIMEENGINEDETAILENTITY><TMSTRANSPORTATIONTRANSITTIMEENGINEDETAILENTITY><EIGHTHFIELD></EIGHTHFIELD><ENGINESHIPPINGCARRIERSERVICEID>AIR</ENGINESHIPPINGCARRIERSERVICEID><FIFTHFIELD></FIFTHFIELD><FIRSTFIELD>1</FIRSTFIELD><FOURTHFIELD></FOURTHFIELD><NINTHFIELD></NINTHFIELD><SECONDFIELD>1000</SECONDFIELD><SEVENTHFIELD></SEVENTHFIELD><SIXTHFIELD></SIXTHFIELD><TENTHFIELD></TENTHFIELD><THIRDFIELD>2</THIRDFIELD><TRANSPORTATIONTRANSITTIMEENGINEID>MileBreaks</TRANSPORTATIONTRANSITTIMEENGINEID></TMSTRANSPORTATIONTRANSITTIMEENGINEDETAILENTITY><TMSTRANSPORTATIONTRANSITTIMEENGINEDETAILENTITY><EIGHTHFIELD></EIGHTHFIELD><ENGINESHIPPINGCARRIERSERVICEID></ENGINESHIPPINGCARRIERSERVICEID><FIFTHFIELD>Neverwinter</FIFTHFIELD><FIRSTFIELD>Waterdeep</FIRSTFIELD><FOURTHFIELD></FOURTHFIELD><NINTHFIELD>15</NINTHFIELD><SECONDFIELD></SECONDFIELD><SEVENTHFIELD></SEVENTHFIELD><SIXTHFIELD></SIXTHFIELD><TENTHFIELD></TENTHFIELD><THIRDFIELD></THIRDFIELD><TRANSPORTATIONTRANSITTIMEENGINEID>P2P</TRANSPORTATIONTRANSITTIMEENGINEID></TMSTRANSPORTATIONTRANSITTIMEENGINEDETAILENTITY><TMSTRANSPORTATIONTRANSITTIMEENGINEDETAILENTITY><EIGHTHFIELD></EIGHTHFIELD><ENGINESHIPPINGCARRIERSERVICEID>AIR</ENGINESHIPPINGCARRIERSERVICEID><FIFTHFIELD></FIFTHFIELD><FIRSTFIELD></FIRSTFIELD><FOURTHFIELD></FOURTHFIELD><NINTHFIELD>1</NINTHFIELD><SECONDFIELD></SECONDFIELD><SEVENTHFIELD>WD-2001-UR</SEVENTHFIELD><SIXTHFIELD></SIXTHFIELD><TENTHFIELD></TENTHFIELD><THIRDFIELD>WD-1001-TW</THIRDFIELD><TRANSPORTATIONTRANSITTIMEENGINEID>P2P</TRANSPORTATIONTRANSITTIMEENGINEID></TMSTRANSPORTATIONTRANSITTIMEENGINEDETAILENTITY><TMSTRANSPORTATIONTRANSITTIMEENGINEDETAILENTITY><EIGHTHFIELD></EIGHTHFIELD><ENGINESHIPPINGCARRIERSERVICEID>AIR</ENGINESHIPPINGCARRIERSERVICEID><FIFTHFIELD>Waterdeep</FIFTHFIELD><FIRSTFIELD>Waterdeep</FIRSTFIELD><FOURTHFIELD></FOURTHFIELD><NINTHFIELD>2</NINTHFIELD><SECONDFIELD></SECONDFIELD><SEVENTHFIELD></SEVENTHFIELD><SIXTHFIELD></SIXTHFIELD><TENTHFIELD></TENTHFIELD><THIRDFIELD></THIRDFIELD><TRANSPORTATIONTRANSITTIMEENGINEID>P2P</TRANSPORTATIONTRANSITTIMEENGINEID></TMSTRANSPORTATIONTRANSITTIMEENGINEDETAILENTITY><TMSTRANSPORTATIONTRANSITTIMEENGINEDETAILENTITY><EIGHTHFIELD></EIGHTHFIELD><ENGINESHIPPINGCARRIERSERVICEID>GROUND</ENGINESHIPPINGCARRIERSERVICEID><FIFTHFIELD></FIFTHFIELD><FIRSTFIELD></FIRSTFIELD><FOURTHFIELD></FOURTHFIELD><NINTHFIELD>.5</NINTHFIELD><SECONDFIELD></SECONDFIELD><SEVENTHFIELD>WD-2001-UR</SEVENTHFIELD><SIXTHFIELD></SIXTHFIELD><TENTHFIELD></TENTHFIELD><THIRDFIELD>WD-1001-TW</THIRDFIELD><TRANSPORTATIONTRANSITTIMEENGINEID>P2P</TRANSPORTATIONTRANSITTIMEENGINEID></TMSTRANSPORTATIONTRANSITTIMEENGINEDETAILENTITY><TMSTRANSPORTATIONTRANSITTIMEENGINEDETAILENTITY><EIGHTHFIELD></EIGHTHFIELD><ENGINESHIPPINGCARRIERSERVICEID>GROUND</ENGINESHIPPINGCARRIERSERVICEID><FIFTHFIELD>Waterdeep</FIFTHFIELD><FIRSTFIELD>Waterdeep</FIRSTFIELD><FOURTHFIELD></FOURTHFIELD><NINTHFIELD>.25</NINTHFIELD><SECONDFIELD></SECONDFIELD><SEVENTHFIELD></SEVENTHFIELD><SIXTHFIELD></SIXTHFIELD><TENTHFIELD></TENTHFIELD><THIRDFIELD></THIRDFIELD><TRANSPORTATIONTRANSITTIMEENGINEID>P2P</TRANSPORTATIONTRANSITTIMEENGINEID></TMSTRANSPORTATIONTRANSITTIMEENGINEDETAILENTITY><TMSTRANSPORTATIONTRANSITTIMEENGINEDETAILENTITY><EIGHTHFIELD></EIGHTHFIELD><ENGINESHIPPINGCARRIERSERVICEID>LTL</ENGINESHIPPINGCARRIERSERVICEID><FIFTHFIELD></FIFTHFIELD><FIRSTFIELD></FIRSTFIELD><FOURTHFIELD></FOURTHFIELD><NINTHFIELD>2</NINTHFIELD><SECONDFIELD></SECONDFIELD><SEVENTHFIELD>WD-2001-UR</SEVENTHFIELD><SIXTHFIELD></SIXTHFIELD><TENTHFIELD></TENTHFIELD><THIRDFIELD>WD-1001-TW</THIRDFIELD><TRANSPORTATIONTRANSITTIMEENGINEID>P2P</TRANSPORTATIONTRANSITTIMEENGINEID></TMSTRANSPORTATIONTRANSITTIMEENGINEDETAILENTITY><TMSTRANSPORTATIONTRANSITTIMEENGINEDETAILENTITY><EIGHTHFIELD>FAE</EIGHTHFIELD><ENGINESHIPPINGCARRIERSERVICEID>AIR</ENGINESHIPPINGCARRIERSERVICEID><FIFTHFIELD></FIFTHFIELD><FIRSTFIELD></FIRSTFIELD><FOURTHFIELD>FAE</FOURTHFIELD><NINTHFIELD>1.5</NINTHFIELD><SECONDFIELD></SECONDFIELD><SEVENTHFIELD>NW-2002-BD</SEVENTHFIELD><SIXTHFIELD></SIXTHFIELD><TENTHFIELD></TENTHFIELD><THIRDFIELD>WD-1001-TW</THIRDFIELD><TRANSPORTATIONTRANSITTIMEENGINEID>P2P-GYPHON</TRANSPORTATIONTRANSITTIMEENGINEID></TMSTRANSPORTATIONTRANSITTIMEENGINEDETAILENTITY><TMSTRANSPORTATIONTRANSITTIMEENGINEDETAILENTITY><EIGHTHFIELD>FAE</EIGHTHFIELD><ENGINESHIPPINGCARRIERSERVICEID>AIR</ENGINESHIPPINGCARRIERSERVICEID><FIFTHFIELD>Neverwinter</FIFTHFIELD><FIRSTFIELD>Waterdeep</FIRSTFIELD><FOURTHFIELD>FAE</FOURTHFIELD><NINTHFIELD>2</NINTHFIELD><SECONDFIELD></SECONDFIELD><SEVENTHFIELD></SEVENTHFIELD><SIXTHFIELD></SIXTHFIELD><TENTHFIELD></TENTHFIELD><THIRDFIELD></THIRDFIELD><TRANSPORTATIONTRANSITTIMEENGINEID>P2P-GYPHON</TRANSPORTATIONTRANSITTIMEENGINEID></TMSTRANSPORTATIONTRANSITTIMEENGINEDETAILENTITY><TMSTRANSPORTATIONTRANSITTIMEENGINEDETAILENTITY><EIGHTHFIELD>FAE</EIGHTHFIELD><ENGINESHIPPINGCARRIERSERVICEID></ENGINESHIPPINGCARRIERSERVICEID><FIFTHFIELD>Caer Callidyrr</FIFTHFIELD><FIRSTFIELD>Waterdeep</FIRSTFIELD><FOURTHFIELD>FAE</FOURTHFIELD><NINTHFIELD>7</NINTHFIELD><SECONDFIELD></SECONDFIELD><SEVENTHFIELD></SEVENTHFIELD><SIXTHFIELD></SIXTHFIELD><TENTHFIELD></TENTHFIELD><THIRDFIELD></THIRDFIELD><TRANSPORTATIONTRANSITTIMEENGINEID>P2P-SEA</TRANSPORTATIONTRANSITTIMEENGINEID></TMSTRANSPORTATIONTRANSITTIMEENGINEDETAILENTITY><TMSTRANSPORTATIONTRANSITTIMEENGINEDETAILENTITY><EIGHTHFIELD>FAE</EIGHTHFIELD><ENGINESHIPPINGCARRIERSERVICEID>OCEAN</ENGINESHIPPINGCARRIERSERVICEID><FIFTHFIELD></FIFTHFIELD><FIRSTFIELD></FIRSTFIELD><FOURTHFIELD>FAE</FOURTHFIELD><NINTHFIELD>6</NINTHFIELD><SECONDFIELD></SECONDFIELD><SEVENTHFIELD>CC-1021-UR</SEVENTHFIELD><SIXTHFIELD></SIXTHFIELD><TENTHFIELD></TENTHFIELD><THIRDFIELD>WD-1001-TW</THIRDFIELD><TRANSPORTATIONTRANSITTIMEENGINEID>P2P-SEA</TRANSPORTATIONTRANSITTIMEENGINEID></TMSTRANSPORTATIONTRANSITTIMEENGINEDETAILENTITY><TMSTRANSPORTATIONTRANSITTIMEENGINEDETAILENTITY><EIGHTHFIELD>FAE</EIGHTHFIELD><ENGINESHIPPINGCARRIERSERVICEID>OCEAN</ENGINESHIPPINGCARRIERSERVICEID><FIFTHFIELD>Caer Callidyrr</FIFTHFIELD><FIRSTFIELD>Waterdeep</FIRSTFIELD><FOURTHFIELD>FAE</FOURTHFIELD><NINTHFIELD>5</NINTHFIELD><SECONDFIELD>SC</SECONDFIELD><SEVENTHFIELD>CC-1021-UR</SEVENTHFIELD><SIXTHFIELD>MI</SIXTHFIELD><TENTHFIELD></TENTHFIELD><THIRDFIELD>WD-1001-TW</THIRDFIELD><TRANSPORTATIONTRANSITTIMEENGINEID>P2P-SEA</TRANSPORTATIONTRANSITTIMEENGINEID></TMSTRANSPORTATIONTRANSITTIMEENGINEDETAILENTITY><TMSTRANSPORTATIONTRANSITTIMEENGINEDETAILENTITY><EIGHTHFIELD>FAE</EIGHTHFIELD><ENGINESHIPPINGCARRIERSERVICEID>AIR</ENGINESHIPPINGCARRIERSERVICEID><FIFTHFIELD><![CDATA[Baldur's Gate]]></FIFTHFIELD><FIRSTFIELD>Waterdeep</FIRSTFIELD><FOURTHFIELD>FAE</FOURTHFIELD><NINTHFIELD>5</NINTHFIELD><SECONDFIELD></SECONDFIELD><SEVENTHFIELD></SEVENTHFIELD><SIXTHFIELD></SIXTHFIELD><TENTHFIELD></TENTHFIELD><THIRDFIELD></THIRDFIELD><TRANSPORTATIONTRANSITTIMEENGINEID>PointToPoint</TRANSPORTATIONTRANSITTIMEENGINEID></TMSTRANSPORTATIONTRANSITTIMEENGINEDETAILENTITY><TMSTRANSPORTATIONTRANSITTIMEENGINEDETAILENTITY><EIGHTHFIELD>Fae</EIGHTHFIELD><ENGINESHIPPINGCARRIERSERVICEID>AIR</ENGINESHIPPINGCARRIERSERVICEID><FIFTHFIELD>Neverwinter</FIFTHFIELD><FIRSTFIELD>Waterdeep</FIRSTFIELD><FOURTHFIELD>FAE</FOURTHFIELD><NINTHFIELD>3</NINTHFIELD><SECONDFIELD></SECONDFIELD><SEVENTHFIELD></SEVENTHFIELD><SIXTHFIELD></SIXTHFIELD><TENTHFIELD></TENTHFIELD><THIRDFIELD></THIRDFIELD><TRANSPORTATIONTRANSITTIMEENGINEID>PointToPoint</TRANSPORTATIONTRANSITTIMEENGINEID></TMSTRANSPORTATIONTRANSITTIMEENGINEDETAILENTITY><TMSTRANSPORTATIONTRANSITTIMEENGINEDETAILENTITY><EIGHTHFIELD>FAE</EIGHTHFIELD><ENGINESHIPPINGCARRIERSERVICEID>GROUND</ENGINESHIPPINGCARRIERSERVICEID><FIFTHFIELD>Neverwinter</FIFTHFIELD><FIRSTFIELD>Waterdeep</FIRSTFIELD><FOURTHFIELD>FAE</FOURTHFIELD><NINTHFIELD>27</NINTHFIELD><SECONDFIELD></SECONDFIELD><SEVENTHFIELD></SEVENTHFIELD><SIXTHFIELD></SIXTHFIELD><TENTHFIELD></TENTHFIELD><THIRDFIELD></THIRDFIELD><TRANSPORTATIONTRANSITTIMEENGINEID>PointToPoint</TRANSPORTATIONTRANSITTIMEENGINEID></TMSTRANSPORTATIONTRANSITTIMEENGINEDETAILENTITY><TMSTRANSPORTATIONTRANSITTIMEENGINEDETAILENTITY><EIGHTHFIELD>FAE</EIGHTHFIELD><ENGINESHIPPINGCARRIERSERVICEID>GROUND</ENGINESHIPPINGCARRIERSERVICEID><FIFTHFIELD>Waterdeep</FIFTHFIELD><FIRSTFIELD>Waterdeep</FIRSTFIELD><FOURTHFIELD>FAE</FOURTHFIELD><NINTHFIELD>2</NINTHFIELD><SECONDFIELD></SECONDFIELD><SEVENTHFIELD></SEVENTHFIELD><SIXTHFIELD></SIXTHFIELD><TENTHFIELD></TENTHFIELD><THIRDFIELD></THIRDFIELD><TRANSPORTATIONTRANSITTIMEENGINEID>PointToPoint</TRANSPORTATIONTRANSITTIMEENGINEID></TMSTRANSPORTATIONTRANSITTIMEENGINEDETAILENTITY><TMSTRANSPORTATIONTRANSITTIMEENGINEDETAILENTITY><EIGHTHFIELD>FAE</EIGHTHFIELD><ENGINESHIPPINGCARRIERSERVICEID>LTL</ENGINESHIPPINGCARRIERSERVICEID><FIFTHFIELD></FIFTHFIELD><FIRSTFIELD></FIRSTFIELD><FOURTHFIELD>FAE</FOURTHFIELD><NINTHFIELD>5</NINTHFIELD><SECONDFIELD></SECONDFIELD><SEVENTHFIELD></SEVENTHFIELD><SIXTHFIELD></SIXTHFIELD><TENTHFIELD></TENTHFIELD><THIRDFIELD></THIRDFIELD><TRANSPORTATIONTRANSITTIMEENGINEID>PointToPoint</TRANSPORTATIONTRANSITTIMEENGINEID></TMSTRANSPORTATIONTRANSITTIMEENGINEDETAILENTITY><TMSTRANSPORTATIONTRANSITTIMEENGINEDETAILENTITY><EIGHTHFIELD>FAE</EIGHTHFIELD><ENGINESHIPPINGCARRIERSERVICEID>LTL</ENGINESHIPPINGCARRIERSERVICEID><FIFTHFIELD>Waterdeep</FIFTHFIELD><FIRSTFIELD>Waterdeep</FIRSTFIELD><FOURTHFIELD>FAE</FOURTHFIELD><NINTHFIELD>3</NINTHFIELD><SECONDFIELD></SECONDFIELD><SEVENTHFIELD></SEVENTHFIELD><SIXTHFIELD></SIXTHFIELD><TENTHFIELD></TENTHFIELD><THIRDFIELD></THIRDFIELD><TRANSPORTATIONTRANSITTIMEENGINEID>PointToPoint</TRANSPORTATIONTRANSITTIMEENGINEID></TMSTRANSPORTATIONTRANSITTIMEENGINEDETAILENTITY></Document>