﻿<?xml version="1.0" encoding="utf-8"?><Document><TMSTRANSPORTATIONRATEBASEDETAILENTITY><EFFECTIVEENDDATETIME>1900-01-01T00:00:00</EFFECTIVEENDDATETIME><EFFECTIVESTARTDATETIME>1900-01-01T00:00:00</EFFECTIVESTARTDATETIME><FIFTHFIELD>FAE</FIFTHFIELD><FIRSTFIELD></FIRSTFIELD><FOURTHFIELD>CC-1021-UR</FOURTHFIELD><SECONDFIELD></SECONDFIELD><SHIPPINGCARRIERBREAKDEFAULTRATE>0.300000</SHIPPINGCARRIERBREAKDEFAULTRATE><SHIPPINGCARRIERMAXIMUMCHARGERATE>0.000000</SHIPPINGCARRIERMAXIMUMCHARGERATE><SHIPPINGCARRIERMINIMUMCHARGERATE>5.000000</SHIPPINGCARRIERMINIMUMCHARGERATE><SIXTHFIELD>100</SIXTHFIELD><THIRDFIELD>WD-1001-TW</THIRDFIELD><TRANSPORTATIONRATEBASECODE>P2P</TRANSPORTATIONRATEBASECODE></TMSTRANSPORTATIONRATEBASEDETAILENTITY><TMSTRANSPORTATIONRATEBASEDETAILENTITY><EFFECTIVEENDDATETIME>1900-01-01T00:00:00</EFFECTIVEENDDATETIME><EFFECTIVESTARTDATETIME>1900-01-01T00:00:00</EFFECTIVESTARTDATETIME><FIFTHFIELD>FAE</FIFTHFIELD><FIRSTFIELD></FIRSTFIELD><FOURTHFIELD>CC-1021-UR</FOURTHFIELD><SECONDFIELD></SECONDFIELD><SHIPPINGCARRIERBREAKDEFAULTRATE>0.200000</SHIPPINGCARRIERBREAKDEFAULTRATE><SHIPPINGCARRIERMAXIMUMCHARGERATE>0.000000</SHIPPINGCARRIERMAXIMUMCHARGERATE><SHIPPINGCARRIERMINIMUMCHARGERATE>5.000000</SHIPPINGCARRIERMINIMUMCHARGERATE><SIXTHFIELD>200</SIXTHFIELD><THIRDFIELD>WD-1001-TW</THIRDFIELD><TRANSPORTATIONRATEBASECODE>P2P</TRANSPORTATIONRATEBASECODE></TMSTRANSPORTATIONRATEBASEDETAILENTITY><TMSTRANSPORTATIONRATEBASEDETAILENTITY><EFFECTIVEENDDATETIME>1900-01-01T00:00:00</EFFECTIVEENDDATETIME><EFFECTIVESTARTDATETIME>1900-01-01T00:00:00</EFFECTIVESTARTDATETIME><FIFTHFIELD>FAE</FIFTHFIELD><FIRSTFIELD></FIRSTFIELD><FOURTHFIELD>CC-1021-UR</FOURTHFIELD><SECONDFIELD></SECONDFIELD><SHIPPINGCARRIERBREAKDEFAULTRATE>0.200000</SHIPPINGCARRIERBREAKDEFAULTRATE><SHIPPINGCARRIERMAXIMUMCHARGERATE>0.000000</SHIPPINGCARRIERMAXIMUMCHARGERATE><SHIPPINGCARRIERMINIMUMCHARGERATE>5.000000</SHIPPINGCARRIERMINIMUMCHARGERATE><SIXTHFIELD>300</SIXTHFIELD><THIRDFIELD>WD-1001-TW</THIRDFIELD><TRANSPORTATIONRATEBASECODE>P2P</TRANSPORTATIONRATEBASECODE></TMSTRANSPORTATIONRATEBASEDETAILENTITY><TMSTRANSPORTATIONRATEBASEDETAILENTITY><EFFECTIVEENDDATETIME>1900-01-01T00:00:00</EFFECTIVEENDDATETIME><EFFECTIVESTARTDATETIME>1900-01-01T00:00:00</EFFECTIVESTARTDATETIME><FIFTHFIELD>FAE</FIFTHFIELD><FIRSTFIELD></FIRSTFIELD><FOURTHFIELD>CC-1021-UR</FOURTHFIELD><SECONDFIELD></SECONDFIELD><SHIPPINGCARRIERBREAKDEFAULTRATE>0.100000</SHIPPINGCARRIERBREAKDEFAULTRATE><SHIPPINGCARRIERMAXIMUMCHARGERATE>0.000000</SHIPPINGCARRIERMAXIMUMCHARGERATE><SHIPPINGCARRIERMINIMUMCHARGERATE>5.000000</SHIPPINGCARRIERMINIMUMCHARGERATE><SIXTHFIELD>3000</SIXTHFIELD><THIRDFIELD>WD-1001-TW</THIRDFIELD><TRANSPORTATIONRATEBASECODE>P2P</TRANSPORTATIONRATEBASECODE></TMSTRANSPORTATIONRATEBASEDETAILENTITY><TMSTRANSPORTATIONRATEBASEDETAILENTITY><EFFECTIVEENDDATETIME>1900-01-01T00:00:00</EFFECTIVEENDDATETIME><EFFECTIVESTARTDATETIME>1900-01-01T00:00:00</EFFECTIVESTARTDATETIME><FIFTHFIELD>FAE</FIFTHFIELD><FIRSTFIELD></FIRSTFIELD><FOURTHFIELD>CC-1021-UR</FOURTHFIELD><SECONDFIELD></SECONDFIELD><SHIPPINGCARRIERBREAKDEFAULTRATE>0.500000</SHIPPINGCARRIERBREAKDEFAULTRATE><SHIPPINGCARRIERMAXIMUMCHARGERATE>0.000000</SHIPPINGCARRIERMAXIMUMCHARGERATE><SHIPPINGCARRIERMINIMUMCHARGERATE>5.000000</SHIPPINGCARRIERMINIMUMCHARGERATE><SIXTHFIELD>50</SIXTHFIELD><THIRDFIELD>WD-1001-TW</THIRDFIELD><TRANSPORTATIONRATEBASECODE>P2P</TRANSPORTATIONRATEBASECODE></TMSTRANSPORTATIONRATEBASEDETAILENTITY><TMSTRANSPORTATIONRATEBASEDETAILENTITY><EFFECTIVEENDDATETIME>1900-01-01T00:00:00</EFFECTIVEENDDATETIME><EFFECTIVESTARTDATETIME>1900-01-01T00:00:00</EFFECTIVESTARTDATETIME><FIFTHFIELD>FAE</FIFTHFIELD><FIRSTFIELD></FIRSTFIELD><FOURTHFIELD>CC-1021-UR</FOURTHFIELD><SECONDFIELD></SECONDFIELD><SHIPPINGCARRIERBREAKDEFAULTRATE>0.100000</SHIPPINGCARRIERBREAKDEFAULTRATE><SHIPPINGCARRIERMAXIMUMCHARGERATE>0.000000</SHIPPINGCARRIERMAXIMUMCHARGERATE><SHIPPINGCARRIERMINIMUMCHARGERATE>5.000000</SHIPPINGCARRIERMINIMUMCHARGERATE><SIXTHFIELD>500</SIXTHFIELD><THIRDFIELD>WD-1001-TW</THIRDFIELD><TRANSPORTATIONRATEBASECODE>P2P</TRANSPORTATIONRATEBASECODE></TMSTRANSPORTATIONRATEBASEDETAILENTITY><TMSTRANSPORTATIONRATEBASEDETAILENTITY><EFFECTIVEENDDATETIME>1900-01-01T00:00:00</EFFECTIVEENDDATETIME><EFFECTIVESTARTDATETIME>1900-01-01T00:00:00</EFFECTIVESTARTDATETIME><FIFTHFIELD>FAE</FIFTHFIELD><FIRSTFIELD></FIRSTFIELD><FOURTHFIELD>CC-1021-UR</FOURTHFIELD><SECONDFIELD></SECONDFIELD><SHIPPINGCARRIERBREAKDEFAULTRATE>0.100000</SHIPPINGCARRIERBREAKDEFAULTRATE><SHIPPINGCARRIERMAXIMUMCHARGERATE>0.000000</SHIPPINGCARRIERMAXIMUMCHARGERATE><SHIPPINGCARRIERMINIMUMCHARGERATE>5.000000</SHIPPINGCARRIERMINIMUMCHARGERATE><SIXTHFIELD>900</SIXTHFIELD><THIRDFIELD>WD-1001-TW</THIRDFIELD><TRANSPORTATIONRATEBASECODE>P2P</TRANSPORTATIONRATEBASECODE></TMSTRANSPORTATIONRATEBASEDETAILENTITY><TMSTRANSPORTATIONRATEBASEDETAILENTITY><EFFECTIVEENDDATETIME>1900-01-01T00:00:00</EFFECTIVEENDDATETIME><EFFECTIVESTARTDATETIME>1900-01-01T00:00:00</EFFECTIVESTARTDATETIME><FIFTHFIELD>FAE</FIFTHFIELD><FIRSTFIELD></FIRSTFIELD><FOURTHFIELD>WD-2001-UR</FOURTHFIELD><SECONDFIELD></SECONDFIELD><SHIPPINGCARRIERBREAKDEFAULTRATE>0.100000</SHIPPINGCARRIERBREAKDEFAULTRATE><SHIPPINGCARRIERMAXIMUMCHARGERATE>0.000000</SHIPPINGCARRIERMAXIMUMCHARGERATE><SHIPPINGCARRIERMINIMUMCHARGERATE>5.000000</SHIPPINGCARRIERMINIMUMCHARGERATE><SIXTHFIELD>1</SIXTHFIELD><THIRDFIELD>WD-1001-TW</THIRDFIELD><TRANSPORTATIONRATEBASECODE>P2P</TRANSPORTATIONRATEBASECODE></TMSTRANSPORTATIONRATEBASEDETAILENTITY><TMSTRANSPORTATIONRATEBASEDETAILENTITY><EFFECTIVEENDDATETIME>1900-01-01T00:00:00</EFFECTIVEENDDATETIME><EFFECTIVESTARTDATETIME>1900-01-01T00:00:00</EFFECTIVESTARTDATETIME><FIFTHFIELD>FAE</FIFTHFIELD><FIRSTFIELD></FIRSTFIELD><FOURTHFIELD>WD-2001-UR</FOURTHFIELD><SECONDFIELD></SECONDFIELD><SHIPPINGCARRIERBREAKDEFAULTRATE>0.300000</SHIPPINGCARRIERBREAKDEFAULTRATE><SHIPPINGCARRIERMAXIMUMCHARGERATE>0.000000</SHIPPINGCARRIERMAXIMUMCHARGERATE><SHIPPINGCARRIERMINIMUMCHARGERATE>1.000000</SHIPPINGCARRIERMINIMUMCHARGERATE><SIXTHFIELD>100</SIXTHFIELD><THIRDFIELD>WD-1001-TW</THIRDFIELD><TRANSPORTATIONRATEBASECODE>P2P</TRANSPORTATIONRATEBASECODE></TMSTRANSPORTATIONRATEBASEDETAILENTITY><TMSTRANSPORTATIONRATEBASEDETAILENTITY><EFFECTIVEENDDATETIME>1900-01-01T00:00:00</EFFECTIVEENDDATETIME><EFFECTIVESTARTDATETIME>1900-01-01T00:00:00</EFFECTIVESTARTDATETIME><FIFTHFIELD>FAE</FIFTHFIELD><FIRSTFIELD></FIRSTFIELD><FOURTHFIELD>WD-2001-UR</FOURTHFIELD><SECONDFIELD></SECONDFIELD><SHIPPINGCARRIERBREAKDEFAULTRATE>1.000000</SHIPPINGCARRIERBREAKDEFAULTRATE><SHIPPINGCARRIERMAXIMUMCHARGERATE>0.000000</SHIPPINGCARRIERMAXIMUMCHARGERATE><SHIPPINGCARRIERMINIMUMCHARGERATE>5.000000</SHIPPINGCARRIERMINIMUMCHARGERATE><SIXTHFIELD>1000</SIXTHFIELD><THIRDFIELD>WD-1001-TW</THIRDFIELD><TRANSPORTATIONRATEBASECODE>P2P</TRANSPORTATIONRATEBASECODE></TMSTRANSPORTATIONRATEBASEDETAILENTITY><TMSTRANSPORTATIONRATEBASEDETAILENTITY><EFFECTIVEENDDATETIME>1900-01-01T00:00:00</EFFECTIVEENDDATETIME><EFFECTIVESTARTDATETIME>1900-01-01T00:00:00</EFFECTIVESTARTDATETIME><FIFTHFIELD>FAE</FIFTHFIELD><FIRSTFIELD></FIRSTFIELD><FOURTHFIELD>WD-2001-UR</FOURTHFIELD><SECONDFIELD></SECONDFIELD><SHIPPINGCARRIERBREAKDEFAULTRATE>0.200000</SHIPPINGCARRIERBREAKDEFAULTRATE><SHIPPINGCARRIERMAXIMUMCHARGERATE>0.000000</SHIPPINGCARRIERMAXIMUMCHARGERATE><SHIPPINGCARRIERMINIMUMCHARGERATE>5.000000</SHIPPINGCARRIERMINIMUMCHARGERATE><SIXTHFIELD>20</SIXTHFIELD><THIRDFIELD>WD-1001-TW</THIRDFIELD><TRANSPORTATIONRATEBASECODE>P2P</TRANSPORTATIONRATEBASECODE></TMSTRANSPORTATIONRATEBASEDETAILENTITY><TMSTRANSPORTATIONRATEBASEDETAILENTITY><EFFECTIVEENDDATETIME>1900-01-01T00:00:00</EFFECTIVEENDDATETIME><EFFECTIVESTARTDATETIME>1900-01-01T00:00:00</EFFECTIVESTARTDATETIME><FIFTHFIELD>FAE</FIFTHFIELD><FIRSTFIELD></FIRSTFIELD><FOURTHFIELD>WD-2001-UR</FOURTHFIELD><SECONDFIELD></SECONDFIELD><SHIPPINGCARRIERBREAKDEFAULTRATE>0.200000</SHIPPINGCARRIERBREAKDEFAULTRATE><SHIPPINGCARRIERMAXIMUMCHARGERATE>0.000000</SHIPPINGCARRIERMAXIMUMCHARGERATE><SHIPPINGCARRIERMINIMUMCHARGERATE>1.000000</SHIPPINGCARRIERMINIMUMCHARGERATE><SIXTHFIELD>200</SIXTHFIELD><THIRDFIELD>WD-1001-TW</THIRDFIELD><TRANSPORTATIONRATEBASECODE>P2P</TRANSPORTATIONRATEBASECODE></TMSTRANSPORTATIONRATEBASEDETAILENTITY><TMSTRANSPORTATIONRATEBASEDETAILENTITY><EFFECTIVEENDDATETIME>1900-01-01T00:00:00</EFFECTIVEENDDATETIME><EFFECTIVESTARTDATETIME>1900-01-01T00:00:00</EFFECTIVESTARTDATETIME><FIFTHFIELD>FAE</FIFTHFIELD><FIRSTFIELD></FIRSTFIELD><FOURTHFIELD>WD-2001-UR</FOURTHFIELD><SECONDFIELD></SECONDFIELD><SHIPPINGCARRIERBREAKDEFAULTRATE>0.200000</SHIPPINGCARRIERBREAKDEFAULTRATE><SHIPPINGCARRIERMAXIMUMCHARGERATE>0.000000</SHIPPINGCARRIERMAXIMUMCHARGERATE><SHIPPINGCARRIERMINIMUMCHARGERATE>1.000000</SHIPPINGCARRIERMINIMUMCHARGERATE><SIXTHFIELD>300</SIXTHFIELD><THIRDFIELD>WD-1001-TW</THIRDFIELD><TRANSPORTATIONRATEBASECODE>P2P</TRANSPORTATIONRATEBASECODE></TMSTRANSPORTATIONRATEBASEDETAILENTITY><TMSTRANSPORTATIONRATEBASEDETAILENTITY><EFFECTIVEENDDATETIME>1900-01-01T00:00:00</EFFECTIVEENDDATETIME><EFFECTIVESTARTDATETIME>1900-01-01T00:00:00</EFFECTIVESTARTDATETIME><FIFTHFIELD>FAE</FIFTHFIELD><FIRSTFIELD></FIRSTFIELD><FOURTHFIELD>WD-2001-UR</FOURTHFIELD><SECONDFIELD></SECONDFIELD><SHIPPINGCARRIERBREAKDEFAULTRATE>0.100000</SHIPPINGCARRIERBREAKDEFAULTRATE><SHIPPINGCARRIERMAXIMUMCHARGERATE>0.000000</SHIPPINGCARRIERMAXIMUMCHARGERATE><SHIPPINGCARRIERMINIMUMCHARGERATE>1.000000</SHIPPINGCARRIERMINIMUMCHARGERATE><SIXTHFIELD>3000</SIXTHFIELD><THIRDFIELD>WD-1001-TW</THIRDFIELD><TRANSPORTATIONRATEBASECODE>P2P</TRANSPORTATIONRATEBASECODE></TMSTRANSPORTATIONRATEBASEDETAILENTITY><TMSTRANSPORTATIONRATEBASEDETAILENTITY><EFFECTIVEENDDATETIME>1900-01-01T00:00:00</EFFECTIVEENDDATETIME><EFFECTIVESTARTDATETIME>1900-01-01T00:00:00</EFFECTIVESTARTDATETIME><FIFTHFIELD>FAE</FIFTHFIELD><FIRSTFIELD></FIRSTFIELD><FOURTHFIELD>WD-2001-UR</FOURTHFIELD><SECONDFIELD></SECONDFIELD><SHIPPINGCARRIERBREAKDEFAULTRATE>0.100000</SHIPPINGCARRIERBREAKDEFAULTRATE><SHIPPINGCARRIERMAXIMUMCHARGERATE>0.000000</SHIPPINGCARRIERMAXIMUMCHARGERATE><SHIPPINGCARRIERMINIMUMCHARGERATE>5.000000</SHIPPINGCARRIERMINIMUMCHARGERATE><SIXTHFIELD>5</SIXTHFIELD><THIRDFIELD>WD-1001-TW</THIRDFIELD><TRANSPORTATIONRATEBASECODE>P2P</TRANSPORTATIONRATEBASECODE></TMSTRANSPORTATIONRATEBASEDETAILENTITY><TMSTRANSPORTATIONRATEBASEDETAILENTITY><EFFECTIVEENDDATETIME>1900-01-01T00:00:00</EFFECTIVEENDDATETIME><EFFECTIVESTARTDATETIME>1900-01-01T00:00:00</EFFECTIVESTARTDATETIME><FIFTHFIELD>FAE</FIFTHFIELD><FIRSTFIELD></FIRSTFIELD><FOURTHFIELD>WD-2001-UR</FOURTHFIELD><SECONDFIELD></SECONDFIELD><SHIPPINGCARRIERBREAKDEFAULTRATE>0.500000</SHIPPINGCARRIERBREAKDEFAULTRATE><SHIPPINGCARRIERMAXIMUMCHARGERATE>0.000000</SHIPPINGCARRIERMAXIMUMCHARGERATE><SHIPPINGCARRIERMINIMUMCHARGERATE>1.000000</SHIPPINGCARRIERMINIMUMCHARGERATE><SIXTHFIELD>50</SIXTHFIELD><THIRDFIELD>WD-1001-TW</THIRDFIELD><TRANSPORTATIONRATEBASECODE>P2P</TRANSPORTATIONRATEBASECODE></TMSTRANSPORTATIONRATEBASEDETAILENTITY><TMSTRANSPORTATIONRATEBASEDETAILENTITY><EFFECTIVEENDDATETIME>1900-01-01T00:00:00</EFFECTIVEENDDATETIME><EFFECTIVESTARTDATETIME>1900-01-01T00:00:00</EFFECTIVESTARTDATETIME><FIFTHFIELD>FAE</FIFTHFIELD><FIRSTFIELD></FIRSTFIELD><FOURTHFIELD>WD-2001-UR</FOURTHFIELD><SECONDFIELD></SECONDFIELD><SHIPPINGCARRIERBREAKDEFAULTRATE>0.100000</SHIPPINGCARRIERBREAKDEFAULTRATE><SHIPPINGCARRIERMAXIMUMCHARGERATE>0.000000</SHIPPINGCARRIERMAXIMUMCHARGERATE><SHIPPINGCARRIERMINIMUMCHARGERATE>1.000000</SHIPPINGCARRIERMINIMUMCHARGERATE><SIXTHFIELD>500</SIXTHFIELD><THIRDFIELD>WD-1001-TW</THIRDFIELD><TRANSPORTATIONRATEBASECODE>P2P</TRANSPORTATIONRATEBASECODE></TMSTRANSPORTATIONRATEBASEDETAILENTITY><TMSTRANSPORTATIONRATEBASEDETAILENTITY><EFFECTIVEENDDATETIME>1900-01-01T00:00:00</EFFECTIVEENDDATETIME><EFFECTIVESTARTDATETIME>1900-01-01T00:00:00</EFFECTIVESTARTDATETIME><FIFTHFIELD>FAE</FIFTHFIELD><FIRSTFIELD></FIRSTFIELD><FOURTHFIELD>WD-2001-UR</FOURTHFIELD><SECONDFIELD></SECONDFIELD><SHIPPINGCARRIERBREAKDEFAULTRATE>0.100000</SHIPPINGCARRIERBREAKDEFAULTRATE><SHIPPINGCARRIERMAXIMUMCHARGERATE>0.000000</SHIPPINGCARRIERMAXIMUMCHARGERATE><SHIPPINGCARRIERMINIMUMCHARGERATE>1.000000</SHIPPINGCARRIERMINIMUMCHARGERATE><SIXTHFIELD>900</SIXTHFIELD><THIRDFIELD>WD-1001-TW</THIRDFIELD><TRANSPORTATIONRATEBASECODE>P2P</TRANSPORTATIONRATEBASECODE></TMSTRANSPORTATIONRATEBASEDETAILENTITY><TMSTRANSPORTATIONRATEBASEDETAILENTITY><EFFECTIVEENDDATETIME>1900-01-01T00:00:00</EFFECTIVEENDDATETIME><EFFECTIVESTARTDATETIME>1900-01-01T00:00:00</EFFECTIVESTARTDATETIME><FIFTHFIELD>FAE</FIFTHFIELD><FIRSTFIELD>Caer Callidyrr</FIRSTFIELD><FOURTHFIELD>CC-1021-UR</FOURTHFIELD><SECONDFIELD></SECONDFIELD><SHIPPINGCARRIERBREAKDEFAULTRATE>0.300000</SHIPPINGCARRIERBREAKDEFAULTRATE><SHIPPINGCARRIERMAXIMUMCHARGERATE>0.000000</SHIPPINGCARRIERMAXIMUMCHARGERATE><SHIPPINGCARRIERMINIMUMCHARGERATE>5.000000</SHIPPINGCARRIERMINIMUMCHARGERATE><SIXTHFIELD>100</SIXTHFIELD><THIRDFIELD></THIRDFIELD><TRANSPORTATIONRATEBASECODE>P2P</TRANSPORTATIONRATEBASECODE></TMSTRANSPORTATIONRATEBASEDETAILENTITY><TMSTRANSPORTATIONRATEBASEDETAILENTITY><EFFECTIVEENDDATETIME>1900-01-01T00:00:00</EFFECTIVEENDDATETIME><EFFECTIVESTARTDATETIME>1900-01-01T00:00:00</EFFECTIVESTARTDATETIME><FIFTHFIELD>FAE</FIFTHFIELD><FIRSTFIELD>Caer Callidyrr</FIRSTFIELD><FOURTHFIELD>CC-1021-UR</FOURTHFIELD><SECONDFIELD></SECONDFIELD><SHIPPINGCARRIERBREAKDEFAULTRATE>0.200000</SHIPPINGCARRIERBREAKDEFAULTRATE><SHIPPINGCARRIERMAXIMUMCHARGERATE>0.000000</SHIPPINGCARRIERMAXIMUMCHARGERATE><SHIPPINGCARRIERMINIMUMCHARGERATE>5.000000</SHIPPINGCARRIERMINIMUMCHARGERATE><SIXTHFIELD>200</SIXTHFIELD><THIRDFIELD></THIRDFIELD><TRANSPORTATIONRATEBASECODE>P2P</TRANSPORTATIONRATEBASECODE></TMSTRANSPORTATIONRATEBASEDETAILENTITY><TMSTRANSPORTATIONRATEBASEDETAILENTITY><EFFECTIVEENDDATETIME>1900-01-01T00:00:00</EFFECTIVEENDDATETIME><EFFECTIVESTARTDATETIME>1900-01-01T00:00:00</EFFECTIVESTARTDATETIME><FIFTHFIELD>FAE</FIFTHFIELD><FIRSTFIELD>Caer Callidyrr</FIRSTFIELD><FOURTHFIELD>CC-1021-UR</FOURTHFIELD><SECONDFIELD></SECONDFIELD><SHIPPINGCARRIERBREAKDEFAULTRATE>0.200000</SHIPPINGCARRIERBREAKDEFAULTRATE><SHIPPINGCARRIERMAXIMUMCHARGERATE>0.000000</SHIPPINGCARRIERMAXIMUMCHARGERATE><SHIPPINGCARRIERMINIMUMCHARGERATE>5.000000</SHIPPINGCARRIERMINIMUMCHARGERATE><SIXTHFIELD>300</SIXTHFIELD><THIRDFIELD></THIRDFIELD><TRANSPORTATIONRATEBASECODE>P2P</TRANSPORTATIONRATEBASECODE></TMSTRANSPORTATIONRATEBASEDETAILENTITY><TMSTRANSPORTATIONRATEBASEDETAILENTITY><EFFECTIVEENDDATETIME>1900-01-01T00:00:00</EFFECTIVEENDDATETIME><EFFECTIVESTARTDATETIME>1900-01-01T00:00:00</EFFECTIVESTARTDATETIME><FIFTHFIELD>FAE</FIFTHFIELD><FIRSTFIELD>Caer Callidyrr</FIRSTFIELD><FOURTHFIELD>CC-1021-UR</FOURTHFIELD><SECONDFIELD></SECONDFIELD><SHIPPINGCARRIERBREAKDEFAULTRATE>0.100000</SHIPPINGCARRIERBREAKDEFAULTRATE><SHIPPINGCARRIERMAXIMUMCHARGERATE>0.000000</SHIPPINGCARRIERMAXIMUMCHARGERATE><SHIPPINGCARRIERMINIMUMCHARGERATE>5.000000</SHIPPINGCARRIERMINIMUMCHARGERATE><SIXTHFIELD>3000</SIXTHFIELD><THIRDFIELD></THIRDFIELD><TRANSPORTATIONRATEBASECODE>P2P</TRANSPORTATIONRATEBASECODE></TMSTRANSPORTATIONRATEBASEDETAILENTITY><TMSTRANSPORTATIONRATEBASEDETAILENTITY><EFFECTIVEENDDATETIME>1900-01-01T00:00:00</EFFECTIVEENDDATETIME><EFFECTIVESTARTDATETIME>1900-01-01T00:00:00</EFFECTIVESTARTDATETIME><FIFTHFIELD>FAE</FIFTHFIELD><FIRSTFIELD>Caer Callidyrr</FIRSTFIELD><FOURTHFIELD>CC-1021-UR</FOURTHFIELD><SECONDFIELD></SECONDFIELD><SHIPPINGCARRIERBREAKDEFAULTRATE>0.500000</SHIPPINGCARRIERBREAKDEFAULTRATE><SHIPPINGCARRIERMAXIMUMCHARGERATE>0.000000</SHIPPINGCARRIERMAXIMUMCHARGERATE><SHIPPINGCARRIERMINIMUMCHARGERATE>5.000000</SHIPPINGCARRIERMINIMUMCHARGERATE><SIXTHFIELD>50</SIXTHFIELD><THIRDFIELD></THIRDFIELD><TRANSPORTATIONRATEBASECODE>P2P</TRANSPORTATIONRATEBASECODE></TMSTRANSPORTATIONRATEBASEDETAILENTITY><TMSTRANSPORTATIONRATEBASEDETAILENTITY><EFFECTIVEENDDATETIME>1900-01-01T00:00:00</EFFECTIVEENDDATETIME><EFFECTIVESTARTDATETIME>1900-01-01T00:00:00</EFFECTIVESTARTDATETIME><FIFTHFIELD>FAE</FIFTHFIELD><FIRSTFIELD>Caer Callidyrr</FIRSTFIELD><FOURTHFIELD>CC-1021-UR</FOURTHFIELD><SECONDFIELD></SECONDFIELD><SHIPPINGCARRIERBREAKDEFAULTRATE>0.100000</SHIPPINGCARRIERBREAKDEFAULTRATE><SHIPPINGCARRIERMAXIMUMCHARGERATE>0.000000</SHIPPINGCARRIERMAXIMUMCHARGERATE><SHIPPINGCARRIERMINIMUMCHARGERATE>5.000000</SHIPPINGCARRIERMINIMUMCHARGERATE><SIXTHFIELD>500</SIXTHFIELD><THIRDFIELD></THIRDFIELD><TRANSPORTATIONRATEBASECODE>P2P</TRANSPORTATIONRATEBASECODE></TMSTRANSPORTATIONRATEBASEDETAILENTITY><TMSTRANSPORTATIONRATEBASEDETAILENTITY><EFFECTIVEENDDATETIME>1900-01-01T00:00:00</EFFECTIVEENDDATETIME><EFFECTIVESTARTDATETIME>1900-01-01T00:00:00</EFFECTIVESTARTDATETIME><FIFTHFIELD>FAE</FIFTHFIELD><FIRSTFIELD>Caer Callidyrr</FIRSTFIELD><FOURTHFIELD>CC-1021-UR</FOURTHFIELD><SECONDFIELD></SECONDFIELD><SHIPPINGCARRIERBREAKDEFAULTRATE>0.100000</SHIPPINGCARRIERBREAKDEFAULTRATE><SHIPPINGCARRIERMAXIMUMCHARGERATE>0.000000</SHIPPINGCARRIERMAXIMUMCHARGERATE><SHIPPINGCARRIERMINIMUMCHARGERATE>5.000000</SHIPPINGCARRIERMINIMUMCHARGERATE><SIXTHFIELD>900</SIXTHFIELD><THIRDFIELD></THIRDFIELD><TRANSPORTATIONRATEBASECODE>P2P</TRANSPORTATIONRATEBASECODE></TMSTRANSPORTATIONRATEBASEDETAILENTITY><TMSTRANSPORTATIONRATEBASEDETAILENTITY><EFFECTIVEENDDATETIME>1900-01-01T00:00:00</EFFECTIVEENDDATETIME><EFFECTIVESTARTDATETIME>1900-01-01T00:00:00</EFFECTIVESTARTDATETIME><FIFTHFIELD>FAE</FIFTHFIELD><FIRSTFIELD>Neverwinter</FIRSTFIELD><FOURTHFIELD>NW-2002-BD</FOURTHFIELD><SECONDFIELD></SECONDFIELD><SHIPPINGCARRIERBREAKDEFAULTRATE>0.300000</SHIPPINGCARRIERBREAKDEFAULTRATE><SHIPPINGCARRIERMAXIMUMCHARGERATE>0.000000</SHIPPINGCARRIERMAXIMUMCHARGERATE><SHIPPINGCARRIERMINIMUMCHARGERATE>10.000000</SHIPPINGCARRIERMINIMUMCHARGERATE><SIXTHFIELD>100</SIXTHFIELD><THIRDFIELD></THIRDFIELD><TRANSPORTATIONRATEBASECODE>P2P</TRANSPORTATIONRATEBASECODE></TMSTRANSPORTATIONRATEBASEDETAILENTITY><TMSTRANSPORTATIONRATEBASEDETAILENTITY><EFFECTIVEENDDATETIME>1900-01-01T00:00:00</EFFECTIVEENDDATETIME><EFFECTIVESTARTDATETIME>1900-01-01T00:00:00</EFFECTIVESTARTDATETIME><FIFTHFIELD>FAE</FIFTHFIELD><FIRSTFIELD>Neverwinter</FIRSTFIELD><FOURTHFIELD>NW-2002-BD</FOURTHFIELD><SECONDFIELD></SECONDFIELD><SHIPPINGCARRIERBREAKDEFAULTRATE>0.200000</SHIPPINGCARRIERBREAKDEFAULTRATE><SHIPPINGCARRIERMAXIMUMCHARGERATE>0.000000</SHIPPINGCARRIERMAXIMUMCHARGERATE><SHIPPINGCARRIERMINIMUMCHARGERATE>10.000000</SHIPPINGCARRIERMINIMUMCHARGERATE><SIXTHFIELD>200</SIXTHFIELD><THIRDFIELD></THIRDFIELD><TRANSPORTATIONRATEBASECODE>P2P</TRANSPORTATIONRATEBASECODE></TMSTRANSPORTATIONRATEBASEDETAILENTITY><TMSTRANSPORTATIONRATEBASEDETAILENTITY><EFFECTIVEENDDATETIME>1900-01-01T00:00:00</EFFECTIVEENDDATETIME><EFFECTIVESTARTDATETIME>1900-01-01T00:00:00</EFFECTIVESTARTDATETIME><FIFTHFIELD>FAE</FIFTHFIELD><FIRSTFIELD>Neverwinter</FIRSTFIELD><FOURTHFIELD>NW-2002-BD</FOURTHFIELD><SECONDFIELD></SECONDFIELD><SHIPPINGCARRIERBREAKDEFAULTRATE>0.200000</SHIPPINGCARRIERBREAKDEFAULTRATE><SHIPPINGCARRIERMAXIMUMCHARGERATE>0.000000</SHIPPINGCARRIERMAXIMUMCHARGERATE><SHIPPINGCARRIERMINIMUMCHARGERATE>10.000000</SHIPPINGCARRIERMINIMUMCHARGERATE><SIXTHFIELD>300</SIXTHFIELD><THIRDFIELD></THIRDFIELD><TRANSPORTATIONRATEBASECODE>P2P</TRANSPORTATIONRATEBASECODE></TMSTRANSPORTATIONRATEBASEDETAILENTITY><TMSTRANSPORTATIONRATEBASEDETAILENTITY><EFFECTIVEENDDATETIME>1900-01-01T00:00:00</EFFECTIVEENDDATETIME><EFFECTIVESTARTDATETIME>1900-01-01T00:00:00</EFFECTIVESTARTDATETIME><FIFTHFIELD>FAE</FIFTHFIELD><FIRSTFIELD>Neverwinter</FIRSTFIELD><FOURTHFIELD>NW-2002-BD</FOURTHFIELD><SECONDFIELD></SECONDFIELD><SHIPPINGCARRIERBREAKDEFAULTRATE>0.100000</SHIPPINGCARRIERBREAKDEFAULTRATE><SHIPPINGCARRIERMAXIMUMCHARGERATE>0.000000</SHIPPINGCARRIERMAXIMUMCHARGERATE><SHIPPINGCARRIERMINIMUMCHARGERATE>10.000000</SHIPPINGCARRIERMINIMUMCHARGERATE><SIXTHFIELD>3000</SIXTHFIELD><THIRDFIELD></THIRDFIELD><TRANSPORTATIONRATEBASECODE>P2P</TRANSPORTATIONRATEBASECODE></TMSTRANSPORTATIONRATEBASEDETAILENTITY><TMSTRANSPORTATIONRATEBASEDETAILENTITY><EFFECTIVEENDDATETIME>1900-01-01T00:00:00</EFFECTIVEENDDATETIME><EFFECTIVESTARTDATETIME>1900-01-01T00:00:00</EFFECTIVESTARTDATETIME><FIFTHFIELD>FAE</FIFTHFIELD><FIRSTFIELD>Neverwinter</FIRSTFIELD><FOURTHFIELD>NW-2002-BD</FOURTHFIELD><SECONDFIELD></SECONDFIELD><SHIPPINGCARRIERBREAKDEFAULTRATE>0.500000</SHIPPINGCARRIERBREAKDEFAULTRATE><SHIPPINGCARRIERMAXIMUMCHARGERATE>0.000000</SHIPPINGCARRIERMAXIMUMCHARGERATE><SHIPPINGCARRIERMINIMUMCHARGERATE>10.000000</SHIPPINGCARRIERMINIMUMCHARGERATE><SIXTHFIELD>50</SIXTHFIELD><THIRDFIELD></THIRDFIELD><TRANSPORTATIONRATEBASECODE>P2P</TRANSPORTATIONRATEBASECODE></TMSTRANSPORTATIONRATEBASEDETAILENTITY><TMSTRANSPORTATIONRATEBASEDETAILENTITY><EFFECTIVEENDDATETIME>1900-01-01T00:00:00</EFFECTIVEENDDATETIME><EFFECTIVESTARTDATETIME>1900-01-01T00:00:00</EFFECTIVESTARTDATETIME><FIFTHFIELD>FAE</FIFTHFIELD><FIRSTFIELD>Neverwinter</FIRSTFIELD><FOURTHFIELD>NW-2002-BD</FOURTHFIELD><SECONDFIELD></SECONDFIELD><SHIPPINGCARRIERBREAKDEFAULTRATE>0.100000</SHIPPINGCARRIERBREAKDEFAULTRATE><SHIPPINGCARRIERMAXIMUMCHARGERATE>0.000000</SHIPPINGCARRIERMAXIMUMCHARGERATE><SHIPPINGCARRIERMINIMUMCHARGERATE>10.000000</SHIPPINGCARRIERMINIMUMCHARGERATE><SIXTHFIELD>500</SIXTHFIELD><THIRDFIELD></THIRDFIELD><TRANSPORTATIONRATEBASECODE>P2P</TRANSPORTATIONRATEBASECODE></TMSTRANSPORTATIONRATEBASEDETAILENTITY><TMSTRANSPORTATIONRATEBASEDETAILENTITY><EFFECTIVEENDDATETIME>1900-01-01T00:00:00</EFFECTIVEENDDATETIME><EFFECTIVESTARTDATETIME>1900-01-01T00:00:00</EFFECTIVESTARTDATETIME><FIFTHFIELD>FAE</FIFTHFIELD><FIRSTFIELD>Neverwinter</FIRSTFIELD><FOURTHFIELD>NW-2002-BD</FOURTHFIELD><SECONDFIELD></SECONDFIELD><SHIPPINGCARRIERBREAKDEFAULTRATE>0.100000</SHIPPINGCARRIERBREAKDEFAULTRATE><SHIPPINGCARRIERMAXIMUMCHARGERATE>0.000000</SHIPPINGCARRIERMAXIMUMCHARGERATE><SHIPPINGCARRIERMINIMUMCHARGERATE>10.000000</SHIPPINGCARRIERMINIMUMCHARGERATE><SIXTHFIELD>900</SIXTHFIELD><THIRDFIELD></THIRDFIELD><TRANSPORTATIONRATEBASECODE>P2P</TRANSPORTATIONRATEBASECODE></TMSTRANSPORTATIONRATEBASEDETAILENTITY><TMSTRANSPORTATIONRATEBASEDETAILENTITY><EFFECTIVEENDDATETIME>1900-01-01T00:00:00</EFFECTIVEENDDATETIME><EFFECTIVESTARTDATETIME>1900-01-01T00:00:00</EFFECTIVESTARTDATETIME><FIFTHFIELD></FIFTHFIELD><FIRSTFIELD>20</FIRSTFIELD><FOURTHFIELD></FOURTHFIELD><SECONDFIELD>100</SECONDFIELD><SHIPPINGCARRIERBREAKDEFAULTRATE>7.000000</SHIPPINGCARRIERBREAKDEFAULTRATE><SHIPPINGCARRIERMAXIMUMCHARGERATE>0.000000</SHIPPINGCARRIERMAXIMUMCHARGERATE><SHIPPINGCARRIERMINIMUMCHARGERATE>0.000000</SHIPPINGCARRIERMINIMUMCHARGERATE><SIXTHFIELD></SIXTHFIELD><THIRDFIELD></THIRDFIELD><TRANSPORTATIONRATEBASECODE>ParcelRateBase</TRANSPORTATIONRATEBASECODE></TMSTRANSPORTATIONRATEBASEDETAILENTITY><TMSTRANSPORTATIONRATEBASEDETAILENTITY><EFFECTIVEENDDATETIME>1900-01-01T00:00:00</EFFECTIVEENDDATETIME><EFFECTIVESTARTDATETIME>1900-01-01T00:00:00</EFFECTIVESTARTDATETIME><FIFTHFIELD></FIFTHFIELD><FIRSTFIELD>20</FIRSTFIELD><FOURTHFIELD></FOURTHFIELD><SECONDFIELD>200</SECONDFIELD><SHIPPINGCARRIERBREAKDEFAULTRATE>6.000000</SHIPPINGCARRIERBREAKDEFAULTRATE><SHIPPINGCARRIERMAXIMUMCHARGERATE>0.000000</SHIPPINGCARRIERMAXIMUMCHARGERATE><SHIPPINGCARRIERMINIMUMCHARGERATE>0.000000</SHIPPINGCARRIERMINIMUMCHARGERATE><SIXTHFIELD></SIXTHFIELD><THIRDFIELD></THIRDFIELD><TRANSPORTATIONRATEBASECODE>ParcelRateBase</TRANSPORTATIONRATEBASECODE></TMSTRANSPORTATIONRATEBASEDETAILENTITY><TMSTRANSPORTATIONRATEBASEDETAILENTITY><EFFECTIVEENDDATETIME>1900-01-01T00:00:00</EFFECTIVEENDDATETIME><EFFECTIVESTARTDATETIME>1900-01-01T00:00:00</EFFECTIVESTARTDATETIME><FIFTHFIELD></FIFTHFIELD><FIRSTFIELD>20</FIRSTFIELD><FOURTHFIELD></FOURTHFIELD><SECONDFIELD>300</SECONDFIELD><SHIPPINGCARRIERBREAKDEFAULTRATE>5.000000</SHIPPINGCARRIERBREAKDEFAULTRATE><SHIPPINGCARRIERMAXIMUMCHARGERATE>0.000000</SHIPPINGCARRIERMAXIMUMCHARGERATE><SHIPPINGCARRIERMINIMUMCHARGERATE>0.000000</SHIPPINGCARRIERMINIMUMCHARGERATE><SIXTHFIELD></SIXTHFIELD><THIRDFIELD></THIRDFIELD><TRANSPORTATIONRATEBASECODE>ParcelRateBase</TRANSPORTATIONRATEBASECODE></TMSTRANSPORTATIONRATEBASEDETAILENTITY><TMSTRANSPORTATIONRATEBASEDETAILENTITY><EFFECTIVEENDDATETIME>1900-01-01T00:00:00</EFFECTIVEENDDATETIME><EFFECTIVESTARTDATETIME>1900-01-01T00:00:00</EFFECTIVESTARTDATETIME><FIFTHFIELD></FIFTHFIELD><FIRSTFIELD>20</FIRSTFIELD><FOURTHFIELD></FOURTHFIELD><SECONDFIELD>3000</SECONDFIELD><SHIPPINGCARRIERBREAKDEFAULTRATE>2.000000</SHIPPINGCARRIERBREAKDEFAULTRATE><SHIPPINGCARRIERMAXIMUMCHARGERATE>0.000000</SHIPPINGCARRIERMAXIMUMCHARGERATE><SHIPPINGCARRIERMINIMUMCHARGERATE>0.000000</SHIPPINGCARRIERMINIMUMCHARGERATE><SIXTHFIELD></SIXTHFIELD><THIRDFIELD></THIRDFIELD><TRANSPORTATIONRATEBASECODE>ParcelRateBase</TRANSPORTATIONRATEBASECODE></TMSTRANSPORTATIONRATEBASEDETAILENTITY><TMSTRANSPORTATIONRATEBASEDETAILENTITY><EFFECTIVEENDDATETIME>1900-01-01T00:00:00</EFFECTIVEENDDATETIME><EFFECTIVESTARTDATETIME>1900-01-01T00:00:00</EFFECTIVESTARTDATETIME><FIFTHFIELD></FIFTHFIELD><FIRSTFIELD>20</FIRSTFIELD><FOURTHFIELD></FOURTHFIELD><SECONDFIELD>50</SECONDFIELD><SHIPPINGCARRIERBREAKDEFAULTRATE>8.000000</SHIPPINGCARRIERBREAKDEFAULTRATE><SHIPPINGCARRIERMAXIMUMCHARGERATE>0.000000</SHIPPINGCARRIERMAXIMUMCHARGERATE><SHIPPINGCARRIERMINIMUMCHARGERATE>0.000000</SHIPPINGCARRIERMINIMUMCHARGERATE><SIXTHFIELD></SIXTHFIELD><THIRDFIELD></THIRDFIELD><TRANSPORTATIONRATEBASECODE>ParcelRateBase</TRANSPORTATIONRATEBASECODE></TMSTRANSPORTATIONRATEBASEDETAILENTITY><TMSTRANSPORTATIONRATEBASEDETAILENTITY><EFFECTIVEENDDATETIME>1900-01-01T00:00:00</EFFECTIVEENDDATETIME><EFFECTIVESTARTDATETIME>1900-01-01T00:00:00</EFFECTIVESTARTDATETIME><FIFTHFIELD></FIFTHFIELD><FIRSTFIELD>20</FIRSTFIELD><FOURTHFIELD></FOURTHFIELD><SECONDFIELD>500</SECONDFIELD><SHIPPINGCARRIERBREAKDEFAULTRATE>4.000000</SHIPPINGCARRIERBREAKDEFAULTRATE><SHIPPINGCARRIERMAXIMUMCHARGERATE>0.000000</SHIPPINGCARRIERMAXIMUMCHARGERATE><SHIPPINGCARRIERMINIMUMCHARGERATE>0.000000</SHIPPINGCARRIERMINIMUMCHARGERATE><SIXTHFIELD></SIXTHFIELD><THIRDFIELD></THIRDFIELD><TRANSPORTATIONRATEBASECODE>ParcelRateBase</TRANSPORTATIONRATEBASECODE></TMSTRANSPORTATIONRATEBASEDETAILENTITY><TMSTRANSPORTATIONRATEBASEDETAILENTITY><EFFECTIVEENDDATETIME>1900-01-01T00:00:00</EFFECTIVEENDDATETIME><EFFECTIVESTARTDATETIME>1900-01-01T00:00:00</EFFECTIVESTARTDATETIME><FIFTHFIELD></FIFTHFIELD><FIRSTFIELD>20</FIRSTFIELD><FOURTHFIELD></FOURTHFIELD><SECONDFIELD>900</SECONDFIELD><SHIPPINGCARRIERBREAKDEFAULTRATE>3.000000</SHIPPINGCARRIERBREAKDEFAULTRATE><SHIPPINGCARRIERMAXIMUMCHARGERATE>0.000000</SHIPPINGCARRIERMAXIMUMCHARGERATE><SHIPPINGCARRIERMINIMUMCHARGERATE>0.000000</SHIPPINGCARRIERMINIMUMCHARGERATE><SIXTHFIELD></SIXTHFIELD><THIRDFIELD></THIRDFIELD><TRANSPORTATIONRATEBASECODE>ParcelRateBase</TRANSPORTATIONRATEBASECODE></TMSTRANSPORTATIONRATEBASEDETAILENTITY></Document>