﻿<?xml version="1.0" encoding="utf-8"?><Document><TMSTRANSPORTATIONAPPOINTMENTRULEENTITY><APPOINTMENTCHECKINCHECKOUTWAREHOUSELOCATIONPROFILEID>RECEIVING</APPOINTMENTCHECKINCHECKOUTWAREHOUSELOCATIONPROFILEID><APPOINTMENTRULEID>RECEIVING DOCKS</APPOINTMENTRULEID><APPOINTMENTSITEID>WD</APPOINTMENTSITEID><APPOINTMENTWAREHOUSEID>WD-WH</APPOINTMENTWAREHOUSEID><DEFAULTAPPOINTMENTDURATIONMINUTES>60</DEFAULTAPPOINTMENTDURATIONMINUTES><ISDRIVERCHECKINREQUIRED>No</ISDRIVERCHECKINREQUIRED><ITEMMOVEMENTDIRECTIONRULE>Inbound</ITEMMOVEMENTDIRECTIONRULE><MAXIMUMAPPOINTMENTSALLOWED>2</MAXIMUMAPPOINTMENTSALLOWED></TMSTRANSPORTATIONAPPOINTMENTRULEENTITY><TMSTRANSPORTATIONAPPOINTMENTRULEENTITY><APPOINTMENTCHECKINCHECKOUTWAREHOUSELOCATIONPROFILEID>SHIPPING</APPOINTMENTCHECKINCHECKOUTWAREHOUSELOCATIONPROFILEID><APPOINTMENTRULEID>SHIPPING DOCKS</APPOINTMENTRULEID><APPOINTMENTSITEID>WD</APPOINTMENTSITEID><APPOINTMENTWAREHOUSEID>WD-WH</APPOINTMENTWAREHOUSEID><DEFAULTAPPOINTMENTDURATIONMINUTES>30</DEFAULTAPPOINTMENTDURATIONMINUTES><ISDRIVERCHECKINREQUIRED>No</ISDRIVERCHECKINREQUIRED><ITEMMOVEMENTDIRECTIONRULE>Outbound</ITEMMOVEMENTDIRECTIONRULE><MAXIMUMAPPOINTMENTSALLOWED>2</MAXIMUMAPPOINTMENTSALLOWED></TMSTRANSPORTATIONAPPOINTMENTRULEENTITY></Document>