﻿<?xml version="1.0" encoding="utf-8"?><Document><TMSTRANSPORTATIONRATEENGINEENTITY><ENGINEDESCRIPTION>LTL Rate Engine</ENGINEDESCRIPTION><ENGINEID>LTL</ENGINEID><RATEENGINEASSEMBLYNAME>Microsoft.Dynamics.Ax.Tms.dll</RATEENGINEASSEMBLYNAME><RATEENGINECLASSNAME>Microsoft.Dynamics.Ax.Tms.Bll.LtlRateEngine</RATEENGINECLASSNAME><TRANSPORTATIONRATINGMETADATAID>LTL</TRANSPORTATIONRATINGMETADATAID></TMSTRANSPORTATIONRATEENGINEENTITY><TMSTRANSPORTATIONRATEENGINEENTITY><ENGINEDESCRIPTION>LTLFAK Rate Engine</ENGINEDESCRIPTION><ENGINEID>LTLFak</ENGINEID><RATEENGINEASSEMBLYNAME>Microsoft.Dynamics.Ax.Tms.dll</RATEENGINEASSEMBLYNAME><RATEENGINECLASSNAME>Microsoft.Dynamics.Ax.Tms.Bll.LtlFakRateEngine</RATEENGINECLASSNAME><TRANSPORTATIONRATINGMETADATAID>LTLFak</TRANSPORTATIONRATINGMETADATAID></TMSTRANSPORTATIONRATEENGINEENTITY><TMSTRANSPORTATIONRATEENGINEENTITY><ENGINEDESCRIPTION>Milage</ENGINEDESCRIPTION><ENGINEID>Milage</ENGINEID><RATEENGINEASSEMBLYNAME>Microsoft.Dynamics.Ax.Tms.dll</RATEENGINEASSEMBLYNAME><RATEENGINECLASSNAME>Microsoft.Dynamics.Ax.Tms.Bll.MileageRateEngine</RATEENGINECLASSNAME><TRANSPORTATIONRATINGMETADATAID>Milage</TRANSPORTATIONRATINGMETADATAID></TMSTRANSPORTATIONRATEENGINEENTITY><TMSTRANSPORTATIONRATEENGINEENTITY><ENGINEDESCRIPTION>Mileage</ENGINEDESCRIPTION><ENGINEID>Mileage</ENGINEID><RATEENGINEASSEMBLYNAME>Microsoft.Dynamics.Ax.Tms.dll</RATEENGINEASSEMBLYNAME><RATEENGINECLASSNAME>Microsoft.Dynamics.Ax.Tms.Bll.MileageRateEngine</RATEENGINECLASSNAME><TRANSPORTATIONRATINGMETADATAID>Mileage</TRANSPORTATIONRATINGMETADATAID></TMSTRANSPORTATIONRATEENGINEENTITY><TMSTRANSPORTATIONRATEENGINEENTITY><ENGINEDESCRIPTION>P2P Air Mileage Rate Engine</ENGINEDESCRIPTION><ENGINEID>P2PAirMileage</ENGINEID><RATEENGINEASSEMBLYNAME>Microsoft.Dynamics.Ax.Tms.dll</RATEENGINEASSEMBLYNAME><RATEENGINECLASSNAME>Microsoft.Dynamics.Ax.Tms.Bll.P2PMileageRateEngine</RATEENGINECLASSNAME><TRANSPORTATIONRATINGMETADATAID>P2P</TRANSPORTATIONRATINGMETADATAID></TMSTRANSPORTATIONRATEENGINEENTITY><TMSTRANSPORTATIONRATEENGINEENTITY><ENGINEDESCRIPTION>P2PContract</ENGINEDESCRIPTION><ENGINEID>P2PContract</ENGINEID><RATEENGINEASSEMBLYNAME>Microsoft.Dynamics.Ax.Tms.dll</RATEENGINEASSEMBLYNAME><RATEENGINECLASSNAME>Microsoft.Dynamics.Ax.Tms.Bll.P2PContractRateEngine</RATEENGINECLASSNAME><TRANSPORTATIONRATINGMETADATAID>P2P</TRANSPORTATIONRATINGMETADATAID></TMSTRANSPORTATIONRATEENGINEENTITY><TMSTRANSPORTATIONRATEENGINEENTITY><ENGINEDESCRIPTION>P2P Mileage Rate Engine</ENGINEDESCRIPTION><ENGINEID>P2PMileage</ENGINEID><RATEENGINEASSEMBLYNAME>Microsoft.Dynamics.Ax.Tms.dll</RATEENGINEASSEMBLYNAME><RATEENGINECLASSNAME>Microsoft.Dynamics.Ax.Tms.Bll.P2PMileageRateEngine</RATEENGINECLASSNAME><TRANSPORTATIONRATINGMETADATAID>P2P</TRANSPORTATIONRATINGMETADATAID></TMSTRANSPORTATIONRATEENGINEENTITY><TMSTRANSPORTATIONRATEENGINEENTITY><ENGINEDESCRIPTION>P2P Ocean Mileage Rate Engine</ENGINEDESCRIPTION><ENGINEID>P2POceanMileage</ENGINEID><RATEENGINEASSEMBLYNAME>Microsoft.Dynamics.Ax.Tms.dll</RATEENGINEASSEMBLYNAME><RATEENGINECLASSNAME>Microsoft.Dynamics.Ax.Tms.Bll.P2PMileageRateEngine</RATEENGINECLASSNAME><TRANSPORTATIONRATINGMETADATAID>P2P</TRANSPORTATIONRATINGMETADATAID></TMSTRANSPORTATIONRATEENGINEENTITY><TMSTRANSPORTATIONRATEENGINEENTITY><ENGINEDESCRIPTION>P2P Volume Weight Engine</ENGINEDESCRIPTION><ENGINEID>P2PVolumeWeight</ENGINEID><RATEENGINEASSEMBLYNAME>Microsoft.Dynamics.Ax.Tms.dll</RATEENGINEASSEMBLYNAME><RATEENGINECLASSNAME>Microsoft.Dynamics.Ax.Tms.Bll.P2PByVolumeWeightRateEngine</RATEENGINECLASSNAME><TRANSPORTATIONRATINGMETADATAID>P2P</TRANSPORTATIONRATINGMETADATAID></TMSTRANSPORTATIONRATEENGINEENTITY><TMSTRANSPORTATIONRATEENGINEENTITY><ENGINEDESCRIPTION>P2PWeight</ENGINEDESCRIPTION><ENGINEID>P2PWeight</ENGINEID><RATEENGINEASSEMBLYNAME>Microsoft.Dynamics.Ax.Tms.dll</RATEENGINEASSEMBLYNAME><RATEENGINECLASSNAME>Microsoft.Dynamics.Ax.Tms.Bll.P2PByWeightRateEngine</RATEENGINECLASSNAME><TRANSPORTATIONRATINGMETADATAID>P2P</TRANSPORTATIONRATINGMETADATAID></TMSTRANSPORTATIONRATEENGINEENTITY><TMSTRANSPORTATIONRATEENGINEENTITY><ENGINEDESCRIPTION>PieceRating</ENGINEDESCRIPTION><ENGINEID>Piece</ENGINEID><RATEENGINEASSEMBLYNAME>Microsoft.Dynamics.Ax.Tms.dll</RATEENGINEASSEMBLYNAME><RATEENGINECLASSNAME>Microsoft.Dynamics.Ax.Tms.Bll.PieceRateEngine</RATEENGINECLASSNAME><TRANSPORTATIONRATINGMETADATAID>Piece</TRANSPORTATIONRATINGMETADATAID></TMSTRANSPORTATIONRATEENGINEENTITY><TMSTRANSPORTATIONRATEENGINEENTITY><ENGINEDESCRIPTION>Postal Zone Weight Engine</ENGINEDESCRIPTION><ENGINEID>PostalZoneWeight</ENGINEID><RATEENGINEASSEMBLYNAME>Microsoft.Dynamics.Ax.Tms.dll</RATEENGINEASSEMBLYNAME><RATEENGINECLASSNAME>Microsoft.Dynamics.Ax.Tms.Bll.PostalZoneWeightRateEngine</RATEENGINECLASSNAME><TRANSPORTATIONRATINGMETADATAID>PostalZoneWeight</TRANSPORTATIONRATINGMETADATAID></TMSTRANSPORTATIONRATEENGINEENTITY><TMSTRANSPORTATIONRATEENGINEENTITY><ENGINEDESCRIPTION>RailEngine</ENGINEDESCRIPTION><ENGINEID>VolumeSTCC</ENGINEID><RATEENGINEASSEMBLYNAME>Microsoft.Dynamics.Ax.Tms.dll</RATEENGINEASSEMBLYNAME><RATEENGINECLASSNAME>Microsoft.Dynamics.Ax.Tms.Bll.RailRateEngine</RATEENGINECLASSNAME><TRANSPORTATIONRATINGMETADATAID>VolumeSTCC</TRANSPORTATIONRATINGMETADATAID></TMSTRANSPORTATIONRATEENGINEENTITY></Document>