﻿<?xml version="1.0" encoding="utf-8"?><Document><TMSTRANSPORTATIONRATEMASTERENTITY><MASTERCODE>P2PMileageMaster</MASTERCODE><MASTERDESCRIPTION>P2P Mileage Master</MASTERDESCRIPTION><TRANSPORTATIONRATINGMETADATAID>P2P</TRANSPORTATIONRATINGMETADATAID></TMSTRANSPORTATIONRATEMASTERENTITY><TMSTRANSPORTATIONRATEMASTERENTITY><MASTERCODE>P2POceanRateMaster</MASTERCODE><MASTERDESCRIPTION>P2P Ocean Rate Master</MASTERDESCRIPTION><TRANSPORTATIONRATINGMETADATAID>Mileage</TRANSPORTATIONRATINGMETADATAID></TMSTRANSPORTATIONRATEMASTERENTITY><TMSTRANSPORTATIONRATEMASTERENTITY><MASTERCODE>P2PParcelRateMaster</MASTERCODE><MASTERDESCRIPTION>P2P Parcel Rate Master</MASTERDESCRIPTION><TRANSPORTATIONRATINGMETADATAID>Milage</TRANSPORTATIONRATINGMETADATAID></TMSTRANSPORTATIONRATEMASTERENTITY></Document>