﻿<?xml version="1.0" encoding="utf-8"?><Document><TMSTRANSPORTATIONTRANSFERLOADBUILDINGTEMPLATEENTITY><TEMPLATENAME /><DESTINATIONCOUNTRYREGIONID /><DESTINATIONFROMZIPCODE /><DESTINATIONOPERATIONALSITEID /><DESTINATIONTOZIPCODE /><DESTINATIONWAREHOUSEID /><FIRSTPRODUCTFILTERCODE /><FOURTHPRODUCTFILTERCODE /><ORIGINCOUNTRYREGIONID /><ORIGINFROMZIPCODE /><ORIGINOPERATIONALSITEID /><ORIGINTOZIPCODE /><ORIGINWAREHOUSEID /><SECONDPRODUCTFILTERCODE /><TEMPLATEDESCRIPTION /><THIRDPRODUCTFILTERCODE /><TRANSFERORDERFILTERQUERY /><TRANSPORTATIONLOADBUILDINGSTRATEGYNAME /></TMSTRANSPORTATIONTRANSFERLOADBUILDINGTEMPLATEENTITY></Document>