﻿<?xml version="1.0" encoding="utf-8"?><Document><TMSTRANSPORTATIONZONEDETAILMETADATAENTITY><FIELDLOOKUPTYPE>None</FIELDLOOKUPTYPE><FIELDNAME>Service</FIELDNAME><FIELDSEQUENCENUMBER>1</FIELDSEQUENCENUMBER><ISMANDATORYFIELD>Yes</ISMANDATORYFIELD><TRANSPORTATIONZONEMASTERCODE>POSTAL</TRANSPORTATIONZONEMASTERCODE></TMSTRANSPORTATIONZONEDETAILMETADATAENTITY><TMSTRANSPORTATIONZONEDETAILMETADATAENTITY><FIELDLOOKUPTYPE>PostalCode</FIELDLOOKUPTYPE><FIELDNAME>Pick-Up Postal Code</FIELDNAME><FIELDSEQUENCENUMBER>2</FIELDSEQUENCENUMBER><ISMANDATORYFIELD>Yes</ISMANDATORYFIELD><TRANSPORTATIONZONEMASTERCODE>Postal</TRANSPORTATIONZONEMASTERCODE></TMSTRANSPORTATIONZONEDETAILMETADATAENTITY><TMSTRANSPORTATIONZONEDETAILMETADATAENTITY><FIELDLOOKUPTYPE>PostalCode</FIELDLOOKUPTYPE><FIELDNAME>Drop-off postal code from</FIELDNAME><FIELDSEQUENCENUMBER>3</FIELDSEQUENCENUMBER><ISMANDATORYFIELD>Yes</ISMANDATORYFIELD><TRANSPORTATIONZONEMASTERCODE>Postal</TRANSPORTATIONZONEMASTERCODE></TMSTRANSPORTATIONZONEDETAILMETADATAENTITY><TMSTRANSPORTATIONZONEDETAILMETADATAENTITY><FIELDLOOKUPTYPE>PostalCode</FIELDLOOKUPTYPE><FIELDNAME>Drop-off postal code to</FIELDNAME><FIELDSEQUENCENUMBER>4</FIELDSEQUENCENUMBER><ISMANDATORYFIELD>No</ISMANDATORYFIELD><TRANSPORTATIONZONEMASTERCODE>Postal</TRANSPORTATIONZONEMASTERCODE></TMSTRANSPORTATIONZONEDETAILMETADATAENTITY><TMSTRANSPORTATIONZONEDETAILMETADATAENTITY><FIELDLOOKUPTYPE>Country</FIELDLOOKUPTYPE><FIELDNAME>Country/Region</FIELDNAME><FIELDSEQUENCENUMBER>5</FIELDSEQUENCENUMBER><ISMANDATORYFIELD>No</ISMANDATORYFIELD><TRANSPORTATIONZONEMASTERCODE>Postal</TRANSPORTATIONZONEMASTERCODE></TMSTRANSPORTATIONZONEDETAILMETADATAENTITY><TMSTRANSPORTATIONZONEDETAILMETADATAENTITY><FIELDLOOKUPTYPE>State</FIELDLOOKUPTYPE><FIELDNAME>State</FIELDNAME><FIELDSEQUENCENUMBER>1</FIELDSEQUENCENUMBER><ISMANDATORYFIELD>Yes</ISMANDATORYFIELD><TRANSPORTATIONZONEMASTERCODE>State</TRANSPORTATIONZONEMASTERCODE></TMSTRANSPORTATIONZONEDETAILMETADATAENTITY><TMSTRANSPORTATIONZONEDETAILMETADATAENTITY><FIELDLOOKUPTYPE>Country</FIELDLOOKUPTYPE><FIELDNAME>Country/Region</FIELDNAME><FIELDSEQUENCENUMBER>2</FIELDSEQUENCENUMBER><ISMANDATORYFIELD>No</ISMANDATORYFIELD><TRANSPORTATIONZONEMASTERCODE>State</TRANSPORTATIONZONEMASTERCODE></TMSTRANSPORTATIONZONEDETAILMETADATAENTITY></Document>