﻿<?xml version="1.0" encoding="utf-8"?><Document><TMSTRANSPORTATIONRATEBASEENTITY><BASECODE>P2P</BASECODE><BASEDESCRIPTION>Point to Point</BASEDESCRIPTION><CHARGECURRENCYCODE>FGP</CHARGECURRENCYCODE><MASTERCODE>MILAGE</MASTERCODE><MAXIMUMCHARGE>0.000000</MAXIMUMCHARGE><MINIMUMCHARGE>5.000000</MINIMUMCHARGE><TRANSPORTATIONRATEMASTERCODE>P2PMileageMaster</TRANSPORTATIONRATEMASTERCODE></TMSTRANSPORTATIONRATEBASEENTITY><TMSTRANSPORTATIONRATEBASEENTITY><BASECODE>ParcelRateBase</BASECODE><BASEDESCRIPTION>Parcel Rate Bae</BASEDESCRIPTION><CHARGECURRENCYCODE>FGP</CHARGECURRENCYCODE><MASTERCODE>MILAGE</MASTERCODE><MAXIMUMCHARGE>0.000000</MAXIMUMCHARGE><MINIMUMCHARGE>10.000000</MINIMUMCHARGE><TRANSPORTATIONRATEMASTERCODE>P2PParcelRateMaster</TRANSPORTATIONRATEMASTERCODE></TMSTRANSPORTATIONRATEBASEENTITY></Document>