﻿<?xml version="1.0" encoding="utf-8"?><Document><TMSTRANSPORTATIONROUTESCHEDULEENTITY><EFFECTIVEENDDATETIME /><EFFECTIVESTARTDATETIME /><ISROUTERECURRENCEACTIVE /><LOADTEMPLATEID /><SCHEDULENAME /><TRANSPORTATIONROUTEPLANID /><WEEKLYINTERVALDAYS /><WILLROUTEGENERATIONSCHEDULEONFRIDAY /><WILLROUTEGENERATIONSCHEDULEONMONDAY /><WILLROUTEGENERATIONSCHEDULEONSATURDAY /><WILLROUTEGENERATIONSCHEDULEONSUNDAY /><WILLROUTEGENERATIONSCHEDULEONTHURSDAY /><WILLROUTEGENERATIONSCHEDULEONTUESDAY /><WILLROUTEGENERATIONSCHEDULEONWEDNESDAY /></TMSTRANSPORTATIONROUTESCHEDULEENTITY></Document>