﻿<?xml version="1.0" encoding="utf-8"?><Document><TMSTRANSPORTATIONMILEAGEENGINEENTITY><ENGINEASSEMBLYCLASSNAME>Microsoft.Dynamics.Ax.Tms.Bll.P2PMileageEngine</ENGINEASSEMBLYCLASSNAME><ENGINEASSEMBLYNAME>Microsoft.Dynamics.Ax.Tms.dll</ENGINEASSEMBLYNAME><ENGINEDESCRIPTION>Point to Point</ENGINEDESCRIPTION><ENGINEID>P2P</ENGINEID><ISDEFAULTENGINE>Yes</ISDEFAULTENGINE></TMSTRANSPORTATIONMILEAGEENGINEENTITY><TMSTRANSPORTATIONMILEAGEENGINEENTITY><ENGINEASSEMBLYCLASSNAME>Microsoft.Dynamics.Ax.Tms.Bll.P2PMileageEngine</ENGINEASSEMBLYCLASSNAME><ENGINEASSEMBLYNAME>Microsoft.Dynamics.Ax.Tms.dll</ENGINEASSEMBLYNAME><ENGINEDESCRIPTION>Point to Point (Air)</ENGINEDESCRIPTION><ENGINEID>P2P-AIR</ENGINEID><ISDEFAULTENGINE>No</ISDEFAULTENGINE></TMSTRANSPORTATIONMILEAGEENGINEENTITY><TMSTRANSPORTATIONMILEAGEENGINEENTITY><ENGINEASSEMBLYCLASSNAME>Microsoft.Dynamics.Ax.Tms.Bll.P2PMileageEngine</ENGINEASSEMBLYCLASSNAME><ENGINEASSEMBLYNAME>Microsoft.Dynamics.Ax.Tms.dll</ENGINEASSEMBLYNAME><ENGINEDESCRIPTION>Point to Point (Sea)</ENGINEDESCRIPTION><ENGINEID>P2P-SEA</ENGINEID><ISDEFAULTENGINE>No</ISDEFAULTENGINE></TMSTRANSPORTATIONMILEAGEENGINEENTITY></Document>