﻿<?xml version="1.0" encoding="utf-8"?><Document><TMSTRANSPORTATIONMILEAGEENGINEDETAILENTITY><DISTANCEMILES>300.000000</DISTANCEMILES><EIGHTHFIELD>FAE</EIGHTHFIELD><FIFTHFIELD></FIFTHFIELD><FIRSTFIELD></FIRSTFIELD><FOURTHFIELD>FAE</FOURTHFIELD><SECONDFIELD></SECONDFIELD><SEVENTHFIELD>NW-2002-BD</SEVENTHFIELD><SIXTHFIELD></SIXTHFIELD><THIRDFIELD>WD-1001-TW</THIRDFIELD><TRANSPORTATIONMILEAGEENGINEID>P2P</TRANSPORTATIONMILEAGEENGINEID></TMSTRANSPORTATIONMILEAGEENGINEDETAILENTITY><TMSTRANSPORTATIONMILEAGEENGINEDETAILENTITY><DISTANCEMILES>1.000000</DISTANCEMILES><EIGHTHFIELD>FAE</EIGHTHFIELD><FIFTHFIELD></FIFTHFIELD><FIRSTFIELD></FIRSTFIELD><FOURTHFIELD>FAE</FOURTHFIELD><SECONDFIELD></SECONDFIELD><SEVENTHFIELD>WD-2001-UR</SEVENTHFIELD><SIXTHFIELD></SIXTHFIELD><THIRDFIELD>WD-1001-TW</THIRDFIELD><TRANSPORTATIONMILEAGEENGINEID>P2P</TRANSPORTATIONMILEAGEENGINEID></TMSTRANSPORTATIONMILEAGEENGINEDETAILENTITY><TMSTRANSPORTATIONMILEAGEENGINEDETAILENTITY><DISTANCEMILES>230.000000</DISTANCEMILES><EIGHTHFIELD>FAE</EIGHTHFIELD><FIFTHFIELD>Neverwinter</FIFTHFIELD><FIRSTFIELD>Waterdeep</FIRSTFIELD><FOURTHFIELD>FAE</FOURTHFIELD><SECONDFIELD></SECONDFIELD><SEVENTHFIELD>NW-2002-BD</SEVENTHFIELD><SIXTHFIELD></SIXTHFIELD><THIRDFIELD>WD-1001-TW</THIRDFIELD><TRANSPORTATIONMILEAGEENGINEID>P2P-AIR</TRANSPORTATIONMILEAGEENGINEID></TMSTRANSPORTATIONMILEAGEENGINEDETAILENTITY><TMSTRANSPORTATIONMILEAGEENGINEDETAILENTITY><DISTANCEMILES>600.000000</DISTANCEMILES><EIGHTHFIELD>FAE</EIGHTHFIELD><FIFTHFIELD>Caer Callidyrr</FIFTHFIELD><FIRSTFIELD>Waterdeep</FIRSTFIELD><FOURTHFIELD>FAE</FOURTHFIELD><SECONDFIELD>SC</SECONDFIELD><SEVENTHFIELD>CC-1021-UR</SEVENTHFIELD><SIXTHFIELD>MI</SIXTHFIELD><THIRDFIELD>WD-1001-TW</THIRDFIELD><TRANSPORTATIONMILEAGEENGINEID>P2P-SEA</TRANSPORTATIONMILEAGEENGINEID></TMSTRANSPORTATIONMILEAGEENGINEDETAILENTITY></Document>