﻿<?xml version="1.0" encoding="utf-8"?><Document><TMSTRANSPORTATIONHUBENTITY><ADDRESSBUILDINGCOMPLIMENT /><ADDRESSCITY /><ADDRESSCOUNTRYREGIONID /><ADDRESSCOUNTRYREGIONISOCODE /><ADDRESSCOUNTYID /><ADDRESSDESCRIPTION /><ADDRESSDISTRICTNAME /><ADDRESSLATITUDE /><ADDRESSLOCATIONID /><ADDRESSLONGITUDE /><ADDRESSPOSTBOX /><ADDRESSSTATEID /><ADDRESSSTREET /><ADDRESSSTREETNUMBER /><ADDRESSTIMEZONE /><ADDRESSVALIDFROM /><ADDRESSVALIDTO /><ADDRESSZIPCODE /><HUBCOMPANYNAME /><HUBCONTACTNAME /><HUBEMAILADDRESS /><HUBFAXNUMBER /><HUBID /><HUBNAME /><HUBPHONENUMBER /><HUBVALIDFROM /><HUBVALIDTO /><INVOICEVENDORACCOUNTNUMBER /><ORDERVENDORACCOUNTNUMBER /><TRANSPORTATIONHUBTYPEID /><TRANSPORTATIONRATEMASTERCODE /></TMSTRANSPORTATIONHUBENTITY></Document>