﻿<?xml version="1.0" encoding="utf-8"?><Document><TMSTRANSPORTATIONSALESLOADBUILDINGTEMPLATEENTITY><TEMPLATENAME /><DESTINATIONCOUNTRYREGIONID /><DESTINATIONFROMZIPCODE /><DESTINATIONTOZIPCODE /><FIRSTPRODUCTFILTERCODE /><FOURTHPRODUCTFILTERCODE /><ORDERINGCUSTOMERACCOUNTNUMBER /><ORIGINCOUNTRYREGIONID /><ORIGINFROMZIPCODE /><ORIGINOPERATIONALSITEID /><ORIGINTOZIPCODE /><ORIGINWAREHOUSEID /><SALESORDERFILTERQUERY /><SECONDPRODUCTFILTERCODE /><TEMPLATEDESCRIPTION /><THIRDPRODUCTFILTERCODE /><TRANSPORTATIONLOADBUILDINGSTRATEGYNAME /></TMSTRANSPORTATIONSALESLOADBUILDINGTEMPLATEENTITY></Document>