﻿<?xml version="1.0" encoding="utf-8"?><Document><TMSTRANSPORTATIONTRANSITTIMEENGINEENTITY><ENGINEDESCRIPTION>Calculation</ENGINEDESCRIPTION><ENGINEID>Calculation</ENGINEID><TRANSITTIMEENGINEASSEMBLYNAME>Microsoft.Dynamics.Ax.Tms.dll</TRANSITTIMEENGINEASSEMBLYNAME><TRANSITTIMEENGINECLASSNAME>Microsoft.Dynamics.Ax.Tms.Bll.CalculationTransitTimeEngine</TRANSITTIMEENGINECLASSNAME></TMSTRANSPORTATIONTRANSITTIMEENGINEENTITY><TMSTRANSPORTATIONTRANSITTIMEENGINEENTITY><ENGINEDESCRIPTION>MileBreaks</ENGINEDESCRIPTION><ENGINEID>MileBreaks</ENGINEID><TRANSITTIMEENGINEASSEMBLYNAME>Microsoft.Dynamics.Ax.Tms.dll</TRANSITTIMEENGINEASSEMBLYNAME><TRANSITTIMEENGINECLASSNAME>Microsoft.Dynamics.Ax.Tms.Bll.MileBreaksTransitTimeEngine</TRANSITTIMEENGINECLASSNAME></TMSTRANSPORTATIONTRANSITTIMEENGINEENTITY><TMSTRANSPORTATIONTRANSITTIMEENGINEENTITY><ENGINEDESCRIPTION>Point to Point</ENGINEDESCRIPTION><ENGINEID>P2P</ENGINEID><TRANSITTIMEENGINEASSEMBLYNAME>Microsoft.Dynamics.Ax.Tms.dll</TRANSITTIMEENGINEASSEMBLYNAME><TRANSITTIMEENGINECLASSNAME>Microsoft.Dynamics.Ax.Tms.Bll.PointToPointTransitTimeEngine</TRANSITTIMEENGINECLASSNAME></TMSTRANSPORTATIONTRANSITTIMEENGINEENTITY><TMSTRANSPORTATIONTRANSITTIMEENGINEENTITY><ENGINEDESCRIPTION>Point to Point (Gryphon)</ENGINEDESCRIPTION><ENGINEID>P2P-GYPHON</ENGINEID><TRANSITTIMEENGINEASSEMBLYNAME>Microsoft.Dynamics.Ax.Tms.dll</TRANSITTIMEENGINEASSEMBLYNAME><TRANSITTIMEENGINECLASSNAME>Microsoft.Dynamics.Ax.Tms.Bll.PointToPointTransitTimeEngine</TRANSITTIMEENGINECLASSNAME></TMSTRANSPORTATIONTRANSITTIMEENGINEENTITY><TMSTRANSPORTATIONTRANSITTIMEENGINEENTITY><ENGINEDESCRIPTION>Point to Point (Sea)</ENGINEDESCRIPTION><ENGINEID>P2P-SEA</ENGINEID><TRANSITTIMEENGINEASSEMBLYNAME>Microsoft.Dynamics.Ax.Tms.dll</TRANSITTIMEENGINEASSEMBLYNAME><TRANSITTIMEENGINECLASSNAME>Microsoft.Dynamics.Ax.Tms.Bll.PointToPointTransitTimeEngine</TRANSITTIMEENGINECLASSNAME></TMSTRANSPORTATIONTRANSITTIMEENGINEENTITY><TMSTRANSPORTATIONTRANSITTIMEENGINEENTITY><ENGINEDESCRIPTION>PointToPoint</ENGINEDESCRIPTION><ENGINEID>PointToPoint</ENGINEID><TRANSITTIMEENGINEASSEMBLYNAME>Microsoft.Dynamics.Ax.Tms.dll</TRANSITTIMEENGINEASSEMBLYNAME><TRANSITTIMEENGINECLASSNAME>Microsoft.Dynamics.Ax.Tms.Bll.PointToPointTransitTimeEngine</TRANSITTIMEENGINECLASSNAME></TMSTRANSPORTATIONTRANSITTIMEENGINEENTITY></Document>