﻿<?xml version="1.0" encoding="utf-8"?><Document><TMSTRANSPORTATIONMETHODENTITY><METHODID>AIR</METHODID><METHODNAME>Air</METHODNAME></TMSTRANSPORTATIONMETHODENTITY><TMSTRANSPORTATIONMETHODENTITY><METHODID>GROUND</METHODID><METHODNAME>Ground</METHODNAME></TMSTRANSPORTATIONMETHODENTITY><TMSTRANSPORTATIONMETHODENTITY><METHODID>GRYPHON</METHODID><METHODNAME>Gryphon</METHODNAME></TMSTRANSPORTATIONMETHODENTITY><TMSTRANSPORTATIONMETHODENTITY><METHODID>OCEAN</METHODID><METHODNAME>Ocean</METHODNAME></TMSTRANSPORTATIONMETHODENTITY></Document>