﻿<?xml version="1.0" encoding="utf-8"?><Document><TMSTRANSPORTATIONACCESSORIALCHARGEASSIGNMENTENTITY><ADDRESSCOUNTRYREGIONIDCRITERION /><ARECHARGEASSIGNMENTCRITERIAIGNORED /><CHARGEACCESSORIALUNIT /><CHARGEACCESSORIALUNITDIVISOR /><CHARGEASSIGNMENTLEVEL /><CHARGEASSIGNMENTNAME /><CHARGECURRENCYCODE /><CHARGEPERCENTAGE /><CHARGETRANSPORTATIONMILEAGEENGINEID /><CHARGETYPE /><DELIVERYTERMSCODECRITERION /><DROPOFFADDRESSSTATEIDCRITERION /><EFFECTIVEENDDATETIMECRITERION /><EFFECTIVESTARTDATETIMECRITERION /><FLATCHARGEAMOUNT /><FROMADDRESSZIPCODECRITERION /><FUELSURCHARGEFUELINDEXREGIONID /><FUELSURCHARGEOFFSETDAYS /><INVOICECUSTOMERACCOUNTNUMBERCRITERION /><ISRESIDENTIALSHIPCRITERION /><MAXIMUMCHARGEAMOUNT /><MAXIMUMFREIGHTVALUECRITERION /><MAXIMUMFREIGHTWEIGHTCRITERION /><MINIMUMCHARGEAMOUNT /><MINIMUMFREIGHTVALUECRITERION /><MINIMUMFREIGHTWEIGHTCRITERION /><ORDERINGCUSTOMERACCOUNTNUMBERCRITERION /><SHIPPINGCARRIERACCESSORIALCHARGEID /><SHIPPINGCARRIERID /><SHIPPINGSITEIDCRITERION /><SHIPPINGWAREHOUSEIDCRITERION /><TOADDRESSZIPCODECRITERION /><TRANSPORTATIONBILLINGGROUPID /><TRANSPORTATIONEQUIPMENTCODECRITERION /><TRANSPORTATIONHUBACCESSORIALCHARGEID /><TRANSPORTATIONHUBID /><TRANSPORTATIONZONEIDCRITERION /><TRANSPORTATIONZONEMASTERCODECRITERION /><WILLCHARGECALCULATIONINCLUDETRANSPORTATIONDISCOUNTS /></TMSTRANSPORTATIONACCESSORIALCHARGEASSIGNMENTENTITY></Document>