﻿<?xml version="1.0" encoding="utf-8"?><Document><TMSTRANSPORTATIONMANAGEMENTPARAMETERSENTITY><AREFREIGHTBILLSCREATED>No</AREFREIGHTBILLSCREATED><ASSIGNSHIPMENTSTORELATEDROUTESEGEMENTS>No</ASSIGNSHIPMENTSTORELATEDROUTESEGEMENTS><BILLOFLADINGTHIRDPARTYSHIPPINGCARRIERLOGISTICSLOCATIONROLEPURPOSE></BILLOFLADINGTHIRDPARTYSHIPPINGCARRIERLOGISTICSLOCATIONROLEPURPOSE><DEFAULTCARRIERAPPOINTMENTDURATIONMINUTES>0</DEFAULTCARRIERAPPOINTMENTDURATIONMINUTES><DEFAULTVENDORINVOICERECONCILIATIONATTACHMENTNAME></DEFAULTVENDORINVOICERECONCILIATIONATTACHMENTNAME><DEFAULTVENDORINVOICERECONCILIATIONATTACHMENTTYPECODE></DEFAULTVENDORINVOICERECONCILIATIONATTACHMENTTYPECODE><DRIVERCHECKOUTINTERVALMINUTES>0</DRIVERCHECKOUTINTERVALMINUTES><ENABLESHIPPINGLABELREQUESTTYPE>No</ENABLESHIPPINGLABELREQUESTTYPE><FREIGHTBILLRECONCILIATIONINTERVALSECONDS>0</FREIGHTBILLRECONCILIATIONINTERVALSECONDS><FREIGHTBILLTRANSACTIONTEXT></FREIGHTBILLTRANSACTIONTEXT><ISDYNAMICROUTEPLANNINGENABLED>No</ISDYNAMICROUTEPLANNINGENABLED><ISFREIGHTBILLRECONCILIATIONENABLED>No</ISFREIGHTBILLRECONCILIATIONENABLED><ISMASTERBILLOFLADINGCREATEDFORMULTIPLESHIPMENTLOADS>No</ISMASTERBILLOFLADINGCREATEDFORMULTIPLESHIPMENTLOADS><ISVENDORINVOICEWORKFLOWENABLED>No</ISVENDORINVOICEWORKFLOWENABLED><LOADATTACHMENTTYPECODE></LOADATTACHMENTTYPECODE><LOADCREATIONUPDATEORDERLINESPARAMETERSPOLICY>AlwaysUpdate</LOADCREATIONUPDATEORDERLINESPARAMETERSPOLICY><PORTTRANSPORTATIONHUBTYPEID></PORTTRANSPORTATIONHUBTYPEID><VENDORINVOICEJOURNALNAME></VENDORINVOICEJOURNALNAME><VENDORINVOICEWORKFLOWUSERID></VENDORINVOICEWORKFLOWUSERID><WILLLOADPLANNINGSEPARATELYPOSTTRANSFERORDERSHIPMENTCONFIRMATIONS>No</WILLLOADPLANNINGSEPARATELYPOSTTRANSFERORDERSHIPMENTCONFIRMATIONS><WILLLOADPLANNINGSHIPMENTCONFIRMATIONPROMPTFORSHIPMENTDATE>No</WILLLOADPLANNINGSHIPMENTCONFIRMATIONPROMPTFORSHIPMENTDATE><WILLLOADRATINGAPPLYDIRECTDELIVERYSALESCHARGE>No</WILLLOADRATINGAPPLYDIRECTDELIVERYSALESCHARGE><WILLPURCHASEORDERENTRYAUTOMATICALLYCREATELOAD>No</WILLPURCHASEORDERENTRYAUTOMATICALLYCREATELOAD><WILLSALESORDERENTRYAUTOMATICALLYCREATELOAD>No</WILLSALESORDERENTRYAUTOMATICALLYCREATELOAD><WILLSHIPMENTSCREATELOADS>No</WILLSHIPMENTSCREATELOADS><WILLTRANSFERORDERENTRYAUTOMATICALLYCREATELOAD>No</WILLTRANSFERORDERENTRYAUTOMATICALLYCREATELOAD><WILLVENDORINVOICEAPPROVALAUTOMATICALLYPOSTVENDORINVOICEJOURNAL>No</WILLVENDORINVOICEAPPROVALAUTOMATICALLYPOSTVENDORINVOICEJOURNAL><WILLVENDORINVOICERECEIPTAUTOMATICALLYRECONCILEFREIGHTBILL>No</WILLVENDORINVOICERECEIPTAUTOMATICALLYRECONCILEFREIGHTBILL></TMSTRANSPORTATIONMANAGEMENTPARAMETERSENTITY></Document>