﻿<?xml version="1.0" encoding="utf-8"?><Document><TMSTRANSPORTATIONPURCHASELOADBUILDINGTEMPLATEENTITY><TEMPLATENAME /><DESTINATIONCOUNTRYREGIONID /><DESTINATIONFROMZIPCODE /><DESTINATIONOPERATIONALSITEID /><DESTINATIONTOZIPCODE /><DESTINATIONWAREHOUSEID /><FIRSTPRODUCTFILTERCODE /><FOURTHPRODUCTFILTERCODE /><ORDERINGVENDORACCOUNTNUMBER /><ORIGINCOUNTRYREGIONID /><ORIGINFROMZIPCODE /><ORIGINTOZIPCODE /><PURCHASEORDERFILTERQUERY /><SECONDPRODUCTFILTERCODE /><TEMPLATEDESCRIPTION /><THIRDPRODUCTFILTERCODE /><TRANSPORTATIONLOADBUILDINGSTRATEGYNAME /></TMSTRANSPORTATIONPURCHASELOADBUILDINGTEMPLATEENTITY></Document>