﻿<?xml version="1.0" encoding="utf-8"?><Document><TMSTRANSPORTATIONRATINGMETADATAASSIGNMENTFIELDENTITY><FIELDDATATYPE>String</FIELDDATATYPE><FIELDLOOKUPTYPE>PostalCode</FIELDLOOKUPTYPE><FIELDNAME>OriginPC</FIELDNAME><FIELDSEQUENCE>1</FIELDSEQUENCE><ISMANDATORYFIELD>Yes</ISMANDATORYFIELD><TRANSPORTATIONRATINGMETADATAID>LTL</TRANSPORTATIONRATINGMETADATAID></TMSTRANSPORTATIONRATINGMETADATAASSIGNMENTFIELDENTITY><TMSTRANSPORTATIONRATINGMETADATAASSIGNMENTFIELDENTITY><FIELDDATATYPE>String</FIELDDATATYPE><FIELDLOOKUPTYPE>State</FIELDLOOKUPTYPE><FIELDNAME>DestState</FIELDNAME><FIELDSEQUENCE>2</FIELDSEQUENCE><ISMANDATORYFIELD>No</ISMANDATORYFIELD><TRANSPORTATIONRATINGMETADATAID>LTL</TRANSPORTATIONRATINGMETADATAID></TMSTRANSPORTATIONRATINGMETADATAASSIGNMENTFIELDENTITY><TMSTRANSPORTATIONRATINGMETADATAASSIGNMENTFIELDENTITY><FIELDDATATYPE>String</FIELDDATATYPE><FIELDLOOKUPTYPE>PostalCode</FIELDLOOKUPTYPE><FIELDNAME>DestStartPC</FIELDNAME><FIELDSEQUENCE>3</FIELDSEQUENCE><ISMANDATORYFIELD>Yes</ISMANDATORYFIELD><TRANSPORTATIONRATINGMETADATAID>LTL</TRANSPORTATIONRATINGMETADATAID></TMSTRANSPORTATIONRATINGMETADATAASSIGNMENTFIELDENTITY><TMSTRANSPORTATIONRATINGMETADATAASSIGNMENTFIELDENTITY><FIELDDATATYPE>String</FIELDDATATYPE><FIELDLOOKUPTYPE>PostalCode</FIELDLOOKUPTYPE><FIELDNAME>DestEndPC</FIELDNAME><FIELDSEQUENCE>4</FIELDSEQUENCE><ISMANDATORYFIELD>Yes</ISMANDATORYFIELD><TRANSPORTATIONRATINGMETADATAID>LTL</TRANSPORTATIONRATINGMETADATAID></TMSTRANSPORTATIONRATINGMETADATAASSIGNMENTFIELDENTITY><TMSTRANSPORTATIONRATINGMETADATAASSIGNMENTFIELDENTITY><FIELDDATATYPE>String</FIELDDATATYPE><FIELDLOOKUPTYPE>Country</FIELDLOOKUPTYPE><FIELDNAME>DestCountry</FIELDNAME><FIELDSEQUENCE>5</FIELDSEQUENCE><ISMANDATORYFIELD>Yes</ISMANDATORYFIELD><TRANSPORTATIONRATINGMETADATAID>LTL</TRANSPORTATIONRATINGMETADATAID></TMSTRANSPORTATIONRATINGMETADATAASSIGNMENTFIELDENTITY><TMSTRANSPORTATIONRATINGMETADATAASSIGNMENTFIELDENTITY><FIELDDATATYPE>String</FIELDDATATYPE><FIELDLOOKUPTYPE>PostalCode</FIELDLOOKUPTYPE><FIELDNAME>Pickup Postal Code</FIELDNAME><FIELDSEQUENCE>1</FIELDSEQUENCE><ISMANDATORYFIELD>Yes</ISMANDATORYFIELD><TRANSPORTATIONRATINGMETADATAID>LTLFak</TRANSPORTATIONRATINGMETADATAID></TMSTRANSPORTATIONRATINGMETADATAASSIGNMENTFIELDENTITY><TMSTRANSPORTATIONRATINGMETADATAASSIGNMENTFIELDENTITY><FIELDDATATYPE>String</FIELDDATATYPE><FIELDLOOKUPTYPE>State</FIELDLOOKUPTYPE><FIELDNAME>Drop-Off State</FIELDNAME><FIELDSEQUENCE>2</FIELDSEQUENCE><ISMANDATORYFIELD>No</ISMANDATORYFIELD><TRANSPORTATIONRATINGMETADATAID>LTLFak</TRANSPORTATIONRATINGMETADATAID></TMSTRANSPORTATIONRATINGMETADATAASSIGNMENTFIELDENTITY><TMSTRANSPORTATIONRATINGMETADATAASSIGNMENTFIELDENTITY><FIELDDATATYPE>String</FIELDDATATYPE><FIELDLOOKUPTYPE>PostalCode</FIELDLOOKUPTYPE><FIELDNAME>OriginPC</FIELDNAME><FIELDSEQUENCE>1</FIELDSEQUENCE><ISMANDATORYFIELD>Yes</ISMANDATORYFIELD><TRANSPORTATIONRATINGMETADATAID>Milage</TRANSPORTATIONRATINGMETADATAID></TMSTRANSPORTATIONRATINGMETADATAASSIGNMENTFIELDENTITY><TMSTRANSPORTATIONRATINGMETADATAASSIGNMENTFIELDENTITY><FIELDDATATYPE>String</FIELDDATATYPE><FIELDLOOKUPTYPE>State</FIELDLOOKUPTYPE><FIELDNAME>DestState</FIELDNAME><FIELDSEQUENCE>2</FIELDSEQUENCE><ISMANDATORYFIELD>No</ISMANDATORYFIELD><TRANSPORTATIONRATINGMETADATAID>Milage</TRANSPORTATIONRATINGMETADATAID></TMSTRANSPORTATIONRATINGMETADATAASSIGNMENTFIELDENTITY><TMSTRANSPORTATIONRATINGMETADATAASSIGNMENTFIELDENTITY><FIELDDATATYPE>String</FIELDDATATYPE><FIELDLOOKUPTYPE>PostalCode</FIELDLOOKUPTYPE><FIELDNAME>DestStartPC</FIELDNAME><FIELDSEQUENCE>3</FIELDSEQUENCE><ISMANDATORYFIELD>Yes</ISMANDATORYFIELD><TRANSPORTATIONRATINGMETADATAID>Milage</TRANSPORTATIONRATINGMETADATAID></TMSTRANSPORTATIONRATINGMETADATAASSIGNMENTFIELDENTITY><TMSTRANSPORTATIONRATINGMETADATAASSIGNMENTFIELDENTITY><FIELDDATATYPE>String</FIELDDATATYPE><FIELDLOOKUPTYPE>PostalCode</FIELDLOOKUPTYPE><FIELDNAME>DestEndPC</FIELDNAME><FIELDSEQUENCE>4</FIELDSEQUENCE><ISMANDATORYFIELD>Yes</ISMANDATORYFIELD><TRANSPORTATIONRATINGMETADATAID>Milage</TRANSPORTATIONRATINGMETADATAID></TMSTRANSPORTATIONRATINGMETADATAASSIGNMENTFIELDENTITY><TMSTRANSPORTATIONRATINGMETADATAASSIGNMENTFIELDENTITY><FIELDDATATYPE>String</FIELDDATATYPE><FIELDLOOKUPTYPE>Country</FIELDLOOKUPTYPE><FIELDNAME>DestCountry</FIELDNAME><FIELDSEQUENCE>5</FIELDSEQUENCE><ISMANDATORYFIELD>No</ISMANDATORYFIELD><TRANSPORTATIONRATINGMETADATAID>Milage</TRANSPORTATIONRATINGMETADATAID></TMSTRANSPORTATIONRATINGMETADATAASSIGNMENTFIELDENTITY><TMSTRANSPORTATIONRATINGMETADATAASSIGNMENTFIELDENTITY><FIELDDATATYPE>String</FIELDDATATYPE><FIELDLOOKUPTYPE>PostalCode</FIELDLOOKUPTYPE><FIELDNAME>OriginPC</FIELDNAME><FIELDSEQUENCE>1</FIELDSEQUENCE><ISMANDATORYFIELD>Yes</ISMANDATORYFIELD><TRANSPORTATIONRATINGMETADATAID>Mileage</TRANSPORTATIONRATINGMETADATAID></TMSTRANSPORTATIONRATINGMETADATAASSIGNMENTFIELDENTITY><TMSTRANSPORTATIONRATINGMETADATAASSIGNMENTFIELDENTITY><FIELDDATATYPE>String</FIELDDATATYPE><FIELDLOOKUPTYPE>State</FIELDLOOKUPTYPE><FIELDNAME>DestState</FIELDNAME><FIELDSEQUENCE>2</FIELDSEQUENCE><ISMANDATORYFIELD>No</ISMANDATORYFIELD><TRANSPORTATIONRATINGMETADATAID>Mileage</TRANSPORTATIONRATINGMETADATAID></TMSTRANSPORTATIONRATINGMETADATAASSIGNMENTFIELDENTITY><TMSTRANSPORTATIONRATINGMETADATAASSIGNMENTFIELDENTITY><FIELDDATATYPE>String</FIELDDATATYPE><FIELDLOOKUPTYPE>PostalCode</FIELDLOOKUPTYPE><FIELDNAME>DestStartPC</FIELDNAME><FIELDSEQUENCE>3</FIELDSEQUENCE><ISMANDATORYFIELD>Yes</ISMANDATORYFIELD><TRANSPORTATIONRATINGMETADATAID>Mileage</TRANSPORTATIONRATINGMETADATAID></TMSTRANSPORTATIONRATINGMETADATAASSIGNMENTFIELDENTITY><TMSTRANSPORTATIONRATINGMETADATAASSIGNMENTFIELDENTITY><FIELDDATATYPE>String</FIELDDATATYPE><FIELDLOOKUPTYPE>PostalCode</FIELDLOOKUPTYPE><FIELDNAME>DestEndPC</FIELDNAME><FIELDSEQUENCE>4</FIELDSEQUENCE><ISMANDATORYFIELD>Yes</ISMANDATORYFIELD><TRANSPORTATIONRATINGMETADATAID>Mileage</TRANSPORTATIONRATINGMETADATAID></TMSTRANSPORTATIONRATINGMETADATAASSIGNMENTFIELDENTITY><TMSTRANSPORTATIONRATINGMETADATAASSIGNMENTFIELDENTITY><FIELDDATATYPE>String</FIELDDATATYPE><FIELDLOOKUPTYPE>Country</FIELDLOOKUPTYPE><FIELDNAME>DestCountry</FIELDNAME><FIELDSEQUENCE>5</FIELDSEQUENCE><ISMANDATORYFIELD>No</ISMANDATORYFIELD><TRANSPORTATIONRATINGMETADATAID>Mileage</TRANSPORTATIONRATINGMETADATAID></TMSTRANSPORTATIONRATINGMETADATAASSIGNMENTFIELDENTITY><TMSTRANSPORTATIONRATINGMETADATAASSIGNMENTFIELDENTITY><FIELDDATATYPE>String</FIELDDATATYPE><FIELDLOOKUPTYPE>City</FIELDLOOKUPTYPE><FIELDNAME>Pick-up City</FIELDNAME><FIELDSEQUENCE>1</FIELDSEQUENCE><ISMANDATORYFIELD>No</ISMANDATORYFIELD><TRANSPORTATIONRATINGMETADATAID>P2P</TRANSPORTATIONRATINGMETADATAID></TMSTRANSPORTATIONRATINGMETADATAASSIGNMENTFIELDENTITY><TMSTRANSPORTATIONRATINGMETADATAASSIGNMENTFIELDENTITY><FIELDDATATYPE>String</FIELDDATATYPE><FIELDLOOKUPTYPE>State</FIELDLOOKUPTYPE><FIELDNAME>Pick-up State</FIELDNAME><FIELDSEQUENCE>2</FIELDSEQUENCE><ISMANDATORYFIELD>No</ISMANDATORYFIELD><TRANSPORTATIONRATINGMETADATAID>P2P</TRANSPORTATIONRATINGMETADATAID></TMSTRANSPORTATIONRATINGMETADATAASSIGNMENTFIELDENTITY><TMSTRANSPORTATIONRATINGMETADATAASSIGNMENTFIELDENTITY><FIELDDATATYPE>String</FIELDDATATYPE><FIELDLOOKUPTYPE>PostalCode</FIELDLOOKUPTYPE><FIELDNAME>Pick-up Postal Code</FIELDNAME><FIELDSEQUENCE>3</FIELDSEQUENCE><ISMANDATORYFIELD>No</ISMANDATORYFIELD><TRANSPORTATIONRATINGMETADATAID>P2P</TRANSPORTATIONRATINGMETADATAID></TMSTRANSPORTATIONRATINGMETADATAASSIGNMENTFIELDENTITY><TMSTRANSPORTATIONRATINGMETADATAASSIGNMENTFIELDENTITY><FIELDDATATYPE>String</FIELDDATATYPE><FIELDLOOKUPTYPE>Country</FIELDLOOKUPTYPE><FIELDNAME>Pick-up Country Region</FIELDNAME><FIELDSEQUENCE>4</FIELDSEQUENCE><ISMANDATORYFIELD>Yes</ISMANDATORYFIELD><TRANSPORTATIONRATINGMETADATAID>P2P</TRANSPORTATIONRATINGMETADATAID></TMSTRANSPORTATIONRATINGMETADATAASSIGNMENTFIELDENTITY><TMSTRANSPORTATIONRATINGMETADATAASSIGNMENTFIELDENTITY><FIELDDATATYPE>String</FIELDDATATYPE><FIELDLOOKUPTYPE>PostalCode</FIELDLOOKUPTYPE><FIELDNAME>Pickup Postal Code</FIELDNAME><FIELDSEQUENCE>1</FIELDSEQUENCE><ISMANDATORYFIELD>Yes</ISMANDATORYFIELD><TRANSPORTATIONRATINGMETADATAID>Piece</TRANSPORTATIONRATINGMETADATAID></TMSTRANSPORTATIONRATINGMETADATAASSIGNMENTFIELDENTITY><TMSTRANSPORTATIONRATINGMETADATAASSIGNMENTFIELDENTITY><FIELDDATATYPE>String</FIELDDATATYPE><FIELDLOOKUPTYPE>PostalCode</FIELDLOOKUPTYPE><FIELDNAME>Drop-off postal code from</FIELDNAME><FIELDSEQUENCE>2</FIELDSEQUENCE><ISMANDATORYFIELD>Yes</ISMANDATORYFIELD><TRANSPORTATIONRATINGMETADATAID>Piece</TRANSPORTATIONRATINGMETADATAID></TMSTRANSPORTATIONRATINGMETADATAASSIGNMENTFIELDENTITY><TMSTRANSPORTATIONRATINGMETADATAASSIGNMENTFIELDENTITY><FIELDDATATYPE>String</FIELDDATATYPE><FIELDLOOKUPTYPE>PostalCode</FIELDLOOKUPTYPE><FIELDNAME>Drop-off postal code to</FIELDNAME><FIELDSEQUENCE>3</FIELDSEQUENCE><ISMANDATORYFIELD>Yes</ISMANDATORYFIELD><TRANSPORTATIONRATINGMETADATAID>Piece</TRANSPORTATIONRATINGMETADATAID></TMSTRANSPORTATIONRATINGMETADATAASSIGNMENTFIELDENTITY><TMSTRANSPORTATIONRATINGMETADATAASSIGNMENTFIELDENTITY><FIELDDATATYPE>String</FIELDDATATYPE><FIELDLOOKUPTYPE>Country</FIELDLOOKUPTYPE><FIELDNAME>Drop-Off Country/region</FIELDNAME><FIELDSEQUENCE>4</FIELDSEQUENCE><ISMANDATORYFIELD>Yes</ISMANDATORYFIELD><TRANSPORTATIONRATINGMETADATAID>Piece</TRANSPORTATIONRATINGMETADATAID></TMSTRANSPORTATIONRATINGMETADATAASSIGNMENTFIELDENTITY><TMSTRANSPORTATIONRATINGMETADATAASSIGNMENTFIELDENTITY><FIELDDATATYPE>String</FIELDDATATYPE><FIELDLOOKUPTYPE>PostalCode</FIELDLOOKUPTYPE><FIELDNAME>Pickup Postal Code</FIELDNAME><FIELDSEQUENCE>1</FIELDSEQUENCE><ISMANDATORYFIELD>Yes</ISMANDATORYFIELD><TRANSPORTATIONRATINGMETADATAID>VolumeSTCC</TRANSPORTATIONRATINGMETADATAID></TMSTRANSPORTATIONRATINGMETADATAASSIGNMENTFIELDENTITY><TMSTRANSPORTATIONRATINGMETADATAASSIGNMENTFIELDENTITY><FIELDDATATYPE>String</FIELDDATATYPE><FIELDLOOKUPTYPE>PostalCode</FIELDLOOKUPTYPE><FIELDNAME>Drop-off postal code from</FIELDNAME><FIELDSEQUENCE>2</FIELDSEQUENCE><ISMANDATORYFIELD>Yes</ISMANDATORYFIELD><TRANSPORTATIONRATINGMETADATAID>VolumeSTCC</TRANSPORTATIONRATINGMETADATAID></TMSTRANSPORTATIONRATINGMETADATAASSIGNMENTFIELDENTITY><TMSTRANSPORTATIONRATINGMETADATAASSIGNMENTFIELDENTITY><FIELDDATATYPE>String</FIELDDATATYPE><FIELDLOOKUPTYPE>PostalCode</FIELDLOOKUPTYPE><FIELDNAME>Drop-off postal code to</FIELDNAME><FIELDSEQUENCE>3</FIELDSEQUENCE><ISMANDATORYFIELD>Yes</ISMANDATORYFIELD><TRANSPORTATIONRATINGMETADATAID>VolumeSTCC</TRANSPORTATIONRATINGMETADATAID></TMSTRANSPORTATIONRATINGMETADATAASSIGNMENTFIELDENTITY><TMSTRANSPORTATIONRATINGMETADATAASSIGNMENTFIELDENTITY><FIELDDATATYPE>String</FIELDDATATYPE><FIELDLOOKUPTYPE>Country</FIELDLOOKUPTYPE><FIELDNAME>Drop-Off Country/region</FIELDNAME><FIELDSEQUENCE>4</FIELDSEQUENCE><ISMANDATORYFIELD>Yes</ISMANDATORYFIELD><TRANSPORTATIONRATINGMETADATAID>VolumeSTCC</TRANSPORTATIONRATINGMETADATAID></TMSTRANSPORTATIONRATINGMETADATAASSIGNMENTFIELDENTITY></Document>