﻿<?xml version="1.0" encoding="utf-8"?><Document><TMSTRANSPORTATIONGENERICENGINEPARAMETERENTITY><PARAMETERNAME>ApportionDetails</PARAMETERNAME><PARAMETERVALUE>Y</PARAMETERVALUE><TRANSPORTATIONGENERICENGINEID>APPSHIPWEIGHT</TRANSPORTATIONGENERICENGINEID></TMSTRANSPORTATIONGENERICENGINEPARAMETERENTITY><TMSTRANSPORTATIONGENERICENGINEPARAMETERENTITY><PARAMETERNAME>ApportionmentLevel</PARAMETERNAME><PARAMETERVALUE>ROUTE|SEGMENT|SHIPMENT|CONTAINER|LINE</PARAMETERVALUE><TRANSPORTATIONGENERICENGINEID>APPSHIPWEIGHT</TRANSPORTATIONGENERICENGINEID></TMSTRANSPORTATIONGENERICENGINEPARAMETERENTITY><TMSTRANSPORTATIONGENERICENGINEPARAMETERENTITY><PARAMETERNAME>ApportionmentUnit</PARAMETERNAME><PARAMETERVALUE>Weight|Weight|Weight|Weight|Weight</PARAMETERVALUE><TRANSPORTATIONGENERICENGINEID>APPSHIPWEIGHT</TRANSPORTATIONGENERICENGINEID></TMSTRANSPORTATIONGENERICENGINEPARAMETERENTITY><TMSTRANSPORTATIONGENERICENGINEPARAMETERENTITY><PARAMETERNAME>ApportionToLevel</PARAMETERNAME><PARAMETERVALUE>SHIPMENT</PARAMETERVALUE><TRANSPORTATIONGENERICENGINEID>APPSHIPWEIGHT</TRANSPORTATIONGENERICENGINEID></TMSTRANSPORTATIONGENERICENGINEPARAMETERENTITY><TMSTRANSPORTATIONGENERICENGINEPARAMETERENTITY><PARAMETERNAME>ApportionDetails</PARAMETERNAME><PARAMETERVALUE>Y</PARAMETERVALUE><TRANSPORTATIONGENERICENGINEID>AppVolume</TRANSPORTATIONGENERICENGINEID></TMSTRANSPORTATIONGENERICENGINEPARAMETERENTITY><TMSTRANSPORTATIONGENERICENGINEPARAMETERENTITY><PARAMETERNAME>ApportionmentLevel</PARAMETERNAME><PARAMETERVALUE>ROUTE|SEGMENT|SHIPMENT|CONTAINER|LINE</PARAMETERVALUE><TRANSPORTATIONGENERICENGINEID>AppVolume</TRANSPORTATIONGENERICENGINEID></TMSTRANSPORTATIONGENERICENGINEPARAMETERENTITY><TMSTRANSPORTATIONGENERICENGINEPARAMETERENTITY><PARAMETERNAME>ApportionmentUnit</PARAMETERNAME><PARAMETERVALUE>Volume|Volume|Volume|Volume|Volume</PARAMETERVALUE><TRANSPORTATIONGENERICENGINEID>AppVolume</TRANSPORTATIONGENERICENGINEID></TMSTRANSPORTATIONGENERICENGINEPARAMETERENTITY><TMSTRANSPORTATIONGENERICENGINEPARAMETERENTITY><PARAMETERNAME>ApportionToLevel</PARAMETERNAME><PARAMETERVALUE>SHIPMENT</PARAMETERVALUE><TRANSPORTATIONGENERICENGINEID>AppVolume</TRANSPORTATIONGENERICENGINEID></TMSTRANSPORTATIONGENERICENGINEPARAMETERENTITY><TMSTRANSPORTATIONGENERICENGINEPARAMETERENTITY><PARAMETERNAME>ApportionDetails</PARAMETERNAME><PARAMETERVALUE>Y</PARAMETERVALUE><TRANSPORTATIONGENERICENGINEID>APPWEIGHT</TRANSPORTATIONGENERICENGINEID></TMSTRANSPORTATIONGENERICENGINEPARAMETERENTITY><TMSTRANSPORTATIONGENERICENGINEPARAMETERENTITY><PARAMETERNAME>ApportionmentDetails</PARAMETERNAME><PARAMETERVALUE>Y</PARAMETERVALUE><TRANSPORTATIONGENERICENGINEID>APPWEIGHT</TRANSPORTATIONGENERICENGINEID></TMSTRANSPORTATIONGENERICENGINEPARAMETERENTITY><TMSTRANSPORTATIONGENERICENGINEPARAMETERENTITY><PARAMETERNAME>ApportionmentLevel</PARAMETERNAME><PARAMETERVALUE>ROUTE|SEGENT|SHIPMENT|CONTAINER|LINE</PARAMETERVALUE><TRANSPORTATIONGENERICENGINEID>APPWEIGHT</TRANSPORTATIONGENERICENGINEID></TMSTRANSPORTATIONGENERICENGINEPARAMETERENTITY><TMSTRANSPORTATIONGENERICENGINEPARAMETERENTITY><PARAMETERNAME>ApportionmentToLevel</PARAMETERNAME><PARAMETERVALUE>SHIPMENT</PARAMETERVALUE><TRANSPORTATIONGENERICENGINEID>APPWEIGHT</TRANSPORTATIONGENERICENGINEID></TMSTRANSPORTATIONGENERICENGINEPARAMETERENTITY><TMSTRANSPORTATIONGENERICENGINEPARAMETERENTITY><PARAMETERNAME>ApportionmentUnit</PARAMETERNAME><PARAMETERVALUE>Weight|Weight|Weight|Weight|Weight</PARAMETERVALUE><TRANSPORTATIONGENERICENGINEID>APPWEIGHT</TRANSPORTATIONGENERICENGINEID></TMSTRANSPORTATIONGENERICENGINEPARAMETERENTITY><TMSTRANSPORTATIONGENERICENGINEPARAMETERENTITY><PARAMETERNAME>ApportionToLevel</PARAMETERNAME><PARAMETERVALUE>SHIPMENT</PARAMETERVALUE><TRANSPORTATIONGENERICENGINEID>APPWEIGHT</TRANSPORTATIONGENERICENGINEID></TMSTRANSPORTATIONGENERICENGINEPARAMETERENTITY></Document>