﻿<?xml version="1.0" encoding="utf-8"?><Document><TMSTRANSPORTATIONGENERICENGINEENTITY><ENGINEASSEMBLYNAME>Microsoft.Dynamics.Ax.Tms.dll</ENGINEASSEMBLYNAME><ENGINEASSEMBLYTYPE>DotNet</ENGINEASSEMBLYTYPE><ENGINECLASSNAME>Microsoft.Dynamics.Ax.Tms.Bll.GenericWeightApportionmentEngine</ENGINECLASSNAME><ENGINEID>APPSHIPWEIGHT</ENGINEID><ENGINENAME>Apportion Weight Engine</ENGINENAME><ENGINETYPE>RateEngine</ENGINETYPE><ISDEFAULTENGINE>No</ISDEFAULTENGINE></TMSTRANSPORTATIONGENERICENGINEENTITY><TMSTRANSPORTATIONGENERICENGINEENTITY><ENGINEASSEMBLYNAME>Microsoft.Dynamics.Ax.Tms.dll</ENGINEASSEMBLYNAME><ENGINEASSEMBLYTYPE>DotNet</ENGINEASSEMBLYTYPE><ENGINECLASSNAME>Microsoft.Dynamics.Ax.Tms.Bll.GenericApportionmentEngine</ENGINECLASSNAME><ENGINEID>AppVolume</ENGINEID><ENGINENAME>Volume Apportionment Engine</ENGINENAME><ENGINETYPE>ApportionmentEngine</ENGINETYPE><ISDEFAULTENGINE>No</ISDEFAULTENGINE></TMSTRANSPORTATIONGENERICENGINEENTITY><TMSTRANSPORTATIONGENERICENGINEENTITY><ENGINEASSEMBLYNAME>Microsoft.Dynamics.Ax.Tms.dll</ENGINEASSEMBLYNAME><ENGINEASSEMBLYTYPE>DotNet</ENGINEASSEMBLYTYPE><ENGINECLASSNAME>Microsoft.Dynamics.Ax.Tms.Bll.GenericApportionmentEngine</ENGINECLASSNAME><ENGINEID>APPWEIGHT</ENGINEID><ENGINENAME>Appointment Engine</ENGINENAME><ENGINETYPE>ApportionmentEngine</ENGINETYPE><ISDEFAULTENGINE>Yes</ISDEFAULTENGINE></TMSTRANSPORTATIONGENERICENGINEENTITY><TMSTRANSPORTATIONGENERICENGINEENTITY><ENGINEASSEMBLYNAME></ENGINEASSEMBLYNAME><ENGINEASSEMBLYTYPE>Xpp</ENGINEASSEMBLYTYPE><ENGINECLASSNAME>TMSMod10CheckDigitCalculator</ENGINECLASSNAME><ENGINEID>CHECKDIGIT</ENGINEID><ENGINENAME>CheckDigit</ENGINENAME><ENGINETYPE>CheckDigit</ENGINETYPE><ISDEFAULTENGINE>No</ISDEFAULTENGINE></TMSTRANSPORTATIONGENERICENGINEENTITY></Document>