﻿<?xml version="1.0" encoding="utf-8"?><Document><TMSTRANSPORTATIONRATINGMETADATARATEBASEFIELDENTITY><FIELDDATATYPE>String</FIELDDATATYPE><FIELDLOOKUPTYPE>LTLClass</FIELDLOOKUPTYPE><FIELDNAME>Class</FIELDNAME><FIELDSEQUENCE>1</FIELDSEQUENCE><ISMANDATORYFIELD>Yes</ISMANDATORYFIELD><TRANSPORTATIONRATINGMETADATAID>LTL</TRANSPORTATIONRATINGMETADATAID></TMSTRANSPORTATIONRATINGMETADATARATEBASEFIELDENTITY><TMSTRANSPORTATIONRATINGMETADATARATEBASEFIELDENTITY><FIELDDATATYPE>String</FIELDDATATYPE><FIELDLOOKUPTYPE>None</FIELDLOOKUPTYPE><FIELDNAME>Miles</FIELDNAME><FIELDSEQUENCE>2</FIELDSEQUENCE><ISMANDATORYFIELD>Yes</ISMANDATORYFIELD><TRANSPORTATIONRATINGMETADATAID>LTL</TRANSPORTATIONRATINGMETADATAID></TMSTRANSPORTATIONRATINGMETADATARATEBASEFIELDENTITY><TMSTRANSPORTATIONRATINGMETADATARATEBASEFIELDENTITY><FIELDDATATYPE>String</FIELDDATATYPE><FIELDLOOKUPTYPE>PostalCode</FIELDLOOKUPTYPE><FIELDNAME>Drop-off postal code from</FIELDNAME><FIELDSEQUENCE>1</FIELDSEQUENCE><ISMANDATORYFIELD>Yes</ISMANDATORYFIELD><TRANSPORTATIONRATINGMETADATAID>LTLFak</TRANSPORTATIONRATINGMETADATAID></TMSTRANSPORTATIONRATINGMETADATARATEBASEFIELDENTITY><TMSTRANSPORTATIONRATINGMETADATARATEBASEFIELDENTITY><FIELDDATATYPE>String</FIELDDATATYPE><FIELDLOOKUPTYPE>PostalCode</FIELDLOOKUPTYPE><FIELDNAME>Drop-off postal code to</FIELDNAME><FIELDSEQUENCE>2</FIELDSEQUENCE><ISMANDATORYFIELD>Yes</ISMANDATORYFIELD><TRANSPORTATIONRATINGMETADATAID>LTLFak</TRANSPORTATIONRATINGMETADATAID></TMSTRANSPORTATIONRATINGMETADATARATEBASEFIELDENTITY><TMSTRANSPORTATIONRATINGMETADATARATEBASEFIELDENTITY><FIELDDATATYPE>String</FIELDDATATYPE><FIELDLOOKUPTYPE>None</FIELDLOOKUPTYPE><FIELDNAME>Rating class</FIELDNAME><FIELDSEQUENCE>3</FIELDSEQUENCE><ISMANDATORYFIELD>No</ISMANDATORYFIELD><TRANSPORTATIONRATINGMETADATAID>LTLFak</TRANSPORTATIONRATINGMETADATAID></TMSTRANSPORTATIONRATINGMETADATARATEBASEFIELDENTITY><TMSTRANSPORTATIONRATINGMETADATARATEBASEFIELDENTITY><FIELDDATATYPE>String</FIELDDATATYPE><FIELDLOOKUPTYPE>None</FIELDLOOKUPTYPE><FIELDNAME>Weight</FIELDNAME><FIELDSEQUENCE>4</FIELDSEQUENCE><ISMANDATORYFIELD>No</ISMANDATORYFIELD><TRANSPORTATIONRATINGMETADATAID>LTLFak</TRANSPORTATIONRATINGMETADATAID></TMSTRANSPORTATIONRATINGMETADATARATEBASEFIELDENTITY><TMSTRANSPORTATIONRATINGMETADATARATEBASEFIELDENTITY><FIELDDATATYPE>Real</FIELDDATATYPE><FIELDLOOKUPTYPE>None</FIELDLOOKUPTYPE><FIELDNAME>AddOnCharge</FIELDNAME><FIELDSEQUENCE>1</FIELDSEQUENCE><ISMANDATORYFIELD>No</ISMANDATORYFIELD><TRANSPORTATIONRATINGMETADATAID>Milage</TRANSPORTATIONRATINGMETADATAID></TMSTRANSPORTATIONRATINGMETADATARATEBASEFIELDENTITY><TMSTRANSPORTATIONRATINGMETADATARATEBASEFIELDENTITY><FIELDDATATYPE>Integer</FIELDDATATYPE><FIELDLOOKUPTYPE>None</FIELDLOOKUPTYPE><FIELDNAME>Milage</FIELDNAME><FIELDSEQUENCE>2</FIELDSEQUENCE><ISMANDATORYFIELD>Yes</ISMANDATORYFIELD><TRANSPORTATIONRATINGMETADATAID>Milage</TRANSPORTATIONRATINGMETADATAID></TMSTRANSPORTATIONRATINGMETADATARATEBASEFIELDENTITY><TMSTRANSPORTATIONRATINGMETADATARATEBASEFIELDENTITY><FIELDDATATYPE>Real</FIELDDATATYPE><FIELDLOOKUPTYPE>None</FIELDLOOKUPTYPE><FIELDNAME>AddOnCharge</FIELDNAME><FIELDSEQUENCE>1</FIELDSEQUENCE><ISMANDATORYFIELD>No</ISMANDATORYFIELD><TRANSPORTATIONRATINGMETADATAID>Mileage</TRANSPORTATIONRATINGMETADATAID></TMSTRANSPORTATIONRATINGMETADATARATEBASEFIELDENTITY><TMSTRANSPORTATIONRATINGMETADATARATEBASEFIELDENTITY><FIELDDATATYPE>Integer</FIELDDATATYPE><FIELDLOOKUPTYPE>None</FIELDLOOKUPTYPE><FIELDNAME>Mileage</FIELDNAME><FIELDSEQUENCE>2</FIELDSEQUENCE><ISMANDATORYFIELD>Yes</ISMANDATORYFIELD><TRANSPORTATIONRATINGMETADATAID>Mileage</TRANSPORTATIONRATINGMETADATAID></TMSTRANSPORTATIONRATINGMETADATARATEBASEFIELDENTITY><TMSTRANSPORTATIONRATINGMETADATARATEBASEFIELDENTITY><FIELDDATATYPE>String</FIELDDATATYPE><FIELDLOOKUPTYPE>City</FIELDLOOKUPTYPE><FIELDNAME>Drop-off City</FIELDNAME><FIELDSEQUENCE>1</FIELDSEQUENCE><ISMANDATORYFIELD>No</ISMANDATORYFIELD><TRANSPORTATIONRATINGMETADATAID>P2P</TRANSPORTATIONRATINGMETADATAID></TMSTRANSPORTATIONRATINGMETADATARATEBASEFIELDENTITY><TMSTRANSPORTATIONRATINGMETADATARATEBASEFIELDENTITY><FIELDDATATYPE>String</FIELDDATATYPE><FIELDLOOKUPTYPE>State</FIELDLOOKUPTYPE><FIELDNAME>Drop-off State</FIELDNAME><FIELDSEQUENCE>2</FIELDSEQUENCE><ISMANDATORYFIELD>No</ISMANDATORYFIELD><TRANSPORTATIONRATINGMETADATAID>P2P</TRANSPORTATIONRATINGMETADATAID></TMSTRANSPORTATIONRATINGMETADATARATEBASEFIELDENTITY><TMSTRANSPORTATIONRATINGMETADATARATEBASEFIELDENTITY><FIELDDATATYPE>String</FIELDDATATYPE><FIELDLOOKUPTYPE>PostalCode</FIELDLOOKUPTYPE><FIELDNAME>Drop-off Postal Code From</FIELDNAME><FIELDSEQUENCE>3</FIELDSEQUENCE><ISMANDATORYFIELD>No</ISMANDATORYFIELD><TRANSPORTATIONRATINGMETADATAID>P2P</TRANSPORTATIONRATINGMETADATAID></TMSTRANSPORTATIONRATINGMETADATARATEBASEFIELDENTITY><TMSTRANSPORTATIONRATINGMETADATARATEBASEFIELDENTITY><FIELDDATATYPE>String</FIELDDATATYPE><FIELDLOOKUPTYPE>PostalCode</FIELDLOOKUPTYPE><FIELDNAME>Drop-off Postal Code To</FIELDNAME><FIELDSEQUENCE>4</FIELDSEQUENCE><ISMANDATORYFIELD>Yes</ISMANDATORYFIELD><TRANSPORTATIONRATINGMETADATAID>P2P</TRANSPORTATIONRATINGMETADATAID></TMSTRANSPORTATIONRATINGMETADATARATEBASEFIELDENTITY><TMSTRANSPORTATIONRATINGMETADATARATEBASEFIELDENTITY><FIELDDATATYPE>String</FIELDDATATYPE><FIELDLOOKUPTYPE>Country</FIELDLOOKUPTYPE><FIELDNAME>Drop-off Country Region</FIELDNAME><FIELDSEQUENCE>5</FIELDSEQUENCE><ISMANDATORYFIELD>Yes</ISMANDATORYFIELD><TRANSPORTATIONRATINGMETADATAID>P2P</TRANSPORTATIONRATINGMETADATAID></TMSTRANSPORTATIONRATINGMETADATARATEBASEFIELDENTITY><TMSTRANSPORTATIONRATINGMETADATARATEBASEFIELDENTITY><FIELDDATATYPE>Real</FIELDDATATYPE><FIELDLOOKUPTYPE>None</FIELDLOOKUPTYPE><FIELDNAME>Rate Placeholder</FIELDNAME><FIELDSEQUENCE>6</FIELDSEQUENCE><ISMANDATORYFIELD>Yes</ISMANDATORYFIELD><TRANSPORTATIONRATINGMETADATAID>P2P</TRANSPORTATIONRATINGMETADATAID></TMSTRANSPORTATIONRATINGMETADATARATEBASEFIELDENTITY><TMSTRANSPORTATIONRATINGMETADATARATEBASEFIELDENTITY><FIELDDATATYPE>Real</FIELDDATATYPE><FIELDLOOKUPTYPE>None</FIELDLOOKUPTYPE><FIELDNAME>Pieces</FIELDNAME><FIELDSEQUENCE>1</FIELDSEQUENCE><ISMANDATORYFIELD>Yes</ISMANDATORYFIELD><TRANSPORTATIONRATINGMETADATAID>Piece</TRANSPORTATIONRATINGMETADATAID></TMSTRANSPORTATIONRATINGMETADATARATEBASEFIELDENTITY><TMSTRANSPORTATIONRATINGMETADATARATEBASEFIELDENTITY><FIELDDATATYPE>Integer</FIELDDATATYPE><FIELDLOOKUPTYPE>None</FIELDLOOKUPTYPE><FIELDNAME>Zone</FIELDNAME><FIELDSEQUENCE>1</FIELDSEQUENCE><ISMANDATORYFIELD>Yes</ISMANDATORYFIELD><TRANSPORTATIONRATINGMETADATAID>PostalZoneWeight</TRANSPORTATIONRATINGMETADATAID></TMSTRANSPORTATIONRATINGMETADATARATEBASEFIELDENTITY><TMSTRANSPORTATIONRATINGMETADATARATEBASEFIELDENTITY><FIELDDATATYPE>Real</FIELDDATATYPE><FIELDLOOKUPTYPE>None</FIELDLOOKUPTYPE><FIELDNAME>Weight</FIELDNAME><FIELDSEQUENCE>2</FIELDSEQUENCE><ISMANDATORYFIELD>Yes</ISMANDATORYFIELD><TRANSPORTATIONRATINGMETADATAID>PostalZoneWeight</TRANSPORTATIONRATINGMETADATAID></TMSTRANSPORTATIONRATINGMETADATARATEBASEFIELDENTITY><TMSTRANSPORTATIONRATINGMETADATARATEBASEFIELDENTITY><FIELDDATATYPE>String</FIELDDATATYPE><FIELDLOOKUPTYPE>STCC</FIELDLOOKUPTYPE><FIELDNAME>STCC</FIELDNAME><FIELDSEQUENCE>1</FIELDSEQUENCE><ISMANDATORYFIELD>Yes</ISMANDATORYFIELD><TRANSPORTATIONRATINGMETADATAID>VolumeSTCC</TRANSPORTATIONRATINGMETADATAID></TMSTRANSPORTATIONRATINGMETADATARATEBASEFIELDENTITY><TMSTRANSPORTATIONRATINGMETADATARATEBASEFIELDENTITY><FIELDDATATYPE>Real</FIELDDATATYPE><FIELDLOOKUPTYPE>None</FIELDLOOKUPTYPE><FIELDNAME>Volume</FIELDNAME><FIELDSEQUENCE>2</FIELDSEQUENCE><ISMANDATORYFIELD>Yes</ISMANDATORYFIELD><TRANSPORTATIONRATINGMETADATAID>VolumeSTCC</TRANSPORTATIONRATINGMETADATAID></TMSTRANSPORTATIONRATINGMETADATARATEBASEFIELDENTITY></Document>