﻿<?xml version="1.0" encoding="utf-8"?><Document><TMSTRANSPORTATIONZONEENGINEENTITY><ENGINEDESCRIPTION>PostalCodeZoneEngine</ENGINEDESCRIPTION><ENGINEID>PostalCodeZoneEngine</ENGINEID><ZONEENGINEASSEMBLYNAME>Microsoft.Dynamics.Ax.Tms.dll</ZONEENGINEASSEMBLYNAME><ZONEENGINECLASSNAME>Microsoft.Dynamics.Ax.Tms.Bll.PostalCodeZoneEngine</ZONEENGINECLASSNAME></TMSTRANSPORTATIONZONEENGINEENTITY><TMSTRANSPORTATIONZONEENGINEENTITY><ENGINEDESCRIPTION>State Zone Engine</ENGINEDESCRIPTION><ENGINEID>StateZoneEngine</ENGINEID><ZONEENGINEASSEMBLYNAME>Microsoft.Dynamics.Ax.Tms.dll</ZONEENGINEASSEMBLYNAME><ZONEENGINECLASSNAME>Microsoft.Dynamics.Ax.Tms.Bll.StateZoneEngine</ZONEENGINECLASSNAME></TMSTRANSPORTATIONZONEENGINEENTITY></Document>