﻿<?xml version="1.0" encoding="utf-8"?><Document><WHSWAREHOUSELOCATIONDIRECTIVELINEENTITY><IMMEDIATEWAREHOUSEREPLENISHMENTTEMPLATEID></IMMEDIATEWAREHOUSEREPLENISHMENTTEMPLATEID><ISPACKINGQUANTITYLOCATED>No</ISPACKINGQUANTITYLOCATED><ISUNITOFMEASURERESTRICTIONENABLED>No</ISUNITOFMEASURERESTRICTIONENABLED><ISWAREHOUSEWORKORDERLINESPLITTINGALLOWED>No</ISWAREHOUSEWORKORDERLINESPLITTINGALLOWED><LOCATEQUANTITYMETHOD>None</LOCATEQUANTITYMETHOD><MAXIMUMWAREHOUSEWORKORDERLINEQUANTITY>99999.000000</MAXIMUMWAREHOUSEWORKORDERLINEQUANTITY><MINIMUMWAREHOUSEWORKORDERLINEQUANTITY>1.000000</MINIMUMWAREHOUSEWORKORDERLINEQUANTITY><SEQUENCENUMBER>1</SEQUENCENUMBER><WAREHOUSELOCATIONDIRECTIVEID>WD-WH Direct</WAREHOUSELOCATIONDIRECTIVEID><WAREHOUSELOCATIONDIRECTIVEINVENTORYSITEID>WD</WAREHOUSELOCATIONDIRECTIVEINVENTORYSITEID><WAREHOUSELOCATIONDIRECTIVEWAREHOUSEID>WD-WH</WAREHOUSELOCATIONDIRECTIVEWAREHOUSEID><WAREHOUSELOCATIONDIRECTIVEWORKORDERTYPE>Purch</WAREHOUSELOCATIONDIRECTIVEWORKORDERTYPE><WAREHOUSELOCATIONDIRECTIVEWORKTYPE>Put</WAREHOUSELOCATIONDIRECTIVEWORKTYPE><WAREHOUSEWORKORDERLINEQUANTITYUNITSYMBOL>ea</WAREHOUSEWORKORDERLINEQUANTITYUNITSYMBOL><WILLRESTRICTINGUNITQUANTITYCALCULATIONROUNDUP>No</WILLRESTRICTINGUNITQUANTITYCALCULATIONROUNDUP></WHSWAREHOUSELOCATIONDIRECTIVELINEENTITY><WHSWAREHOUSELOCATIONDIRECTIVELINEENTITY><IMMEDIATEWAREHOUSEREPLENISHMENTTEMPLATEID></IMMEDIATEWAREHOUSEREPLENISHMENTTEMPLATEID><ISPACKINGQUANTITYLOCATED>No</ISPACKINGQUANTITYLOCATED><ISUNITOFMEASURERESTRICTIONENABLED>Yes</ISUNITOFMEASURERESTRICTIONENABLED><ISWAREHOUSEWORKORDERLINESPLITTINGALLOWED>No</ISWAREHOUSEWORKORDERLINESPLITTINGALLOWED><LOCATEQUANTITYMETHOD>None</LOCATEQUANTITYMETHOD><MAXIMUMWAREHOUSEWORKORDERLINEQUANTITY>99999.000000</MAXIMUMWAREHOUSEWORKORDERLINEQUANTITY><MINIMUMWAREHOUSEWORKORDERLINEQUANTITY>1.000000</MINIMUMWAREHOUSEWORKORDERLINEQUANTITY><SEQUENCENUMBER>1</SEQUENCENUMBER><WAREHOUSELOCATIONDIRECTIVEID>WD-WH SO Pick</WAREHOUSELOCATIONDIRECTIVEID><WAREHOUSELOCATIONDIRECTIVEINVENTORYSITEID>WD</WAREHOUSELOCATIONDIRECTIVEINVENTORYSITEID><WAREHOUSELOCATIONDIRECTIVEWAREHOUSEID>WD-WH</WAREHOUSELOCATIONDIRECTIVEWAREHOUSEID><WAREHOUSELOCATIONDIRECTIVEWORKORDERTYPE>Sales</WAREHOUSELOCATIONDIRECTIVEWORKORDERTYPE><WAREHOUSELOCATIONDIRECTIVEWORKTYPE>Pick</WAREHOUSELOCATIONDIRECTIVEWORKTYPE><WAREHOUSEWORKORDERLINEQUANTITYUNITSYMBOL></WAREHOUSEWORKORDERLINEQUANTITYUNITSYMBOL><WILLRESTRICTINGUNITQUANTITYCALCULATIONROUNDUP>No</WILLRESTRICTINGUNITQUANTITYCALCULATIONROUNDUP></WHSWAREHOUSELOCATIONDIRECTIVELINEENTITY><WHSWAREHOUSELOCATIONDIRECTIVELINEENTITY><IMMEDIATEWAREHOUSEREPLENISHMENTTEMPLATEID></IMMEDIATEWAREHOUSEREPLENISHMENTTEMPLATEID><ISPACKINGQUANTITYLOCATED>No</ISPACKINGQUANTITYLOCATED><ISUNITOFMEASURERESTRICTIONENABLED>No</ISUNITOFMEASURERESTRICTIONENABLED><ISWAREHOUSEWORKORDERLINESPLITTINGALLOWED>Yes</ISWAREHOUSEWORKORDERLINESPLITTINGALLOWED><LOCATEQUANTITYMETHOD>None</LOCATEQUANTITYMETHOD><MAXIMUMWAREHOUSEWORKORDERLINEQUANTITY>99999.000000</MAXIMUMWAREHOUSEWORKORDERLINEQUANTITY><MINIMUMWAREHOUSEWORKORDERLINEQUANTITY>1.000000</MINIMUMWAREHOUSEWORKORDERLINEQUANTITY><SEQUENCENUMBER>2</SEQUENCENUMBER><WAREHOUSELOCATIONDIRECTIVEID>WD-WH SO Pick</WAREHOUSELOCATIONDIRECTIVEID><WAREHOUSELOCATIONDIRECTIVEINVENTORYSITEID>WD</WAREHOUSELOCATIONDIRECTIVEINVENTORYSITEID><WAREHOUSELOCATIONDIRECTIVEWAREHOUSEID>WD-WH</WAREHOUSELOCATIONDIRECTIVEWAREHOUSEID><WAREHOUSELOCATIONDIRECTIVEWORKORDERTYPE>Sales</WAREHOUSELOCATIONDIRECTIVEWORKORDERTYPE><WAREHOUSELOCATIONDIRECTIVEWORKTYPE>Pick</WAREHOUSELOCATIONDIRECTIVEWORKTYPE><WAREHOUSEWORKORDERLINEQUANTITYUNITSYMBOL></WAREHOUSEWORKORDERLINEQUANTITYUNITSYMBOL><WILLRESTRICTINGUNITQUANTITYCALCULATIONROUNDUP>No</WILLRESTRICTINGUNITQUANTITYCALCULATIONROUNDUP></WHSWAREHOUSELOCATIONDIRECTIVELINEENTITY><WHSWAREHOUSELOCATIONDIRECTIVELINEENTITY><IMMEDIATEWAREHOUSEREPLENISHMENTTEMPLATEID></IMMEDIATEWAREHOUSEREPLENISHMENTTEMPLATEID><ISPACKINGQUANTITYLOCATED>No</ISPACKINGQUANTITYLOCATED><ISUNITOFMEASURERESTRICTIONENABLED>Yes</ISUNITOFMEASURERESTRICTIONENABLED><ISWAREHOUSEWORKORDERLINESPLITTINGALLOWED>No</ISWAREHOUSEWORKORDERLINESPLITTINGALLOWED><LOCATEQUANTITYMETHOD>None</LOCATEQUANTITYMETHOD><MAXIMUMWAREHOUSEWORKORDERLINEQUANTITY>99999.000000</MAXIMUMWAREHOUSEWORKORDERLINEQUANTITY><MINIMUMWAREHOUSEWORKORDERLINEQUANTITY>1.000000</MINIMUMWAREHOUSEWORKORDERLINEQUANTITY><SEQUENCENUMBER>1</SEQUENCENUMBER><WAREHOUSELOCATIONDIRECTIVEID>WD-WH SO Put</WAREHOUSELOCATIONDIRECTIVEID><WAREHOUSELOCATIONDIRECTIVEINVENTORYSITEID>WD</WAREHOUSELOCATIONDIRECTIVEINVENTORYSITEID><WAREHOUSELOCATIONDIRECTIVEWAREHOUSEID>WD-WH</WAREHOUSELOCATIONDIRECTIVEWAREHOUSEID><WAREHOUSELOCATIONDIRECTIVEWORKORDERTYPE>Sales</WAREHOUSELOCATIONDIRECTIVEWORKORDERTYPE><WAREHOUSELOCATIONDIRECTIVEWORKTYPE>Put</WAREHOUSELOCATIONDIRECTIVEWORKTYPE><WAREHOUSEWORKORDERLINEQUANTITYUNITSYMBOL>ea</WAREHOUSEWORKORDERLINEQUANTITYUNITSYMBOL><WILLRESTRICTINGUNITQUANTITYCALCULATIONROUNDUP>No</WILLRESTRICTINGUNITQUANTITYCALCULATIONROUNDUP></WHSWAREHOUSELOCATIONDIRECTIVELINEENTITY></Document>