﻿<?xml version="1.0" encoding="utf-8"?><Document><WHSWAREHOUSEMANAGEMENTPARAMETERSV2ENTITY><ALLOWMIXINGBATCHESDAYS>0</ALLOWMIXINGBATCHESDAYS><ARECUSTOMERFILTERSENABLED>No</ARECUSTOMERFILTERSENABLED><AREORDERPROCESSESCREATINGLOADHISTORYLOG>No</AREORDERPROCESSESCREATINGLOADHISTORYLOG><AREVENDORFILTERSENABLED>No</AREVENDORFILTERSENABLED><AREWAREHOUSEMOBILEDEVICESESSIONSLOGGED>Yes</AREWAREHOUSEMOBILEDEVICESESSIONSLOGGED><AREWAREHOUSEPROCESSESCREATINGLOADHISTORYLOG>No</AREWAREHOUSEPROCESSESCREATINGLOADHISTORYLOG><AREWAVESBATCHPROCESSED>Yes</AREWAVESBATCHPROCESSED><AUTOMATICALLYDISABLEWORKCREATIONHISTORYLOGAT>2024-08-28T20:34:38</AUTOMATICALLYDISABLEWORKCREATIONHISTORYLOGAT><BARCODEDATAENDOFTRANSMISSIONREPLACEMENT></BARCODEDATAENDOFTRANSMISSIONREPLACEMENT><BARCODEDATARECORDSEPARATORREPLACEMENT></BARCODEDATARECORDSEPARATORREPLACEMENT><BILLOFLADINGFOOTERTEXT></BILLOFLADINGFOOTERTEXT><CLEANUPARCHIVEDWAREHOUSERESERVATIONTRANSACTIONSAFTERDAYS>0</CLEANUPARCHIVEDWAREHOUSERESERVATIONTRANSACTIONSAFTERDAYS><CLEANUPINVENTORYUPDATELOGAFTERDAYS>10</CLEANUPINVENTORYUPDATELOGAFTERDAYS><CUSTOMLABELSPRINTBUTTONSDISPLAYPOLICY>Never</CUSTOMLABELSPRINTBUTTONSDISPLAYPOLICY><DEFAULTBARCODESETUPID></DEFAULTBARCODESETUPID><DEFAULTBILLOFLADINGNOTETYPE></DEFAULTBILLOFLADINGNOTETYPE><DEFAULTCONTAINERTYPEID></DEFAULTCONTAINERTYPEID><DEFAULTCUSTOMERFILTERCODE></DEFAULTCUSTOMERFILTERCODE><DefaultCustomerFilterCode10_></DefaultCustomerFilterCode10_><DefaultCustomerFilterCode2_></DefaultCustomerFilterCode2_><DefaultCustomerFilterCode3_></DefaultCustomerFilterCode3_><DefaultCustomerFilterCode4_></DefaultCustomerFilterCode4_><DefaultCustomerFilterCode5_></DefaultCustomerFilterCode5_><DefaultCustomerFilterCode6_></DefaultCustomerFilterCode6_><DefaultCustomerFilterCode7_></DefaultCustomerFilterCode7_><DefaultCustomerFilterCode8_></DefaultCustomerFilterCode8_><DefaultCustomerFilterCode9_></DefaultCustomerFilterCode9_><DEFAULTCYCLECOUNTINGADJUSTMENTTYPECODE>COUNT</DEFAULTCYCLECOUNTINGADJUSTMENTTYPECODE><DEFAULTCYCLECOUNTWORKCLASSID>CYCLECOUNT</DEFAULTCYCLECOUNTWORKCLASSID><DEFAULTCYCLECOUNTWORKPRIORITY>50</DEFAULTCYCLECOUNTWORKPRIORITY><DEFAULTFINALSHIPPINGWAREHOUSELOCATIONTYPEID>SHIPPING</DEFAULTFINALSHIPPINGWAREHOUSELOCATIONTYPEID><DEFAULTINGFREIGHTCOUNTINGPARTY>ByShipper</DEFAULTINGFREIGHTCOUNTINGPARTY><DEFAULTINVENTORYADJUSTMENTTYPECODE></DEFAULTINVENTORYADJUSTMENTTYPECODE><DEFAULTINVENTORYFILTERWILDCARD></DEFAULTINVENTORYFILTERWILDCARD><DEFAULTINVENTORYSTATUSID>AVAILABLE</DEFAULTINVENTORYSTATUSID><DEFAULTINVENTORYTRANSFERJOURNALNAMEID>ITRF</DEFAULTINVENTORYTRANSFERJOURNALNAMEID><DEFAULTITEMARRIVALORDERJOURNALID>WHS</DEFAULTITEMARRIVALORDERJOURNALID><DEFAULTLICENSEPLATEUNITSYMBOL></DEFAULTLICENSEPLATEUNITSYMBOL><DEFAULTLOADREPORTNOTETYPE></DEFAULTLOADREPORTNOTETYPE><DEFAULTPACKINGSCREENNOTETYPE>Note</DEFAULTPACKINGSCREENNOTETYPE><DEFAULTSHIPMENTPICKINGLISTNOTETYPE></DEFAULTSHIPMENTPICKINGLISTNOTETYPE><DEFAULTSTAGINGWAREHOUSELOCATIONTYPEID>STAGING</DEFAULTSTAGINGWAREHOUSELOCATIONTYPEID><DEFAULTUSERWAREHOUSELOCATIONPROFILEID>USER</DEFAULTUSERWAREHOUSELOCATIONPROFILEID><DEFAULTVENDORFILTERCODE></DEFAULTVENDORFILTERCODE><DefaultVendorFilterCode10_></DefaultVendorFilterCode10_><DefaultVendorFilterCode2_></DefaultVendorFilterCode2_><DefaultVendorFilterCode3_></DefaultVendorFilterCode3_><DefaultVendorFilterCode4_></DefaultVendorFilterCode4_><DefaultVendorFilterCode5_></DefaultVendorFilterCode5_><DefaultVendorFilterCode6_></DefaultVendorFilterCode6_><DefaultVendorFilterCode7_></DefaultVendorFilterCode7_><DefaultVendorFilterCode8_></DefaultVendorFilterCode8_><DefaultVendorFilterCode9_></DefaultVendorFilterCode9_><DEFAULTWAREHOUSEWORKPRIORITY>50</DEFAULTWAREHOUSEWORKPRIORITY><DEFAULTWAVEPROCESSINGBATCHGROUP></DEFAULTWAVEPROCESSINGBATCHGROUP><DEFAULTWORKUSERID>DM</DEFAULTWORKUSERID><ENABLEHAZARDOUSMATERIALSDESCRIPTIONPRINTING>No</ENABLEHAZARDOUSMATERIALSDESCRIPTIONPRINTING><ENABLELABELLAYOUTSFORLICENSEPLATELABELS>No</ENABLELABELLAYOUTSFORLICENSEPLATELABELS><ENABLERETURNDETAILSCREATION>No</ENABLERETURNDETAILSCREATION><ENABLERETURNORDERCREATIONFROMMOBILEDEVICE>No</ENABLERETURNORDERCREATIONFROMMOBILEDEVICE><ENABLESALESLOADLINEPICKINGROUTE>No</ENABLESALESLOADLINEPICKINGROUTE><GENERALWORKPROCESSINGPOLICYNAME></GENERALWORKPROCESSINGPOLICYNAME><GS1CODE128PREFIX></GS1CODE128PREFIX><GS1COMPANYPREFIX></GS1COMPANYPREFIX><GS1DATAMATRIXPREFIX></GS1DATAMATRIXPREFIX><GS1DIGITALLINKPREFIX></GS1DIGITALLINKPREFIX><GS1GROUPSEPARATORREPLACEMENT></GS1GROUPSEPARATORREPLACEMENT><GS1QRCODEPREFIX></GS1QRCODEPREFIX><GS1UNKNOWNAPPLICATIONIDENTIFIERPOLICY>Ignore</GS1UNKNOWNAPPLICATIONIDENTIFIERPOLICY><HAZARDOUSMATERIALSDEFAULTEMERGENCYCODE></HAZARDOUSMATERIALSDEFAULTEMERGENCYCODE><HAZARDOUSMATERIALSDEFAULTREGULATIONCODE></HAZARDOUSMATERIALSDEFAULTREGULATIONCODE><HAZARDOUSMATERIALSGROUPDESCRIPTION></HAZARDOUSMATERIALSGROUPDESCRIPTION><HAZARDOUSMATERIALSREGULATIONCODEFORMULTIMODALDANGEROUSGOODSREPORT></HAZARDOUSMATERIALSREGULATIONCODEFORMULTIMODALDANGEROUSGOODSREPORT><HAZARDOUSMATERIALSREGULATIONCODEFORSTOCKLIMITSEVALUATION></HAZARDOUSMATERIALSREGULATIONCODEFORSTOCKLIMITSEVALUATION><HAZARDOUSMATERIALSREPORTLANGUAGEFORDOMESTICSHIPMENTS></HAZARDOUSMATERIALSREPORTLANGUAGEFORDOMESTICSHIPMENTS><HAZARDOUSMATERIALSREPORTLANGUAGEFORINTERNATIONALSHIPMENTS></HAZARDOUSMATERIALSREPORTLANGUAGEFORINTERNATIONALSHIPMENTS><HAZARDOUSMATERIALSSHIPMENTDECLARATIONFOOTER></HAZARDOUSMATERIALSSHIPMENTDECLARATIONFOOTER><HAZARDOUSMATERIALSSHIPMENTDECLARATIONWARNING></HAZARDOUSMATERIALSSHIPMENTDECLARATIONWARNING><ISARCHIVEDWAREHOUSERESERVATIONTRANSACTIONSCLEANUPENABLED>Yes</ISARCHIVEDWAREHOUSERESERVATIONTRANSACTIONSCLEANUPENABLED><ISCONTAINERIZATIONHISTORYLOGCREATED>Yes</ISCONTAINERIZATIONHISTORYLOGCREATED><ISEARLYTOTEREUSEENABLED>No</ISEARLYTOTEREUSEENABLED><ISINVENTORYSTATUSDEFAULTEDFOROUTBOUNDORDERS>Yes</ISINVENTORYSTATUSDEFAULTEDFOROUTBOUNDORDERS><ISLICENSEPLATERECEIVINGHISTORYENABLED>No</ISLICENSEPLATERECEIVINGHISTORYENABLED><ISMULTIPLEPRODUCTRECEIPTALLOWEDFORLOAD>No</ISMULTIPLEPRODUCTRECEIPTALLOWEDFORLOAD><ISORDERDELETEAUTOMATICALLYDELETINGLOAD>No</ISORDERDELETEAUTOMATICALLYDELETINGLOAD><ISPENDINGALLOCATIONLOGCREATED>No</ISPENDINGALLOCATIONLOGCREATED><ISPURCHASEORDERENTRYAUTOMATICALLYCREATINGLOAD>No</ISPURCHASEORDERENTRYAUTOMATICALLYCREATINGLOAD><ISPURCHASEORDERRECEIVINGAUTOMATICALLYCREATINGLOAD>No</ISPURCHASEORDERRECEIVINGAUTOMATICALLYCREATINGLOAD><ISPURCHASEORDERREGISTRATIONINEXTERNALREVIEWENABLED>No</ISPURCHASEORDERREGISTRATIONINEXTERNALREVIEWENABLED><ISRELEASETOWAREHOUSEERRORONBATCHFAILUREENABLED>No</ISRELEASETOWAREHOUSEERRORONBATCHFAILUREENABLED><ISRSATFORMOBILEENABLED>No</ISRSATFORMOBILEENABLED><ISSALESORDERENTRYAUTOMATICALLYCREATINGLOAD>No</ISSALESORDERENTRYAUTOMATICALLYCREATINGLOAD><ISTEMPORARYWORKTABLERETAINED>Yes</ISTEMPORARYWORKTABLERETAINED><ISTRANSFERORDERENTRYAUTOMATICALLYCREATINGLOAD>No</ISTRANSFERORDERENTRYAUTOMATICALLYCREATINGLOAD><ISWAVEBATCHNOTIFICATIONSDISABLED>No</ISWAVEBATCHNOTIFICATIONSDISABLED><ISWAVEPROCESSINGCONSOLIDATINGLOADS>No</ISWAVEPROCESSINGCONSOLIDATINGLOADS><ISWAVEPROCESSINGHISTORYLOGCREATED>Yes</ISWAVEPROCESSINGHISTORYLOGCREATED><ISWAVEPROGRESSLOGCREATED>Yes</ISWAVEPROGRESSLOGCREATED><ISWORKCANCELLATIONUNREGISTERINGRECEPT>No</ISWORKCANCELLATIONUNREGISTERINGRECEPT><ISWORKCREATIONHISTORYLOGCREATED>No</ISWORKCREATIONHISTORYLOGCREATED><LICENSEPLATETRACKINGVALIDATION>Error</LICENSEPLATETRACKINGVALIDATION><LOADRECEIVINGCOMPLETEDCONFIRMATIONPOLICYFORPURCHASEORDERS>Disabled</LOADRECEIVINGCOMPLETEDCONFIRMATIONPOLICYFORPURCHASEORDERS><LOADSYNCHRONIZATIONPOLICY>Invalidate</LOADSYNCHRONIZATIONPOLICY><MAXIMUMSTOREDWAREHOUSEMOBILEDEVICEERRORS>100</MAXIMUMSTOREDWAREHOUSEMOBILEDEVICEERRORS><MISSINGASNITEMWORKEXCEPTIONCODE>ASN</MISSINGASNITEMWORKEXCEPTIONCODE><MISSINGASNITEMWORKEXCEPTIONTYPE>Receiving</MISSINGASNITEMWORKEXCEPTIONTYPE><NONHAZARDOUSMATERIALSGROUPDESCRIPTION></NONHAZARDOUSMATERIALSGROUPDESCRIPTION><OUTBOUNDSORTINGLOCATIONTYPEID></OUTBOUNDSORTINGLOCATIONTYPEID><PACKINGWAREHOUSELOCATIONPROFILEID></PACKINGWAREHOUSELOCATIONPROFILEID><PACKINGWAREHOUSELOCATIONTYPE>PACKING</PACKINGWAREHOUSELOCATIONTYPE><PUTLOCATIONCONCURRENCYSTRICTNESS>PerformanceOptimized</PUTLOCATIONCONCURRENCYSTRICTNESS><PUTLOCATIONDIRECTIVELOCKWAITMILLISECONDS>0</PUTLOCATIONDIRECTIVELOCKWAITMILLISECONDS><SALESORDERFULFILLMENTPOLICYNAME></SALESORDERFULFILLMENTPOLICYNAME><SHOULDCAPTURERECEIVINGCOMPLETEDPACKINGSLIP>Never</SHOULDCAPTURERECEIVINGCOMPLETEDPACKINGSLIP><SKIPDEFAULTITEMSTATUS>None</SKIPDEFAULTITEMSTATUS><TRAILERLOADINGPARTY>ByShipper</TRAILERLOADINGPARTY><TRANSFERORDERFULFILLMENTPOLICYNAME></TRANSFERORDERFULFILLMENTPOLICYNAME><TRANSFERORDERRECEIVINGPROCESS>CombineRegistrationAndReceiving</TRANSFERORDERRECEIVINGPROCESS><TRANSITWAREHOUSELICENSEPLATEPOLICY>AllowReuse</TRANSITWAREHOUSELICENSEPLATEPOLICY><WAREHOUSEMOBILEDEVICENOTETYPE>Note</WAREHOUSEMOBILEDEVICENOTETYPE><WAREHOUSEMOBILEDEVICESCANNEDQUANTITYLIMIT>100000.000000</WAREHOUSEMOBILEDEVICESCANNEDQUANTITYLIMIT><WAVELOCKWAITVALUE>60000</WAVELOCKWAITVALUE><WILLWAREHOUSERELEASEDISPLAYCREDITLIMITCHECKDIALOG>No</WILLWAREHOUSERELEASEDISPLAYCREDITLIMITCHECKDIALOG><WILLWAVELABELBUILDINGGENERATEBILLOFLADINGNUMBER>No</WILLWAVELABELBUILDINGGENERATEBILLOFLADINGNUMBER></WHSWAREHOUSEMANAGEMENTPARAMETERSV2ENTITY></Document>