﻿<?xml version="1.0" encoding="utf-8"?><Document><WHSWAREHOUSEWORKEXCEPTIONENTITY><DEFAULTINVENTORYADJUSTMENTTYPEID></DEFAULTINVENTORYADJUSTMENTTYPEID><EXCEPTIONCODE>ASN</EXCEPTIONCODE><EXCEPTIONDESCRIPTION>ASN Exception</EXCEPTIONDESCRIPTION><EXCEPTIONTYPE>Receiving</EXCEPTIONTYPE><ITEMREALLOCATIONMETHOD>None</ITEMREALLOCATIONMETHOD><WAVELABELREPRINT>No</WAVELABELREPRINT><WILLEXCEPTIONADJUSTINVENTORY>No</WILLEXCEPTIONADJUSTINVENTORY><WILLEXCEPTIONCREATECYCLECOUNTING>No</WILLEXCEPTIONCREATECYCLECOUNTING><WILLEXCEPTIONDECREMENTSHIPMENTORLOAD>No</WILLEXCEPTIONDECREMENTSHIPMENTORLOAD></WHSWAREHOUSEWORKEXCEPTIONENTITY><WHSWAREHOUSEWORKEXCEPTIONENTITY><DEFAULTINVENTORYADJUSTMENTTYPEID></DEFAULTINVENTORYADJUSTMENTTYPEID><EXCEPTIONCODE>BB</EXCEPTIONCODE><EXCEPTIONDESCRIPTION>Broken Box</EXCEPTIONDESCRIPTION><EXCEPTIONTYPE>Receiving</EXCEPTIONTYPE><ITEMREALLOCATIONMETHOD>None</ITEMREALLOCATIONMETHOD><WAVELABELREPRINT>No</WAVELABELREPRINT><WILLEXCEPTIONADJUSTINVENTORY>No</WILLEXCEPTIONADJUSTINVENTORY><WILLEXCEPTIONCREATECYCLECOUNTING>No</WILLEXCEPTIONCREATECYCLECOUNTING><WILLEXCEPTIONDECREMENTSHIPMENTORLOAD>No</WILLEXCEPTIONDECREMENTSHIPMENTORLOAD></WHSWAREHOUSEWORKEXCEPTIONENTITY><WHSWAREHOUSEWORKEXCEPTIONENTITY><DEFAULTINVENTORYADJUSTMENTTYPEID></DEFAULTINVENTORYADJUSTMENTTYPEID><EXCEPTIONCODE>ML</EXCEPTIONCODE><EXCEPTIONDESCRIPTION>Missing Label</EXCEPTIONDESCRIPTION><EXCEPTIONTYPE>Receiving</EXCEPTIONTYPE><ITEMREALLOCATIONMETHOD>None</ITEMREALLOCATIONMETHOD><WAVELABELREPRINT>No</WAVELABELREPRINT><WILLEXCEPTIONADJUSTINVENTORY>No</WILLEXCEPTIONADJUSTINVENTORY><WILLEXCEPTIONCREATECYCLECOUNTING>No</WILLEXCEPTIONCREATECYCLECOUNTING><WILLEXCEPTIONDECREMENTSHIPMENTORLOAD>No</WILLEXCEPTIONDECREMENTSHIPMENTORLOAD></WHSWAREHOUSEWORKEXCEPTIONENTITY><WHSWAREHOUSEWORKEXCEPTIONENTITY><DEFAULTINVENTORYADJUSTMENTTYPEID></DEFAULTINVENTORYADJUSTMENTTYPEID><EXCEPTIONCODE>MP</EXCEPTIONCODE><EXCEPTIONDESCRIPTION>Missig Paperwork</EXCEPTIONDESCRIPTION><EXCEPTIONTYPE>Receiving</EXCEPTIONTYPE><ITEMREALLOCATIONMETHOD>None</ITEMREALLOCATIONMETHOD><WAVELABELREPRINT>No</WAVELABELREPRINT><WILLEXCEPTIONADJUSTINVENTORY>No</WILLEXCEPTIONADJUSTINVENTORY><WILLEXCEPTIONCREATECYCLECOUNTING>No</WILLEXCEPTIONCREATECYCLECOUNTING><WILLEXCEPTIONDECREMENTSHIPMENTORLOAD>No</WILLEXCEPTIONDECREMENTSHIPMENTORLOAD></WHSWAREHOUSEWORKEXCEPTIONENTITY></Document>