﻿<?xml version="1.0" encoding="utf-8"?><Document><WHSWAREHOUSESTOCKINGLIMITENTITY><ISUNLIMITEDQUANTITYALLOWED>Yes</ISUNLIMITEDQUANTITYALLOWED><ITEMNUMBER></ITEMNUMBER><PRODUCTCOLORID></PRODUCTCOLORID><PRODUCTCONFIGURATIONID></PRODUCTCONFIGURATIONID><PRODUCTPACKSIZECATEGORYID></PRODUCTPACKSIZECATEGORYID><PRODUCTSIZEID></PRODUCTSIZEID><PRODUCTSTYLEID></PRODUCTSTYLEID><QUANTITYLIMIT>0.000000</QUANTITYLIMIT><QUANTITYLIMITUNITSYMBOL></QUANTITYLIMITUNITSYMBOL><WAREHOUSEID>WD-WH</WAREHOUSEID><WAREHOUSELOCATIONID></WAREHOUSELOCATIONID><WAREHOUSELOCATIONPROFILEID>AISLE</WAREHOUSELOCATIONPROFILEID></WHSWAREHOUSESTOCKINGLIMITENTITY></Document>