﻿<?xml version="1.0" encoding="utf-8"?><Document><WHSWAREHOUSEREPLENISHMENTTEMPLATELINEENTITY><WAREHOUSEREPLENISHMENTTEMPLATEID /><SEQUENCENUMBER /><APPLICABLEDEMANDMETHOD /><DEMANDINCREMENTROUNDINGMETHOD /><LINEDESCRIPTION /><LOCATIONQUERY /><MAXIMUMREPLENISHMENTQUANTITY /><MINIMUMREPLENISHMENTQUANTITY /><PRODUCTQUERY /><PRODUCTQUERYMODE /><PRODUCTVARIANTQUERY /><REPLENISHMENTQUANTITYUNITSYMBOL /><REPLENISHMENTSTRATEGY /><REPLENISHMENTTHRESHOLDSCOPE /><REPLENISHMENTUNITSYMBOL /><REPLENISHMENTWAREHOUSEID /><WAREHOUSELOCATIONDIRECTIVECODE /><WAREHOUSEREPLENISHMENTREQUESTTYPEID /><WAREHOUSEWORKTEMPLATEID /><WAREHOUSEWORKTEMPLATEWORKORDERTYPE /><WILLTEMPLATEREPLENISHEMPTYFIXEDLOCATIONS /><WILLTEMPLATEREPLENISHONLYFIXEDLOCATIONS /><ZONEQUERY /></WHSWAREHOUSEREPLENISHMENTTEMPLATELINEENTITY></Document>