﻿<?xml version="1.0" encoding="utf-8"?><Document><WHSWAREHOUSELOCATIONDIRECTIVELINEUNITOFMEASURERESTRICTIONENTITY><UNITSYMBOL>ea</UNITSYMBOL><WAREHOUSELOCATIONDIRECTIVEID>WD-WH SO Pick</WAREHOUSELOCATIONDIRECTIVEID><WAREHOUSELOCATIONDIRECTIVEINVENTORYSITEID>WD</WAREHOUSELOCATIONDIRECTIVEINVENTORYSITEID><WAREHOUSELOCATIONDIRECTIVELINESEQUENCENUMBER>1</WAREHOUSELOCATIONDIRECTIVELINESEQUENCENUMBER><WAREHOUSELOCATIONDIRECTIVEWAREHOUSEID>WD-WH</WAREHOUSELOCATIONDIRECTIVEWAREHOUSEID><WAREHOUSELOCATIONDIRECTIVEWORKORDERTYPE>Sales</WAREHOUSELOCATIONDIRECTIVEWORKORDERTYPE><WAREHOUSELOCATIONDIRECTIVEWORKTYPE>Pick</WAREHOUSELOCATIONDIRECTIVEWORKTYPE></WHSWAREHOUSELOCATIONDIRECTIVELINEUNITOFMEASURERESTRICTIONENTITY></Document>