﻿<?xml version="1.0" encoding="utf-8"?><Document><WHSWAREHOUSEWORKTEMPLATELINEENTITY><CANFREEZEWORK>No</CANFREEZEWORK><CUSTOMWORKORDERLINETYPE></CUSTOMWORKORDERLINETYPE><ISWORKEXECUTIONSTOPPED>No</ISWORKEXECUTIONSTOPPED><ISWORKLINEMANDATORY>Yes</ISWORKLINEMANDATORY><LINENUMBER>1.0000000000000000</LINENUMBER><QUALITYCHECKTEMPLATEID></QUALITYCHECKTEMPLATEID><WAREHOUSEANCHORINGGROUPID></WAREHOUSEANCHORINGGROUPID><WAREHOUSELOCATIONDIRECTIVECODE></WAREHOUSELOCATIONDIRECTIVECODE><WAREHOUSEWORKCLASSID>SALES</WAREHOUSEWORKCLASSID><WAREHOUSEWORKORDERTYPE>Sales</WAREHOUSEWORKORDERTYPE><WAREHOUSEWORKTEMPLATEID>PICK</WAREHOUSEWORKTEMPLATEID><WORKORDERLINETYPE>Pick</WORKORDERLINETYPE></WHSWAREHOUSEWORKTEMPLATELINEENTITY><WHSWAREHOUSEWORKTEMPLATELINEENTITY><CANFREEZEWORK>No</CANFREEZEWORK><CUSTOMWORKORDERLINETYPE></CUSTOMWORKORDERLINETYPE><ISWORKEXECUTIONSTOPPED>No</ISWORKEXECUTIONSTOPPED><ISWORKLINEMANDATORY>Yes</ISWORKLINEMANDATORY><LINENUMBER>2.0000000000000000</LINENUMBER><QUALITYCHECKTEMPLATEID></QUALITYCHECKTEMPLATEID><WAREHOUSEANCHORINGGROUPID></WAREHOUSEANCHORINGGROUPID><WAREHOUSELOCATIONDIRECTIVECODE></WAREHOUSELOCATIONDIRECTIVECODE><WAREHOUSEWORKCLASSID>SALES</WAREHOUSEWORKCLASSID><WAREHOUSEWORKORDERTYPE>Sales</WAREHOUSEWORKORDERTYPE><WAREHOUSEWORKTEMPLATEID>PICK</WAREHOUSEWORKTEMPLATEID><WORKORDERLINETYPE>Put</WORKORDERLINETYPE></WHSWAREHOUSEWORKTEMPLATELINEENTITY><WHSWAREHOUSEWORKTEMPLATELINEENTITY><CANFREEZEWORK>No</CANFREEZEWORK><CUSTOMWORKORDERLINETYPE></CUSTOMWORKORDERLINETYPE><ISWORKEXECUTIONSTOPPED>No</ISWORKEXECUTIONSTOPPED><ISWORKLINEMANDATORY>Yes</ISWORKLINEMANDATORY><LINENUMBER>1.0000000000000000</LINENUMBER><QUALITYCHECKTEMPLATEID></QUALITYCHECKTEMPLATEID><WAREHOUSEANCHORINGGROUPID></WAREHOUSEANCHORINGGROUPID><WAREHOUSELOCATIONDIRECTIVECODE></WAREHOUSELOCATIONDIRECTIVECODE><WAREHOUSEWORKCLASSID>PURCHASE</WAREHOUSEWORKCLASSID><WAREHOUSEWORKORDERTYPE>Purch</WAREHOUSEWORKORDERTYPE><WAREHOUSEWORKTEMPLATEID>RECEIVE</WAREHOUSEWORKTEMPLATEID><WORKORDERLINETYPE>Pick</WORKORDERLINETYPE></WHSWAREHOUSEWORKTEMPLATELINEENTITY><WHSWAREHOUSEWORKTEMPLATELINEENTITY><CANFREEZEWORK>No</CANFREEZEWORK><CUSTOMWORKORDERLINETYPE></CUSTOMWORKORDERLINETYPE><ISWORKEXECUTIONSTOPPED>No</ISWORKEXECUTIONSTOPPED><ISWORKLINEMANDATORY>Yes</ISWORKLINEMANDATORY><LINENUMBER>2.0000000000000000</LINENUMBER><QUALITYCHECKTEMPLATEID></QUALITYCHECKTEMPLATEID><WAREHOUSEANCHORINGGROUPID></WAREHOUSEANCHORINGGROUPID><WAREHOUSELOCATIONDIRECTIVECODE></WAREHOUSELOCATIONDIRECTIVECODE><WAREHOUSEWORKCLASSID>PURCHASE</WAREHOUSEWORKCLASSID><WAREHOUSEWORKORDERTYPE>Purch</WAREHOUSEWORKORDERTYPE><WAREHOUSEWORKTEMPLATEID>RECEIVE</WAREHOUSEWORKTEMPLATEID><WORKORDERLINETYPE>Put</WORKORDERLINETYPE></WHSWAREHOUSEWORKTEMPLATELINEENTITY></Document>