﻿<?xml version="1.0" encoding="utf-8"?><Document><WHSWAREHOUSELOCATIONTYPEENTITY><TYPEDESCRIPTION>Bay</TYPEDESCRIPTION><TYPEID>BAY</TYPEID></WHSWAREHOUSELOCATIONTYPEENTITY><WHSWAREHOUSELOCATIONTYPEENTITY><TYPEDESCRIPTION>Bulk</TYPEDESCRIPTION><TYPEID>BULK</TYPEID></WHSWAREHOUSELOCATIONTYPEENTITY><WHSWAREHOUSELOCATIONTYPEENTITY><TYPEDESCRIPTION>Floor</TYPEDESCRIPTION><TYPEID>FLOOR</TYPEID></WHSWAREHOUSELOCATIONTYPEENTITY><WHSWAREHOUSELOCATIONTYPEENTITY><TYPEDESCRIPTION>Packig</TYPEDESCRIPTION><TYPEID>PACKING</TYPEID></WHSWAREHOUSELOCATIONTYPEENTITY><WHSWAREHOUSELOCATIONTYPEENTITY><TYPEDESCRIPTION>Receiving</TYPEDESCRIPTION><TYPEID>RECEIVING</TYPEID></WHSWAREHOUSELOCATIONTYPEENTITY><WHSWAREHOUSELOCATIONTYPEENTITY><TYPEDESCRIPTION>Shipping</TYPEDESCRIPTION><TYPEID>SHIPPING</TYPEID></WHSWAREHOUSELOCATIONTYPEENTITY><WHSWAREHOUSELOCATIONTYPEENTITY><TYPEDESCRIPTION>Staging</TYPEDESCRIPTION><TYPEID>STAGING</TYPEID></WHSWAREHOUSELOCATIONTYPEENTITY><WHSWAREHOUSELOCATIONTYPEENTITY><TYPEDESCRIPTION>User</TYPEDESCRIPTION><TYPEID>USER</TYPEID></WHSWAREHOUSELOCATIONTYPEENTITY></Document>