﻿<?xml version="1.0" encoding="utf-8"?><Document><WHSWAREHOUSEMOBILEDEVICEUSERENTITY><ADJUSTMENTQUANTITYLIMIT>0.000000</ADJUSTMENTQUANTITYLIMIT><COUNTINGAPPROVALPERCENTAGELIMIT>0.000000</COUNTINGAPPROVALPERCENTAGELIMIT><COUNTINGAPPROVALQUANTITYLIMIT>0.000000</COUNTINGAPPROVALQUANTITYLIMIT><COUNTINGAPPROVALVALUELIMIT>0.000000</COUNTINGAPPROVALVALUELIMIT><DEFAULTMOBILEDEVICEMENUITEMNAME>HOME</DEFAULTMOBILEDEVICEMENUITEMNAME><DEFAULTWAREHOUSEID>WD-WH</DEFAULTWAREHOUSEID><ISAUTOMATEDWAREHOUSEWORKUSER>Yes</ISAUTOMATEDWAREHOUSEWORKUSER><ISCOUNTINGSUPERVISOR>No</ISCOUNTINGSUPERVISOR><ISDEFAULTWORKUSER>No</ISDEFAULTWORKUSER><ISINACTIVE>No</ISINACTIVE><ISINVENTORYMOVEMENTWITHASSOCIATEDWORKALLOWED>Yes</ISINVENTORYMOVEMENTWITHASSOCIATEDWORKALLOWED><ISMANUALITEMREALLOCATIONALLOWED>Yes</ISMANUALITEMREALLOCATIONALLOWED><ISPRODUCTIONOVERPICKINGALLOWED>No</ISPRODUCTIONOVERPICKINGALLOWED><ISSALESORDEROVERPICKINGALLOWED>No</ISSALESORDEROVERPICKINGALLOWED><ISTRANSFERORDEROVERPICKINGALLOWED>Yes</ISTRANSFERORDEROVERPICKINGALLOWED><ISWAREHOUSEPICKLOCATIONOVERRIDEALLOWED>Yes</ISWAREHOUSEPICKLOCATIONOVERRIDEALLOWED><ISWAREHOUSEPUTLOCATIONOVERRIDEALLOWED>Yes</ISWAREHOUSEPUTLOCATIONOVERRIDEALLOWED><USERID>DM</USERID><USERNAME>Dungeon Master</USERNAME><WAREHOUSEWORKERPERSONNELNUMBER>000001</WAREHOUSEWORKERPERSONNELNUMBER></WHSWAREHOUSEMOBILEDEVICEUSERENTITY></Document>