﻿<?xml version="1.0" encoding="utf-8"?><Document><WHSWAREHOUSELOCATIONFORMATSEGMENTENTITY><SEGMENTDESCRIPTION>Aisle</SEGMENTDESCRIPTION><SEGMENTLENGTH>2</SEGMENTLENGTH><SEGMENTSEPARATOR>-</SEGMENTSEPARATOR><SEQUENCE>1.0000000000000000</SEQUENCE><WAREHOUSELOCATIONFORMATID>AISLE</WAREHOUSELOCATIONFORMATID></WHSWAREHOUSELOCATIONFORMATSEGMENTENTITY><WHSWAREHOUSELOCATIONFORMATSEGMENTENTITY><SEGMENTDESCRIPTION>Rack</SEGMENTDESCRIPTION><SEGMENTLENGTH>2</SEGMENTLENGTH><SEGMENTSEPARATOR>-</SEGMENTSEPARATOR><SEQUENCE>2.0000000000000000</SEQUENCE><WAREHOUSELOCATIONFORMATID>AISLE</WAREHOUSELOCATIONFORMATID></WHSWAREHOUSELOCATIONFORMATSEGMENTENTITY><WHSWAREHOUSELOCATIONFORMATSEGMENTENTITY><SEGMENTDESCRIPTION>Shelf</SEGMENTDESCRIPTION><SEGMENTLENGTH>1</SEGMENTLENGTH><SEGMENTSEPARATOR></SEGMENTSEPARATOR><SEQUENCE>3.0000000000000000</SEQUENCE><WAREHOUSELOCATIONFORMATID>AISLE</WAREHOUSELOCATIONFORMATID></WHSWAREHOUSELOCATIONFORMATSEGMENTENTITY><WHSWAREHOUSELOCATIONFORMATSEGMENTENTITY><SEGMENTDESCRIPTION>Aisle</SEGMENTDESCRIPTION><SEGMENTLENGTH>1</SEGMENTLENGTH><SEGMENTSEPARATOR></SEGMENTSEPARATOR><SEQUENCE>1.0000000000000000</SEQUENCE><WAREHOUSELOCATIONFORMATID>BAY</WAREHOUSELOCATIONFORMATID></WHSWAREHOUSELOCATIONFORMATSEGMENTENTITY><WHSWAREHOUSELOCATIONFORMATSEGMENTENTITY><SEGMENTDESCRIPTION>Aisle</SEGMENTDESCRIPTION><SEGMENTLENGTH>2</SEGMENTLENGTH><SEGMENTSEPARATOR>-</SEGMENTSEPARATOR><SEQUENCE>1.0000000000000000</SEQUENCE><WAREHOUSELOCATIONFORMATID>BULK</WAREHOUSELOCATIONFORMATID></WHSWAREHOUSELOCATIONFORMATSEGMENTENTITY><WHSWAREHOUSELOCATIONFORMATSEGMENTENTITY><SEGMENTDESCRIPTION>Row</SEGMENTDESCRIPTION><SEGMENTLENGTH>2</SEGMENTLENGTH><SEGMENTSEPARATOR></SEGMENTSEPARATOR><SEQUENCE>2.0000000000000000</SEQUENCE><WAREHOUSELOCATIONFORMATID>BULK</WAREHOUSELOCATIONFORMATID></WHSWAREHOUSELOCATIONFORMATSEGMENTENTITY><WHSWAREHOUSELOCATIONFORMATSEGMENTENTITY><SEGMENTDESCRIPTION>Aisle</SEGMENTDESCRIPTION><SEGMENTLENGTH>2</SEGMENTLENGTH><SEGMENTSEPARATOR></SEGMENTSEPARATOR><SEQUENCE>1.0000000000000000</SEQUENCE><WAREHOUSELOCATIONFORMATID>FLOOR</WAREHOUSELOCATIONFORMATID></WHSWAREHOUSELOCATIONFORMATSEGMENTENTITY><WHSWAREHOUSELOCATIONFORMATSEGMENTENTITY><SEGMENTDESCRIPTION>Aisle</SEGMENTDESCRIPTION><SEGMENTLENGTH>1</SEGMENTLENGTH><SEGMENTSEPARATOR></SEGMENTSEPARATOR><SEQUENCE>1.0000000000000000</SEQUENCE><WAREHOUSELOCATIONFORMATID>RECEIVING</WAREHOUSELOCATIONFORMATID></WHSWAREHOUSELOCATIONFORMATSEGMENTENTITY><WHSWAREHOUSELOCATIONFORMATSEGMENTENTITY><SEGMENTDESCRIPTION>Aisle</SEGMENTDESCRIPTION><SEGMENTLENGTH>1</SEGMENTLENGTH><SEGMENTSEPARATOR></SEGMENTSEPARATOR><SEQUENCE>1.0000000000000000</SEQUENCE><WAREHOUSELOCATIONFORMATID>SHIPPING</WAREHOUSELOCATIONFORMATID></WHSWAREHOUSELOCATIONFORMATSEGMENTENTITY><WHSWAREHOUSELOCATIONFORMATSEGMENTENTITY><SEGMENTDESCRIPTION>User</SEGMENTDESCRIPTION><SEGMENTLENGTH>10</SEGMENTLENGTH><SEGMENTSEPARATOR></SEGMENTSEPARATOR><SEQUENCE>1.0000000000000000</SEQUENCE><WAREHOUSELOCATIONFORMATID>USER</WAREHOUSELOCATIONFORMATID></WHSWAREHOUSELOCATIONFORMATSEGMENTENTITY></Document>