﻿<?xml version="1.0" encoding="utf-8"?><Document><WHSWAREHOUSELOCATIONDIRECTIVECODEENTITY><DIRECTIVECODEDESCRIPTION>Bay</DIRECTIVECODEDESCRIPTION><DIRECTIVECODEID>BAY</DIRECTIVECODEID></WHSWAREHOUSELOCATIONDIRECTIVECODEENTITY><WHSWAREHOUSELOCATIONDIRECTIVECODEENTITY><DIRECTIVECODEDESCRIPTION>Bulk</DIRECTIVECODEDESCRIPTION><DIRECTIVECODEID>BULK</DIRECTIVECODEID></WHSWAREHOUSELOCATIONDIRECTIVECODEENTITY><WHSWAREHOUSELOCATIONDIRECTIVECODEENTITY><DIRECTIVECODEDESCRIPTION>Floor</DIRECTIVECODEDESCRIPTION><DIRECTIVECODEID>FLOOR</DIRECTIVECODEID></WHSWAREHOUSELOCATIONDIRECTIVECODEENTITY><WHSWAREHOUSELOCATIONDIRECTIVECODEENTITY><DIRECTIVECODEDESCRIPTION>Receiving</DIRECTIVECODEDESCRIPTION><DIRECTIVECODEID>RECEIVING</DIRECTIVECODEID></WHSWAREHOUSELOCATIONDIRECTIVECODEENTITY><WHSWAREHOUSELOCATIONDIRECTIVECODEENTITY><DIRECTIVECODEDESCRIPTION>Shipping</DIRECTIVECODEDESCRIPTION><DIRECTIVECODEID>SHIPPING</DIRECTIVECODEID></WHSWAREHOUSELOCATIONDIRECTIVECODEENTITY></Document>