﻿<?xml version="1.0" encoding="utf-8"?><Document><WHSWAREHOUSEMOBILEDEVICEMENUITEMWORKCONFIRMATIONENTITY><ISAUTOCONFIRMUSED /><ISBATCHCONFIRMATIONUSED /><ISLICENSEPLATECONFIRMATIONUSED /><ISPICKDETAILSCONFIRMATIONSHOWN /><ISPIECEBYPIECECONFIRMATIONUSED /><ISPRODUCTCONFIRMATIONUSED /><ISQUANTITYCONFIRMATIONUSED /><ISSERIALCONFIRMATIONUSED /><ISWAREHOUSELOCATIONCONFIRMATIONUSED /><MAXIMUMPIECECONFIRMATION /><WAREHOUSEMOBILEDEVICEMENUITEMID /><WORKTYPE /></WHSWAREHOUSEMOBILEDEVICEMENUITEMWORKCONFIRMATIONENTITY></Document>