﻿<?xml version="1.0" encoding="utf-8"?><Document><WHSWAREHOUSEWAVETEMPLATEV3ENTITY><TEMPLATENAME>WD-WH Shipping</TEMPLATENAME><FIRSTDEFAULTWAVEATTRIBUTEVALUE></FIRSTDEFAULTWAVEATTRIBUTEVALUE><FOURTHDEFAULTWAVEATTRIBUTEVALUE></FOURTHDEFAULTWAVEATTRIBUTEVALUE><INVENTORYSITEID></INVENTORYSITEID><ISTEMPLATEVALID>true</ISTEMPLATEVALID><MAXIMUMNUMBEROFSHIPMENTLINESPERWAVE>0</MAXIMUMNUMBEROFSHIPMENTLINESPERWAVE><MAXIMUMNUMBEROFSHIPMENTSPERWAVE>0</MAXIMUMNUMBEROFSHIPMENTSPERWAVE><MAXIMUMWEIGHTPERWAVE>0.000000000000</MAXIMUMWEIGHTPERWAVE><SECONDDEFAULTWAVEATTRIBUTEVALUE></SECONDDEFAULTWAVEATTRIBUTEVALUE><TEMPLATEDESCRIPTION>WD-WH Shipping</TEMPLATEDESCRIPTION><TEMPLATESEQUENCENUMBER>1</TEMPLATESEQUENCENUMBER><TEMPLATETYPE>Shipping</TEMPLATETYPE><THIRDDEFAULTWAVEATTRIBUTEVALUE></THIRDDEFAULTWAVEATTRIBUTEVALUE><WAREHOUSEGROUPID></WAREHOUSEGROUPID><WAREHOUSEID></WAREHOUSEID><WAREHOUSESELECTION>All</WAREHOUSESELECTION><WILLREACHINGTHRESHOLDAUTOMATICALLYPROCESSWAVE>No</WILLREACHINGTHRESHOLDAUTOMATICALLYPROCESSWAVE><WILLRELEASETOWAREHOUSEADDSHIPMENTTOOPENWAVE>No</WILLRELEASETOWAREHOUSEADDSHIPMENTTOOPENWAVE><WILLRELEASETOWAREHOUSEAUTOMATICALLYCREATEWAVES>Yes</WILLRELEASETOWAREHOUSEAUTOMATICALLYCREATEWAVES><WILLRELEASETOWAREHOUSEAUTOMATICALLYPROCESSWAVES>Yes</WILLRELEASETOWAREHOUSEAUTOMATICALLYPROCESSWAVES><WILLWAVECREATIONAUTOMATICALLYRELEASEWAVES>Yes</WILLWAVECREATIONAUTOMATICALLYRELEASEWAVES><WILLWAVEPROCESSINGAUTOMATICALLYRELEASECREATEDREPLENISHMENTWORK>No</WILLWAVEPROCESSINGAUTOMATICALLYRELEASECREATEDREPLENISHMENTWORK><WILLWORKCREATIONCONTINUEONRESERVATIONFAILURE>No</WILLWORKCREATIONCONTINUEONRESERVATIONFAILURE><TemplateQueryFileName>{1652092D-1867-40E9-95E9-7A1DC0D1FE92}</TemplateQueryFileName></WHSWAREHOUSEWAVETEMPLATEV3ENTITY></Document>