﻿<?xml version="1.0" encoding="utf-8"?><Document><WHSWAREHOUSECLUSTERPROFILEV2ENTITY><CLUSTERPROFILEID /><CLUSTERBREAKINGACTION /><CLUSTERPOSITIONCOUNT /><CLUSTERPOSITIONNAMETYPE /><CLUSTERPROFILENAME /><CLUSTERSORTINGVERIFICATIONTYPE /><CLUSTERTYPE /><ISCLUSTERIDPERSISTEDASPARENTLICENSEPLATENUMBER /><ISPUTAWAYCLUSTERASSIGNEDPERUSER /><PROFILESEQUENCENUMBER /><PUTAWAYCLUSTERASSIGNMENTRULE /><PUTAWAYCLUSTERASSIGNMENTTIMING /><PUTAWAYCLUSTERLOCATERULE /><PUTAWAYRESTRICTINGUNITSYMBOL /><PUTAWAYWORKUNITBREAKRULE /><WAREHOUSELOCATIONDIRECTIVECODE /><WILLCLUSTERPICKINGGENERATEPOSITIONNAMES /><WILLCLUSTERPICKINGREGISTERCLUSTERID /><ProfileQueryFileName /></WHSWAREHOUSECLUSTERPROFILEV2ENTITY></Document>