﻿<?xml version="1.0" encoding="utf-8"?><Document><WHSWAREHOUSELOCATIONDIRECTIVEV2ENTITY><DIRECTIVEID>WD-WH Direct</DIRECTIVEID><WORKTYPE>Put</WORKTYPE><WORKORDERTYPE>Purch</WORKORDERTYPE><INVENTORYSITEID>WD</INVENTORYSITEID><WAREHOUSEID>WD-WH</WAREHOUSEID><APPLICABLEWAREHOUSEDISPOSITIONCODERULE>ExactMatch</APPLICABLEWAREHOUSEDISPOSITIONCODERULE><AREMULTIPLEITEMSENABLED>No</AREMULTIPLEITEMSENABLED><DIRECTIVEQUERYSTRATEGY>Standard</DIRECTIVEQUERYSTRATEGY><RECEIPTDISPOSITIONCODE></RECEIPTDISPOSITIONCODE><SCOPE>SingleItem</SCOPE><SEQUENCENUMBER>1</SEQUENCENUMBER><WAREHOUSEGROUPID></WAREHOUSEGROUPID><WAREHOUSELOCATIONDIRECTIVECODE></WAREHOUSELOCATIONDIRECTIVECODE><WAREHOUSESELECTION>Warehouse</WAREHOUSESELECTION><DirectiveQueryFileName>{EE8E2DCF-7242-4B32-9502-CD8C4CFB78F6}</DirectiveQueryFileName></WHSWAREHOUSELOCATIONDIRECTIVEV2ENTITY><WHSWAREHOUSELOCATIONDIRECTIVEV2ENTITY><DIRECTIVEID>WD-WH SO Pick</DIRECTIVEID><WORKTYPE>Pick</WORKTYPE><WORKORDERTYPE>Sales</WORKORDERTYPE><INVENTORYSITEID>WD</INVENTORYSITEID><WAREHOUSEID>WD-WH</WAREHOUSEID><APPLICABLEWAREHOUSEDISPOSITIONCODERULE>ExactMatch</APPLICABLEWAREHOUSEDISPOSITIONCODERULE><AREMULTIPLEITEMSENABLED>No</AREMULTIPLEITEMSENABLED><DIRECTIVEQUERYSTRATEGY>Standard</DIRECTIVEQUERYSTRATEGY><RECEIPTDISPOSITIONCODE></RECEIPTDISPOSITIONCODE><SCOPE>SingleItem</SCOPE><SEQUENCENUMBER>1</SEQUENCENUMBER><WAREHOUSEGROUPID></WAREHOUSEGROUPID><WAREHOUSELOCATIONDIRECTIVECODE></WAREHOUSELOCATIONDIRECTIVECODE><WAREHOUSESELECTION>Warehouse</WAREHOUSESELECTION><DirectiveQueryFileName>{E9629C77-6A7E-4B61-952B-B4AEC964944C}</DirectiveQueryFileName></WHSWAREHOUSELOCATIONDIRECTIVEV2ENTITY><WHSWAREHOUSELOCATIONDIRECTIVEV2ENTITY><DIRECTIVEID>WD-WH SO Put</DIRECTIVEID><WORKTYPE>Put</WORKTYPE><WORKORDERTYPE>Sales</WORKORDERTYPE><INVENTORYSITEID>WD</INVENTORYSITEID><WAREHOUSEID>WD-WH</WAREHOUSEID><APPLICABLEWAREHOUSEDISPOSITIONCODERULE>ExactMatch</APPLICABLEWAREHOUSEDISPOSITIONCODERULE><AREMULTIPLEITEMSENABLED>No</AREMULTIPLEITEMSENABLED><DIRECTIVEQUERYSTRATEGY>Standard</DIRECTIVEQUERYSTRATEGY><RECEIPTDISPOSITIONCODE></RECEIPTDISPOSITIONCODE><SCOPE>SingleOrder</SCOPE><SEQUENCENUMBER>2</SEQUENCENUMBER><WAREHOUSEGROUPID></WAREHOUSEGROUPID><WAREHOUSELOCATIONDIRECTIVECODE>BAY</WAREHOUSELOCATIONDIRECTIVECODE><WAREHOUSESELECTION>Warehouse</WAREHOUSESELECTION><DirectiveQueryFileName>{C0ED58F5-08B5-404F-9602-301F70E8F9DB}</DirectiveQueryFileName></WHSWAREHOUSELOCATIONDIRECTIVEV2ENTITY></Document>