﻿<?xml version="1.0" encoding="utf-8"?><Document><WMSWAREHOUSELOCATIONPARAMETERSENTITY><AREMANUALSORTORDERCODESUSED>No</AREMANUALSORTORDERCODESUSED><DEFAULTCHECKDIGITVALUE>None</DEFAULTCHECKDIGITVALUE><DEFAULTWAREHOUSELOCATIONDEPTH>48.000000</DEFAULTWAREHOUSELOCATIONDEPTH><DEFAULTWAREHOUSELOCATIONHEIGHT>36.000000</DEFAULTWAREHOUSELOCATIONHEIGHT><DEFAULTWAREHOUSELOCATIONWIDTH>42.000000</DEFAULTWAREHOUSELOCATIONWIDTH><ITEMARRIVALJOURNALNAMEID></ITEMARRIVALJOURNALNAMEID><PRODUCTIONINPUTJOURNALNAMEID></PRODUCTIONINPUTJOURNALNAMEID></WMSWAREHOUSELOCATIONPARAMETERSENTITY></Document>