﻿<?xml version="1.0" encoding="utf-8"?><Document><WHSWAREHOUSEAPPFIELDENTITY><FIELDNAME>ITMWHSFieldShippingContainer</FIELDNAME><INPUTMODE>Scanning</INPUTMODE><INPUTTYPE>Alpha</INPUTTYPE><NUMOFDECIMALS>-1</NUMOFDECIMALS></WHSWAREHOUSEAPPFIELDENTITY><WHSWAREHOUSEAPPFIELDENTITY><FIELDNAME>ITMWHSFieldVoyage</FIELDNAME><INPUTMODE>Scanning</INPUTMODE><INPUTTYPE>Alpha</INPUTTYPE><NUMOFDECIMALS>-1</NUMOFDECIMALS></WHSWAREHOUSEAPPFIELDENTITY><WHSWAREHOUSEAPPFIELDENTITY><FIELDNAME>WHSFieldAccountNumber</FIELDNAME><INPUTMODE>Scanning</INPUTMODE><INPUTTYPE>Alpha</INPUTTYPE><NUMOFDECIMALS>-1</NUMOFDECIMALS></WHSWAREHOUSEAPPFIELDENTITY><WHSWAREHOUSEAPPFIELDENTITY><FIELDNAME>WHSFieldAdjustmentType</FIELDNAME><INPUTMODE>Manual</INPUTMODE><INPUTTYPE>Selection</INPUTTYPE><NUMOFDECIMALS>-1</NUMOFDECIMALS></WHSWAREHOUSEAPPFIELDENTITY><WHSWAREHOUSEAPPFIELDENTITY><FIELDNAME>WHSFieldBatch</FIELDNAME><INPUTMODE>Scanning</INPUTMODE><INPUTTYPE>Alpha</INPUTTYPE><NUMOFDECIMALS>-1</NUMOFDECIMALS></WHSWAREHOUSEAPPFIELDENTITY><WHSWAREHOUSEAPPFIELDENTITY><FIELDNAME>WHSFieldBatchExpiryDate</FIELDNAME><INPUTMODE>Manual</INPUTMODE><INPUTTYPE>Date</INPUTTYPE><NUMOFDECIMALS>-1</NUMOFDECIMALS></WHSWAREHOUSEAPPFIELDENTITY><WHSWAREHOUSEAPPFIELDENTITY><FIELDNAME>WHSFieldBatchVerification</FIELDNAME><INPUTMODE>Manual</INPUTMODE><INPUTTYPE>Alpha</INPUTTYPE><NUMOFDECIMALS>-1</NUMOFDECIMALS></WHSWAREHOUSEAPPFIELDENTITY><WHSWAREHOUSEAPPFIELDENTITY><FIELDNAME>WHSFieldCarrierName</FIELDNAME><INPUTMODE>Scanning</INPUTMODE><INPUTTYPE>Alpha</INPUTTYPE><NUMOFDECIMALS>-1</NUMOFDECIMALS></WHSWAREHOUSEAPPFIELDENTITY><WHSWAREHOUSEAPPFIELDENTITY><FIELDNAME>WHSFieldCatchWeightTagNumber</FIELDNAME><INPUTMODE>Scanning</INPUTMODE><INPUTTYPE>Alpha</INPUTTYPE><NUMOFDECIMALS>-1</NUMOFDECIMALS></WHSWAREHOUSEAPPFIELDENTITY><WHSWAREHOUSEAPPFIELDENTITY><FIELDNAME>WHSFieldCatchWeightTagWeight</FIELDNAME><INPUTMODE>Manual</INPUTMODE><INPUTTYPE>Numeric</INPUTTYPE><NUMOFDECIMALS>-1</NUMOFDECIMALS></WHSWAREHOUSEAPPFIELDENTITY><WHSWAREHOUSEAPPFIELDENTITY><FIELDNAME>WHSFieldCheckText</FIELDNAME><INPUTMODE>Scanning</INPUTMODE><INPUTTYPE>Alpha</INPUTTYPE><NUMOFDECIMALS>-1</NUMOFDECIMALS></WHSWAREHOUSEAPPFIELDENTITY><WHSWAREHOUSEAPPFIELDENTITY><FIELDNAME>WHSFieldCluster</FIELDNAME><INPUTMODE>Scanning</INPUTMODE><INPUTTYPE>Alpha</INPUTTYPE><NUMOFDECIMALS>-1</NUMOFDECIMALS></WHSWAREHOUSEAPPFIELDENTITY><WHSWAREHOUSEAPPFIELDENTITY><FIELDNAME>WHSFieldClusterPosition</FIELDNAME><INPUTMODE>Scanning</INPUTMODE><INPUTTYPE>Alpha</INPUTTYPE><NUMOFDECIMALS>-1</NUMOFDECIMALS></WHSWAREHOUSEAPPFIELDENTITY><WHSWAREHOUSEAPPFIELDENTITY><FIELDNAME>WHSFieldClusterPositionFull</FIELDNAME><INPUTMODE>Manual</INPUTMODE><INPUTTYPE>Selection</INPUTTYPE><NUMOFDECIMALS>-1</NUMOFDECIMALS></WHSWAREHOUSEAPPFIELDENTITY><WHSWAREHOUSEAPPFIELDENTITY><FIELDNAME>WHSFieldColor</FIELDNAME><INPUTMODE>Scanning</INPUTMODE><INPUTTYPE>Alpha</INPUTTYPE><NUMOFDECIMALS>-1</NUMOFDECIMALS></WHSWAREHOUSEAPPFIELDENTITY><WHSWAREHOUSEAPPFIELDENTITY><FIELDNAME>WHSFieldConfiguration</FIELDNAME><INPUTMODE>Scanning</INPUTMODE><INPUTTYPE>Alpha</INPUTTYPE><NUMOFDECIMALS>-1</NUMOFDECIMALS></WHSWAREHOUSEAPPFIELDENTITY><WHSWAREHOUSEAPPFIELDENTITY><FIELDNAME>WHSFieldContainerId</FIELDNAME><INPUTMODE>Scanning</INPUTMODE><INPUTTYPE>Alpha</INPUTTYPE><NUMOFDECIMALS>-1</NUMOFDECIMALS></WHSWAREHOUSEAPPFIELDENTITY><WHSWAREHOUSEAPPFIELDENTITY><FIELDNAME>WHSFieldContainerType</FIELDNAME><INPUTMODE>Manual</INPUTMODE><INPUTTYPE>Selection</INPUTTYPE><NUMOFDECIMALS>-1</NUMOFDECIMALS></WHSWAREHOUSEAPPFIELDENTITY><WHSWAREHOUSEAPPFIELDENTITY><FIELDNAME>WHSFieldContainerTypeCode</FIELDNAME><INPUTMODE>Scanning</INPUTMODE><INPUTTYPE>Alpha</INPUTTYPE><NUMOFDECIMALS>-1</NUMOFDECIMALS></WHSWAREHOUSEAPPFIELDENTITY><WHSWAREHOUSEAPPFIELDENTITY><FIELDNAME>WHSFieldCountingReasonCode</FIELDNAME><INPUTMODE>Manual</INPUTMODE><INPUTTYPE>Selection</INPUTTYPE><NUMOFDECIMALS>-1</NUMOFDECIMALS></WHSWAREHOUSEAPPFIELDENTITY><WHSWAREHOUSEAPPFIELDENTITY><FIELDNAME>WHSFieldCountryofOrigin</FIELDNAME><INPUTMODE>Scanning</INPUTMODE><INPUTTYPE>Alpha</INPUTTYPE><NUMOFDECIMALS>-1</NUMOFDECIMALS></WHSWAREHOUSEAPPFIELDENTITY><WHSWAREHOUSEAPPFIELDENTITY><FIELDNAME>WHSFieldDeliveryName</FIELDNAME><INPUTMODE>Scanning</INPUTMODE><INPUTTYPE>Alpha</INPUTTYPE><NUMOFDECIMALS>-1</NUMOFDECIMALS></WHSWAREHOUSEAPPFIELDENTITY><WHSWAREHOUSEAPPFIELDENTITY><FIELDNAME>WHSFieldDispositionCode</FIELDNAME><INPUTMODE>Scanning</INPUTMODE><INPUTTYPE>Alpha</INPUTTYPE><NUMOFDECIMALS>-1</NUMOFDECIMALS></WHSWAREHOUSEAPPFIELDENTITY><WHSWAREHOUSEAPPFIELDENTITY><FIELDNAME>WHSFieldDriverScanId</FIELDNAME><INPUTMODE>Scanning</INPUTMODE><INPUTTYPE>Alpha</INPUTTYPE><NUMOFDECIMALS>-1</NUMOFDECIMALS></WHSWAREHOUSEAPPFIELDENTITY><WHSWAREHOUSEAPPFIELDENTITY><FIELDNAME>WHSFieldEcoResProductDisplayProductNumber</FIELDNAME><INPUTMODE>Scanning</INPUTMODE><INPUTTYPE>Alpha</INPUTTYPE><NUMOFDECIMALS>-1</NUMOFDECIMALS></WHSWAREHOUSEAPPFIELDENTITY><WHSWAREHOUSEAPPFIELDENTITY><FIELDNAME>WHSFieldExceptionDescription</FIELDNAME><INPUTMODE>Manual</INPUTMODE><INPUTTYPE>Selection</INPUTTYPE><NUMOFDECIMALS>-1</NUMOFDECIMALS></WHSWAREHOUSEAPPFIELDENTITY><WHSWAREHOUSEAPPFIELDENTITY><FIELDNAME>WHSFieldInboundShipmentOrder</FIELDNAME><INPUTMODE>Scanning</INPUTMODE><INPUTTYPE>Alpha</INPUTTYPE><NUMOFDECIMALS>-1</NUMOFDECIMALS></WHSWAREHOUSEAPPFIELDENTITY><WHSWAREHOUSEAPPFIELDENTITY><FIELDNAME>WHSFieldInventoryStatus</FIELDNAME><INPUTMODE>Manual</INPUTMODE><INPUTTYPE>Selection</INPUTTYPE><NUMOFDECIMALS>-1</NUMOFDECIMALS></WHSWAREHOUSEAPPFIELDENTITY><WHSWAREHOUSEAPPFIELDENTITY><FIELDNAME>WHSFieldInventQuantity</FIELDNAME><INPUTMODE>Manual</INPUTMODE><INPUTTYPE>Numeric</INPUTTYPE><NUMOFDECIMALS>-1</NUMOFDECIMALS></WHSWAREHOUSEAPPFIELDENTITY><WHSWAREHOUSEAPPFIELDENTITY><FIELDNAME>WHSFieldItem</FIELDNAME><INPUTMODE>Scanning</INPUTMODE><INPUTTYPE>Alpha</INPUTTYPE><NUMOFDECIMALS>-1</NUMOFDECIMALS></WHSWAREHOUSEAPPFIELDENTITY><WHSWAREHOUSEAPPFIELDENTITY><FIELDNAME>WHSFieldItemDescription</FIELDNAME><INPUTMODE>Scanning</INPUTMODE><INPUTTYPE>Alpha</INPUTTYPE><NUMOFDECIMALS>-1</NUMOFDECIMALS></WHSWAREHOUSEAPPFIELDENTITY><WHSWAREHOUSEAPPFIELDENTITY><FIELDNAME>WHSFieldItemVolumeToPack</FIELDNAME><INPUTMODE>Manual</INPUTMODE><INPUTTYPE>Numeric</INPUTTYPE><NUMOFDECIMALS>-1</NUMOFDECIMALS></WHSWAREHOUSEAPPFIELDENTITY><WHSWAREHOUSEAPPFIELDENTITY><FIELDNAME>WHSFieldKanban</FIELDNAME><INPUTMODE>Scanning</INPUTMODE><INPUTTYPE>Alpha</INPUTTYPE><NUMOFDECIMALS>-1</NUMOFDECIMALS></WHSWAREHOUSEAPPFIELDENTITY><WHSWAREHOUSEAPPFIELDENTITY><FIELDNAME>WHSFieldKanbanCard</FIELDNAME><INPUTMODE>Scanning</INPUTMODE><INPUTTYPE>Alpha</INPUTTYPE><NUMOFDECIMALS>-1</NUMOFDECIMALS></WHSWAREHOUSEAPPFIELDENTITY><WHSWAREHOUSEAPPFIELDENTITY><FIELDNAME>WHSFieldLicensePlate</FIELDNAME><INPUTMODE>Scanning</INPUTMODE><INPUTTYPE>Alpha</INPUTTYPE><NUMOFDECIMALS>-1</NUMOFDECIMALS></WHSWAREHOUSEAPPFIELDENTITY><WHSWAREHOUSEAPPFIELDENTITY><FIELDNAME>WHSFieldLineNumber</FIELDNAME><INPUTMODE>Manual</INPUTMODE><INPUTTYPE>Numeric</INPUTTYPE><NUMOFDECIMALS>-1</NUMOFDECIMALS></WHSWAREHOUSEAPPFIELDENTITY><WHSWAREHOUSEAPPFIELDENTITY><FIELDNAME>WHSFieldLoad</FIELDNAME><INPUTMODE>Scanning</INPUTMODE><INPUTTYPE>Alpha</INPUTTYPE><NUMOFDECIMALS>-1</NUMOFDECIMALS></WHSWAREHOUSEAPPFIELDENTITY><WHSWAREHOUSEAPPFIELDENTITY><FIELDNAME>WHSFieldLocation</FIELDNAME><INPUTMODE>Scanning</INPUTMODE><INPUTTYPE>Alpha</INPUTTYPE><NUMOFDECIMALS>-1</NUMOFDECIMALS></WHSWAREHOUSEAPPFIELDENTITY><WHSWAREHOUSEAPPFIELDENTITY><FIELDNAME>WHSFieldLocOrLP</FIELDNAME><INPUTMODE>Scanning</INPUTMODE><INPUTTYPE>Alpha</INPUTTYPE><NUMOFDECIMALS>-1</NUMOFDECIMALS></WHSWAREHOUSEAPPFIELDENTITY><WHSWAREHOUSEAPPFIELDENTITY><FIELDNAME>WHSFieldLPPosition</FIELDNAME><INPUTMODE>Manual</INPUTMODE><INPUTTYPE>Numeric</INPUTTYPE><NUMOFDECIMALS>-1</NUMOFDECIMALS></WHSWAREHOUSEAPPFIELDENTITY><WHSWAREHOUSEAPPFIELDENTITY><FIELDNAME>WHSFieldLPVerification</FIELDNAME><INPUTMODE>Manual</INPUTMODE><INPUTTYPE>Alpha</INPUTTYPE><NUMOFDECIMALS>-1</NUMOFDECIMALS></WHSWAREHOUSEAPPFIELDENTITY><WHSWAREHOUSEAPPFIELDENTITY><FIELDNAME>WHSFieldOpenContainersCount</FIELDNAME><INPUTMODE>Manual</INPUTMODE><INPUTTYPE>Numeric</INPUTTYPE><NUMOFDECIMALS>-1</NUMOFDECIMALS></WHSWAREHOUSEAPPFIELDENTITY><WHSWAREHOUSEAPPFIELDENTITY><FIELDNAME>WHSFieldOrderName</FIELDNAME><INPUTMODE>Scanning</INPUTMODE><INPUTTYPE>Alpha</INPUTTYPE><NUMOFDECIMALS>-1</NUMOFDECIMALS></WHSWAREHOUSEAPPFIELDENTITY><WHSWAREHOUSEAPPFIELDENTITY><FIELDNAME>WHSFieldOutboundSortingContainerOrLicensePlate</FIELDNAME><INPUTMODE>Scanning</INPUTMODE><INPUTTYPE>Alpha</INPUTTYPE><NUMOFDECIMALS>-1</NUMOFDECIMALS></WHSWAREHOUSEAPPFIELDENTITY><WHSWAREHOUSEAPPFIELDENTITY><FIELDNAME>WHSFieldOutboundSortPositionId</FIELDNAME><INPUTMODE>Scanning</INPUTMODE><INPUTTYPE>Alpha</INPUTTYPE><NUMOFDECIMALS>-1</NUMOFDECIMALS></WHSWAREHOUSEAPPFIELDENTITY><WHSWAREHOUSEAPPFIELDENTITY><FIELDNAME>WHSFieldOverriddenLabelPrinter</FIELDNAME><INPUTMODE>Scanning</INPUTMODE><INPUTTYPE>Alpha</INPUTTYPE><NUMOFDECIMALS>-1</NUMOFDECIMALS></WHSWAREHOUSEAPPFIELDENTITY><WHSWAREHOUSEAPPFIELDENTITY><FIELDNAME>WHSFieldPassword</FIELDNAME><INPUTMODE>Manual</INPUTMODE><INPUTTYPE>Alpha</INPUTTYPE><NUMOFDECIMALS>-1</NUMOFDECIMALS></WHSWAREHOUSEAPPFIELDENTITY><WHSWAREHOUSEAPPFIELDENTITY><FIELDNAME>WHSFieldPdsBatchDispositionCode</FIELDNAME><INPUTMODE>Scanning</INPUTMODE><INPUTTYPE>Alpha</INPUTTYPE><NUMOFDECIMALS>-1</NUMOFDECIMALS></WHSWAREHOUSEAPPFIELDENTITY><WHSWAREHOUSEAPPFIELDENTITY><FIELDNAME>WHSFieldPieceByPiece</FIELDNAME><INPUTMODE>Manual</INPUTMODE><INPUTTYPE>Alpha</INPUTTYPE><NUMOFDECIMALS>-1</NUMOFDECIMALS></WHSWAREHOUSEAPPFIELDENTITY><WHSWAREHOUSEAPPFIELDENTITY><FIELDNAME>WHSFieldPotency</FIELDNAME><INPUTMODE>Manual</INPUTMODE><INPUTTYPE>Numeric</INPUTTYPE><NUMOFDECIMALS>-1</NUMOFDECIMALS></WHSWAREHOUSEAPPFIELDENTITY><WHSWAREHOUSEAPPFIELDENTITY><FIELDNAME>WHSFieldProductionOrder</FIELDNAME><INPUTMODE>Scanning</INPUTMODE><INPUTTYPE>Alpha</INPUTTYPE><NUMOFDECIMALS>-1</NUMOFDECIMALS></WHSWAREHOUSEAPPFIELDENTITY><WHSWAREHOUSEAPPFIELDENTITY><FIELDNAME>WHSFieldProductName</FIELDNAME><INPUTMODE>Scanning</INPUTMODE><INPUTTYPE>Alpha</INPUTTYPE><NUMOFDECIMALS>-1</NUMOFDECIMALS></WHSWAREHOUSEAPPFIELDENTITY><WHSWAREHOUSEAPPFIELDENTITY><FIELDNAME>WHSFieldPurchaseOrder</FIELDNAME><INPUTMODE>Scanning</INPUTMODE><INPUTTYPE>Alpha</INPUTTYPE><NUMOFDECIMALS>-1</NUMOFDECIMALS></WHSWAREHOUSEAPPFIELDENTITY><WHSWAREHOUSEAPPFIELDENTITY><FIELDNAME>WHSFieldQtyToPack</FIELDNAME><INPUTMODE>Manual</INPUTMODE><INPUTTYPE>Numeric</INPUTTYPE><NUMOFDECIMALS>-1</NUMOFDECIMALS></WHSWAREHOUSEAPPFIELDENTITY><WHSWAREHOUSEAPPFIELDENTITY><FIELDNAME>WHSFieldQuantity</FIELDNAME><INPUTMODE>Manual</INPUTMODE><INPUTTYPE>Numeric</INPUTTYPE><NUMOFDECIMALS>-1</NUMOFDECIMALS></WHSWAREHOUSEAPPFIELDENTITY><WHSWAREHOUSEAPPFIELDENTITY><FIELDNAME>WHSFieldQunatityAndUOM</FIELDNAME><INPUTMODE>Scanning</INPUTMODE><INPUTTYPE>Alpha</INPUTTYPE><NUMOFDECIMALS>-1</NUMOFDECIMALS></WHSWAREHOUSEAPPFIELDENTITY><WHSWAREHOUSEAPPFIELDENTITY><FIELDNAME>WHSFieldRefreshPage</FIELDNAME><INPUTMODE>Scanning</INPUTMODE><INPUTTYPE>Alpha</INPUTTYPE><NUMOFDECIMALS>-1</NUMOFDECIMALS></WHSWAREHOUSEAPPFIELDENTITY><WHSWAREHOUSEAPPFIELDENTITY><FIELDNAME>WHSFieldRemainingQtyToPack</FIELDNAME><INPUTMODE>Manual</INPUTMODE><INPUTTYPE>Numeric</INPUTTYPE><NUMOFDECIMALS>-1</NUMOFDECIMALS></WHSWAREHOUSEAPPFIELDENTITY><WHSWAREHOUSEAPPFIELDENTITY><FIELDNAME>WHSFieldReturn</FIELDNAME><INPUTMODE>Scanning</INPUTMODE><INPUTTYPE>Alpha</INPUTTYPE><NUMOFDECIMALS>-1</NUMOFDECIMALS></WHSWAREHOUSEAPPFIELDENTITY><WHSWAREHOUSEAPPFIELDENTITY><FIELDNAME>WHSFieldRFDescription1</FIELDNAME><INPUTMODE>Scanning</INPUTMODE><INPUTTYPE>Alpha</INPUTTYPE><NUMOFDECIMALS>-1</NUMOFDECIMALS></WHSWAREHOUSEAPPFIELDENTITY><WHSWAREHOUSEAPPFIELDENTITY><FIELDNAME>WHSFieldRFDescription2</FIELDNAME><INPUTMODE>Scanning</INPUTMODE><INPUTTYPE>Alpha</INPUTTYPE><NUMOFDECIMALS>-1</NUMOFDECIMALS></WHSWAREHOUSEAPPFIELDENTITY><WHSWAREHOUSEAPPFIELDENTITY><FIELDNAME>WHSFieldRMANum</FIELDNAME><INPUTMODE>Scanning</INPUTMODE><INPUTTYPE>Alpha</INPUTTYPE><NUMOFDECIMALS>-1</NUMOFDECIMALS></WHSWAREHOUSEAPPFIELDENTITY><WHSWAREHOUSEAPPFIELDENTITY><FIELDNAME>WHSFieldSerial</FIELDNAME><INPUTMODE>Scanning</INPUTMODE><INPUTTYPE>Alpha</INPUTTYPE><NUMOFDECIMALS>-1</NUMOFDECIMALS></WHSWAREHOUSEAPPFIELDENTITY><WHSWAREHOUSEAPPFIELDENTITY><FIELDNAME>WHSFieldSerialVerification</FIELDNAME><INPUTMODE>Manual</INPUTMODE><INPUTTYPE>Alpha</INPUTTYPE><NUMOFDECIMALS>-1</NUMOFDECIMALS></WHSWAREHOUSEAPPFIELDENTITY><WHSWAREHOUSEAPPFIELDENTITY><FIELDNAME>WHSFieldShipment</FIELDNAME><INPUTMODE>Scanning</INPUTMODE><INPUTTYPE>Alpha</INPUTTYPE><NUMOFDECIMALS>-1</NUMOFDECIMALS></WHSWAREHOUSEAPPFIELDENTITY><WHSWAREHOUSEAPPFIELDENTITY><FIELDNAME>WHSFieldShipmentLinesToPackCount</FIELDNAME><INPUTMODE>Manual</INPUTMODE><INPUTTYPE>Numeric</INPUTTYPE><NUMOFDECIMALS>-1</NUMOFDECIMALS></WHSWAREHOUSEAPPFIELDENTITY><WHSWAREHOUSEAPPFIELDENTITY><FIELDNAME>WHSFieldShipmentNote</FIELDNAME><INPUTMODE>Manual</INPUTMODE><INPUTTYPE>Alpha</INPUTTYPE><NUMOFDECIMALS>-1</NUMOFDECIMALS></WHSWAREHOUSEAPPFIELDENTITY><WHSWAREHOUSEAPPFIELDENTITY><FIELDNAME>WHSFieldShipmentVolumeToPack</FIELDNAME><INPUTMODE>Manual</INPUTMODE><INPUTTYPE>Numeric</INPUTTYPE><NUMOFDECIMALS>-1</NUMOFDECIMALS></WHSWAREHOUSEAPPFIELDENTITY><WHSWAREHOUSEAPPFIELDENTITY><FIELDNAME>WHSFieldSize</FIELDNAME><INPUTMODE>Scanning</INPUTMODE><INPUTTYPE>Alpha</INPUTTYPE><NUMOFDECIMALS>-1</NUMOFDECIMALS></WHSWAREHOUSEAPPFIELDENTITY><WHSWAREHOUSEAPPFIELDENTITY><FIELDNAME>WHSFieldSourceSystem</FIELDNAME><INPUTMODE>Scanning</INPUTMODE><INPUTTYPE>Alpha</INPUTTYPE><NUMOFDECIMALS>-1</NUMOFDECIMALS></WHSWAREHOUSEAPPFIELDENTITY><WHSWAREHOUSEAPPFIELDENTITY><FIELDNAME>WHSFieldStyle</FIELDNAME><INPUTMODE>Scanning</INPUTMODE><INPUTTYPE>Alpha</INPUTTYPE><NUMOFDECIMALS>-1</NUMOFDECIMALS></WHSWAREHOUSEAPPFIELDENTITY><WHSWAREHOUSEAPPFIELDENTITY><FIELDNAME>WHSFieldSuggestedLPs</FIELDNAME><INPUTMODE>Manual</INPUTMODE><INPUTTYPE>Selection</INPUTTYPE><NUMOFDECIMALS>-1</NUMOFDECIMALS></WHSWAREHOUSEAPPFIELDENTITY><WHSWAREHOUSEAPPFIELDENTITY><FIELDNAME>WHSFieldSystemGroupingField</FIELDNAME><INPUTMODE>Scanning</INPUTMODE><INPUTTYPE>Alpha</INPUTTYPE><NUMOFDECIMALS>-1</NUMOFDECIMALS></WHSWAREHOUSEAPPFIELDENTITY><WHSWAREHOUSEAPPFIELDENTITY><FIELDNAME>WHSFieldTargetLicensePlate</FIELDNAME><INPUTMODE>Scanning</INPUTMODE><INPUTTYPE>Alpha</INPUTTYPE><NUMOFDECIMALS>-1</NUMOFDECIMALS></WHSWAREHOUSEAPPFIELDENTITY><WHSWAREHOUSEAPPFIELDENTITY><FIELDNAME>WHSFieldToWarehouse</FIELDNAME><INPUTMODE>Scanning</INPUTMODE><INPUTTYPE>Alpha</INPUTTYPE><NUMOFDECIMALS>-1</NUMOFDECIMALS></WHSWAREHOUSEAPPFIELDENTITY><WHSWAREHOUSEAPPFIELDENTITY><FIELDNAME>WHSFieldTransferOrder</FIELDNAME><INPUTMODE>Scanning</INPUTMODE><INPUTTYPE>Alpha</INPUTTYPE><NUMOFDECIMALS>-1</NUMOFDECIMALS></WHSWAREHOUSEAPPFIELDENTITY><WHSWAREHOUSEAPPFIELDENTITY><FIELDNAME>WHSFieldTransportLoad</FIELDNAME><INPUTMODE>Scanning</INPUTMODE><INPUTTYPE>Alpha</INPUTTYPE><NUMOFDECIMALS>-1</NUMOFDECIMALS></WHSWAREHOUSEAPPFIELDENTITY><WHSWAREHOUSEAPPFIELDENTITY><FIELDNAME>WHSFieldUnitOfMeasure</FIELDNAME><INPUTMODE>Manual</INPUTMODE><INPUTTYPE>Selection</INPUTTYPE><NUMOFDECIMALS>-1</NUMOFDECIMALS></WHSWAREHOUSEAPPFIELDENTITY><WHSWAREHOUSEAPPFIELDENTITY><FIELDNAME>WHSFieldUserId</FIELDNAME><INPUTMODE>Manual</INPUTMODE><INPUTTYPE>Alpha</INPUTTYPE><NUMOFDECIMALS>-1</NUMOFDECIMALS></WHSWAREHOUSEAPPFIELDENTITY><WHSWAREHOUSEAPPFIELDENTITY><FIELDNAME>WHSFieldVendName</FIELDNAME><INPUTMODE>Scanning</INPUTMODE><INPUTTYPE>Alpha</INPUTTYPE><NUMOFDECIMALS>-1</NUMOFDECIMALS></WHSWAREHOUSEAPPFIELDENTITY><WHSWAREHOUSEAPPFIELDENTITY><FIELDNAME>WHSFieldVendorBatch</FIELDNAME><INPUTMODE>Scanning</INPUTMODE><INPUTTYPE>Alpha</INPUTTYPE><NUMOFDECIMALS>-1</NUMOFDECIMALS></WHSWAREHOUSEAPPFIELDENTITY><WHSWAREHOUSEAPPFIELDENTITY><FIELDNAME>WHSFieldVendorBatchDate</FIELDNAME><INPUTMODE>Manual</INPUTMODE><INPUTTYPE>Date</INPUTTYPE><NUMOFDECIMALS>-1</NUMOFDECIMALS></WHSWAREHOUSEAPPFIELDENTITY><WHSWAREHOUSEAPPFIELDENTITY><FIELDNAME>WHSFieldVendorExpiryDate</FIELDNAME><INPUTMODE>Manual</INPUTMODE><INPUTTYPE>Date</INPUTTYPE><NUMOFDECIMALS>-1</NUMOFDECIMALS></WHSWAREHOUSEAPPFIELDENTITY><WHSWAREHOUSEAPPFIELDENTITY><FIELDNAME>WHSFieldVersion</FIELDNAME><INPUTMODE>Scanning</INPUTMODE><INPUTTYPE>Alpha</INPUTTYPE><NUMOFDECIMALS>-1</NUMOFDECIMALS></WHSWAREHOUSEAPPFIELDENTITY><WHSWAREHOUSEAPPFIELDENTITY><FIELDNAME>WHSFieldWeight</FIELDNAME><INPUTMODE>Manual</INPUTMODE><INPUTTYPE>Numeric</INPUTTYPE><NUMOFDECIMALS>-2</NUMOFDECIMALS></WHSWAREHOUSEAPPFIELDENTITY><WHSWAREHOUSEAPPFIELDENTITY><FIELDNAME>WHSFieldWork</FIELDNAME><INPUTMODE>Scanning</INPUTMODE><INPUTTYPE>Alpha</INPUTTYPE><NUMOFDECIMALS>-1</NUMOFDECIMALS></WHSWAREHOUSEAPPFIELDENTITY><WHSWAREHOUSEAPPFIELDENTITY><FIELDNAME>WHSFieldWorkGroupingNumber</FIELDNAME><INPUTMODE>Scanning</INPUTMODE><INPUTTYPE>Alpha</INPUTTYPE><NUMOFDECIMALS>-1</NUMOFDECIMALS></WHSWAREHOUSEAPPFIELDENTITY><WHSWAREHOUSEAPPFIELDENTITY><FIELDNAME>WHSFieldZone</FIELDNAME><INPUTMODE>Scanning</INPUTMODE><INPUTTYPE>Alpha</INPUTTYPE><NUMOFDECIMALS>-1</NUMOFDECIMALS></WHSWAREHOUSEAPPFIELDENTITY></Document>