﻿<?xml version="1.0" encoding="utf-8"?><Document><WHSWAREHOUSEWORKTEMPLATEV2ENTITY><TEMPLATEID>PICK</TEMPLATEID><WORKORDERTYPE>Sales</WORKORDERTYPE><DEFAULTWAREHOUSEWORKORDERPRIORITY>0</DEFAULTWAREHOUSEWORKORDERPRIORITY><ISAUTOMATICPROCESSINGALLOWED>Yes</ISAUTOMATICPROCESSINGALLOWED><ISPACKINGQUANTITYUSEDASMAXIMUMQUANTITY>No</ISPACKINGQUANTITYUSEDASMAXIMUMQUANTITY><ITEMBATCHALLOCATIONSTRATEGY>FEFO</ITEMBATCHALLOCATIONSTRATEGY><LICENSEPLATELABELBUILDCONFIGURATIONID></LICENSEPLATELABELBUILDCONFIGURATIONID><MAXIMUMWAREHOUSEWORKORDERLINEQUANTITY>0.000000</MAXIMUMWAREHOUSEWORKORDERLINEQUANTITY><MAXIMUMWAREHOUSEWORKORDERLINEQUANTITYUNITSYMBOL></MAXIMUMWAREHOUSEWORKORDERLINEQUANTITYUNITSYMBOL><MAXIMUMWAREHOUSEWORKORDERLINEVOLUME>0.000000</MAXIMUMWAREHOUSEWORKORDERLINEVOLUME><MAXIMUMWAREHOUSEWORKORDERLINEWEIGHT>0.000000000000</MAXIMUMWAREHOUSEWORKORDERLINEWEIGHT><MAXIMUMWAREHOUSEWORKORDERPICKLINES>0</MAXIMUMWAREHOUSEWORKORDERPICKLINES><MAXIMUMWAREHOUSEWORKORDERQUANTITY>0.000000</MAXIMUMWAREHOUSEWORKORDERQUANTITY><MAXIMUMWAREHOUSEWORKORDERVOLUME>0.000000</MAXIMUMWAREHOUSEWORKORDERVOLUME><MAXIMUMWAREHOUSEWORKORDERWEIGHT>0.000000000000</MAXIMUMWAREHOUSEWORKORDERWEIGHT><REPLENISHMENTDEPENDENTWORKBLOCKINGPOLICY>EntireWorkOrder</REPLENISHMENTDEPENDENTWORKBLOCKINGPOLICY><SPLITCROSSDOCKWORKATLICENSEPLATERECEIVING>No</SPLITCROSSDOCKWORKATLICENSEPLATERECEIVING><TEMPLATEDESCRIPTION>Sales Order Picking</TEMPLATEDESCRIPTION><TEMPLATESEQUENCENUMBER>0</TEMPLATESEQUENCENUMBER><WAREHOUSEWORKHEADERMAXIMUMESTIMATEDPICKTIME>0.000000</WAREHOUSEWORKHEADERMAXIMUMESTIMATEDPICKTIME><WAREHOUSEWORKPOOLID></WAREHOUSEWORKPOOLID><TemplateQueryFileName>{26AE4EA6-9640-41C7-8946-3735B151BCB8}</TemplateQueryFileName></WHSWAREHOUSEWORKTEMPLATEV2ENTITY><WHSWAREHOUSEWORKTEMPLATEV2ENTITY><TEMPLATEID>RECEIVE</TEMPLATEID><WORKORDERTYPE>Purch</WORKORDERTYPE><DEFAULTWAREHOUSEWORKORDERPRIORITY>0</DEFAULTWAREHOUSEWORKORDERPRIORITY><ISAUTOMATICPROCESSINGALLOWED>No</ISAUTOMATICPROCESSINGALLOWED><ISPACKINGQUANTITYUSEDASMAXIMUMQUANTITY>No</ISPACKINGQUANTITYUSEDASMAXIMUMQUANTITY><ITEMBATCHALLOCATIONSTRATEGY>FEFO</ITEMBATCHALLOCATIONSTRATEGY><LICENSEPLATELABELBUILDCONFIGURATIONID></LICENSEPLATELABELBUILDCONFIGURATIONID><MAXIMUMWAREHOUSEWORKORDERLINEQUANTITY>0.000000</MAXIMUMWAREHOUSEWORKORDERLINEQUANTITY><MAXIMUMWAREHOUSEWORKORDERLINEQUANTITYUNITSYMBOL></MAXIMUMWAREHOUSEWORKORDERLINEQUANTITYUNITSYMBOL><MAXIMUMWAREHOUSEWORKORDERLINEVOLUME>0.000000</MAXIMUMWAREHOUSEWORKORDERLINEVOLUME><MAXIMUMWAREHOUSEWORKORDERLINEWEIGHT>0.000000000000</MAXIMUMWAREHOUSEWORKORDERLINEWEIGHT><MAXIMUMWAREHOUSEWORKORDERPICKLINES>0</MAXIMUMWAREHOUSEWORKORDERPICKLINES><MAXIMUMWAREHOUSEWORKORDERQUANTITY>0.000000</MAXIMUMWAREHOUSEWORKORDERQUANTITY><MAXIMUMWAREHOUSEWORKORDERVOLUME>0.000000</MAXIMUMWAREHOUSEWORKORDERVOLUME><MAXIMUMWAREHOUSEWORKORDERWEIGHT>0.000000000000</MAXIMUMWAREHOUSEWORKORDERWEIGHT><REPLENISHMENTDEPENDENTWORKBLOCKINGPOLICY>EntireWorkOrder</REPLENISHMENTDEPENDENTWORKBLOCKINGPOLICY><SPLITCROSSDOCKWORKATLICENSEPLATERECEIVING>No</SPLITCROSSDOCKWORKATLICENSEPLATERECEIVING><TEMPLATEDESCRIPTION>PO Receiving</TEMPLATEDESCRIPTION><TEMPLATESEQUENCENUMBER>0</TEMPLATESEQUENCENUMBER><WAREHOUSEWORKHEADERMAXIMUMESTIMATEDPICKTIME>0.000000</WAREHOUSEWORKHEADERMAXIMUMESTIMATEDPICKTIME><WAREHOUSEWORKPOOLID></WAREHOUSEWORKPOOLID><TemplateQueryFileName>{346C54F2-6F85-4B59-A4D1-FB38F37EA515}</TemplateQueryFileName></WHSWAREHOUSEWORKTEMPLATEV2ENTITY></Document>