﻿<?xml version="1.0" encoding="utf-8"?><Document><WHSWAREHOUSEMOBILEDEVICEMENUITEMV3ENTITY><MENUITEMNAME>Log Off</MENUITEMNAME><ACTIVITYCODE>LogOff</ACTIVITYCODE><ANCHORBY>Shipment</ANCHORBY><ARECYCLECOUNTTHRESHOLDSDISABLED>No</ARECYCLECOUNTTHRESHOLDSDISABLED><AREOLDERBATCHESWITHINWAREHOUSEDISPLAYED>No</AREOLDERBATCHESWITHINWAREHOUSEDISPLAYED><AUDITTEMPLATEID></AUDITTEMPLATEID><CANLICENSEPLATECONSOLIDATIONCANCELREMAININGORIGINWORKLINES>No</CANLICENSEPLATECONSOLIDATIONCANCELREMAININGORIGINWORKLINES><CLUSTERPROFILEID></CLUSTERPROFILEID><CONTAINERPACKINGPOLICYID></CONTAINERPACKINGPOLICYID><COUNTINGREASONCODEGROUP></COUNTINGREASONCODEGROUP><DATAINQUIRYQUERYTABLENAME></DATAINQUIRYQUERYTABLENAME><DEFAULTCOUNTINGREASONCODE></DEFAULTCOUNTINGREASONCODE><DEFERREDPUTPROCESSINGPOLICY>RespectSettings</DEFERREDPUTPROCESSINGPOLICY><DIRECTEDBY>None</DIRECTEDBY><DIRECTIVECODE></DIRECTIVECODE><GROUPINGFIELD></GROUPINGFIELD><GROUPINGLABEL></GROUPINGLABEL><INVENTORYADJUSTMENTTYPEID></INVENTORYADJUSTMENTTYPEID><ISANCHORINGUSED>No</ISANCHORINGUSED><ISASNITEMRECEIVINGPREVENTED>No</ISASNITEMRECEIVINGPREVENTED><ISBATCHDISPOSITIONCODEDISPLAYED>No</ISBATCHDISPOSITIONCODEDISPLAYED><ISBATCHNUMBEROVERRIDEN>No</ISBATCHNUMBEROVERRIDEN><ISCANCELATIONCONFIRMED>No</ISCANCELATIONCONFIRMED><ISCANCELINGREPLENISHMENTWORKWITHDEPENDENTWORKALLOWED>No</ISCANCELINGREPLENISHMENTWORKWITHDEPENDENTWORKALLOWED><ISCONTAINERTYPEDISPLAYED>No</ISCONTAINERTYPEDISPLAYED><ISCOUNTINGREASONCODEDISPLAYED>Hide</ISCOUNTINGREASONCODEDISPLAYED><ISCOUNTINGREASONCODEEDITABLE>No</ISCOUNTINGREASONCODEEDITABLE><ISDEFAULTDATAUSED>No</ISDEFAULTDATAUSED><ISDISPOSITIONCODEDISPLAYED>No</ISDISPOSITIONCODEDISPLAYED><ISFASTVALIDATIONENABLED>No</ISFASTVALIDATIONENABLED><ISGROUPPICKENABLED>No</ISGROUPPICKENABLED><ISGROUPPUTAWAYUSED>No</ISGROUPPUTAWAYUSED><ISINVENTORYSTATUSDISPLAYED>No</ISINVENTORYSTATUSDISPLAYED><ISLABELPRINTED>No</ISLABELPRINTED><ISLICENSEPLATEGENERATED>No</ISLICENSEPLATEGENERATED><ISLICENSEPLATEHANDLINGUSED>No</ISLICENSEPLATEHANDLINGUSED><ISLICENSEPLATEOVERRIDENDURINGPUT>No</ISLICENSEPLATEOVERRIDENDURINGPUT><ISLOCATIONOVERFLOWALLOWED>No</ISLOCATIONOVERFLOWALLOWED><ISMOVEMENTCREATED>No</ISMOVEMENTCREATED><ISOVERPICKALLOWED>No</ISOVERPICKALLOWED><ISPICKANDPACKUSED>No</ISPICKANDPACKUSED><ISPICKSCREENSUMMARYDISPLAYED>No</ISPICKSCREENSUMMARYDISPLAYED><ISTARGETLICENSEPLATEOVERRIDEN>No</ISTARGETLICENSEPLATEOVERRIDEN><ISTOTALITEMQUANTITYCOUNTEDFIRST>No</ISTOTALITEMQUANTITYCOUNTEDFIRST><ISUSERKEEPINGWORKLOCKED>No</ISUSERKEEPINGWORKLOCKED><ISWORKLISTGROUPINGFILTERDISPLAYED>No</ISWORKLISTGROUPINGFILTERDISPLAYED><ISWORKSPLITTINGALLOWED>No</ISWORKSPLITTINGALLOWED><ISWORKTRANSACTIONTYPEUSERFILTERINGALLOWED>No</ISWORKTRANSACTIONTYPEUSERFILTERINGALLOWED><LICENSEPLATEGROUPINGPOLICY>None</LICENSEPLATEGROUPINGPOLICY><MAXIMUMDISPLAYEDRECORDS>0</MAXIMUMDISPLAYEDRECORDS><MENUITEMMODE>Indirect</MENUITEMMODE><MIXEDLICENSEPLATERECEIVINGMODE>POItemReceiving</MIXEDLICENSEPLATERECEIVINGMODE><OUTBOUNDSHIPMENTPOLICY>None</OUTBOUNDSHIPMENTPOLICY><OUTBOUNDSORTINGTEMPLATEID></OUTBOUNDSORTINGTEMPLATEID><PICKOLDESTBATCHCRITERIA>None</PICKOLDESTBATCHCRITERIA><RECEIVINGSUMMARYPAGEDISPLAYRULE>DisplayDetailedSummary</RECEIVINGSUMMARYPAGEDISPLAYRULE><SHOWWORKLINELISTPOLICY>NeverShow</SHOWWORKLINELISTPOLICY><TITLE>Log Off</TITLE><TRANSFERORDERLINECREATIONPOLICY>None</TRANSFERORDERLINECREATIONPOLICY><USEEXISTINGWORK>No</USEEXISTINGWORK><WAVELABELPRINTMODE>Product</WAVELABELPRINTMODE><WILLCONTAINERREMOVALCANCELRELATEDWORK>No</WILLCONTAINERREMOVALCANCELRELATEDWORK><WILLRECEIPTASSIGNPUTAWAYCLUSTER>No</WILLRECEIPTASSIGNPUTAWAYCLUSTER><WILLREPORTASFINISHEDALLOWPRODUCTIONORDERENDING>No</WILLREPORTASFINISHEDALLOWPRODUCTIONORDERENDING><WILLUSEPROCESSGUIDEFRAMEWORK>No</WILLUSEPROCESSGUIDEFRAMEWORK><WORKCREATIONPROCESS>None</WORKCREATIONPROCESS><WORKTEMPLATEID></WORKTEMPLATEID><WorkListQueryFileName></WorkListQueryFileName><CartonGroupQueryFileName></CartonGroupQueryFileName></WHSWAREHOUSEMOBILEDEVICEMENUITEMV3ENTITY><WHSWAREHOUSEMOBILEDEVICEMENUITEMV3ENTITY><MENUITEMNAME>Purchase Put-away</MENUITEMNAME><ACTIVITYCODE>None</ACTIVITYCODE><ANCHORBY>Shipment</ANCHORBY><ARECYCLECOUNTTHRESHOLDSDISABLED>No</ARECYCLECOUNTTHRESHOLDSDISABLED><AREOLDERBATCHESWITHINWAREHOUSEDISPLAYED>No</AREOLDERBATCHESWITHINWAREHOUSEDISPLAYED><AUDITTEMPLATEID></AUDITTEMPLATEID><CANLICENSEPLATECONSOLIDATIONCANCELREMAININGORIGINWORKLINES>No</CANLICENSEPLATECONSOLIDATIONCANCELREMAININGORIGINWORKLINES><CLUSTERPROFILEID></CLUSTERPROFILEID><CONTAINERPACKINGPOLICYID></CONTAINERPACKINGPOLICYID><COUNTINGREASONCODEGROUP></COUNTINGREASONCODEGROUP><DATAINQUIRYQUERYTABLENAME></DATAINQUIRYQUERYTABLENAME><DEFAULTCOUNTINGREASONCODE></DEFAULTCOUNTINGREASONCODE><DEFERREDPUTPROCESSINGPOLICY>RespectSettings</DEFERREDPUTPROCESSINGPOLICY><DIRECTEDBY>UserGrouping</DIRECTEDBY><DIRECTIVECODE></DIRECTIVECODE><GROUPINGFIELD></GROUPINGFIELD><GROUPINGLABEL></GROUPINGLABEL><INVENTORYADJUSTMENTTYPEID></INVENTORYADJUSTMENTTYPEID><ISANCHORINGUSED>No</ISANCHORINGUSED><ISASNITEMRECEIVINGPREVENTED>No</ISASNITEMRECEIVINGPREVENTED><ISBATCHDISPOSITIONCODEDISPLAYED>No</ISBATCHDISPOSITIONCODEDISPLAYED><ISBATCHNUMBEROVERRIDEN>No</ISBATCHNUMBEROVERRIDEN><ISCANCELATIONCONFIRMED>No</ISCANCELATIONCONFIRMED><ISCANCELINGREPLENISHMENTWORKWITHDEPENDENTWORKALLOWED>No</ISCANCELINGREPLENISHMENTWORKWITHDEPENDENTWORKALLOWED><ISCONTAINERTYPEDISPLAYED>No</ISCONTAINERTYPEDISPLAYED><ISCOUNTINGREASONCODEDISPLAYED>Hide</ISCOUNTINGREASONCODEDISPLAYED><ISCOUNTINGREASONCODEEDITABLE>No</ISCOUNTINGREASONCODEEDITABLE><ISDEFAULTDATAUSED>No</ISDEFAULTDATAUSED><ISDISPOSITIONCODEDISPLAYED>No</ISDISPOSITIONCODEDISPLAYED><ISFASTVALIDATIONENABLED>No</ISFASTVALIDATIONENABLED><ISGROUPPICKENABLED>No</ISGROUPPICKENABLED><ISGROUPPUTAWAYUSED>Yes</ISGROUPPUTAWAYUSED><ISINVENTORYSTATUSDISPLAYED>No</ISINVENTORYSTATUSDISPLAYED><ISLABELPRINTED>No</ISLABELPRINTED><ISLICENSEPLATEGENERATED>No</ISLICENSEPLATEGENERATED><ISLICENSEPLATEHANDLINGUSED>No</ISLICENSEPLATEHANDLINGUSED><ISLICENSEPLATEOVERRIDENDURINGPUT>No</ISLICENSEPLATEOVERRIDENDURINGPUT><ISLOCATIONOVERFLOWALLOWED>No</ISLOCATIONOVERFLOWALLOWED><ISMOVEMENTCREATED>No</ISMOVEMENTCREATED><ISOVERPICKALLOWED>No</ISOVERPICKALLOWED><ISPICKANDPACKUSED>No</ISPICKANDPACKUSED><ISPICKSCREENSUMMARYDISPLAYED>No</ISPICKSCREENSUMMARYDISPLAYED><ISTARGETLICENSEPLATEOVERRIDEN>No</ISTARGETLICENSEPLATEOVERRIDEN><ISTOTALITEMQUANTITYCOUNTEDFIRST>No</ISTOTALITEMQUANTITYCOUNTEDFIRST><ISUSERKEEPINGWORKLOCKED>No</ISUSERKEEPINGWORKLOCKED><ISWORKLISTGROUPINGFILTERDISPLAYED>No</ISWORKLISTGROUPINGFILTERDISPLAYED><ISWORKSPLITTINGALLOWED>No</ISWORKSPLITTINGALLOWED><ISWORKTRANSACTIONTYPEUSERFILTERINGALLOWED>No</ISWORKTRANSACTIONTYPEUSERFILTERINGALLOWED><LICENSEPLATEGROUPINGPOLICY>None</LICENSEPLATEGROUPINGPOLICY><MAXIMUMDISPLAYEDRECORDS>0</MAXIMUMDISPLAYEDRECORDS><MENUITEMMODE>Work</MENUITEMMODE><MIXEDLICENSEPLATERECEIVINGMODE>POItemReceiving</MIXEDLICENSEPLATERECEIVINGMODE><OUTBOUNDSHIPMENTPOLICY>None</OUTBOUNDSHIPMENTPOLICY><OUTBOUNDSORTINGTEMPLATEID></OUTBOUNDSORTINGTEMPLATEID><PICKOLDESTBATCHCRITERIA>None</PICKOLDESTBATCHCRITERIA><RECEIVINGSUMMARYPAGEDISPLAYRULE>DisplayDetailedSummary</RECEIVINGSUMMARYPAGEDISPLAYRULE><SHOWWORKLINELISTPOLICY>NeverShow</SHOWWORKLINELISTPOLICY><TITLE>Purchase Put-away</TITLE><TRANSFERORDERLINECREATIONPOLICY>None</TRANSFERORDERLINECREATIONPOLICY><USEEXISTINGWORK>Yes</USEEXISTINGWORK><WAVELABELPRINTMODE>Product</WAVELABELPRINTMODE><WILLCONTAINERREMOVALCANCELRELATEDWORK>No</WILLCONTAINERREMOVALCANCELRELATEDWORK><WILLRECEIPTASSIGNPUTAWAYCLUSTER>No</WILLRECEIPTASSIGNPUTAWAYCLUSTER><WILLREPORTASFINISHEDALLOWPRODUCTIONORDERENDING>No</WILLREPORTASFINISHEDALLOWPRODUCTIONORDERENDING><WILLUSEPROCESSGUIDEFRAMEWORK>No</WILLUSEPROCESSGUIDEFRAMEWORK><WORKCREATIONPROCESS>None</WORKCREATIONPROCESS><WORKTEMPLATEID></WORKTEMPLATEID><WorkListQueryFileName></WorkListQueryFileName><CartonGroupQueryFileName></CartonGroupQueryFileName></WHSWAREHOUSEMOBILEDEVICEMENUITEMV3ENTITY><WHSWAREHOUSEMOBILEDEVICEMENUITEMV3ENTITY><MENUITEMNAME>Purchase Receipt</MENUITEMNAME><ACTIVITYCODE>None</ACTIVITYCODE><ANCHORBY>Shipment</ANCHORBY><ARECYCLECOUNTTHRESHOLDSDISABLED>No</ARECYCLECOUNTTHRESHOLDSDISABLED><AREOLDERBATCHESWITHINWAREHOUSEDISPLAYED>No</AREOLDERBATCHESWITHINWAREHOUSEDISPLAYED><AUDITTEMPLATEID></AUDITTEMPLATEID><CANLICENSEPLATECONSOLIDATIONCANCELREMAININGORIGINWORKLINES>No</CANLICENSEPLATECONSOLIDATIONCANCELREMAININGORIGINWORKLINES><CLUSTERPROFILEID></CLUSTERPROFILEID><CONTAINERPACKINGPOLICYID></CONTAINERPACKINGPOLICYID><COUNTINGREASONCODEGROUP></COUNTINGREASONCODEGROUP><DATAINQUIRYQUERYTABLENAME></DATAINQUIRYQUERYTABLENAME><DEFAULTCOUNTINGREASONCODE></DEFAULTCOUNTINGREASONCODE><DEFERREDPUTPROCESSINGPOLICY>RespectSettings</DEFERREDPUTPROCESSINGPOLICY><DIRECTEDBY>None</DIRECTEDBY><DIRECTIVECODE></DIRECTIVECODE><GROUPINGFIELD></GROUPINGFIELD><GROUPINGLABEL></GROUPINGLABEL><INVENTORYADJUSTMENTTYPEID></INVENTORYADJUSTMENTTYPEID><ISANCHORINGUSED>No</ISANCHORINGUSED><ISASNITEMRECEIVINGPREVENTED>No</ISASNITEMRECEIVINGPREVENTED><ISBATCHDISPOSITIONCODEDISPLAYED>No</ISBATCHDISPOSITIONCODEDISPLAYED><ISBATCHNUMBEROVERRIDEN>No</ISBATCHNUMBEROVERRIDEN><ISCANCELATIONCONFIRMED>No</ISCANCELATIONCONFIRMED><ISCANCELINGREPLENISHMENTWORKWITHDEPENDENTWORKALLOWED>No</ISCANCELINGREPLENISHMENTWORKWITHDEPENDENTWORKALLOWED><ISCONTAINERTYPEDISPLAYED>No</ISCONTAINERTYPEDISPLAYED><ISCOUNTINGREASONCODEDISPLAYED>Hide</ISCOUNTINGREASONCODEDISPLAYED><ISCOUNTINGREASONCODEEDITABLE>No</ISCOUNTINGREASONCODEEDITABLE><ISDEFAULTDATAUSED>No</ISDEFAULTDATAUSED><ISDISPOSITIONCODEDISPLAYED>No</ISDISPOSITIONCODEDISPLAYED><ISFASTVALIDATIONENABLED>No</ISFASTVALIDATIONENABLED><ISGROUPPICKENABLED>No</ISGROUPPICKENABLED><ISGROUPPUTAWAYUSED>No</ISGROUPPUTAWAYUSED><ISINVENTORYSTATUSDISPLAYED>No</ISINVENTORYSTATUSDISPLAYED><ISLABELPRINTED>No</ISLABELPRINTED><ISLICENSEPLATEGENERATED>Yes</ISLICENSEPLATEGENERATED><ISLICENSEPLATEHANDLINGUSED>No</ISLICENSEPLATEHANDLINGUSED><ISLICENSEPLATEOVERRIDENDURINGPUT>No</ISLICENSEPLATEOVERRIDENDURINGPUT><ISLOCATIONOVERFLOWALLOWED>No</ISLOCATIONOVERFLOWALLOWED><ISMOVEMENTCREATED>No</ISMOVEMENTCREATED><ISOVERPICKALLOWED>No</ISOVERPICKALLOWED><ISPICKANDPACKUSED>No</ISPICKANDPACKUSED><ISPICKSCREENSUMMARYDISPLAYED>No</ISPICKSCREENSUMMARYDISPLAYED><ISTARGETLICENSEPLATEOVERRIDEN>No</ISTARGETLICENSEPLATEOVERRIDEN><ISTOTALITEMQUANTITYCOUNTEDFIRST>No</ISTOTALITEMQUANTITYCOUNTEDFIRST><ISUSERKEEPINGWORKLOCKED>No</ISUSERKEEPINGWORKLOCKED><ISWORKLISTGROUPINGFILTERDISPLAYED>No</ISWORKLISTGROUPINGFILTERDISPLAYED><ISWORKSPLITTINGALLOWED>No</ISWORKSPLITTINGALLOWED><ISWORKTRANSACTIONTYPEUSERFILTERINGALLOWED>No</ISWORKTRANSACTIONTYPEUSERFILTERINGALLOWED><LICENSEPLATEGROUPINGPOLICY>LicensePlateGrouping</LICENSEPLATEGROUPINGPOLICY><MAXIMUMDISPLAYEDRECORDS>0</MAXIMUMDISPLAYEDRECORDS><MENUITEMMODE>Work</MENUITEMMODE><MIXEDLICENSEPLATERECEIVINGMODE>POItemReceiving</MIXEDLICENSEPLATERECEIVINGMODE><OUTBOUNDSHIPMENTPOLICY>None</OUTBOUNDSHIPMENTPOLICY><OUTBOUNDSORTINGTEMPLATEID></OUTBOUNDSORTINGTEMPLATEID><PICKOLDESTBATCHCRITERIA>None</PICKOLDESTBATCHCRITERIA><RECEIVINGSUMMARYPAGEDISPLAYRULE>DisplayDetailedSummary</RECEIVINGSUMMARYPAGEDISPLAYRULE><SHOWWORKLINELISTPOLICY>NeverShow</SHOWWORKLINELISTPOLICY><TITLE>Purchase Receipt</TITLE><TRANSFERORDERLINECREATIONPOLICY>None</TRANSFERORDERLINECREATIONPOLICY><USEEXISTINGWORK>No</USEEXISTINGWORK><WAVELABELPRINTMODE>Product</WAVELABELPRINTMODE><WILLCONTAINERREMOVALCANCELRELATEDWORK>No</WILLCONTAINERREMOVALCANCELRELATEDWORK><WILLRECEIPTASSIGNPUTAWAYCLUSTER>No</WILLRECEIPTASSIGNPUTAWAYCLUSTER><WILLREPORTASFINISHEDALLOWPRODUCTIONORDERENDING>No</WILLREPORTASFINISHEDALLOWPRODUCTIONORDERENDING><WILLUSEPROCESSGUIDEFRAMEWORK>No</WILLUSEPROCESSGUIDEFRAMEWORK><WORKCREATIONPROCESS>PurchaseOrderItemReceiving</WORKCREATIONPROCESS><WORKTEMPLATEID></WORKTEMPLATEID><WorkListQueryFileName></WorkListQueryFileName><CartonGroupQueryFileName></CartonGroupQueryFileName></WHSWAREHOUSEMOBILEDEVICEMENUITEMV3ENTITY><WHSWAREHOUSEMOBILEDEVICEMENUITEMV3ENTITY><MENUITEMNAME>Sales Loading</MENUITEMNAME><ACTIVITYCODE>None</ACTIVITYCODE><ANCHORBY>Shipment</ANCHORBY><ARECYCLECOUNTTHRESHOLDSDISABLED>No</ARECYCLECOUNTTHRESHOLDSDISABLED><AREOLDERBATCHESWITHINWAREHOUSEDISPLAYED>No</AREOLDERBATCHESWITHINWAREHOUSEDISPLAYED><AUDITTEMPLATEID></AUDITTEMPLATEID><CANLICENSEPLATECONSOLIDATIONCANCELREMAININGORIGINWORKLINES>No</CANLICENSEPLATECONSOLIDATIONCANCELREMAININGORIGINWORKLINES><CLUSTERPROFILEID></CLUSTERPROFILEID><CONTAINERPACKINGPOLICYID></CONTAINERPACKINGPOLICYID><COUNTINGREASONCODEGROUP></COUNTINGREASONCODEGROUP><DATAINQUIRYQUERYTABLENAME></DATAINQUIRYQUERYTABLENAME><DEFAULTCOUNTINGREASONCODE></DEFAULTCOUNTINGREASONCODE><DEFERREDPUTPROCESSINGPOLICY>RespectSettings</DEFERREDPUTPROCESSINGPOLICY><DIRECTEDBY>UserGrouping</DIRECTEDBY><DIRECTIVECODE></DIRECTIVECODE><GROUPINGFIELD></GROUPINGFIELD><GROUPINGLABEL></GROUPINGLABEL><INVENTORYADJUSTMENTTYPEID></INVENTORYADJUSTMENTTYPEID><ISANCHORINGUSED>No</ISANCHORINGUSED><ISASNITEMRECEIVINGPREVENTED>No</ISASNITEMRECEIVINGPREVENTED><ISBATCHDISPOSITIONCODEDISPLAYED>No</ISBATCHDISPOSITIONCODEDISPLAYED><ISBATCHNUMBEROVERRIDEN>No</ISBATCHNUMBEROVERRIDEN><ISCANCELATIONCONFIRMED>No</ISCANCELATIONCONFIRMED><ISCANCELINGREPLENISHMENTWORKWITHDEPENDENTWORKALLOWED>No</ISCANCELINGREPLENISHMENTWORKWITHDEPENDENTWORKALLOWED><ISCONTAINERTYPEDISPLAYED>No</ISCONTAINERTYPEDISPLAYED><ISCOUNTINGREASONCODEDISPLAYED>Hide</ISCOUNTINGREASONCODEDISPLAYED><ISCOUNTINGREASONCODEEDITABLE>No</ISCOUNTINGREASONCODEEDITABLE><ISDEFAULTDATAUSED>No</ISDEFAULTDATAUSED><ISDISPOSITIONCODEDISPLAYED>No</ISDISPOSITIONCODEDISPLAYED><ISFASTVALIDATIONENABLED>No</ISFASTVALIDATIONENABLED><ISGROUPPICKENABLED>No</ISGROUPPICKENABLED><ISGROUPPUTAWAYUSED>No</ISGROUPPUTAWAYUSED><ISINVENTORYSTATUSDISPLAYED>Yes</ISINVENTORYSTATUSDISPLAYED><ISLABELPRINTED>No</ISLABELPRINTED><ISLICENSEPLATEGENERATED>No</ISLICENSEPLATEGENERATED><ISLICENSEPLATEHANDLINGUSED>No</ISLICENSEPLATEHANDLINGUSED><ISLICENSEPLATEOVERRIDENDURINGPUT>No</ISLICENSEPLATEOVERRIDENDURINGPUT><ISLOCATIONOVERFLOWALLOWED>No</ISLOCATIONOVERFLOWALLOWED><ISMOVEMENTCREATED>No</ISMOVEMENTCREATED><ISOVERPICKALLOWED>No</ISOVERPICKALLOWED><ISPICKANDPACKUSED>No</ISPICKANDPACKUSED><ISPICKSCREENSUMMARYDISPLAYED>No</ISPICKSCREENSUMMARYDISPLAYED><ISTARGETLICENSEPLATEOVERRIDEN>No</ISTARGETLICENSEPLATEOVERRIDEN><ISTOTALITEMQUANTITYCOUNTEDFIRST>No</ISTOTALITEMQUANTITYCOUNTEDFIRST><ISUSERKEEPINGWORKLOCKED>No</ISUSERKEEPINGWORKLOCKED><ISWORKLISTGROUPINGFILTERDISPLAYED>No</ISWORKLISTGROUPINGFILTERDISPLAYED><ISWORKSPLITTINGALLOWED>No</ISWORKSPLITTINGALLOWED><ISWORKTRANSACTIONTYPEUSERFILTERINGALLOWED>No</ISWORKTRANSACTIONTYPEUSERFILTERINGALLOWED><LICENSEPLATEGROUPINGPOLICY>None</LICENSEPLATEGROUPINGPOLICY><MAXIMUMDISPLAYEDRECORDS>0</MAXIMUMDISPLAYEDRECORDS><MENUITEMMODE>Work</MENUITEMMODE><MIXEDLICENSEPLATERECEIVINGMODE>POItemReceiving</MIXEDLICENSEPLATERECEIVINGMODE><OUTBOUNDSHIPMENTPOLICY>None</OUTBOUNDSHIPMENTPOLICY><OUTBOUNDSORTINGTEMPLATEID></OUTBOUNDSORTINGTEMPLATEID><PICKOLDESTBATCHCRITERIA>None</PICKOLDESTBATCHCRITERIA><RECEIVINGSUMMARYPAGEDISPLAYRULE>DisplayDetailedSummary</RECEIVINGSUMMARYPAGEDISPLAYRULE><SHOWWORKLINELISTPOLICY>NeverShow</SHOWWORKLINELISTPOLICY><TITLE>Sales Loading</TITLE><TRANSFERORDERLINECREATIONPOLICY>None</TRANSFERORDERLINECREATIONPOLICY><USEEXISTINGWORK>Yes</USEEXISTINGWORK><WAVELABELPRINTMODE>Product</WAVELABELPRINTMODE><WILLCONTAINERREMOVALCANCELRELATEDWORK>No</WILLCONTAINERREMOVALCANCELRELATEDWORK><WILLRECEIPTASSIGNPUTAWAYCLUSTER>No</WILLRECEIPTASSIGNPUTAWAYCLUSTER><WILLREPORTASFINISHEDALLOWPRODUCTIONORDERENDING>No</WILLREPORTASFINISHEDALLOWPRODUCTIONORDERENDING><WILLUSEPROCESSGUIDEFRAMEWORK>No</WILLUSEPROCESSGUIDEFRAMEWORK><WORKCREATIONPROCESS>None</WORKCREATIONPROCESS><WORKTEMPLATEID></WORKTEMPLATEID><WorkListQueryFileName></WorkListQueryFileName><CartonGroupQueryFileName></CartonGroupQueryFileName></WHSWAREHOUSEMOBILEDEVICEMENUITEMV3ENTITY><WHSWAREHOUSEMOBILEDEVICEMENUITEMV3ENTITY><MENUITEMNAME>Sales Picking</MENUITEMNAME><ACTIVITYCODE>None</ACTIVITYCODE><ANCHORBY>Shipment</ANCHORBY><ARECYCLECOUNTTHRESHOLDSDISABLED>No</ARECYCLECOUNTTHRESHOLDSDISABLED><AREOLDERBATCHESWITHINWAREHOUSEDISPLAYED>No</AREOLDERBATCHESWITHINWAREHOUSEDISPLAYED><AUDITTEMPLATEID></AUDITTEMPLATEID><CANLICENSEPLATECONSOLIDATIONCANCELREMAININGORIGINWORKLINES>No</CANLICENSEPLATECONSOLIDATIONCANCELREMAININGORIGINWORKLINES><CLUSTERPROFILEID></CLUSTERPROFILEID><CONTAINERPACKINGPOLICYID></CONTAINERPACKINGPOLICYID><COUNTINGREASONCODEGROUP></COUNTINGREASONCODEGROUP><DATAINQUIRYQUERYTABLENAME></DATAINQUIRYQUERYTABLENAME><DEFAULTCOUNTINGREASONCODE></DEFAULTCOUNTINGREASONCODE><DEFERREDPUTPROCESSINGPOLICY>RespectSettings</DEFERREDPUTPROCESSINGPOLICY><DIRECTEDBY>None</DIRECTEDBY><DIRECTIVECODE></DIRECTIVECODE><GROUPINGFIELD></GROUPINGFIELD><GROUPINGLABEL></GROUPINGLABEL><INVENTORYADJUSTMENTTYPEID></INVENTORYADJUSTMENTTYPEID><ISANCHORINGUSED>No</ISANCHORINGUSED><ISASNITEMRECEIVINGPREVENTED>No</ISASNITEMRECEIVINGPREVENTED><ISBATCHDISPOSITIONCODEDISPLAYED>No</ISBATCHDISPOSITIONCODEDISPLAYED><ISBATCHNUMBEROVERRIDEN>No</ISBATCHNUMBEROVERRIDEN><ISCANCELATIONCONFIRMED>No</ISCANCELATIONCONFIRMED><ISCANCELINGREPLENISHMENTWORKWITHDEPENDENTWORKALLOWED>No</ISCANCELINGREPLENISHMENTWORKWITHDEPENDENTWORKALLOWED><ISCONTAINERTYPEDISPLAYED>No</ISCONTAINERTYPEDISPLAYED><ISCOUNTINGREASONCODEDISPLAYED>Hide</ISCOUNTINGREASONCODEDISPLAYED><ISCOUNTINGREASONCODEEDITABLE>No</ISCOUNTINGREASONCODEEDITABLE><ISDEFAULTDATAUSED>No</ISDEFAULTDATAUSED><ISDISPOSITIONCODEDISPLAYED>No</ISDISPOSITIONCODEDISPLAYED><ISFASTVALIDATIONENABLED>No</ISFASTVALIDATIONENABLED><ISGROUPPICKENABLED>No</ISGROUPPICKENABLED><ISGROUPPUTAWAYUSED>No</ISGROUPPUTAWAYUSED><ISINVENTORYSTATUSDISPLAYED>Yes</ISINVENTORYSTATUSDISPLAYED><ISLABELPRINTED>No</ISLABELPRINTED><ISLICENSEPLATEGENERATED>No</ISLICENSEPLATEGENERATED><ISLICENSEPLATEHANDLINGUSED>No</ISLICENSEPLATEHANDLINGUSED><ISLICENSEPLATEOVERRIDENDURINGPUT>No</ISLICENSEPLATEOVERRIDENDURINGPUT><ISLOCATIONOVERFLOWALLOWED>No</ISLOCATIONOVERFLOWALLOWED><ISMOVEMENTCREATED>No</ISMOVEMENTCREATED><ISOVERPICKALLOWED>No</ISOVERPICKALLOWED><ISPICKANDPACKUSED>No</ISPICKANDPACKUSED><ISPICKSCREENSUMMARYDISPLAYED>No</ISPICKSCREENSUMMARYDISPLAYED><ISTARGETLICENSEPLATEOVERRIDEN>No</ISTARGETLICENSEPLATEOVERRIDEN><ISTOTALITEMQUANTITYCOUNTEDFIRST>No</ISTOTALITEMQUANTITYCOUNTEDFIRST><ISUSERKEEPINGWORKLOCKED>No</ISUSERKEEPINGWORKLOCKED><ISWORKLISTGROUPINGFILTERDISPLAYED>No</ISWORKLISTGROUPINGFILTERDISPLAYED><ISWORKSPLITTINGALLOWED>No</ISWORKSPLITTINGALLOWED><ISWORKTRANSACTIONTYPEUSERFILTERINGALLOWED>No</ISWORKTRANSACTIONTYPEUSERFILTERINGALLOWED><LICENSEPLATEGROUPINGPOLICY>None</LICENSEPLATEGROUPINGPOLICY><MAXIMUMDISPLAYEDRECORDS>0</MAXIMUMDISPLAYEDRECORDS><MENUITEMMODE>Work</MENUITEMMODE><MIXEDLICENSEPLATERECEIVINGMODE>POItemReceiving</MIXEDLICENSEPLATERECEIVINGMODE><OUTBOUNDSHIPMENTPOLICY>None</OUTBOUNDSHIPMENTPOLICY><OUTBOUNDSORTINGTEMPLATEID></OUTBOUNDSORTINGTEMPLATEID><PICKOLDESTBATCHCRITERIA>None</PICKOLDESTBATCHCRITERIA><RECEIVINGSUMMARYPAGEDISPLAYRULE>DisplayDetailedSummary</RECEIVINGSUMMARYPAGEDISPLAYRULE><SHOWWORKLINELISTPOLICY>NeverShow</SHOWWORKLINELISTPOLICY><TITLE>Sales Picking</TITLE><TRANSFERORDERLINECREATIONPOLICY>None</TRANSFERORDERLINECREATIONPOLICY><USEEXISTINGWORK>Yes</USEEXISTINGWORK><WAVELABELPRINTMODE>Product</WAVELABELPRINTMODE><WILLCONTAINERREMOVALCANCELRELATEDWORK>No</WILLCONTAINERREMOVALCANCELRELATEDWORK><WILLRECEIPTASSIGNPUTAWAYCLUSTER>No</WILLRECEIPTASSIGNPUTAWAYCLUSTER><WILLREPORTASFINISHEDALLOWPRODUCTIONORDERENDING>No</WILLREPORTASFINISHEDALLOWPRODUCTIONORDERENDING><WILLUSEPROCESSGUIDEFRAMEWORK>No</WILLUSEPROCESSGUIDEFRAMEWORK><WORKCREATIONPROCESS>None</WORKCREATIONPROCESS><WORKTEMPLATEID></WORKTEMPLATEID><WorkListQueryFileName></WorkListQueryFileName><CartonGroupQueryFileName></CartonGroupQueryFileName></WHSWAREHOUSEMOBILEDEVICEMENUITEMV3ENTITY></Document>