﻿<?xml version="1.0" encoding="utf-8"?><Document><WHSWAREHOUSELOCATIONDIRECTIVELINEACTIONV2ENTITY><ACTIONNAME>From Bulk</ACTIONNAME><WAREHOUSELOCATIONDIRECTIVEID>WD-WH SO Pick</WAREHOUSELOCATIONDIRECTIVEID><WAREHOUSELOCATIONDIRECTIVEWORKTYPE>Pick</WAREHOUSELOCATIONDIRECTIVEWORKTYPE><WAREHOUSELOCATIONDIRECTIVEWORKORDERTYPE>Sales</WAREHOUSELOCATIONDIRECTIVEWORKORDERTYPE><WAREHOUSELOCATIONDIRECTIVEINVENTORYSITEID>WD</WAREHOUSELOCATIONDIRECTIVEINVENTORYSITEID><WAREHOUSELOCATIONDIRECTIVEWAREHOUSEID>WD-WH</WAREHOUSELOCATIONDIRECTIVEWAREHOUSEID><WAREHOUSELOCATIONDIRECTIVELINESEQUENCENUMBER>2</WAREHOUSELOCATIONDIRECTIVELINESEQUENCENUMBER><ACTIONSEQUENCENUMBER>2</ACTIONSEQUENCENUMBER><ACTIONSTRATEGY>None</ACTIONSTRATEGY><FIXEDLOCATIONUSAGEMETHOD>Any</FIXEDLOCATIONUSAGEMETHOD><ISITEMBATCHENABLED>No</ISITEMBATCHENABLED><ISNEGATIVEINVENTORYALLOWED>No</ISNEGATIVEINVENTORYALLOWED><ActionQueryFileName>{A78477FF-9BA0-44AC-8B58-C7F9C2731F8C}</ActionQueryFileName></WHSWAREHOUSELOCATIONDIRECTIVELINEACTIONV2ENTITY><WHSWAREHOUSELOCATIONDIRECTIVELINEACTIONV2ENTITY><ACTIONNAME>From Floor</ACTIONNAME><WAREHOUSELOCATIONDIRECTIVEID>WD-WH SO Pick</WAREHOUSELOCATIONDIRECTIVEID><WAREHOUSELOCATIONDIRECTIVEWORKTYPE>Pick</WAREHOUSELOCATIONDIRECTIVEWORKTYPE><WAREHOUSELOCATIONDIRECTIVEWORKORDERTYPE>Sales</WAREHOUSELOCATIONDIRECTIVEWORKORDERTYPE><WAREHOUSELOCATIONDIRECTIVEINVENTORYSITEID>WD</WAREHOUSELOCATIONDIRECTIVEINVENTORYSITEID><WAREHOUSELOCATIONDIRECTIVEWAREHOUSEID>WD-WH</WAREHOUSELOCATIONDIRECTIVEWAREHOUSEID><WAREHOUSELOCATIONDIRECTIVELINESEQUENCENUMBER>2</WAREHOUSELOCATIONDIRECTIVELINESEQUENCENUMBER><ACTIONSEQUENCENUMBER>1</ACTIONSEQUENCENUMBER><ACTIONSTRATEGY>None</ACTIONSTRATEGY><FIXEDLOCATIONUSAGEMETHOD>Any</FIXEDLOCATIONUSAGEMETHOD><ISITEMBATCHENABLED>No</ISITEMBATCHENABLED><ISNEGATIVEINVENTORYALLOWED>No</ISNEGATIVEINVENTORYALLOWED><ActionQueryFileName>{AD3FCF6E-FA83-4ABB-9527-DB62FF870412}</ActionQueryFileName></WHSWAREHOUSELOCATIONDIRECTIVELINEACTIONV2ENTITY><WHSWAREHOUSELOCATIONDIRECTIVELINEACTIONV2ENTITY><ACTIONNAME>Pick from Aisle</ACTIONNAME><WAREHOUSELOCATIONDIRECTIVEID>WD-WH SO Pick</WAREHOUSELOCATIONDIRECTIVEID><WAREHOUSELOCATIONDIRECTIVEWORKTYPE>Pick</WAREHOUSELOCATIONDIRECTIVEWORKTYPE><WAREHOUSELOCATIONDIRECTIVEWORKORDERTYPE>Sales</WAREHOUSELOCATIONDIRECTIVEWORKORDERTYPE><WAREHOUSELOCATIONDIRECTIVEINVENTORYSITEID>WD</WAREHOUSELOCATIONDIRECTIVEINVENTORYSITEID><WAREHOUSELOCATIONDIRECTIVEWAREHOUSEID>WD-WH</WAREHOUSELOCATIONDIRECTIVEWAREHOUSEID><WAREHOUSELOCATIONDIRECTIVELINESEQUENCENUMBER>1</WAREHOUSELOCATIONDIRECTIVELINESEQUENCENUMBER><ACTIONSEQUENCENUMBER>2</ACTIONSEQUENCENUMBER><ACTIONSTRATEGY>None</ACTIONSTRATEGY><FIXEDLOCATIONUSAGEMETHOD>Any</FIXEDLOCATIONUSAGEMETHOD><ISITEMBATCHENABLED>No</ISITEMBATCHENABLED><ISNEGATIVEINVENTORYALLOWED>No</ISNEGATIVEINVENTORYALLOWED><ActionQueryFileName>{2FD5E722-0B46-425C-828F-BF5E798252C8}</ActionQueryFileName></WHSWAREHOUSELOCATIONDIRECTIVELINEACTIONV2ENTITY><WHSWAREHOUSELOCATIONDIRECTIVELINEACTIONV2ENTITY><ACTIONNAME>Pick from Floor</ACTIONNAME><WAREHOUSELOCATIONDIRECTIVEID>WD-WH SO Pick</WAREHOUSELOCATIONDIRECTIVEID><WAREHOUSELOCATIONDIRECTIVEWORKTYPE>Pick</WAREHOUSELOCATIONDIRECTIVEWORKTYPE><WAREHOUSELOCATIONDIRECTIVEWORKORDERTYPE>Sales</WAREHOUSELOCATIONDIRECTIVEWORKORDERTYPE><WAREHOUSELOCATIONDIRECTIVEINVENTORYSITEID>WD</WAREHOUSELOCATIONDIRECTIVEINVENTORYSITEID><WAREHOUSELOCATIONDIRECTIVEWAREHOUSEID>WD-WH</WAREHOUSELOCATIONDIRECTIVEWAREHOUSEID><WAREHOUSELOCATIONDIRECTIVELINESEQUENCENUMBER>1</WAREHOUSELOCATIONDIRECTIVELINESEQUENCENUMBER><ACTIONSEQUENCENUMBER>1</ACTIONSEQUENCENUMBER><ACTIONSTRATEGY>None</ACTIONSTRATEGY><FIXEDLOCATIONUSAGEMETHOD>Any</FIXEDLOCATIONUSAGEMETHOD><ISITEMBATCHENABLED>No</ISITEMBATCHENABLED><ISNEGATIVEINVENTORYALLOWED>No</ISNEGATIVEINVENTORYALLOWED><ActionQueryFileName>{9D7E9B04-7238-4481-8F8F-97F8A5CB8CF9}</ActionQueryFileName></WHSWAREHOUSELOCATIONDIRECTIVELINEACTIONV2ENTITY><WHSWAREHOUSELOCATIONDIRECTIVELINEACTIONV2ENTITY><ACTIONNAME>Put Away</ACTIONNAME><WAREHOUSELOCATIONDIRECTIVEID>WD-WH Direct</WAREHOUSELOCATIONDIRECTIVEID><WAREHOUSELOCATIONDIRECTIVEWORKTYPE>Put</WAREHOUSELOCATIONDIRECTIVEWORKTYPE><WAREHOUSELOCATIONDIRECTIVEWORKORDERTYPE>Purch</WAREHOUSELOCATIONDIRECTIVEWORKORDERTYPE><WAREHOUSELOCATIONDIRECTIVEINVENTORYSITEID>WD</WAREHOUSELOCATIONDIRECTIVEINVENTORYSITEID><WAREHOUSELOCATIONDIRECTIVEWAREHOUSEID>WD-WH</WAREHOUSELOCATIONDIRECTIVEWAREHOUSEID><WAREHOUSELOCATIONDIRECTIVELINESEQUENCENUMBER>1</WAREHOUSELOCATIONDIRECTIVELINESEQUENCENUMBER><ACTIONSEQUENCENUMBER>1</ACTIONSEQUENCENUMBER><ACTIONSTRATEGY>None</ACTIONSTRATEGY><FIXEDLOCATIONUSAGEMETHOD>Any</FIXEDLOCATIONUSAGEMETHOD><ISITEMBATCHENABLED>No</ISITEMBATCHENABLED><ISNEGATIVEINVENTORYALLOWED>No</ISNEGATIVEINVENTORYALLOWED><ActionQueryFileName>{4E1076C0-A2D3-4CBB-A019-806766603399}</ActionQueryFileName></WHSWAREHOUSELOCATIONDIRECTIVELINEACTIONV2ENTITY><WHSWAREHOUSELOCATIONDIRECTIVELINEACTIONV2ENTITY><ACTIONNAME>Put to Shipping</ACTIONNAME><WAREHOUSELOCATIONDIRECTIVEID>WD-WH SO Put</WAREHOUSELOCATIONDIRECTIVEID><WAREHOUSELOCATIONDIRECTIVEWORKTYPE>Put</WAREHOUSELOCATIONDIRECTIVEWORKTYPE><WAREHOUSELOCATIONDIRECTIVEWORKORDERTYPE>Sales</WAREHOUSELOCATIONDIRECTIVEWORKORDERTYPE><WAREHOUSELOCATIONDIRECTIVEINVENTORYSITEID>WD</WAREHOUSELOCATIONDIRECTIVEINVENTORYSITEID><WAREHOUSELOCATIONDIRECTIVEWAREHOUSEID>WD-WH</WAREHOUSELOCATIONDIRECTIVEWAREHOUSEID><WAREHOUSELOCATIONDIRECTIVELINESEQUENCENUMBER>1</WAREHOUSELOCATIONDIRECTIVELINESEQUENCENUMBER><ACTIONSEQUENCENUMBER>1</ACTIONSEQUENCENUMBER><ACTIONSTRATEGY>None</ACTIONSTRATEGY><FIXEDLOCATIONUSAGEMETHOD>Any</FIXEDLOCATIONUSAGEMETHOD><ISITEMBATCHENABLED>No</ISITEMBATCHENABLED><ISNEGATIVEINVENTORYALLOWED>No</ISNEGATIVEINVENTORYALLOWED><ActionQueryFileName>{663BA5A2-A39A-4B68-98DB-D21D52D32401}</ActionQueryFileName></WHSWAREHOUSELOCATIONDIRECTIVELINEACTIONV2ENTITY></Document>