﻿<?xml version="1.0" encoding="utf-8"?><Document><WHSWAREHOUSEMOBILEDEVICEMENUITEMWORKCLASSENTITY><WAREHOUSEMOBILEDEVICEMENUITEMID>Purchase Put-away</WAREHOUSEMOBILEDEVICEMENUITEMID><WORKCLASSID>PURCHASE</WORKCLASSID></WHSWAREHOUSEMOBILEDEVICEMENUITEMWORKCLASSENTITY><WHSWAREHOUSEMOBILEDEVICEMENUITEMWORKCLASSENTITY><WAREHOUSEMOBILEDEVICEMENUITEMID>Sales Loading</WAREHOUSEMOBILEDEVICEMENUITEMID><WORKCLASSID>SALES</WORKCLASSID></WHSWAREHOUSEMOBILEDEVICEMENUITEMWORKCLASSENTITY><WHSWAREHOUSEMOBILEDEVICEMENUITEMWORKCLASSENTITY><WAREHOUSEMOBILEDEVICEMENUITEMID>Sales Picking</WAREHOUSEMOBILEDEVICEMENUITEMID><WORKCLASSID>SALES</WORKCLASSID></WHSWAREHOUSEMOBILEDEVICEMENUITEMWORKCLASSENTITY><WHSWAREHOUSEMOBILEDEVICEMENUITEMWORKCLASSENTITY><WAREHOUSEMOBILEDEVICEMENUITEMID>Sales Picking</WAREHOUSEMOBILEDEVICEMENUITEMID><WORKCLASSID>SALES PICK</WORKCLASSID></WHSWAREHOUSEMOBILEDEVICEMENUITEMWORKCLASSENTITY></Document>