﻿<?xml version="1.0" encoding="utf-8"?><Document><WHSWAREHOUSEMOBILEDEVICEMENUSTRUCTUREENTITY><PARENTWAREHOUSEMOBILEDEVICEMENUNAME>HOME</PARENTWAREHOUSEMOBILEDEVICEMENUNAME><SEQUENCENUMBER>3</SEQUENCENUMBER><WAREHOUSEMOBILEDEVICEMENUITEMNAME>Log Off</WAREHOUSEMOBILEDEVICEMENUITEMNAME><WAREHOUSEMOBILEDEVICEMENUNAME></WAREHOUSEMOBILEDEVICEMENUNAME></WHSWAREHOUSEMOBILEDEVICEMENUSTRUCTUREENTITY><WHSWAREHOUSEMOBILEDEVICEMENUSTRUCTUREENTITY><PARENTWAREHOUSEMOBILEDEVICEMENUNAME>HOME</PARENTWAREHOUSEMOBILEDEVICEMENUNAME><SEQUENCENUMBER>2</SEQUENCENUMBER><WAREHOUSEMOBILEDEVICEMENUITEMNAME></WAREHOUSEMOBILEDEVICEMENUITEMNAME><WAREHOUSEMOBILEDEVICEMENUNAME>PURCHASING</WAREHOUSEMOBILEDEVICEMENUNAME></WHSWAREHOUSEMOBILEDEVICEMENUSTRUCTUREENTITY><WHSWAREHOUSEMOBILEDEVICEMENUSTRUCTUREENTITY><PARENTWAREHOUSEMOBILEDEVICEMENUNAME>HOME</PARENTWAREHOUSEMOBILEDEVICEMENUNAME><SEQUENCENUMBER>1</SEQUENCENUMBER><WAREHOUSEMOBILEDEVICEMENUITEMNAME></WAREHOUSEMOBILEDEVICEMENUITEMNAME><WAREHOUSEMOBILEDEVICEMENUNAME>SALES</WAREHOUSEMOBILEDEVICEMENUNAME></WHSWAREHOUSEMOBILEDEVICEMENUSTRUCTUREENTITY><WHSWAREHOUSEMOBILEDEVICEMENUSTRUCTUREENTITY><PARENTWAREHOUSEMOBILEDEVICEMENUNAME>PURCHASING</PARENTWAREHOUSEMOBILEDEVICEMENUNAME><SEQUENCENUMBER>2</SEQUENCENUMBER><WAREHOUSEMOBILEDEVICEMENUITEMNAME>Purchase Put-away</WAREHOUSEMOBILEDEVICEMENUITEMNAME><WAREHOUSEMOBILEDEVICEMENUNAME></WAREHOUSEMOBILEDEVICEMENUNAME></WHSWAREHOUSEMOBILEDEVICEMENUSTRUCTUREENTITY><WHSWAREHOUSEMOBILEDEVICEMENUSTRUCTUREENTITY><PARENTWAREHOUSEMOBILEDEVICEMENUNAME>PURCHASING</PARENTWAREHOUSEMOBILEDEVICEMENUNAME><SEQUENCENUMBER>1</SEQUENCENUMBER><WAREHOUSEMOBILEDEVICEMENUITEMNAME>Purchase Receipt</WAREHOUSEMOBILEDEVICEMENUITEMNAME><WAREHOUSEMOBILEDEVICEMENUNAME></WAREHOUSEMOBILEDEVICEMENUNAME></WHSWAREHOUSEMOBILEDEVICEMENUSTRUCTUREENTITY><WHSWAREHOUSEMOBILEDEVICEMENUSTRUCTUREENTITY><PARENTWAREHOUSEMOBILEDEVICEMENUNAME>SALES</PARENTWAREHOUSEMOBILEDEVICEMENUNAME><SEQUENCENUMBER>3</SEQUENCENUMBER><WAREHOUSEMOBILEDEVICEMENUITEMNAME>Sales Loading</WAREHOUSEMOBILEDEVICEMENUITEMNAME><WAREHOUSEMOBILEDEVICEMENUNAME></WAREHOUSEMOBILEDEVICEMENUNAME></WHSWAREHOUSEMOBILEDEVICEMENUSTRUCTUREENTITY><WHSWAREHOUSEMOBILEDEVICEMENUSTRUCTUREENTITY><PARENTWAREHOUSEMOBILEDEVICEMENUNAME>SALES</PARENTWAREHOUSEMOBILEDEVICEMENUNAME><SEQUENCENUMBER>2</SEQUENCENUMBER><WAREHOUSEMOBILEDEVICEMENUITEMNAME>Sales Picking</WAREHOUSEMOBILEDEVICEMENUITEMNAME><WAREHOUSEMOBILEDEVICEMENUNAME></WAREHOUSEMOBILEDEVICEMENUNAME></WHSWAREHOUSEMOBILEDEVICEMENUSTRUCTUREENTITY></Document>