﻿<?xml version="1.0" encoding="utf-8"?><Document><WHSWAREHOUSEWAVETEMPLATEPROCESSINGMETHODASSIGNMENTENTITY><METHODSEQUENCENUMBER>1</METHODSEQUENCENUMBER><METHODWAVESTEPCODE></METHODWAVESTEPCODE><TEMPLATENAME>WD-WH Shipping</TEMPLATENAME><WAREHOUSEWAVEPROCESSINGMETHODNAME>validateWave</WAREHOUSEWAVEPROCESSINGMETHODNAME></WHSWAREHOUSEWAVETEMPLATEPROCESSINGMETHODASSIGNMENTENTITY><WHSWAREHOUSEWAVETEMPLATEPROCESSINGMETHODASSIGNMENTENTITY><METHODSEQUENCENUMBER>2</METHODSEQUENCENUMBER><METHODWAVESTEPCODE></METHODWAVESTEPCODE><TEMPLATENAME>WD-WH Shipping</TEMPLATENAME><WAREHOUSEWAVEPROCESSINGMETHODNAME>createLoads</WAREHOUSEWAVEPROCESSINGMETHODNAME></WHSWAREHOUSEWAVETEMPLATEPROCESSINGMETHODASSIGNMENTENTITY><WHSWAREHOUSEWAVETEMPLATEPROCESSINGMETHODASSIGNMENTENTITY><METHODSEQUENCENUMBER>3</METHODSEQUENCENUMBER><METHODWAVESTEPCODE></METHODWAVESTEPCODE><TEMPLATENAME>WD-WH Shipping</TEMPLATENAME><WAREHOUSEWAVEPROCESSINGMETHODNAME>allocateWave</WAREHOUSEWAVEPROCESSINGMETHODNAME></WHSWAREHOUSEWAVETEMPLATEPROCESSINGMETHODASSIGNMENTENTITY><WHSWAREHOUSEWAVETEMPLATEPROCESSINGMETHODASSIGNMENTENTITY><METHODSEQUENCENUMBER>4</METHODSEQUENCENUMBER><METHODWAVESTEPCODE></METHODWAVESTEPCODE><TEMPLATENAME>WD-WH Shipping</TEMPLATENAME><WAREHOUSEWAVEPROCESSINGMETHODNAME>createWork</WAREHOUSEWAVEPROCESSINGMETHODNAME></WHSWAREHOUSEWAVETEMPLATEPROCESSINGMETHODASSIGNMENTENTITY></Document>