﻿<?xml version="1.0" encoding="utf-8"?><Document><WHSWAREHOUSEWAVEPROCESSINGMETHODENTITY><ISREPEATABLE>No</ISREPEATABLE><METHODNAME>validateWave</METHODNAME><METHODPOSITION>1</METHODPOSITION><WAVETEMPLATETYPE>Shipping</WAVETEMPLATETYPE></WHSWAREHOUSEWAVEPROCESSINGMETHODENTITY><WHSWAREHOUSEWAVEPROCESSINGMETHODENTITY><ISREPEATABLE>No</ISREPEATABLE><METHODNAME>buildLoads</METHODNAME><METHODPOSITION>2</METHODPOSITION><WAVETEMPLATETYPE>Shipping</WAVETEMPLATETYPE></WHSWAREHOUSEWAVEPROCESSINGMETHODENTITY><WHSWAREHOUSEWAVEPROCESSINGMETHODENTITY><ISREPEATABLE>No</ISREPEATABLE><METHODNAME>createLoads</METHODNAME><METHODPOSITION>3</METHODPOSITION><WAVETEMPLATETYPE>Shipping</WAVETEMPLATETYPE></WHSWAREHOUSEWAVEPROCESSINGMETHODENTITY><WHSWAREHOUSEWAVEPROCESSINGMETHODENTITY><ISREPEATABLE>No</ISREPEATABLE><METHODNAME>allocateWave</METHODNAME><METHODPOSITION>4</METHODPOSITION><WAVETEMPLATETYPE>Shipping</WAVETEMPLATETYPE></WHSWAREHOUSEWAVEPROCESSINGMETHODENTITY><WHSWAREHOUSEWAVEPROCESSINGMETHODENTITY><ISREPEATABLE>No</ISREPEATABLE><METHODNAME>replenish</METHODNAME><METHODPOSITION>5</METHODPOSITION><WAVETEMPLATETYPE>Shipping</WAVETEMPLATETYPE></WHSWAREHOUSEWAVEPROCESSINGMETHODENTITY><WHSWAREHOUSEWAVEPROCESSINGMETHODENTITY><ISREPEATABLE>No</ISREPEATABLE><METHODNAME>containerization</METHODNAME><METHODPOSITION>6</METHODPOSITION><WAVETEMPLATETYPE>Shipping</WAVETEMPLATETYPE></WHSWAREHOUSEWAVEPROCESSINGMETHODENTITY><WHSWAREHOUSEWAVEPROCESSINGMETHODENTITY><ISREPEATABLE>No</ISREPEATABLE><METHODNAME>sorting</METHODNAME><METHODPOSITION>7</METHODPOSITION><WAVETEMPLATETYPE>Shipping</WAVETEMPLATETYPE></WHSWAREHOUSEWAVEPROCESSINGMETHODENTITY><WHSWAREHOUSEWAVEPROCESSINGMETHODENTITY><ISREPEATABLE>No</ISREPEATABLE><METHODNAME>createWork</METHODNAME><METHODPOSITION>8</METHODPOSITION><WAVETEMPLATETYPE>Shipping</WAVETEMPLATETYPE></WHSWAREHOUSEWAVEPROCESSINGMETHODENTITY><WHSWAREHOUSEWAVEPROCESSINGMETHODENTITY><ISREPEATABLE>No</ISREPEATABLE><METHODNAME>waveLabelPrinting</METHODNAME><METHODPOSITION>9</METHODPOSITION><WAVETEMPLATETYPE>Shipping</WAVETEMPLATETYPE></WHSWAREHOUSEWAVEPROCESSINGMETHODENTITY><WHSWAREHOUSEWAVEPROCESSINGMETHODENTITY><ISREPEATABLE>No</ISREPEATABLE><METHODNAME>prodPickQty</METHODNAME><METHODPOSITION>10</METHODPOSITION><WAVETEMPLATETYPE>Production</WAVETEMPLATETYPE></WHSWAREHOUSEWAVEPROCESSINGMETHODENTITY><WHSWAREHOUSEWAVEPROCESSINGMETHODENTITY><ISREPEATABLE>No</ISREPEATABLE><METHODNAME>prodAllocateWave</METHODNAME><METHODPOSITION>11</METHODPOSITION><WAVETEMPLATETYPE>Production</WAVETEMPLATETYPE></WHSWAREHOUSEWAVEPROCESSINGMETHODENTITY><WHSWAREHOUSEWAVEPROCESSINGMETHODENTITY><ISREPEATABLE>No</ISREPEATABLE><METHODNAME>prodReplenish</METHODNAME><METHODPOSITION>12</METHODPOSITION><WAVETEMPLATETYPE>Production</WAVETEMPLATETYPE></WHSWAREHOUSEWAVEPROCESSINGMETHODENTITY><WHSWAREHOUSEWAVEPROCESSINGMETHODENTITY><ISREPEATABLE>No</ISREPEATABLE><METHODNAME>prodCreateWork</METHODNAME><METHODPOSITION>13</METHODPOSITION><WAVETEMPLATETYPE>Production</WAVETEMPLATETYPE></WHSWAREHOUSEWAVEPROCESSINGMETHODENTITY><WHSWAREHOUSEWAVEPROCESSINGMETHODENTITY><ISREPEATABLE>No</ISREPEATABLE><METHODNAME>kanbanPickQty</METHODNAME><METHODPOSITION>14</METHODPOSITION><WAVETEMPLATETYPE>Kanban</WAVETEMPLATETYPE></WHSWAREHOUSEWAVEPROCESSINGMETHODENTITY><WHSWAREHOUSEWAVEPROCESSINGMETHODENTITY><ISREPEATABLE>No</ISREPEATABLE><METHODNAME>kanbanAllocateWave</METHODNAME><METHODPOSITION>15</METHODPOSITION><WAVETEMPLATETYPE>Kanban</WAVETEMPLATETYPE></WHSWAREHOUSEWAVEPROCESSINGMETHODENTITY><WHSWAREHOUSEWAVEPROCESSINGMETHODENTITY><ISREPEATABLE>No</ISREPEATABLE><METHODNAME>kanbanReplenish</METHODNAME><METHODPOSITION>16</METHODPOSITION><WAVETEMPLATETYPE>Kanban</WAVETEMPLATETYPE></WHSWAREHOUSEWAVEPROCESSINGMETHODENTITY><WHSWAREHOUSEWAVEPROCESSINGMETHODENTITY><ISREPEATABLE>No</ISREPEATABLE><METHODNAME>kanbanCreateWork</METHODNAME><METHODPOSITION>17</METHODPOSITION><WAVETEMPLATETYPE>Kanban</WAVETEMPLATETYPE></WHSWAREHOUSEWAVEPROCESSINGMETHODENTITY><WHSWAREHOUSEWAVEPROCESSINGMETHODENTITY><ISREPEATABLE>No</ISREPEATABLE><METHODNAME>WHSScheduleWorkCreationWaveStepMethod</METHODNAME><METHODPOSITION>18</METHODPOSITION><WAVETEMPLATETYPE>Shipping</WAVETEMPLATETYPE></WHSWAREHOUSEWAVEPROCESSINGMETHODENTITY></Document>