﻿<?xml version="1.0" encoding="utf-8"?><Document><WORKCALENDARTIMETEMPLATEENTITY><ISPICKINGUPCLOSEDFRIDAY>No</ISPICKINGUPCLOSEDFRIDAY><ISPICKINGUPCLOSEDMONDAY>No</ISPICKINGUPCLOSEDMONDAY><ISPICKINGUPCLOSEDSATURDAY>No</ISPICKINGUPCLOSEDSATURDAY><ISPICKINGUPCLOSEDSUNDAY>No</ISPICKINGUPCLOSEDSUNDAY><ISPICKINGUPCLOSEDTHURSDAY>No</ISPICKINGUPCLOSEDTHURSDAY><ISPICKINGUPCLOSEDTUESDAY>No</ISPICKINGUPCLOSEDTUESDAY><ISPICKINGUPCLOSEDWEDNESDAY>No</ISPICKINGUPCLOSEDWEDNESDAY><TEMPLATEID>STANDARD</TEMPLATEID><TEMPLATENAME>Standard Working Time Template</TEMPLATENAME></WORKCALENDARTIMETEMPLATEENTITY></Document>