﻿<?xml version="1.0" encoding="utf-8"?><Document><WHSWAREHOUSEWORKCLASSENTITY><CLASSDESCRIPTION>Batch Order Put-Away</CLASSDESCRIPTION><CLASSID>BATCHPUTA</CLASSID><WORKORDERTYPE>ProdProcessPut</WORKORDERTYPE></WHSWAREHOUSEWORKCLASSENTITY><WHSWAREHOUSEWORKCLASSENTITY><CLASSDESCRIPTION>Packed Container Loading</CLASSDESCRIPTION><CLASSID>CONTLOAD</CLASSID><WORKORDERTYPE>PackedContainerPicking</WORKORDERTYPE></WHSWAREHOUSEWORKCLASSENTITY><WHSWAREHOUSEWORKCLASSENTITY><CLASSDESCRIPTION>Packed Container Picking</CLASSDESCRIPTION><CLASSID>CONTPICK</CLASSID><WORKORDERTYPE>PackedContainerPicking</WORKORDERTYPE></WHSWAREHOUSEWORKCLASSENTITY><WHSWAREHOUSEWORKCLASSENTITY><CLASSDESCRIPTION>Container Packed</CLASSDESCRIPTION><CLASSID>COTPACK</CLASSID><WORKORDERTYPE>PackedContainerPicking</WORKORDERTYPE></WHSWAREHOUSEWORKCLASSENTITY><WHSWAREHOUSEWORKCLASSENTITY><CLASSDESCRIPTION>Cycle Count</CLASSDESCRIPTION><CLASSID>CYCLECOUNT</CLASSID><WORKORDERTYPE>CycleCount</WORKORDERTYPE></WHSWAREHOUSEWORKCLASSENTITY><WHSWAREHOUSEWORKCLASSENTITY><CLASSDESCRIPTION>Finished Goods Put-Away</CLASSDESCRIPTION><CLASSID>FGPUTAWAY</CLASSID><WORKORDERTYPE>ProdPut</WORKORDERTYPE></WHSWAREHOUSEWORKCLASSENTITY><WHSWAREHOUSEWORKCLASSENTITY><CLASSDESCRIPTION>Inventory Movement</CLASSDESCRIPTION><CLASSID>INVMOV</CLASSID><WORKORDERTYPE>Invent</WORKORDERTYPE></WHSWAREHOUSEWORKCLASSENTITY><WHSWAREHOUSEWORKCLASSENTITY><CLASSDESCRIPTION>Purchasing</CLASSDESCRIPTION><CLASSID>PURCHASE</CLASSID><WORKORDERTYPE>Purch</WORKORDERTYPE></WHSWAREHOUSEWORKCLASSENTITY><WHSWAREHOUSEWORKCLASSENTITY><CLASSDESCRIPTION>QMS</CLASSDESCRIPTION><CLASSID>QMS</CLASSID><WORKORDERTYPE>Invent</WORKORDERTYPE></WHSWAREHOUSEWORKCLASSENTITY><WHSWAREHOUSEWORKCLASSENTITY><CLASSDESCRIPTION>Replenishment</CLASSDESCRIPTION><CLASSID>REPLENISH</CLASSID><WORKORDERTYPE>Replenishment</WORKORDERTYPE></WHSWAREHOUSEWORKCLASSENTITY><WHSWAREHOUSEWORKCLASSENTITY><CLASSDESCRIPTION>Return Order</CLASSDESCRIPTION><CLASSID>RMA</CLASSID><WORKORDERTYPE>ReturnOrder</WORKORDERTYPE></WHSWAREHOUSEWORKCLASSENTITY><WHSWAREHOUSEWORKCLASSENTITY><CLASSDESCRIPTION>Raw Material Pick</CLASSDESCRIPTION><CLASSID>RMPICK</CLASSID><WORKORDERTYPE>ProdPick</WORKORDERTYPE></WHSWAREHOUSEWORKCLASSENTITY><WHSWAREHOUSEWORKCLASSENTITY><CLASSDESCRIPTION>Sales</CLASSDESCRIPTION><CLASSID>SALES</CLASSID><WORKORDERTYPE>Sales</WORKORDERTYPE></WHSWAREHOUSEWORKCLASSENTITY><WHSWAREHOUSEWORKCLASSENTITY><CLASSDESCRIPTION>Sales order load</CLASSDESCRIPTION><CLASSID>SALES LOAD</CLASSID><WORKORDERTYPE>Sales</WORKORDERTYPE></WHSWAREHOUSEWORKCLASSENTITY><WHSWAREHOUSEWORKCLASSENTITY><CLASSDESCRIPTION>Sales order pick</CLASSDESCRIPTION><CLASSID>SALES PICK</CLASSID><WORKORDERTYPE>Sales</WORKORDERTYPE></WHSWAREHOUSEWORKCLASSENTITY><WHSWAREHOUSEWORKCLASSENTITY><CLASSDESCRIPTION>Sorted Inventory Pick</CLASSDESCRIPTION><CLASSID>SORTPICK</CLASSID><WORKORDERTYPE>SortedInventoryPicking</WORKORDERTYPE></WHSWAREHOUSEWORKCLASSENTITY><WHSWAREHOUSEWORKCLASSENTITY><CLASSDESCRIPTION>Transfer Inbound Receipt</CLASSDESCRIPTION><CLASSID>TRANSFERIN</CLASSID><WORKORDERTYPE>TransferReceipt</WORKORDERTYPE></WHSWAREHOUSEWORKCLASSENTITY><WHSWAREHOUSEWORKCLASSENTITY><CLASSDESCRIPTION>Transfer Outbound Issue</CLASSDESCRIPTION><CLASSID>TRANSOUT</CLASSID><WORKORDERTYPE>TransferIssue</WORKORDERTYPE></WHSWAREHOUSEWORKCLASSENTITY></Document>