﻿<?xml version="1.0" encoding="utf-8"?><Document><ENTASSETMAINTENANCEASSETLIFECYCLESTATEENTITY><DELETEOPENCALENDARLINES>No</DELETEOPENCALENDARLINES><LIFECYCLESTATEID>ACTIVE</LIFECYCLESTATEID><LINE>0</LINE><MAINTENANCEASSETACTIVE>Yes</MAINTENANCEASSETACTIVE><NAME>Active asset, which is currently in service</NAME></ENTASSETMAINTENANCEASSETLIFECYCLESTATEENTITY><ENTASSETMAINTENANCEASSETLIFECYCLESTATEENTITY><DELETEOPENCALENDARLINES>No</DELETEOPENCALENDARLINES><LIFECYCLESTATEID>INREPAIR</LIFECYCLESTATEID><LINE>0</LINE><MAINTENANCEASSETACTIVE>No</MAINTENANCEASSETACTIVE><NAME>Asset is in repair</NAME></ENTASSETMAINTENANCEASSETLIFECYCLESTATEENTITY><ENTASSETMAINTENANCEASSETLIFECYCLESTATEENTITY><DELETEOPENCALENDARLINES>No</DELETEOPENCALENDARLINES><LIFECYCLESTATEID>NEW</LIFECYCLESTATEID><LINE>0</LINE><MAINTENANCEASSETACTIVE>Yes</MAINTENANCEASSETACTIVE><NAME>New asset, which have not yet been taken into service</NAME></ENTASSETMAINTENANCEASSETLIFECYCLESTATEENTITY><ENTASSETMAINTENANCEASSETLIFECYCLESTATEENTITY><DELETEOPENCALENDARLINES>No</DELETEOPENCALENDARLINES><LIFECYCLESTATEID>SCRAPPED</LIFECYCLESTATEID><LINE>0</LINE><MAINTENANCEASSETACTIVE>No</MAINTENANCEASSETACTIVE><NAME>Scrapped asset, which have been taken out of commission</NAME></ENTASSETMAINTENANCEASSETLIFECYCLESTATEENTITY></Document>