﻿<?xml version="1.0" encoding="utf-8"?><Document><ENTASSETMAINTENANCEASSETBILLOFMATERIALV2ENTITY><BILLOFMATERIALQUANTITY /><INVENTORYITEMBATCHNUMBER /><INVENTORYITEMSERIALNUMBER /><ITEMNUMBER /><LINENUMBER /><LINENUMBERREPLACEDBY /><MAINTENANCEASSETID /><MAINTENANCEWORKORDERID /><MAINTENANCEWORKORDERJOBLINENUMBER /><OPERATIONALSITEID /><PRODUCTCOLORID /><PRODUCTCONFIGURATIONID /><PRODUCTSIZEID /><PRODUCTSTYLEID /><PRODUCTVERSIONID /><VALIDFROM /><VALIDTO /><WAREHOUSEID /><WAREHOUSELOCATIONID /></ENTASSETMAINTENANCEASSETBILLOFMATERIALV2ENTITY></Document>