﻿<?xml version="1.0" encoding="utf-8"?><Document><ENTASSETMAINTENANCEFUNCTIONALLOCATIONENTITY><DEFAULTDIMENSIONDISPLAYVALUE></DEFAULTDIMENSIONDISPLAYVALUE><FUNCTIONALLOCATIONID>WD-PROD</FUNCTIONALLOCATIONID><FUNCTIONALLOCATIONLIFECYCLESTATEID>ACTIVE</FUNCTIONALLOCATIONLIFECYCLESTATEID><FUNCTIONALLOCATIONTYPEID>FACILITY</FUNCTIONALLOCATIONTYPEID><INVENTORYLOCATIONID>WH-PROD</INVENTORYLOCATIONID><INVENTORYSITEID>WD</INVENTORYSITEID><LOGISTICSLOCATIONID></LOGISTICSLOCATIONID><NAME>Waterdeep Production Facility</NAME><NOTES></NOTES><PARENTFUNCTIONALLOCATIONID></PARENTFUNCTIONALLOCATIONID></ENTASSETMAINTENANCEFUNCTIONALLOCATIONENTITY><ENTASSETMAINTENANCEFUNCTIONALLOCATIONENTITY><DEFAULTDIMENSIONDISPLAYVALUE></DEFAULTDIMENSIONDISPLAYVALUE><FUNCTIONALLOCATIONID>WD-PROD-DISILLARY</FUNCTIONALLOCATIONID><FUNCTIONALLOCATIONLIFECYCLESTATEID>ACTIVE</FUNCTIONALLOCATIONLIFECYCLESTATEID><FUNCTIONALLOCATIONTYPEID>AREA</FUNCTIONALLOCATIONTYPEID><INVENTORYLOCATIONID>WH-PROD</INVENTORYLOCATIONID><INVENTORYSITEID>WD</INVENTORYSITEID><LOGISTICSLOCATIONID></LOGISTICSLOCATIONID><NAME>Distillary</NAME><NOTES></NOTES><PARENTFUNCTIONALLOCATIONID>WD-PROD</PARENTFUNCTIONALLOCATIONID></ENTASSETMAINTENANCEFUNCTIONALLOCATIONENTITY><ENTASSETMAINTENANCEFUNCTIONALLOCATIONENTITY><DEFAULTDIMENSIONDISPLAYVALUE></DEFAULTDIMENSIONDISPLAYVALUE><FUNCTIONALLOCATIONID>WD-PROD-DISILLARY-1</FUNCTIONALLOCATIONID><FUNCTIONALLOCATIONLIFECYCLESTATEID>ACTIVE</FUNCTIONALLOCATIONLIFECYCLESTATEID><FUNCTIONALLOCATIONTYPEID>LINE</FUNCTIONALLOCATIONTYPEID><INVENTORYLOCATIONID>WH-PROD</INVENTORYLOCATIONID><INVENTORYSITEID>WD</INVENTORYSITEID><LOGISTICSLOCATIONID></LOGISTICSLOCATIONID><NAME>Distillation Line #1</NAME><NOTES></NOTES><PARENTFUNCTIONALLOCATIONID>WD-PROD-DISILLARY</PARENTFUNCTIONALLOCATIONID></ENTASSETMAINTENANCEFUNCTIONALLOCATIONENTITY><ENTASSETMAINTENANCEFUNCTIONALLOCATIONENTITY><DEFAULTDIMENSIONDISPLAYVALUE></DEFAULTDIMENSIONDISPLAYVALUE><FUNCTIONALLOCATIONID>WD-PROD-DISILLARY-1-DISTILLER</FUNCTIONALLOCATIONID><FUNCTIONALLOCATIONLIFECYCLESTATEID>ACTIVE</FUNCTIONALLOCATIONLIFECYCLESTATEID><FUNCTIONALLOCATIONTYPEID>EQUIPMENT</FUNCTIONALLOCATIONTYPEID><INVENTORYLOCATIONID>WH-PROD</INVENTORYLOCATIONID><INVENTORYSITEID>WD</INVENTORYSITEID><LOGISTICSLOCATIONID></LOGISTICSLOCATIONID><NAME>Distillery Line 1 Distiller</NAME><NOTES></NOTES><PARENTFUNCTIONALLOCATIONID>WD-PROD-DISILLARY-1</PARENTFUNCTIONALLOCATIONID></ENTASSETMAINTENANCEFUNCTIONALLOCATIONENTITY><ENTASSETMAINTENANCEFUNCTIONALLOCATIONENTITY><DEFAULTDIMENSIONDISPLAYVALUE></DEFAULTDIMENSIONDISPLAYVALUE><FUNCTIONALLOCATIONID>WD-PROD-MAINT</FUNCTIONALLOCATIONID><FUNCTIONALLOCATIONLIFECYCLESTATEID>ACTIVE</FUNCTIONALLOCATIONLIFECYCLESTATEID><FUNCTIONALLOCATIONTYPEID>AREA</FUNCTIONALLOCATIONTYPEID><INVENTORYLOCATIONID>WH-PROD</INVENTORYLOCATIONID><INVENTORYSITEID>WD</INVENTORYSITEID><LOGISTICSLOCATIONID></LOGISTICSLOCATIONID><NAME>Waterdeep Production Maintenance</NAME><NOTES></NOTES><PARENTFUNCTIONALLOCATIONID>WD-PROD</PARENTFUNCTIONALLOCATIONID></ENTASSETMAINTENANCEFUNCTIONALLOCATIONENTITY><ENTASSETMAINTENANCEFUNCTIONALLOCATIONENTITY><DEFAULTDIMENSIONDISPLAYVALUE></DEFAULTDIMENSIONDISPLAYVALUE><FUNCTIONALLOCATIONID>WD-PROD-MAINT-STORE</FUNCTIONALLOCATIONID><FUNCTIONALLOCATIONLIFECYCLESTATEID>ACTIVE</FUNCTIONALLOCATIONLIFECYCLESTATEID><FUNCTIONALLOCATIONTYPEID>STOREROOM</FUNCTIONALLOCATIONTYPEID><INVENTORYLOCATIONID>WH-PROD</INVENTORYLOCATIONID><INVENTORYSITEID>WD</INVENTORYSITEID><LOGISTICSLOCATIONID></LOGISTICSLOCATIONID><NAME>Maintenance Storeroom</NAME><NOTES></NOTES><PARENTFUNCTIONALLOCATIONID>WD-PROD-MAINT</PARENTFUNCTIONALLOCATIONID></ENTASSETMAINTENANCEFUNCTIONALLOCATIONENTITY></Document>