﻿<?xml version="1.0" encoding="utf-8"?><Document><ENTASSETMAINTENANCEWORKORDERLIFECYCLEMODELSTATENEXTENTITY><LIFECYCLEMODELID>WORKORDER</LIFECYCLEMODELID><LIFECYCLESTATEID>APPROVED</LIFECYCLESTATEID><LIFECYCLESTATELINENUMBER>1</LIFECYCLESTATELINENUMBER><NEXTLIFECYCLEMODELID>WORKORDER</NEXTLIFECYCLEMODELID><NEXTLIFECYCLESTATEID>PENDING</NEXTLIFECYCLESTATEID><NEXTLIFECYCLESTATELINENUMBER>2</NEXTLIFECYCLESTATELINENUMBER></ENTASSETMAINTENANCEWORKORDERLIFECYCLEMODELSTATENEXTENTITY><ENTASSETMAINTENANCEWORKORDERLIFECYCLEMODELSTATENEXTENTITY><LIFECYCLEMODELID>WORKORDER</LIFECYCLEMODELID><LIFECYCLESTATEID>APPROVED</LIFECYCLESTATEID><LIFECYCLESTATELINENUMBER>1</LIFECYCLESTATELINENUMBER><NEXTLIFECYCLEMODELID>WORKORDER</NEXTLIFECYCLEMODELID><NEXTLIFECYCLESTATEID>SCHEDULED</NEXTLIFECYCLESTATEID><NEXTLIFECYCLESTATELINENUMBER>3</NEXTLIFECYCLESTATELINENUMBER></ENTASSETMAINTENANCEWORKORDERLIFECYCLEMODELSTATENEXTENTITY><ENTASSETMAINTENANCEWORKORDERLIFECYCLEMODELSTATENEXTENTITY><LIFECYCLEMODELID>WORKORDER</LIFECYCLEMODELID><LIFECYCLESTATEID>COMPLETED</LIFECYCLESTATEID><LIFECYCLESTATELINENUMBER>6</LIFECYCLESTATELINENUMBER><NEXTLIFECYCLEMODELID>WORKORDER</NEXTLIFECYCLEMODELID><NEXTLIFECYCLESTATEID>FINISHED</NEXTLIFECYCLESTATEID><NEXTLIFECYCLESTATELINENUMBER>7</NEXTLIFECYCLESTATELINENUMBER></ENTASSETMAINTENANCEWORKORDERLIFECYCLEMODELSTATENEXTENTITY><ENTASSETMAINTENANCEWORKORDERLIFECYCLEMODELSTATENEXTENTITY><LIFECYCLEMODELID>WORKORDER</LIFECYCLEMODELID><LIFECYCLESTATEID>INPROGRESS</LIFECYCLESTATEID><LIFECYCLESTATELINENUMBER>5</LIFECYCLESTATELINENUMBER><NEXTLIFECYCLEMODELID>WORKORDER</NEXTLIFECYCLEMODELID><NEXTLIFECYCLESTATEID>COMPLETED</NEXTLIFECYCLESTATEID><NEXTLIFECYCLESTATELINENUMBER>6</NEXTLIFECYCLESTATELINENUMBER></ENTASSETMAINTENANCEWORKORDERLIFECYCLEMODELSTATENEXTENTITY><ENTASSETMAINTENANCEWORKORDERLIFECYCLEMODELSTATENEXTENTITY><LIFECYCLEMODELID>WORKORDER</LIFECYCLEMODELID><LIFECYCLESTATEID>NEW</LIFECYCLESTATEID><LIFECYCLESTATELINENUMBER>0</LIFECYCLESTATELINENUMBER><NEXTLIFECYCLEMODELID>WORKORDER</NEXTLIFECYCLEMODELID><NEXTLIFECYCLESTATEID>APPROVED</NEXTLIFECYCLESTATEID><NEXTLIFECYCLESTATELINENUMBER>1</NEXTLIFECYCLESTATELINENUMBER></ENTASSETMAINTENANCEWORKORDERLIFECYCLEMODELSTATENEXTENTITY><ENTASSETMAINTENANCEWORKORDERLIFECYCLEMODELSTATENEXTENTITY><LIFECYCLEMODELID>WORKORDER</LIFECYCLEMODELID><LIFECYCLESTATEID>PENDING</LIFECYCLESTATEID><LIFECYCLESTATELINENUMBER>2</LIFECYCLESTATELINENUMBER><NEXTLIFECYCLEMODELID>WORKORDER</NEXTLIFECYCLEMODELID><NEXTLIFECYCLESTATEID>SCHEDULED</NEXTLIFECYCLESTATEID><NEXTLIFECYCLESTATELINENUMBER>3</NEXTLIFECYCLESTATELINENUMBER></ENTASSETMAINTENANCEWORKORDERLIFECYCLEMODELSTATENEXTENTITY><ENTASSETMAINTENANCEWORKORDERLIFECYCLEMODELSTATENEXTENTITY><LIFECYCLEMODELID>WORKORDER</LIFECYCLEMODELID><LIFECYCLESTATEID>RELEASED</LIFECYCLESTATEID><LIFECYCLESTATELINENUMBER>4</LIFECYCLESTATELINENUMBER><NEXTLIFECYCLEMODELID>WORKORDER</NEXTLIFECYCLEMODELID><NEXTLIFECYCLESTATEID>INPROGRESS</NEXTLIFECYCLESTATEID><NEXTLIFECYCLESTATELINENUMBER>5</NEXTLIFECYCLESTATELINENUMBER></ENTASSETMAINTENANCEWORKORDERLIFECYCLEMODELSTATENEXTENTITY><ENTASSETMAINTENANCEWORKORDERLIFECYCLEMODELSTATENEXTENTITY><LIFECYCLEMODELID>WORKORDER</LIFECYCLEMODELID><LIFECYCLESTATEID>SCHEDULED</LIFECYCLESTATEID><LIFECYCLESTATELINENUMBER>3</LIFECYCLESTATELINENUMBER><NEXTLIFECYCLEMODELID>WORKORDER</NEXTLIFECYCLEMODELID><NEXTLIFECYCLESTATEID>INPROGRESS</NEXTLIFECYCLESTATEID><NEXTLIFECYCLESTATELINENUMBER>5</NEXTLIFECYCLESTATELINENUMBER></ENTASSETMAINTENANCEWORKORDERLIFECYCLEMODELSTATENEXTENTITY><ENTASSETMAINTENANCEWORKORDERLIFECYCLEMODELSTATENEXTENTITY><LIFECYCLEMODELID>WORKORDER</LIFECYCLEMODELID><LIFECYCLESTATEID>SCHEDULED</LIFECYCLESTATEID><LIFECYCLESTATELINENUMBER>3</LIFECYCLESTATELINENUMBER><NEXTLIFECYCLEMODELID>WORKORDER</NEXTLIFECYCLEMODELID><NEXTLIFECYCLESTATEID>RELEASED</NEXTLIFECYCLESTATEID><NEXTLIFECYCLESTATELINENUMBER>4</NEXTLIFECYCLESTATELINENUMBER></ENTASSETMAINTENANCEWORKORDERLIFECYCLEMODELSTATENEXTENTITY></Document>