﻿<?xml version="1.0" encoding="utf-8"?><Document><ENTASSETMAINTENANCEREQUESTLIFECYCLEMODELSTATEENTITY><LIFECYCLEMODELID>REQUEST</LIFECYCLEMODELID><LIFECYCLESTATEID>APPROVED</LIFECYCLESTATEID><LINE>2</LINE></ENTASSETMAINTENANCEREQUESTLIFECYCLEMODELSTATEENTITY><ENTASSETMAINTENANCEREQUESTLIFECYCLEMODELSTATEENTITY><LIFECYCLEMODELID>REQUEST</LIFECYCLEMODELID><LIFECYCLESTATEID>CLOSED</LIFECYCLESTATEID><LINE>3</LINE></ENTASSETMAINTENANCEREQUESTLIFECYCLEMODELSTATEENTITY><ENTASSETMAINTENANCEREQUESTLIFECYCLEMODELSTATEENTITY><LIFECYCLEMODELID>REQUEST</LIFECYCLEMODELID><LIFECYCLESTATEID>INREVIEW</LIFECYCLESTATEID><LINE>1</LINE></ENTASSETMAINTENANCEREQUESTLIFECYCLEMODELSTATEENTITY><ENTASSETMAINTENANCEREQUESTLIFECYCLEMODELSTATEENTITY><LIFECYCLEMODELID>REQUEST</LIFECYCLEMODELID><LIFECYCLESTATEID>NEW</LIFECYCLESTATEID><LINE>0</LINE></ENTASSETMAINTENANCEREQUESTLIFECYCLEMODELSTATEENTITY><ENTASSETMAINTENANCEREQUESTLIFECYCLEMODELSTATEENTITY><LIFECYCLEMODELID>REQUEST</LIFECYCLEMODELID><LIFECYCLESTATEID>REJECTED</LIFECYCLESTATEID><LINE>4</LINE></ENTASSETMAINTENANCEREQUESTLIFECYCLEMODELSTATEENTITY></Document>