﻿<?xml version="1.0" encoding="utf-8"?><Document><ENTASSETMAINTENANCEFUNCTIONALLOCATIONLIFECYCLEMODELSTATENEXTENTITY><LIFECYCLEMODELID>LOCATIONS</LIFECYCLEMODELID><LIFECYCLESTATEID>ACTIVE</LIFECYCLESTATEID><NEXTLIFECYCLEMODELID>LOCATIONS</NEXTLIFECYCLEMODELID><NEXTLIFECYCLESTATEID>INACTIVE</NEXTLIFECYCLESTATEID></ENTASSETMAINTENANCEFUNCTIONALLOCATIONLIFECYCLEMODELSTATENEXTENTITY><ENTASSETMAINTENANCEFUNCTIONALLOCATIONLIFECYCLEMODELSTATENEXTENTITY><LIFECYCLEMODELID>LOCATIONS</LIFECYCLEMODELID><LIFECYCLESTATEID>INACTIVE</LIFECYCLESTATEID><NEXTLIFECYCLEMODELID>LOCATIONS</NEXTLIFECYCLEMODELID><NEXTLIFECYCLESTATEID>ACTIVE</NEXTLIFECYCLESTATEID></ENTASSETMAINTENANCEFUNCTIONALLOCATIONLIFECYCLEMODELSTATENEXTENTITY></Document>