﻿<?xml version="1.0" encoding="utf-8"?><Document><ENTASSETMAINTENANCEFUNCTIONALLOCATIONTYPEENTITY><ALLOWMULTIPLEINSTALLEDASSETS>Yes</ALLOWMULTIPLEINSTALLEDASSETS><FUNCTIONALLOCATIONTYPEID>AREA</FUNCTIONALLOCATIONTYPEID><LIFECYCLEMODELID>LOCATIONS</LIFECYCLEMODELID><MAINTENANCEASSETTYPEID></MAINTENANCEASSETTYPEID><NAME>Area</NAME><UPDATEASSETDIMENSION>No</UPDATEASSETDIMENSION></ENTASSETMAINTENANCEFUNCTIONALLOCATIONTYPEENTITY><ENTASSETMAINTENANCEFUNCTIONALLOCATIONTYPEENTITY><ALLOWMULTIPLEINSTALLEDASSETS>Yes</ALLOWMULTIPLEINSTALLEDASSETS><FUNCTIONALLOCATIONTYPEID>BUILDING</FUNCTIONALLOCATIONTYPEID><LIFECYCLEMODELID>LOCATIONS</LIFECYCLEMODELID><MAINTENANCEASSETTYPEID></MAINTENANCEASSETTYPEID><NAME>Building</NAME><UPDATEASSETDIMENSION>No</UPDATEASSETDIMENSION></ENTASSETMAINTENANCEFUNCTIONALLOCATIONTYPEENTITY><ENTASSETMAINTENANCEFUNCTIONALLOCATIONTYPEENTITY><ALLOWMULTIPLEINSTALLEDASSETS>Yes</ALLOWMULTIPLEINSTALLEDASSETS><FUNCTIONALLOCATIONTYPEID>EQUIPMENT</FUNCTIONALLOCATIONTYPEID><LIFECYCLEMODELID>EQUIPMENT</LIFECYCLEMODELID><MAINTENANCEASSETTYPEID></MAINTENANCEASSETTYPEID><NAME>Equipment</NAME><UPDATEASSETDIMENSION>No</UPDATEASSETDIMENSION></ENTASSETMAINTENANCEFUNCTIONALLOCATIONTYPEENTITY><ENTASSETMAINTENANCEFUNCTIONALLOCATIONTYPEENTITY><ALLOWMULTIPLEINSTALLEDASSETS>Yes</ALLOWMULTIPLEINSTALLEDASSETS><FUNCTIONALLOCATIONTYPEID>FACILITY</FUNCTIONALLOCATIONTYPEID><LIFECYCLEMODELID>LOCATIONS</LIFECYCLEMODELID><MAINTENANCEASSETTYPEID></MAINTENANCEASSETTYPEID><NAME>Facility</NAME><UPDATEASSETDIMENSION>No</UPDATEASSETDIMENSION></ENTASSETMAINTENANCEFUNCTIONALLOCATIONTYPEENTITY><ENTASSETMAINTENANCEFUNCTIONALLOCATIONTYPEENTITY><ALLOWMULTIPLEINSTALLEDASSETS>Yes</ALLOWMULTIPLEINSTALLEDASSETS><FUNCTIONALLOCATIONTYPEID>LINE</FUNCTIONALLOCATIONTYPEID><LIFECYCLEMODELID>LOCATIONS</LIFECYCLEMODELID><MAINTENANCEASSETTYPEID></MAINTENANCEASSETTYPEID><NAME>Line</NAME><UPDATEASSETDIMENSION>No</UPDATEASSETDIMENSION></ENTASSETMAINTENANCEFUNCTIONALLOCATIONTYPEENTITY><ENTASSETMAINTENANCEFUNCTIONALLOCATIONTYPEENTITY><ALLOWMULTIPLEINSTALLEDASSETS>Yes</ALLOWMULTIPLEINSTALLEDASSETS><FUNCTIONALLOCATIONTYPEID>PLANT</FUNCTIONALLOCATIONTYPEID><LIFECYCLEMODELID>LOCATIONS</LIFECYCLEMODELID><MAINTENANCEASSETTYPEID></MAINTENANCEASSETTYPEID><NAME>Plant</NAME><UPDATEASSETDIMENSION>No</UPDATEASSETDIMENSION></ENTASSETMAINTENANCEFUNCTIONALLOCATIONTYPEENTITY><ENTASSETMAINTENANCEFUNCTIONALLOCATIONTYPEENTITY><ALLOWMULTIPLEINSTALLEDASSETS>Yes</ALLOWMULTIPLEINSTALLEDASSETS><FUNCTIONALLOCATIONTYPEID>ROOM</FUNCTIONALLOCATIONTYPEID><LIFECYCLEMODELID>LOCATIONS</LIFECYCLEMODELID><MAINTENANCEASSETTYPEID></MAINTENANCEASSETTYPEID><NAME>Room</NAME><UPDATEASSETDIMENSION>No</UPDATEASSETDIMENSION></ENTASSETMAINTENANCEFUNCTIONALLOCATIONTYPEENTITY><ENTASSETMAINTENANCEFUNCTIONALLOCATIONTYPEENTITY><ALLOWMULTIPLEINSTALLEDASSETS>Yes</ALLOWMULTIPLEINSTALLEDASSETS><FUNCTIONALLOCATIONTYPEID>SITE</FUNCTIONALLOCATIONTYPEID><LIFECYCLEMODELID>LOCATIONS</LIFECYCLEMODELID><MAINTENANCEASSETTYPEID></MAINTENANCEASSETTYPEID><NAME>Site</NAME><UPDATEASSETDIMENSION>No</UPDATEASSETDIMENSION></ENTASSETMAINTENANCEFUNCTIONALLOCATIONTYPEENTITY><ENTASSETMAINTENANCEFUNCTIONALLOCATIONTYPEENTITY><ALLOWMULTIPLEINSTALLEDASSETS>Yes</ALLOWMULTIPLEINSTALLEDASSETS><FUNCTIONALLOCATIONTYPEID>STOREROOM</FUNCTIONALLOCATIONTYPEID><LIFECYCLEMODELID>LOCATIONS</LIFECYCLEMODELID><MAINTENANCEASSETTYPEID></MAINTENANCEASSETTYPEID><NAME>Storeroom</NAME><UPDATEASSETDIMENSION>No</UPDATEASSETDIMENSION></ENTASSETMAINTENANCEFUNCTIONALLOCATIONTYPEENTITY><ENTASSETMAINTENANCEFUNCTIONALLOCATIONTYPEENTITY><ALLOWMULTIPLEINSTALLEDASSETS>Yes</ALLOWMULTIPLEINSTALLEDASSETS><FUNCTIONALLOCATIONTYPEID>TABLE</FUNCTIONALLOCATIONTYPEID><LIFECYCLEMODELID>LOCATIONS</LIFECYCLEMODELID><MAINTENANCEASSETTYPEID></MAINTENANCEASSETTYPEID><NAME>Table</NAME><UPDATEASSETDIMENSION>No</UPDATEASSETDIMENSION></ENTASSETMAINTENANCEFUNCTIONALLOCATIONTYPEENTITY><ENTASSETMAINTENANCEFUNCTIONALLOCATIONTYPEENTITY><ALLOWMULTIPLEINSTALLEDASSETS>Yes</ALLOWMULTIPLEINSTALLEDASSETS><FUNCTIONALLOCATIONTYPEID>WAREHOUSE</FUNCTIONALLOCATIONTYPEID><LIFECYCLEMODELID>LOCATIONS</LIFECYCLEMODELID><MAINTENANCEASSETTYPEID></MAINTENANCEASSETTYPEID><NAME>Warehouse</NAME><UPDATEASSETDIMENSION>No</UPDATEASSETDIMENSION></ENTASSETMAINTENANCEFUNCTIONALLOCATIONTYPEENTITY></Document>