﻿<?xml version="1.0" encoding="utf-8"?><Document><ENTASSETMAINTENANCEWORKORDERTYPEENTITY><COSTTYPE>Corrective</COSTTYPE><FAULTCAUSEMANDATORY>No</FAULTCAUSEMANDATORY><FAULTREMEDYMANDATORY>No</FAULTREMEDYMANDATORY><FAULTSYMPTOMMANDATORY>No</FAULTSYMPTOMMANDATORY><NAME>Corrective Work Orders</NAME><PRODUCTIONSTOPMANDATORY>No</PRODUCTIONSTOPMANDATORY><SCHEDULEONEWORKER>No</SCHEDULEONEWORKER><WORKORDERLIFECYCLEMODELID>WORKORDER</WORKORDERLIFECYCLEMODELID><WORKORDERTYPEID>CORRECTIVE</WORKORDERTYPEID></ENTASSETMAINTENANCEWORKORDERTYPEENTITY><ENTASSETMAINTENANCEWORKORDERTYPEENTITY><COSTTYPE>Investment</COSTTYPE><FAULTCAUSEMANDATORY>No</FAULTCAUSEMANDATORY><FAULTREMEDYMANDATORY>No</FAULTREMEDYMANDATORY><FAULTSYMPTOMMANDATORY>No</FAULTSYMPTOMMANDATORY><NAME>Investment Work Orders</NAME><PRODUCTIONSTOPMANDATORY>No</PRODUCTIONSTOPMANDATORY><SCHEDULEONEWORKER>No</SCHEDULEONEWORKER><WORKORDERLIFECYCLEMODELID>WORKORDER</WORKORDERLIFECYCLEMODELID><WORKORDERTYPEID>INVETMENT</WORKORDERTYPEID></ENTASSETMAINTENANCEWORKORDERTYPEENTITY><ENTASSETMAINTENANCEWORKORDERTYPEENTITY><COSTTYPE>Corrective</COSTTYPE><FAULTCAUSEMANDATORY>No</FAULTCAUSEMANDATORY><FAULTREMEDYMANDATORY>No</FAULTREMEDYMANDATORY><FAULTSYMPTOMMANDATORY>No</FAULTSYMPTOMMANDATORY><NAME>Maintenance Work Orders</NAME><PRODUCTIONSTOPMANDATORY>No</PRODUCTIONSTOPMANDATORY><SCHEDULEONEWORKER>No</SCHEDULEONEWORKER><WORKORDERLIFECYCLEMODELID>WORKORDER</WORKORDERLIFECYCLEMODELID><WORKORDERTYPEID>MAINTNENANCE</WORKORDERTYPEID></ENTASSETMAINTENANCEWORKORDERTYPEENTITY><ENTASSETMAINTENANCEWORKORDERTYPEENTITY><COSTTYPE>Preventive</COSTTYPE><FAULTCAUSEMANDATORY>No</FAULTCAUSEMANDATORY><FAULTREMEDYMANDATORY>No</FAULTREMEDYMANDATORY><FAULTSYMPTOMMANDATORY>No</FAULTSYMPTOMMANDATORY><NAME>Preventative Work Orders</NAME><PRODUCTIONSTOPMANDATORY>No</PRODUCTIONSTOPMANDATORY><SCHEDULEONEWORKER>No</SCHEDULEONEWORKER><WORKORDERLIFECYCLEMODELID>WORKORDER</WORKORDERLIFECYCLEMODELID><WORKORDERTYPEID>PREVENTATIVE</WORKORDERTYPEID></ENTASSETMAINTENANCEWORKORDERTYPEENTITY><ENTASSETMAINTENANCEWORKORDERTYPEENTITY><COSTTYPE>Corrective</COSTTYPE><FAULTCAUSEMANDATORY>No</FAULTCAUSEMANDATORY><FAULTREMEDYMANDATORY>No</FAULTREMEDYMANDATORY><FAULTSYMPTOMMANDATORY>No</FAULTSYMPTOMMANDATORY><NAME>Maintenance Round Work Orders</NAME><PRODUCTIONSTOPMANDATORY>No</PRODUCTIONSTOPMANDATORY><SCHEDULEONEWORKER>No</SCHEDULEONEWORKER><WORKORDERLIFECYCLEMODELID>WORKORDER</WORKORDERLIFECYCLEMODELID><WORKORDERTYPEID>ROUND</WORKORDERTYPEID></ENTASSETMAINTENANCEWORKORDERTYPEENTITY><ENTASSETMAINTENANCEWORKORDERTYPEENTITY><COSTTYPE>Preventive</COSTTYPE><FAULTCAUSEMANDATORY>No</FAULTCAUSEMANDATORY><FAULTREMEDYMANDATORY>No</FAULTREMEDYMANDATORY><FAULTSYMPTOMMANDATORY>No</FAULTSYMPTOMMANDATORY><NAME>Safety Work Orders</NAME><PRODUCTIONSTOPMANDATORY>No</PRODUCTIONSTOPMANDATORY><SCHEDULEONEWORKER>No</SCHEDULEONEWORKER><WORKORDERLIFECYCLEMODELID>WORKORDER</WORKORDERLIFECYCLEMODELID><WORKORDERTYPEID>SAFETY</WORKORDERTYPEID></ENTASSETMAINTENANCEWORKORDERTYPEENTITY></Document>