﻿<?xml version="1.0" encoding="utf-8"?><Document><ENTASSETMAINTENANCEASSETTYPEJOBTYPEASSOCIATIONENTITY><JOBTYPEID>INSPECTION</JOBTYPEID><MAINTENANCEASSETTYPEID>ALEMBICTOWER</MAINTENANCEASSETTYPEID></ENTASSETMAINTENANCEASSETTYPEJOBTYPEASSOCIATIONENTITY><ENTASSETMAINTENANCEASSETTYPEJOBTYPEASSOCIATIONENTITY><JOBTYPEID>REPAIR</JOBTYPEID><MAINTENANCEASSETTYPEID>ALEMBICTOWER</MAINTENANCEASSETTYPEID></ENTASSETMAINTENANCEASSETTYPEJOBTYPEASSOCIATIONENTITY><ENTASSETMAINTENANCEASSETTYPEJOBTYPEASSOCIATIONENTITY><JOBTYPEID>CLEANING</JOBTYPEID><MAINTENANCEASSETTYPEID>CAULDRONS</MAINTENANCEASSETTYPEID></ENTASSETMAINTENANCEASSETTYPEJOBTYPEASSOCIATIONENTITY><ENTASSETMAINTENANCEASSETTYPEJOBTYPEASSOCIATIONENTITY><JOBTYPEID>CONDASSESS</JOBTYPEID><MAINTENANCEASSETTYPEID>CAULDRONS</MAINTENANCEASSETTYPEID></ENTASSETMAINTENANCEASSETTYPEJOBTYPEASSOCIATIONENTITY><ENTASSETMAINTENANCEASSETTYPEJOBTYPEASSOCIATIONENTITY><JOBTYPEID>INSPECTION</JOBTYPEID><MAINTENANCEASSETTYPEID>CAULDRONS</MAINTENANCEASSETTYPEID></ENTASSETMAINTENANCEASSETTYPEJOBTYPEASSOCIATIONENTITY><ENTASSETMAINTENANCEASSETTYPEJOBTYPEASSOCIATIONENTITY><JOBTYPEID>REPAIR</JOBTYPEID><MAINTENANCEASSETTYPEID>CAULDRONS</MAINTENANCEASSETTYPEID></ENTASSETMAINTENANCEASSETTYPEJOBTYPEASSOCIATIONENTITY><ENTASSETMAINTENANCEASSETTYPEJOBTYPEASSOCIATIONENTITY><JOBTYPEID>SERVICE</JOBTYPEID><MAINTENANCEASSETTYPEID>CAULDRONS</MAINTENANCEASSETTYPEID></ENTASSETMAINTENANCEASSETTYPEJOBTYPEASSOCIATIONENTITY><ENTASSETMAINTENANCEASSETTYPEJOBTYPEASSOCIATIONENTITY><JOBTYPEID>CLEANING</JOBTYPEID><MAINTENANCEASSETTYPEID>CONDENSTIONCOIL</MAINTENANCEASSETTYPEID></ENTASSETMAINTENANCEASSETTYPEJOBTYPEASSOCIATIONENTITY><ENTASSETMAINTENANCEASSETTYPEJOBTYPEASSOCIATIONENTITY><JOBTYPEID>INSPECTION</JOBTYPEID><MAINTENANCEASSETTYPEID>CONDENSTIONCOIL</MAINTENANCEASSETTYPEID></ENTASSETMAINTENANCEASSETTYPEJOBTYPEASSOCIATIONENTITY><ENTASSETMAINTENANCEASSETTYPEJOBTYPEASSOCIATIONENTITY><JOBTYPEID>REPAIR</JOBTYPEID><MAINTENANCEASSETTYPEID>CONDENSTIONCOIL</MAINTENANCEASSETTYPEID></ENTASSETMAINTENANCEASSETTYPEJOBTYPEASSOCIATIONENTITY><ENTASSETMAINTENANCEASSETTYPEJOBTYPEASSOCIATIONENTITY><JOBTYPEID>SERVICE</JOBTYPEID><MAINTENANCEASSETTYPEID>CONDENSTIONCOIL</MAINTENANCEASSETTYPEID></ENTASSETMAINTENANCEASSETTYPEJOBTYPEASSOCIATIONENTITY></Document>