﻿<?xml version="1.0" encoding="utf-8"?><Document><ENTASSETMAINTENANCEFUNCTIONALLOCATIONLIFECYCLESTATEENTITY><ALLOWDELETELOCATION>No</ALLOWDELETELOCATION><ALLOWINSTALLMAINTENANCEASSETS>Yes</ALLOWINSTALLMAINTENANCEASSETS><ALLOWNEWSUBLOCATIONS>Yes</ALLOWNEWSUBLOCATIONS><ALLOWRENAMELOCATION>Yes</ALLOWRENAMELOCATION><CREATELOCATIONMAINTENANCEASSET>Yes</CREATELOCATIONMAINTENANCEASSET><FUNCTIONALLOCATIONACTIVE>Yes</FUNCTIONALLOCATIONACTIVE><LIFECYCLESTATEID>ACTIVE</LIFECYCLESTATEID><MAINTENANCEASSETLIFECYCLESTATEID>ACTIVE</MAINTENANCEASSETLIFECYCLESTATEID><NAME>Active</NAME></ENTASSETMAINTENANCEFUNCTIONALLOCATIONLIFECYCLESTATEENTITY><ENTASSETMAINTENANCEFUNCTIONALLOCATIONLIFECYCLESTATEENTITY><ALLOWDELETELOCATION>No</ALLOWDELETELOCATION><ALLOWINSTALLMAINTENANCEASSETS>No</ALLOWINSTALLMAINTENANCEASSETS><ALLOWNEWSUBLOCATIONS>No</ALLOWNEWSUBLOCATIONS><ALLOWRENAMELOCATION>No</ALLOWRENAMELOCATION><CREATELOCATIONMAINTENANCEASSET>No</CREATELOCATIONMAINTENANCEASSET><FUNCTIONALLOCATIONACTIVE>No</FUNCTIONALLOCATIONACTIVE><LIFECYCLESTATEID>INACTIVE</LIFECYCLESTATEID><MAINTENANCEASSETLIFECYCLESTATEID></MAINTENANCEASSETLIFECYCLESTATEID><NAME>Inactive</NAME></ENTASSETMAINTENANCEFUNCTIONALLOCATIONLIFECYCLESTATEENTITY></Document>