﻿<?xml version="1.0" encoding="utf-8"?><Document><ENTASSETMAINTENANCEASSETLIFECYCLEMODELSTATEENTITY><LIFECYCLEMODELID>ALEMBICTOWERS</LIFECYCLEMODELID><LIFECYCLESTATEID>ACTIVE</LIFECYCLESTATEID><LINE>0</LINE></ENTASSETMAINTENANCEASSETLIFECYCLEMODELSTATEENTITY><ENTASSETMAINTENANCEASSETLIFECYCLEMODELSTATEENTITY><LIFECYCLEMODELID>ALEMBICTOWERS</LIFECYCLEMODELID><LIFECYCLESTATEID>INREPAIR</LIFECYCLESTATEID><LINE>1</LINE></ENTASSETMAINTENANCEASSETLIFECYCLEMODELSTATEENTITY><ENTASSETMAINTENANCEASSETLIFECYCLEMODELSTATEENTITY><LIFECYCLEMODELID>ASSETS</LIFECYCLEMODELID><LIFECYCLESTATEID>ACTIVE</LIFECYCLESTATEID><LINE>1</LINE></ENTASSETMAINTENANCEASSETLIFECYCLEMODELSTATEENTITY><ENTASSETMAINTENANCEASSETLIFECYCLEMODELSTATEENTITY><LIFECYCLEMODELID>ASSETS</LIFECYCLEMODELID><LIFECYCLESTATEID>INREPAIR</LIFECYCLESTATEID><LINE>2</LINE></ENTASSETMAINTENANCEASSETLIFECYCLEMODELSTATEENTITY><ENTASSETMAINTENANCEASSETLIFECYCLEMODELSTATEENTITY><LIFECYCLEMODELID>ASSETS</LIFECYCLEMODELID><LIFECYCLESTATEID>NEW</LIFECYCLESTATEID><LINE>0</LINE></ENTASSETMAINTENANCEASSETLIFECYCLEMODELSTATEENTITY><ENTASSETMAINTENANCEASSETLIFECYCLEMODELSTATEENTITY><LIFECYCLEMODELID>ASSETS</LIFECYCLEMODELID><LIFECYCLESTATEID>SCRAPPED</LIFECYCLESTATEID><LINE>3</LINE></ENTASSETMAINTENANCEASSETLIFECYCLEMODELSTATEENTITY><ENTASSETMAINTENANCEASSETLIFECYCLEMODELSTATEENTITY><LIFECYCLEMODELID>COLLECTIONVESSELS</LIFECYCLEMODELID><LIFECYCLESTATEID>ACTIVE</LIFECYCLESTATEID><LINE>0</LINE></ENTASSETMAINTENANCEASSETLIFECYCLEMODELSTATEENTITY><ENTASSETMAINTENANCEASSETLIFECYCLEMODELSTATEENTITY><LIFECYCLEMODELID>COLLECTIONVESSELS</LIFECYCLEMODELID><LIFECYCLESTATEID>INREPAIR</LIFECYCLESTATEID><LINE>1</LINE></ENTASSETMAINTENANCEASSETLIFECYCLEMODELSTATEENTITY><ENTASSETMAINTENANCEASSETLIFECYCLEMODELSTATEENTITY><LIFECYCLEMODELID>CONDENSATIONCOILS</LIFECYCLEMODELID><LIFECYCLESTATEID>ACTIVE</LIFECYCLESTATEID><LINE>0</LINE></ENTASSETMAINTENANCEASSETLIFECYCLEMODELSTATEENTITY><ENTASSETMAINTENANCEASSETLIFECYCLEMODELSTATEENTITY><LIFECYCLEMODELID>CONDENSATIONCOILS</LIFECYCLEMODELID><LIFECYCLESTATEID>INREPAIR</LIFECYCLESTATEID><LINE>1</LINE></ENTASSETMAINTENANCEASSETLIFECYCLEMODELSTATEENTITY><ENTASSETMAINTENANCEASSETLIFECYCLEMODELSTATEENTITY><LIFECYCLEMODELID>CONDENSERS</LIFECYCLEMODELID><LIFECYCLESTATEID>ACTIVE</LIFECYCLESTATEID><LINE>0</LINE></ENTASSETMAINTENANCEASSETLIFECYCLEMODELSTATEENTITY><ENTASSETMAINTENANCEASSETLIFECYCLEMODELSTATEENTITY><LIFECYCLEMODELID>CONDENSERS</LIFECYCLEMODELID><LIFECYCLESTATEID>INREPAIR</LIFECYCLESTATEID><LINE>1</LINE></ENTASSETMAINTENANCEASSETLIFECYCLEMODELSTATEENTITY><ENTASSETMAINTENANCEASSETLIFECYCLEMODELSTATEENTITY><LIFECYCLEMODELID>CONTROLPANELS</LIFECYCLEMODELID><LIFECYCLESTATEID>ACTIVE</LIFECYCLESTATEID><LINE>0</LINE></ENTASSETMAINTENANCEASSETLIFECYCLEMODELSTATEENTITY><ENTASSETMAINTENANCEASSETLIFECYCLEMODELSTATEENTITY><LIFECYCLEMODELID>CONTROLPANELS</LIFECYCLEMODELID><LIFECYCLESTATEID>INREPAIR</LIFECYCLESTATEID><LINE>1</LINE></ENTASSETMAINTENANCEASSETLIFECYCLEMODELSTATEENTITY><ENTASSETMAINTENANCEASSETLIFECYCLEMODELSTATEENTITY><LIFECYCLEMODELID>COOLERS</LIFECYCLEMODELID><LIFECYCLESTATEID>ACTIVE</LIFECYCLESTATEID><LINE>0</LINE></ENTASSETMAINTENANCEASSETLIFECYCLEMODELSTATEENTITY><ENTASSETMAINTENANCEASSETLIFECYCLEMODELSTATEENTITY><LIFECYCLEMODELID>COOLERS</LIFECYCLEMODELID><LIFECYCLESTATEID>INREPAIR</LIFECYCLESTATEID><LINE>1</LINE></ENTASSETMAINTENANCEASSETLIFECYCLEMODELSTATEENTITY><ENTASSETMAINTENANCEASSETLIFECYCLEMODELSTATEENTITY><LIFECYCLEMODELID>COOLINGSYSTEMS</LIFECYCLEMODELID><LIFECYCLESTATEID>ACTIVE</LIFECYCLESTATEID><LINE>0</LINE></ENTASSETMAINTENANCEASSETLIFECYCLEMODELSTATEENTITY><ENTASSETMAINTENANCEASSETLIFECYCLEMODELSTATEENTITY><LIFECYCLEMODELID>COOLINGSYSTEMS</LIFECYCLEMODELID><LIFECYCLESTATEID>INREPAIR</LIFECYCLESTATEID><LINE>1</LINE></ENTASSETMAINTENANCEASSETLIFECYCLEMODELSTATEENTITY><ENTASSETMAINTENANCEASSETLIFECYCLEMODELSTATEENTITY><LIFECYCLEMODELID>ESSENCERECEPTICLES</LIFECYCLEMODELID><LIFECYCLESTATEID>ACTIVE</LIFECYCLESTATEID><LINE>0</LINE></ENTASSETMAINTENANCEASSETLIFECYCLEMODELSTATEENTITY><ENTASSETMAINTENANCEASSETLIFECYCLEMODELSTATEENTITY><LIFECYCLEMODELID>ESSENCERECEPTICLES</LIFECYCLEMODELID><LIFECYCLESTATEID>INREPAIR</LIFECYCLESTATEID><LINE>1</LINE></ENTASSETMAINTENANCEASSETLIFECYCLEMODELSTATEENTITY><ENTASSETMAINTENANCEASSETLIFECYCLEMODELSTATEENTITY><LIFECYCLEMODELID>EXHAUSTSYSTEMS</LIFECYCLEMODELID><LIFECYCLESTATEID>ACTIVE</LIFECYCLESTATEID><LINE>0</LINE></ENTASSETMAINTENANCEASSETLIFECYCLEMODELSTATEENTITY><ENTASSETMAINTENANCEASSETLIFECYCLEMODELSTATEENTITY><LIFECYCLEMODELID>EXHAUSTSYSTEMS</LIFECYCLEMODELID><LIFECYCLESTATEID>INREPAIR</LIFECYCLESTATEID><LINE>1</LINE></ENTASSETMAINTENANCEASSETLIFECYCLEMODELSTATEENTITY><ENTASSETMAINTENANCEASSETLIFECYCLEMODELSTATEENTITY><LIFECYCLEMODELID>FURNACES</LIFECYCLEMODELID><LIFECYCLESTATEID>ACTIVE</LIFECYCLESTATEID><LINE>0</LINE></ENTASSETMAINTENANCEASSETLIFECYCLEMODELSTATEENTITY><ENTASSETMAINTENANCEASSETLIFECYCLEMODELSTATEENTITY><LIFECYCLEMODELID>FURNACES</LIFECYCLEMODELID><LIFECYCLESTATEID>INREPAIR</LIFECYCLESTATEID><LINE>1</LINE></ENTASSETMAINTENANCEASSETLIFECYCLEMODELSTATEENTITY><ENTASSETMAINTENANCEASSETLIFECYCLEMODELSTATEENTITY><LIFECYCLEMODELID>HEATERS</LIFECYCLEMODELID><LIFECYCLESTATEID>ACTIVE</LIFECYCLESTATEID><LINE>0</LINE></ENTASSETMAINTENANCEASSETLIFECYCLEMODELSTATEENTITY><ENTASSETMAINTENANCEASSETLIFECYCLEMODELSTATEENTITY><LIFECYCLEMODELID>HEATERS</LIFECYCLEMODELID><LIFECYCLESTATEID>INREPAIR</LIFECYCLESTATEID><LINE>1</LINE></ENTASSETMAINTENANCEASSETLIFECYCLEMODELSTATEENTITY><ENTASSETMAINTENANCEASSETLIFECYCLEMODELSTATEENTITY><LIFECYCLEMODELID>VENTDUCTS</LIFECYCLEMODELID><LIFECYCLESTATEID>ACTIVE</LIFECYCLESTATEID><LINE>0</LINE></ENTASSETMAINTENANCEASSETLIFECYCLEMODELSTATEENTITY><ENTASSETMAINTENANCEASSETLIFECYCLEMODELSTATEENTITY><LIFECYCLEMODELID>VENTDUCTS</LIFECYCLEMODELID><LIFECYCLESTATEID>INREPAIR</LIFECYCLESTATEID><LINE>1</LINE></ENTASSETMAINTENANCEASSETLIFECYCLEMODELSTATEENTITY><ENTASSETMAINTENANCEASSETLIFECYCLEMODELSTATEENTITY><LIFECYCLEMODELID>VENTHOODS</LIFECYCLEMODELID><LIFECYCLESTATEID>ACTIVE</LIFECYCLESTATEID><LINE>0</LINE></ENTASSETMAINTENANCEASSETLIFECYCLEMODELSTATEENTITY><ENTASSETMAINTENANCEASSETLIFECYCLEMODELSTATEENTITY><LIFECYCLEMODELID>VENTHOODS</LIFECYCLEMODELID><LIFECYCLESTATEID>INREPAIR</LIFECYCLESTATEID><LINE>1</LINE></ENTASSETMAINTENANCEASSETLIFECYCLEMODELSTATEENTITY><ENTASSETMAINTENANCEASSETLIFECYCLEMODELSTATEENTITY><LIFECYCLEMODELID>VENTILATIONSYSTEMS</LIFECYCLEMODELID><LIFECYCLESTATEID>ACTIVE</LIFECYCLESTATEID><LINE>0</LINE></ENTASSETMAINTENANCEASSETLIFECYCLEMODELSTATEENTITY><ENTASSETMAINTENANCEASSETLIFECYCLEMODELSTATEENTITY><LIFECYCLEMODELID>VENTILATIONSYSTEMS</LIFECYCLEMODELID><LIFECYCLESTATEID>INREPAIR</LIFECYCLESTATEID><LINE>1</LINE></ENTASSETMAINTENANCEASSETLIFECYCLEMODELSTATEENTITY></Document>