﻿<?xml version="1.0" encoding="utf-8"?><Document><ENTASSETMAINTENANCEJOBTYPEENTITY><DESCRIPTION></DESCRIPTION><JOBGROUPID>SERVICE</JOBGROUPID><JOBTYPEID>CLEANING</JOBTYPEID><MAINTENANCESTOPREQUIRED>No</MAINTENANCESTOPREQUIRED><NAME>Cleaning</NAME><NUMBEROFWORKERS>0</NUMBEROFWORKERS></ENTASSETMAINTENANCEJOBTYPEENTITY><ENTASSETMAINTENANCEJOBTYPEENTITY><DESCRIPTION></DESCRIPTION><JOBGROUPID>CONDASSESS</JOBGROUPID><JOBTYPEID>CONDASSESS</JOBTYPEID><MAINTENANCESTOPREQUIRED>No</MAINTENANCESTOPREQUIRED><NAME>Condition Assessment</NAME><NUMBEROFWORKERS>0</NUMBEROFWORKERS></ENTASSETMAINTENANCEJOBTYPEENTITY><ENTASSETMAINTENANCEJOBTYPEENTITY><DESCRIPTION></DESCRIPTION><JOBGROUPID>PERVENTIVE</JOBGROUPID><JOBTYPEID>INSPECTION</JOBTYPEID><MAINTENANCESTOPREQUIRED>No</MAINTENANCESTOPREQUIRED><NAME>Inspection</NAME><NUMBEROFWORKERS>0</NUMBEROFWORKERS></ENTASSETMAINTENANCEJOBTYPEENTITY><ENTASSETMAINTENANCEJOBTYPEENTITY><DESCRIPTION></DESCRIPTION><JOBGROUPID>PERVENTIVE</JOBGROUPID><JOBTYPEID>LUBRICATION</JOBTYPEID><MAINTENANCESTOPREQUIRED>No</MAINTENANCESTOPREQUIRED><NAME>Lubrication</NAME><NUMBEROFWORKERS>0</NUMBEROFWORKERS></ENTASSETMAINTENANCEJOBTYPEENTITY><ENTASSETMAINTENANCEJOBTYPEENTITY><DESCRIPTION></DESCRIPTION><JOBGROUPID>CORRECTIVE</JOBGROUPID><JOBTYPEID>REPAIR</JOBTYPEID><MAINTENANCESTOPREQUIRED>No</MAINTENANCESTOPREQUIRED><NAME>Repair</NAME><NUMBEROFWORKERS>0</NUMBEROFWORKERS></ENTASSETMAINTENANCEJOBTYPEENTITY><ENTASSETMAINTENANCEJOBTYPEENTITY><DESCRIPTION></DESCRIPTION><JOBGROUPID>SERVICE</JOBGROUPID><JOBTYPEID>SERVICE</JOBTYPEID><MAINTENANCESTOPREQUIRED>No</MAINTENANCESTOPREQUIRED><NAME>Service</NAME><NUMBEROFWORKERS>0</NUMBEROFWORKERS></ENTASSETMAINTENANCEJOBTYPEENTITY></Document>