﻿<?xml version="1.0" encoding="utf-8"?><Document><ENTASSETMAINTENANCEFAULTSYMPTOMENTITY><DESCRIPTION>Air Leak</DESCRIPTION><FAULTSYMPTOMID>AIRLEAK</FAULTSYMPTOMID><PERCENT>0.000000</PERCENT></ENTASSETMAINTENANCEFAULTSYMPTOMENTITY><ENTASSETMAINTENANCEFAULTSYMPTOMENTITY><DESCRIPTION>Damage</DESCRIPTION><FAULTSYMPTOMID>DAMAGE</FAULTSYMPTOMID><PERCENT>0.000000</PERCENT></ENTASSETMAINTENANCEFAULTSYMPTOMENTITY><ENTASSETMAINTENANCEFAULTSYMPTOMENTITY><DESCRIPTION>Excessive Dirt</DESCRIPTION><FAULTSYMPTOMID>DIRT</FAULTSYMPTOMID><PERCENT>0.000000</PERCENT></ENTASSETMAINTENANCEFAULTSYMPTOMENTITY><ENTASSETMAINTENANCEFAULTSYMPTOMENTITY><DESCRIPTION>Jammed</DESCRIPTION><FAULTSYMPTOMID>JAMMED</FAULTSYMPTOMID><PERCENT>0.000000</PERCENT></ENTASSETMAINTENANCEFAULTSYMPTOMENTITY><ENTASSETMAINTENANCEFAULTSYMPTOMENTITY><DESCRIPTION>Lubrication</DESCRIPTION><FAULTSYMPTOMID>LUBRICATION</FAULTSYMPTOMID><PERCENT>0.000000</PERCENT></ENTASSETMAINTENANCEFAULTSYMPTOMENTITY><ENTASSETMAINTENANCEFAULTSYMPTOMENTITY><DESCRIPTION>Excessive Noise</DESCRIPTION><FAULTSYMPTOMID>NOISE</FAULTSYMPTOMID><PERCENT>0.000000</PERCENT></ENTASSETMAINTENANCEFAULTSYMPTOMENTITY><ENTASSETMAINTENANCEFAULTSYMPTOMENTITY><DESCRIPTION>Oil Level Too High</DESCRIPTION><FAULTSYMPTOMID>OILHIGH</FAULTSYMPTOMID><PERCENT>0.000000</PERCENT></ENTASSETMAINTENANCEFAULTSYMPTOMENTITY><ENTASSETMAINTENANCEFAULTSYMPTOMENTITY><DESCRIPTION>Oil Leak</DESCRIPTION><FAULTSYMPTOMID>OILLEAK</FAULTSYMPTOMID><PERCENT>0.000000</PERCENT></ENTASSETMAINTENANCEFAULTSYMPTOMENTITY><ENTASSETMAINTENANCEFAULTSYMPTOMENTITY><DESCRIPTION>Oil Level Too Low</DESCRIPTION><FAULTSYMPTOMID>OILLOW</FAULTSYMPTOMID><PERCENT>0.000000</PERCENT></ENTASSETMAINTENANCEFAULTSYMPTOMENTITY><ENTASSETMAINTENANCEFAULTSYMPTOMENTITY><DESCRIPTION>Overheating</DESCRIPTION><FAULTSYMPTOMID>OVERHEATING</FAULTSYMPTOMID><PERCENT>0.000000</PERCENT></ENTASSETMAINTENANCEFAULTSYMPTOMENTITY><ENTASSETMAINTENANCEFAULTSYMPTOMENTITY><DESCRIPTION>Slow Operation</DESCRIPTION><FAULTSYMPTOMID>SLOWOPERATION</FAULTSYMPTOMID><PERCENT>0.000000</PERCENT></ENTASSETMAINTENANCEFAULTSYMPTOMENTITY><ENTASSETMAINTENANCEFAULTSYMPTOMENTITY><DESCRIPTION>Excessive Smoke</DESCRIPTION><FAULTSYMPTOMID>SMOKE</FAULTSYMPTOMID><PERCENT>0.000000</PERCENT></ENTASSETMAINTENANCEFAULTSYMPTOMENTITY><ENTASSETMAINTENANCEFAULTSYMPTOMENTITY><DESCRIPTION>Stopped</DESCRIPTION><FAULTSYMPTOMID>STOPPED</FAULTSYMPTOMID><PERCENT>0.000000</PERCENT></ENTASSETMAINTENANCEFAULTSYMPTOMENTITY><ENTASSETMAINTENANCEFAULTSYMPTOMENTITY><DESCRIPTION>Temperature Too High</DESCRIPTION><FAULTSYMPTOMID>TEMPHIGH</FAULTSYMPTOMID><PERCENT>0.000000</PERCENT></ENTASSETMAINTENANCEFAULTSYMPTOMENTITY><ENTASSETMAINTENANCEFAULTSYMPTOMENTITY><DESCRIPTION>Temperature Too Low</DESCRIPTION><FAULTSYMPTOMID>TEMPLOW</FAULTSYMPTOMID><PERCENT>0.000000</PERCENT></ENTASSETMAINTENANCEFAULTSYMPTOMENTITY><ENTASSETMAINTENANCEFAULTSYMPTOMENTITY><DESCRIPTION>Vandalism</DESCRIPTION><FAULTSYMPTOMID>VANDALISM</FAULTSYMPTOMID><PERCENT>0.000000</PERCENT></ENTASSETMAINTENANCEFAULTSYMPTOMENTITY><ENTASSETMAINTENANCEFAULTSYMPTOMENTITY><DESCRIPTION>Excessive Vibration</DESCRIPTION><FAULTSYMPTOMID>VIBRATION</FAULTSYMPTOMID><PERCENT>0.000000</PERCENT></ENTASSETMAINTENANCEFAULTSYMPTOMENTITY><ENTASSETMAINTENANCEFAULTSYMPTOMENTITY><DESCRIPTION>Water Leak</DESCRIPTION><FAULTSYMPTOMID>WATERLEAK</FAULTSYMPTOMID><PERCENT>0.000000</PERCENT></ENTASSETMAINTENANCEFAULTSYMPTOMENTITY></Document>