﻿<?xml version="1.0" encoding="utf-8"?><Document><ENTASSETMAINTENANCEWORKORDERLIFECYCLESTATEENTITY><CLOSEACTIVITIES>No</CLOSEACTIVITIES><COPYFORECASTEXPENSE>No</COPYFORECASTEXPENSE><COPYFORECASTHOUR>No</COPYFORECASTHOUR><COPYFORECASTITEM>No</COPYFORECASTITEM><LIFECYCLESTATEID>APPROVED</LIFECYCLESTATEID><MAINTENANCEASSETLIFECYCLESTATEID></MAINTENANCEASSETLIFECYCLESTATEID><MAINTENANCEPLANCOUNTERRESET>No</MAINTENANCEPLANCOUNTERRESET><NAME>Work Order has been Approved</NAME><POSTWORKORDERJOURNALS>No</POSTWORKORDERJOURNALS><PROJECTSTATUS>Estimated</PROJECTSTATUS><REQUESTLIFECYCLESTATEID>APPROVED</REQUESTLIFECYCLESTATEID><SCHEDULEEND>No</SCHEDULEEND><SCHEDULEREADY>No</SCHEDULEREADY><SCHEDULESTART>No</SCHEDULESTART><UPDATEMAINTENANCEASSETBOM>No</UPDATEMAINTENANCEASSETBOM><VALIDATECOMMITEDCOST>No</VALIDATECOMMITEDCOST><VALIDATECOMMITEDCOSTINFOTYPE>Information</VALIDATECOMMITEDCOSTINFOTYPE><VALIDATEFAULTCAUSE>No</VALIDATEFAULTCAUSE><VALIDATEFAULTCAUSEINFOTYPE>Information</VALIDATEFAULTCAUSEINFOTYPE><VALIDATEFAULTREMEDY>No</VALIDATEFAULTREMEDY><VALIDATEFAULTREMEDYINFOTYPE>Information</VALIDATEFAULTREMEDYINFOTYPE><VALIDATEFAULTSYMPTOM>No</VALIDATEFAULTSYMPTOM><VALIDATEFAULTSYMPTOMINFOTYPE>Information</VALIDATEFAULTSYMPTOMINFOTYPE><VALIDATEPRODUCTIONSTOP>No</VALIDATEPRODUCTIONSTOP><VALIDATEPRODUCTIONSTOPINFOTYPE>Information</VALIDATEPRODUCTIONSTOPINFOTYPE><WORKORDERACTIVE>Yes</WORKORDERACTIVE><WORKORDERALLOWDELETE>Yes</WORKORDERALLOWDELETE><WORKORDERALLOWLINEDELETE>No</WORKORDERALLOWLINEDELETE><WORKORDERALLOWSCHEDULING>Yes</WORKORDERALLOWSCHEDULING><WORKORDERCREATEJOB>No</WORKORDERCREATEJOB><WORKORDERLINESCHEDULEDELETE>No</WORKORDERLINESCHEDULEDELETE><WORKORDERPOOLDELETE>No</WORKORDERPOOLDELETE><WORKORDERSETACTUALEND>No</WORKORDERSETACTUALEND><WORKORDERSETACTUALENDDEFAULT>ScheduledEndExpectedEnd</WORKORDERSETACTUALENDDEFAULT><WORKORDERSETACTUALSTART>Yes</WORKORDERSETACTUALSTART><WORKORDERSETACTUALSTARTDEFAULT>ScheduledStartExpectedStart</WORKORDERSETACTUALSTARTDEFAULT><WORKORDERVALIDATECHECKLIST>No</WORKORDERVALIDATECHECKLIST><WORKORDERVALIDATECHECKLISTINFOTYPE>Information</WORKORDERVALIDATECHECKLISTINFOTYPE></ENTASSETMAINTENANCEWORKORDERLIFECYCLESTATEENTITY><ENTASSETMAINTENANCEWORKORDERLIFECYCLESTATEENTITY><CLOSEACTIVITIES>Yes</CLOSEACTIVITIES><COPYFORECASTEXPENSE>No</COPYFORECASTEXPENSE><COPYFORECASTHOUR>No</COPYFORECASTHOUR><COPYFORECASTITEM>No</COPYFORECASTITEM><LIFECYCLESTATEID>COMPLETED</LIFECYCLESTATEID><MAINTENANCEASSETLIFECYCLESTATEID></MAINTENANCEASSETLIFECYCLESTATEID><MAINTENANCEPLANCOUNTERRESET>No</MAINTENANCEPLANCOUNTERRESET><NAME>Work order has been Completed</NAME><POSTWORKORDERJOURNALS>No</POSTWORKORDERJOURNALS><PROJECTSTATUS>Completed</PROJECTSTATUS><REQUESTLIFECYCLESTATEID>CLOSED</REQUESTLIFECYCLESTATEID><SCHEDULEEND>No</SCHEDULEEND><SCHEDULEREADY>No</SCHEDULEREADY><SCHEDULESTART>No</SCHEDULESTART><UPDATEMAINTENANCEASSETBOM>No</UPDATEMAINTENANCEASSETBOM><VALIDATECOMMITEDCOST>No</VALIDATECOMMITEDCOST><VALIDATECOMMITEDCOSTINFOTYPE>Information</VALIDATECOMMITEDCOSTINFOTYPE><VALIDATEFAULTCAUSE>No</VALIDATEFAULTCAUSE><VALIDATEFAULTCAUSEINFOTYPE>Information</VALIDATEFAULTCAUSEINFOTYPE><VALIDATEFAULTREMEDY>No</VALIDATEFAULTREMEDY><VALIDATEFAULTREMEDYINFOTYPE>Information</VALIDATEFAULTREMEDYINFOTYPE><VALIDATEFAULTSYMPTOM>No</VALIDATEFAULTSYMPTOM><VALIDATEFAULTSYMPTOMINFOTYPE>Information</VALIDATEFAULTSYMPTOMINFOTYPE><VALIDATEPRODUCTIONSTOP>No</VALIDATEPRODUCTIONSTOP><VALIDATEPRODUCTIONSTOPINFOTYPE>Information</VALIDATEPRODUCTIONSTOPINFOTYPE><WORKORDERACTIVE>No</WORKORDERACTIVE><WORKORDERALLOWDELETE>No</WORKORDERALLOWDELETE><WORKORDERALLOWLINEDELETE>No</WORKORDERALLOWLINEDELETE><WORKORDERALLOWSCHEDULING>No</WORKORDERALLOWSCHEDULING><WORKORDERCREATEJOB>No</WORKORDERCREATEJOB><WORKORDERLINESCHEDULEDELETE>No</WORKORDERLINESCHEDULEDELETE><WORKORDERPOOLDELETE>No</WORKORDERPOOLDELETE><WORKORDERSETACTUALEND>No</WORKORDERSETACTUALEND><WORKORDERSETACTUALENDDEFAULT>ScheduledEndExpectedEnd</WORKORDERSETACTUALENDDEFAULT><WORKORDERSETACTUALSTART>No</WORKORDERSETACTUALSTART><WORKORDERSETACTUALSTARTDEFAULT>ScheduledStartExpectedStart</WORKORDERSETACTUALSTARTDEFAULT><WORKORDERVALIDATECHECKLIST>No</WORKORDERVALIDATECHECKLIST><WORKORDERVALIDATECHECKLISTINFOTYPE>Information</WORKORDERVALIDATECHECKLISTINFOTYPE></ENTASSETMAINTENANCEWORKORDERLIFECYCLESTATEENTITY><ENTASSETMAINTENANCEWORKORDERLIFECYCLESTATEENTITY><CLOSEACTIVITIES>Yes</CLOSEACTIVITIES><COPYFORECASTEXPENSE>No</COPYFORECASTEXPENSE><COPYFORECASTHOUR>No</COPYFORECASTHOUR><COPYFORECASTITEM>No</COPYFORECASTITEM><LIFECYCLESTATEID>FINISHED</LIFECYCLESTATEID><MAINTENANCEASSETLIFECYCLESTATEID></MAINTENANCEASSETLIFECYCLESTATEID><MAINTENANCEPLANCOUNTERRESET>No</MAINTENANCEPLANCOUNTERRESET><NAME>Work order is Finished and Posted</NAME><POSTWORKORDERJOURNALS>No</POSTWORKORDERJOURNALS><PROJECTSTATUS>Completed</PROJECTSTATUS><REQUESTLIFECYCLESTATEID>CLOSED</REQUESTLIFECYCLESTATEID><SCHEDULEEND>No</SCHEDULEEND><SCHEDULEREADY>No</SCHEDULEREADY><SCHEDULESTART>No</SCHEDULESTART><UPDATEMAINTENANCEASSETBOM>No</UPDATEMAINTENANCEASSETBOM><VALIDATECOMMITEDCOST>No</VALIDATECOMMITEDCOST><VALIDATECOMMITEDCOSTINFOTYPE>Information</VALIDATECOMMITEDCOSTINFOTYPE><VALIDATEFAULTCAUSE>No</VALIDATEFAULTCAUSE><VALIDATEFAULTCAUSEINFOTYPE>Information</VALIDATEFAULTCAUSEINFOTYPE><VALIDATEFAULTREMEDY>No</VALIDATEFAULTREMEDY><VALIDATEFAULTREMEDYINFOTYPE>Information</VALIDATEFAULTREMEDYINFOTYPE><VALIDATEFAULTSYMPTOM>No</VALIDATEFAULTSYMPTOM><VALIDATEFAULTSYMPTOMINFOTYPE>Information</VALIDATEFAULTSYMPTOMINFOTYPE><VALIDATEPRODUCTIONSTOP>No</VALIDATEPRODUCTIONSTOP><VALIDATEPRODUCTIONSTOPINFOTYPE>Information</VALIDATEPRODUCTIONSTOPINFOTYPE><WORKORDERACTIVE>No</WORKORDERACTIVE><WORKORDERALLOWDELETE>No</WORKORDERALLOWDELETE><WORKORDERALLOWLINEDELETE>No</WORKORDERALLOWLINEDELETE><WORKORDERALLOWSCHEDULING>No</WORKORDERALLOWSCHEDULING><WORKORDERCREATEJOB>No</WORKORDERCREATEJOB><WORKORDERLINESCHEDULEDELETE>No</WORKORDERLINESCHEDULEDELETE><WORKORDERPOOLDELETE>No</WORKORDERPOOLDELETE><WORKORDERSETACTUALEND>No</WORKORDERSETACTUALEND><WORKORDERSETACTUALENDDEFAULT>ScheduledEndExpectedEnd</WORKORDERSETACTUALENDDEFAULT><WORKORDERSETACTUALSTART>No</WORKORDERSETACTUALSTART><WORKORDERSETACTUALSTARTDEFAULT>ScheduledStartExpectedStart</WORKORDERSETACTUALSTARTDEFAULT><WORKORDERVALIDATECHECKLIST>No</WORKORDERVALIDATECHECKLIST><WORKORDERVALIDATECHECKLISTINFOTYPE>Information</WORKORDERVALIDATECHECKLISTINFOTYPE></ENTASSETMAINTENANCEWORKORDERLIFECYCLESTATEENTITY><ENTASSETMAINTENANCEWORKORDERLIFECYCLESTATEENTITY><CLOSEACTIVITIES>No</CLOSEACTIVITIES><COPYFORECASTEXPENSE>No</COPYFORECASTEXPENSE><COPYFORECASTHOUR>No</COPYFORECASTHOUR><COPYFORECASTITEM>No</COPYFORECASTITEM><LIFECYCLESTATEID>INPROGRESS</LIFECYCLESTATEID><MAINTENANCEASSETLIFECYCLESTATEID></MAINTENANCEASSETLIFECYCLESTATEID><MAINTENANCEPLANCOUNTERRESET>No</MAINTENANCEPLANCOUNTERRESET><NAME>Work Order is In Progress</NAME><POSTWORKORDERJOURNALS>No</POSTWORKORDERJOURNALS><PROJECTSTATUS>InProcess</PROJECTSTATUS><REQUESTLIFECYCLESTATEID>APPROVED</REQUESTLIFECYCLESTATEID><SCHEDULEEND>No</SCHEDULEEND><SCHEDULEREADY>No</SCHEDULEREADY><SCHEDULESTART>No</SCHEDULESTART><UPDATEMAINTENANCEASSETBOM>No</UPDATEMAINTENANCEASSETBOM><VALIDATECOMMITEDCOST>No</VALIDATECOMMITEDCOST><VALIDATECOMMITEDCOSTINFOTYPE>Information</VALIDATECOMMITEDCOSTINFOTYPE><VALIDATEFAULTCAUSE>No</VALIDATEFAULTCAUSE><VALIDATEFAULTCAUSEINFOTYPE>Information</VALIDATEFAULTCAUSEINFOTYPE><VALIDATEFAULTREMEDY>No</VALIDATEFAULTREMEDY><VALIDATEFAULTREMEDYINFOTYPE>Information</VALIDATEFAULTREMEDYINFOTYPE><VALIDATEFAULTSYMPTOM>No</VALIDATEFAULTSYMPTOM><VALIDATEFAULTSYMPTOMINFOTYPE>Information</VALIDATEFAULTSYMPTOMINFOTYPE><VALIDATEPRODUCTIONSTOP>No</VALIDATEPRODUCTIONSTOP><VALIDATEPRODUCTIONSTOPINFOTYPE>Information</VALIDATEPRODUCTIONSTOPINFOTYPE><WORKORDERACTIVE>Yes</WORKORDERACTIVE><WORKORDERALLOWDELETE>No</WORKORDERALLOWDELETE><WORKORDERALLOWLINEDELETE>No</WORKORDERALLOWLINEDELETE><WORKORDERALLOWSCHEDULING>No</WORKORDERALLOWSCHEDULING><WORKORDERCREATEJOB>No</WORKORDERCREATEJOB><WORKORDERLINESCHEDULEDELETE>No</WORKORDERLINESCHEDULEDELETE><WORKORDERPOOLDELETE>No</WORKORDERPOOLDELETE><WORKORDERSETACTUALEND>No</WORKORDERSETACTUALEND><WORKORDERSETACTUALENDDEFAULT>ScheduledEndExpectedEnd</WORKORDERSETACTUALENDDEFAULT><WORKORDERSETACTUALSTART>Yes</WORKORDERSETACTUALSTART><WORKORDERSETACTUALSTARTDEFAULT>ScheduledStartExpectedStart</WORKORDERSETACTUALSTARTDEFAULT><WORKORDERVALIDATECHECKLIST>No</WORKORDERVALIDATECHECKLIST><WORKORDERVALIDATECHECKLISTINFOTYPE>Information</WORKORDERVALIDATECHECKLISTINFOTYPE></ENTASSETMAINTENANCEWORKORDERLIFECYCLESTATEENTITY><ENTASSETMAINTENANCEWORKORDERLIFECYCLESTATEENTITY><CLOSEACTIVITIES>No</CLOSEACTIVITIES><COPYFORECASTEXPENSE>No</COPYFORECASTEXPENSE><COPYFORECASTHOUR>No</COPYFORECASTHOUR><COPYFORECASTITEM>No</COPYFORECASTITEM><LIFECYCLESTATEID>NEW</LIFECYCLESTATEID><MAINTENANCEASSETLIFECYCLESTATEID></MAINTENANCEASSETLIFECYCLESTATEID><MAINTENANCEPLANCOUNTERRESET>No</MAINTENANCEPLANCOUNTERRESET><NAME>New Work Order</NAME><POSTWORKORDERJOURNALS>No</POSTWORKORDERJOURNALS><PROJECTSTATUS>Created</PROJECTSTATUS><REQUESTLIFECYCLESTATEID>NEW</REQUESTLIFECYCLESTATEID><SCHEDULEEND>No</SCHEDULEEND><SCHEDULEREADY>No</SCHEDULEREADY><SCHEDULESTART>No</SCHEDULESTART><UPDATEMAINTENANCEASSETBOM>No</UPDATEMAINTENANCEASSETBOM><VALIDATECOMMITEDCOST>No</VALIDATECOMMITEDCOST><VALIDATECOMMITEDCOSTINFOTYPE>Information</VALIDATECOMMITEDCOSTINFOTYPE><VALIDATEFAULTCAUSE>No</VALIDATEFAULTCAUSE><VALIDATEFAULTCAUSEINFOTYPE>Information</VALIDATEFAULTCAUSEINFOTYPE><VALIDATEFAULTREMEDY>No</VALIDATEFAULTREMEDY><VALIDATEFAULTREMEDYINFOTYPE>Information</VALIDATEFAULTREMEDYINFOTYPE><VALIDATEFAULTSYMPTOM>No</VALIDATEFAULTSYMPTOM><VALIDATEFAULTSYMPTOMINFOTYPE>Information</VALIDATEFAULTSYMPTOMINFOTYPE><VALIDATEPRODUCTIONSTOP>No</VALIDATEPRODUCTIONSTOP><VALIDATEPRODUCTIONSTOPINFOTYPE>Information</VALIDATEPRODUCTIONSTOPINFOTYPE><WORKORDERACTIVE>Yes</WORKORDERACTIVE><WORKORDERALLOWDELETE>Yes</WORKORDERALLOWDELETE><WORKORDERALLOWLINEDELETE>Yes</WORKORDERALLOWLINEDELETE><WORKORDERALLOWSCHEDULING>Yes</WORKORDERALLOWSCHEDULING><WORKORDERCREATEJOB>Yes</WORKORDERCREATEJOB><WORKORDERLINESCHEDULEDELETE>No</WORKORDERLINESCHEDULEDELETE><WORKORDERPOOLDELETE>No</WORKORDERPOOLDELETE><WORKORDERSETACTUALEND>No</WORKORDERSETACTUALEND><WORKORDERSETACTUALENDDEFAULT>ScheduledEndExpectedEnd</WORKORDERSETACTUALENDDEFAULT><WORKORDERSETACTUALSTART>No</WORKORDERSETACTUALSTART><WORKORDERSETACTUALSTARTDEFAULT>ScheduledStartExpectedStart</WORKORDERSETACTUALSTARTDEFAULT><WORKORDERVALIDATECHECKLIST>No</WORKORDERVALIDATECHECKLIST><WORKORDERVALIDATECHECKLISTINFOTYPE>Information</WORKORDERVALIDATECHECKLISTINFOTYPE></ENTASSETMAINTENANCEWORKORDERLIFECYCLESTATEENTITY><ENTASSETMAINTENANCEWORKORDERLIFECYCLESTATEENTITY><CLOSEACTIVITIES>No</CLOSEACTIVITIES><COPYFORECASTEXPENSE>No</COPYFORECASTEXPENSE><COPYFORECASTHOUR>No</COPYFORECASTHOUR><COPYFORECASTITEM>No</COPYFORECASTITEM><LIFECYCLESTATEID>PENDING</LIFECYCLESTATEID><MAINTENANCEASSETLIFECYCLESTATEID></MAINTENANCEASSETLIFECYCLESTATEID><MAINTENANCEPLANCOUNTERRESET>No</MAINTENANCEPLANCOUNTERRESET><NAME>Work Order is Pending, waiting on part or contractor</NAME><POSTWORKORDERJOURNALS>No</POSTWORKORDERJOURNALS><PROJECTSTATUS>Estimated</PROJECTSTATUS><REQUESTLIFECYCLESTATEID>APPROVED</REQUESTLIFECYCLESTATEID><SCHEDULEEND>No</SCHEDULEEND><SCHEDULEREADY>No</SCHEDULEREADY><SCHEDULESTART>No</SCHEDULESTART><UPDATEMAINTENANCEASSETBOM>No</UPDATEMAINTENANCEASSETBOM><VALIDATECOMMITEDCOST>No</VALIDATECOMMITEDCOST><VALIDATECOMMITEDCOSTINFOTYPE>Information</VALIDATECOMMITEDCOSTINFOTYPE><VALIDATEFAULTCAUSE>No</VALIDATEFAULTCAUSE><VALIDATEFAULTCAUSEINFOTYPE>Information</VALIDATEFAULTCAUSEINFOTYPE><VALIDATEFAULTREMEDY>No</VALIDATEFAULTREMEDY><VALIDATEFAULTREMEDYINFOTYPE>Information</VALIDATEFAULTREMEDYINFOTYPE><VALIDATEFAULTSYMPTOM>No</VALIDATEFAULTSYMPTOM><VALIDATEFAULTSYMPTOMINFOTYPE>Information</VALIDATEFAULTSYMPTOMINFOTYPE><VALIDATEPRODUCTIONSTOP>No</VALIDATEPRODUCTIONSTOP><VALIDATEPRODUCTIONSTOPINFOTYPE>Information</VALIDATEPRODUCTIONSTOPINFOTYPE><WORKORDERACTIVE>Yes</WORKORDERACTIVE><WORKORDERALLOWDELETE>Yes</WORKORDERALLOWDELETE><WORKORDERALLOWLINEDELETE>No</WORKORDERALLOWLINEDELETE><WORKORDERALLOWSCHEDULING>Yes</WORKORDERALLOWSCHEDULING><WORKORDERCREATEJOB>No</WORKORDERCREATEJOB><WORKORDERLINESCHEDULEDELETE>No</WORKORDERLINESCHEDULEDELETE><WORKORDERPOOLDELETE>No</WORKORDERPOOLDELETE><WORKORDERSETACTUALEND>No</WORKORDERSETACTUALEND><WORKORDERSETACTUALENDDEFAULT>ScheduledEndExpectedEnd</WORKORDERSETACTUALENDDEFAULT><WORKORDERSETACTUALSTART>No</WORKORDERSETACTUALSTART><WORKORDERSETACTUALSTARTDEFAULT>ScheduledStartExpectedStart</WORKORDERSETACTUALSTARTDEFAULT><WORKORDERVALIDATECHECKLIST>No</WORKORDERVALIDATECHECKLIST><WORKORDERVALIDATECHECKLISTINFOTYPE>Information</WORKORDERVALIDATECHECKLISTINFOTYPE></ENTASSETMAINTENANCEWORKORDERLIFECYCLESTATEENTITY><ENTASSETMAINTENANCEWORKORDERLIFECYCLESTATEENTITY><CLOSEACTIVITIES>No</CLOSEACTIVITIES><COPYFORECASTEXPENSE>No</COPYFORECASTEXPENSE><COPYFORECASTHOUR>No</COPYFORECASTHOUR><COPYFORECASTITEM>No</COPYFORECASTITEM><LIFECYCLESTATEID>RELEASED</LIFECYCLESTATEID><MAINTENANCEASSETLIFECYCLESTATEID></MAINTENANCEASSETLIFECYCLESTATEID><MAINTENANCEPLANCOUNTERRESET>No</MAINTENANCEPLANCOUNTERRESET><NAME>Work Order has been Released</NAME><POSTWORKORDERJOURNALS>No</POSTWORKORDERJOURNALS><PROJECTSTATUS>Estimated</PROJECTSTATUS><REQUESTLIFECYCLESTATEID>APPROVED</REQUESTLIFECYCLESTATEID><SCHEDULEEND>No</SCHEDULEEND><SCHEDULEREADY>No</SCHEDULEREADY><SCHEDULESTART>No</SCHEDULESTART><UPDATEMAINTENANCEASSETBOM>No</UPDATEMAINTENANCEASSETBOM><VALIDATECOMMITEDCOST>No</VALIDATECOMMITEDCOST><VALIDATECOMMITEDCOSTINFOTYPE>Information</VALIDATECOMMITEDCOSTINFOTYPE><VALIDATEFAULTCAUSE>No</VALIDATEFAULTCAUSE><VALIDATEFAULTCAUSEINFOTYPE>Information</VALIDATEFAULTCAUSEINFOTYPE><VALIDATEFAULTREMEDY>No</VALIDATEFAULTREMEDY><VALIDATEFAULTREMEDYINFOTYPE>Information</VALIDATEFAULTREMEDYINFOTYPE><VALIDATEFAULTSYMPTOM>No</VALIDATEFAULTSYMPTOM><VALIDATEFAULTSYMPTOMINFOTYPE>Information</VALIDATEFAULTSYMPTOMINFOTYPE><VALIDATEPRODUCTIONSTOP>No</VALIDATEPRODUCTIONSTOP><VALIDATEPRODUCTIONSTOPINFOTYPE>Information</VALIDATEPRODUCTIONSTOPINFOTYPE><WORKORDERACTIVE>Yes</WORKORDERACTIVE><WORKORDERALLOWDELETE>Yes</WORKORDERALLOWDELETE><WORKORDERALLOWLINEDELETE>Yes</WORKORDERALLOWLINEDELETE><WORKORDERALLOWSCHEDULING>Yes</WORKORDERALLOWSCHEDULING><WORKORDERCREATEJOB>Yes</WORKORDERCREATEJOB><WORKORDERLINESCHEDULEDELETE>No</WORKORDERLINESCHEDULEDELETE><WORKORDERPOOLDELETE>No</WORKORDERPOOLDELETE><WORKORDERSETACTUALEND>No</WORKORDERSETACTUALEND><WORKORDERSETACTUALENDDEFAULT>ScheduledEndExpectedEnd</WORKORDERSETACTUALENDDEFAULT><WORKORDERSETACTUALSTART>No</WORKORDERSETACTUALSTART><WORKORDERSETACTUALSTARTDEFAULT>ScheduledStartExpectedStart</WORKORDERSETACTUALSTARTDEFAULT><WORKORDERVALIDATECHECKLIST>No</WORKORDERVALIDATECHECKLIST><WORKORDERVALIDATECHECKLISTINFOTYPE>Information</WORKORDERVALIDATECHECKLISTINFOTYPE></ENTASSETMAINTENANCEWORKORDERLIFECYCLESTATEENTITY><ENTASSETMAINTENANCEWORKORDERLIFECYCLESTATEENTITY><CLOSEACTIVITIES>No</CLOSEACTIVITIES><COPYFORECASTEXPENSE>No</COPYFORECASTEXPENSE><COPYFORECASTHOUR>No</COPYFORECASTHOUR><COPYFORECASTITEM>No</COPYFORECASTITEM><LIFECYCLESTATEID>SCHEDULED</LIFECYCLESTATEID><MAINTENANCEASSETLIFECYCLESTATEID></MAINTENANCEASSETLIFECYCLESTATEID><MAINTENANCEPLANCOUNTERRESET>No</MAINTENANCEPLANCOUNTERRESET><NAME>Work Order has been Scheduled</NAME><POSTWORKORDERJOURNALS>No</POSTWORKORDERJOURNALS><PROJECTSTATUS>Scheduled</PROJECTSTATUS><REQUESTLIFECYCLESTATEID>APPROVED</REQUESTLIFECYCLESTATEID><SCHEDULEEND>No</SCHEDULEEND><SCHEDULEREADY>No</SCHEDULEREADY><SCHEDULESTART>No</SCHEDULESTART><UPDATEMAINTENANCEASSETBOM>No</UPDATEMAINTENANCEASSETBOM><VALIDATECOMMITEDCOST>No</VALIDATECOMMITEDCOST><VALIDATECOMMITEDCOSTINFOTYPE>Information</VALIDATECOMMITEDCOSTINFOTYPE><VALIDATEFAULTCAUSE>No</VALIDATEFAULTCAUSE><VALIDATEFAULTCAUSEINFOTYPE>Information</VALIDATEFAULTCAUSEINFOTYPE><VALIDATEFAULTREMEDY>No</VALIDATEFAULTREMEDY><VALIDATEFAULTREMEDYINFOTYPE>Information</VALIDATEFAULTREMEDYINFOTYPE><VALIDATEFAULTSYMPTOM>No</VALIDATEFAULTSYMPTOM><VALIDATEFAULTSYMPTOMINFOTYPE>Information</VALIDATEFAULTSYMPTOMINFOTYPE><VALIDATEPRODUCTIONSTOP>No</VALIDATEPRODUCTIONSTOP><VALIDATEPRODUCTIONSTOPINFOTYPE>Information</VALIDATEPRODUCTIONSTOPINFOTYPE><WORKORDERACTIVE>Yes</WORKORDERACTIVE><WORKORDERALLOWDELETE>No</WORKORDERALLOWDELETE><WORKORDERALLOWLINEDELETE>No</WORKORDERALLOWLINEDELETE><WORKORDERALLOWSCHEDULING>No</WORKORDERALLOWSCHEDULING><WORKORDERCREATEJOB>No</WORKORDERCREATEJOB><WORKORDERLINESCHEDULEDELETE>No</WORKORDERLINESCHEDULEDELETE><WORKORDERPOOLDELETE>No</WORKORDERPOOLDELETE><WORKORDERSETACTUALEND>No</WORKORDERSETACTUALEND><WORKORDERSETACTUALENDDEFAULT>ScheduledEndExpectedEnd</WORKORDERSETACTUALENDDEFAULT><WORKORDERSETACTUALSTART>No</WORKORDERSETACTUALSTART><WORKORDERSETACTUALSTARTDEFAULT>ScheduledStartExpectedStart</WORKORDERSETACTUALSTARTDEFAULT><WORKORDERVALIDATECHECKLIST>No</WORKORDERVALIDATECHECKLIST><WORKORDERVALIDATECHECKLISTINFOTYPE>Information</WORKORDERVALIDATECHECKLISTINFOTYPE></ENTASSETMAINTENANCEWORKORDERLIFECYCLESTATEENTITY></Document>