﻿<?xml version="1.0" encoding="utf-8"?><Document><ENTASSETMAINTENANCEJOBVARIANTENTITY><DESCRIPTION>Annual Maintenance</DESCRIPTION><JOBVARIANTID>ANNUAL</JOBVARIANTID></ENTASSETMAINTENANCEJOBVARIANTENTITY><ENTASSETMAINTENANCEJOBVARIANTENTITY><DESCRIPTION>Monthly Maintenance</DESCRIPTION><JOBVARIANTID>MONTHLY</JOBVARIANTID></ENTASSETMAINTENANCEJOBVARIANTENTITY><ENTASSETMAINTENANCEJOBVARIANTENTITY><DESCRIPTION>Weekly Maintenance</DESCRIPTION><JOBVARIANTID>WEEKLY</JOBVARIANTID></ENTASSETMAINTENANCEJOBVARIANTENTITY></Document>