﻿<?xml version="1.0" encoding="utf-8"?><Document><ENTASSETMAINTENANCEPARAMETERSENTITY><BINGKEY></BINGKEY><COSTCATEGORY>EXPENSE</COSTCATEGORY><DEFAULTREQUESTTYPEID>MAINTENANCE</DEFAULTREQUESTTYPEID><DEFAULTWORKORDERTYPEID>MAINTNENANCE</DEFAULTWORKORDERTYPEID><EMPLCATEGORY>HOUR</EMPLCATEGORY><FORECASTMODELID>DEFAULT</FORECASTMODELID><FUNCTIONALLOCATIONID>WD-PROD-MAINT-STORE</FUNCTIONALLOCATIONID><FUNCTIONALLOCATIONLEVEL>0</FUNCTIONALLOCATIONLEVEL><ITEMCATEGORY>ITEM</ITEMCATEGORY><JOURNALEXPENSE>GENERAL</JOURNALEXPENSE><JOURNALHOUR>HOUR</JOURNALHOUR><JOURNALITEM>PITEM</JOURNALITEM><PREVENTIVEWORKORDERTYPEID>PREVENTATIVE</PREVENTIVEWORKORDERTYPEID><PROJIDFORECAST>WDTC-000005</PROJIDFORECAST><STANDARDCALENDARID>STANDARD</STANDARDCALENDARID><STANDARDMAINTENANCEASSETVIEWTYPE>ObjectsFunctionalLocations</STANDARDMAINTENANCEASSETVIEWTYPE><WORKORDERCOPYDESCRIPTION>No</WORKORDERCOPYDESCRIPTION><WORKORDERCOPYFAULT2REQUEST>No</WORKORDERCOPYFAULT2REQUEST><WORKORDERRELATEDFORMAT></WORKORDERRELATEDFORMAT><WORKORDERREPORTLANGUAGE>Company</WORKORDERREPORTLANGUAGE></ENTASSETMAINTENANCEPARAMETERSENTITY></Document>