﻿<?xml version="1.0" encoding="utf-8"?><Document><ENTASSETMAINTENANCEFUNCTIONALLOCATIONLIFECYCLEMODELSTATEENTITY><LIFECYCLEMODELID>EQUIPMENT</LIFECYCLEMODELID><LIFECYCLESTATEID>ACTIVE</LIFECYCLESTATEID><LINE>0</LINE></ENTASSETMAINTENANCEFUNCTIONALLOCATIONLIFECYCLEMODELSTATEENTITY><ENTASSETMAINTENANCEFUNCTIONALLOCATIONLIFECYCLEMODELSTATEENTITY><LIFECYCLEMODELID>EQUIPMENT</LIFECYCLEMODELID><LIFECYCLESTATEID>INACTIVE</LIFECYCLESTATEID><LINE>1</LINE></ENTASSETMAINTENANCEFUNCTIONALLOCATIONLIFECYCLEMODELSTATEENTITY><ENTASSETMAINTENANCEFUNCTIONALLOCATIONLIFECYCLEMODELSTATEENTITY><LIFECYCLEMODELID>LOCATIONS</LIFECYCLEMODELID><LIFECYCLESTATEID>ACTIVE</LIFECYCLESTATEID><LINE>0</LINE></ENTASSETMAINTENANCEFUNCTIONALLOCATIONLIFECYCLEMODELSTATEENTITY><ENTASSETMAINTENANCEFUNCTIONALLOCATIONLIFECYCLEMODELSTATEENTITY><LIFECYCLEMODELID>LOCATIONS</LIFECYCLEMODELID><LIFECYCLESTATEID>INACTIVE</LIFECYCLESTATEID><LINE>1</LINE></ENTASSETMAINTENANCEFUNCTIONALLOCATIONLIFECYCLEMODELSTATEENTITY></Document>