﻿<?xml version="1.0" encoding="utf-8"?><Document><ENTASSETMAINTENANCEFAULTTYPEENTITY><DESCRIPTION>Catastrophic</DESCRIPTION><FAULTTYPEID>CATASTROPHIC</FAULTTYPEID></ENTASSETMAINTENANCEFAULTTYPEENTITY><ENTASSETMAINTENANCEFAULTTYPEENTITY><DESCRIPTION>Damaging</DESCRIPTION><FAULTTYPEID>DAMAGING</FAULTTYPEID></ENTASSETMAINTENANCEFAULTTYPEENTITY><ENTASSETMAINTENANCEFAULTTYPEENTITY><DESCRIPTION>Harmful</DESCRIPTION><FAULTTYPEID>HARMFUL</FAULTTYPEID></ENTASSETMAINTENANCEFAULTTYPEENTITY><ENTASSETMAINTENANCEFAULTTYPEENTITY><DESCRIPTION>Hazardous</DESCRIPTION><FAULTTYPEID>HAZARDOUS</FAULTTYPEID></ENTASSETMAINTENANCEFAULTTYPEENTITY><ENTASSETMAINTENANCEFAULTTYPEENTITY><DESCRIPTION>Noxious</DESCRIPTION><FAULTTYPEID>NOXIOUS</FAULTTYPEID></ENTASSETMAINTENANCEFAULTTYPEENTITY><ENTASSETMAINTENANCEFAULTTYPEENTITY><DESCRIPTION>Unfortunate</DESCRIPTION><FAULTTYPEID>UNFORTUNATE</FAULTTYPEID></ENTASSETMAINTENANCEFAULTTYPEENTITY></Document>