﻿<?xml version="1.0" encoding="utf-8"?><Document><ENTASSETMAINTENANCEJOBTRADEENTITY><DESCRIPTION>Apprentice</DESCRIPTION><JOBTRADEID>APPRENTICE</JOBTRADEID></ENTASSETMAINTENANCEJOBTRADEENTITY><ENTASSETMAINTENANCEJOBTRADEENTITY><DESCRIPTION>Blacksmith</DESCRIPTION><JOBTRADEID>BLACKSMITH</JOBTRADEID></ENTASSETMAINTENANCEJOBTRADEENTITY><ENTASSETMAINTENANCEJOBTRADEENTITY><DESCRIPTION>Brewer</DESCRIPTION><JOBTRADEID>BREWER</JOBTRADEID></ENTASSETMAINTENANCEJOBTRADEENTITY><ENTASSETMAINTENANCEJOBTRADEENTITY><DESCRIPTION>Magical</DESCRIPTION><JOBTRADEID>MAGICAL</JOBTRADEID></ENTASSETMAINTENANCEJOBTRADEENTITY><ENTASSETMAINTENANCEJOBTRADEENTITY><DESCRIPTION>Maintenance</DESCRIPTION><JOBTRADEID>MAINTENANCE</JOBTRADEID></ENTASSETMAINTENANCEJOBTRADEENTITY><ENTASSETMAINTENANCEJOBTRADEENTITY><DESCRIPTION>Mechanical</DESCRIPTION><JOBTRADEID>MECHANICAL</JOBTRADEID></ENTASSETMAINTENANCEJOBTRADEENTITY><ENTASSETMAINTENANCEJOBTRADEENTITY><DESCRIPTION>Millwright</DESCRIPTION><JOBTRADEID>MILLWRIGHT</JOBTRADEID></ENTASSETMAINTENANCEJOBTRADEENTITY></Document>