﻿<?xml version="1.0" encoding="utf-8"?><Document><ENTASSETMAINTENANCEWORKORDERLINECHECKLISTENTITY><CHECKED /><CHECKEDBYPERSONNELNUMBER /><CHECKEDCOUNTERDATETIME /><CHECKEDCOUNTERREPLACED /><CHECKEDCOUNTERTYPEID /><CHECKEDMAINTENANCEASSETCOUNTERID /><CHECKEDMAINTENANCEASSETID /><CHECKLISTREFTYPE /><CHECKLISTVARIABLEID /><DATECHECKED /><EXTERNALLINENUM /><GROUPNUMBER /><INSTRUCTIONS /><LINENUMBER /><LINESTATUS /><MANDATORY /><MEASUREMAXVALUE /><MEASUREMINVALUE /><MEASUREUNITID /><MEASUREUPDATE /><MEASUREVALUE /><NAME /><NOTAPPLICABLE /><NOTES /><TYPE /><VARIABLEVALUEID /><WORKORDERID /><WORKORDERLINENUMBER /></ENTASSETMAINTENANCEWORKORDERLINECHECKLISTENTITY></Document>