﻿<?xml version="1.0" encoding="utf-8"?><Document><ENTASSETMAINTENANCEASSETLIFECYCLEMODELSTATENEXTENTITY><LIFECYCLEMODELID>ALEMBICTOWERS</LIFECYCLEMODELID><LIFECYCLESTATEID>ACTIVE</LIFECYCLESTATEID><NEXTLIFECYCLEMODELID>ALEMBICTOWERS</NEXTLIFECYCLEMODELID><NEXTLIFECYCLESTATEID>INREPAIR</NEXTLIFECYCLESTATEID></ENTASSETMAINTENANCEASSETLIFECYCLEMODELSTATENEXTENTITY><ENTASSETMAINTENANCEASSETLIFECYCLEMODELSTATENEXTENTITY><LIFECYCLEMODELID>ALEMBICTOWERS</LIFECYCLEMODELID><LIFECYCLESTATEID>INREPAIR</LIFECYCLESTATEID><NEXTLIFECYCLEMODELID>ALEMBICTOWERS</NEXTLIFECYCLEMODELID><NEXTLIFECYCLESTATEID>ACTIVE</NEXTLIFECYCLESTATEID></ENTASSETMAINTENANCEASSETLIFECYCLEMODELSTATENEXTENTITY><ENTASSETMAINTENANCEASSETLIFECYCLEMODELSTATENEXTENTITY><LIFECYCLEMODELID>ASSETS</LIFECYCLEMODELID><LIFECYCLESTATEID>ACTIVE</LIFECYCLESTATEID><NEXTLIFECYCLEMODELID>ASSETS</NEXTLIFECYCLEMODELID><NEXTLIFECYCLESTATEID>INREPAIR</NEXTLIFECYCLESTATEID></ENTASSETMAINTENANCEASSETLIFECYCLEMODELSTATENEXTENTITY><ENTASSETMAINTENANCEASSETLIFECYCLEMODELSTATENEXTENTITY><LIFECYCLEMODELID>ASSETS</LIFECYCLEMODELID><LIFECYCLESTATEID>ACTIVE</LIFECYCLESTATEID><NEXTLIFECYCLEMODELID>ASSETS</NEXTLIFECYCLEMODELID><NEXTLIFECYCLESTATEID>SCRAPPED</NEXTLIFECYCLESTATEID></ENTASSETMAINTENANCEASSETLIFECYCLEMODELSTATENEXTENTITY><ENTASSETMAINTENANCEASSETLIFECYCLEMODELSTATENEXTENTITY><LIFECYCLEMODELID>ASSETS</LIFECYCLEMODELID><LIFECYCLESTATEID>INREPAIR</LIFECYCLESTATEID><NEXTLIFECYCLEMODELID>ASSETS</NEXTLIFECYCLEMODELID><NEXTLIFECYCLESTATEID>ACTIVE</NEXTLIFECYCLESTATEID></ENTASSETMAINTENANCEASSETLIFECYCLEMODELSTATENEXTENTITY><ENTASSETMAINTENANCEASSETLIFECYCLEMODELSTATENEXTENTITY><LIFECYCLEMODELID>ASSETS</LIFECYCLEMODELID><LIFECYCLESTATEID>INREPAIR</LIFECYCLESTATEID><NEXTLIFECYCLEMODELID>ASSETS</NEXTLIFECYCLEMODELID><NEXTLIFECYCLESTATEID>SCRAPPED</NEXTLIFECYCLESTATEID></ENTASSETMAINTENANCEASSETLIFECYCLEMODELSTATENEXTENTITY><ENTASSETMAINTENANCEASSETLIFECYCLEMODELSTATENEXTENTITY><LIFECYCLEMODELID>ASSETS</LIFECYCLEMODELID><LIFECYCLESTATEID>NEW</LIFECYCLESTATEID><NEXTLIFECYCLEMODELID>ASSETS</NEXTLIFECYCLEMODELID><NEXTLIFECYCLESTATEID>ACTIVE</NEXTLIFECYCLESTATEID></ENTASSETMAINTENANCEASSETLIFECYCLEMODELSTATENEXTENTITY><ENTASSETMAINTENANCEASSETLIFECYCLEMODELSTATENEXTENTITY><LIFECYCLEMODELID>ASSETS</LIFECYCLEMODELID><LIFECYCLESTATEID>SCRAPPED</LIFECYCLESTATEID><NEXTLIFECYCLEMODELID>ASSETS</NEXTLIFECYCLEMODELID><NEXTLIFECYCLESTATEID>ACTIVE</NEXTLIFECYCLESTATEID></ENTASSETMAINTENANCEASSETLIFECYCLEMODELSTATENEXTENTITY><ENTASSETMAINTENANCEASSETLIFECYCLEMODELSTATENEXTENTITY><LIFECYCLEMODELID>ASSETS</LIFECYCLEMODELID><LIFECYCLESTATEID>SCRAPPED</LIFECYCLESTATEID><NEXTLIFECYCLEMODELID>ASSETS</NEXTLIFECYCLEMODELID><NEXTLIFECYCLESTATEID>INREPAIR</NEXTLIFECYCLESTATEID></ENTASSETMAINTENANCEASSETLIFECYCLEMODELSTATENEXTENTITY><ENTASSETMAINTENANCEASSETLIFECYCLEMODELSTATENEXTENTITY><LIFECYCLEMODELID>COLLECTIONVESSELS</LIFECYCLEMODELID><LIFECYCLESTATEID>ACTIVE</LIFECYCLESTATEID><NEXTLIFECYCLEMODELID>COLLECTIONVESSELS</NEXTLIFECYCLEMODELID><NEXTLIFECYCLESTATEID>INREPAIR</NEXTLIFECYCLESTATEID></ENTASSETMAINTENANCEASSETLIFECYCLEMODELSTATENEXTENTITY><ENTASSETMAINTENANCEASSETLIFECYCLEMODELSTATENEXTENTITY><LIFECYCLEMODELID>COLLECTIONVESSELS</LIFECYCLEMODELID><LIFECYCLESTATEID>INREPAIR</LIFECYCLESTATEID><NEXTLIFECYCLEMODELID>COLLECTIONVESSELS</NEXTLIFECYCLEMODELID><NEXTLIFECYCLESTATEID>ACTIVE</NEXTLIFECYCLESTATEID></ENTASSETMAINTENANCEASSETLIFECYCLEMODELSTATENEXTENTITY><ENTASSETMAINTENANCEASSETLIFECYCLEMODELSTATENEXTENTITY><LIFECYCLEMODELID>CONDENSATIONCOILS</LIFECYCLEMODELID><LIFECYCLESTATEID>ACTIVE</LIFECYCLESTATEID><NEXTLIFECYCLEMODELID>CONDENSATIONCOILS</NEXTLIFECYCLEMODELID><NEXTLIFECYCLESTATEID>INREPAIR</NEXTLIFECYCLESTATEID></ENTASSETMAINTENANCEASSETLIFECYCLEMODELSTATENEXTENTITY><ENTASSETMAINTENANCEASSETLIFECYCLEMODELSTATENEXTENTITY><LIFECYCLEMODELID>CONDENSATIONCOILS</LIFECYCLEMODELID><LIFECYCLESTATEID>INREPAIR</LIFECYCLESTATEID><NEXTLIFECYCLEMODELID>CONDENSATIONCOILS</NEXTLIFECYCLEMODELID><NEXTLIFECYCLESTATEID>ACTIVE</NEXTLIFECYCLESTATEID></ENTASSETMAINTENANCEASSETLIFECYCLEMODELSTATENEXTENTITY><ENTASSETMAINTENANCEASSETLIFECYCLEMODELSTATENEXTENTITY><LIFECYCLEMODELID>CONDENSERS</LIFECYCLEMODELID><LIFECYCLESTATEID>ACTIVE</LIFECYCLESTATEID><NEXTLIFECYCLEMODELID>CONDENSERS</NEXTLIFECYCLEMODELID><NEXTLIFECYCLESTATEID>INREPAIR</NEXTLIFECYCLESTATEID></ENTASSETMAINTENANCEASSETLIFECYCLEMODELSTATENEXTENTITY><ENTASSETMAINTENANCEASSETLIFECYCLEMODELSTATENEXTENTITY><LIFECYCLEMODELID>CONDENSERS</LIFECYCLEMODELID><LIFECYCLESTATEID>INREPAIR</LIFECYCLESTATEID><NEXTLIFECYCLEMODELID>CONDENSERS</NEXTLIFECYCLEMODELID><NEXTLIFECYCLESTATEID>ACTIVE</NEXTLIFECYCLESTATEID></ENTASSETMAINTENANCEASSETLIFECYCLEMODELSTATENEXTENTITY><ENTASSETMAINTENANCEASSETLIFECYCLEMODELSTATENEXTENTITY><LIFECYCLEMODELID>CONTROLPANELS</LIFECYCLEMODELID><LIFECYCLESTATEID>ACTIVE</LIFECYCLESTATEID><NEXTLIFECYCLEMODELID>CONTROLPANELS</NEXTLIFECYCLEMODELID><NEXTLIFECYCLESTATEID>INREPAIR</NEXTLIFECYCLESTATEID></ENTASSETMAINTENANCEASSETLIFECYCLEMODELSTATENEXTENTITY><ENTASSETMAINTENANCEASSETLIFECYCLEMODELSTATENEXTENTITY><LIFECYCLEMODELID>CONTROLPANELS</LIFECYCLEMODELID><LIFECYCLESTATEID>INREPAIR</LIFECYCLESTATEID><NEXTLIFECYCLEMODELID>CONTROLPANELS</NEXTLIFECYCLEMODELID><NEXTLIFECYCLESTATEID>ACTIVE</NEXTLIFECYCLESTATEID></ENTASSETMAINTENANCEASSETLIFECYCLEMODELSTATENEXTENTITY><ENTASSETMAINTENANCEASSETLIFECYCLEMODELSTATENEXTENTITY><LIFECYCLEMODELID>COOLERS</LIFECYCLEMODELID><LIFECYCLESTATEID>ACTIVE</LIFECYCLESTATEID><NEXTLIFECYCLEMODELID>COOLERS</NEXTLIFECYCLEMODELID><NEXTLIFECYCLESTATEID>INREPAIR</NEXTLIFECYCLESTATEID></ENTASSETMAINTENANCEASSETLIFECYCLEMODELSTATENEXTENTITY><ENTASSETMAINTENANCEASSETLIFECYCLEMODELSTATENEXTENTITY><LIFECYCLEMODELID>COOLERS</LIFECYCLEMODELID><LIFECYCLESTATEID>INREPAIR</LIFECYCLESTATEID><NEXTLIFECYCLEMODELID>COOLERS</NEXTLIFECYCLEMODELID><NEXTLIFECYCLESTATEID>ACTIVE</NEXTLIFECYCLESTATEID></ENTASSETMAINTENANCEASSETLIFECYCLEMODELSTATENEXTENTITY><ENTASSETMAINTENANCEASSETLIFECYCLEMODELSTATENEXTENTITY><LIFECYCLEMODELID>COOLINGSYSTEMS</LIFECYCLEMODELID><LIFECYCLESTATEID>ACTIVE</LIFECYCLESTATEID><NEXTLIFECYCLEMODELID>COOLINGSYSTEMS</NEXTLIFECYCLEMODELID><NEXTLIFECYCLESTATEID>INREPAIR</NEXTLIFECYCLESTATEID></ENTASSETMAINTENANCEASSETLIFECYCLEMODELSTATENEXTENTITY><ENTASSETMAINTENANCEASSETLIFECYCLEMODELSTATENEXTENTITY><LIFECYCLEMODELID>COOLINGSYSTEMS</LIFECYCLEMODELID><LIFECYCLESTATEID>INREPAIR</LIFECYCLESTATEID><NEXTLIFECYCLEMODELID>COOLINGSYSTEMS</NEXTLIFECYCLEMODELID><NEXTLIFECYCLESTATEID>ACTIVE</NEXTLIFECYCLESTATEID></ENTASSETMAINTENANCEASSETLIFECYCLEMODELSTATENEXTENTITY><ENTASSETMAINTENANCEASSETLIFECYCLEMODELSTATENEXTENTITY><LIFECYCLEMODELID>ESSENCERECEPTICLES</LIFECYCLEMODELID><LIFECYCLESTATEID>ACTIVE</LIFECYCLESTATEID><NEXTLIFECYCLEMODELID>ESSENCERECEPTICLES</NEXTLIFECYCLEMODELID><NEXTLIFECYCLESTATEID>INREPAIR</NEXTLIFECYCLESTATEID></ENTASSETMAINTENANCEASSETLIFECYCLEMODELSTATENEXTENTITY><ENTASSETMAINTENANCEASSETLIFECYCLEMODELSTATENEXTENTITY><LIFECYCLEMODELID>ESSENCERECEPTICLES</LIFECYCLEMODELID><LIFECYCLESTATEID>INREPAIR</LIFECYCLESTATEID><NEXTLIFECYCLEMODELID>ESSENCERECEPTICLES</NEXTLIFECYCLEMODELID><NEXTLIFECYCLESTATEID>ACTIVE</NEXTLIFECYCLESTATEID></ENTASSETMAINTENANCEASSETLIFECYCLEMODELSTATENEXTENTITY><ENTASSETMAINTENANCEASSETLIFECYCLEMODELSTATENEXTENTITY><LIFECYCLEMODELID>EXHAUSTSYSTEMS</LIFECYCLEMODELID><LIFECYCLESTATEID>ACTIVE</LIFECYCLESTATEID><NEXTLIFECYCLEMODELID>EXHAUSTSYSTEMS</NEXTLIFECYCLEMODELID><NEXTLIFECYCLESTATEID>INREPAIR</NEXTLIFECYCLESTATEID></ENTASSETMAINTENANCEASSETLIFECYCLEMODELSTATENEXTENTITY><ENTASSETMAINTENANCEASSETLIFECYCLEMODELSTATENEXTENTITY><LIFECYCLEMODELID>EXHAUSTSYSTEMS</LIFECYCLEMODELID><LIFECYCLESTATEID>INREPAIR</LIFECYCLESTATEID><NEXTLIFECYCLEMODELID>EXHAUSTSYSTEMS</NEXTLIFECYCLEMODELID><NEXTLIFECYCLESTATEID>ACTIVE</NEXTLIFECYCLESTATEID></ENTASSETMAINTENANCEASSETLIFECYCLEMODELSTATENEXTENTITY><ENTASSETMAINTENANCEASSETLIFECYCLEMODELSTATENEXTENTITY><LIFECYCLEMODELID>FURNACES</LIFECYCLEMODELID><LIFECYCLESTATEID>ACTIVE</LIFECYCLESTATEID><NEXTLIFECYCLEMODELID>FURNACES</NEXTLIFECYCLEMODELID><NEXTLIFECYCLESTATEID>INREPAIR</NEXTLIFECYCLESTATEID></ENTASSETMAINTENANCEASSETLIFECYCLEMODELSTATENEXTENTITY><ENTASSETMAINTENANCEASSETLIFECYCLEMODELSTATENEXTENTITY><LIFECYCLEMODELID>FURNACES</LIFECYCLEMODELID><LIFECYCLESTATEID>INREPAIR</LIFECYCLESTATEID><NEXTLIFECYCLEMODELID>FURNACES</NEXTLIFECYCLEMODELID><NEXTLIFECYCLESTATEID>ACTIVE</NEXTLIFECYCLESTATEID></ENTASSETMAINTENANCEASSETLIFECYCLEMODELSTATENEXTENTITY><ENTASSETMAINTENANCEASSETLIFECYCLEMODELSTATENEXTENTITY><LIFECYCLEMODELID>HEATERS</LIFECYCLEMODELID><LIFECYCLESTATEID>ACTIVE</LIFECYCLESTATEID><NEXTLIFECYCLEMODELID>HEATERS</NEXTLIFECYCLEMODELID><NEXTLIFECYCLESTATEID>INREPAIR</NEXTLIFECYCLESTATEID></ENTASSETMAINTENANCEASSETLIFECYCLEMODELSTATENEXTENTITY><ENTASSETMAINTENANCEASSETLIFECYCLEMODELSTATENEXTENTITY><LIFECYCLEMODELID>HEATERS</LIFECYCLEMODELID><LIFECYCLESTATEID>INREPAIR</LIFECYCLESTATEID><NEXTLIFECYCLEMODELID>HEATERS</NEXTLIFECYCLEMODELID><NEXTLIFECYCLESTATEID>ACTIVE</NEXTLIFECYCLESTATEID></ENTASSETMAINTENANCEASSETLIFECYCLEMODELSTATENEXTENTITY><ENTASSETMAINTENANCEASSETLIFECYCLEMODELSTATENEXTENTITY><LIFECYCLEMODELID>VENTDUCTS</LIFECYCLEMODELID><LIFECYCLESTATEID>ACTIVE</LIFECYCLESTATEID><NEXTLIFECYCLEMODELID>VENTDUCTS</NEXTLIFECYCLEMODELID><NEXTLIFECYCLESTATEID>INREPAIR</NEXTLIFECYCLESTATEID></ENTASSETMAINTENANCEASSETLIFECYCLEMODELSTATENEXTENTITY><ENTASSETMAINTENANCEASSETLIFECYCLEMODELSTATENEXTENTITY><LIFECYCLEMODELID>VENTDUCTS</LIFECYCLEMODELID><LIFECYCLESTATEID>INREPAIR</LIFECYCLESTATEID><NEXTLIFECYCLEMODELID>VENTDUCTS</NEXTLIFECYCLEMODELID><NEXTLIFECYCLESTATEID>ACTIVE</NEXTLIFECYCLESTATEID></ENTASSETMAINTENANCEASSETLIFECYCLEMODELSTATENEXTENTITY><ENTASSETMAINTENANCEASSETLIFECYCLEMODELSTATENEXTENTITY><LIFECYCLEMODELID>VENTHOODS</LIFECYCLEMODELID><LIFECYCLESTATEID>ACTIVE</LIFECYCLESTATEID><NEXTLIFECYCLEMODELID>VENTHOODS</NEXTLIFECYCLEMODELID><NEXTLIFECYCLESTATEID>INREPAIR</NEXTLIFECYCLESTATEID></ENTASSETMAINTENANCEASSETLIFECYCLEMODELSTATENEXTENTITY><ENTASSETMAINTENANCEASSETLIFECYCLEMODELSTATENEXTENTITY><LIFECYCLEMODELID>VENTHOODS</LIFECYCLEMODELID><LIFECYCLESTATEID>INREPAIR</LIFECYCLESTATEID><NEXTLIFECYCLEMODELID>VENTHOODS</NEXTLIFECYCLEMODELID><NEXTLIFECYCLESTATEID>ACTIVE</NEXTLIFECYCLESTATEID></ENTASSETMAINTENANCEASSETLIFECYCLEMODELSTATENEXTENTITY><ENTASSETMAINTENANCEASSETLIFECYCLEMODELSTATENEXTENTITY><LIFECYCLEMODELID>VENTILATIONSYSTEMS</LIFECYCLEMODELID><LIFECYCLESTATEID>ACTIVE</LIFECYCLESTATEID><NEXTLIFECYCLEMODELID>VENTILATIONSYSTEMS</NEXTLIFECYCLEMODELID><NEXTLIFECYCLESTATEID>INREPAIR</NEXTLIFECYCLESTATEID></ENTASSETMAINTENANCEASSETLIFECYCLEMODELSTATENEXTENTITY><ENTASSETMAINTENANCEASSETLIFECYCLEMODELSTATENEXTENTITY><LIFECYCLEMODELID>VENTILATIONSYSTEMS</LIFECYCLEMODELID><LIFECYCLESTATEID>INREPAIR</LIFECYCLESTATEID><NEXTLIFECYCLEMODELID>VENTILATIONSYSTEMS</NEXTLIFECYCLEMODELID><NEXTLIFECYCLESTATEID>ACTIVE</NEXTLIFECYCLESTATEID></ENTASSETMAINTENANCEASSETLIFECYCLEMODELSTATENEXTENTITY></Document>