﻿<?xml version="1.0" encoding="utf-8"?><Document><ENTASSETMAINTENANCEREQUESTLIFECYCLEMODELSTATENEXTV2ENTITY><LIFECYCLEMODELID>REQUEST</LIFECYCLEMODELID><LIFECYCLESTATEID>APPROVED</LIFECYCLESTATEID><NEXTLIFECYCLEMODELID>REQUEST</NEXTLIFECYCLEMODELID><NEXTLIFECYCLESTATEID>CLOSED</NEXTLIFECYCLESTATEID></ENTASSETMAINTENANCEREQUESTLIFECYCLEMODELSTATENEXTV2ENTITY><ENTASSETMAINTENANCEREQUESTLIFECYCLEMODELSTATENEXTV2ENTITY><LIFECYCLEMODELID>REQUEST</LIFECYCLEMODELID><LIFECYCLESTATEID>INREVIEW</LIFECYCLESTATEID><NEXTLIFECYCLEMODELID>REQUEST</NEXTLIFECYCLEMODELID><NEXTLIFECYCLESTATEID>APPROVED</NEXTLIFECYCLESTATEID></ENTASSETMAINTENANCEREQUESTLIFECYCLEMODELSTATENEXTV2ENTITY><ENTASSETMAINTENANCEREQUESTLIFECYCLEMODELSTATENEXTV2ENTITY><LIFECYCLEMODELID>REQUEST</LIFECYCLEMODELID><LIFECYCLESTATEID>INREVIEW</LIFECYCLESTATEID><NEXTLIFECYCLEMODELID>REQUEST</NEXTLIFECYCLEMODELID><NEXTLIFECYCLESTATEID>REJECTED</NEXTLIFECYCLESTATEID></ENTASSETMAINTENANCEREQUESTLIFECYCLEMODELSTATENEXTV2ENTITY><ENTASSETMAINTENANCEREQUESTLIFECYCLEMODELSTATENEXTV2ENTITY><LIFECYCLEMODELID>REQUEST</LIFECYCLEMODELID><LIFECYCLESTATEID>NEW</LIFECYCLESTATEID><NEXTLIFECYCLEMODELID>REQUEST</NEXTLIFECYCLEMODELID><NEXTLIFECYCLESTATEID>APPROVED</NEXTLIFECYCLESTATEID></ENTASSETMAINTENANCEREQUESTLIFECYCLEMODELSTATENEXTV2ENTITY><ENTASSETMAINTENANCEREQUESTLIFECYCLEMODELSTATENEXTV2ENTITY><LIFECYCLEMODELID>REQUEST</LIFECYCLEMODELID><LIFECYCLESTATEID>NEW</LIFECYCLESTATEID><NEXTLIFECYCLEMODELID>REQUEST</NEXTLIFECYCLEMODELID><NEXTLIFECYCLESTATEID>INREVIEW</NEXTLIFECYCLESTATEID></ENTASSETMAINTENANCEREQUESTLIFECYCLEMODELSTATENEXTV2ENTITY><ENTASSETMAINTENANCEREQUESTLIFECYCLEMODELSTATENEXTV2ENTITY><LIFECYCLEMODELID>REQUEST</LIFECYCLEMODELID><LIFECYCLESTATEID>NEW</LIFECYCLESTATEID><NEXTLIFECYCLEMODELID>REQUEST</NEXTLIFECYCLEMODELID><NEXTLIFECYCLESTATEID>REJECTED</NEXTLIFECYCLESTATEID></ENTASSETMAINTENANCEREQUESTLIFECYCLEMODELSTATENEXTV2ENTITY></Document>