﻿<?xml version="1.0" encoding="utf-8"?><Document><ENTASSETMAINTENANCEWORKERGROUPENTITY><NAME>Blacksmiths</NAME><WORKERGROUPID>BLACKSMITH</WORKERGROUPID></ENTASSETMAINTENANCEWORKERGROUPENTITY><ENTASSETMAINTENANCEWORKERGROUPENTITY><NAME>Brewers</NAME><WORKERGROUPID>BREWERS</WORKERGROUPID></ENTASSETMAINTENANCEWORKERGROUPENTITY><ENTASSETMAINTENANCEWORKERGROUPENTITY><NAME>Mages</NAME><WORKERGROUPID>Mages</WORKERGROUPID></ENTASSETMAINTENANCEWORKERGROUPENTITY><ENTASSETMAINTENANCEWORKERGROUPENTITY><NAME>Mechanics</NAME><WORKERGROUPID>Mechanics</WORKERGROUPID></ENTASSETMAINTENANCEWORKERGROUPENTITY><ENTASSETMAINTENANCEWORKERGROUPENTITY><NAME>Millwritghts</NAME><WORKERGROUPID>Millwrights</WORKERGROUPID></ENTASSETMAINTENANCEWORKERGROUPENTITY></Document>