﻿<?xml version="1.0" encoding="utf-8"?><Document><ENTASSETMAINTENANCEFAULTCAUSEENTITY><DESCRIPTION>Foreign Object</DESCRIPTION><FAULTCAUSEID>FOREIGNOBJ</FAULTCAUSEID></ENTASSETMAINTENANCEFAULTCAUSEENTITY><ENTASSETMAINTENANCEFAULTCAUSEENTITY><DESCRIPTION>No Fault</DESCRIPTION><FAULTCAUSEID>NONE</FAULTCAUSEID></ENTASSETMAINTENANCEFAULTCAUSEENTITY><ENTASSETMAINTENANCEFAULTCAUSEENTITY><DESCRIPTION>Sabotage</DESCRIPTION><FAULTCAUSEID>SABOTAGE</FAULTCAUSEID></ENTASSETMAINTENANCEFAULTCAUSEENTITY><ENTASSETMAINTENANCEFAULTCAUSEENTITY><DESCRIPTION>Wear and Tear</DESCRIPTION><FAULTCAUSEID>WEARTEAR</FAULTCAUSEID></ENTASSETMAINTENANCEFAULTCAUSEENTITY></Document>