﻿<?xml version="1.0" encoding="utf-8"?><Document><ENTASSETMAINTENANCEASSETTYPEENTITY><CALCULATEKPITOTAL>No</CALCULATEKPITOTAL><LIFECYCLEMODELID>ALEMBICTOWERS</LIFECYCLEMODELID><MAINTENANCEASSETTYPEID>ALEMBICTOWER</MAINTENANCEASSETTYPEID><NAME>Alembic Tower</NAME></ENTASSETMAINTENANCEASSETTYPEENTITY><ENTASSETMAINTENANCEASSETTYPEENTITY><CALCULATEKPITOTAL>No</CALCULATEKPITOTAL><LIFECYCLEMODELID>ASSETS</LIFECYCLEMODELID><MAINTENANCEASSETTYPEID>BOTTLERS</MAINTENANCEASSETTYPEID><NAME>Bottlers</NAME></ENTASSETMAINTENANCEASSETTYPEENTITY><ENTASSETMAINTENANCEASSETTYPEENTITY><CALCULATEKPITOTAL>No</CALCULATEKPITOTAL><LIFECYCLEMODELID>ASSETS</LIFECYCLEMODELID><MAINTENANCEASSETTYPEID>CAULDRONS</MAINTENANCEASSETTYPEID><NAME>Cauldrons</NAME></ENTASSETMAINTENANCEASSETTYPEENTITY><ENTASSETMAINTENANCEASSETTYPEENTITY><CALCULATEKPITOTAL>No</CALCULATEKPITOTAL><LIFECYCLEMODELID>COLLECTIONVESSELS</LIFECYCLEMODELID><MAINTENANCEASSETTYPEID>COLLECTIONVESSEL</MAINTENANCEASSETTYPEID><NAME>Collection Vessel</NAME></ENTASSETMAINTENANCEASSETTYPEENTITY><ENTASSETMAINTENANCEASSETTYPEENTITY><CALCULATEKPITOTAL>No</CALCULATEKPITOTAL><LIFECYCLEMODELID>CONDENSERS</LIFECYCLEMODELID><MAINTENANCEASSETTYPEID>CONDENSER</MAINTENANCEASSETTYPEID><NAME>Condenser</NAME></ENTASSETMAINTENANCEASSETTYPEENTITY><ENTASSETMAINTENANCEASSETTYPEENTITY><CALCULATEKPITOTAL>No</CALCULATEKPITOTAL><LIFECYCLEMODELID>CONDENSATIONCOILS</LIFECYCLEMODELID><MAINTENANCEASSETTYPEID>CONDENSTIONCOIL</MAINTENANCEASSETTYPEID><NAME>Condensation Coil</NAME></ENTASSETMAINTENANCEASSETTYPEENTITY><ENTASSETMAINTENANCEASSETTYPEENTITY><CALCULATEKPITOTAL>No</CALCULATEKPITOTAL><LIFECYCLEMODELID>CONTROLPANELS</LIFECYCLEMODELID><MAINTENANCEASSETTYPEID>CONTROLPANEL</MAINTENANCEASSETTYPEID><NAME>Control Panel</NAME></ENTASSETMAINTENANCEASSETTYPEENTITY><ENTASSETMAINTENANCEASSETTYPEENTITY><CALCULATEKPITOTAL>No</CALCULATEKPITOTAL><LIFECYCLEMODELID>COOLERS</LIFECYCLEMODELID><MAINTENANCEASSETTYPEID>COOLER</MAINTENANCEASSETTYPEID><NAME>Cooler</NAME></ENTASSETMAINTENANCEASSETTYPEENTITY><ENTASSETMAINTENANCEASSETTYPEENTITY><CALCULATEKPITOTAL>No</CALCULATEKPITOTAL><LIFECYCLEMODELID>COOLINGSYSTEMS</LIFECYCLEMODELID><MAINTENANCEASSETTYPEID>COOLINGSYSTEM</MAINTENANCEASSETTYPEID><NAME>Cooling System</NAME></ENTASSETMAINTENANCEASSETTYPEENTITY><ENTASSETMAINTENANCEASSETTYPEENTITY><CALCULATEKPITOTAL>No</CALCULATEKPITOTAL><LIFECYCLEMODELID>ASSETS</LIFECYCLEMODELID><MAINTENANCEASSETTYPEID>DISTILLERS</MAINTENANCEASSETTYPEID><NAME>Distillers</NAME></ENTASSETMAINTENANCEASSETTYPEENTITY><ENTASSETMAINTENANCEASSETTYPEENTITY><CALCULATEKPITOTAL>No</CALCULATEKPITOTAL><LIFECYCLEMODELID>ESSENCERECEPTICLES</LIFECYCLEMODELID><MAINTENANCEASSETTYPEID>ESSENCERECEPTICLE</MAINTENANCEASSETTYPEID><NAME>Essence Receptacle</NAME></ENTASSETMAINTENANCEASSETTYPEENTITY><ENTASSETMAINTENANCEASSETTYPEENTITY><CALCULATEKPITOTAL>No</CALCULATEKPITOTAL><LIFECYCLEMODELID>EXHAUSTSYSTEMS</LIFECYCLEMODELID><MAINTENANCEASSETTYPEID>EXHAUSTSYSTEM</MAINTENANCEASSETTYPEID><NAME>Exhaust System</NAME></ENTASSETMAINTENANCEASSETTYPEENTITY><ENTASSETMAINTENANCEASSETTYPEENTITY><CALCULATEKPITOTAL>No</CALCULATEKPITOTAL><LIFECYCLEMODELID>FURNACES</LIFECYCLEMODELID><MAINTENANCEASSETTYPEID>FURNACE</MAINTENANCEASSETTYPEID><NAME>Furnace</NAME></ENTASSETMAINTENANCEASSETTYPEENTITY><ENTASSETMAINTENANCEASSETTYPEENTITY><CALCULATEKPITOTAL>No</CALCULATEKPITOTAL><LIFECYCLEMODELID>ASSETS</LIFECYCLEMODELID><MAINTENANCEASSETTYPEID>GRINDERS</MAINTENANCEASSETTYPEID><NAME>Grinders</NAME></ENTASSETMAINTENANCEASSETTYPEENTITY><ENTASSETMAINTENANCEASSETTYPEENTITY><CALCULATEKPITOTAL>No</CALCULATEKPITOTAL><LIFECYCLEMODELID>HEATERS</LIFECYCLEMODELID><MAINTENANCEASSETTYPEID>HEATER</MAINTENANCEASSETTYPEID><NAME>Heater</NAME></ENTASSETMAINTENANCEASSETTYPEENTITY><ENTASSETMAINTENANCEASSETTYPEENTITY><CALCULATEKPITOTAL>No</CALCULATEKPITOTAL><LIFECYCLEMODELID>ASSETS</LIFECYCLEMODELID><MAINTENANCEASSETTYPEID>PRESSES</MAINTENANCEASSETTYPEID><NAME>Presses</NAME></ENTASSETMAINTENANCEASSETTYPEENTITY><ENTASSETMAINTENANCEASSETTYPEENTITY><CALCULATEKPITOTAL>No</CALCULATEKPITOTAL><LIFECYCLEMODELID>VENTDUCTS</LIFECYCLEMODELID><MAINTENANCEASSETTYPEID>VENTDUCT</MAINTENANCEASSETTYPEID><NAME>Ventilation Ductwork</NAME></ENTASSETMAINTENANCEASSETTYPEENTITY><ENTASSETMAINTENANCEASSETTYPEENTITY><CALCULATEKPITOTAL>No</CALCULATEKPITOTAL><LIFECYCLEMODELID>VENTHOODS</LIFECYCLEMODELID><MAINTENANCEASSETTYPEID>VENTHOOD</MAINTENANCEASSETTYPEID><NAME>Vent Hood</NAME></ENTASSETMAINTENANCEASSETTYPEENTITY><ENTASSETMAINTENANCEASSETTYPEENTITY><CALCULATEKPITOTAL>No</CALCULATEKPITOTAL><LIFECYCLEMODELID>VENTILATIONSYSTEMS</LIFECYCLEMODELID><MAINTENANCEASSETTYPEID>VENTILATIONSYSTEM</MAINTENANCEASSETTYPEID><NAME>Ventilation System</NAME></ENTASSETMAINTENANCEASSETTYPEENTITY></Document>