﻿<?xml version="1.0" encoding="utf-8"?><Document><ENTASSETMAINTENANCEASSETSERVICELEVELV2ENTITY><FORMATTEDSERVICELEVELNAME>5 (Low)</FORMATTEDSERVICELEVELNAME><FUNCTIONALLOCATIONID></FUNCTIONALLOCATIONID><MAINTENANCEASSETID></MAINTENANCEASSETID><MAINTENANCEASSETTYPEID></MAINTENANCEASSETTYPEID><MODELID></MODELID><MODELPRODUCTID></MODELPRODUCTID><PRODUCTID></PRODUCTID><SERVICELEVEL>5</SERVICELEVEL><WORKORDERTYPEID></WORKORDERTYPEID></ENTASSETMAINTENANCEASSETSERVICELEVELV2ENTITY><ENTASSETMAINTENANCEASSETSERVICELEVELV2ENTITY><FORMATTEDSERVICELEVELNAME>2 (Urgent)</FORMATTEDSERVICELEVELNAME><FUNCTIONALLOCATIONID></FUNCTIONALLOCATIONID><MAINTENANCEASSETID></MAINTENANCEASSETID><MAINTENANCEASSETTYPEID>BOTTLERS</MAINTENANCEASSETTYPEID><MODELID></MODELID><MODELPRODUCTID></MODELPRODUCTID><PRODUCTID></PRODUCTID><SERVICELEVEL>2</SERVICELEVEL><WORKORDERTYPEID></WORKORDERTYPEID></ENTASSETMAINTENANCEASSETSERVICELEVELV2ENTITY><ENTASSETMAINTENANCEASSETSERVICELEVELV2ENTITY><FORMATTEDSERVICELEVELNAME>2 (Urgent)</FORMATTEDSERVICELEVELNAME><FUNCTIONALLOCATIONID></FUNCTIONALLOCATIONID><MAINTENANCEASSETID></MAINTENANCEASSETID><MAINTENANCEASSETTYPEID>CAULDRONS</MAINTENANCEASSETTYPEID><MODELID></MODELID><MODELPRODUCTID></MODELPRODUCTID><PRODUCTID></PRODUCTID><SERVICELEVEL>2</SERVICELEVEL><WORKORDERTYPEID></WORKORDERTYPEID></ENTASSETMAINTENANCEASSETSERVICELEVELV2ENTITY><ENTASSETMAINTENANCEASSETSERVICELEVELV2ENTITY><FORMATTEDSERVICELEVELNAME>1 (Critical)</FORMATTEDSERVICELEVELNAME><FUNCTIONALLOCATIONID></FUNCTIONALLOCATIONID><MAINTENANCEASSETID></MAINTENANCEASSETID><MAINTENANCEASSETTYPEID>DISTILLERS</MAINTENANCEASSETTYPEID><MODELID></MODELID><MODELPRODUCTID></MODELPRODUCTID><PRODUCTID></PRODUCTID><SERVICELEVEL>1</SERVICELEVEL><WORKORDERTYPEID></WORKORDERTYPEID></ENTASSETMAINTENANCEASSETSERVICELEVELV2ENTITY><ENTASSETMAINTENANCEASSETSERVICELEVELV2ENTITY><FORMATTEDSERVICELEVELNAME>2 (Urgent)</FORMATTEDSERVICELEVELNAME><FUNCTIONALLOCATIONID></FUNCTIONALLOCATIONID><MAINTENANCEASSETID></MAINTENANCEASSETID><MAINTENANCEASSETTYPEID>GRINDERS</MAINTENANCEASSETTYPEID><MODELID></MODELID><MODELPRODUCTID></MODELPRODUCTID><PRODUCTID></PRODUCTID><SERVICELEVEL>2</SERVICELEVEL><WORKORDERTYPEID></WORKORDERTYPEID></ENTASSETMAINTENANCEASSETSERVICELEVELV2ENTITY><ENTASSETMAINTENANCEASSETSERVICELEVELV2ENTITY><FORMATTEDSERVICELEVELNAME>2 (Urgent)</FORMATTEDSERVICELEVELNAME><FUNCTIONALLOCATIONID></FUNCTIONALLOCATIONID><MAINTENANCEASSETID></MAINTENANCEASSETID><MAINTENANCEASSETTYPEID>PRESSES</MAINTENANCEASSETTYPEID><MODELID></MODELID><MODELPRODUCTID></MODELPRODUCTID><PRODUCTID></PRODUCTID><SERVICELEVEL>2</SERVICELEVEL><WORKORDERTYPEID></WORKORDERTYPEID></ENTASSETMAINTENANCEASSETSERVICELEVELV2ENTITY><ENTASSETMAINTENANCEASSETSERVICELEVELV2ENTITY><FORMATTEDSERVICELEVELNAME>4 (Moderate)</FORMATTEDSERVICELEVELNAME><FUNCTIONALLOCATIONID>WD-PROD</FUNCTIONALLOCATIONID><MAINTENANCEASSETID></MAINTENANCEASSETID><MAINTENANCEASSETTYPEID></MAINTENANCEASSETTYPEID><MODELID></MODELID><MODELPRODUCTID></MODELPRODUCTID><PRODUCTID></PRODUCTID><SERVICELEVEL>4</SERVICELEVEL><WORKORDERTYPEID></WORKORDERTYPEID></ENTASSETMAINTENANCEASSETSERVICELEVELV2ENTITY><ENTASSETMAINTENANCEASSETSERVICELEVELV2ENTITY><FORMATTEDSERVICELEVELNAME>4 (Moderate)</FORMATTEDSERVICELEVELNAME><FUNCTIONALLOCATIONID>WD-PROD-DISILLARY</FUNCTIONALLOCATIONID><MAINTENANCEASSETID></MAINTENANCEASSETID><MAINTENANCEASSETTYPEID></MAINTENANCEASSETTYPEID><MODELID></MODELID><MODELPRODUCTID></MODELPRODUCTID><PRODUCTID></PRODUCTID><SERVICELEVEL>4</SERVICELEVEL><WORKORDERTYPEID></WORKORDERTYPEID></ENTASSETMAINTENANCEASSETSERVICELEVELV2ENTITY><ENTASSETMAINTENANCEASSETSERVICELEVELV2ENTITY><FORMATTEDSERVICELEVELNAME>3 (High)</FORMATTEDSERVICELEVELNAME><FUNCTIONALLOCATIONID>WD-PROD-DISILLARY-1</FUNCTIONALLOCATIONID><MAINTENANCEASSETID></MAINTENANCEASSETID><MAINTENANCEASSETTYPEID></MAINTENANCEASSETTYPEID><MODELID></MODELID><MODELPRODUCTID></MODELPRODUCTID><PRODUCTID></PRODUCTID><SERVICELEVEL>3</SERVICELEVEL><WORKORDERTYPEID></WORKORDERTYPEID></ENTASSETMAINTENANCEASSETSERVICELEVELV2ENTITY></Document>