﻿<?xml version="1.0" encoding="utf-8"?><Document><ENTASSETMAINTENANCEJOBGROUPENTITY><JOBGROUPID>CONDASSESS</JOBGROUPID><NAME>Condition Assessment</NAME></ENTASSETMAINTENANCEJOBGROUPENTITY><ENTASSETMAINTENANCEJOBGROUPENTITY><JOBGROUPID>CORRECTIVE</JOBGROUPID><NAME>Corrective Maintenance</NAME></ENTASSETMAINTENANCEJOBGROUPENTITY><ENTASSETMAINTENANCEJOBGROUPENTITY><JOBGROUPID>PERVENTIVE</JOBGROUPID><NAME>Preventative Maintenance</NAME></ENTASSETMAINTENANCEJOBGROUPENTITY><ENTASSETMAINTENANCEJOBGROUPENTITY><JOBGROUPID>SERVICE</JOBGROUPID><NAME>Service</NAME></ENTASSETMAINTENANCEJOBGROUPENTITY></Document>