﻿<?xml version="1.0" encoding="utf-8"?><Document><ENTASSETMAINTENANCEFUNCTIONALLOCATIONTYPEPERMITTEDSUBTYPEENTITY><FUNCTIONALLOCATIONTYPEID>AREA</FUNCTIONALLOCATIONTYPEID><PERMITTEDFUNCTIONALLOCATIONTYPEID>EQUIPMENT</PERMITTEDFUNCTIONALLOCATIONTYPEID></ENTASSETMAINTENANCEFUNCTIONALLOCATIONTYPEPERMITTEDSUBTYPEENTITY><ENTASSETMAINTENANCEFUNCTIONALLOCATIONTYPEPERMITTEDSUBTYPEENTITY><FUNCTIONALLOCATIONTYPEID>AREA</FUNCTIONALLOCATIONTYPEID><PERMITTEDFUNCTIONALLOCATIONTYPEID>LINE</PERMITTEDFUNCTIONALLOCATIONTYPEID></ENTASSETMAINTENANCEFUNCTIONALLOCATIONTYPEPERMITTEDSUBTYPEENTITY><ENTASSETMAINTENANCEFUNCTIONALLOCATIONTYPEPERMITTEDSUBTYPEENTITY><FUNCTIONALLOCATIONTYPEID>AREA</FUNCTIONALLOCATIONTYPEID><PERMITTEDFUNCTIONALLOCATIONTYPEID>STOREROOM</PERMITTEDFUNCTIONALLOCATIONTYPEID></ENTASSETMAINTENANCEFUNCTIONALLOCATIONTYPEPERMITTEDSUBTYPEENTITY><ENTASSETMAINTENANCEFUNCTIONALLOCATIONTYPEPERMITTEDSUBTYPEENTITY><FUNCTIONALLOCATIONTYPEID>FACILITY</FUNCTIONALLOCATIONTYPEID><PERMITTEDFUNCTIONALLOCATIONTYPEID>AREA</PERMITTEDFUNCTIONALLOCATIONTYPEID></ENTASSETMAINTENANCEFUNCTIONALLOCATIONTYPEPERMITTEDSUBTYPEENTITY><ENTASSETMAINTENANCEFUNCTIONALLOCATIONTYPEPERMITTEDSUBTYPEENTITY><FUNCTIONALLOCATIONTYPEID>LINE</FUNCTIONALLOCATIONTYPEID><PERMITTEDFUNCTIONALLOCATIONTYPEID>EQUIPMENT</PERMITTEDFUNCTIONALLOCATIONTYPEID></ENTASSETMAINTENANCEFUNCTIONALLOCATIONTYPEPERMITTEDSUBTYPEENTITY></Document>