﻿<?xml version="1.0" encoding="utf-8"?><Document><ENTASSETMAINTENANCEWORKORDERLIFECYCLEMODELSTATEENTITY><LIFECYCLEMODELID>WORKORDER</LIFECYCLEMODELID><LIFECYCLESTATEID>APPROVED</LIFECYCLESTATEID><LINE>1</LINE></ENTASSETMAINTENANCEWORKORDERLIFECYCLEMODELSTATEENTITY><ENTASSETMAINTENANCEWORKORDERLIFECYCLEMODELSTATEENTITY><LIFECYCLEMODELID>WORKORDER</LIFECYCLEMODELID><LIFECYCLESTATEID>COMPLETED</LIFECYCLESTATEID><LINE>6</LINE></ENTASSETMAINTENANCEWORKORDERLIFECYCLEMODELSTATEENTITY><ENTASSETMAINTENANCEWORKORDERLIFECYCLEMODELSTATEENTITY><LIFECYCLEMODELID>WORKORDER</LIFECYCLEMODELID><LIFECYCLESTATEID>FINISHED</LIFECYCLESTATEID><LINE>7</LINE></ENTASSETMAINTENANCEWORKORDERLIFECYCLEMODELSTATEENTITY><ENTASSETMAINTENANCEWORKORDERLIFECYCLEMODELSTATEENTITY><LIFECYCLEMODELID>WORKORDER</LIFECYCLEMODELID><LIFECYCLESTATEID>INPROGRESS</LIFECYCLESTATEID><LINE>5</LINE></ENTASSETMAINTENANCEWORKORDERLIFECYCLEMODELSTATEENTITY><ENTASSETMAINTENANCEWORKORDERLIFECYCLEMODELSTATEENTITY><LIFECYCLEMODELID>WORKORDER</LIFECYCLEMODELID><LIFECYCLESTATEID>NEW</LIFECYCLESTATEID><LINE>0</LINE></ENTASSETMAINTENANCEWORKORDERLIFECYCLEMODELSTATEENTITY><ENTASSETMAINTENANCEWORKORDERLIFECYCLEMODELSTATEENTITY><LIFECYCLEMODELID>WORKORDER</LIFECYCLEMODELID><LIFECYCLESTATEID>PENDING</LIFECYCLESTATEID><LINE>2</LINE></ENTASSETMAINTENANCEWORKORDERLIFECYCLEMODELSTATEENTITY><ENTASSETMAINTENANCEWORKORDERLIFECYCLEMODELSTATEENTITY><LIFECYCLEMODELID>WORKORDER</LIFECYCLEMODELID><LIFECYCLESTATEID>RELEASED</LIFECYCLESTATEID><LINE>4</LINE></ENTASSETMAINTENANCEWORKORDERLIFECYCLEMODELSTATEENTITY><ENTASSETMAINTENANCEWORKORDERLIFECYCLEMODELSTATEENTITY><LIFECYCLEMODELID>WORKORDER</LIFECYCLEMODELID><LIFECYCLESTATEID>SCHEDULED</LIFECYCLESTATEID><LINE>3</LINE></ENTASSETMAINTENANCEWORKORDERLIFECYCLEMODELSTATEENTITY></Document>