﻿<?xml version="1.0" encoding="utf-8"?><Document><ENTASSETMAINTENANCEREQUESTV2ENTITY><REQUESTID /><ACTUALEND /><ACTUALSTART /><ADDRESSLATITUDE /><ADDRESSLONGITUDE /><DESCRIPTION /><FUNCTIONALLOCATIONID /><ISREQUESTACTIVE /><JOBTRADEID /><JOBTYPEID /><JOBVARIANTID /><MAINTENANCEASSETID /><MAINTENANCEASSETVERIFIED /><MAINTENANCEASSETVERIFIEDBYWORKERPERSONNELNUMBER /><NEXTREQUESTLIFECYCLESTATEID /><NOTES /><PRODUCTIONSTOPFROM /><REQUESTLIFECYCLESTATEID /><REQUESTTYPEID /><RESPONSIBLEWORKERPERSONNELNUMBER /><STARTEDBYWORKERPERSONNELNUMBER /><WORKERGROUPID /><WORKORDERID /><WORKORDERPRIORITY /></ENTASSETMAINTENANCEREQUESTV2ENTITY></Document>