﻿<?xml version="1.0" encoding="utf-8"?><Document><ENTASSETMAINTENANCEREQUESTLIFECYCLESTATEENTITY><ALLOWCREATEWORKORDER>Yes</ALLOWCREATEWORKORDER><ALLOWDELETE>No</ALLOWDELETE><DELETEOPENMAINTENANCEASSETCALENDAR>No</DELETEOPENMAINTENANCEASSETCALENDAR><NAME>Approved Maintenance Request</NAME><REQUESTACTIVE>Yes</REQUESTACTIVE><REQUESTLIFECYCLESTATEID>APPROVED</REQUESTLIFECYCLESTATEID><REQUESTSETACTUALEND>Yes</REQUESTSETACTUALEND></ENTASSETMAINTENANCEREQUESTLIFECYCLESTATEENTITY><ENTASSETMAINTENANCEREQUESTLIFECYCLESTATEENTITY><ALLOWCREATEWORKORDER>No</ALLOWCREATEWORKORDER><ALLOWDELETE>No</ALLOWDELETE><DELETEOPENMAINTENANCEASSETCALENDAR>No</DELETEOPENMAINTENANCEASSETCALENDAR><NAME>Closed Maintenance Request</NAME><REQUESTACTIVE>No</REQUESTACTIVE><REQUESTLIFECYCLESTATEID>CLOSED</REQUESTLIFECYCLESTATEID><REQUESTSETACTUALEND>No</REQUESTSETACTUALEND></ENTASSETMAINTENANCEREQUESTLIFECYCLESTATEENTITY><ENTASSETMAINTENANCEREQUESTLIFECYCLESTATEENTITY><ALLOWCREATEWORKORDER>No</ALLOWCREATEWORKORDER><ALLOWDELETE>No</ALLOWDELETE><DELETEOPENMAINTENANCEASSETCALENDAR>No</DELETEOPENMAINTENANCEASSETCALENDAR><NAME>In Review Maintenance Request</NAME><REQUESTACTIVE>No</REQUESTACTIVE><REQUESTLIFECYCLESTATEID>INREVIEW</REQUESTLIFECYCLESTATEID><REQUESTSETACTUALEND>No</REQUESTSETACTUALEND></ENTASSETMAINTENANCEREQUESTLIFECYCLESTATEENTITY><ENTASSETMAINTENANCEREQUESTLIFECYCLESTATEENTITY><ALLOWCREATEWORKORDER>No</ALLOWCREATEWORKORDER><ALLOWDELETE>No</ALLOWDELETE><DELETEOPENMAINTENANCEASSETCALENDAR>No</DELETEOPENMAINTENANCEASSETCALENDAR><NAME>New Maintenance Request</NAME><REQUESTACTIVE>No</REQUESTACTIVE><REQUESTLIFECYCLESTATEID>NEW</REQUESTLIFECYCLESTATEID><REQUESTSETACTUALEND>No</REQUESTSETACTUALEND></ENTASSETMAINTENANCEREQUESTLIFECYCLESTATEENTITY><ENTASSETMAINTENANCEREQUESTLIFECYCLESTATEENTITY><ALLOWCREATEWORKORDER>No</ALLOWCREATEWORKORDER><ALLOWDELETE>No</ALLOWDELETE><DELETEOPENMAINTENANCEASSETCALENDAR>No</DELETEOPENMAINTENANCEASSETCALENDAR><NAME>Rejected Maintenance Request</NAME><REQUESTACTIVE>No</REQUESTACTIVE><REQUESTLIFECYCLESTATEID>REJECTED</REQUESTLIFECYCLESTATEID><REQUESTSETACTUALEND>No</REQUESTSETACTUALEND></ENTASSETMAINTENANCEREQUESTLIFECYCLESTATEENTITY></Document>