﻿<?xml version="1.0" encoding="utf-8"?><Document><ENTASSETMAINTENANCEREQUESTTYPEENTITY><NAME>Breakdown Request</NAME><REQUESTLIFECYCLEMODELID>REQUEST</REQUESTLIFECYCLEMODELID><REQUESTTYPEID>BREAKDOWN</REQUESTTYPEID><WORKORDERTYPEID>CORRECTIVE</WORKORDERTYPEID></ENTASSETMAINTENANCEREQUESTTYPEENTITY><ENTASSETMAINTENANCEREQUESTTYPEENTITY><NAME>Corrective Request</NAME><REQUESTLIFECYCLEMODELID>REQUEST</REQUESTLIFECYCLEMODELID><REQUESTTYPEID>CORRECTIVE</REQUESTTYPEID><WORKORDERTYPEID>CORRECTIVE</WORKORDERTYPEID></ENTASSETMAINTENANCEREQUESTTYPEENTITY><ENTASSETMAINTENANCEREQUESTTYPEENTITY><NAME>Maintenance Request</NAME><REQUESTLIFECYCLEMODELID>REQUEST</REQUESTLIFECYCLEMODELID><REQUESTTYPEID>MAINTENANCE</REQUESTTYPEID><WORKORDERTYPEID>MAINTNENANCE</WORKORDERTYPEID></ENTASSETMAINTENANCEREQUESTTYPEENTITY><ENTASSETMAINTENANCEREQUESTTYPEENTITY><NAME>Safety Request</NAME><REQUESTLIFECYCLEMODELID>REQUEST</REQUESTLIFECYCLEMODELID><REQUESTTYPEID>SAFETY</REQUESTTYPEID><WORKORDERTYPEID>SAFETY</WORKORDERTYPEID></ENTASSETMAINTENANCEREQUESTTYPEENTITY></Document>