﻿<?xml version="1.0" encoding="utf-8"?><Document><ENTASSETMAINTENANCEFAULTREMEDYENTITY><DESCRIPTION>Clean</DESCRIPTION><FAULTREMEDYID>CLEAN</FAULTREMEDYID></ENTASSETMAINTENANCEFAULTREMEDYENTITY><ENTASSETMAINTENANCEFAULTREMEDYENTITY><DESCRIPTION>Repair</DESCRIPTION><FAULTREMEDYID>REPAIR</FAULTREMEDYID></ENTASSETMAINTENANCEFAULTREMEDYENTITY><ENTASSETMAINTENANCEFAULTREMEDYENTITY><DESCRIPTION>Replace</DESCRIPTION><FAULTREMEDYID>REPLACE</FAULTREMEDYID></ENTASSETMAINTENANCEFAULTREMEDYENTITY><ENTASSETMAINTENANCEFAULTREMEDYENTITY><DESCRIPTION>Service</DESCRIPTION><FAULTREMEDYID>SERVICE</FAULTREMEDYID></ENTASSETMAINTENANCEFAULTREMEDYENTITY></Document>