﻿<?xml version="1.0" encoding="utf-8"?><Document><ENTASSETMAINTENANCEASSETENTITY><ACQUISITIONCOST>0.000000</ACQUISITIONCOST><ACQUISITIONDATE>1900-01-01T00:00:00</ACQUISITIONDATE><ACTIVEFROM>2024-08-30T00:00:00</ACTIVEFROM><ACTIVETO>1900-01-01T00:00:00</ACTIVETO><DEFAULTDIMENSIONDISPLAYVALUE></DEFAULTDIMENSIONDISPLAYVALUE><FIXEDASSETID></FIXEDASSETID><FUNCTIONALLOCATIONID>WD-PROD-DISILLARY-1-DISTILLER</FUNCTIONALLOCATIONID><LOGISTICSLOCATIONID></LOGISTICSLOCATIONID><MAINTENANCEASSETID>AETHERILVENTILATION1</MAINTENANCEASSETID><MAINTENANCEASSETLIFECYCLESTATEID>ACTIVE</MAINTENANCEASSETLIFECYCLESTATEID><MAINTENANCEASSETTYPEID>VENTILATIONSYSTEM</MAINTENANCEASSETTYPEID><MODELID></MODELID><MODELPRODUCTID></MODELPRODUCTID><MODELYEAR></MODELYEAR><NAME>Aetheril Ventilation #1</NAME><NOTES></NOTES><PARENTMAINTENANCEASSETID>EXHAUSTSYSTEM1</PARENTMAINTENANCEASSETID><PRODUCTID></PRODUCTID><PURCHASEORDERID></PURCHASEORDERID><REPLACEMENTDATE>1900-01-01T00:00:00</REPLACEMENTDATE><REPLACEMENTVALUE>0.000000</REPLACEMENTVALUE><SERIALID></SERIALID><VENDACCOUNT></VENDACCOUNT><WARRANTYDATEFROMVEND>1900-01-01T00:00:00</WARRANTYDATEFROMVEND><WARRANTYID></WARRANTYID><WRKCTRID></WRKCTRID></ENTASSETMAINTENANCEASSETENTITY><ENTASSETMAINTENANCEASSETENTITY><ACQUISITIONCOST>0.000000</ACQUISITIONCOST><ACQUISITIONDATE>1900-01-01T00:00:00</ACQUISITIONDATE><ACTIVEFROM>2024-08-30T00:00:00</ACTIVEFROM><ACTIVETO>1900-01-01T00:00:00</ACTIVETO><DEFAULTDIMENSIONDISPLAYVALUE></DEFAULTDIMENSIONDISPLAYVALUE><FIXEDASSETID></FIXEDASSETID><FUNCTIONALLOCATIONID>WD-PROD-DISILLARY-1-DISTILLER</FUNCTIONALLOCATIONID><LOGISTICSLOCATIONID></LOGISTICSLOCATIONID><MAINTENANCEASSETID>ALEMBICTOWER1</MAINTENANCEASSETID><MAINTENANCEASSETLIFECYCLESTATEID>ACTIVE</MAINTENANCEASSETLIFECYCLESTATEID><MAINTENANCEASSETTYPEID>ALEMBICTOWER</MAINTENANCEASSETTYPEID><MODELID></MODELID><MODELPRODUCTID></MODELPRODUCTID><MODELYEAR></MODELYEAR><NAME>Alembic Tower #1</NAME><NOTES></NOTES><PARENTMAINTENANCEASSETID></PARENTMAINTENANCEASSETID><PRODUCTID></PRODUCTID><PURCHASEORDERID></PURCHASEORDERID><REPLACEMENTDATE>1900-01-01T00:00:00</REPLACEMENTDATE><REPLACEMENTVALUE>0.000000</REPLACEMENTVALUE><SERIALID></SERIALID><VENDACCOUNT></VENDACCOUNT><WARRANTYDATEFROMVEND>1900-01-01T00:00:00</WARRANTYDATEFROMVEND><WARRANTYID></WARRANTYID><WRKCTRID></WRKCTRID></ENTASSETMAINTENANCEASSETENTITY><ENTASSETMAINTENANCEASSETENTITY><ACQUISITIONCOST>0.000000</ACQUISITIONCOST><ACQUISITIONDATE>1900-01-01T00:00:00</ACQUISITIONDATE><ACTIVEFROM>2024-08-01T00:00:00</ACTIVEFROM><ACTIVETO>1900-01-01T00:00:00</ACTIVETO><DEFAULTDIMENSIONDISPLAYVALUE></DEFAULTDIMENSIONDISPLAYVALUE><FIXEDASSETID></FIXEDASSETID><FUNCTIONALLOCATIONID>WD-PROD-MAINT-STORE</FUNCTIONALLOCATIONID><LOGISTICSLOCATIONID></LOGISTICSLOCATIONID><MAINTENANCEASSETID>CAULRON1</MAINTENANCEASSETID><MAINTENANCEASSETLIFECYCLESTATEID>ACTIVE</MAINTENANCEASSETLIFECYCLESTATEID><MAINTENANCEASSETTYPEID>CAULDRONS</MAINTENANCEASSETTYPEID><MODELID></MODELID><MODELPRODUCTID></MODELPRODUCTID><MODELYEAR></MODELYEAR><NAME>CAULRON #1</NAME><NOTES></NOTES><PARENTMAINTENANCEASSETID></PARENTMAINTENANCEASSETID><PRODUCTID></PRODUCTID><PURCHASEORDERID></PURCHASEORDERID><REPLACEMENTDATE>1900-01-01T00:00:00</REPLACEMENTDATE><REPLACEMENTVALUE>0.000000</REPLACEMENTVALUE><SERIALID></SERIALID><VENDACCOUNT></VENDACCOUNT><WARRANTYDATEFROMVEND>1900-01-01T00:00:00</WARRANTYDATEFROMVEND><WARRANTYID></WARRANTYID><WRKCTRID>CAULDRON1</WRKCTRID></ENTASSETMAINTENANCEASSETENTITY><ENTASSETMAINTENANCEASSETENTITY><ACQUISITIONCOST>0.000000</ACQUISITIONCOST><ACQUISITIONDATE>1900-01-01T00:00:00</ACQUISITIONDATE><ACTIVEFROM>2024-08-29T00:00:00</ACTIVEFROM><ACTIVETO>1900-01-01T00:00:00</ACTIVETO><DEFAULTDIMENSIONDISPLAYVALUE></DEFAULTDIMENSIONDISPLAYVALUE><FIXEDASSETID></FIXEDASSETID><FUNCTIONALLOCATIONID>WD-PROD-MAINT-STORE</FUNCTIONALLOCATIONID><LOGISTICSLOCATIONID></LOGISTICSLOCATIONID><MAINTENANCEASSETID>CAULRON2</MAINTENANCEASSETID><MAINTENANCEASSETLIFECYCLESTATEID>ACTIVE</MAINTENANCEASSETLIFECYCLESTATEID><MAINTENANCEASSETTYPEID>CAULDRONS</MAINTENANCEASSETTYPEID><MODELID></MODELID><MODELPRODUCTID></MODELPRODUCTID><MODELYEAR></MODELYEAR><NAME>CAULRON #2</NAME><NOTES></NOTES><PARENTMAINTENANCEASSETID></PARENTMAINTENANCEASSETID><PRODUCTID></PRODUCTID><PURCHASEORDERID></PURCHASEORDERID><REPLACEMENTDATE>1900-01-01T00:00:00</REPLACEMENTDATE><REPLACEMENTVALUE>0.000000</REPLACEMENTVALUE><SERIALID></SERIALID><VENDACCOUNT></VENDACCOUNT><WARRANTYDATEFROMVEND>1900-01-01T00:00:00</WARRANTYDATEFROMVEND><WARRANTYID></WARRANTYID><WRKCTRID></WRKCTRID></ENTASSETMAINTENANCEASSETENTITY><ENTASSETMAINTENANCEASSETENTITY><ACQUISITIONCOST>0.000000</ACQUISITIONCOST><ACQUISITIONDATE>1900-01-01T00:00:00</ACQUISITIONDATE><ACTIVEFROM>2024-08-30T00:00:00</ACTIVEFROM><ACTIVETO>1900-01-01T00:00:00</ACTIVETO><DEFAULTDIMENSIONDISPLAYVALUE></DEFAULTDIMENSIONDISPLAYVALUE><FIXEDASSETID></FIXEDASSETID><FUNCTIONALLOCATIONID>WD-PROD-DISILLARY-1-DISTILLER</FUNCTIONALLOCATIONID><LOGISTICSLOCATIONID></LOGISTICSLOCATIONID><MAINTENANCEASSETID>COLLECTIONVESSEL1</MAINTENANCEASSETID><MAINTENANCEASSETLIFECYCLESTATEID>ACTIVE</MAINTENANCEASSETLIFECYCLESTATEID><MAINTENANCEASSETTYPEID>COLLECTIONVESSEL</MAINTENANCEASSETTYPEID><MODELID></MODELID><MODELPRODUCTID></MODELPRODUCTID><MODELYEAR></MODELYEAR><NAME>Collection Vessel #1</NAME><NOTES></NOTES><PARENTMAINTENANCEASSETID>ALEMBICTOWER1</PARENTMAINTENANCEASSETID><PRODUCTID></PRODUCTID><PURCHASEORDERID></PURCHASEORDERID><REPLACEMENTDATE>1900-01-01T00:00:00</REPLACEMENTDATE><REPLACEMENTVALUE>0.000000</REPLACEMENTVALUE><SERIALID></SERIALID><VENDACCOUNT></VENDACCOUNT><WARRANTYDATEFROMVEND>1900-01-01T00:00:00</WARRANTYDATEFROMVEND><WARRANTYID></WARRANTYID><WRKCTRID></WRKCTRID></ENTASSETMAINTENANCEASSETENTITY><ENTASSETMAINTENANCEASSETENTITY><ACQUISITIONCOST>0.000000</ACQUISITIONCOST><ACQUISITIONDATE>1900-01-01T00:00:00</ACQUISITIONDATE><ACTIVEFROM>2024-08-30T00:00:00</ACTIVEFROM><ACTIVETO>1900-01-01T00:00:00</ACTIVETO><DEFAULTDIMENSIONDISPLAYVALUE></DEFAULTDIMENSIONDISPLAYVALUE><FIXEDASSETID></FIXEDASSETID><FUNCTIONALLOCATIONID>WD-PROD-DISILLARY-1-DISTILLER</FUNCTIONALLOCATIONID><LOGISTICSLOCATIONID></LOGISTICSLOCATIONID><MAINTENANCEASSETID>CONDENSATIONCOIL1</MAINTENANCEASSETID><MAINTENANCEASSETLIFECYCLESTATEID>ACTIVE</MAINTENANCEASSETLIFECYCLESTATEID><MAINTENANCEASSETTYPEID>CONDENSTIONCOIL</MAINTENANCEASSETTYPEID><MODELID></MODELID><MODELPRODUCTID></MODELPRODUCTID><MODELYEAR></MODELYEAR><NAME>Condensation Coil #1</NAME><NOTES></NOTES><PARENTMAINTENANCEASSETID>CONDENSER1</PARENTMAINTENANCEASSETID><PRODUCTID></PRODUCTID><PURCHASEORDERID></PURCHASEORDERID><REPLACEMENTDATE>1900-01-01T00:00:00</REPLACEMENTDATE><REPLACEMENTVALUE>0.000000</REPLACEMENTVALUE><SERIALID></SERIALID><VENDACCOUNT></VENDACCOUNT><WARRANTYDATEFROMVEND>1900-01-01T00:00:00</WARRANTYDATEFROMVEND><WARRANTYID></WARRANTYID><WRKCTRID></WRKCTRID></ENTASSETMAINTENANCEASSETENTITY><ENTASSETMAINTENANCEASSETENTITY><ACQUISITIONCOST>0.000000</ACQUISITIONCOST><ACQUISITIONDATE>1900-01-01T00:00:00</ACQUISITIONDATE><ACTIVEFROM>2024-08-30T00:00:00</ACTIVEFROM><ACTIVETO>1900-01-01T00:00:00</ACTIVETO><DEFAULTDIMENSIONDISPLAYVALUE></DEFAULTDIMENSIONDISPLAYVALUE><FIXEDASSETID></FIXEDASSETID><FUNCTIONALLOCATIONID>WD-PROD-DISILLARY-1-DISTILLER</FUNCTIONALLOCATIONID><LOGISTICSLOCATIONID></LOGISTICSLOCATIONID><MAINTENANCEASSETID>CONDENSER1</MAINTENANCEASSETID><MAINTENANCEASSETLIFECYCLESTATEID>ACTIVE</MAINTENANCEASSETLIFECYCLESTATEID><MAINTENANCEASSETTYPEID>CONDENSER</MAINTENANCEASSETTYPEID><MODELID></MODELID><MODELPRODUCTID></MODELPRODUCTID><MODELYEAR></MODELYEAR><NAME>Condenser #1</NAME><NOTES></NOTES><PARENTMAINTENANCEASSETID>ALEMBICTOWER1</PARENTMAINTENANCEASSETID><PRODUCTID></PRODUCTID><PURCHASEORDERID></PURCHASEORDERID><REPLACEMENTDATE>1900-01-01T00:00:00</REPLACEMENTDATE><REPLACEMENTVALUE>0.000000</REPLACEMENTVALUE><SERIALID></SERIALID><VENDACCOUNT></VENDACCOUNT><WARRANTYDATEFROMVEND>1900-01-01T00:00:00</WARRANTYDATEFROMVEND><WARRANTYID></WARRANTYID><WRKCTRID></WRKCTRID></ENTASSETMAINTENANCEASSETENTITY><ENTASSETMAINTENANCEASSETENTITY><ACQUISITIONCOST>0.000000</ACQUISITIONCOST><ACQUISITIONDATE>1900-01-01T00:00:00</ACQUISITIONDATE><ACTIVEFROM>2024-08-30T00:00:00</ACTIVEFROM><ACTIVETO>1900-01-01T00:00:00</ACTIVETO><DEFAULTDIMENSIONDISPLAYVALUE></DEFAULTDIMENSIONDISPLAYVALUE><FIXEDASSETID></FIXEDASSETID><FUNCTIONALLOCATIONID>WD-PROD-DISILLARY-1-DISTILLER</FUNCTIONALLOCATIONID><LOGISTICSLOCATIONID></LOGISTICSLOCATIONID><MAINTENANCEASSETID>CONTROLPANEL1</MAINTENANCEASSETID><MAINTENANCEASSETLIFECYCLESTATEID>ACTIVE</MAINTENANCEASSETLIFECYCLESTATEID><MAINTENANCEASSETTYPEID>CONTROLPANEL</MAINTENANCEASSETTYPEID><MODELID></MODELID><MODELPRODUCTID></MODELPRODUCTID><MODELYEAR></MODELYEAR><NAME>Control Panel #1</NAME><NOTES></NOTES><PARENTMAINTENANCEASSETID>ALEMBICTOWER1</PARENTMAINTENANCEASSETID><PRODUCTID></PRODUCTID><PURCHASEORDERID></PURCHASEORDERID><REPLACEMENTDATE>1900-01-01T00:00:00</REPLACEMENTDATE><REPLACEMENTVALUE>0.000000</REPLACEMENTVALUE><SERIALID></SERIALID><VENDACCOUNT></VENDACCOUNT><WARRANTYDATEFROMVEND>1900-01-01T00:00:00</WARRANTYDATEFROMVEND><WARRANTYID></WARRANTYID><WRKCTRID></WRKCTRID></ENTASSETMAINTENANCEASSETENTITY><ENTASSETMAINTENANCEASSETENTITY><ACQUISITIONCOST>0.000000</ACQUISITIONCOST><ACQUISITIONDATE>1900-01-01T00:00:00</ACQUISITIONDATE><ACTIVEFROM>2024-08-30T00:00:00</ACTIVEFROM><ACTIVETO>1900-01-01T00:00:00</ACTIVETO><DEFAULTDIMENSIONDISPLAYVALUE></DEFAULTDIMENSIONDISPLAYVALUE><FIXEDASSETID></FIXEDASSETID><FUNCTIONALLOCATIONID>WD-PROD-DISILLARY-1-DISTILLER</FUNCTIONALLOCATIONID><LOGISTICSLOCATIONID></LOGISTICSLOCATIONID><MAINTENANCEASSETID>COOLINGSYSTEM1</MAINTENANCEASSETID><MAINTENANCEASSETLIFECYCLESTATEID>ACTIVE</MAINTENANCEASSETLIFECYCLESTATEID><MAINTENANCEASSETTYPEID>COOLINGSYSTEM</MAINTENANCEASSETTYPEID><MODELID></MODELID><MODELPRODUCTID></MODELPRODUCTID><MODELYEAR></MODELYEAR><NAME>Cooling System #1</NAME><NOTES></NOTES><PARENTMAINTENANCEASSETID>ALEMBICTOWER1</PARENTMAINTENANCEASSETID><PRODUCTID></PRODUCTID><PURCHASEORDERID></PURCHASEORDERID><REPLACEMENTDATE>1900-01-01T00:00:00</REPLACEMENTDATE><REPLACEMENTVALUE>0.000000</REPLACEMENTVALUE><SERIALID></SERIALID><VENDACCOUNT></VENDACCOUNT><WARRANTYDATEFROMVEND>1900-01-01T00:00:00</WARRANTYDATEFROMVEND><WARRANTYID></WARRANTYID><WRKCTRID></WRKCTRID></ENTASSETMAINTENANCEASSETENTITY><ENTASSETMAINTENANCEASSETENTITY><ACQUISITIONCOST>0.000000</ACQUISITIONCOST><ACQUISITIONDATE>1900-01-01T00:00:00</ACQUISITIONDATE><ACTIVEFROM>2024-08-30T00:00:00</ACTIVEFROM><ACTIVETO>1900-01-01T00:00:00</ACTIVETO><DEFAULTDIMENSIONDISPLAYVALUE></DEFAULTDIMENSIONDISPLAYVALUE><FIXEDASSETID></FIXEDASSETID><FUNCTIONALLOCATIONID>WD-PROD-DISILLARY-1-DISTILLER</FUNCTIONALLOCATIONID><LOGISTICSLOCATIONID></LOGISTICSLOCATIONID><MAINTENANCEASSETID>ELEMENTALFURNACE1</MAINTENANCEASSETID><MAINTENANCEASSETLIFECYCLESTATEID>ACTIVE</MAINTENANCEASSETLIFECYCLESTATEID><MAINTENANCEASSETTYPEID>FURNACE</MAINTENANCEASSETTYPEID><MODELID></MODELID><MODELPRODUCTID></MODELPRODUCTID><MODELYEAR></MODELYEAR><NAME>Elemental Furnace #1</NAME><NOTES></NOTES><PARENTMAINTENANCEASSETID>HEATER #1</PARENTMAINTENANCEASSETID><PRODUCTID></PRODUCTID><PURCHASEORDERID></PURCHASEORDERID><REPLACEMENTDATE>1900-01-01T00:00:00</REPLACEMENTDATE><REPLACEMENTVALUE>0.000000</REPLACEMENTVALUE><SERIALID></SERIALID><VENDACCOUNT></VENDACCOUNT><WARRANTYDATEFROMVEND>1900-01-01T00:00:00</WARRANTYDATEFROMVEND><WARRANTYID></WARRANTYID><WRKCTRID></WRKCTRID></ENTASSETMAINTENANCEASSETENTITY><ENTASSETMAINTENANCEASSETENTITY><ACQUISITIONCOST>0.000000</ACQUISITIONCOST><ACQUISITIONDATE>1900-01-01T00:00:00</ACQUISITIONDATE><ACTIVEFROM>2024-08-30T00:00:00</ACTIVEFROM><ACTIVETO>1900-01-01T00:00:00</ACTIVETO><DEFAULTDIMENSIONDISPLAYVALUE></DEFAULTDIMENSIONDISPLAYVALUE><FIXEDASSETID></FIXEDASSETID><FUNCTIONALLOCATIONID>WD-PROD-DISILLARY-1-DISTILLER</FUNCTIONALLOCATIONID><LOGISTICSLOCATIONID></LOGISTICSLOCATIONID><MAINTENANCEASSETID>ELEMENTALWATERFALL1</MAINTENANCEASSETID><MAINTENANCEASSETLIFECYCLESTATEID>ACTIVE</MAINTENANCEASSETLIFECYCLESTATEID><MAINTENANCEASSETTYPEID>COOLER</MAINTENANCEASSETTYPEID><MODELID></MODELID><MODELPRODUCTID></MODELPRODUCTID><MODELYEAR></MODELYEAR><NAME>Elemental Waterfall #1</NAME><NOTES></NOTES><PARENTMAINTENANCEASSETID>COOLINGSYSTEM1</PARENTMAINTENANCEASSETID><PRODUCTID></PRODUCTID><PURCHASEORDERID></PURCHASEORDERID><REPLACEMENTDATE>1900-01-01T00:00:00</REPLACEMENTDATE><REPLACEMENTVALUE>0.000000</REPLACEMENTVALUE><SERIALID></SERIALID><VENDACCOUNT></VENDACCOUNT><WARRANTYDATEFROMVEND>1900-01-01T00:00:00</WARRANTYDATEFROMVEND><WARRANTYID></WARRANTYID><WRKCTRID></WRKCTRID></ENTASSETMAINTENANCEASSETENTITY><ENTASSETMAINTENANCEASSETENTITY><ACQUISITIONCOST>0.000000</ACQUISITIONCOST><ACQUISITIONDATE>1900-01-01T00:00:00</ACQUISITIONDATE><ACTIVEFROM>2024-08-30T00:00:00</ACTIVEFROM><ACTIVETO>1900-01-01T00:00:00</ACTIVETO><DEFAULTDIMENSIONDISPLAYVALUE></DEFAULTDIMENSIONDISPLAYVALUE><FIXEDASSETID></FIXEDASSETID><FUNCTIONALLOCATIONID>WD-PROD-DISILLARY-1-DISTILLER</FUNCTIONALLOCATIONID><LOGISTICSLOCATIONID></LOGISTICSLOCATIONID><MAINTENANCEASSETID>ESSENCERECEPTICAL</MAINTENANCEASSETID><MAINTENANCEASSETLIFECYCLESTATEID>ACTIVE</MAINTENANCEASSETLIFECYCLESTATEID><MAINTENANCEASSETTYPEID>ESSENCERECEPTICLE</MAINTENANCEASSETTYPEID><MODELID></MODELID><MODELPRODUCTID></MODELPRODUCTID><MODELYEAR></MODELYEAR><NAME>Essence Receptacle #1</NAME><NOTES></NOTES><PARENTMAINTENANCEASSETID>COLLECTIONVESSEL1</PARENTMAINTENANCEASSETID><PRODUCTID></PRODUCTID><PURCHASEORDERID></PURCHASEORDERID><REPLACEMENTDATE>1900-01-01T00:00:00</REPLACEMENTDATE><REPLACEMENTVALUE>0.000000</REPLACEMENTVALUE><SERIALID></SERIALID><VENDACCOUNT></VENDACCOUNT><WARRANTYDATEFROMVEND>1900-01-01T00:00:00</WARRANTYDATEFROMVEND><WARRANTYID></WARRANTYID><WRKCTRID></WRKCTRID></ENTASSETMAINTENANCEASSETENTITY><ENTASSETMAINTENANCEASSETENTITY><ACQUISITIONCOST>0.000000</ACQUISITIONCOST><ACQUISITIONDATE>1900-01-01T00:00:00</ACQUISITIONDATE><ACTIVEFROM>2024-08-30T00:00:00</ACTIVEFROM><ACTIVETO>1900-01-01T00:00:00</ACTIVETO><DEFAULTDIMENSIONDISPLAYVALUE></DEFAULTDIMENSIONDISPLAYVALUE><FIXEDASSETID></FIXEDASSETID><FUNCTIONALLOCATIONID>WD-PROD-DISILLARY-1-DISTILLER</FUNCTIONALLOCATIONID><LOGISTICSLOCATIONID></LOGISTICSLOCATIONID><MAINTENANCEASSETID>EXHAUSTSYSTEM1</MAINTENANCEASSETID><MAINTENANCEASSETLIFECYCLESTATEID>ACTIVE</MAINTENANCEASSETLIFECYCLESTATEID><MAINTENANCEASSETTYPEID>EXHAUSTSYSTEM</MAINTENANCEASSETTYPEID><MODELID></MODELID><MODELPRODUCTID></MODELPRODUCTID><MODELYEAR></MODELYEAR><NAME>Exhaust System #1</NAME><NOTES></NOTES><PARENTMAINTENANCEASSETID>ALEMBICTOWER1</PARENTMAINTENANCEASSETID><PRODUCTID></PRODUCTID><PURCHASEORDERID></PURCHASEORDERID><REPLACEMENTDATE>1900-01-01T00:00:00</REPLACEMENTDATE><REPLACEMENTVALUE>0.000000</REPLACEMENTVALUE><SERIALID></SERIALID><VENDACCOUNT></VENDACCOUNT><WARRANTYDATEFROMVEND>1900-01-01T00:00:00</WARRANTYDATEFROMVEND><WARRANTYID></WARRANTYID><WRKCTRID></WRKCTRID></ENTASSETMAINTENANCEASSETENTITY><ENTASSETMAINTENANCEASSETENTITY><ACQUISITIONCOST>0.000000</ACQUISITIONCOST><ACQUISITIONDATE>1900-01-01T00:00:00</ACQUISITIONDATE><ACTIVEFROM>2024-08-30T00:00:00</ACTIVEFROM><ACTIVETO>1900-01-01T00:00:00</ACTIVETO><DEFAULTDIMENSIONDISPLAYVALUE></DEFAULTDIMENSIONDISPLAYVALUE><FIXEDASSETID></FIXEDASSETID><FUNCTIONALLOCATIONID>WD-PROD-DISILLARY-1-DISTILLER</FUNCTIONALLOCATIONID><LOGISTICSLOCATIONID></LOGISTICSLOCATIONID><MAINTENANCEASSETID>HEATER #1</MAINTENANCEASSETID><MAINTENANCEASSETLIFECYCLESTATEID>ACTIVE</MAINTENANCEASSETLIFECYCLESTATEID><MAINTENANCEASSETTYPEID>HEATER</MAINTENANCEASSETTYPEID><MODELID></MODELID><MODELPRODUCTID></MODELPRODUCTID><MODELYEAR></MODELYEAR><NAME>Heater #1</NAME><NOTES></NOTES><PARENTMAINTENANCEASSETID>ALEMBICTOWER1</PARENTMAINTENANCEASSETID><PRODUCTID></PRODUCTID><PURCHASEORDERID></PURCHASEORDERID><REPLACEMENTDATE>1900-01-01T00:00:00</REPLACEMENTDATE><REPLACEMENTVALUE>0.000000</REPLACEMENTVALUE><SERIALID></SERIALID><VENDACCOUNT></VENDACCOUNT><WARRANTYDATEFROMVEND>1900-01-01T00:00:00</WARRANTYDATEFROMVEND><WARRANTYID></WARRANTYID><WRKCTRID></WRKCTRID></ENTASSETMAINTENANCEASSETENTITY><ENTASSETMAINTENANCEASSETENTITY><ACQUISITIONCOST>0.000000</ACQUISITIONCOST><ACQUISITIONDATE>1900-01-01T00:00:00</ACQUISITIONDATE><ACTIVEFROM>2024-08-30T00:00:00</ACTIVEFROM><ACTIVETO>1900-01-01T00:00:00</ACTIVETO><DEFAULTDIMENSIONDISPLAYVALUE></DEFAULTDIMENSIONDISPLAYVALUE><FIXEDASSETID></FIXEDASSETID><FUNCTIONALLOCATIONID>WD-PROD-DISILLARY-1-DISTILLER</FUNCTIONALLOCATIONID><LOGISTICSLOCATIONID></LOGISTICSLOCATIONID><MAINTENANCEASSETID>VENTDUCTWORK1</MAINTENANCEASSETID><MAINTENANCEASSETLIFECYCLESTATEID>ACTIVE</MAINTENANCEASSETLIFECYCLESTATEID><MAINTENANCEASSETTYPEID>VENTDUCT</MAINTENANCEASSETTYPEID><MODELID></MODELID><MODELPRODUCTID></MODELPRODUCTID><MODELYEAR></MODELYEAR><NAME>Vent Ductwork #1</NAME><NOTES></NOTES><PARENTMAINTENANCEASSETID>AETHERILVENTILATION1</PARENTMAINTENANCEASSETID><PRODUCTID></PRODUCTID><PURCHASEORDERID></PURCHASEORDERID><REPLACEMENTDATE>1900-01-01T00:00:00</REPLACEMENTDATE><REPLACEMENTVALUE>0.000000</REPLACEMENTVALUE><SERIALID></SERIALID><VENDACCOUNT></VENDACCOUNT><WARRANTYDATEFROMVEND>1900-01-01T00:00:00</WARRANTYDATEFROMVEND><WARRANTYID></WARRANTYID><WRKCTRID></WRKCTRID></ENTASSETMAINTENANCEASSETENTITY><ENTASSETMAINTENANCEASSETENTITY><ACQUISITIONCOST>0.000000</ACQUISITIONCOST><ACQUISITIONDATE>1900-01-01T00:00:00</ACQUISITIONDATE><ACTIVEFROM>2024-08-30T00:00:00</ACTIVEFROM><ACTIVETO>1900-01-01T00:00:00</ACTIVETO><DEFAULTDIMENSIONDISPLAYVALUE></DEFAULTDIMENSIONDISPLAYVALUE><FIXEDASSETID></FIXEDASSETID><FUNCTIONALLOCATIONID>WD-PROD-DISILLARY-1-DISTILLER</FUNCTIONALLOCATIONID><LOGISTICSLOCATIONID></LOGISTICSLOCATIONID><MAINTENANCEASSETID>VENTHOOD1</MAINTENANCEASSETID><MAINTENANCEASSETLIFECYCLESTATEID>ACTIVE</MAINTENANCEASSETLIFECYCLESTATEID><MAINTENANCEASSETTYPEID>VENTHOOD</MAINTENANCEASSETTYPEID><MODELID></MODELID><MODELPRODUCTID></MODELPRODUCTID><MODELYEAR></MODELYEAR><NAME>Vent Hood #1</NAME><NOTES></NOTES><PARENTMAINTENANCEASSETID>AETHERILVENTILATION1</PARENTMAINTENANCEASSETID><PRODUCTID></PRODUCTID><PURCHASEORDERID></PURCHASEORDERID><REPLACEMENTDATE>1900-01-01T00:00:00</REPLACEMENTDATE><REPLACEMENTVALUE>0.000000</REPLACEMENTVALUE><SERIALID></SERIALID><VENDACCOUNT></VENDACCOUNT><WARRANTYDATEFROMVEND>1900-01-01T00:00:00</WARRANTYDATEFROMVEND><WARRANTYID></WARRANTYID><WRKCTRID></WRKCTRID></ENTASSETMAINTENANCEASSETENTITY></Document>