﻿<?xml version="1.0" encoding="utf-8"?><Document><ENTASSETMAINTENANCEASSETLIFECYCLEMODELENTITY><ACTIVELIFECYCLESTATEID></ACTIVELIFECYCLESTATEID><INBOUNDLIFECYCLESTATEID></INBOUNDLIFECYCLESTATEID><INSTORAGELIFECYCLESTATEID></INSTORAGELIFECYCLESTATEID><LIFECYCLEMODELID>ALEMBICTOWERS</LIFECYCLEMODELID><NAME>Alembic Tower Lifecycle Model</NAME><ONLOANLIFECYCLESTATEID></ONLOANLIFECYCLESTATEID><OUTBOUNDLIFECYCLESTATEID></OUTBOUNDLIFECYCLESTATEID><RECEIVEDLIFECYCLESTATEID></RECEIVEDLIFECYCLESTATEID></ENTASSETMAINTENANCEASSETLIFECYCLEMODELENTITY><ENTASSETMAINTENANCEASSETLIFECYCLEMODELENTITY><ACTIVELIFECYCLESTATEID></ACTIVELIFECYCLESTATEID><INBOUNDLIFECYCLESTATEID></INBOUNDLIFECYCLESTATEID><INSTORAGELIFECYCLESTATEID></INSTORAGELIFECYCLESTATEID><LIFECYCLEMODELID>ASSETS</LIFECYCLEMODELID><NAME>Asset Lifecycle Model</NAME><ONLOANLIFECYCLESTATEID></ONLOANLIFECYCLESTATEID><OUTBOUNDLIFECYCLESTATEID></OUTBOUNDLIFECYCLESTATEID><RECEIVEDLIFECYCLESTATEID></RECEIVEDLIFECYCLESTATEID></ENTASSETMAINTENANCEASSETLIFECYCLEMODELENTITY><ENTASSETMAINTENANCEASSETLIFECYCLEMODELENTITY><ACTIVELIFECYCLESTATEID></ACTIVELIFECYCLESTATEID><INBOUNDLIFECYCLESTATEID></INBOUNDLIFECYCLESTATEID><INSTORAGELIFECYCLESTATEID></INSTORAGELIFECYCLESTATEID><LIFECYCLEMODELID>COLLECTIONVESSELS</LIFECYCLEMODELID><NAME>Collection Vessels</NAME><ONLOANLIFECYCLESTATEID></ONLOANLIFECYCLESTATEID><OUTBOUNDLIFECYCLESTATEID></OUTBOUNDLIFECYCLESTATEID><RECEIVEDLIFECYCLESTATEID></RECEIVEDLIFECYCLESTATEID></ENTASSETMAINTENANCEASSETLIFECYCLEMODELENTITY><ENTASSETMAINTENANCEASSETLIFECYCLEMODELENTITY><ACTIVELIFECYCLESTATEID></ACTIVELIFECYCLESTATEID><INBOUNDLIFECYCLESTATEID></INBOUNDLIFECYCLESTATEID><INSTORAGELIFECYCLESTATEID></INSTORAGELIFECYCLESTATEID><LIFECYCLEMODELID>CONDENSATIONCOILS</LIFECYCLEMODELID><NAME>Condensation Coils Lifecycle Model</NAME><ONLOANLIFECYCLESTATEID></ONLOANLIFECYCLESTATEID><OUTBOUNDLIFECYCLESTATEID></OUTBOUNDLIFECYCLESTATEID><RECEIVEDLIFECYCLESTATEID></RECEIVEDLIFECYCLESTATEID></ENTASSETMAINTENANCEASSETLIFECYCLEMODELENTITY><ENTASSETMAINTENANCEASSETLIFECYCLEMODELENTITY><ACTIVELIFECYCLESTATEID></ACTIVELIFECYCLESTATEID><INBOUNDLIFECYCLESTATEID></INBOUNDLIFECYCLESTATEID><INSTORAGELIFECYCLESTATEID></INSTORAGELIFECYCLESTATEID><LIFECYCLEMODELID>CONDENSERS</LIFECYCLEMODELID><NAME>Condensers</NAME><ONLOANLIFECYCLESTATEID></ONLOANLIFECYCLESTATEID><OUTBOUNDLIFECYCLESTATEID></OUTBOUNDLIFECYCLESTATEID><RECEIVEDLIFECYCLESTATEID></RECEIVEDLIFECYCLESTATEID></ENTASSETMAINTENANCEASSETLIFECYCLEMODELENTITY><ENTASSETMAINTENANCEASSETLIFECYCLEMODELENTITY><ACTIVELIFECYCLESTATEID></ACTIVELIFECYCLESTATEID><INBOUNDLIFECYCLESTATEID></INBOUNDLIFECYCLESTATEID><INSTORAGELIFECYCLESTATEID></INSTORAGELIFECYCLESTATEID><LIFECYCLEMODELID>CONTROLPANELS</LIFECYCLEMODELID><NAME>Control Panels</NAME><ONLOANLIFECYCLESTATEID></ONLOANLIFECYCLESTATEID><OUTBOUNDLIFECYCLESTATEID></OUTBOUNDLIFECYCLESTATEID><RECEIVEDLIFECYCLESTATEID></RECEIVEDLIFECYCLESTATEID></ENTASSETMAINTENANCEASSETLIFECYCLEMODELENTITY><ENTASSETMAINTENANCEASSETLIFECYCLEMODELENTITY><ACTIVELIFECYCLESTATEID></ACTIVELIFECYCLESTATEID><INBOUNDLIFECYCLESTATEID></INBOUNDLIFECYCLESTATEID><INSTORAGELIFECYCLESTATEID></INSTORAGELIFECYCLESTATEID><LIFECYCLEMODELID>COOLERS</LIFECYCLEMODELID><NAME>Coolers</NAME><ONLOANLIFECYCLESTATEID></ONLOANLIFECYCLESTATEID><OUTBOUNDLIFECYCLESTATEID></OUTBOUNDLIFECYCLESTATEID><RECEIVEDLIFECYCLESTATEID></RECEIVEDLIFECYCLESTATEID></ENTASSETMAINTENANCEASSETLIFECYCLEMODELENTITY><ENTASSETMAINTENANCEASSETLIFECYCLEMODELENTITY><ACTIVELIFECYCLESTATEID></ACTIVELIFECYCLESTATEID><INBOUNDLIFECYCLESTATEID></INBOUNDLIFECYCLESTATEID><INSTORAGELIFECYCLESTATEID></INSTORAGELIFECYCLESTATEID><LIFECYCLEMODELID>COOLINGSYSTEMS</LIFECYCLEMODELID><NAME>Cooling Systems</NAME><ONLOANLIFECYCLESTATEID></ONLOANLIFECYCLESTATEID><OUTBOUNDLIFECYCLESTATEID></OUTBOUNDLIFECYCLESTATEID><RECEIVEDLIFECYCLESTATEID></RECEIVEDLIFECYCLESTATEID></ENTASSETMAINTENANCEASSETLIFECYCLEMODELENTITY><ENTASSETMAINTENANCEASSETLIFECYCLEMODELENTITY><ACTIVELIFECYCLESTATEID></ACTIVELIFECYCLESTATEID><INBOUNDLIFECYCLESTATEID></INBOUNDLIFECYCLESTATEID><INSTORAGELIFECYCLESTATEID></INSTORAGELIFECYCLESTATEID><LIFECYCLEMODELID>ESSENCERECEPTICLES</LIFECYCLEMODELID><NAME>Essence Receptacles</NAME><ONLOANLIFECYCLESTATEID></ONLOANLIFECYCLESTATEID><OUTBOUNDLIFECYCLESTATEID></OUTBOUNDLIFECYCLESTATEID><RECEIVEDLIFECYCLESTATEID></RECEIVEDLIFECYCLESTATEID></ENTASSETMAINTENANCEASSETLIFECYCLEMODELENTITY><ENTASSETMAINTENANCEASSETLIFECYCLEMODELENTITY><ACTIVELIFECYCLESTATEID></ACTIVELIFECYCLESTATEID><INBOUNDLIFECYCLESTATEID></INBOUNDLIFECYCLESTATEID><INSTORAGELIFECYCLESTATEID></INSTORAGELIFECYCLESTATEID><LIFECYCLEMODELID>EXHAUSTSYSTEMS</LIFECYCLEMODELID><NAME>Exhaust Systems</NAME><ONLOANLIFECYCLESTATEID></ONLOANLIFECYCLESTATEID><OUTBOUNDLIFECYCLESTATEID></OUTBOUNDLIFECYCLESTATEID><RECEIVEDLIFECYCLESTATEID></RECEIVEDLIFECYCLESTATEID></ENTASSETMAINTENANCEASSETLIFECYCLEMODELENTITY><ENTASSETMAINTENANCEASSETLIFECYCLEMODELENTITY><ACTIVELIFECYCLESTATEID></ACTIVELIFECYCLESTATEID><INBOUNDLIFECYCLESTATEID></INBOUNDLIFECYCLESTATEID><INSTORAGELIFECYCLESTATEID></INSTORAGELIFECYCLESTATEID><LIFECYCLEMODELID>FURNACES</LIFECYCLEMODELID><NAME>Furnaces</NAME><ONLOANLIFECYCLESTATEID></ONLOANLIFECYCLESTATEID><OUTBOUNDLIFECYCLESTATEID></OUTBOUNDLIFECYCLESTATEID><RECEIVEDLIFECYCLESTATEID></RECEIVEDLIFECYCLESTATEID></ENTASSETMAINTENANCEASSETLIFECYCLEMODELENTITY><ENTASSETMAINTENANCEASSETLIFECYCLEMODELENTITY><ACTIVELIFECYCLESTATEID></ACTIVELIFECYCLESTATEID><INBOUNDLIFECYCLESTATEID></INBOUNDLIFECYCLESTATEID><INSTORAGELIFECYCLESTATEID></INSTORAGELIFECYCLESTATEID><LIFECYCLEMODELID>HEATERS</LIFECYCLEMODELID><NAME>Heaters</NAME><ONLOANLIFECYCLESTATEID></ONLOANLIFECYCLESTATEID><OUTBOUNDLIFECYCLESTATEID></OUTBOUNDLIFECYCLESTATEID><RECEIVEDLIFECYCLESTATEID></RECEIVEDLIFECYCLESTATEID></ENTASSETMAINTENANCEASSETLIFECYCLEMODELENTITY><ENTASSETMAINTENANCEASSETLIFECYCLEMODELENTITY><ACTIVELIFECYCLESTATEID></ACTIVELIFECYCLESTATEID><INBOUNDLIFECYCLESTATEID></INBOUNDLIFECYCLESTATEID><INSTORAGELIFECYCLESTATEID></INSTORAGELIFECYCLESTATEID><LIFECYCLEMODELID>VENTDUCTS</LIFECYCLEMODELID><NAME>Ventilation Ducts</NAME><ONLOANLIFECYCLESTATEID></ONLOANLIFECYCLESTATEID><OUTBOUNDLIFECYCLESTATEID></OUTBOUNDLIFECYCLESTATEID><RECEIVEDLIFECYCLESTATEID></RECEIVEDLIFECYCLESTATEID></ENTASSETMAINTENANCEASSETLIFECYCLEMODELENTITY><ENTASSETMAINTENANCEASSETLIFECYCLEMODELENTITY><ACTIVELIFECYCLESTATEID></ACTIVELIFECYCLESTATEID><INBOUNDLIFECYCLESTATEID></INBOUNDLIFECYCLESTATEID><INSTORAGELIFECYCLESTATEID></INSTORAGELIFECYCLESTATEID><LIFECYCLEMODELID>VENTHOODS</LIFECYCLEMODELID><NAME>Vent Hoods</NAME><ONLOANLIFECYCLESTATEID></ONLOANLIFECYCLESTATEID><OUTBOUNDLIFECYCLESTATEID></OUTBOUNDLIFECYCLESTATEID><RECEIVEDLIFECYCLESTATEID></RECEIVEDLIFECYCLESTATEID></ENTASSETMAINTENANCEASSETLIFECYCLEMODELENTITY><ENTASSETMAINTENANCEASSETLIFECYCLEMODELENTITY><ACTIVELIFECYCLESTATEID></ACTIVELIFECYCLESTATEID><INBOUNDLIFECYCLESTATEID></INBOUNDLIFECYCLESTATEID><INSTORAGELIFECYCLESTATEID></INSTORAGELIFECYCLESTATEID><LIFECYCLEMODELID>VENTILATIONSYSTEMS</LIFECYCLEMODELID><NAME>Ventilation Systems</NAME><ONLOANLIFECYCLESTATEID></ONLOANLIFECYCLESTATEID><OUTBOUNDLIFECYCLESTATEID></OUTBOUNDLIFECYCLESTATEID><RECEIVEDLIFECYCLESTATEID></RECEIVEDLIFECYCLESTATEID></ENTASSETMAINTENANCEASSETLIFECYCLEMODELENTITY></Document>