﻿<?xml version="1.0" encoding="utf-8"?><Document><ENTASSETMAINTENANCEFAULTAREAENTITY><DESCRIPTION>Arcane</DESCRIPTION><FAULTAREAID>ARCANE</FAULTAREAID><PERCENT>0.000000</PERCENT></ENTASSETMAINTENANCEFAULTAREAENTITY><ENTASSETMAINTENANCEFAULTAREAENTITY><DESCRIPTION>Infrastructure</DESCRIPTION><FAULTAREAID>INFRASTRUCTURE</FAULTAREAID><PERCENT>0.000000</PERCENT></ENTASSETMAINTENANCEFAULTAREAENTITY><ENTASSETMAINTENANCEFAULTAREAENTITY><DESCRIPTION>Mechanicals</DESCRIPTION><FAULTAREAID>MECHANICAL</FAULTAREAID><PERCENT>0.000000</PERCENT></ENTASSETMAINTENANCEFAULTAREAENTITY><ENTASSETMAINTENANCEFAULTAREAENTITY><DESCRIPTION>Pneumatics</DESCRIPTION><FAULTAREAID>PNEUMATIC</FAULTAREAID><PERCENT>0.000000</PERCENT></ENTASSETMAINTENANCEFAULTAREAENTITY><ENTASSETMAINTENANCEFAULTAREAENTITY><DESCRIPTION>Safety</DESCRIPTION><FAULTAREAID>SAFETY</FAULTAREAID><PERCENT>0.000000</PERCENT></ENTASSETMAINTENANCEFAULTAREAENTITY></Document>