﻿<?xml version="1.0" encoding="utf-8"?><Document><ENTASSETMAINTENANCEASSETCALENDARENTITY><INTERNALID /><EXPECTEDSTARTORIGINAL /><MAINTENANCEASSETID /><CRITICALITYID /><CRITICALITYNAME /><RESPONSIBLEWORKERPERSONNELNUMBER /><JOBTRADEID /><JOBTYPEID /><JOBVARIANTID /><RESPONSIBLEWORKERGROUPID /><MAINTENANCEPLANID /><MAINTENANCEPLANLINENUMBER /><REQUESTID /><MAINTENANCEASSETROUNDLINENUMBER /><ROUNDID /><COUNTERVALUE /><DESCRIPTION /><EXPECTEDEND /><EXPECTEDSTART /><LINENUMBER /><SERVICELEVEL /><STATUS /></ENTASSETMAINTENANCEASSETCALENDARENTITY></Document>