﻿<?xml version="1.0" encoding="utf-8"?><Document><LEDGERAUTOMATICTRANSACTIONACCOUNTENTITY><MAINACCOUNTIDDISPLAYVALUE>2600</MAINACCOUNTIDDISPLAYVALUE><POSTINGTYPE>MSTDiffSecond</POSTINGTYPE></LEDGERAUTOMATICTRANSACTIONACCOUNTENTITY><LEDGERAUTOMATICTRANSACTIONACCOUNTENTITY><MAINACCOUNTIDDISPLAYVALUE>9999</MAINACCOUNTIDDISPLAYVALUE><POSTINGTYPE>ErrorAccount</POSTINGTYPE></LEDGERAUTOMATICTRANSACTIONACCOUNTENTITY><LEDGERAUTOMATICTRANSACTIONACCOUNTENTITY><MAINACCOUNTIDDISPLAYVALUE>2600</MAINACCOUNTIDDISPLAYVALUE><POSTINGTYPE>MSTDiff</POSTINGTYPE></LEDGERAUTOMATICTRANSACTIONACCOUNTENTITY><LEDGERAUTOMATICTRANSACTIONACCOUNTENTITY><MAINACCOUNTIDDISPLAYVALUE></MAINACCOUNTIDDISPLAYVALUE><POSTINGTYPE>YearResult</POSTINGTYPE></LEDGERAUTOMATICTRANSACTIONACCOUNTENTITY><LEDGERAUTOMATICTRANSACTIONACCOUNTENTITY><MAINACCOUNTIDDISPLAYVALUE></MAINACCOUNTIDDISPLAYVALUE><POSTINGTYPE>ConsolidateDiffBalance</POSTINGTYPE></LEDGERAUTOMATICTRANSACTIONACCOUNTENTITY><LEDGERAUTOMATICTRANSACTIONACCOUNTENTITY><MAINACCOUNTIDDISPLAYVALUE></MAINACCOUNTIDDISPLAYVALUE><POSTINGTYPE>CustCashDisc</POSTINGTYPE></LEDGERAUTOMATICTRANSACTIONACCOUNTENTITY><LEDGERAUTOMATICTRANSACTIONACCOUNTENTITY><MAINACCOUNTIDDISPLAYVALUE></MAINACCOUNTIDDISPLAYVALUE><POSTINGTYPE>VendCashDisc</POSTINGTYPE></LEDGERAUTOMATICTRANSACTIONACCOUNTENTITY><LEDGERAUTOMATICTRANSACTIONACCOUNTENTITY><MAINACCOUNTIDDISPLAYVALUE>2600</MAINACCOUNTIDDISPLAYVALUE><POSTINGTYPE>SalesRoundOff</POSTINGTYPE></LEDGERAUTOMATICTRANSACTIONACCOUNTENTITY><LEDGERAUTOMATICTRANSACTIONACCOUNTENTITY><MAINACCOUNTIDDISPLAYVALUE>2600</MAINACCOUNTIDDISPLAYVALUE><POSTINGTYPE>PurchaseInvoiceRoundOff</POSTINGTYPE></LEDGERAUTOMATICTRANSACTIONACCOUNTENTITY></Document>