﻿<?xml version="1.0" encoding="utf-8"?><Document><AGINGPERIODDEFINITIONENTITY><AGINGINDICATOR>RedDiamond</AGINGINDICATOR><AGINGPERIODDEFINITION>30_60_90_180</AGINGPERIODDEFINITION><DESCRIPTION>Aging for 30, 60, 90, 180+ Days</DESCRIPTION><INTERVAL>Unlimited</INTERVAL><LINENUM>-4.0000000000000000</LINENUM><PERIOD>180+</PERIOD><PRINTDIRECTION>Forward</PRINTDIRECTION><UNIT>-1</UNIT></AGINGPERIODDEFINITIONENTITY><AGINGPERIODDEFINITIONENTITY><AGINGINDICATOR>RedX</AGINGINDICATOR><AGINGPERIODDEFINITION>30_60_90_180</AGINGPERIODDEFINITION><DESCRIPTION>Aging for 30, 60, 90, 180+ Days</DESCRIPTION><INTERVAL>Day</INTERVAL><LINENUM>-3.0000000000000000</LINENUM><PERIOD>90</PERIOD><PRINTDIRECTION>Forward</PRINTDIRECTION><UNIT>-90</UNIT></AGINGPERIODDEFINITIONENTITY><AGINGPERIODDEFINITIONENTITY><AGINGINDICATOR>YellowExclamationPoint</AGINGINDICATOR><AGINGPERIODDEFINITION>30_60_90_180</AGINGPERIODDEFINITION><DESCRIPTION>Aging for 30, 60, 90, 180+ Days</DESCRIPTION><INTERVAL>Day</INTERVAL><LINENUM>-2.0000000000000000</LINENUM><PERIOD>60</PERIOD><PRINTDIRECTION>Forward</PRINTDIRECTION><UNIT>-60</UNIT></AGINGPERIODDEFINITIONENTITY><AGINGPERIODDEFINITIONENTITY><AGINGINDICATOR>YellowTriangle</AGINGINDICATOR><AGINGPERIODDEFINITION>30_60_90_180</AGINGPERIODDEFINITION><DESCRIPTION>Aging for 30, 60, 90, 180+ Days</DESCRIPTION><INTERVAL>Day</INTERVAL><LINENUM>-1.0000000000000000</LINENUM><PERIOD>30</PERIOD><PRINTDIRECTION>Forward</PRINTDIRECTION><UNIT>-30</UNIT></AGINGPERIODDEFINITIONENTITY><AGINGPERIODDEFINITIONENTITY><AGINGINDICATOR>GreenCheck</AGINGINDICATOR><AGINGPERIODDEFINITION>30_60_90_180</AGINGPERIODDEFINITION><DESCRIPTION>Aging for 30, 60, 90, 180+ Days</DESCRIPTION><INTERVAL>Unlimited</INTERVAL><LINENUM>1.0000000000000000</LINENUM><PERIOD>Current</PERIOD><PRINTDIRECTION>Forward</PRINTDIRECTION><UNIT>0</UNIT></AGINGPERIODDEFINITIONENTITY></Document>