﻿<?xml version="1.0" encoding="utf-8"?><Document><BANKPARAMETERSENTITY><ACCOUNTINGCURRENCYEXCHANGERATETYPE></ACCOUNTINGCURRENCYEXCHANGERATETYPE><ALLOWBANKACCOUNTSTATEMENTEDIT>No</ALLOWBANKACCOUNTSTATEMENTEDIT><ALLOWBANKCURRENCYREVAL>No</ALLOWBANKCURRENCYREVAL><ALLOWBLANKBANKSTATEMENT>No</ALLOWBLANKBANKSTATEMENT><ALLOWCHECKSFORLEDGERACCOUNTS>No</ALLOWCHECKSFORLEDGERACCOUNTS><ALLOWINACTIVEBANKPRENOTE>No</ALLOWINACTIVEBANKPRENOTE><ALLOWPAYMENTCOPIES>No</ALLOWPAYMENTCOPIES><BOOKINGDATEASDEFAULTACCOUNTINGDATE>Yes</BOOKINGDATEASDEFAULTACCOUNTINGDATE><CASH></CASH><CASHPOSTING></CASHPOSTING><CHECKFORVOUCHERUSED></CHECKFORVOUCHERUSED><CLEARINGMAINACCOUNTIDFORISSUEDPOSTDATEDCHECKSDISPLAYVALUE></CLEARINGMAINACCOUNTIDFORISSUEDPOSTDATEDCHECKSDISPLAYVALUE><CLEARINGMAINACCOUNTIDFORRECIEVEDPOSTDATEDCHECKSDISPLAYVALUE></CLEARINGMAINACCOUNTIDFORRECIEVEDPOSTDATEDCHECKSDISPLAYVALUE><CREDITLIMITTOLERANCE>None</CREDITLIMITTOLERANCE><ENABLELETTEROFCREDITEXPORT>No</ENABLELETTEROFCREDITEXPORT><ENABLELETTEROFCREDITIMPORT>No</ENABLELETTEROFCREDITIMPORT><ENABLELETTEROFGUARANTEE>No</ENABLELETTEROFGUARANTEE><ENABLEPOSTDATEDCHECKS>No</ENABLEPOSTDATEDCHECKS><EXCHADJRATESOURCE>Ledger</EXCHADJRATESOURCE><LETTEROFGUARANTEEJOURNALNAME></LETTEROFGUARANTEEJOURNALNAME><MAXDATEDIFFERENCEFORRECONCILIATIONMATCHING>0</MAXDATEDIFFERENCEFORRECONCILIATIONMATCHING><NONSUFFICIENTFUNDSTRANSACTIONTYPE>10</NONSUFFICIENTFUNDSTRANSACTIONTYPE><POSTDATEDCHECKSJOURNALNAME></POSTDATEDCHECKSJOURNALNAME><POSTDATEDCHECKSPAYMENTJOURNALNAME></POSTDATEDCHECKSPAYMENTJOURNALNAME><POSTJOURNALENTRIESFORPOSTDATEDCHECKS>No</POSTJOURNALENTRIESFORPOSTDATEDCHECKS><REPORTINGCURRENCYEXCHANGERATETYPE></REPORTINGCURRENCYEXCHANGERATETYPE><REQUIRECHECKREVERSALJOURNAL>No</REQUIRECHECKREVERSALJOURNAL><REQUIRECHECKREVERSALREASON>No</REQUIRECHECKREVERSALREASON><REQUIREDEPOSITCANCELLATIONJOURNAL>No</REQUIREDEPOSITCANCELLATIONJOURNAL><REQUIREDEPOSITCANCELLATIONREASON>No</REQUIREDEPOSITCANCELLATIONREASON><SHOWAMOUNTSINDEBITCREDITONBANKSTATEMENT>No</SHOWAMOUNTSINDEBITCREDITONBANKSTATEMENT><VALIDATERECONCILIATIONMATCHINGDATEDIFFERENCE>No</VALIDATERECONCILIATIONMATCHINGDATEDIFFERENCE><VALIDATERECONCILIATIONMATCHINGTRANSACTIONTYPE>No</VALIDATERECONCILIATIONMATCHINGTRANSACTIONTYPE><VALIDATIONMETHOD></VALIDATIONMETHOD><WITHHOLDINGTAXMAINACCOUNTIDFORPOSTDATEDCHECKSDISPLAYVALUE></WITHHOLDINGTAXMAINACCOUNTIDFORPOSTDATEDCHECKSDISPLAYVALUE></BANKPARAMETERSENTITY></Document>