﻿<?xml version="1.0" encoding="utf-8"?><Document><BANKTRANSACTIONGROUPENTITY><DESCRIPTION>Payments</DESCRIPTION><TRANSACTIONGROUPID>10</TRANSACTIONGROUPID><TRANSACTIONTYPEID>03</TRANSACTIONTYPEID></BANKTRANSACTIONGROUPENTITY><BANKTRANSACTIONGROUPENTITY><DESCRIPTION>Payments</DESCRIPTION><TRANSACTIONGROUPID>10</TRANSACTIONGROUPID><TRANSACTIONTYPEID>04</TRANSACTIONTYPEID></BANKTRANSACTIONGROUPENTITY><BANKTRANSACTIONGROUPENTITY><DESCRIPTION>Payments</DESCRIPTION><TRANSACTIONGROUPID>10</TRANSACTIONGROUPID><TRANSACTIONTYPEID>05</TRANSACTIONTYPEID></BANKTRANSACTIONGROUPENTITY><BANKTRANSACTIONGROUPENTITY><DESCRIPTION>Deposits</DESCRIPTION><TRANSACTIONGROUPID>20</TRANSACTIONGROUPID><TRANSACTIONTYPEID>01</TRANSACTIONTYPEID></BANKTRANSACTIONGROUPENTITY><BANKTRANSACTIONGROUPENTITY><DESCRIPTION>Deposits</DESCRIPTION><TRANSACTIONGROUPID>20</TRANSACTIONGROUPID><TRANSACTIONTYPEID>02</TRANSACTIONTYPEID></BANKTRANSACTIONGROUPENTITY><BANKTRANSACTIONGROUPENTITY><DESCRIPTION>Deposits</DESCRIPTION><TRANSACTIONGROUPID>20</TRANSACTIONGROUPID><TRANSACTIONTYPEID>11</TRANSACTIONTYPEID></BANKTRANSACTIONGROUPENTITY><BANKTRANSACTIONGROUPENTITY><DESCRIPTION>Transfers</DESCRIPTION><TRANSACTIONGROUPID>30</TRANSACTIONGROUPID><TRANSACTIONTYPEID>06</TRANSACTIONTYPEID></BANKTRANSACTIONGROUPENTITY><BANKTRANSACTIONGROUPENTITY><DESCRIPTION>Transfers</DESCRIPTION><TRANSACTIONGROUPID>30</TRANSACTIONGROUPID><TRANSACTIONTYPEID>07</TRANSACTIONTYPEID></BANKTRANSACTIONGROUPENTITY><BANKTRANSACTIONGROUPENTITY><DESCRIPTION><![CDATA[Fees & Charges]]></DESCRIPTION><TRANSACTIONGROUPID>50</TRANSACTIONGROUPID><TRANSACTIONTYPEID>08</TRANSACTIONTYPEID></BANKTRANSACTIONGROUPENTITY><BANKTRANSACTIONGROUPENTITY><DESCRIPTION><![CDATA[Fees & Charges]]></DESCRIPTION><TRANSACTIONGROUPID>50</TRANSACTIONGROUPID><TRANSACTIONTYPEID>09</TRANSACTIONTYPEID></BANKTRANSACTIONGROUPENTITY><BANKTRANSACTIONGROUPENTITY><DESCRIPTION>Interest Income</DESCRIPTION><TRANSACTIONGROUPID>60</TRANSACTIONGROUPID><TRANSACTIONTYPEID>12</TRANSACTIONTYPEID></BANKTRANSACTIONGROUPENTITY><BANKTRANSACTIONGROUPENTITY><DESCRIPTION>NSF</DESCRIPTION><TRANSACTIONGROUPID>90</TRANSACTIONGROUPID><TRANSACTIONTYPEID>10</TRANSACTIONTYPEID></BANKTRANSACTIONGROUPENTITY></Document>