﻿<?xml version="1.0" encoding="utf-8"?><Document><BANKGROUPENTITY><ADDRESSCITY></ADDRESSCITY><ADDRESSCOUNTRY></ADDRESSCOUNTRY><ADDRESSCOUNTRYISOCODE></ADDRESSCOUNTRYISOCODE><ADDRESSCOUNTY></ADDRESSCOUNTY><ADDRESSDESCRIPTION></ADDRESSDESCRIPTION><ADDRESSDISTRICTNAME></ADDRESSDISTRICTNAME><ADDRESSLATITUDE></ADDRESSLATITUDE><ADDRESSLOCATIONID></ADDRESSLOCATIONID><ADDRESSLONGITUDE></ADDRESSLONGITUDE><ADDRESSSTATE></ADDRESSSTATE><ADDRESSSTREET></ADDRESSSTREET><ADDRESSTIMEZONE></ADDRESSTIMEZONE><ADDRESSVALIDFROM></ADDRESSVALIDFROM><ADDRESSVALIDTO></ADDRESSVALIDTO><ADDRESSZIPCODE></ADDRESSZIPCODE><BANKCODE></BANKCODE><BANKGROUPID>BGCU</BANKGROUPID><BANKNAME></BANKNAME><BANKSIDENTIFICATIONOFCOMPANY></BANKSIDENTIFICATIONOFCOMPANY><BANKSTATEMENTNAME></BANKSTATEMENTNAME><BRANCHCODE></BRANCHCODE><BRANCHKANANAME></BRANCHKANANAME><BRANCHNAME></BRANCHNAME><CELLULARPHONE></CELLULARPHONE><CONTACTEMAIL></CONTACTEMAIL><CONTACTFAX></CONTACTFAX><CONTACTNAME></CONTACTNAME><CONTACTPAGER></CONTACTPAGER><CONTACTPHONE></CONTACTPHONE><CONTACTPHONEEXTENSION></CONTACTPHONEEXTENSION><CONTACTSMS></CONTACTSMS><CONTACTTELEX></CONTACTTELEX><CONTACTURL></CONTACTURL><CONTRACTPOSTACCOUNT></CONTRACTPOSTACCOUNT><CURRENCY>FSD</CURRENCY><DRAWER></DRAWER><FULLPRIMARYADDRESS></FULLPRIMARYADDRESS><KANANAME></KANANAME><NAME>Baldurs Gate Credit Union</NAME><ROUTINGNUMBER>567890123</ROUTINGNUMBER><ROUTINGNUMBERTYPE>Code_None</ROUTINGNUMBERTYPE><STATEMENTFORMATID></STATEMENTFORMATID><SUFFIX></SUFFIX><SWIFTNO_EE></SWIFTNO_EE></BANKGROUPENTITY><BANKGROUPENTITY><ADDRESSCITY></ADDRESSCITY><ADDRESSCOUNTRY></ADDRESSCOUNTRY><ADDRESSCOUNTRYISOCODE></ADDRESSCOUNTRYISOCODE><ADDRESSCOUNTY></ADDRESSCOUNTY><ADDRESSDESCRIPTION></ADDRESSDESCRIPTION><ADDRESSDISTRICTNAME></ADDRESSDISTRICTNAME><ADDRESSLATITUDE></ADDRESSLATITUDE><ADDRESSLOCATIONID></ADDRESSLOCATIONID><ADDRESSLONGITUDE></ADDRESSLONGITUDE><ADDRESSSTATE></ADDRESSSTATE><ADDRESSSTREET></ADDRESSSTREET><ADDRESSTIMEZONE></ADDRESSTIMEZONE><ADDRESSVALIDFROM></ADDRESSVALIDFROM><ADDRESSVALIDTO></ADDRESSVALIDTO><ADDRESSZIPCODE></ADDRESSZIPCODE><BANKCODE></BANKCODE><BANKGROUPID>BOFAE</BANKGROUPID><BANKNAME></BANKNAME><BANKSIDENTIFICATIONOFCOMPANY></BANKSIDENTIFICATIONOFCOMPANY><BANKSTATEMENTNAME></BANKSTATEMENTNAME><BRANCHCODE></BRANCHCODE><BRANCHKANANAME></BRANCHKANANAME><BRANCHNAME></BRANCHNAME><CELLULARPHONE></CELLULARPHONE><CONTACTEMAIL></CONTACTEMAIL><CONTACTFAX></CONTACTFAX><CONTACTNAME></CONTACTNAME><CONTACTPAGER></CONTACTPAGER><CONTACTPHONE></CONTACTPHONE><CONTACTPHONEEXTENSION></CONTACTPHONEEXTENSION><CONTACTSMS></CONTACTSMS><CONTACTTELEX></CONTACTTELEX><CONTACTURL></CONTACTURL><CONTRACTPOSTACCOUNT></CONTRACTPOSTACCOUNT><CURRENCY>FSD</CURRENCY><DRAWER></DRAWER><FULLPRIMARYADDRESS></FULLPRIMARYADDRESS><KANANAME></KANANAME><NAME>Bank of Faerûn</NAME><ROUTINGNUMBER>123456789</ROUTINGNUMBER><ROUTINGNUMBERTYPE>Code_None</ROUTINGNUMBERTYPE><STATEMENTFORMATID></STATEMENTFORMATID><SUFFIX></SUFFIX><SWIFTNO_EE></SWIFTNO_EE></BANKGROUPENTITY><BANKGROUPENTITY><ADDRESSCITY></ADDRESSCITY><ADDRESSCOUNTRY></ADDRESSCOUNTRY><ADDRESSCOUNTRYISOCODE></ADDRESSCOUNTRYISOCODE><ADDRESSCOUNTY></ADDRESSCOUNTY><ADDRESSDESCRIPTION></ADDRESSDESCRIPTION><ADDRESSDISTRICTNAME></ADDRESSDISTRICTNAME><ADDRESSLATITUDE></ADDRESSLATITUDE><ADDRESSLOCATIONID></ADDRESSLOCATIONID><ADDRESSLONGITUDE></ADDRESSLONGITUDE><ADDRESSSTATE></ADDRESSSTATE><ADDRESSSTREET></ADDRESSSTREET><ADDRESSTIMEZONE></ADDRESSTIMEZONE><ADDRESSVALIDFROM></ADDRESSVALIDFROM><ADDRESSVALIDTO></ADDRESSVALIDTO><ADDRESSZIPCODE></ADDRESSZIPCODE><BANKCODE></BANKCODE><BANKGROUPID>MCML</BANKGROUPID><BANKNAME></BANKNAME><BANKSIDENTIFICATIONOFCOMPANY></BANKSIDENTIFICATIONOFCOMPANY><BANKSTATEMENTNAME></BANKSTATEMENTNAME><BRANCHCODE></BRANCHCODE><BRANCHKANANAME></BRANCHKANANAME><BRANCHNAME></BRANCHNAME><CELLULARPHONE></CELLULARPHONE><CONTACTEMAIL></CONTACTEMAIL><CONTACTFAX></CONTACTFAX><CONTACTNAME></CONTACTNAME><CONTACTPAGER></CONTACTPAGER><CONTACTPHONE></CONTACTPHONE><CONTACTPHONEEXTENSION></CONTACTPHONEEXTENSION><CONTACTSMS></CONTACTSMS><CONTACTTELEX></CONTACTTELEX><CONTACTURL></CONTACTURL><CONTRACTPOSTACCOUNT></CONTRACTPOSTACCOUNT><CURRENCY>FGP</CURRENCY><DRAWER></DRAWER><FULLPRIMARYADDRESS></FULLPRIMARYADDRESS><KANANAME></KANANAME><NAME>Manycoin Money Lender</NAME><ROUTINGNUMBER>667637912</ROUTINGNUMBER><ROUTINGNUMBERTYPE>Code_None</ROUTINGNUMBERTYPE><STATEMENTFORMATID></STATEMENTFORMATID><SUFFIX></SUFFIX><SWIFTNO_EE></SWIFTNO_EE></BANKGROUPENTITY><BANKGROUPENTITY><ADDRESSCITY></ADDRESSCITY><ADDRESSCOUNTRY></ADDRESSCOUNTRY><ADDRESSCOUNTRYISOCODE></ADDRESSCOUNTRYISOCODE><ADDRESSCOUNTY></ADDRESSCOUNTY><ADDRESSDESCRIPTION></ADDRESSDESCRIPTION><ADDRESSDISTRICTNAME></ADDRESSDISTRICTNAME><ADDRESSLATITUDE></ADDRESSLATITUDE><ADDRESSLOCATIONID></ADDRESSLOCATIONID><ADDRESSLONGITUDE></ADDRESSLONGITUDE><ADDRESSSTATE></ADDRESSSTATE><ADDRESSSTREET></ADDRESSSTREET><ADDRESSTIMEZONE></ADDRESSTIMEZONE><ADDRESSVALIDFROM></ADDRESSVALIDFROM><ADDRESSVALIDTO></ADDRESSVALIDTO><ADDRESSZIPCODE></ADDRESSZIPCODE><BANKCODE></BANKCODE><BANKGROUPID>SCCB</BANKGROUPID><BANKNAME></BANKNAME><BANKSIDENTIFICATIONOFCOMPANY></BANKSIDENTIFICATIONOFCOMPANY><BANKSTATEMENTNAME></BANKSTATEMENTNAME><BRANCHCODE></BRANCHCODE><BRANCHKANANAME></BRANCHKANANAME><BRANCHNAME></BRANCHNAME><CELLULARPHONE></CELLULARPHONE><CONTACTEMAIL></CONTACTEMAIL><CONTACTFAX></CONTACTFAX><CONTACTNAME></CONTACTNAME><CONTACTPAGER></CONTACTPAGER><CONTACTPHONE></CONTACTPHONE><CONTACTPHONEEXTENSION></CONTACTPHONEEXTENSION><CONTACTSMS></CONTACTSMS><CONTACTTELEX></CONTACTTELEX><CONTACTURL></CONTACTURL><CONTRACTPOSTACCOUNT></CONTRACTPOSTACCOUNT><CURRENCY>FSD</CURRENCY><DRAWER></DRAWER><FULLPRIMARYADDRESS></FULLPRIMARYADDRESS><KANANAME></KANANAME><NAME>Sword Coast Community Bank</NAME><ROUTINGNUMBER>987654321</ROUTINGNUMBER><ROUTINGNUMBERTYPE>Code_None</ROUTINGNUMBERTYPE><STATEMENTFORMATID></STATEMENTFORMATID><SUFFIX></SUFFIX><SWIFTNO_EE></SWIFTNO_EE></BANKGROUPENTITY></Document>