﻿<?xml version="1.0" encoding="utf-8"?><Document><BANKACCOUNTENTITY><ACCOUNTINGCURRENCYEXCHANGERATETYPE></ACCOUNTINGCURRENCYEXCHANGERATETYPE><ACCOUNTNUMBER>00001</ACCOUNTNUMBER><ACTIVEFROM>1900-01-01T00:00:00</ACTIVEFROM><ACTIVETO>1900-01-01T00:00:00</ACTIVETO><ADDRESSCITY></ADDRESSCITY><ADDRESSCOUNTRY></ADDRESSCOUNTRY><ADDRESSCOUNTRYISOCODE></ADDRESSCOUNTRYISOCODE><ADDRESSCOUNTY></ADDRESSCOUNTY><ADDRESSDESCRIPTION></ADDRESSDESCRIPTION><ADDRESSDISTRICTNAME></ADDRESSDISTRICTNAME><ADDRESSLATITUDE></ADDRESSLATITUDE><ADDRESSLOCATIONID></ADDRESSLOCATIONID><ADDRESSLONGITUDE></ADDRESSLONGITUDE><ADDRESSSTATE></ADDRESSSTATE><ADDRESSSTREET></ADDRESSSTREET><ADDRESSTIMEZONE></ADDRESSTIMEZONE><ADDRESSVALIDFROM></ADDRESSVALIDFROM><ADDRESSVALIDTO></ADDRESSVALIDTO><ADDRESSZIPCODE></ADDRESSZIPCODE><ALLOWEDPENNYDIFFERENCEFORRECONCILIATION>0.000000</ALLOWEDPENNYDIFFERENCEFORRECONCILIATION><ALLOWTRANSACTIONSINADDITIONALCURRENCIES>No</ALLOWTRANSACTIONSINADDITIONALCURRENCIES><BANKACCOUNTID>OPER FSD</BANKACCOUNTID><BANKACCOUNTSTATUS>ActiveForAllTransactions</BANKACCOUNTSTATUS><BANKGROUPID>BOFAE</BANKGROUPID><BANKMAINACCOUNTIDDISPLAYVALUE>1100</BANKMAINACCOUNTIDDISPLAYVALUE><BANKSIDENTIFICATIONOFCOMPANY></BANKSIDENTIFICATIONOFCOMPANY><BANKSTATEMENTFORMATID></BANKSTATEMENTFORMATID><BESRIDNUMBER></BESRIDNUMBER><CLEARINGCODE></CLEARINGCODE><COLLECTIONEXPENSESFEE>0.000000</COLLECTIONEXPENSESFEE><COLLECTIONMAINACCOUNTIDDISPLAYVALUE></COLLECTIONMAINACCOUNTIDDISPLAYVALUE><CONTACTEMAIL></CONTACTEMAIL><CONTACTFAXNUMBER></CONTACTFAXNUMBER><CONTACTINTERNETADDRESS></CONTACTINTERNETADDRESS><CONTACTMOBILEPHONE></CONTACTMOBILEPHONE><CONTACTNAME></CONTACTNAME><CONTACTPAGER></CONTACTPAGER><CONTACTPHONENUMBER></CONTACTPHONENUMBER><CONTACTPHONENUMBEREXTENSION></CONTACTPHONENUMBEREXTENSION><CONTACTSMS></CONTACTSMS><CONTACTTELEXNUMBER></CONTACTTELEXNUMBER><CONTRACTPOSTACCOUNT></CONTRACTPOSTACCOUNT><CONTROLINTERNALNUMBER></CONTROLINTERNALNUMBER><CREDITLIMIT>0.000000</CREDITLIMIT><CURRENCYCODE>FSD</CURRENCYCODE><CUSTOMERPAYMENTFEEMAINACCOUNTIDDISPLAYVALUE></CUSTOMERPAYMENTFEEMAINACCOUNTIDDISPLAYVALUE><DEFAULTDIMENSIONDISPLAYVALUE></DEFAULTDIMENSIONDISPLAYVALUE><DIRECTDEBITID></DIRECTDEBITID><DISCOUNTINTERESTSFEE>0.000000</DISCOUNTINTERESTSFEE><DISCOUNTMAINACCOUNTIDDISPLAYVALUE></DISCOUNTMAINACCOUNTIDDISPLAYVALUE><DRAWER></DRAWER><ENABLEADVANCEDBANKRECONCILIATION>No</ENABLEADVANCEDBANKRECONCILIATION><ESR></ESR><FEEESRACCOUNTNUMBER></FEEESRACCOUNTNUMBER><FEEJOURNALNAME></FEEJOURNALNAME><FULLPRIMARYADDRESS></FULLPRIMARYADDRESS><IBAN></IBAN><INVOICEREMITFEE>0.000000</INVOICEREMITFEE><INVOICEREMITMAINACCOUNTIDDISPLAYVALUE></INVOICEREMITMAINACCOUNTIDDISPLAYVALUE><ISPRENOTEREQUIRED>No</ISPRENOTEREQUIRED><NAME>Operating Account - Bank of Faerûn (FSD)</NAME><NONSUFFICIENTFUNDSCHARGESGROUPID></NONSUFFICIENTFUNDSCHARGESGROUPID><NONSUFFICIENTFUNDSJOURNALNAME></NONSUFFICIENTFUNDSJOURNALNAME><PAYMENTDISCOUNTINGMAXIMUM>0.000000</PAYMENTDISCOUNTINGMAXIMUM><POSITIVEPAYFORMATNAME></POSITIVEPAYFORMATNAME><POSITIVEPAYSTARTDATE>1900-01-01T00:00:00</POSITIVEPAYSTARTDATE><POSTCUSTOMERPAYMENTFEE>No</POSTCUSTOMERPAYMENTFEE><PRENOTERESPONSEDAYS>0</PRENOTERESPONSEDAYS><RECONCILEAFTERSTATEMENTIMPORT>No</RECONCILEAFTERSTATEMENTIMPORT><RECONCILIATIONMATCHINGRULESETID></RECONCILIATIONMATCHINGRULESETID><REPORTINGCURRENCYEXCHANGERATETYPE></REPORTINGCURRENCYEXCHANGERATETYPE><ROUTINGNUMBER>123456789</ROUTINGNUMBER><ROUTINGNUMBERTYPE>Code_None</ROUTINGNUMBERTYPE><SORTCODE></SORTCODE><STATEMENTNAME></STATEMENTNAME><SUFFIX></SUFFIX><SWIFTCODE></SWIFTCODE><USEBANKSTATEMENTSASCONFIRMATIONOFELECTRONICPAYMENTS>No</USEBANKSTATEMENTSASCONFIRMATIONOFELECTRONICPAYMENTS></BANKACCOUNTENTITY><BANKACCOUNTENTITY><ACCOUNTINGCURRENCYEXCHANGERATETYPE></ACCOUNTINGCURRENCYEXCHANGERATETYPE><ACCOUNTNUMBER>00002</ACCOUNTNUMBER><ACTIVEFROM>1900-01-01T00:00:00</ACTIVEFROM><ACTIVETO>1900-01-01T00:00:00</ACTIVETO><ADDRESSCITY></ADDRESSCITY><ADDRESSCOUNTRY></ADDRESSCOUNTRY><ADDRESSCOUNTRYISOCODE></ADDRESSCOUNTRYISOCODE><ADDRESSCOUNTY></ADDRESSCOUNTY><ADDRESSDESCRIPTION></ADDRESSDESCRIPTION><ADDRESSDISTRICTNAME></ADDRESSDISTRICTNAME><ADDRESSLATITUDE></ADDRESSLATITUDE><ADDRESSLOCATIONID></ADDRESSLOCATIONID><ADDRESSLONGITUDE></ADDRESSLONGITUDE><ADDRESSSTATE></ADDRESSSTATE><ADDRESSSTREET></ADDRESSSTREET><ADDRESSTIMEZONE></ADDRESSTIMEZONE><ADDRESSVALIDFROM></ADDRESSVALIDFROM><ADDRESSVALIDTO></ADDRESSVALIDTO><ADDRESSZIPCODE></ADDRESSZIPCODE><ALLOWEDPENNYDIFFERENCEFORRECONCILIATION>0.000000</ALLOWEDPENNYDIFFERENCEFORRECONCILIATION><ALLOWTRANSACTIONSINADDITIONALCURRENCIES>No</ALLOWTRANSACTIONSINADDITIONALCURRENCIES><BANKACCOUNTID>PAY FSD</BANKACCOUNTID><BANKACCOUNTSTATUS>ActiveForAllTransactions</BANKACCOUNTSTATUS><BANKGROUPID>BOFAE</BANKGROUPID><BANKMAINACCOUNTIDDISPLAYVALUE>1110</BANKMAINACCOUNTIDDISPLAYVALUE><BANKSIDENTIFICATIONOFCOMPANY></BANKSIDENTIFICATIONOFCOMPANY><BANKSTATEMENTFORMATID></BANKSTATEMENTFORMATID><BESRIDNUMBER></BESRIDNUMBER><CLEARINGCODE></CLEARINGCODE><COLLECTIONEXPENSESFEE>0.000000</COLLECTIONEXPENSESFEE><COLLECTIONMAINACCOUNTIDDISPLAYVALUE></COLLECTIONMAINACCOUNTIDDISPLAYVALUE><CONTACTEMAIL></CONTACTEMAIL><CONTACTFAXNUMBER></CONTACTFAXNUMBER><CONTACTINTERNETADDRESS></CONTACTINTERNETADDRESS><CONTACTMOBILEPHONE></CONTACTMOBILEPHONE><CONTACTNAME></CONTACTNAME><CONTACTPAGER></CONTACTPAGER><CONTACTPHONENUMBER></CONTACTPHONENUMBER><CONTACTPHONENUMBEREXTENSION></CONTACTPHONENUMBEREXTENSION><CONTACTSMS></CONTACTSMS><CONTACTTELEXNUMBER></CONTACTTELEXNUMBER><CONTRACTPOSTACCOUNT></CONTRACTPOSTACCOUNT><CONTROLINTERNALNUMBER></CONTROLINTERNALNUMBER><CREDITLIMIT>0.000000</CREDITLIMIT><CURRENCYCODE>FSD</CURRENCYCODE><CUSTOMERPAYMENTFEEMAINACCOUNTIDDISPLAYVALUE></CUSTOMERPAYMENTFEEMAINACCOUNTIDDISPLAYVALUE><DEFAULTDIMENSIONDISPLAYVALUE></DEFAULTDIMENSIONDISPLAYVALUE><DIRECTDEBITID></DIRECTDEBITID><DISCOUNTINTERESTSFEE>0.000000</DISCOUNTINTERESTSFEE><DISCOUNTMAINACCOUNTIDDISPLAYVALUE></DISCOUNTMAINACCOUNTIDDISPLAYVALUE><DRAWER></DRAWER><ENABLEADVANCEDBANKRECONCILIATION>No</ENABLEADVANCEDBANKRECONCILIATION><ESR></ESR><FEEESRACCOUNTNUMBER></FEEESRACCOUNTNUMBER><FEEJOURNALNAME></FEEJOURNALNAME><FULLPRIMARYADDRESS></FULLPRIMARYADDRESS><IBAN></IBAN><INVOICEREMITFEE>0.000000</INVOICEREMITFEE><INVOICEREMITMAINACCOUNTIDDISPLAYVALUE></INVOICEREMITMAINACCOUNTIDDISPLAYVALUE><ISPRENOTEREQUIRED>No</ISPRENOTEREQUIRED><NAME>Payroll Account - Bank of Faerûn (FSD)</NAME><NONSUFFICIENTFUNDSCHARGESGROUPID></NONSUFFICIENTFUNDSCHARGESGROUPID><NONSUFFICIENTFUNDSJOURNALNAME></NONSUFFICIENTFUNDSJOURNALNAME><PAYMENTDISCOUNTINGMAXIMUM>0.000000</PAYMENTDISCOUNTINGMAXIMUM><POSITIVEPAYFORMATNAME></POSITIVEPAYFORMATNAME><POSITIVEPAYSTARTDATE>1900-01-01T00:00:00</POSITIVEPAYSTARTDATE><POSTCUSTOMERPAYMENTFEE>No</POSTCUSTOMERPAYMENTFEE><PRENOTERESPONSEDAYS>0</PRENOTERESPONSEDAYS><RECONCILEAFTERSTATEMENTIMPORT>No</RECONCILEAFTERSTATEMENTIMPORT><RECONCILIATIONMATCHINGRULESETID></RECONCILIATIONMATCHINGRULESETID><REPORTINGCURRENCYEXCHANGERATETYPE></REPORTINGCURRENCYEXCHANGERATETYPE><ROUTINGNUMBER>123456789</ROUTINGNUMBER><ROUTINGNUMBERTYPE>Code_None</ROUTINGNUMBERTYPE><SORTCODE></SORTCODE><STATEMENTNAME></STATEMENTNAME><SUFFIX></SUFFIX><SWIFTCODE></SWIFTCODE><USEBANKSTATEMENTSASCONFIRMATIONOFELECTRONICPAYMENTS>No</USEBANKSTATEMENTSASCONFIRMATIONOFELECTRONICPAYMENTS></BANKACCOUNTENTITY></Document>