﻿<?xml version="1.0" encoding="utf-8"?><Document><BANKTRANSACTIONTYPEENTITY><MAINACCOUNTIDDISPLAYVALUE></MAINACCOUNTIDDISPLAYVALUE><NAME>Deposits</NAME><TRANSACTIONTYPEID>01</TRANSACTIONTYPEID></BANKTRANSACTIONTYPEENTITY><BANKTRANSACTIONTYPEENTITY><MAINACCOUNTIDDISPLAYVALUE></MAINACCOUNTIDDISPLAYVALUE><NAME>Deposits - Electronic</NAME><TRANSACTIONTYPEID>02</TRANSACTIONTYPEID></BANKTRANSACTIONTYPEENTITY><BANKTRANSACTIONTYPEENTITY><MAINACCOUNTIDDISPLAYVALUE></MAINACCOUNTIDDISPLAYVALUE><NAME>Payments - Electronic</NAME><TRANSACTIONTYPEID>03</TRANSACTIONTYPEID></BANKTRANSACTIONTYPEENTITY><BANKTRANSACTIONTYPEENTITY><MAINACCOUNTIDDISPLAYVALUE></MAINACCOUNTIDDISPLAYVALUE><NAME>Payments - Printed</NAME><TRANSACTIONTYPEID>04</TRANSACTIONTYPEID></BANKTRANSACTIONTYPEENTITY><BANKTRANSACTIONTYPEENTITY><MAINACCOUNTIDDISPLAYVALUE></MAINACCOUNTIDDISPLAYVALUE><NAME>Payments - Manual</NAME><TRANSACTIONTYPEID>05</TRANSACTIONTYPEID></BANKTRANSACTIONTYPEENTITY><BANKTRANSACTIONTYPEENTITY><MAINACCOUNTIDDISPLAYVALUE></MAINACCOUNTIDDISPLAYVALUE><NAME>Transfers</NAME><TRANSACTIONTYPEID>06</TRANSACTIONTYPEID></BANKTRANSACTIONTYPEENTITY><BANKTRANSACTIONTYPEENTITY><MAINACCOUNTIDDISPLAYVALUE></MAINACCOUNTIDDISPLAYVALUE><NAME>Transfers - Wire</NAME><TRANSACTIONTYPEID>07</TRANSACTIONTYPEID></BANKTRANSACTIONTYPEENTITY><BANKTRANSACTIONTYPEENTITY><MAINACCOUNTIDDISPLAYVALUE>6040</MAINACCOUNTIDDISPLAYVALUE><NAME>Fees</NAME><TRANSACTIONTYPEID>08</TRANSACTIONTYPEID></BANKTRANSACTIONTYPEENTITY><BANKTRANSACTIONTYPEENTITY><MAINACCOUNTIDDISPLAYVALUE>8000</MAINACCOUNTIDDISPLAYVALUE><NAME>Interest Charges</NAME><TRANSACTIONTYPEID>09</TRANSACTIONTYPEID></BANKTRANSACTIONTYPEENTITY><BANKTRANSACTIONTYPEENTITY><MAINACCOUNTIDDISPLAYVALUE></MAINACCOUNTIDDISPLAYVALUE><NAME>NSF</NAME><TRANSACTIONTYPEID>10</TRANSACTIONTYPEID></BANKTRANSACTIONTYPEENTITY><BANKTRANSACTIONTYPEENTITY><MAINACCOUNTIDDISPLAYVALUE></MAINACCOUNTIDDISPLAYVALUE><NAME>Deposits - Credit Cards</NAME><TRANSACTIONTYPEID>11</TRANSACTIONTYPEID></BANKTRANSACTIONTYPEENTITY><BANKTRANSACTIONTYPEENTITY><MAINACCOUNTIDDISPLAYVALUE></MAINACCOUNTIDDISPLAYVALUE><NAME>Interest Income</NAME><TRANSACTIONTYPEID>12</TRANSACTIONTYPEID></BANKTRANSACTIONTYPEENTITY></Document>