﻿<?xml version="1.0" encoding="utf-8"?><Document><BUDGETPARAMETERSENTITY><ALLOCATIONKEY></ALLOCATIONKEY><BUDGETJOURNAL></BUDGETJOURNAL><CHECKREVENUEBUDGETFORZEROBUDGETBALANCES>None</CHECKREVENUEBUDGETFORZEROBUDGETBALANCES><DOCOMPLETEREGISTERENTRIESONTRANSFERFROMDEMANDFORECAST>No</DOCOMPLETEREGISTERENTRIESONTRANSFERFROMDEMANDFORECAST><DOCOMPLETEREGISTERENTRIESONTRANSFERFROMFIXEDASSETS>No</DOCOMPLETEREGISTERENTRIESONTRANSFERFROMFIXEDASSETS><DOCOMPLETEREGISTERENTRIESONTRANSFERFROMPROJECT>No</DOCOMPLETEREGISTERENTRIESONTRANSFERFROMPROJECT><DOCOMPLETEREGISTERENTRIESONTRANSFERFROMSUPPLYFORECAST>No</DOCOMPLETEREGISTERENTRIESONTRANSFERFROMSUPPLYFORECAST><TIMEPERIODFORBUDGETBALANCES>FiscalPeriod</TIMEPERIODFORBUDGETBALANCES><USEFRENCHPUBLICSECTORACCOUNTINGRULES>No</USEFRENCHPUBLICSECTORACCOUNTINGRULES><USEGENERALBUDGETRESERVATIONPUBLICSECTORACCOUNTINGRULES>No</USEGENERALBUDGETRESERVATIONPUBLICSECTORACCOUNTINGRULES><USERULESFORBUDGETTRANSFERS>No</USERULESFORBUDGETTRANSFERS></BUDGETPARAMETERSENTITY></Document>