﻿<?xml version="1.0" encoding="utf-8"?><Document><BUDGETCONTROLCONFIGURATIONENTITY><ACCOUNTSTRUCTURE /><DEFAULTBUDGETCONTROLINTERVAL /><DEFAULTBUDGETCYCLETIMESPANFISCALCALENDARID /><DEFAULTBUDGETCYCLETIMESPANNAME /><DEFAULTBUDGETMANAGER /><DEFAULTBUDGETTHRESHOLDPERCENT /><DISPLAYAMESSAGEWHENEXCEEDINGBUDGETTHRESHOLD /><INCLUDECARRYFORWARDAMOUNTSINBUDGETFUNDSAVAILABLECALCULATION /><INUSEBY /><INUSESINCEDATETIME /><LEGALENTITYID /><STATUS /><SUBTRACTACTUALEXPENDITURESINBUDGETFUNDSAVAILABLECALCULATION /><SUBTRACTENCUMBRANCESINBUDGETFUNDSAVAILABLECALCULATION /><SUBTRACTPREENCUMBRANCESINBUDGETFUNDSAVAILABLECALCULATION /><SUBTRACTUNCONFIRMEDENCUMBRANCEREDUCTIONSINBUDGETFUNDSAVAILABLECALCULATION /><SUBTRACTUNCONFIRMEDENCUMBRANCESINBUDGETFUNDSAVAILABLECALCULATION /><SUBTRACTUNCONFIRMEDPREENCUMBRANCESINBUDGETFUNDSAVAILABLECALCULATION /><SUBTRACTUNPOSTEDACTUALEXPENDITURESINBUDGETFUNDSAVAILABLECALCULATION /><SUMDRAFTREVISIONSINBUDGETFUNDSAVAILABLECALCULATION /><SUMDRAFTTRANSFERSININBUDGETFUNDSAVAILABLECALCULATION /><SUMDRAFTTRANSFERSOUTINBUDGETFUNDSAVAILABLECALCULATION /><SUMORIGINALBUDGETINBUDGETFUNDSAVAILABLECALCULATION /><SUMPRELIMINARYBUDGETINBUDGETFUNDSAVAILABLECALCULATION /><SUMREVISIONSINBUDGETFUNDSAVAILABLECALCULATION /><SUMTRANSFERSINBUDGETFUNDSAVAILABLECALCULATION /><USEONLYAPPORTIONEDAMOUNTINBUDGETFUNDSAVAILABLECALCULATION /></BUDGETCONTROLCONFIGURATIONENTITY></Document>