﻿<?xml version="1.0" encoding="utf-8"?><Document><INVENTBUYERGROUPENTITY><GROUPDESCRIPTION>Administration</GROUPDESCRIPTION><GROUPID>ADMIN</GROUPID></INVENTBUYERGROUPENTITY><INVENTBUYERGROUPENTITY><GROUPDESCRIPTION>Commodities</GROUPDESCRIPTION><GROUPID>COMMODITY</GROUPID></INVENTBUYERGROUPENTITY><INVENTBUYERGROUPENTITY><GROUPDESCRIPTION>Enchanted Items</GROUPDESCRIPTION><GROUPID>ENCHANTED</GROUPID></INVENTBUYERGROUPENTITY><INVENTBUYERGROUPENTITY><GROUPDESCRIPTION>Ingredient Supplies</GROUPDESCRIPTION><GROUPID>INGREDIENT</GROUPID></INVENTBUYERGROUPENTITY><INVENTBUYERGROUPENTITY><GROUPDESCRIPTION>Maintenance, Repair and Operations</GROUPDESCRIPTION><GROUPID>MRO</GROUPID></INVENTBUYERGROUPENTITY><INVENTBUYERGROUPENTITY><GROUPDESCRIPTION>Packaging Supplies</GROUPDESCRIPTION><GROUPID>PACKAGING</GROUPID></INVENTBUYERGROUPENTITY></Document>