﻿<?xml version="1.0" encoding="utf-8"?><Document><WORKCALENDARENTITY><BASEWORKCALENDARID></BASEWORKCALENDARID><CALENDARID>STANDARD</CALENDARID><CALENDARNAME>Standard Calendar</CALENDARNAME><DEFAULTENDINGTIME></DEFAULTENDINGTIME><DEFAULTSTARTINGTIME></DEFAULTSTARTINGTIME><ISFRIDAYWORKINGDAY></ISFRIDAYWORKINGDAY><ISMONDAYWORKINGDAY></ISMONDAYWORKINGDAY><ISSATURDAYWORKINGDAY></ISSATURDAYWORKINGDAY><ISSUNDAYWORKINGDAY></ISSUNDAYWORKINGDAY><ISTHURSDAYWORKINGDAY></ISTHURSDAYWORKINGDAY><ISTUESDAYWORKINGDAY></ISTUESDAYWORKINGDAY><ISWEDNESDAYWORKINGDAY></ISWEDNESDAYWORKINGDAY><WORKCALENDARHOLIDAYID></WORKCALENDARHOLIDAYID><WORKHOURS>8.000000</WORKHOURS></WORKCALENDARENTITY></Document>