﻿<?xml version="1.0" encoding="utf-8"?><Document><CASHDISCOUNTENTITY><CASHDISCOUNTCODE>01NET10</CASHDISCOUNTCODE><DESCRIPTION>1% Net 10 Days</DESCRIPTION><DISCOUNTMETHOD>Net</DISCOUNTMETHOD><MAINACCOUNTIDFORCUSTOMERDISCOUNTSDISPLAYVALUE>4400</MAINACCOUNTIDFORCUSTOMERDISCOUNTSDISPLAYVALUE><MAINACCOUNTIDFORVENDORDISCOUNTSDISPLAYVALUE></MAINACCOUNTIDFORVENDORDISCOUNTSDISPLAYVALUE><NEXTCASHDISCOUNTCODE></NEXTCASHDISCOUNTCODE><NUMBEROFDAYS>10</NUMBEROFDAYS><NUMBEROFMONTHS>0</NUMBEROFMONTHS><OFFSETMETHODFORVENDORDISCOUNTS>InvoiceAccount</OFFSETMETHODFORVENDORDISCOUNTS><PERCENT>1.000000</PERCENT></CASHDISCOUNTENTITY><CASHDISCOUNTENTITY><CASHDISCOUNTCODE>01NET30</CASHDISCOUNTCODE><DESCRIPTION>1% Net 30 Days</DESCRIPTION><DISCOUNTMETHOD>Net</DISCOUNTMETHOD><MAINACCOUNTIDFORCUSTOMERDISCOUNTSDISPLAYVALUE>4400</MAINACCOUNTIDFORCUSTOMERDISCOUNTSDISPLAYVALUE><MAINACCOUNTIDFORVENDORDISCOUNTSDISPLAYVALUE></MAINACCOUNTIDFORVENDORDISCOUNTSDISPLAYVALUE><NEXTCASHDISCOUNTCODE></NEXTCASHDISCOUNTCODE><NUMBEROFDAYS>30</NUMBEROFDAYS><NUMBEROFMONTHS>0</NUMBEROFMONTHS><OFFSETMETHODFORVENDORDISCOUNTS>InvoiceAccount</OFFSETMETHODFORVENDORDISCOUNTS><PERCENT>1.000000</PERCENT></CASHDISCOUNTENTITY><CASHDISCOUNTENTITY><CASHDISCOUNTCODE>02NET10</CASHDISCOUNTCODE><DESCRIPTION>2% Net 10 Days</DESCRIPTION><DISCOUNTMETHOD>Net</DISCOUNTMETHOD><MAINACCOUNTIDFORCUSTOMERDISCOUNTSDISPLAYVALUE>4400</MAINACCOUNTIDFORCUSTOMERDISCOUNTSDISPLAYVALUE><MAINACCOUNTIDFORVENDORDISCOUNTSDISPLAYVALUE></MAINACCOUNTIDFORVENDORDISCOUNTSDISPLAYVALUE><NEXTCASHDISCOUNTCODE></NEXTCASHDISCOUNTCODE><NUMBEROFDAYS>1</NUMBEROFDAYS><NUMBEROFMONTHS>0</NUMBEROFMONTHS><OFFSETMETHODFORVENDORDISCOUNTS>InvoiceAccount</OFFSETMETHODFORVENDORDISCOUNTS><PERCENT>2.000000</PERCENT></CASHDISCOUNTENTITY><CASHDISCOUNTENTITY><CASHDISCOUNTCODE>03NET10</CASHDISCOUNTCODE><DESCRIPTION>3% Net 10 Days</DESCRIPTION><DISCOUNTMETHOD>Net</DISCOUNTMETHOD><MAINACCOUNTIDFORCUSTOMERDISCOUNTSDISPLAYVALUE>4400</MAINACCOUNTIDFORCUSTOMERDISCOUNTSDISPLAYVALUE><MAINACCOUNTIDFORVENDORDISCOUNTSDISPLAYVALUE></MAINACCOUNTIDFORVENDORDISCOUNTSDISPLAYVALUE><NEXTCASHDISCOUNTCODE></NEXTCASHDISCOUNTCODE><NUMBEROFDAYS>10</NUMBEROFDAYS><NUMBEROFMONTHS>0</NUMBEROFMONTHS><OFFSETMETHODFORVENDORDISCOUNTS>InvoiceAccount</OFFSETMETHODFORVENDORDISCOUNTS><PERCENT>3.000000</PERCENT></CASHDISCOUNTENTITY></Document>