﻿<?xml version="1.0" encoding="utf-8"?><Document><BANKCHECKLAYOUTENTITY><ACODE></ACODE><ALLOWOTHERCURRENCIES>No</ALLOWOTHERCURRENCIES><AMOUNTPREFIX></AMOUNTPREFIX><BANKACCOUNTID>OPER FSD</BANKACCOUNTID><BCODE></BCODE><CCODE></CCODE><CHECKNUMBERLENGTH>0</CHECKNUMBERLENGTH><CHECKNUMBERMETHOD>Free</CHECKNUMBERMETHOD><COPYSIGNATURETYPE>Void</COPYSIGNATURETYPE><COPYWATERMARKTYPE>Void</COPYWATERMARKTYPE><CUSTOMWATERMARK></CUSTOMWATERMARK><DATEFORMAT>Blank</DATEFORMAT><DATESEPARATOR></DATESEPARATOR><FIRSTSIGNATUREAMOUNTLIMIT>0.000000</FIRSTSIGNATUREAMOUNTLIMIT><FOOTERTEXT></FOOTERTEXT><FORMATTYPE>USStyle</FORMATTYPE><HEADERTEXT></HEADERTEXT><MICRLINE></MICRLINE><NUMBEROFSLIPCOPIES>0</NUMBEROFSLIPCOPIES><PAPERLENGTH>11.500000</PAPERLENGTH><PAPERLENGTHUNIT>Inch</PAPERLENGTHUNIT><PRINTACODE>No</PRINTACODE><PRINTBANKACCOUNT>Yes</PRINTBANKACCOUNT><PRINTBANKNAME>Yes</PRINTBANKNAME><PRINTBANKNUMBER>Yes</PRINTBANKNUMBER><PRINTBCODE>No</PRINTBCODE><PRINTCCODE>No</PRINTCCODE><PRINTCOMPANYLOGO>Yes</PRINTCOMPANYLOGO><PRINTCOMPANYNAME>Yes</PRINTCOMPANYNAME><PRINTFIRSTSIGNATURE>No</PRINTFIRSTSIGNATURE><PRINTLEADINGZEROSONMICRLINE>No</PRINTLEADINGZEROSONMICRLINE><PRINTMICRLINE>No</PRINTMICRLINE><PRINTSECONDSIGNATURE>No</PRINTSECONDSIGNATURE><SECONDSIGNATUREAMOUNTLIMIT>0.000000</SECONDSIGNATUREAMOUNTLIMIT><STARTPOSITION>0.000000</STARTPOSITION><STARTPOSITIONUNIT>Inch</STARTPOSITIONUNIT></BANKCHECKLAYOUTENTITY><BANKCHECKLAYOUTENTITY><ACODE></ACODE><ALLOWOTHERCURRENCIES>No</ALLOWOTHERCURRENCIES><AMOUNTPREFIX></AMOUNTPREFIX><BANKACCOUNTID>PAY FSD</BANKACCOUNTID><BCODE></BCODE><CCODE></CCODE><CHECKNUMBERLENGTH>0</CHECKNUMBERLENGTH><CHECKNUMBERMETHOD>Free</CHECKNUMBERMETHOD><COPYSIGNATURETYPE>Void</COPYSIGNATURETYPE><COPYWATERMARKTYPE>Void</COPYWATERMARKTYPE><CUSTOMWATERMARK></CUSTOMWATERMARK><DATEFORMAT>Blank</DATEFORMAT><DATESEPARATOR></DATESEPARATOR><FIRSTSIGNATUREAMOUNTLIMIT>0.000000</FIRSTSIGNATUREAMOUNTLIMIT><FOOTERTEXT></FOOTERTEXT><FORMATTYPE>USStyle</FORMATTYPE><HEADERTEXT></HEADERTEXT><MICRLINE></MICRLINE><NUMBEROFSLIPCOPIES>0</NUMBEROFSLIPCOPIES><PAPERLENGTH>11.500000</PAPERLENGTH><PAPERLENGTHUNIT>Inch</PAPERLENGTHUNIT><PRINTACODE>No</PRINTACODE><PRINTBANKACCOUNT>Yes</PRINTBANKACCOUNT><PRINTBANKNAME>Yes</PRINTBANKNAME><PRINTBANKNUMBER>Yes</PRINTBANKNUMBER><PRINTBCODE>No</PRINTBCODE><PRINTCCODE>No</PRINTCCODE><PRINTCOMPANYLOGO>Yes</PRINTCOMPANYLOGO><PRINTCOMPANYNAME>Yes</PRINTCOMPANYNAME><PRINTFIRSTSIGNATURE>No</PRINTFIRSTSIGNATURE><PRINTLEADINGZEROSONMICRLINE>No</PRINTLEADINGZEROSONMICRLINE><PRINTMICRLINE>No</PRINTMICRLINE><PRINTSECONDSIGNATURE>No</PRINTSECONDSIGNATURE><SECONDSIGNATUREAMOUNTLIMIT>0.000000</SECONDSIGNATUREAMOUNTLIMIT><STARTPOSITION>0.000000</STARTPOSITION><STARTPOSITIONUNIT>Inch</STARTPOSITIONUNIT></BANKCHECKLAYOUTENTITY></Document>