﻿<?xml version="1.0" encoding="utf-8"?><Document><COLLECTIONLETTERCOURSEENTITY><BLOCKCUSTOMER>No</BLOCKCUSTOMER><COLLECTIONLETTERCODE>CollectionLetter1</COLLECTIONLETTERCODE><COLLECTIONLETTERCODEDESCRIPTION>First Notification</COLLECTIONLETTERCODEDESCRIPTION><COLLECTIONLETTERSEQUENCE>HIGH</COLLECTIONLETTERSEQUENCE><COLLECTIONSFEE>0.000000</COLLECTIONSFEE><CURRENCYCODE>FGP</CURRENCYCODE><DESCRIPTION>High Priority Customers</DESCRIPTION><LEDGERDIMENSIONDISPLAYVALUE></LEDGERDIMENSIONDISPLAYVALUE><MINAMOUNTTOGENLETTER>0.000000</MINAMOUNTTOGENLETTER><NOTES></NOTES><NUMBEROFDAYSBETWLETTERS>1</NUMBEROFDAYSBETWLETTERS><TAXITEMGROUP></TAXITEMGROUP><TERMSOFPAYMENT></TERMSOFPAYMENT></COLLECTIONLETTERCOURSEENTITY><COLLECTIONLETTERCOURSEENTITY><BLOCKCUSTOMER>No</BLOCKCUSTOMER><COLLECTIONLETTERCODE>CollectionLetter2</COLLECTIONLETTERCODE><COLLECTIONLETTERCODEDESCRIPTION>Second Notification with Fees</COLLECTIONLETTERCODEDESCRIPTION><COLLECTIONLETTERSEQUENCE>HIGH</COLLECTIONLETTERSEQUENCE><COLLECTIONSFEE>20.000000</COLLECTIONSFEE><CURRENCYCODE>FGP</CURRENCYCODE><DESCRIPTION>High Priority Customers</DESCRIPTION><LEDGERDIMENSIONDISPLAYVALUE>4500</LEDGERDIMENSIONDISPLAYVALUE><MINAMOUNTTOGENLETTER>0.000000</MINAMOUNTTOGENLETTER><NOTES></NOTES><NUMBEROFDAYSBETWLETTERS>3</NUMBEROFDAYSBETWLETTERS><TAXITEMGROUP></TAXITEMGROUP><TERMSOFPAYMENT></TERMSOFPAYMENT></COLLECTIONLETTERCOURSEENTITY><COLLECTIONLETTERCOURSEENTITY><BLOCKCUSTOMER>No</BLOCKCUSTOMER><COLLECTIONLETTERCODE>CollectionLetter3</COLLECTIONLETTERCODE><COLLECTIONLETTERCODEDESCRIPTION>Third Notice with Fees</COLLECTIONLETTERCODEDESCRIPTION><COLLECTIONLETTERSEQUENCE>HIGH</COLLECTIONLETTERSEQUENCE><COLLECTIONSFEE>50.000000</COLLECTIONSFEE><CURRENCYCODE>FGP</CURRENCYCODE><DESCRIPTION>High Priority Customers</DESCRIPTION><LEDGERDIMENSIONDISPLAYVALUE>4500</LEDGERDIMENSIONDISPLAYVALUE><MINAMOUNTTOGENLETTER>0.000000</MINAMOUNTTOGENLETTER><NOTES></NOTES><NUMBEROFDAYSBETWLETTERS>5</NUMBEROFDAYSBETWLETTERS><TAXITEMGROUP></TAXITEMGROUP><TERMSOFPAYMENT></TERMSOFPAYMENT></COLLECTIONLETTERCOURSEENTITY><COLLECTIONLETTERCOURSEENTITY><BLOCKCUSTOMER>No</BLOCKCUSTOMER><COLLECTIONLETTERCODE>Collection</COLLECTIONLETTERCODE><COLLECTIONLETTERCODEDESCRIPTION>Final Notification with Fees</COLLECTIONLETTERCODEDESCRIPTION><COLLECTIONLETTERSEQUENCE>HIGH</COLLECTIONLETTERSEQUENCE><COLLECTIONSFEE>1000.000000</COLLECTIONSFEE><CURRENCYCODE>FGP</CURRENCYCODE><DESCRIPTION>High Priority Customers</DESCRIPTION><LEDGERDIMENSIONDISPLAYVALUE>4500</LEDGERDIMENSIONDISPLAYVALUE><MINAMOUNTTOGENLETTER>0.000000</MINAMOUNTTOGENLETTER><NOTES><![CDATA[<p><b>COLLECTION NOTICE</b></p><p>We refer to our above Invoice and previous requests for payment. We note that despite our requests our Invoice remains outstanding. Please note that you are now in default of our Agreement.</p><p>Unless you now attend to payment in full strictly within seven (7) days of the date of this letter it is our policy to refer the matter to our Collection Agent, Fast Track Debt Collection, for recovery without further notice. Please note that if such action is necessary you will also be liable for collection costs and interest pursuant to our Terms &amp; Conditions of Trade in addition to the invoiced amount.</p><p>We understand that Invoices can sometimes be inadvertently overlooked or not prioritized.</p><p>We trust that you will now give this matter appropriate attention and attend to payment within seven (7) days so that no further action will be necessary on our part to recover payment.</p><p>If you are unable to attend to payment within seven (7) days please contact us on receipt of this letter so that alternate arrangements for paying and securing the debt might be considered.</p><p>We look forward to payment.</p><p>If you have already attended to payment please disregard this letter.</p>]]></NOTES><NUMBEROFDAYSBETWLETTERS>10</NUMBEROFDAYSBETWLETTERS><TAXITEMGROUP></TAXITEMGROUP><TERMSOFPAYMENT></TERMSOFPAYMENT></COLLECTIONLETTERCOURSEENTITY><COLLECTIONLETTERCOURSEENTITY><BLOCKCUSTOMER>No</BLOCKCUSTOMER><COLLECTIONLETTERCODE>CollectionLetter1</COLLECTIONLETTERCODE><COLLECTIONLETTERCODEDESCRIPTION>First Notification</COLLECTIONLETTERCODEDESCRIPTION><COLLECTIONLETTERSEQUENCE>LOW</COLLECTIONLETTERSEQUENCE><COLLECTIONSFEE>0.000000</COLLECTIONSFEE><CURRENCYCODE>FGP</CURRENCYCODE><DESCRIPTION>Low Priority Customers</DESCRIPTION><LEDGERDIMENSIONDISPLAYVALUE></LEDGERDIMENSIONDISPLAYVALUE><MINAMOUNTTOGENLETTER>0.000000</MINAMOUNTTOGENLETTER><NOTES></NOTES><NUMBEROFDAYSBETWLETTERS>30</NUMBEROFDAYSBETWLETTERS><TAXITEMGROUP></TAXITEMGROUP><TERMSOFPAYMENT></TERMSOFPAYMENT></COLLECTIONLETTERCOURSEENTITY><COLLECTIONLETTERCOURSEENTITY><BLOCKCUSTOMER>No</BLOCKCUSTOMER><COLLECTIONLETTERCODE>CollectionLetter2</COLLECTIONLETTERCODE><COLLECTIONLETTERCODEDESCRIPTION>Second Notification</COLLECTIONLETTERCODEDESCRIPTION><COLLECTIONLETTERSEQUENCE>LOW</COLLECTIONLETTERSEQUENCE><COLLECTIONSFEE>0.000000</COLLECTIONSFEE><CURRENCYCODE>FGP</CURRENCYCODE><DESCRIPTION>Low Priority Customers</DESCRIPTION><LEDGERDIMENSIONDISPLAYVALUE></LEDGERDIMENSIONDISPLAYVALUE><MINAMOUNTTOGENLETTER>0.000000</MINAMOUNTTOGENLETTER><NOTES></NOTES><NUMBEROFDAYSBETWLETTERS>30</NUMBEROFDAYSBETWLETTERS><TAXITEMGROUP></TAXITEMGROUP><TERMSOFPAYMENT></TERMSOFPAYMENT></COLLECTIONLETTERCOURSEENTITY><COLLECTIONLETTERCOURSEENTITY><BLOCKCUSTOMER>No</BLOCKCUSTOMER><COLLECTIONLETTERCODE>CollectionLetter3</COLLECTIONLETTERCODE><COLLECTIONLETTERCODEDESCRIPTION>Third Notification</COLLECTIONLETTERCODEDESCRIPTION><COLLECTIONLETTERSEQUENCE>LOW</COLLECTIONLETTERSEQUENCE><COLLECTIONSFEE>0.000000</COLLECTIONSFEE><CURRENCYCODE>FGP</CURRENCYCODE><DESCRIPTION>Low Priority Customers</DESCRIPTION><LEDGERDIMENSIONDISPLAYVALUE></LEDGERDIMENSIONDISPLAYVALUE><MINAMOUNTTOGENLETTER>0.000000</MINAMOUNTTOGENLETTER><NOTES></NOTES><NUMBEROFDAYSBETWLETTERS>30</NUMBEROFDAYSBETWLETTERS><TAXITEMGROUP></TAXITEMGROUP><TERMSOFPAYMENT></TERMSOFPAYMENT></COLLECTIONLETTERCOURSEENTITY><COLLECTIONLETTERCOURSEENTITY><BLOCKCUSTOMER>No</BLOCKCUSTOMER><COLLECTIONLETTERCODE>CollectionLetter4</COLLECTIONLETTERCODE><COLLECTIONLETTERCODEDESCRIPTION>Fourth Notification</COLLECTIONLETTERCODEDESCRIPTION><COLLECTIONLETTERSEQUENCE>LOW</COLLECTIONLETTERSEQUENCE><COLLECTIONSFEE>0.000000</COLLECTIONSFEE><CURRENCYCODE>FGP</CURRENCYCODE><DESCRIPTION>Low Priority Customers</DESCRIPTION><LEDGERDIMENSIONDISPLAYVALUE></LEDGERDIMENSIONDISPLAYVALUE><MINAMOUNTTOGENLETTER>0.000000</MINAMOUNTTOGENLETTER><NOTES></NOTES><NUMBEROFDAYSBETWLETTERS>30</NUMBEROFDAYSBETWLETTERS><TAXITEMGROUP></TAXITEMGROUP><TERMSOFPAYMENT></TERMSOFPAYMENT></COLLECTIONLETTERCOURSEENTITY><COLLECTIONLETTERCOURSEENTITY><BLOCKCUSTOMER>No</BLOCKCUSTOMER><COLLECTIONLETTERCODE>Collection</COLLECTIONLETTERCODE><COLLECTIONLETTERCODEDESCRIPTION>Final Notification</COLLECTIONLETTERCODEDESCRIPTION><COLLECTIONLETTERSEQUENCE>LOW</COLLECTIONLETTERSEQUENCE><COLLECTIONSFEE>0.000000</COLLECTIONSFEE><CURRENCYCODE>FGP</CURRENCYCODE><DESCRIPTION>Low Priority Customers</DESCRIPTION><LEDGERDIMENSIONDISPLAYVALUE></LEDGERDIMENSIONDISPLAYVALUE><MINAMOUNTTOGENLETTER>0.000000</MINAMOUNTTOGENLETTER><NOTES><![CDATA[<p><b>COLLECTION NOTICE</b></p><p>We refer to our above Invoice and previous requests for payment. We note that despite our requests our Invoice remains outstanding. Please note that you are now in default of our Agreement.</p><p>Unless you now attend to payment in full strictly within seven (7) days of the date of this letter it is our policy to refer the matter to our Collection Agent, Fast Track Debt Collection, for recovery without further notice. Please note that if such action is necessary you will also be liable for collection costs and interest pursuant to our Terms &amp; Conditions of Trade in addition to the invoiced amount.</p><p>We understand that Invoices can sometimes be inadvertently overlooked or not prioritized.</p><p>We trust that you will now give this matter appropriate attention and attend to payment within seven (7) days so that no further action will be necessary on our part to recover payment.</p><p>If you are unable to attend to payment within seven (7) days please contact us on receipt of this letter so that alternate arrangements for paying and securing the debt might be considered.</p><p>We look forward to payment.</p><p>If you have already attended to payment please disregard this letter.</p>]]></NOTES><NUMBEROFDAYSBETWLETTERS>30</NUMBEROFDAYSBETWLETTERS><TAXITEMGROUP></TAXITEMGROUP><TERMSOFPAYMENT></TERMSOFPAYMENT></COLLECTIONLETTERCOURSEENTITY></Document>