﻿<?xml version="1.0" encoding="utf-8"?><Document><CUSTOMERPARAMETERSENTITY><ACCOUNTINGCURRENCYEXCHANGERATETYPE></ACCOUNTINGCURRENCYEXCHANGERATETYPE><APPLYPRICEDISCONSALESLINEENTITY>No</APPLYPRICEDISCONSALESLINEENTITY><BILLOFEXCHANGEPOSTINGPROFILE></BILLOFEXCHANGEPOSTINGPROFILE><BILLOFEXCHANGEPOSTINGPROFILEFORPROTESTED></BILLOFEXCHANGEPOSTINGPROFILEFORPROTESTED><BILLOFEXCHANGEPOSTINGPROFILEFORREMITCOLLECTION></BILLOFEXCHANGEPOSTINGPROFILEFORREMITCOLLECTION><BILLOFEXCHANGEPOSTINGPROFILEFORREMITDISCOUNT></BILLOFEXCHANGEPOSTINGPROFILEFORREMITDISCOUNT><BYPASSVALIDATIONOFACCOUNTINGDISTRIBUTIONS>No</BYPASSVALIDATIONOFACCOUNTINGDISTRIBUTIONS><CASHDISCOUNTADMINISTRATION>Unspecific</CASHDISCOUNTADMINISTRATION><CASHDISCOUNTISCALCULATEDFORCREDITNOTES>Yes</CASHDISCOUNTISCALCULATEDFORCREDITNOTES><CASHDISCOUNTISCALCULATEDFORPARTIALPAYMENTS>No</CASHDISCOUNTISCALCULATEDFORPARTIALPAYMENTS><CASHDISCOUNTISCALCULATEDONAMOUNTINCLSALESTAX>No</CASHDISCOUNTISCALCULATEDONAMOUNTINCLSALESTAX><CASHFLOWLIQUIDITYACCOUNTFORPAYMENTSDISPLAYVALUE></CASHFLOWLIQUIDITYACCOUNTFORPAYMENTSDISPLAYVALUE><CASHFLOWPERCENTAGEOFAMOUNTTOALLOCATETOCASHFLOWFORECAST></CASHFLOWPERCENTAGEOFAMOUNTTOALLOCATETOCASHFLOWFORECAST><CASHFLOWTERMSOFPAYMENT></CASHFLOWTERMSOFPAYMENT><CASHFLOWTIMEBETWEENDELIVERYDATEANDINVOICEDATE></CASHFLOWTIMEBETWEENDELIVERYDATEANDINVOICEDATE><CASHFLOWTIMEBETWEENINVOICEDUEDATEANDPAYMENTDATE></CASHFLOWTIMEBETWEENINVOICEDUEDATEANDPAYMENTDATE><CHANGEPROPOSALDATAENTITYBEHAVIOR>AllowWithoutApproval</CHANGEPROPOSALDATAENTITYBEHAVIOR><CHANGEPROPOSALISENABLED>No</CHANGEPROPOSALISENABLED><COLLECTIONLETTERCODEUPDATE>Posting</COLLECTIONLETTERCODEUPDATE><COLLECTIONLETTERDISPUTEDTRANSACTIONSEXCLUDED>No</COLLECTIONLETTERDISPUTEDTRANSACTIONSEXCLUDED><COLLECTIONLETTERGENERATIONLEVEL>Transaction</COLLECTIONLETTERGENERATIONLEVEL><COLLECTIONLETTERIGNORECREDITTRANSACTIONCODES>No</COLLECTIONLETTERIGNORECREDITTRANSACTIONCODES><COLLECTIONSAGINGPERIODDEFINITION></COLLECTIONSAGINGPERIODDEFINITION><COLLECTIONSSTATEMENTTOCONTACTEMAILTEMPLATEID></COLLECTIONSSTATEMENTTOCONTACTEMAILTEMPLATEID><COLLECTIONSTEAMPARTYNUMBER></COLLECTIONSTEAMPARTYNUMBER><COLLECTIONSTRANSACTIONSTOCONTACTEMAILTEMPLATEID></COLLECTIONSTRANSACTIONSTOCONTACTEMAILTEMPLATEID><COLLECTIONSTRANSACTIONSTOSALESPERSONEMAILTEMPLATEID></COLLECTIONSTRANSACTIONSTOSALESPERSONEMAILTEMPLATEID><COLLECTIONSWRITEOFFISSALESTAXSEPARATED>No</COLLECTIONSWRITEOFFISSALESTAXSEPARATED><COLLECTIONSWRITEOFFLEDGERJOURNALNAME></COLLECTIONSWRITEOFFLEDGERJOURNALNAME><COLLECTIONSWRITEOFFREASONCODE></COLLECTIONSWRITEOFFREASONCODE><CREDITCARDAUTHORIZATION>No</CREDITCARDAUTHORIZATION><CREDITCARDAUTHORIZATIONLASTNUMBEROFDAYS>7</CREDITCARDAUTHORIZATIONLASTNUMBEROFDAYS><CREDITCARDAUTHTRANSARCHIVETHRESHOLD>25000</CREDITCARDAUTHTRANSARCHIVETHRESHOLD><CREDITCARDCOSTCENTERDIMENSIONATTRIBUTE></CREDITCARDCOSTCENTERDIMENSIONATTRIBUTE><CREDITCARDENABLEIDEMPOTENCYKEY>No</CREDITCARDENABLEIDEMPOTENCYKEY><CREDITCARDESTIMATEDSHIPPINGCHARGEMAXIMUM>0.000000</CREDITCARDESTIMATEDSHIPPINGCHARGEMAXIMUM><CREDITCARDESTIMATEDSHIPPINGCHARGETYPE>Fixed</CREDITCARDESTIMATEDSHIPPINGCHARGETYPE><CREDITCARDESTIMATEDSHIPPINGCHARGEVALUE>0.000000</CREDITCARDESTIMATEDSHIPPINGCHARGEVALUE><CREDITCARDNOTES></CREDITCARDNOTES><CREDITCARDPAYMENTBREAKDOWNPROCESS>No</CREDITCARDPAYMENTBREAKDOWNPROCESS><CREDITCARDPOSTINGACCOUNTTYPE>Ledger</CREDITCARDPOSTINGACCOUNTTYPE><CREDITCARDPOSTINGBANKTRANSACTIONTYPE></CREDITCARDPOSTINGBANKTRANSACTIONTYPE><CREDITCARDPOSTINGLEDGERDIMENSIONDISPLAYVALUE></CREDITCARDPOSTINGLEDGERDIMENSIONDISPLAYVALUE><CREDITLIMITCHECKTYPE>None</CREDITLIMITCHECKTYPE><CREDITLIMITISCHECKEDONFREETEXTINVOICE>No</CREDITLIMITISCHECKEDONFREETEXTINVOICE><CREDITLIMITISCHECKEDONSALESORDER>No</CREDITLIMITISCHECKEDONSALESORDER><CREDITLIMITMESSAGETYPESHOWNWHENEXCEEDING>Error</CREDITLIMITMESSAGETYPESHOWNWHENEXCEEDING><CUSTOMERDEFAULTONETIMEACCOUNT></CUSTOMERDEFAULTONETIMEACCOUNT><CUSTOMERISBILLINGCLASSIFICATIONUSED>No</CUSTOMERISBILLINGCLASSIFICATIONUSED><CUSTOMERISTAXGROUPMANDATORY>No</CUSTOMERISTAXGROUPMANDATORY><CUSTOMERMINIMUMREFUND>0.000000</CUSTOMERMINIMUMREFUND><CUSTOMERTAXEXEMPTNUMBERREQUIREMENT>None</CUSTOMERTAXEXEMPTNUMBERREQUIREMENT><DEDUCTIONSCUSTCLAIMJOURNALNAME></DEDUCTIONSCUSTCLAIMJOURNALNAME><DEDUCTIONSRETURNORDERCREATE></DEDUCTIONSRETURNORDERCREATE><DEDUCTIONSRETURNORDERINVOICETOLERANCE></DEDUCTIONSRETURNORDERINVOICETOLERANCE><DEDUCTIONSRETURNORDERPREAPPROVAL></DEDUCTIONSRETURNORDERPREAPPROVAL><DEFAULTFILTERFORCUSTOMERTRANSACTIONS>All</DEFAULTFILTERFORCUSTOMERTRANSACTIONS><DEFAULTLANGUAGE>OrderAccount</DEFAULTLANGUAGE><DIRECTDEBITB2BSCHEMEDEFAULTDAYSFORFIRSTBANKSUBMISSION>1</DIRECTDEBITB2BSCHEMEDEFAULTDAYSFORFIRSTBANKSUBMISSION><DIRECTDEBITB2BSCHEMEDEFAULTDAYSFORRECURRINGBANKSUBMISSION>1</DIRECTDEBITB2BSCHEMEDEFAULTDAYSFORRECURRINGBANKSUBMISSION><DIRECTDEBITCOR1SCHEMEDEFAULTDAYSFORFIRSTBANKSUBMISSION>1</DIRECTDEBITCOR1SCHEMEDEFAULTDAYSFORFIRSTBANKSUBMISSION><DIRECTDEBITCOR1SCHEMEDEFAULTDAYSFORRECURRINGBANKSUBMISSION>1</DIRECTDEBITCOR1SCHEMEDEFAULTDAYSFORRECURRINGBANKSUBMISSION><DIRECTDEBITCORESCHEMEDEFAULTDAYSFORFIRSTBANKSUBMISSION>5</DIRECTDEBITCORESCHEMEDEFAULTDAYSFORFIRSTBANKSUBMISSION><DIRECTDEBITCORESCHEMEDEFAULTDAYSFORRECURRINGBANKSUBMISSION>2</DIRECTDEBITCORESCHEMEDEFAULTDAYSFORRECURRINGBANKSUBMISSION><DIRECTDEBITDEFAULTDAYSFORFIRSTPRENOTIFICATION>14</DIRECTDEBITDEFAULTDAYSFORFIRSTPRENOTIFICATION><DIRECTDEBITDEFAULTDAYSFORRECURRINGPRENOTIFICATION>14</DIRECTDEBITDEFAULTDAYSFORRECURRINGPRENOTIFICATION><DIRECTDEBITMANDATEDEFAULTEXPIRATIONINMONTHS>36</DIRECTDEBITMANDATEDEFAULTEXPIRATIONINMONTHS><EDITCASHDISCOUNTSWHENDUEDATECHANGED>No</EDITCASHDISCOUNTSWHENDUEDATECHANGED><ENABLEDATEOFVATREGISTERCHANGING>No</ENABLEDATEOFVATREGISTERCHANGING><ENTRYCERTIFICATEISISSUINGENABLED>No</ENTRYCERTIFICATEISISSUINGENABLED><ENTRYCERTIFICATEISMANAGEMENTENABLED>No</ENTRYCERTIFICATEISMANAGEMENTENABLED><EXCHADJRATESOURCE>Ledger</EXCHADJRATESOURCE><FREETEXTINVOICECANEDITLEDGERACCOUNTFORPROJECT>No</FREETEXTINVOICECANEDITLEDGERACCOUNTFORPROJECT><FREETEXTINVOICEISITEMTAXGROUPMANDATORY>No</FREETEXTINVOICEISITEMTAXGROUPMANDATORY><FREETEXTINVOICEISPROJECTENABLED>No</FREETEXTINVOICEISPROJECTENABLED><FREETEXTINVOICEOVERRIDESALESTAX>No</FREETEXTINVOICEOVERRIDESALESTAX><FREETEXTINVOICESTOPINVOICEPOSTINGONFIRSTERROR>No</FREETEXTINVOICESTOPINVOICEPOSTINGONFIRSTERROR><GENERALLEDGERDEFAULTDIMENSIONHIERARCHY>ItemCustCatalog</GENERALLEDGERDEFAULTDIMENSIONHIERARCHY><GENERALLEDGERPOSTINGACCOUNTFORCONSUMPTION>Item</GENERALLEDGERPOSTINGACCOUNTFORCONSUMPTION><GENERALLEDGERPOSTINGACCOUNTFORDISCOUNT>Item</GENERALLEDGERPOSTINGACCOUNTFORDISCOUNT><GENERALLEDGERPOSTINGACCOUNTFORREVENUE>Item</GENERALLEDGERPOSTINGACCOUNTFORREVENUE><GENERALLEDGERPOSTINGPROFILE>GENERAL</GENERALLEDGERPOSTINGPROFILE><GIROACCOUNTPOSITIONS>0</GIROACCOUNTPOSITIONS><INTERESTADJUSTMENTDATETOUSE>InterestNoteDate</INTERESTADJUSTMENTDATETOUSE><INTERESTMAXIMUMDAYSALLOWEDTOWAIVE>0</INTERESTMAXIMUMDAYSALLOWEDTOWAIVE><INTERESTMINIMUMDAYSTOALLOWWAIVING>0</INTERESTMINIMUMDAYSTOALLOWWAIVING><INTERESTTRANSACTIONSTOCALCULATEFOR>OpenClosed</INTERESTTRANSACTIONSTOCALCULATEFOR><INVOICEISCREDITNOTEPOSTEDASCORRECTION>No</INVOICEISCREDITNOTEPOSTEDASCORRECTION><INVOICEPRINTCREDITINVOICINGLAYOUT>No</INVOICEPRINTCREDITINVOICINGLAYOUT><INVOICEPRINTPACKAGINGWEIGHT>No</INVOICEPRINTPACKAGINGWEIGHT><INVOICETAXEXEMPTNUMBERREQUIREMENT>None</INVOICETAXEXEMPTNUMBERREQUIREMENT><ISINVOICEZEROAMOUNT>No</ISINVOICEZEROAMOUNT><ISMARKUPCALCULATIONPERINVOICEFORSUMMARYUPDATEENABLED>No</ISMARKUPCALCULATIONPERINVOICEFORSUMMARYUPDATEENABLED><ISMARKUPRESEARCHPRIORPOSTINGENABLED>No</ISMARKUPRESEARCHPRIORPOSTINGENABLED><ISTOTALSCALCULATIONAUTOMATIC>No</ISTOTALSCALCULATIONAUTOMATIC><MARKUPPERIODCHARGEBATCHHELPERS>0</MARKUPPERIODCHARGEBATCHHELPERS><MARKUPPERIODCHARGERULEISCHARGECODEMATCHREQUIRED>No</MARKUPPERIODCHARGERULEISCHARGECODEMATCHREQUIRED><MARKUPPERIODCHARGERULEQTYTHRESHOLDMATCH>InvoiceLines</MARKUPPERIODCHARGERULEQTYTHRESHOLDMATCH><MARKUPPERIODCHARGERULESITELOCATIONMATCH>InvoiceLine</MARKUPPERIODCHARGERULESITELOCATIONMATCH><MARKUPVALUEBASE>LineAmount</MARKUPVALUEBASE><MAXNUMBEROFSALESORDERSFORPOSTING>0</MAXNUMBEROFSALESORDERSFORPOSTING><PAYMENTPROPOSALWARNWHENMULTIPLEMETHODSOFPAYMENT>No</PAYMENTPROPOSALWARNWHENMULTIPLEMETHODSOFPAYMENT><PREPAYMENTCALCULATETAX>No</PREPAYMENTCALCULATETAX><PREPAYMENTPOSTINGPROFILE>PREPAYMENT</PREPAYMENTPOSTINGPROFILE><PRICEDETAILSENABLEDFORSALESDOCUMENTS>Yes</PRICEDETAILSENABLEDFORSALESDOCUMENTS><REASONREQUIREMENTFORPAYMENTCANCELLATION>No</REASONREQUIREMENTFORPAYMENTCANCELLATION><REASONREQUIREMENTFORRETURNORDERS>No</REASONREQUIREMENTFORRETURNORDERS><REASONREQUIREMENTFORTRANSACTIONREVERSALS>No</REASONREQUIREMENTFORTRANSACTIONREVERSALS><REPLACEALTERNATIVEITEMLINEDEFAULTS>No</REPLACEALTERNATIVEITEMLINEDEFAULTS><REPORTINGCURRENCYEXCHANGERATETYPE></REPORTINGCURRENCYEXCHANGERATETYPE><SALESENTITYCALCULATELINEAMOUNT>No</SALESENTITYCALCULATELINEAMOUNT><SALESRETURNDELIVERREMAINDERPOLICY>DeleteRemainder</SALESRETURNDELIVERREMAINDERPOLICY><SETTLEMENTAUTOSETTLEENABLED>Yes</SETTLEMENTAUTOSETTLEENABLED><SETTLEMENTINVOICELINEPRIORITIZATIONMETHOD>BillingCode</SETTLEMENTINVOICELINEPRIORITIZATIONMETHOD><SETTLEMENTISPRIORITYUSED>No</SETTLEMENTISPRIORITYUSED><SETTLEMENTISPRIORITYUSEDONAUTOSETTLEMENT>No</SETTLEMENTISPRIORITYUSEDONAUTOSETTLEMENT><SETTLEMENTMARKOPENINVOICELINE>No</SETTLEMENTMARKOPENINVOICELINE><SETTLEMENTMAXIMUMOVERUNDERPAYMENT>0.050000</SETTLEMENTMAXIMUMOVERUNDERPAYMENT><SETTLEMENTMAXIMUMPENNYDIFFERENCE>0.050000</SETTLEMENTMAXIMUMPENNYDIFFERENCE><SETTLEMENTPRORATIONTYPEFORINVOICES>Equal</SETTLEMENTPRORATIONTYPEFORINVOICES><SETTLEMENTSPANBILLINGCODEACROSSINVOICES>No</SETTLEMENTSPANBILLINGCODEACROSSINVOICES><SETTLEMENTWRITEOFFENABLED>No</SETTLEMENTWRITEOFFENABLED><SETTLEMENTWRITEOFFJOURNALNAME></SETTLEMENTWRITEOFFJOURNALNAME><SETTLEMENTWRITEOFFREASONCODE></SETTLEMENTWRITEOFFREASONCODE><SKIPREFERENCEDDATADURINGCHANGETRACKING>No</SKIPREFERENCEDDATADURINGCHANGETRACKING><SKIPSALESQUOTATIONREFERENCEDDATADURINGCHANGETRACKING>No</SKIPSALESQUOTATIONREFERENCEDDATADURINGCHANGETRACKING><SUPPRESSDEPRECIATIONOFPAYMENTSECTION>No</SUPPRESSDEPRECIATIONOFPAYMENTSECTION><TAMDEDUCTIONCUSTPAYMSETTLEMETHOD>MatchInvoice</TAMDEDUCTIONCUSTPAYMSETTLEMETHOD><TAMDEDUCTIONREQUIREFULLSETTLE>No</TAMDEDUCTIONREQUIREFULLSETTLE><TAMDEDUCTIONTYPE></TAMDEDUCTIONTYPE><TAMREBATEPOSTING>ItemCustCatalog</TAMREBATEPOSTING><TOTALDISCOUNTISCALCULATEDONPOSTING>Yes</TOTALDISCOUNTISCALCULATEDONPOSTING><USEFISCALDATAFROMINVOICEACCOUNT>Never</USEFISCALDATAFROMINVOICEACCOUNT><USESEQUENTIALLINENUMBERSWHENPOSTINGCUSTOMERINVOICELINES>No</USESEQUENTIALLINENUMBERSWHENPOSTINGCUSTOMERINVOICELINES></CUSTOMERPARAMETERSENTITY></Document>