﻿<?xml version="1.0" encoding="utf-8"?><Document><CUSTFORMLETTERCUSTOMERFACINGFORMPRINTINGCONFIGURATIONENTITY><AREEUROAMOUNTSDISPLAYED>No</AREEUROAMOUNTSDISPLAYED><CUSTOMERPRODUCTDESCRIPTIONDISPLAYRULE>Overwrite</CUSTOMERPRODUCTDESCRIPTIONDISPLAYRULE><ISDISPLAYEDPRODUCTDESCRIPTIONINCLUDINGPRODUCTNAME>No</ISDISPLAYEDPRODUCTDESCRIPTIONINCLUDINGPRODUCTNAME><ISTAXEXEMPTBALANCEAMOUNTDISPLAYEDSEPARATELY>No</ISTAXEXEMPTBALANCEAMOUNTDISPLAYEDSEPARATELY><NOTDISPLAYEDITEMNUMBER></NOTDISPLAYEDITEMNUMBER><PRODUCTDIMENSIONSDISPLAYRULE>Line</PRODUCTDIMENSIONSDISPLAYRULE><PRODUCTDIMENSIONSDISPLAYSEPARATOR></PRODUCTDIMENSIONSDISPLAYSEPARATOR><PRODUCTNUMBERDISPLAYRULE>Our</PRODUCTNUMBERDISPLAYRULE><SALESTAXDISPLAYRULE>None</SALESTAXDISPLAYRULE><TOTALAMOUNTDISPLAYRULE>First</TOTALAMOUNTDISPLAYRULE></CUSTFORMLETTERCUSTOMERFACINGFORMPRINTINGCONFIGURATIONENTITY></Document>