﻿<?xml version="1.0" encoding="utf-8"?><Document><CUSTCHARGECUSTOMERGROUPENTITY><DESCRIPTION>Hazardous Delivery</DESCRIPTION><GROUPID>HAZARD</GROUPID></CUSTCHARGECUSTOMERGROUPENTITY><CUSTCHARGECUSTOMERGROUPENTITY><DESCRIPTION>Remote Delivery</DESCRIPTION><GROUPID>REMOTE</GROUPID></CUSTCHARGECUSTOMERGROUPENTITY><CUSTCHARGECUSTOMERGROUPENTITY><DESCRIPTION>Rush Delivery</DESCRIPTION><GROUPID>RUSH</GROUPID></CUSTCHARGECUSTOMERGROUPENTITY><CUSTCHARGECUSTOMERGROUPENTITY><DESCRIPTION>Special Delivery</DESCRIPTION><GROUPID>SPECIAL</GROUPID></CUSTCHARGECUSTOMERGROUPENTITY></Document>