﻿<?xml version="1.0" encoding="utf-8"?><Document><CUSTOMERBANKACCOUNTENTITY><CUSTOMERACCOUNTNUMBER /><BANKACCOUNTID /><ADDRESSCITY /><ADDRESSCOUNTRYREGIONID /><ADDRESSCOUNTRYREGIONISOCODE /><ADDRESSCOUNTY /><ADDRESSDESCRIPTION /><ADDRESSDISTRICTNAME /><ADDRESSLATITUDE /><ADDRESSLOCATIONID /><ADDRESSLONGITUDE /><ADDRESSSTATE /><ADDRESSSTREET /><ADDRESSTIMEZONE /><ADDRESSVALIDFROM /><ADDRESSVALIDTO /><ADDRESSZIPCODE /><BANKACCOUNTNUMBER /><BANKCONTRACTACCOUNT /><BANKGROUPID /><BANKNAME /><CONTACTEMAILADDRESS /><CONTACTEMAILADDRESSFORSENDINGSMS /><CONTACTFAXNUMBER /><CONTACTINTERNETADDRESS /><CONTACTMOBILEPHONENUMBER /><CONTACTPAGER /><CONTACTPERSONNAME /><CONTACTPHONENUMBER /><CONTACTPHONENUMBEREXTENSION /><CONTACTTELEXNUMBER /><CONTROLINTERNALNUMBER /><CROSSRATE /><CURRENCYCODE /><ESR /><FULLADDRESS /><IBAN /><ISDEFAULTBANKACCOUNT /><MESSAGETOBANK /><PAYMENTTEXTCODE /><RATEOFEXCHANGEREFERENCE /><ROUTINGNUMBER /><ROUTINGNUMBERTYPE /><SWIFTCODE /></CUSTOMERBANKACCOUNTENTITY></Document>