﻿<?xml version="1.0" encoding="utf-8"?><Document><CUSTCUSTOMERGROUPENTITY><ACCOUNTINGCURRENCYEXCHANGERATETYPE></ACCOUNTINGCURRENCYEXCHANGERATETYPE><CLEARINGPERIODPAYMENTTERMNAME></CLEARINGPERIODPAYMENTTERMNAME><CUSTOMERACCOUNTNUMBERSEQUENCE></CUSTOMERACCOUNTNUMBERSEQUENCE><CUSTOMERGROUPID>GOVERNMENT</CUSTOMERGROUPID><DEFAULTDIMENSIONDISPLAYVALUE></DEFAULTDIMENSIONDISPLAYVALUE><DESCRIPTION>Government Customers</DESCRIPTION><ISSALESTAXINCLUDEDINPRICE>No</ISSALESTAXINCLUDEDINPRICE><PAYMENTTERMID>NET10</PAYMENTTERMID><REPORTINGCURRENCYEXCHANGERATETYPE></REPORTINGCURRENCYEXCHANGERATETYPE><TAXGROUPID></TAXGROUPID><WRITEOFFREASON></WRITEOFFREASON></CUSTCUSTOMERGROUPENTITY><CUSTCUSTOMERGROUPENTITY><ACCOUNTINGCURRENCYEXCHANGERATETYPE></ACCOUNTINGCURRENCYEXCHANGERATETYPE><CLEARINGPERIODPAYMENTTERMNAME></CLEARINGPERIODPAYMENTTERMNAME><CUSTOMERACCOUNTNUMBERSEQUENCE></CUSTOMERACCOUNTNUMBERSEQUENCE><CUSTOMERGROUPID>GUILD</CUSTOMERGROUPID><DEFAULTDIMENSIONDISPLAYVALUE></DEFAULTDIMENSIONDISPLAYVALUE><DESCRIPTION>Guild Customers</DESCRIPTION><ISSALESTAXINCLUDEDINPRICE>No</ISSALESTAXINCLUDEDINPRICE><PAYMENTTERMID>NET30</PAYMENTTERMID><REPORTINGCURRENCYEXCHANGERATETYPE></REPORTINGCURRENCYEXCHANGERATETYPE><TAXGROUPID></TAXGROUPID><WRITEOFFREASON></WRITEOFFREASON></CUSTCUSTOMERGROUPENTITY><CUSTCUSTOMERGROUPENTITY><ACCOUNTINGCURRENCYEXCHANGERATETYPE></ACCOUNTINGCURRENCYEXCHANGERATETYPE><CLEARINGPERIODPAYMENTTERMNAME></CLEARINGPERIODPAYMENTTERMNAME><CUSTOMERACCOUNTNUMBERSEQUENCE></CUSTOMERACCOUNTNUMBERSEQUENCE><CUSTOMERGROUPID>INTERNAL</CUSTOMERGROUPID><DEFAULTDIMENSIONDISPLAYVALUE></DEFAULTDIMENSIONDISPLAYVALUE><DESCRIPTION>Internal Customers</DESCRIPTION><ISSALESTAXINCLUDEDINPRICE>No</ISSALESTAXINCLUDEDINPRICE><PAYMENTTERMID>NET30</PAYMENTTERMID><REPORTINGCURRENCYEXCHANGERATETYPE></REPORTINGCURRENCYEXCHANGERATETYPE><TAXGROUPID></TAXGROUPID><WRITEOFFREASON></WRITEOFFREASON></CUSTCUSTOMERGROUPENTITY><CUSTCUSTOMERGROUPENTITY><ACCOUNTINGCURRENCYEXCHANGERATETYPE></ACCOUNTINGCURRENCYEXCHANGERATETYPE><CLEARINGPERIODPAYMENTTERMNAME></CLEARINGPERIODPAYMENTTERMNAME><CUSTOMERACCOUNTNUMBERSEQUENCE></CUSTOMERACCOUNTNUMBERSEQUENCE><CUSTOMERGROUPID>MAJOR</CUSTOMERGROUPID><DEFAULTDIMENSIONDISPLAYVALUE></DEFAULTDIMENSIONDISPLAYVALUE><DESCRIPTION>Major Customers</DESCRIPTION><ISSALESTAXINCLUDEDINPRICE>No</ISSALESTAXINCLUDEDINPRICE><PAYMENTTERMID>NET10</PAYMENTTERMID><REPORTINGCURRENCYEXCHANGERATETYPE></REPORTINGCURRENCYEXCHANGERATETYPE><TAXGROUPID></TAXGROUPID><WRITEOFFREASON></WRITEOFFREASON></CUSTCUSTOMERGROUPENTITY><CUSTCUSTOMERGROUPENTITY><ACCOUNTINGCURRENCYEXCHANGERATETYPE></ACCOUNTINGCURRENCYEXCHANGERATETYPE><CLEARINGPERIODPAYMENTTERMNAME></CLEARINGPERIODPAYMENTTERMNAME><CUSTOMERACCOUNTNUMBERSEQUENCE></CUSTOMERACCOUNTNUMBERSEQUENCE><CUSTOMERGROUPID>ONLINE</CUSTOMERGROUPID><DEFAULTDIMENSIONDISPLAYVALUE></DEFAULTDIMENSIONDISPLAYVALUE><DESCRIPTION>Online Customers</DESCRIPTION><ISSALESTAXINCLUDEDINPRICE>No</ISSALESTAXINCLUDEDINPRICE><PAYMENTTERMID>CASH</PAYMENTTERMID><REPORTINGCURRENCYEXCHANGERATETYPE></REPORTINGCURRENCYEXCHANGERATETYPE><TAXGROUPID></TAXGROUPID><WRITEOFFREASON></WRITEOFFREASON></CUSTCUSTOMERGROUPENTITY><CUSTCUSTOMERGROUPENTITY><ACCOUNTINGCURRENCYEXCHANGERATETYPE></ACCOUNTINGCURRENCYEXCHANGERATETYPE><CLEARINGPERIODPAYMENTTERMNAME></CLEARINGPERIODPAYMENTTERMNAME><CUSTOMERACCOUNTNUMBERSEQUENCE></CUSTOMERACCOUNTNUMBERSEQUENCE><CUSTOMERGROUPID>OTHER</CUSTOMERGROUPID><DEFAULTDIMENSIONDISPLAYVALUE></DEFAULTDIMENSIONDISPLAYVALUE><DESCRIPTION>Other Customers</DESCRIPTION><ISSALESTAXINCLUDEDINPRICE>No</ISSALESTAXINCLUDEDINPRICE><PAYMENTTERMID>CASH</PAYMENTTERMID><REPORTINGCURRENCYEXCHANGERATETYPE></REPORTINGCURRENCYEXCHANGERATETYPE><TAXGROUPID></TAXGROUPID><WRITEOFFREASON></WRITEOFFREASON></CUSTCUSTOMERGROUPENTITY><CUSTCUSTOMERGROUPENTITY><ACCOUNTINGCURRENCYEXCHANGERATETYPE></ACCOUNTINGCURRENCYEXCHANGERATETYPE><CLEARINGPERIODPAYMENTTERMNAME></CLEARINGPERIODPAYMENTTERMNAME><CUSTOMERACCOUNTNUMBERSEQUENCE></CUSTOMERACCOUNTNUMBERSEQUENCE><CUSTOMERGROUPID>WHOLESALE</CUSTOMERGROUPID><DEFAULTDIMENSIONDISPLAYVALUE></DEFAULTDIMENSIONDISPLAYVALUE><DESCRIPTION>Wholesale Customers</DESCRIPTION><ISSALESTAXINCLUDEDINPRICE>No</ISSALESTAXINCLUDEDINPRICE><PAYMENTTERMID>NET30</PAYMENTTERMID><REPORTINGCURRENCYEXCHANGERATETYPE></REPORTINGCURRENCYEXCHANGERATETYPE><TAXGROUPID></TAXGROUPID><WRITEOFFREASON></WRITEOFFREASON></CUSTCUSTOMERGROUPENTITY></Document>