﻿<?xml version="1.0" encoding="utf-8"?><Document><CUSTCUSTOMERPOSTINGPROFILEHEADERENTITY><DESCRIPTION>General Customer Posting Profile</DESCRIPTION><ISTRANSACTIONINCLUDEDINAUTOSETTLEMENT>Yes</ISTRANSACTIONINCLUDEDINAUTOSETTLEMENT><ISTRANSACTIONINCLUDEDINCOLLECTIONLETTERGENERATION>Yes</ISTRANSACTIONINCLUDEDINCOLLECTIONLETTERGENERATION><ISTRANSACTIONINCLUDEDININTERESTCALCULATION>Yes</ISTRANSACTIONINCLUDEDININTERESTCALCULATION><POSTINGPROFILE>GENERAL</POSTINGPROFILE><POSTINGPROFILETOCLOSESETTLEMENT></POSTINGPROFILETOCLOSESETTLEMENT></CUSTCUSTOMERPOSTINGPROFILEHEADERENTITY><CUSTCUSTOMERPOSTINGPROFILEHEADERENTITY><DESCRIPTION>Prepayments Posting Profile</DESCRIPTION><ISTRANSACTIONINCLUDEDINAUTOSETTLEMENT>Yes</ISTRANSACTIONINCLUDEDINAUTOSETTLEMENT><ISTRANSACTIONINCLUDEDINCOLLECTIONLETTERGENERATION>Yes</ISTRANSACTIONINCLUDEDINCOLLECTIONLETTERGENERATION><ISTRANSACTIONINCLUDEDININTERESTCALCULATION>Yes</ISTRANSACTIONINCLUDEDININTERESTCALCULATION><POSTINGPROFILE>PREPAYMENT</POSTINGPROFILE><POSTINGPROFILETOCLOSESETTLEMENT></POSTINGPROFILETOCLOSESETTLEMENT></CUSTCUSTOMERPOSTINGPROFILEHEADERENTITY></Document>