﻿<?xml version="1.0" encoding="utf-8"?><Document><CUSTCUSTOMERBASEENTITY><ADDRESSBOOKS>CUSTOMERS</ADDRESSBOOKS><ADDRESSCITY>Waterdeep</ADDRESSCITY><ADDRESSCOUNTRYREGIONID>FAE</ADDRESSCOUNTRYREGIONID><ADDRESSCOUNTRYREGIONISOCODE></ADDRESSCOUNTRYREGIONISOCODE><ADDRESSCOUNTY></ADDRESSCOUNTY><ADDRESSDESCRIPTION>Dhusarra Abhuk</ADDRESSDESCRIPTION><ADDRESSDISTRICTNAME>Mountainside</ADDRESSDISTRICTNAME><ADDRESSLATITUDE>0.0000000000</ADDRESSLATITUDE><ADDRESSLOCATIONID>000000101</ADDRESSLOCATIONID><ADDRESSLOCATIONROLES>Business</ADDRESSLOCATIONROLES><ADDRESSLONGITUDE>0.0000000000</ADDRESSLONGITUDE><ADDRESSSTATE>SC</ADDRESSSTATE><ADDRESSSTREET>1 Undermountain Lane</ADDRESSSTREET><ADDRESSSTREETNUMBER></ADDRESSSTREETNUMBER><ADDRESSTIMEZONE></ADDRESSTIMEZONE><ADDRESSVALIDFROM>2024-07-07T12:57:14</ADDRESSVALIDFROM><ADDRESSVALIDTO>2154-12-31T23:59:59</ADDRESSVALIDTO><ADDRESSZIPCODE></ADDRESSZIPCODE><CUSTOMERACCOUNT>DHUSARRAELABHURK</CUSTOMERACCOUNT><CUSTOMERGROUPID>OTHER</CUSTOMERGROUPID><ELECTRONICLOCATIONID>000000103</ELECTRONICLOCATIONID><FULLPRIMARYADDRESS>1 Undermountain Lane
Mountainside
Waterdeep,SC 
FAE</FULLPRIMARYADDRESS><KNOWNAS></KNOWNAS><LANGUAGEID>fae-cm</LANGUAGEID><NAME>Dhusarra Abhuk</NAME><NAMEALIAS>Dhusarra Abhuk</NAMEALIAS><ORGANIZATIONABCCODE></ORGANIZATIONABCCODE><ORGANIZATIONNUMBER></ORGANIZATIONNUMBER><ORGANIZATIONNUMBEROFEMPLOYEES></ORGANIZATIONNUMBEROFEMPLOYEES><ORGANIZATIONPHONETICNAME></ORGANIZATIONPHONETICNAME><PARTYCOUNTRY></PARTYCOUNTRY><PARTYNUMBER>000000201</PARTYNUMBER><PARTYSTATE></PARTYSTATE><PARTYTYPE>Person</PARTYTYPE><PAYMENTMETHOD></PAYMENTMETHOD><PAYMENTTERMS>CASH</PAYMENTTERMS><PERSONANNIVERSARYDAY>0</PERSONANNIVERSARYDAY><PERSONANNIVERSARYMONTH>None</PERSONANNIVERSARYMONTH><PERSONANNIVERSARYYEAR>0</PERSONANNIVERSARYYEAR><PERSONBIRTHDAY>0</PERSONBIRTHDAY><PERSONBIRTHMONTH>None</PERSONBIRTHMONTH><PERSONBIRTHYEAR>0</PERSONBIRTHYEAR><PERSONCHILDRENNAMES></PERSONCHILDRENNAMES><PERSONFIRSTNAME>Dhusarra</PERSONFIRSTNAME><PERSONGENDER>Unknown</PERSONGENDER><PERSONHOBBIES></PERSONHOBBIES><PERSONINITIALS></PERSONINITIALS><PERSONLASTNAME>Abhuk</PERSONLASTNAME><PERSONLASTNAMEPREFIX>el</PERSONLASTNAMEPREFIX><PERSONMARITALSTATUS>None</PERSONMARITALSTATUS><PERSONMIDDLENAME></PERSONMIDDLENAME><PERSONPERSONALTITLE></PERSONPERSONALTITLE><PERSONPHONETICFIRSTNAME></PERSONPHONETICFIRSTNAME><PERSONPHONETICLASTNAME></PERSONPHONETICLASTNAME><PERSONPHONETICMIDDLENAME></PERSONPHONETICMIDDLENAME><PERSONPROFESSIONALSUFFIX></PERSONPROFESSIONALSUFFIX><PERSONPROFESSIONALTITLE></PERSONPROFESSIONALTITLE><PRIMARYCONTACTEMAIL>D.Abhuk456@faerunonline.com</PRIMARYCONTACTEMAIL><PRIMARYCONTACTEMAILDESCRIPTION></PRIMARYCONTACTEMAILDESCRIPTION><PRIMARYCONTACTEMAILISIM>No</PRIMARYCONTACTEMAILISIM><PRIMARYCONTACTEMAILPURPOSE>Business</PRIMARYCONTACTEMAILPURPOSE><PRIMARYCONTACTFACEBOOK></PRIMARYCONTACTFACEBOOK><PRIMARYCONTACTFACEBOOKDESCRIPTION></PRIMARYCONTACTFACEBOOKDESCRIPTION><PRIMARYCONTACTFACEBOOKPURPOSE></PRIMARYCONTACTFACEBOOKPURPOSE><PRIMARYCONTACTFAX></PRIMARYCONTACTFAX><PRIMARYCONTACTFAXDESCRIPTION></PRIMARYCONTACTFAXDESCRIPTION><PRIMARYCONTACTFAXEXTENSION></PRIMARYCONTACTFAXEXTENSION><PRIMARYCONTACTFAXPURPOSE></PRIMARYCONTACTFAXPURPOSE><PRIMARYCONTACTLINKEDIN></PRIMARYCONTACTLINKEDIN><PRIMARYCONTACTLINKEDINDESCRIPTION></PRIMARYCONTACTLINKEDINDESCRIPTION><PRIMARYCONTACTLINKEDINPURPOSE></PRIMARYCONTACTLINKEDINPURPOSE><PRIMARYCONTACTPHONE>(935) 392-847</PRIMARYCONTACTPHONE><PRIMARYCONTACTPHONEDESCRIPTION></PRIMARYCONTACTPHONEDESCRIPTION><PRIMARYCONTACTPHONEEXTENSION></PRIMARYCONTACTPHONEEXTENSION><PRIMARYCONTACTPHONEISMOBILE>No</PRIMARYCONTACTPHONEISMOBILE><PRIMARYCONTACTPHONEPURPOSE>Business</PRIMARYCONTACTPHONEPURPOSE><PRIMARYCONTACTTELEX></PRIMARYCONTACTTELEX><PRIMARYCONTACTTELEXDESCRIPTION></PRIMARYCONTACTTELEXDESCRIPTION><PRIMARYCONTACTTELEXPURPOSE></PRIMARYCONTACTTELEXPURPOSE><PRIMARYCONTACTTWITTER></PRIMARYCONTACTTWITTER><PRIMARYCONTACTTWITTERDESCRIPTION></PRIMARYCONTACTTWITTERDESCRIPTION><PRIMARYCONTACTTWITTERPURPOSE></PRIMARYCONTACTTWITTERPURPOSE><PRIMARYCONTACTURL></PRIMARYCONTACTURL><PRIMARYCONTACTURLDESCRIPTION></PRIMARYCONTACTURLDESCRIPTION><PRIMARYCONTACTURLPURPOSE></PRIMARYCONTACTURLPURPOSE><SALESCURRENCYCODE>FGP</SALESCURRENCYCODE><SALESSEGMENTID></SALESSEGMENTID><SALESSUBSEGMENTID></SALESSUBSEGMENTID><SALESTAXGROUP></SALESTAXGROUP></CUSTCUSTOMERBASEENTITY><CUSTCUSTOMERBASEENTITY><ADDRESSBOOKS></ADDRESSBOOKS><ADDRESSCITY>Caer Callidyrr</ADDRESSCITY><ADDRESSCOUNTRYREGIONID>FAE</ADDRESSCOUNTRYREGIONID><ADDRESSCOUNTRYREGIONISOCODE></ADDRESSCOUNTRYREGIONISOCODE><ADDRESSCOUNTY></ADDRESSCOUNTY><ADDRESSDESCRIPTION>Eamon Blackbriar</ADDRESSDESCRIPTION><ADDRESSDISTRICTNAME>The Stewards Quarters</ADDRESSDISTRICTNAME><ADDRESSLATITUDE>0.0000000000</ADDRESSLATITUDE><ADDRESSLOCATIONID>000000225</ADDRESSLOCATIONID><ADDRESSLOCATIONROLES>Business</ADDRESSLOCATIONROLES><ADDRESSLONGITUDE>0.0000000000</ADDRESSLONGITUDE><ADDRESSSTATE>MI</ADDRESSSTATE><ADDRESSSTREET>47 Stormwatch Street</ADDRESSSTREET><ADDRESSSTREETNUMBER></ADDRESSSTREETNUMBER><ADDRESSTIMEZONE></ADDRESSTIMEZONE><ADDRESSVALIDFROM>2024-08-25T11:33:49</ADDRESSVALIDFROM><ADDRESSVALIDTO>2154-12-31T23:59:59</ADDRESSVALIDTO><ADDRESSZIPCODE>CC-1021-UR</ADDRESSZIPCODE><CUSTOMERACCOUNT>EAMONBLACKBRIAR</CUSTOMERACCOUNT><CUSTOMERGROUPID>OTHER</CUSTOMERGROUPID><ELECTRONICLOCATIONID></ELECTRONICLOCATIONID><FULLPRIMARYADDRESS>47 Stormwatch Street
The Stewards Quarters
Caer Callidyrr,MI CC-1021-UR
FAE</FULLPRIMARYADDRESS><KNOWNAS></KNOWNAS><LANGUAGEID>fae-cm</LANGUAGEID><NAME>Eamon Blackbriar</NAME><NAMEALIAS>Eamon Blav kbriar</NAMEALIAS><ORGANIZATIONABCCODE></ORGANIZATIONABCCODE><ORGANIZATIONNUMBER></ORGANIZATIONNUMBER><ORGANIZATIONNUMBEROFEMPLOYEES></ORGANIZATIONNUMBEROFEMPLOYEES><ORGANIZATIONPHONETICNAME></ORGANIZATIONPHONETICNAME><PARTYCOUNTRY>FAE</PARTYCOUNTRY><PARTYNUMBER>000000333</PARTYNUMBER><PARTYSTATE>MI</PARTYSTATE><PARTYTYPE>Person</PARTYTYPE><PAYMENTMETHOD></PAYMENTMETHOD><PAYMENTTERMS>CASH</PAYMENTTERMS><PERSONANNIVERSARYDAY>0</PERSONANNIVERSARYDAY><PERSONANNIVERSARYMONTH>None</PERSONANNIVERSARYMONTH><PERSONANNIVERSARYYEAR>0</PERSONANNIVERSARYYEAR><PERSONBIRTHDAY>0</PERSONBIRTHDAY><PERSONBIRTHMONTH>None</PERSONBIRTHMONTH><PERSONBIRTHYEAR>0</PERSONBIRTHYEAR><PERSONCHILDRENNAMES></PERSONCHILDRENNAMES><PERSONFIRSTNAME>Eamon</PERSONFIRSTNAME><PERSONGENDER>Male</PERSONGENDER><PERSONHOBBIES></PERSONHOBBIES><PERSONINITIALS></PERSONINITIALS><PERSONLASTNAME>Blackbriar</PERSONLASTNAME><PERSONLASTNAMEPREFIX></PERSONLASTNAMEPREFIX><PERSONMARITALSTATUS>None</PERSONMARITALSTATUS><PERSONMIDDLENAME></PERSONMIDDLENAME><PERSONPERSONALTITLE></PERSONPERSONALTITLE><PERSONPHONETICFIRSTNAME></PERSONPHONETICFIRSTNAME><PERSONPHONETICLASTNAME></PERSONPHONETICLASTNAME><PERSONPHONETICMIDDLENAME></PERSONPHONETICMIDDLENAME><PERSONPROFESSIONALSUFFIX></PERSONPROFESSIONALSUFFIX><PERSONPROFESSIONALTITLE></PERSONPROFESSIONALTITLE><PRIMARYCONTACTEMAIL></PRIMARYCONTACTEMAIL><PRIMARYCONTACTEMAILDESCRIPTION></PRIMARYCONTACTEMAILDESCRIPTION><PRIMARYCONTACTEMAILISIM></PRIMARYCONTACTEMAILISIM><PRIMARYCONTACTEMAILPURPOSE></PRIMARYCONTACTEMAILPURPOSE><PRIMARYCONTACTFACEBOOK></PRIMARYCONTACTFACEBOOK><PRIMARYCONTACTFACEBOOKDESCRIPTION></PRIMARYCONTACTFACEBOOKDESCRIPTION><PRIMARYCONTACTFACEBOOKPURPOSE></PRIMARYCONTACTFACEBOOKPURPOSE><PRIMARYCONTACTFAX></PRIMARYCONTACTFAX><PRIMARYCONTACTFAXDESCRIPTION></PRIMARYCONTACTFAXDESCRIPTION><PRIMARYCONTACTFAXEXTENSION></PRIMARYCONTACTFAXEXTENSION><PRIMARYCONTACTFAXPURPOSE></PRIMARYCONTACTFAXPURPOSE><PRIMARYCONTACTLINKEDIN></PRIMARYCONTACTLINKEDIN><PRIMARYCONTACTLINKEDINDESCRIPTION></PRIMARYCONTACTLINKEDINDESCRIPTION><PRIMARYCONTACTLINKEDINPURPOSE></PRIMARYCONTACTLINKEDINPURPOSE><PRIMARYCONTACTPHONE></PRIMARYCONTACTPHONE><PRIMARYCONTACTPHONEDESCRIPTION></PRIMARYCONTACTPHONEDESCRIPTION><PRIMARYCONTACTPHONEEXTENSION></PRIMARYCONTACTPHONEEXTENSION><PRIMARYCONTACTPHONEISMOBILE></PRIMARYCONTACTPHONEISMOBILE><PRIMARYCONTACTPHONEPURPOSE></PRIMARYCONTACTPHONEPURPOSE><PRIMARYCONTACTTELEX></PRIMARYCONTACTTELEX><PRIMARYCONTACTTELEXDESCRIPTION></PRIMARYCONTACTTELEXDESCRIPTION><PRIMARYCONTACTTELEXPURPOSE></PRIMARYCONTACTTELEXPURPOSE><PRIMARYCONTACTTWITTER></PRIMARYCONTACTTWITTER><PRIMARYCONTACTTWITTERDESCRIPTION></PRIMARYCONTACTTWITTERDESCRIPTION><PRIMARYCONTACTTWITTERPURPOSE></PRIMARYCONTACTTWITTERPURPOSE><PRIMARYCONTACTURL></PRIMARYCONTACTURL><PRIMARYCONTACTURLDESCRIPTION></PRIMARYCONTACTURLDESCRIPTION><PRIMARYCONTACTURLPURPOSE></PRIMARYCONTACTURLPURPOSE><SALESCURRENCYCODE>FGP</SALESCURRENCYCODE><SALESSEGMENTID></SALESSEGMENTID><SALESSUBSEGMENTID></SALESSUBSEGMENTID><SALESTAXGROUP></SALESTAXGROUP></CUSTCUSTOMERBASEENTITY><CUSTCUSTOMERBASEENTITY><ADDRESSBOOKS></ADDRESSBOOKS><ADDRESSCITY>Waterdeep</ADDRESSCITY><ADDRESSCOUNTRYREGIONID>FAE</ADDRESSCOUNTRYREGIONID><ADDRESSCOUNTRYREGIONISOCODE></ADDRESSCOUNTRYREGIONISOCODE><ADDRESSCOUNTY></ADDRESSCOUNTY><ADDRESSDESCRIPTION>Seraphine Duskwind</ADDRESSDESCRIPTION><ADDRESSDISTRICTNAME>Trades Ward</ADDRESSDISTRICTNAME><ADDRESSLATITUDE>0.0000000000</ADDRESSLATITUDE><ADDRESSLOCATIONID>000000219</ADDRESSLOCATIONID><ADDRESSLOCATIONROLES>Business</ADDRESSLOCATIONROLES><ADDRESSLONGITUDE>0.0000000000</ADDRESSLONGITUDE><ADDRESSSTATE>SC</ADDRESSSTATE><ADDRESSSTREET>12 Moonshadow Terrace</ADDRESSSTREET><ADDRESSSTREETNUMBER></ADDRESSSTREETNUMBER><ADDRESSTIMEZONE></ADDRESSTIMEZONE><ADDRESSVALIDFROM>2024-08-22T12:51:04</ADDRESSVALIDFROM><ADDRESSVALIDTO>2154-12-31T23:59:59</ADDRESSVALIDTO><ADDRESSZIPCODE>WD-2001-UR</ADDRESSZIPCODE><CUSTOMERACCOUNT>SERAPHINEDUSKWIND</CUSTOMERACCOUNT><CUSTOMERGROUPID>OTHER</CUSTOMERGROUPID><ELECTRONICLOCATIONID></ELECTRONICLOCATIONID><FULLPRIMARYADDRESS>12 Moonshadow Terrace
Trades Ward
Waterdeep,SC WD-2001-UR
FAE</FULLPRIMARYADDRESS><KNOWNAS></KNOWNAS><LANGUAGEID>fae-cm</LANGUAGEID><NAME>Seraphine Duskwind</NAME><NAMEALIAS>Seraphine Duskwind</NAMEALIAS><ORGANIZATIONABCCODE></ORGANIZATIONABCCODE><ORGANIZATIONNUMBER></ORGANIZATIONNUMBER><ORGANIZATIONNUMBEROFEMPLOYEES></ORGANIZATIONNUMBEROFEMPLOYEES><ORGANIZATIONPHONETICNAME></ORGANIZATIONPHONETICNAME><PARTYCOUNTRY></PARTYCOUNTRY><PARTYNUMBER>000000328</PARTYNUMBER><PARTYSTATE></PARTYSTATE><PARTYTYPE>Person</PARTYTYPE><PAYMENTMETHOD></PAYMENTMETHOD><PAYMENTTERMS>CASH</PAYMENTTERMS><PERSONANNIVERSARYDAY>0</PERSONANNIVERSARYDAY><PERSONANNIVERSARYMONTH>None</PERSONANNIVERSARYMONTH><PERSONANNIVERSARYYEAR>0</PERSONANNIVERSARYYEAR><PERSONBIRTHDAY>0</PERSONBIRTHDAY><PERSONBIRTHMONTH>None</PERSONBIRTHMONTH><PERSONBIRTHYEAR>0</PERSONBIRTHYEAR><PERSONCHILDRENNAMES></PERSONCHILDRENNAMES><PERSONFIRSTNAME>Seraphine</PERSONFIRSTNAME><PERSONGENDER>Unknown</PERSONGENDER><PERSONHOBBIES></PERSONHOBBIES><PERSONINITIALS></PERSONINITIALS><PERSONLASTNAME>Duskwind</PERSONLASTNAME><PERSONLASTNAMEPREFIX></PERSONLASTNAMEPREFIX><PERSONMARITALSTATUS>None</PERSONMARITALSTATUS><PERSONMIDDLENAME></PERSONMIDDLENAME><PERSONPERSONALTITLE>Lady</PERSONPERSONALTITLE><PERSONPHONETICFIRSTNAME></PERSONPHONETICFIRSTNAME><PERSONPHONETICLASTNAME></PERSONPHONETICLASTNAME><PERSONPHONETICMIDDLENAME></PERSONPHONETICMIDDLENAME><PERSONPROFESSIONALSUFFIX></PERSONPROFESSIONALSUFFIX><PERSONPROFESSIONALTITLE></PERSONPROFESSIONALTITLE><PRIMARYCONTACTEMAIL></PRIMARYCONTACTEMAIL><PRIMARYCONTACTEMAILDESCRIPTION></PRIMARYCONTACTEMAILDESCRIPTION><PRIMARYCONTACTEMAILISIM></PRIMARYCONTACTEMAILISIM><PRIMARYCONTACTEMAILPURPOSE></PRIMARYCONTACTEMAILPURPOSE><PRIMARYCONTACTFACEBOOK></PRIMARYCONTACTFACEBOOK><PRIMARYCONTACTFACEBOOKDESCRIPTION></PRIMARYCONTACTFACEBOOKDESCRIPTION><PRIMARYCONTACTFACEBOOKPURPOSE></PRIMARYCONTACTFACEBOOKPURPOSE><PRIMARYCONTACTFAX></PRIMARYCONTACTFAX><PRIMARYCONTACTFAXDESCRIPTION></PRIMARYCONTACTFAXDESCRIPTION><PRIMARYCONTACTFAXEXTENSION></PRIMARYCONTACTFAXEXTENSION><PRIMARYCONTACTFAXPURPOSE></PRIMARYCONTACTFAXPURPOSE><PRIMARYCONTACTLINKEDIN></PRIMARYCONTACTLINKEDIN><PRIMARYCONTACTLINKEDINDESCRIPTION></PRIMARYCONTACTLINKEDINDESCRIPTION><PRIMARYCONTACTLINKEDINPURPOSE></PRIMARYCONTACTLINKEDINPURPOSE><PRIMARYCONTACTPHONE></PRIMARYCONTACTPHONE><PRIMARYCONTACTPHONEDESCRIPTION></PRIMARYCONTACTPHONEDESCRIPTION><PRIMARYCONTACTPHONEEXTENSION></PRIMARYCONTACTPHONEEXTENSION><PRIMARYCONTACTPHONEISMOBILE></PRIMARYCONTACTPHONEISMOBILE><PRIMARYCONTACTPHONEPURPOSE></PRIMARYCONTACTPHONEPURPOSE><PRIMARYCONTACTTELEX></PRIMARYCONTACTTELEX><PRIMARYCONTACTTELEXDESCRIPTION></PRIMARYCONTACTTELEXDESCRIPTION><PRIMARYCONTACTTELEXPURPOSE></PRIMARYCONTACTTELEXPURPOSE><PRIMARYCONTACTTWITTER></PRIMARYCONTACTTWITTER><PRIMARYCONTACTTWITTERDESCRIPTION></PRIMARYCONTACTTWITTERDESCRIPTION><PRIMARYCONTACTTWITTERPURPOSE></PRIMARYCONTACTTWITTERPURPOSE><PRIMARYCONTACTURL></PRIMARYCONTACTURL><PRIMARYCONTACTURLDESCRIPTION></PRIMARYCONTACTURLDESCRIPTION><PRIMARYCONTACTURLPURPOSE></PRIMARYCONTACTURLPURPOSE><SALESCURRENCYCODE>FGP</SALESCURRENCYCODE><SALESSEGMENTID></SALESSEGMENTID><SALESSUBSEGMENTID></SALESSUBSEGMENTID><SALESTAXGROUP></SALESTAXGROUP></CUSTCUSTOMERBASEENTITY><CUSTCUSTOMERBASEENTITY><ADDRESSBOOKS></ADDRESSBOOKS><ADDRESSCITY>Neverwinter</ADDRESSCITY><ADDRESSCOUNTRYREGIONID>FAE</ADDRESSCOUNTRYREGIONID><ADDRESSCOUNTRYREGIONISOCODE></ADDRESSCOUNTRYREGIONISOCODE><ADDRESSCOUNTY></ADDRESSCOUNTY><ADDRESSDESCRIPTION><![CDATA[Thalindra "Thorn" Valewood]]></ADDRESSDESCRIPTION><ADDRESSDISTRICTNAME></ADDRESSDISTRICTNAME><ADDRESSLATITUDE>0.0000000000</ADDRESSLATITUDE><ADDRESSLOCATIONID>000000222</ADDRESSLOCATIONID><ADDRESSLOCATIONROLES>Business</ADDRESSLOCATIONROLES><ADDRESSLONGITUDE>0.0000000000</ADDRESSLONGITUDE><ADDRESSSTATE>SC</ADDRESSSTATE><ADDRESSSTREET>415 Evermoors Lane</ADDRESSSTREET><ADDRESSSTREETNUMBER></ADDRESSSTREETNUMBER><ADDRESSTIMEZONE></ADDRESSTIMEZONE><ADDRESSVALIDFROM>2024-08-23T21:22:27</ADDRESSVALIDFROM><ADDRESSVALIDTO>2154-12-31T23:59:59</ADDRESSVALIDTO><ADDRESSZIPCODE>NW-2002-BD</ADDRESSZIPCODE><CUSTOMERACCOUNT>THALINDRAVALEWOOD</CUSTOMERACCOUNT><CUSTOMERGROUPID>OTHER</CUSTOMERGROUPID><ELECTRONICLOCATIONID></ELECTRONICLOCATIONID><FULLPRIMARYADDRESS>415 Evermoors Lane
Neverwinter,SC NW-2002-BD
FAE</FULLPRIMARYADDRESS><KNOWNAS></KNOWNAS><LANGUAGEID>fae-cm</LANGUAGEID><NAME><![CDATA[Thalindra "Thorn" Valewood]]></NAME><NAMEALIAS><![CDATA[Thalindra "Thorn" Va]]></NAMEALIAS><ORGANIZATIONABCCODE></ORGANIZATIONABCCODE><ORGANIZATIONNUMBER></ORGANIZATIONNUMBER><ORGANIZATIONNUMBEROFEMPLOYEES></ORGANIZATIONNUMBEROFEMPLOYEES><ORGANIZATIONPHONETICNAME></ORGANIZATIONPHONETICNAME><PARTYCOUNTRY></PARTYCOUNTRY><PARTYNUMBER>000000330</PARTYNUMBER><PARTYSTATE></PARTYSTATE><PARTYTYPE>Person</PARTYTYPE><PAYMENTMETHOD></PAYMENTMETHOD><PAYMENTTERMS>CASH</PAYMENTTERMS><PERSONANNIVERSARYDAY>0</PERSONANNIVERSARYDAY><PERSONANNIVERSARYMONTH>None</PERSONANNIVERSARYMONTH><PERSONANNIVERSARYYEAR>0</PERSONANNIVERSARYYEAR><PERSONBIRTHDAY>0</PERSONBIRTHDAY><PERSONBIRTHMONTH>None</PERSONBIRTHMONTH><PERSONBIRTHYEAR>0</PERSONBIRTHYEAR><PERSONCHILDRENNAMES></PERSONCHILDRENNAMES><PERSONFIRSTNAME>Thalindra</PERSONFIRSTNAME><PERSONGENDER>Unknown</PERSONGENDER><PERSONHOBBIES></PERSONHOBBIES><PERSONINITIALS></PERSONINITIALS><PERSONLASTNAME>Valewood</PERSONLASTNAME><PERSONLASTNAMEPREFIX></PERSONLASTNAMEPREFIX><PERSONMARITALSTATUS>None</PERSONMARITALSTATUS><PERSONMIDDLENAME><![CDATA["Thorn"]]></PERSONMIDDLENAME><PERSONPERSONALTITLE></PERSONPERSONALTITLE><PERSONPHONETICFIRSTNAME></PERSONPHONETICFIRSTNAME><PERSONPHONETICLASTNAME></PERSONPHONETICLASTNAME><PERSONPHONETICMIDDLENAME></PERSONPHONETICMIDDLENAME><PERSONPROFESSIONALSUFFIX></PERSONPROFESSIONALSUFFIX><PERSONPROFESSIONALTITLE></PERSONPROFESSIONALTITLE><PRIMARYCONTACTEMAIL></PRIMARYCONTACTEMAIL><PRIMARYCONTACTEMAILDESCRIPTION></PRIMARYCONTACTEMAILDESCRIPTION><PRIMARYCONTACTEMAILISIM></PRIMARYCONTACTEMAILISIM><PRIMARYCONTACTEMAILPURPOSE></PRIMARYCONTACTEMAILPURPOSE><PRIMARYCONTACTFACEBOOK></PRIMARYCONTACTFACEBOOK><PRIMARYCONTACTFACEBOOKDESCRIPTION></PRIMARYCONTACTFACEBOOKDESCRIPTION><PRIMARYCONTACTFACEBOOKPURPOSE></PRIMARYCONTACTFACEBOOKPURPOSE><PRIMARYCONTACTFAX></PRIMARYCONTACTFAX><PRIMARYCONTACTFAXDESCRIPTION></PRIMARYCONTACTFAXDESCRIPTION><PRIMARYCONTACTFAXEXTENSION></PRIMARYCONTACTFAXEXTENSION><PRIMARYCONTACTFAXPURPOSE></PRIMARYCONTACTFAXPURPOSE><PRIMARYCONTACTLINKEDIN></PRIMARYCONTACTLINKEDIN><PRIMARYCONTACTLINKEDINDESCRIPTION></PRIMARYCONTACTLINKEDINDESCRIPTION><PRIMARYCONTACTLINKEDINPURPOSE></PRIMARYCONTACTLINKEDINPURPOSE><PRIMARYCONTACTPHONE></PRIMARYCONTACTPHONE><PRIMARYCONTACTPHONEDESCRIPTION></PRIMARYCONTACTPHONEDESCRIPTION><PRIMARYCONTACTPHONEEXTENSION></PRIMARYCONTACTPHONEEXTENSION><PRIMARYCONTACTPHONEISMOBILE></PRIMARYCONTACTPHONEISMOBILE><PRIMARYCONTACTPHONEPURPOSE></PRIMARYCONTACTPHONEPURPOSE><PRIMARYCONTACTTELEX></PRIMARYCONTACTTELEX><PRIMARYCONTACTTELEXDESCRIPTION></PRIMARYCONTACTTELEXDESCRIPTION><PRIMARYCONTACTTELEXPURPOSE></PRIMARYCONTACTTELEXPURPOSE><PRIMARYCONTACTTWITTER></PRIMARYCONTACTTWITTER><PRIMARYCONTACTTWITTERDESCRIPTION></PRIMARYCONTACTTWITTERDESCRIPTION><PRIMARYCONTACTTWITTERPURPOSE></PRIMARYCONTACTTWITTERPURPOSE><PRIMARYCONTACTURL></PRIMARYCONTACTURL><PRIMARYCONTACTURLDESCRIPTION></PRIMARYCONTACTURLDESCRIPTION><PRIMARYCONTACTURLPURPOSE></PRIMARYCONTACTURLPURPOSE><SALESCURRENCYCODE>FGP</SALESCURRENCYCODE><SALESSEGMENTID></SALESSEGMENTID><SALESSUBSEGMENTID></SALESSUBSEGMENTID><SALESTAXGROUP></SALESTAXGROUP></CUSTCUSTOMERBASEENTITY><CUSTCUSTOMERBASEENTITY><ADDRESSBOOKS></ADDRESSBOOKS><ADDRESSCITY>Waterdeep</ADDRESSCITY><ADDRESSCOUNTRYREGIONID>FAE</ADDRESSCOUNTRYREGIONID><ADDRESSCOUNTRYREGIONISOCODE></ADDRESSCOUNTRYREGIONISOCODE><ADDRESSCOUNTY></ADDRESSCOUNTY><ADDRESSDESCRIPTION>Varris Blackblade</ADDRESSDESCRIPTION><ADDRESSDISTRICTNAME>Dock Ward</ADDRESSDISTRICTNAME><ADDRESSLATITUDE>0.0000000000</ADDRESSLATITUDE><ADDRESSLOCATIONID>000000213</ADDRESSLOCATIONID><ADDRESSLOCATIONROLES>Business</ADDRESSLOCATIONROLES><ADDRESSLONGITUDE>0.0000000000</ADDRESSLONGITUDE><ADDRESSSTATE>SC</ADDRESSSTATE><ADDRESSSTREET>Sparrow Lane</ADDRESSSTREET><ADDRESSSTREETNUMBER></ADDRESSSTREETNUMBER><ADDRESSTIMEZONE></ADDRESSTIMEZONE><ADDRESSVALIDFROM>2024-08-21T20:01:48</ADDRESSVALIDFROM><ADDRESSVALIDTO>2154-12-31T23:59:59</ADDRESSVALIDTO><ADDRESSZIPCODE>0001</ADDRESSZIPCODE><CUSTOMERACCOUNT>VARRISBLACKBLADE</CUSTOMERACCOUNT><CUSTOMERGROUPID>OTHER</CUSTOMERGROUPID><ELECTRONICLOCATIONID></ELECTRONICLOCATIONID><FULLPRIMARYADDRESS>Sparrow Lane
Dock Ward
Waterdeep,SC 0001
FAE</FULLPRIMARYADDRESS><KNOWNAS></KNOWNAS><LANGUAGEID>fae-cm</LANGUAGEID><NAME>Varris Blackblade</NAME><NAMEALIAS>Varris Blackblade</NAMEALIAS><ORGANIZATIONABCCODE></ORGANIZATIONABCCODE><ORGANIZATIONNUMBER></ORGANIZATIONNUMBER><ORGANIZATIONNUMBEROFEMPLOYEES></ORGANIZATIONNUMBEROFEMPLOYEES><ORGANIZATIONPHONETICNAME></ORGANIZATIONPHONETICNAME><PARTYCOUNTRY></PARTYCOUNTRY><PARTYNUMBER>000000326</PARTYNUMBER><PARTYSTATE></PARTYSTATE><PARTYTYPE>Person</PARTYTYPE><PAYMENTMETHOD></PAYMENTMETHOD><PAYMENTTERMS>CASH</PAYMENTTERMS><PERSONANNIVERSARYDAY>0</PERSONANNIVERSARYDAY><PERSONANNIVERSARYMONTH>None</PERSONANNIVERSARYMONTH><PERSONANNIVERSARYYEAR>0</PERSONANNIVERSARYYEAR><PERSONBIRTHDAY>0</PERSONBIRTHDAY><PERSONBIRTHMONTH>None</PERSONBIRTHMONTH><PERSONBIRTHYEAR>0</PERSONBIRTHYEAR><PERSONCHILDRENNAMES></PERSONCHILDRENNAMES><PERSONFIRSTNAME>Varris</PERSONFIRSTNAME><PERSONGENDER>Unknown</PERSONGENDER><PERSONHOBBIES></PERSONHOBBIES><PERSONINITIALS></PERSONINITIALS><PERSONLASTNAME>Blackblade</PERSONLASTNAME><PERSONLASTNAMEPREFIX></PERSONLASTNAMEPREFIX><PERSONMARITALSTATUS>None</PERSONMARITALSTATUS><PERSONMIDDLENAME></PERSONMIDDLENAME><PERSONPERSONALTITLE></PERSONPERSONALTITLE><PERSONPHONETICFIRSTNAME></PERSONPHONETICFIRSTNAME><PERSONPHONETICLASTNAME></PERSONPHONETICLASTNAME><PERSONPHONETICMIDDLENAME></PERSONPHONETICMIDDLENAME><PERSONPROFESSIONALSUFFIX></PERSONPROFESSIONALSUFFIX><PERSONPROFESSIONALTITLE></PERSONPROFESSIONALTITLE><PRIMARYCONTACTEMAIL></PRIMARYCONTACTEMAIL><PRIMARYCONTACTEMAILDESCRIPTION></PRIMARYCONTACTEMAILDESCRIPTION><PRIMARYCONTACTEMAILISIM></PRIMARYCONTACTEMAILISIM><PRIMARYCONTACTEMAILPURPOSE></PRIMARYCONTACTEMAILPURPOSE><PRIMARYCONTACTFACEBOOK></PRIMARYCONTACTFACEBOOK><PRIMARYCONTACTFACEBOOKDESCRIPTION></PRIMARYCONTACTFACEBOOKDESCRIPTION><PRIMARYCONTACTFACEBOOKPURPOSE></PRIMARYCONTACTFACEBOOKPURPOSE><PRIMARYCONTACTFAX></PRIMARYCONTACTFAX><PRIMARYCONTACTFAXDESCRIPTION></PRIMARYCONTACTFAXDESCRIPTION><PRIMARYCONTACTFAXEXTENSION></PRIMARYCONTACTFAXEXTENSION><PRIMARYCONTACTFAXPURPOSE></PRIMARYCONTACTFAXPURPOSE><PRIMARYCONTACTLINKEDIN></PRIMARYCONTACTLINKEDIN><PRIMARYCONTACTLINKEDINDESCRIPTION></PRIMARYCONTACTLINKEDINDESCRIPTION><PRIMARYCONTACTLINKEDINPURPOSE></PRIMARYCONTACTLINKEDINPURPOSE><PRIMARYCONTACTPHONE></PRIMARYCONTACTPHONE><PRIMARYCONTACTPHONEDESCRIPTION></PRIMARYCONTACTPHONEDESCRIPTION><PRIMARYCONTACTPHONEEXTENSION></PRIMARYCONTACTPHONEEXTENSION><PRIMARYCONTACTPHONEISMOBILE></PRIMARYCONTACTPHONEISMOBILE><PRIMARYCONTACTPHONEPURPOSE></PRIMARYCONTACTPHONEPURPOSE><PRIMARYCONTACTTELEX></PRIMARYCONTACTTELEX><PRIMARYCONTACTTELEXDESCRIPTION></PRIMARYCONTACTTELEXDESCRIPTION><PRIMARYCONTACTTELEXPURPOSE></PRIMARYCONTACTTELEXPURPOSE><PRIMARYCONTACTTWITTER></PRIMARYCONTACTTWITTER><PRIMARYCONTACTTWITTERDESCRIPTION></PRIMARYCONTACTTWITTERDESCRIPTION><PRIMARYCONTACTTWITTERPURPOSE></PRIMARYCONTACTTWITTERPURPOSE><PRIMARYCONTACTURL></PRIMARYCONTACTURL><PRIMARYCONTACTURLDESCRIPTION></PRIMARYCONTACTURLDESCRIPTION><PRIMARYCONTACTURLPURPOSE></PRIMARYCONTACTURLPURPOSE><SALESCURRENCYCODE>FGP</SALESCURRENCYCODE><SALESSEGMENTID></SALESSEGMENTID><SALESSUBSEGMENTID></SALESSUBSEGMENTID><SALESTAXGROUP></SALESTAXGROUP></CUSTCUSTOMERBASEENTITY><CUSTCUSTOMERBASEENTITY><ADDRESSBOOKS></ADDRESSBOOKS><ADDRESSCITY>Waterdeep</ADDRESSCITY><ADDRESSCOUNTRYREGIONID>FAE</ADDRESSCOUNTRYREGIONID><ADDRESSCOUNTRYREGIONISOCODE></ADDRESSCOUNTRYREGIONISOCODE><ADDRESSCOUNTY></ADDRESSCOUNTY><ADDRESSDESCRIPTION>Velos Emberlight</ADDRESSDESCRIPTION><ADDRESSDISTRICTNAME>Sea Ward</ADDRESSDISTRICTNAME><ADDRESSLATITUDE>0.0000000000</ADDRESSLATITUDE><ADDRESSLOCATIONID>000000218</ADDRESSLOCATIONID><ADDRESSLOCATIONROLES>Delivery</ADDRESSLOCATIONROLES><ADDRESSLONGITUDE>0.0000000000</ADDRESSLONGITUDE><ADDRESSSTATE>SC</ADDRESSSTATE><ADDRESSSTREET>7 Dragonspur Alley</ADDRESSSTREET><ADDRESSSTREETNUMBER></ADDRESSSTREETNUMBER><ADDRESSTIMEZONE></ADDRESSTIMEZONE><ADDRESSVALIDFROM>2024-08-22T12:25:57</ADDRESSVALIDFROM><ADDRESSVALIDTO>2154-12-31T23:59:59</ADDRESSVALIDTO><ADDRESSZIPCODE>0001</ADDRESSZIPCODE><CUSTOMERACCOUNT>VELOSEMBERLIGHT</CUSTOMERACCOUNT><CUSTOMERGROUPID>OTHER</CUSTOMERGROUPID><ELECTRONICLOCATIONID></ELECTRONICLOCATIONID><FULLPRIMARYADDRESS>7 Dragonspur Alley
Sea Ward
Waterdeep,SC 0001
FAE</FULLPRIMARYADDRESS><KNOWNAS></KNOWNAS><LANGUAGEID>fae-cm</LANGUAGEID><NAME>Velos Emberlight</NAME><NAMEALIAS>Velos Emberlight</NAMEALIAS><ORGANIZATIONABCCODE></ORGANIZATIONABCCODE><ORGANIZATIONNUMBER></ORGANIZATIONNUMBER><ORGANIZATIONNUMBEROFEMPLOYEES></ORGANIZATIONNUMBEROFEMPLOYEES><ORGANIZATIONPHONETICNAME></ORGANIZATIONPHONETICNAME><PARTYCOUNTRY></PARTYCOUNTRY><PARTYNUMBER>000000327</PARTYNUMBER><PARTYSTATE></PARTYSTATE><PARTYTYPE>Person</PARTYTYPE><PAYMENTMETHOD></PAYMENTMETHOD><PAYMENTTERMS>CASH</PAYMENTTERMS><PERSONANNIVERSARYDAY>0</PERSONANNIVERSARYDAY><PERSONANNIVERSARYMONTH>None</PERSONANNIVERSARYMONTH><PERSONANNIVERSARYYEAR>0</PERSONANNIVERSARYYEAR><PERSONBIRTHDAY>0</PERSONBIRTHDAY><PERSONBIRTHMONTH>None</PERSONBIRTHMONTH><PERSONBIRTHYEAR>0</PERSONBIRTHYEAR><PERSONCHILDRENNAMES></PERSONCHILDRENNAMES><PERSONFIRSTNAME>Velos</PERSONFIRSTNAME><PERSONGENDER>Male</PERSONGENDER><PERSONHOBBIES></PERSONHOBBIES><PERSONINITIALS></PERSONINITIALS><PERSONLASTNAME>Emberlight</PERSONLASTNAME><PERSONLASTNAMEPREFIX></PERSONLASTNAMEPREFIX><PERSONMARITALSTATUS>None</PERSONMARITALSTATUS><PERSONMIDDLENAME></PERSONMIDDLENAME><PERSONPERSONALTITLE></PERSONPERSONALTITLE><PERSONPHONETICFIRSTNAME></PERSONPHONETICFIRSTNAME><PERSONPHONETICLASTNAME></PERSONPHONETICLASTNAME><PERSONPHONETICMIDDLENAME></PERSONPHONETICMIDDLENAME><PERSONPROFESSIONALSUFFIX></PERSONPROFESSIONALSUFFIX><PERSONPROFESSIONALTITLE></PERSONPROFESSIONALTITLE><PRIMARYCONTACTEMAIL></PRIMARYCONTACTEMAIL><PRIMARYCONTACTEMAILDESCRIPTION></PRIMARYCONTACTEMAILDESCRIPTION><PRIMARYCONTACTEMAILISIM></PRIMARYCONTACTEMAILISIM><PRIMARYCONTACTEMAILPURPOSE></PRIMARYCONTACTEMAILPURPOSE><PRIMARYCONTACTFACEBOOK></PRIMARYCONTACTFACEBOOK><PRIMARYCONTACTFACEBOOKDESCRIPTION></PRIMARYCONTACTFACEBOOKDESCRIPTION><PRIMARYCONTACTFACEBOOKPURPOSE></PRIMARYCONTACTFACEBOOKPURPOSE><PRIMARYCONTACTFAX></PRIMARYCONTACTFAX><PRIMARYCONTACTFAXDESCRIPTION></PRIMARYCONTACTFAXDESCRIPTION><PRIMARYCONTACTFAXEXTENSION></PRIMARYCONTACTFAXEXTENSION><PRIMARYCONTACTFAXPURPOSE></PRIMARYCONTACTFAXPURPOSE><PRIMARYCONTACTLINKEDIN></PRIMARYCONTACTLINKEDIN><PRIMARYCONTACTLINKEDINDESCRIPTION></PRIMARYCONTACTLINKEDINDESCRIPTION><PRIMARYCONTACTLINKEDINPURPOSE></PRIMARYCONTACTLINKEDINPURPOSE><PRIMARYCONTACTPHONE></PRIMARYCONTACTPHONE><PRIMARYCONTACTPHONEDESCRIPTION></PRIMARYCONTACTPHONEDESCRIPTION><PRIMARYCONTACTPHONEEXTENSION></PRIMARYCONTACTPHONEEXTENSION><PRIMARYCONTACTPHONEISMOBILE></PRIMARYCONTACTPHONEISMOBILE><PRIMARYCONTACTPHONEPURPOSE></PRIMARYCONTACTPHONEPURPOSE><PRIMARYCONTACTTELEX></PRIMARYCONTACTTELEX><PRIMARYCONTACTTELEXDESCRIPTION></PRIMARYCONTACTTELEXDESCRIPTION><PRIMARYCONTACTTELEXPURPOSE></PRIMARYCONTACTTELEXPURPOSE><PRIMARYCONTACTTWITTER></PRIMARYCONTACTTWITTER><PRIMARYCONTACTTWITTERDESCRIPTION></PRIMARYCONTACTTWITTERDESCRIPTION><PRIMARYCONTACTTWITTERPURPOSE></PRIMARYCONTACTTWITTERPURPOSE><PRIMARYCONTACTURL></PRIMARYCONTACTURL><PRIMARYCONTACTURLDESCRIPTION></PRIMARYCONTACTURLDESCRIPTION><PRIMARYCONTACTURLPURPOSE></PRIMARYCONTACTURLPURPOSE><SALESCURRENCYCODE>FGP</SALESCURRENCYCODE><SALESSEGMENTID></SALESSEGMENTID><SALESSUBSEGMENTID></SALESSUBSEGMENTID><SALESTAXGROUP></SALESTAXGROUP></CUSTCUSTOMERBASEENTITY></Document>