﻿<?xml version="1.0" encoding="utf-8"?><Document><CUSTCUSTOMERPOSTINGPROFILELINEENTITY><ACCOUNTCODE>All</ACCOUNTCODE><ACCOUNTORGROUPNUMBER></ACCOUNTORGROUPNUMBER><COLLECTIONLETTERSEQUENCE></COLLECTIONLETTERSEQUENCE><DESCRIPTION>General Customer Posting Profile</DESCRIPTION><ENDORSEMAINACCOUNTIDDISPLAYVALUE></ENDORSEMAINACCOUNTIDDISPLAYVALUE><INTERESTCODE></INTERESTCODE><LIABILITIESFORDISCOUNTMAINACCOUNTIDDISPLAYVALUE></LIABILITIESFORDISCOUNTMAINACCOUNTIDDISPLAYVALUE><POSTINGPROFILE>GENERAL</POSTINGPROFILE><SALESTAXPREPAYMENTSMAINACCOUNTIDDISPLAYVALUE></SALESTAXPREPAYMENTSMAINACCOUNTIDDISPLAYVALUE><SETTLEACCOUNTDISPLAYVALUE></SETTLEACCOUNTDISPLAYVALUE><SUMMARYMAINACCOUNTIDDISPLAYVALUE>1200</SUMMARYMAINACCOUNTIDDISPLAYVALUE><WRITEOFFMAINACCOUNTIDDISPLAYVALUE></WRITEOFFMAINACCOUNTIDDISPLAYVALUE></CUSTCUSTOMERPOSTINGPROFILELINEENTITY><CUSTCUSTOMERPOSTINGPROFILELINEENTITY><ACCOUNTCODE>All</ACCOUNTCODE><ACCOUNTORGROUPNUMBER></ACCOUNTORGROUPNUMBER><COLLECTIONLETTERSEQUENCE></COLLECTIONLETTERSEQUENCE><DESCRIPTION>Prepayments Posting Profile</DESCRIPTION><ENDORSEMAINACCOUNTIDDISPLAYVALUE></ENDORSEMAINACCOUNTIDDISPLAYVALUE><INTERESTCODE></INTERESTCODE><LIABILITIESFORDISCOUNTMAINACCOUNTIDDISPLAYVALUE></LIABILITIESFORDISCOUNTMAINACCOUNTIDDISPLAYVALUE><POSTINGPROFILE>PREPAYMENT</POSTINGPROFILE><SALESTAXPREPAYMENTSMAINACCOUNTIDDISPLAYVALUE></SALESTAXPREPAYMENTSMAINACCOUNTIDDISPLAYVALUE><SETTLEACCOUNTDISPLAYVALUE></SETTLEACCOUNTDISPLAYVALUE><SUMMARYMAINACCOUNTIDDISPLAYVALUE>2450</SUMMARYMAINACCOUNTIDDISPLAYVALUE><WRITEOFFMAINACCOUNTIDDISPLAYVALUE></WRITEOFFMAINACCOUNTIDDISPLAYVALUE></CUSTCUSTOMERPOSTINGPROFILELINEENTITY></Document>