﻿<?xml version="1.0" encoding="utf-8"?><Document><CUSTOMERPAYMENTMETHODENTITY><NAME>CASH</NAME><ACCOUNTTYPE>Bank</ACCOUNTTYPE><ATTRIBUTEBELGIANSTRUCTUREDPAYMENTIDENABLED>No</ATTRIBUTEBELGIANSTRUCTUREDPAYMENTIDENABLED><ATTRIBUTEPAYMENTACCOUNTENABLED>No</ATTRIBUTEPAYMENTACCOUNTENABLED><ATTRIBUTEPAYMENTIDENABLED>No</ATTRIBUTEPAYMENTIDENABLED><ATTRIBUTETHIRDPARTYBANKENABLED>No</ATTRIBUTETHIRDPARTYBANKENABLED><BANKTRANSACTIONTYPE>01</BANKTRANSACTIONTYPE><BILLOFEXCHANGEDRAFTTYPE>NoDraft</BILLOFEXCHANGEDRAFTTYPE><BRIDGINGPOSTINGACCOUNTDISPLAYVALUE></BRIDGINGPOSTINGACCOUNTDISPLAYVALUE><BRIDGINGPOSTINGENABLED>No</BRIDGINGPOSTINGENABLED><CREATEANDDRAWBILLOFEXCHANGEDURINGINVOICEPOSTING>No</CREATEANDDRAWBILLOFEXCHANGEDURINGINVOICEPOSTING><DESCRIPTION>Cash Payment</DESCRIPTION><DIRECTDEBIT>No</DIRECTDEBIT><DISCOUNTGRACEPERIODDAYS>0</DISCOUNTGRACEPERIODDAYS><ENABLEPOSTDATEDCHECKCLEARINGPOSTING>No</ENABLEPOSTDATEDCHECKCLEARINGPOSTING><ERFORMATMAPPING></ERFORMATMAPPING><ERMODELMAPPINGTABLE>0</ERMODELMAPPINGTABLE><ERPROVIDER></ERPROVIDER><ERSOLUTION></ERSOLUTION><EXPORTBILLOFEXCHANGEDURINGINVOICEPOSTING>No</EXPORTBILLOFEXCHANGEDURINGINVOICEPOSTING><EXPORTFORMATCLASSNAME></EXPORTFORMATCLASSNAME><IMPORTFORMATCLASSNAME></IMPORTFORMATCLASSNAME><ISSEPA>No</ISSEPA><LASTFILEDATE>1900-01-01T00:00:00</LASTFILEDATE><LASTFILENUMBER>0</LASTFILENUMBER><LASTFILENUMBERTODAY>0</LASTFILENUMBERTODAY><PAYMENTACCOUNTDISPLAYVALUE>OPER FSD</PAYMENTACCOUNTDISPLAYVALUE><PAYMENTJOURNALNAME></PAYMENTJOURNALNAME><PAYMENTSTATUS>None</PAYMENTSTATUS><PAYMENTTYPE>Other</PAYMENTTYPE><REMITTANCEFORMATCLASSNAME></REMITTANCEFORMATCLASSNAME><RETURNFORMATCLASSNAME></RETURNFORMATCLASSNAME><SUMBYPERIOD>Invoice</SUMBYPERIOD><USEGERCONFIGURATION>No</USEGERCONFIGURATION><VALIDATECHECKNUMBERISMANDATORY>No</VALIDATECHECKNUMBERISMANDATORY><VALIDATEDEPOSITSLIPISMANDATORY>No</VALIDATEDEPOSITSLIPISMANDATORY><VALIDATEOFFSETTRANSACTIONTYPEISBANK>No</VALIDATEOFFSETTRANSACTIONTYPEISBANK><VALIDATEPAYMENTREFERENCEISMANDATORY>No</VALIDATEPAYMENTREFERENCEISMANDATORY><VALIDATETRANSACTIONTYPEISBANK>No</VALIDATETRANSACTIONTYPEISBANK></CUSTOMERPAYMENTMETHODENTITY><CUSTOMERPAYMENTMETHODENTITY><NAME>CHECK</NAME><ACCOUNTTYPE>Bank</ACCOUNTTYPE><ATTRIBUTEBELGIANSTRUCTUREDPAYMENTIDENABLED>No</ATTRIBUTEBELGIANSTRUCTUREDPAYMENTIDENABLED><ATTRIBUTEPAYMENTACCOUNTENABLED>No</ATTRIBUTEPAYMENTACCOUNTENABLED><ATTRIBUTEPAYMENTIDENABLED>No</ATTRIBUTEPAYMENTIDENABLED><ATTRIBUTETHIRDPARTYBANKENABLED>No</ATTRIBUTETHIRDPARTYBANKENABLED><BANKTRANSACTIONTYPE>01</BANKTRANSACTIONTYPE><BILLOFEXCHANGEDRAFTTYPE>NoDraft</BILLOFEXCHANGEDRAFTTYPE><BRIDGINGPOSTINGACCOUNTDISPLAYVALUE></BRIDGINGPOSTINGACCOUNTDISPLAYVALUE><BRIDGINGPOSTINGENABLED>No</BRIDGINGPOSTINGENABLED><CREATEANDDRAWBILLOFEXCHANGEDURINGINVOICEPOSTING>No</CREATEANDDRAWBILLOFEXCHANGEDURINGINVOICEPOSTING><DESCRIPTION>Check Payment</DESCRIPTION><DIRECTDEBIT>No</DIRECTDEBIT><DISCOUNTGRACEPERIODDAYS>0</DISCOUNTGRACEPERIODDAYS><ENABLEPOSTDATEDCHECKCLEARINGPOSTING>No</ENABLEPOSTDATEDCHECKCLEARINGPOSTING><ERFORMATMAPPING></ERFORMATMAPPING><ERMODELMAPPINGTABLE>0</ERMODELMAPPINGTABLE><ERPROVIDER></ERPROVIDER><ERSOLUTION></ERSOLUTION><EXPORTBILLOFEXCHANGEDURINGINVOICEPOSTING>No</EXPORTBILLOFEXCHANGEDURINGINVOICEPOSTING><EXPORTFORMATCLASSNAME></EXPORTFORMATCLASSNAME><IMPORTFORMATCLASSNAME></IMPORTFORMATCLASSNAME><ISSEPA>No</ISSEPA><LASTFILEDATE>1900-01-01T00:00:00</LASTFILEDATE><LASTFILENUMBER>0</LASTFILENUMBER><LASTFILENUMBERTODAY>0</LASTFILENUMBERTODAY><PAYMENTACCOUNTDISPLAYVALUE>OPER FSD</PAYMENTACCOUNTDISPLAYVALUE><PAYMENTJOURNALNAME></PAYMENTJOURNALNAME><PAYMENTSTATUS>None</PAYMENTSTATUS><PAYMENTTYPE>Check</PAYMENTTYPE><REMITTANCEFORMATCLASSNAME></REMITTANCEFORMATCLASSNAME><RETURNFORMATCLASSNAME></RETURNFORMATCLASSNAME><SUMBYPERIOD>Invoice</SUMBYPERIOD><USEGERCONFIGURATION>No</USEGERCONFIGURATION><VALIDATECHECKNUMBERISMANDATORY>No</VALIDATECHECKNUMBERISMANDATORY><VALIDATEDEPOSITSLIPISMANDATORY>No</VALIDATEDEPOSITSLIPISMANDATORY><VALIDATEOFFSETTRANSACTIONTYPEISBANK>No</VALIDATEOFFSETTRANSACTIONTYPEISBANK><VALIDATEPAYMENTREFERENCEISMANDATORY>No</VALIDATEPAYMENTREFERENCEISMANDATORY><VALIDATETRANSACTIONTYPEISBANK>No</VALIDATETRANSACTIONTYPEISBANK></CUSTOMERPAYMENTMETHODENTITY><CUSTOMERPAYMENTMETHODENTITY><NAME>COIN</NAME><ACCOUNTTYPE>Bank</ACCOUNTTYPE><ATTRIBUTEBELGIANSTRUCTUREDPAYMENTIDENABLED>No</ATTRIBUTEBELGIANSTRUCTUREDPAYMENTIDENABLED><ATTRIBUTEPAYMENTACCOUNTENABLED>No</ATTRIBUTEPAYMENTACCOUNTENABLED><ATTRIBUTEPAYMENTIDENABLED>No</ATTRIBUTEPAYMENTIDENABLED><ATTRIBUTETHIRDPARTYBANKENABLED>No</ATTRIBUTETHIRDPARTYBANKENABLED><BANKTRANSACTIONTYPE>01</BANKTRANSACTIONTYPE><BILLOFEXCHANGEDRAFTTYPE>NoDraft</BILLOFEXCHANGEDRAFTTYPE><BRIDGINGPOSTINGACCOUNTDISPLAYVALUE></BRIDGINGPOSTINGACCOUNTDISPLAYVALUE><BRIDGINGPOSTINGENABLED>No</BRIDGINGPOSTINGENABLED><CREATEANDDRAWBILLOFEXCHANGEDURINGINVOICEPOSTING>No</CREATEANDDRAWBILLOFEXCHANGEDURINGINVOICEPOSTING><DESCRIPTION>Coin Payment</DESCRIPTION><DIRECTDEBIT>No</DIRECTDEBIT><DISCOUNTGRACEPERIODDAYS>0</DISCOUNTGRACEPERIODDAYS><ENABLEPOSTDATEDCHECKCLEARINGPOSTING>No</ENABLEPOSTDATEDCHECKCLEARINGPOSTING><ERFORMATMAPPING></ERFORMATMAPPING><ERMODELMAPPINGTABLE>0</ERMODELMAPPINGTABLE><ERPROVIDER></ERPROVIDER><ERSOLUTION></ERSOLUTION><EXPORTBILLOFEXCHANGEDURINGINVOICEPOSTING>No</EXPORTBILLOFEXCHANGEDURINGINVOICEPOSTING><EXPORTFORMATCLASSNAME></EXPORTFORMATCLASSNAME><IMPORTFORMATCLASSNAME></IMPORTFORMATCLASSNAME><ISSEPA>No</ISSEPA><LASTFILEDATE>1900-01-01T00:00:00</LASTFILEDATE><LASTFILENUMBER>0</LASTFILENUMBER><LASTFILENUMBERTODAY>0</LASTFILENUMBERTODAY><PAYMENTACCOUNTDISPLAYVALUE>OPER FSD</PAYMENTACCOUNTDISPLAYVALUE><PAYMENTJOURNALNAME></PAYMENTJOURNALNAME><PAYMENTSTATUS>None</PAYMENTSTATUS><PAYMENTTYPE>Other</PAYMENTTYPE><REMITTANCEFORMATCLASSNAME></REMITTANCEFORMATCLASSNAME><RETURNFORMATCLASSNAME></RETURNFORMATCLASSNAME><SUMBYPERIOD>Invoice</SUMBYPERIOD><USEGERCONFIGURATION>No</USEGERCONFIGURATION><VALIDATECHECKNUMBERISMANDATORY>No</VALIDATECHECKNUMBERISMANDATORY><VALIDATEDEPOSITSLIPISMANDATORY>No</VALIDATEDEPOSITSLIPISMANDATORY><VALIDATEOFFSETTRANSACTIONTYPEISBANK>No</VALIDATEOFFSETTRANSACTIONTYPEISBANK><VALIDATEPAYMENTREFERENCEISMANDATORY>No</VALIDATEPAYMENTREFERENCEISMANDATORY><VALIDATETRANSACTIONTYPEISBANK>No</VALIDATETRANSACTIONTYPEISBANK></CUSTOMERPAYMENTMETHODENTITY><CUSTOMERPAYMENTMETHODENTITY><NAME>ELECTRONIC</NAME><ACCOUNTTYPE>Bank</ACCOUNTTYPE><ATTRIBUTEBELGIANSTRUCTUREDPAYMENTIDENABLED>No</ATTRIBUTEBELGIANSTRUCTUREDPAYMENTIDENABLED><ATTRIBUTEPAYMENTACCOUNTENABLED>No</ATTRIBUTEPAYMENTACCOUNTENABLED><ATTRIBUTEPAYMENTIDENABLED>No</ATTRIBUTEPAYMENTIDENABLED><ATTRIBUTETHIRDPARTYBANKENABLED>No</ATTRIBUTETHIRDPARTYBANKENABLED><BANKTRANSACTIONTYPE>02</BANKTRANSACTIONTYPE><BILLOFEXCHANGEDRAFTTYPE>NoDraft</BILLOFEXCHANGEDRAFTTYPE><BRIDGINGPOSTINGACCOUNTDISPLAYVALUE></BRIDGINGPOSTINGACCOUNTDISPLAYVALUE><BRIDGINGPOSTINGENABLED>No</BRIDGINGPOSTINGENABLED><CREATEANDDRAWBILLOFEXCHANGEDURINGINVOICEPOSTING>No</CREATEANDDRAWBILLOFEXCHANGEDURINGINVOICEPOSTING><DESCRIPTION>Electronic Payment</DESCRIPTION><DIRECTDEBIT>No</DIRECTDEBIT><DISCOUNTGRACEPERIODDAYS>0</DISCOUNTGRACEPERIODDAYS><ENABLEPOSTDATEDCHECKCLEARINGPOSTING>No</ENABLEPOSTDATEDCHECKCLEARINGPOSTING><ERFORMATMAPPING></ERFORMATMAPPING><ERMODELMAPPINGTABLE>0</ERMODELMAPPINGTABLE><ERPROVIDER></ERPROVIDER><ERSOLUTION></ERSOLUTION><EXPORTBILLOFEXCHANGEDURINGINVOICEPOSTING>No</EXPORTBILLOFEXCHANGEDURINGINVOICEPOSTING><EXPORTFORMATCLASSNAME></EXPORTFORMATCLASSNAME><IMPORTFORMATCLASSNAME></IMPORTFORMATCLASSNAME><ISSEPA>No</ISSEPA><LASTFILEDATE>1900-01-01T00:00:00</LASTFILEDATE><LASTFILENUMBER>0</LASTFILENUMBER><LASTFILENUMBERTODAY>0</LASTFILENUMBERTODAY><PAYMENTACCOUNTDISPLAYVALUE>OPER FSD</PAYMENTACCOUNTDISPLAYVALUE><PAYMENTJOURNALNAME></PAYMENTJOURNALNAME><PAYMENTSTATUS>None</PAYMENTSTATUS><PAYMENTTYPE>ElectronicPayment</PAYMENTTYPE><REMITTANCEFORMATCLASSNAME></REMITTANCEFORMATCLASSNAME><RETURNFORMATCLASSNAME></RETURNFORMATCLASSNAME><SUMBYPERIOD>Invoice</SUMBYPERIOD><USEGERCONFIGURATION>No</USEGERCONFIGURATION><VALIDATECHECKNUMBERISMANDATORY>No</VALIDATECHECKNUMBERISMANDATORY><VALIDATEDEPOSITSLIPISMANDATORY>No</VALIDATEDEPOSITSLIPISMANDATORY><VALIDATEOFFSETTRANSACTIONTYPEISBANK>No</VALIDATEOFFSETTRANSACTIONTYPEISBANK><VALIDATEPAYMENTREFERENCEISMANDATORY>No</VALIDATEPAYMENTREFERENCEISMANDATORY><VALIDATETRANSACTIONTYPEISBANK>No</VALIDATETRANSACTIONTYPEISBANK></CUSTOMERPAYMENTMETHODENTITY><CUSTOMERPAYMENTMETHODENTITY><NAME>PDC</NAME><ACCOUNTTYPE>Bank</ACCOUNTTYPE><ATTRIBUTEBELGIANSTRUCTUREDPAYMENTIDENABLED>No</ATTRIBUTEBELGIANSTRUCTUREDPAYMENTIDENABLED><ATTRIBUTEPAYMENTACCOUNTENABLED>No</ATTRIBUTEPAYMENTACCOUNTENABLED><ATTRIBUTEPAYMENTIDENABLED>No</ATTRIBUTEPAYMENTIDENABLED><ATTRIBUTETHIRDPARTYBANKENABLED>No</ATTRIBUTETHIRDPARTYBANKENABLED><BANKTRANSACTIONTYPE>02</BANKTRANSACTIONTYPE><BILLOFEXCHANGEDRAFTTYPE>NoDraft</BILLOFEXCHANGEDRAFTTYPE><BRIDGINGPOSTINGACCOUNTDISPLAYVALUE>1200</BRIDGINGPOSTINGACCOUNTDISPLAYVALUE><BRIDGINGPOSTINGENABLED>Yes</BRIDGINGPOSTINGENABLED><CREATEANDDRAWBILLOFEXCHANGEDURINGINVOICEPOSTING>No</CREATEANDDRAWBILLOFEXCHANGEDURINGINVOICEPOSTING><DESCRIPTION>Postdated Check</DESCRIPTION><DIRECTDEBIT>No</DIRECTDEBIT><DISCOUNTGRACEPERIODDAYS>0</DISCOUNTGRACEPERIODDAYS><ENABLEPOSTDATEDCHECKCLEARINGPOSTING>No</ENABLEPOSTDATEDCHECKCLEARINGPOSTING><ERFORMATMAPPING></ERFORMATMAPPING><ERMODELMAPPINGTABLE>0</ERMODELMAPPINGTABLE><ERPROVIDER></ERPROVIDER><ERSOLUTION></ERSOLUTION><EXPORTBILLOFEXCHANGEDURINGINVOICEPOSTING>No</EXPORTBILLOFEXCHANGEDURINGINVOICEPOSTING><EXPORTFORMATCLASSNAME></EXPORTFORMATCLASSNAME><IMPORTFORMATCLASSNAME></IMPORTFORMATCLASSNAME><ISSEPA>No</ISSEPA><LASTFILEDATE>1900-01-01T00:00:00</LASTFILEDATE><LASTFILENUMBER>0</LASTFILENUMBER><LASTFILENUMBERTODAY>0</LASTFILENUMBERTODAY><PAYMENTACCOUNTDISPLAYVALUE>OPER FSD</PAYMENTACCOUNTDISPLAYVALUE><PAYMENTJOURNALNAME></PAYMENTJOURNALNAME><PAYMENTSTATUS>None</PAYMENTSTATUS><PAYMENTTYPE>Check</PAYMENTTYPE><REMITTANCEFORMATCLASSNAME></REMITTANCEFORMATCLASSNAME><RETURNFORMATCLASSNAME></RETURNFORMATCLASSNAME><SUMBYPERIOD>Invoice</SUMBYPERIOD><USEGERCONFIGURATION>No</USEGERCONFIGURATION><VALIDATECHECKNUMBERISMANDATORY>No</VALIDATECHECKNUMBERISMANDATORY><VALIDATEDEPOSITSLIPISMANDATORY>No</VALIDATEDEPOSITSLIPISMANDATORY><VALIDATEOFFSETTRANSACTIONTYPEISBANK>No</VALIDATEOFFSETTRANSACTIONTYPEISBANK><VALIDATEPAYMENTREFERENCEISMANDATORY>No</VALIDATEPAYMENTREFERENCEISMANDATORY><VALIDATETRANSACTIONTYPEISBANK>No</VALIDATETRANSACTIONTYPEISBANK></CUSTOMERPAYMENTMETHODENTITY><CUSTOMERPAYMENTMETHODENTITY><NAME>REFUND</NAME><ACCOUNTTYPE>Bank</ACCOUNTTYPE><ATTRIBUTEBELGIANSTRUCTUREDPAYMENTIDENABLED>No</ATTRIBUTEBELGIANSTRUCTUREDPAYMENTIDENABLED><ATTRIBUTEPAYMENTACCOUNTENABLED>No</ATTRIBUTEPAYMENTACCOUNTENABLED><ATTRIBUTEPAYMENTIDENABLED>No</ATTRIBUTEPAYMENTIDENABLED><ATTRIBUTETHIRDPARTYBANKENABLED>No</ATTRIBUTETHIRDPARTYBANKENABLED><BANKTRANSACTIONTYPE>05</BANKTRANSACTIONTYPE><BILLOFEXCHANGEDRAFTTYPE>NoDraft</BILLOFEXCHANGEDRAFTTYPE><BRIDGINGPOSTINGACCOUNTDISPLAYVALUE></BRIDGINGPOSTINGACCOUNTDISPLAYVALUE><BRIDGINGPOSTINGENABLED>No</BRIDGINGPOSTINGENABLED><CREATEANDDRAWBILLOFEXCHANGEDURINGINVOICEPOSTING>No</CREATEANDDRAWBILLOFEXCHANGEDURINGINVOICEPOSTING><DESCRIPTION>Refund</DESCRIPTION><DIRECTDEBIT>No</DIRECTDEBIT><DISCOUNTGRACEPERIODDAYS>0</DISCOUNTGRACEPERIODDAYS><ENABLEPOSTDATEDCHECKCLEARINGPOSTING>No</ENABLEPOSTDATEDCHECKCLEARINGPOSTING><ERFORMATMAPPING></ERFORMATMAPPING><ERMODELMAPPINGTABLE>0</ERMODELMAPPINGTABLE><ERPROVIDER></ERPROVIDER><ERSOLUTION></ERSOLUTION><EXPORTBILLOFEXCHANGEDURINGINVOICEPOSTING>No</EXPORTBILLOFEXCHANGEDURINGINVOICEPOSTING><EXPORTFORMATCLASSNAME></EXPORTFORMATCLASSNAME><IMPORTFORMATCLASSNAME></IMPORTFORMATCLASSNAME><ISSEPA>No</ISSEPA><LASTFILEDATE>1900-01-01T00:00:00</LASTFILEDATE><LASTFILENUMBER>0</LASTFILENUMBER><LASTFILENUMBERTODAY>0</LASTFILENUMBERTODAY><PAYMENTACCOUNTDISPLAYVALUE>OPER FSD</PAYMENTACCOUNTDISPLAYVALUE><PAYMENTJOURNALNAME></PAYMENTJOURNALNAME><PAYMENTSTATUS>None</PAYMENTSTATUS><PAYMENTTYPE>Other</PAYMENTTYPE><REMITTANCEFORMATCLASSNAME></REMITTANCEFORMATCLASSNAME><RETURNFORMATCLASSNAME></RETURNFORMATCLASSNAME><SUMBYPERIOD>Invoice</SUMBYPERIOD><USEGERCONFIGURATION>No</USEGERCONFIGURATION><VALIDATECHECKNUMBERISMANDATORY>No</VALIDATECHECKNUMBERISMANDATORY><VALIDATEDEPOSITSLIPISMANDATORY>No</VALIDATEDEPOSITSLIPISMANDATORY><VALIDATEOFFSETTRANSACTIONTYPEISBANK>No</VALIDATEOFFSETTRANSACTIONTYPEISBANK><VALIDATEPAYMENTREFERENCEISMANDATORY>No</VALIDATEPAYMENTREFERENCEISMANDATORY><VALIDATETRANSACTIONTYPEISBANK>No</VALIDATETRANSACTIONTYPEISBANK></CUSTOMERPAYMENTMETHODENTITY></Document>