﻿<?xml version="1.0" encoding="utf-8"?><Document><DOCUTYPEENTITY><ID>ApplicDoc</ID><ACTIONCLASSNAME>DocuActionArchive</ACTIONCLASSNAME><DOCUSTRUCTURETYPE>None</DOCUSTRUCTURETYPE><FILEPLACE>Archive</FILEPLACE><FILEREMOVALCONFIRMATION>No</FILEREMOVALCONFIRMATION><FOLDERPATH></FOLDERPATH><HOST></HOST><NAME>Application Document</NAME><REMOVEOPTION>DocumentAndFile</REMOVEOPTION><SITE></SITE><TYPEGROUP>File</TYPEGROUP></DOCUTYPEENTITY><DOCUTYPEENTITY><ID>File</ID><ACTIONCLASSNAME>DocuActionArchive</ACTIONCLASSNAME><DOCUSTRUCTURETYPE>None</DOCUSTRUCTURETYPE><FILEPLACE>Archive</FILEPLACE><FILEREMOVALCONFIRMATION>No</FILEREMOVALCONFIRMATION><FOLDERPATH></FOLDERPATH><HOST></HOST><NAME></NAME><REMOVEOPTION>DocumentAndFile</REMOVEOPTION><SITE></SITE><TYPEGROUP>File</TYPEGROUP></DOCUTYPEENTITY><DOCUTYPEENTITY><ID>Image</ID><ACTIONCLASSNAME>DocuActionArchive</ACTIONCLASSNAME><DOCUSTRUCTURETYPE>None</DOCUSTRUCTURETYPE><FILEPLACE>Archive</FILEPLACE><FILEREMOVALCONFIRMATION>No</FILEREMOVALCONFIRMATION><FOLDERPATH></FOLDERPATH><HOST></HOST><NAME></NAME><REMOVEOPTION>DocumentAndFile</REMOVEOPTION><SITE></SITE><TYPEGROUP>Image</TYPEGROUP></DOCUTYPEENTITY><DOCUTYPEENTITY><ID>Note</ID><ACTIONCLASSNAME>DocuActionNote</ACTIONCLASSNAME><DOCUSTRUCTURETYPE>None</DOCUSTRUCTURETYPE><FILEPLACE>Database</FILEPLACE><FILEREMOVALCONFIRMATION>No</FILEREMOVALCONFIRMATION><FOLDERPATH></FOLDERPATH><HOST></HOST><NAME></NAME><REMOVEOPTION>DocumentAndFile</REMOVEOPTION><SITE></SITE><TYPEGROUP>Note</TYPEGROUP></DOCUTYPEENTITY><DOCUTYPEENTITY><ID>ProductImage</ID><ACTIONCLASSNAME>DocuActionArchive</ACTIONCLASSNAME><DOCUSTRUCTURETYPE>None</DOCUSTRUCTURETYPE><FILEPLACE>Archive</FILEPLACE><FILEREMOVALCONFIRMATION>No</FILEREMOVALCONFIRMATION><FOLDERPATH></FOLDERPATH><HOST></HOST><NAME>Product Image</NAME><REMOVEOPTION>DocumentAndFile</REMOVEOPTION><SITE></SITE><TYPEGROUP>File</TYPEGROUP></DOCUTYPEENTITY><DOCUTYPEENTITY><ID>ProductSpec</ID><ACTIONCLASSNAME>DocuActionArchive</ACTIONCLASSNAME><DOCUSTRUCTURETYPE>Specifications</DOCUSTRUCTURETYPE><FILEPLACE>Archive</FILEPLACE><FILEREMOVALCONFIRMATION>No</FILEREMOVALCONFIRMATION><FOLDERPATH></FOLDERPATH><HOST></HOST><NAME>Product Specifications</NAME><REMOVEOPTION>DocumentAndFile</REMOVEOPTION><SITE></SITE><TYPEGROUP>File</TYPEGROUP></DOCUTYPEENTITY><DOCUTYPEENTITY><ID>SafetyInstr</ID><ACTIONCLASSNAME>DocuActionArchive</ACTIONCLASSNAME><DOCUSTRUCTURETYPE>Specifications</DOCUSTRUCTURETYPE><FILEPLACE>Archive</FILEPLACE><FILEREMOVALCONFIRMATION>No</FILEREMOVALCONFIRMATION><FOLDERPATH></FOLDERPATH><HOST></HOST><NAME>Safety Instructions</NAME><REMOVEOPTION>DocumentAndFile</REMOVEOPTION><SITE></SITE><TYPEGROUP>File</TYPEGROUP></DOCUTYPEENTITY><DOCUTYPEENTITY><ID>URL</ID><ACTIONCLASSNAME>DocuActionURL</ACTIONCLASSNAME><DOCUSTRUCTURETYPE>None</DOCUSTRUCTURETYPE><FILEPLACE>Database</FILEPLACE><FILEREMOVALCONFIRMATION>No</FILEREMOVALCONFIRMATION><FOLDERPATH></FOLDERPATH><HOST></HOST><NAME></NAME><REMOVEOPTION>DocumentAndFile</REMOVEOPTION><SITE></SITE><TYPEGROUP>URL</TYPEGROUP></DOCUTYPEENTITY></Document>