﻿<?xml version="1.0" encoding="utf-8"?><Document><LEDGERFINANCIALREASONENTITY><CANCELLATIONREASON>No</CANCELLATIONREASON><DEFAULTCOMMENT>Address Error</DEFAULTCOMMENT><FORASSETTRANSACTIONTYPE>No</FORASSETTRANSACTIONTYPE><FORBANKTRANSACTIONTYPE>Yes</FORBANKTRANSACTIONTYPE><FORCUSTOMERTRANSACTIONTYPE>No</FORCUSTOMERTRANSACTIONTYPE><FORLEDGERTRANSACTIONTYPE>No</FORLEDGERTRANSACTIONTYPE><FORVENDORTRANSACTIONTYPE>No</FORVENDORTRANSACTIONTYPE><PURPOSECODE>No</PURPOSECODE><REASONCODE>ADDR</REASONCODE></LEDGERFINANCIALREASONENTITY><LEDGERFINANCIALREASONENTITY><CANCELLATIONREASON>No</CANCELLATIONREASON><DEFAULTCOMMENT>Correction of Error</DEFAULTCOMMENT><FORASSETTRANSACTIONTYPE>No</FORASSETTRANSACTIONTYPE><FORBANKTRANSACTIONTYPE>Yes</FORBANKTRANSACTIONTYPE><FORCUSTOMERTRANSACTIONTYPE>Yes</FORCUSTOMERTRANSACTIONTYPE><FORLEDGERTRANSACTIONTYPE>Yes</FORLEDGERTRANSACTIONTYPE><FORVENDORTRANSACTIONTYPE>No</FORVENDORTRANSACTIONTYPE><PURPOSECODE>No</PURPOSECODE><REASONCODE>ERROR</REASONCODE></LEDGERFINANCIALREASONENTITY><LEDGERFINANCIALREASONENTITY><CANCELLATIONREASON>No</CANCELLATIONREASON><DEFAULTCOMMENT>General Adjustment</DEFAULTCOMMENT><FORASSETTRANSACTIONTYPE>No</FORASSETTRANSACTIONTYPE><FORBANKTRANSACTIONTYPE>No</FORBANKTRANSACTIONTYPE><FORCUSTOMERTRANSACTIONTYPE>No</FORCUSTOMERTRANSACTIONTYPE><FORLEDGERTRANSACTIONTYPE>Yes</FORLEDGERTRANSACTIONTYPE><FORVENDORTRANSACTIONTYPE>No</FORVENDORTRANSACTIONTYPE><PURPOSECODE>No</PURPOSECODE><REASONCODE>GENERAL</REASONCODE></LEDGERFINANCIALREASONENTITY><LEDGERFINANCIALREASONENTITY><CANCELLATIONREASON>No</CANCELLATIONREASON><DEFAULTCOMMENT>Lost Payment</DEFAULTCOMMENT><FORASSETTRANSACTIONTYPE>No</FORASSETTRANSACTIONTYPE><FORBANKTRANSACTIONTYPE>Yes</FORBANKTRANSACTIONTYPE><FORCUSTOMERTRANSACTIONTYPE>Yes</FORCUSTOMERTRANSACTIONTYPE><FORLEDGERTRANSACTIONTYPE>No</FORLEDGERTRANSACTIONTYPE><FORVENDORTRANSACTIONTYPE>No</FORVENDORTRANSACTIONTYPE><PURPOSECODE>No</PURPOSECODE><REASONCODE>LOST</REASONCODE></LEDGERFINANCIALREASONENTITY><LEDGERFINANCIALREASONENTITY><CANCELLATIONREASON>No</CANCELLATIONREASON><DEFAULTCOMMENT>Please Enter Comment</DEFAULTCOMMENT><FORASSETTRANSACTIONTYPE>No</FORASSETTRANSACTIONTYPE><FORBANKTRANSACTIONTYPE>No</FORBANKTRANSACTIONTYPE><FORCUSTOMERTRANSACTIONTYPE>Yes</FORCUSTOMERTRANSACTIONTYPE><FORLEDGERTRANSACTIONTYPE>Yes</FORLEDGERTRANSACTIONTYPE><FORVENDORTRANSACTIONTYPE>No</FORVENDORTRANSACTIONTYPE><PURPOSECODE>No</PURPOSECODE><REASONCODE>MISC</REASONCODE></LEDGERFINANCIALREASONENTITY><LEDGERFINANCIALREASONENTITY><CANCELLATIONREASON>No</CANCELLATIONREASON><DEFAULTCOMMENT>Non-Sufficient Funds</DEFAULTCOMMENT><FORASSETTRANSACTIONTYPE>No</FORASSETTRANSACTIONTYPE><FORBANKTRANSACTIONTYPE>Yes</FORBANKTRANSACTIONTYPE><FORCUSTOMERTRANSACTIONTYPE>No</FORCUSTOMERTRANSACTIONTYPE><FORLEDGERTRANSACTIONTYPE>No</FORLEDGERTRANSACTIONTYPE><FORVENDORTRANSACTIONTYPE>No</FORVENDORTRANSACTIONTYPE><PURPOSECODE>No</PURPOSECODE><REASONCODE>NSF</REASONCODE></LEDGERFINANCIALREASONENTITY><LEDGERFINANCIALREASONENTITY><CANCELLATIONREASON>No</CANCELLATIONREASON><DEFAULTCOMMENT>Price Change</DEFAULTCOMMENT><FORASSETTRANSACTIONTYPE>No</FORASSETTRANSACTIONTYPE><FORBANKTRANSACTIONTYPE>No</FORBANKTRANSACTIONTYPE><FORCUSTOMERTRANSACTIONTYPE>Yes</FORCUSTOMERTRANSACTIONTYPE><FORLEDGERTRANSACTIONTYPE>No</FORLEDGERTRANSACTIONTYPE><FORVENDORTRANSACTIONTYPE>No</FORVENDORTRANSACTIONTYPE><PURPOSECODE>No</PURPOSECODE><REASONCODE>PRICE</REASONCODE></LEDGERFINANCIALREASONENTITY><LEDGERFINANCIALREASONENTITY><CANCELLATIONREASON>No</CANCELLATIONREASON><DEFAULTCOMMENT>Quality Issue</DEFAULTCOMMENT><FORASSETTRANSACTIONTYPE>No</FORASSETTRANSACTIONTYPE><FORBANKTRANSACTIONTYPE>No</FORBANKTRANSACTIONTYPE><FORCUSTOMERTRANSACTIONTYPE>Yes</FORCUSTOMERTRANSACTIONTYPE><FORLEDGERTRANSACTIONTYPE>No</FORLEDGERTRANSACTIONTYPE><FORVENDORTRANSACTIONTYPE>No</FORVENDORTRANSACTIONTYPE><PURPOSECODE>No</PURPOSECODE><REASONCODE>QUALITY</REASONCODE></LEDGERFINANCIALREASONENTITY><LEDGERFINANCIALREASONENTITY><CANCELLATIONREASON>No</CANCELLATIONREASON><DEFAULTCOMMENT>Write-Off</DEFAULTCOMMENT><FORASSETTRANSACTIONTYPE>No</FORASSETTRANSACTIONTYPE><FORBANKTRANSACTIONTYPE>No</FORBANKTRANSACTIONTYPE><FORCUSTOMERTRANSACTIONTYPE>No</FORCUSTOMERTRANSACTIONTYPE><FORLEDGERTRANSACTIONTYPE>Yes</FORLEDGERTRANSACTIONTYPE><FORVENDORTRANSACTIONTYPE>No</FORVENDORTRANSACTIONTYPE><PURPOSECODE>No</PURPOSECODE><REASONCODE>WRITEOFF</REASONCODE></LEDGERFINANCIALREASONENTITY></Document>