﻿<?xml version="1.0" encoding="utf-8"?><Document><ASSETFIXEDASSETENTITY><ACTIVITYCODE /><ACTIVITYCODEDESCRIPTION /><AGENT /><ASSETCONDITIONDESCRIPTION /><ASSETCONDITIONID /><ASSETLOCATIONID /><ASSETLOCATIONNAME /><BARCODE /><COMMENTS /><CONTACTNAME /><CONTACTPERSONNELNUMBER /><DEPARTMENTOPERATINGUNITNUMBER /><DEPARTMENTSEARCHNAME /><DISPOSALRESTRICTIONS /><DOCUMENTLOCATION /><FIXEDASSETGROUPID /><FIXEDASSETNUMBER /><GISREFERENCENUMBER /><GUARANTEEDATE /><INFORMATION1 /><INFORMATION2 /><INFORMATION3 /><INSURANCEDATE1 /><INSURANCEDATE2 /><INSURANCEVENDOR /><INSUREDATFAIRMARKETVALUE /><INSUREDVALUE /><LASTMAINTENANCE /><LASTPERIODICVALUECOSTUPDATE /><LEASENOTE /><LOCATIONID /><LOCATIONMEMO /><MAINASSETID /><MAJORTYPEDESCRIPTION /><MAJORTYPEID /><MAKE /><MISSINGASSET /><MODEL /><MODELYEAR /><NAME /><NEXTMAINTENANCE /><PARCELID /><PHYSICALINVENTORY /><POLICYAMOUNT /><POLICYEXPIRATIONDATE /><POLICYNUMBER /><PROPERTYGROUPDESCRIPTION /><PROPERTYGROUPID /><PROPERTYTYPE /><QUANTITY /><REFERENCE /><REPLACEMENTCOST /><RESPONSIBLENAME /><RESPONSIBLEPERSONNELNUMBER /><ROOMNUMBER /><SEARCHNAME /><SERIALNUMBER /><SORTFIELD1DESCRIPTION /><SORTFIELD1ID /><SORTFIELD1SORTING /><SORTFIELD2DESCRIPTION /><SORTFIELD2ID /><SORTFIELD2SORTING /><SORTFIELD3DESCRIPTION /><SORTFIELD3ID /><SORTFIELD3SORTING /><TECHNICALINFORMATION1 /><TECHNICALINFORMATION2 /><TECHNICALINFORMATION3 /><TITLEHOLDER /><TYPE /><UNITCOST /><UNITOFMEASURE /></ASSETFIXEDASSETENTITY></Document>