﻿<?xml version="1.0" encoding="utf-8"?><Document><ASSETPARAMETERSENTITY><ACCOUNTFORUNTRANSFERREDRESERVESDISPLAYVALUE></ACCOUNTFORUNTRANSFERREDRESERVESDISPLAYVALUE><ACQUISITION>No</ACQUISITION><ACQUISITIONADJUSTMENT>No</ACQUISITIONADJUSTMENT><ALLOWACQUISITIONFROMPURCHASING>Yes</ALLOWACQUISITIONFROMPURCHASING><ALLOWMULTIPLEACQUISITIONS>No</ALLOWMULTIPLEACQUISITIONS><AUTONUMBERASSETS>No</AUTONUMBERASSETS><BARCODEEQUALSFIXEDASSETNUMBER>No</BARCODEEQUALSFIXEDASSETNUMBER><CALCULATEPRORATEDDEPRECIATION>No</CALCULATEPRORATEDDEPRECIATION><CAPITALIZATIONTHRESHOLD>0.000000</CAPITALIZATIONTHRESHOLD><CHECKFORASSETCREATIONDURINGLINEENTRY>No</CHECKFORASSETCREATIONDURINGLINEENTRY><CONSIDERCAPITALIZATIONTHRESHOLD>No</CONSIDERCAPITALIZATIONTHRESHOLD><CREATEASSETDURINGRECEIPTORINVOICEPOSTING>No</CREATEASSETDURINGRECEIPTORINVOICEPOSTING><CREATEDEPRECIATIONADJUSTMENTSWITHDISPOSAL>No</CREATEDEPRECIATIONADJUSTMENTSWITHDISPOSAL><DEDUCTCASHDISCOUNT>No</DEDUCTCASHDISCOUNT><DEFAULTVALUEMODELID></DEFAULTVALUEMODELID><DEPRECIATION>No</DEPRECIATION><DEPRECIATIONADJUSTMENT>No</DEPRECIATIONADJUSTMENT><DEROGATORYDECREASE>No</DEROGATORYDECREASE><DEROGATORYINCREASE>No</DEROGATORYINCREASE><DISPOSALSALE>No</DISPOSALSALE><DISPOSALSCRAP>No</DISPOSALSCRAP><EXTRAORDINARYDEPRECIATION>No</EXTRAORDINARYDEPRECIATION><INVENTORYJOURNALID></INVENTORYJOURNALID><MAXBOOKSINACQUISITIONPROPOSALJOURNAL>10000</MAXBOOKSINACQUISITIONPROPOSALJOURNAL><MAXBOOKSINDEPRECIATIONPROPOSALJOURNAL>1000</MAXBOOKSINDEPRECIATIONPROPOSALJOURNAL><MAXBOOKSINSUMDEPRECIATIONPROPOSALJOURNAL>1000</MAXBOOKSINSUMDEPRECIATIONPROPOSALJOURNAL><MINIMUMDEPRECIATIONAMOUNT>10.000000</MINIMUMDEPRECIATIONAMOUNT><MINIMUMDEPRECIATIONAMOUNTREPORTINGCURRENCY>10.000000</MINIMUMDEPRECIATIONAMOUNTREPORTINGCURRENCY><POSTINGPROFILEID></POSTINGPROFILEID><PROVISIONFORRESERVE>No</PROVISIONFORRESERVE><REQUIREREASONSFORASSETCHANGES>No</REQUIREREASONSFORASSETCHANGES><RESTRICTASSETACQUISITIONPOSTINGTOUSERGROUPID></RESTRICTASSETACQUISITIONPOSTINGTOUSERGROUPID><REVALUATION>No</REVALUATION><TRANSFERFROMRESERVE>No</TRANSFERFROMRESERVE><WRITEDOWNADJUSTMENT>No</WRITEDOWNADJUSTMENT><WRITEUPADJUSTMENT>No</WRITEUPADJUSTMENT></ASSETPARAMETERSENTITY></Document>