﻿<?xml version="1.0" encoding="utf-8"?><Document><ASSETVALUEMODELSETUPENTITY><ALLOWNEGATIVENETBOOKVALUE /><ALLOWNETBOOKVALUEHIGHERTHANACQUISITIONCOSTS /><ALTERNATIVEDEPRECIATIONPROFILEID /><CALCULATEDEPRECIATION /><CALENDARID /><CREATEDEPRECIATIONADJUSTMENTSWITHBASISADJUSTMENTS /><DEPRECIATIONPROFILEID /><DESCRIPTION /><EXTRAORDINARYDEPRECIATIONPROFILEID /><ISALLOWDEPRECIATIONADJSAMEDATE /><ISPOSITIVEDEPRECIATION /><LEAVENETBOOKVALUEAT /><POSTINGLAYER /><ROUNDOFFDEPRECIATION /><ROUNDOFFDEPRECIATIONREPORTINGCURRENCY /><VALUEMODELID /></ASSETVALUEMODELSETUPENTITY></Document>