﻿<?xml version="1.0" encoding="utf-8"?><Document><CUSTINTERESTCODEWITHFEEENTITY><BLOCKCREATIONOFNEGATIVEINTEREST /><CHARGECUSTWHENINTERESTEXCEEDS /><DESCRIPTION /><FEE /><FEECURRENCYCODE /><FEEDESCRIPTION /><FEEINTERESTVALUE /><FEELEDGERDIMENSIONDISPLAYVALUE /><FEETAXITEMGROUP /><FEETYPE /><INTERESTBYRANGE /><INTERESTCALCTYPE /><INTERESTCALCULATEBY /><INTERESTCALCULATEBYINTERVAL /><INTERESTCODE /><INTERESTGRACEDAYS /><INTERESTPERCENT /><INTERESTTYPE /><LEDGERPOSTINGACCOUNTDISPLAYVALUE /><MAXIMUMINTERESTAMOUNT /><MINIMUMINTERESTAMOUNT /><VALIDFROM /><VALIDTO /></CUSTINTERESTCODEWITHFEEENTITY></Document>