﻿<?xml version="1.0" encoding="utf-8"?><Document><LEDGERJOURNALNAMEENTITY><NAME>ALLOCATION</NAME><AMOUNTSINCLUDESALESTAX>No</AMOUNTSINCLUDESALESTAX><APPROVALUSERGROUP></APPROVALUSERGROUP><CURRENCY></CURRENCY><DEFAULTCASHACCOUNT></DEFAULTCASHACCOUNT><DEFAULTFINANCIALDIMENSIONDISPLAYVALUE></DEFAULTFINANCIALDIMENSIONDISPLAYVALUE><DELETELINESAFTERPOSTING>No</DELETELINESAFTERPOSTING><DESCRIPTION>Allocation Journal</DESCRIPTION><DETAILLEVEL>Detail</DETAILLEVEL><DOCUMENTNUMBER></DOCUMENTNUMBER><FEESPOSTING>Keep</FEESPOSTING><HIDESALESTAXFIELDSINJOURNALENTRYFORMS>No</HIDESALESTAXFIELDSINJOURNALENTRYFORMS><ISAPPROVALACTIVE>No</ISAPPROVALACTIVE><ISFIXEDEXCHANGERATE>No</ISFIXEDEXCHANGERATE><ISFIXEDOFFSETACCOUNT>No</ISFIXEDOFFSETACCOUNT><ISWORKFLOWAPPROVALACTIVE>No</ISWORKFLOWAPPROVALACTIVE><NEWVOUCHER>BalanceSheet</NEWVOUCHER><OFFSETACCOUNTDISPLAYVALUE></OFFSETACCOUNTDISPLAYVALUE><OFFSETACCOUNTTYPE>Ledger</OFFSETACCOUNTTYPE><OVERRIDESALESTAX>No</OVERRIDESALESTAX><POSTINGLAYER>Current</POSTINGLAYER><POSTINGLINELIMIT>1000</POSTINGLINELIMIT><PRIVATEFORUSERGROUP></PRIVATEFORUSERGROUP><TYPE>Allocation</TYPE><VOUCHERALLOCATIONATPOSTING>No</VOUCHERALLOCATIONATPOSTING><VOUCHERSERIESCODE>ALLCJRN</VOUCHERSERIESCODE><VOUCHERSERIESCOMPANYID>WDTC</VOUCHERSERIESCOMPANYID><WORKFLOWID></WORKFLOWID></LEDGERJOURNALNAMEENTITY><LEDGERJOURNALNAMEENTITY><NAME>CUSTPAY</NAME><AMOUNTSINCLUDESALESTAX>Yes</AMOUNTSINCLUDESALESTAX><APPROVALUSERGROUP></APPROVALUSERGROUP><CURRENCY></CURRENCY><DEFAULTCASHACCOUNT></DEFAULTCASHACCOUNT><DEFAULTFINANCIALDIMENSIONDISPLAYVALUE></DEFAULTFINANCIALDIMENSIONDISPLAYVALUE><DELETELINESAFTERPOSTING>No</DELETELINESAFTERPOSTING><DESCRIPTION>Customer Payment Journal</DESCRIPTION><DETAILLEVEL>Detail</DETAILLEVEL><DOCUMENTNUMBER></DOCUMENTNUMBER><FEESPOSTING>Keep</FEESPOSTING><HIDESALESTAXFIELDSINJOURNALENTRYFORMS>No</HIDESALESTAXFIELDSINJOURNALENTRYFORMS><ISAPPROVALACTIVE>No</ISAPPROVALACTIVE><ISFIXEDEXCHANGERATE>No</ISFIXEDEXCHANGERATE><ISFIXEDOFFSETACCOUNT>No</ISFIXEDOFFSETACCOUNT><ISWORKFLOWAPPROVALACTIVE>No</ISWORKFLOWAPPROVALACTIVE><NEWVOUCHER>BalanceSheet</NEWVOUCHER><OFFSETACCOUNTDISPLAYVALUE></OFFSETACCOUNTDISPLAYVALUE><OFFSETACCOUNTTYPE>Ledger</OFFSETACCOUNTTYPE><OVERRIDESALESTAX>No</OVERRIDESALESTAX><POSTINGLAYER>Current</POSTINGLAYER><POSTINGLINELIMIT>1000</POSTINGLINELIMIT><PRIVATEFORUSERGROUP></PRIVATEFORUSERGROUP><TYPE>CustPayment</TYPE><VOUCHERALLOCATIONATPOSTING>No</VOUCHERALLOCATIONATPOSTING><VOUCHERSERIESCODE>CUSTPAY</VOUCHERSERIESCODE><VOUCHERSERIESCOMPANYID>WDTC</VOUCHERSERIESCOMPANYID><WORKFLOWID></WORKFLOWID></LEDGERJOURNALNAMEENTITY><LEDGERJOURNALNAMEENTITY><NAME>DEDUCTION</NAME><AMOUNTSINCLUDESALESTAX>Yes</AMOUNTSINCLUDESALESTAX><APPROVALUSERGROUP></APPROVALUSERGROUP><CURRENCY></CURRENCY><DEFAULTCASHACCOUNT></DEFAULTCASHACCOUNT><DEFAULTFINANCIALDIMENSIONDISPLAYVALUE></DEFAULTFINANCIALDIMENSIONDISPLAYVALUE><DELETELINESAFTERPOSTING>No</DELETELINESAFTERPOSTING><DESCRIPTION>Deduction Journal</DESCRIPTION><DETAILLEVEL>Detail</DETAILLEVEL><DOCUMENTNUMBER></DOCUMENTNUMBER><FEESPOSTING>Keep</FEESPOSTING><HIDESALESTAXFIELDSINJOURNALENTRYFORMS>No</HIDESALESTAXFIELDSINJOURNALENTRYFORMS><ISAPPROVALACTIVE>No</ISAPPROVALACTIVE><ISFIXEDEXCHANGERATE>No</ISFIXEDEXCHANGERATE><ISFIXEDOFFSETACCOUNT>No</ISFIXEDOFFSETACCOUNT><ISWORKFLOWAPPROVALACTIVE>No</ISWORKFLOWAPPROVALACTIVE><NEWVOUCHER>BalanceSheet</NEWVOUCHER><OFFSETACCOUNTDISPLAYVALUE></OFFSETACCOUNTDISPLAYVALUE><OFFSETACCOUNTTYPE>Ledger</OFFSETACCOUNTTYPE><OVERRIDESALESTAX>No</OVERRIDESALESTAX><POSTINGLAYER>Current</POSTINGLAYER><POSTINGLINELIMIT>1000</POSTINGLINELIMIT><PRIVATEFORUSERGROUP></PRIVATEFORUSERGROUP><TYPE>Daily</TYPE><VOUCHERALLOCATIONATPOSTING>No</VOUCHERALLOCATIONATPOSTING><VOUCHERSERIESCODE>DEDUCTION</VOUCHERSERIESCODE><VOUCHERSERIESCOMPANYID>WDTC</VOUCHERSERIESCOMPANYID><WORKFLOWID></WORKFLOWID></LEDGERJOURNALNAMEENTITY><LEDGERJOURNALNAMEENTITY><NAME>GENERAL</NAME><AMOUNTSINCLUDESALESTAX>Yes</AMOUNTSINCLUDESALESTAX><APPROVALUSERGROUP></APPROVALUSERGROUP><CURRENCY></CURRENCY><DEFAULTCASHACCOUNT></DEFAULTCASHACCOUNT><DEFAULTFINANCIALDIMENSIONDISPLAYVALUE></DEFAULTFINANCIALDIMENSIONDISPLAYVALUE><DELETELINESAFTERPOSTING>No</DELETELINESAFTERPOSTING><DESCRIPTION>General Journal</DESCRIPTION><DETAILLEVEL>Detail</DETAILLEVEL><DOCUMENTNUMBER></DOCUMENTNUMBER><FEESPOSTING>Keep</FEESPOSTING><HIDESALESTAXFIELDSINJOURNALENTRYFORMS>No</HIDESALESTAXFIELDSINJOURNALENTRYFORMS><ISAPPROVALACTIVE>No</ISAPPROVALACTIVE><ISFIXEDEXCHANGERATE>No</ISFIXEDEXCHANGERATE><ISFIXEDOFFSETACCOUNT>No</ISFIXEDOFFSETACCOUNT><ISWORKFLOWAPPROVALACTIVE>No</ISWORKFLOWAPPROVALACTIVE><NEWVOUCHER>BalanceSheet</NEWVOUCHER><OFFSETACCOUNTDISPLAYVALUE></OFFSETACCOUNTDISPLAYVALUE><OFFSETACCOUNTTYPE>Ledger</OFFSETACCOUNTTYPE><OVERRIDESALESTAX>No</OVERRIDESALESTAX><POSTINGLAYER>Current</POSTINGLAYER><POSTINGLINELIMIT>1000</POSTINGLINELIMIT><PRIVATEFORUSERGROUP></PRIVATEFORUSERGROUP><TYPE>Daily</TYPE><VOUCHERALLOCATIONATPOSTING>No</VOUCHERALLOCATIONATPOSTING><VOUCHERSERIESCODE>GENJRN</VOUCHERSERIESCODE><VOUCHERSERIESCOMPANYID>WDTC</VOUCHERSERIESCOMPANYID><WORKFLOWID></WORKFLOWID></LEDGERJOURNALNAMEENTITY><LEDGERJOURNALNAMEENTITY><NAME>PERIODIC</NAME><AMOUNTSINCLUDESALESTAX>Yes</AMOUNTSINCLUDESALESTAX><APPROVALUSERGROUP></APPROVALUSERGROUP><CURRENCY></CURRENCY><DEFAULTCASHACCOUNT></DEFAULTCASHACCOUNT><DEFAULTFINANCIALDIMENSIONDISPLAYVALUE></DEFAULTFINANCIALDIMENSIONDISPLAYVALUE><DELETELINESAFTERPOSTING>No</DELETELINESAFTERPOSTING><DESCRIPTION>Periodic Journal</DESCRIPTION><DETAILLEVEL>Detail</DETAILLEVEL><DOCUMENTNUMBER></DOCUMENTNUMBER><FEESPOSTING>Keep</FEESPOSTING><HIDESALESTAXFIELDSINJOURNALENTRYFORMS>No</HIDESALESTAXFIELDSINJOURNALENTRYFORMS><ISAPPROVALACTIVE>No</ISAPPROVALACTIVE><ISFIXEDEXCHANGERATE>No</ISFIXEDEXCHANGERATE><ISFIXEDOFFSETACCOUNT>No</ISFIXEDOFFSETACCOUNT><ISWORKFLOWAPPROVALACTIVE>No</ISWORKFLOWAPPROVALACTIVE><NEWVOUCHER>BalanceSheet</NEWVOUCHER><OFFSETACCOUNTDISPLAYVALUE></OFFSETACCOUNTDISPLAYVALUE><OFFSETACCOUNTTYPE>Ledger</OFFSETACCOUNTTYPE><OVERRIDESALESTAX>No</OVERRIDESALESTAX><POSTINGLAYER>Current</POSTINGLAYER><POSTINGLINELIMIT>1000</POSTINGLINELIMIT><PRIVATEFORUSERGROUP></PRIVATEFORUSERGROUP><TYPE>Daily</TYPE><VOUCHERALLOCATIONATPOSTING>No</VOUCHERALLOCATIONATPOSTING><VOUCHERSERIESCODE>PERIODIC</VOUCHERSERIESCODE><VOUCHERSERIESCOMPANYID>WDTC</VOUCHERSERIESCOMPANYID><WORKFLOWID></WORKFLOWID></LEDGERJOURNALNAMEENTITY><LEDGERJOURNALNAMEENTITY><NAME>VENDINV</NAME><AMOUNTSINCLUDESALESTAX>Yes</AMOUNTSINCLUDESALESTAX><APPROVALUSERGROUP></APPROVALUSERGROUP><CURRENCY></CURRENCY><DEFAULTCASHACCOUNT></DEFAULTCASHACCOUNT><DEFAULTFINANCIALDIMENSIONDISPLAYVALUE></DEFAULTFINANCIALDIMENSIONDISPLAYVALUE><DELETELINESAFTERPOSTING>No</DELETELINESAFTERPOSTING><DESCRIPTION>Vendor Invoice</DESCRIPTION><DETAILLEVEL>Detail</DETAILLEVEL><DOCUMENTNUMBER></DOCUMENTNUMBER><FEESPOSTING>Keep</FEESPOSTING><HIDESALESTAXFIELDSINJOURNALENTRYFORMS>No</HIDESALESTAXFIELDSINJOURNALENTRYFORMS><ISAPPROVALACTIVE>No</ISAPPROVALACTIVE><ISFIXEDEXCHANGERATE>No</ISFIXEDEXCHANGERATE><ISFIXEDOFFSETACCOUNT>No</ISFIXEDOFFSETACCOUNT><ISWORKFLOWAPPROVALACTIVE>No</ISWORKFLOWAPPROVALACTIVE><NEWVOUCHER>BalanceSheet</NEWVOUCHER><OFFSETACCOUNTDISPLAYVALUE></OFFSETACCOUNTDISPLAYVALUE><OFFSETACCOUNTTYPE>Ledger</OFFSETACCOUNTTYPE><OVERRIDESALESTAX>No</OVERRIDESALESTAX><POSTINGLAYER>Current</POSTINGLAYER><POSTINGLINELIMIT>1000</POSTINGLINELIMIT><PRIVATEFORUSERGROUP></PRIVATEFORUSERGROUP><TYPE>VendInvoiceRegister</TYPE><VOUCHERALLOCATIONATPOSTING>No</VOUCHERALLOCATIONATPOSTING><VOUCHERSERIESCODE>VENDINV</VOUCHERSERIESCODE><VOUCHERSERIESCOMPANYID>WDTC</VOUCHERSERIESCOMPANYID><WORKFLOWID></WORKFLOWID></LEDGERJOURNALNAMEENTITY><LEDGERJOURNALNAMEENTITY><NAME>VENDINVAPP</NAME><AMOUNTSINCLUDESALESTAX>Yes</AMOUNTSINCLUDESALESTAX><APPROVALUSERGROUP></APPROVALUSERGROUP><CURRENCY></CURRENCY><DEFAULTCASHACCOUNT></DEFAULTCASHACCOUNT><DEFAULTFINANCIALDIMENSIONDISPLAYVALUE></DEFAULTFINANCIALDIMENSIONDISPLAYVALUE><DELETELINESAFTERPOSTING>No</DELETELINESAFTERPOSTING><DESCRIPTION>Vendor Invoice Approval</DESCRIPTION><DETAILLEVEL>Detail</DETAILLEVEL><DOCUMENTNUMBER></DOCUMENTNUMBER><FEESPOSTING>Keep</FEESPOSTING><HIDESALESTAXFIELDSINJOURNALENTRYFORMS>No</HIDESALESTAXFIELDSINJOURNALENTRYFORMS><ISAPPROVALACTIVE>No</ISAPPROVALACTIVE><ISFIXEDEXCHANGERATE>No</ISFIXEDEXCHANGERATE><ISFIXEDOFFSETACCOUNT>No</ISFIXEDOFFSETACCOUNT><ISWORKFLOWAPPROVALACTIVE>No</ISWORKFLOWAPPROVALACTIVE><NEWVOUCHER>BalanceSheet</NEWVOUCHER><OFFSETACCOUNTDISPLAYVALUE></OFFSETACCOUNTDISPLAYVALUE><OFFSETACCOUNTTYPE>Ledger</OFFSETACCOUNTTYPE><OVERRIDESALESTAX>No</OVERRIDESALESTAX><POSTINGLAYER>Current</POSTINGLAYER><POSTINGLINELIMIT>1000</POSTINGLINELIMIT><PRIVATEFORUSERGROUP></PRIVATEFORUSERGROUP><TYPE>Approval</TYPE><VOUCHERALLOCATIONATPOSTING>No</VOUCHERALLOCATIONATPOSTING><VOUCHERSERIESCODE>VENDINVAPP</VOUCHERSERIESCODE><VOUCHERSERIESCOMPANYID>WDTC</VOUCHERSERIESCOMPANYID><WORKFLOWID></WORKFLOWID></LEDGERJOURNALNAMEENTITY><LEDGERJOURNALNAMEENTITY><NAME>VENDINVREG</NAME><AMOUNTSINCLUDESALESTAX>Yes</AMOUNTSINCLUDESALESTAX><APPROVALUSERGROUP></APPROVALUSERGROUP><CURRENCY></CURRENCY><DEFAULTCASHACCOUNT></DEFAULTCASHACCOUNT><DEFAULTFINANCIALDIMENSIONDISPLAYVALUE></DEFAULTFINANCIALDIMENSIONDISPLAYVALUE><DELETELINESAFTERPOSTING>No</DELETELINESAFTERPOSTING><DESCRIPTION>Vendor Invoice Register</DESCRIPTION><DETAILLEVEL>Detail</DETAILLEVEL><DOCUMENTNUMBER></DOCUMENTNUMBER><FEESPOSTING>Keep</FEESPOSTING><HIDESALESTAXFIELDSINJOURNALENTRYFORMS>No</HIDESALESTAXFIELDSINJOURNALENTRYFORMS><ISAPPROVALACTIVE>No</ISAPPROVALACTIVE><ISFIXEDEXCHANGERATE>No</ISFIXEDEXCHANGERATE><ISFIXEDOFFSETACCOUNT>No</ISFIXEDOFFSETACCOUNT><ISWORKFLOWAPPROVALACTIVE>No</ISWORKFLOWAPPROVALACTIVE><NEWVOUCHER>BalanceSheet</NEWVOUCHER><OFFSETACCOUNTDISPLAYVALUE></OFFSETACCOUNTDISPLAYVALUE><OFFSETACCOUNTTYPE>Ledger</OFFSETACCOUNTTYPE><OVERRIDESALESTAX>No</OVERRIDESALESTAX><POSTINGLAYER>Current</POSTINGLAYER><POSTINGLINELIMIT>1000</POSTINGLINELIMIT><PRIVATEFORUSERGROUP></PRIVATEFORUSERGROUP><TYPE>PurchaseLedger</TYPE><VOUCHERALLOCATIONATPOSTING>No</VOUCHERALLOCATIONATPOSTING><VOUCHERSERIESCODE>VENDINVREG</VOUCHERSERIESCODE><VOUCHERSERIESCOMPANYID>WDTC</VOUCHERSERIESCOMPANYID><WORKFLOWID></WORKFLOWID></LEDGERJOURNALNAMEENTITY><LEDGERJOURNALNAMEENTITY><NAME>VENDPAY</NAME><AMOUNTSINCLUDESALESTAX>Yes</AMOUNTSINCLUDESALESTAX><APPROVALUSERGROUP></APPROVALUSERGROUP><CURRENCY></CURRENCY><DEFAULTCASHACCOUNT></DEFAULTCASHACCOUNT><DEFAULTFINANCIALDIMENSIONDISPLAYVALUE></DEFAULTFINANCIALDIMENSIONDISPLAYVALUE><DELETELINESAFTERPOSTING>No</DELETELINESAFTERPOSTING><DESCRIPTION>Vendor Payment Journal</DESCRIPTION><DETAILLEVEL>Detail</DETAILLEVEL><DOCUMENTNUMBER></DOCUMENTNUMBER><FEESPOSTING>Keep</FEESPOSTING><HIDESALESTAXFIELDSINJOURNALENTRYFORMS>No</HIDESALESTAXFIELDSINJOURNALENTRYFORMS><ISAPPROVALACTIVE>No</ISAPPROVALACTIVE><ISFIXEDEXCHANGERATE>No</ISFIXEDEXCHANGERATE><ISFIXEDOFFSETACCOUNT>No</ISFIXEDOFFSETACCOUNT><ISWORKFLOWAPPROVALACTIVE>No</ISWORKFLOWAPPROVALACTIVE><NEWVOUCHER>BalanceSheet</NEWVOUCHER><OFFSETACCOUNTDISPLAYVALUE></OFFSETACCOUNTDISPLAYVALUE><OFFSETACCOUNTTYPE>Ledger</OFFSETACCOUNTTYPE><OVERRIDESALESTAX>No</OVERRIDESALESTAX><POSTINGLAYER>Current</POSTINGLAYER><POSTINGLINELIMIT>1000</POSTINGLINELIMIT><PRIVATEFORUSERGROUP></PRIVATEFORUSERGROUP><TYPE>Payment</TYPE><VOUCHERALLOCATIONATPOSTING>No</VOUCHERALLOCATIONATPOSTING><VOUCHERSERIESCODE>VENDPAY</VOUCHERSERIESCODE><VOUCHERSERIESCOMPANYID>WDTC</VOUCHERSERIESCOMPANYID><WORKFLOWID></WORKFLOWID></LEDGERJOURNALNAMEENTITY><LEDGERJOURNALNAMEENTITY><NAME>WRITEOFF</NAME><AMOUNTSINCLUDESALESTAX>Yes</AMOUNTSINCLUDESALESTAX><APPROVALUSERGROUP></APPROVALUSERGROUP><CURRENCY></CURRENCY><DEFAULTCASHACCOUNT></DEFAULTCASHACCOUNT><DEFAULTFINANCIALDIMENSIONDISPLAYVALUE></DEFAULTFINANCIALDIMENSIONDISPLAYVALUE><DELETELINESAFTERPOSTING>No</DELETELINESAFTERPOSTING><DESCRIPTION>Write-Off Journal</DESCRIPTION><DETAILLEVEL>Detail</DETAILLEVEL><DOCUMENTNUMBER></DOCUMENTNUMBER><FEESPOSTING>Keep</FEESPOSTING><HIDESALESTAXFIELDSINJOURNALENTRYFORMS>No</HIDESALESTAXFIELDSINJOURNALENTRYFORMS><ISAPPROVALACTIVE>No</ISAPPROVALACTIVE><ISFIXEDEXCHANGERATE>No</ISFIXEDEXCHANGERATE><ISFIXEDOFFSETACCOUNT>No</ISFIXEDOFFSETACCOUNT><ISWORKFLOWAPPROVALACTIVE>No</ISWORKFLOWAPPROVALACTIVE><NEWVOUCHER>BalanceSheet</NEWVOUCHER><OFFSETACCOUNTDISPLAYVALUE></OFFSETACCOUNTDISPLAYVALUE><OFFSETACCOUNTTYPE>Ledger</OFFSETACCOUNTTYPE><OVERRIDESALESTAX>No</OVERRIDESALESTAX><POSTINGLAYER>Current</POSTINGLAYER><POSTINGLINELIMIT>1000</POSTINGLINELIMIT><PRIVATEFORUSERGROUP></PRIVATEFORUSERGROUP><TYPE>Daily</TYPE><VOUCHERALLOCATIONATPOSTING>No</VOUCHERALLOCATIONATPOSTING><VOUCHERSERIESCODE>WOJRN</VOUCHERSERIESCODE><VOUCHERSERIESCOMPANYID>WDTC</VOUCHERSERIESCOMPANYID><WORKFLOWID></WORKFLOWID></LEDGERJOURNALNAMEENTITY></Document>