﻿<?xml version="1.0" encoding="utf-8"?>
<Document>
    <LEDGERENTITY>
        <LEGALENTITYID>BAKR</LEGALENTITYID>
        <ACCOUNTINGCURRENCY>FSD</ACCOUNTINGCURRENCY>
        <ACCOUNTSTRUCTURENAME1>Balance Sheet</ACCOUNTSTRUCTURENAME1>
        <ACCOUNTSTRUCTURENAME10></ACCOUNTSTRUCTURENAME10>
        <ACCOUNTSTRUCTURENAME11></ACCOUNTSTRUCTURENAME11>
        <ACCOUNTSTRUCTURENAME12></ACCOUNTSTRUCTURENAME12>
        <ACCOUNTSTRUCTURENAME13></ACCOUNTSTRUCTURENAME13>
        <ACCOUNTSTRUCTURENAME14></ACCOUNTSTRUCTURENAME14>
        <ACCOUNTSTRUCTURENAME15></ACCOUNTSTRUCTURENAME15>
        <ACCOUNTSTRUCTURENAME16></ACCOUNTSTRUCTURENAME16>
        <ACCOUNTSTRUCTURENAME17></ACCOUNTSTRUCTURENAME17>
        <ACCOUNTSTRUCTURENAME18></ACCOUNTSTRUCTURENAME18>
        <ACCOUNTSTRUCTURENAME19></ACCOUNTSTRUCTURENAME19>
        <ACCOUNTSTRUCTURENAME2></ACCOUNTSTRUCTURENAME2>
        <ACCOUNTSTRUCTURENAME20></ACCOUNTSTRUCTURENAME20>
        <ACCOUNTSTRUCTURENAME3></ACCOUNTSTRUCTURENAME3>
        <ACCOUNTSTRUCTURENAME4></ACCOUNTSTRUCTURENAME4>
        <ACCOUNTSTRUCTURENAME5></ACCOUNTSTRUCTURENAME5>
        <ACCOUNTSTRUCTURENAME6></ACCOUNTSTRUCTURENAME6>
        <ACCOUNTSTRUCTURENAME7></ACCOUNTSTRUCTURENAME7>
        <ACCOUNTSTRUCTURENAME8></ACCOUNTSTRUCTURENAME8>
        <ACCOUNTSTRUCTURENAME9></ACCOUNTSTRUCTURENAME9>
        <BALANCINGFINANCIALDIMENSION></BALANCINGFINANCIALDIMENSION>
        <BUDGETEXCHANGERATETYPE>Faerûn</BUDGETEXCHANGERATETYPE>
        <CHARTOFACCOUNTS>STANDARD</CHARTOFACCOUNTS>
        <CHARTOFACCOUNTSRECID>5637144576</CHARTOFACCOUNTSRECID>
        <DESCRIPTION>Bakers Guild</DESCRIPTION>
        <EXCHANGERATETYPE>Faerûn</EXCHANGERATETYPE>
        <FISCALCALENDAR>STANDARD</FISCALCALENDAR>
        <ISBUDGETCONTROLENABLED>No</ISBUDGETCONTROLENABLED>
        <LEDGERRECID>5637146077</LEDGERRECID>
        <MAINACCOUNTIDREALIZEDGAIN></MAINACCOUNTIDREALIZEDGAIN>
        <MAINACCOUNTIDREALIZEDLOSS></MAINACCOUNTIDREALIZEDLOSS>
        <MAINACCOUNTIDUNREALIZEDGAIN></MAINACCOUNTIDUNREALIZEDGAIN>
        <MAINACCOUNTIDUNREALIZEDLOSS></MAINACCOUNTIDUNREALIZEDLOSS>
        <NAME>BAKR</NAME>
        <REPORTINGCURRENCY>FSD</REPORTINGCURRENCY>
        <REPORTINGCURRENCYEXCHANGERATETYPE></REPORTINGCURRENCYEXCHANGERATETYPE>
    </LEDGERENTITY>
    <LEDGERENTITY>
        <LEGALENTITYID>BKBD</LEGALENTITYID>
        <ACCOUNTINGCURRENCY>FSD</ACCOUNTINGCURRENCY>
        <ACCOUNTSTRUCTURENAME1></ACCOUNTSTRUCTURENAME1>
        <ACCOUNTSTRUCTURENAME10></ACCOUNTSTRUCTURENAME10>
        <ACCOUNTSTRUCTURENAME11></ACCOUNTSTRUCTURENAME11>
        <ACCOUNTSTRUCTURENAME12></ACCOUNTSTRUCTURENAME12>
        <ACCOUNTSTRUCTURENAME13></ACCOUNTSTRUCTURENAME13>
        <ACCOUNTSTRUCTURENAME14></ACCOUNTSTRUCTURENAME14>
        <ACCOUNTSTRUCTURENAME15></ACCOUNTSTRUCTURENAME15>
        <ACCOUNTSTRUCTURENAME16></ACCOUNTSTRUCTURENAME16>
        <ACCOUNTSTRUCTURENAME17></ACCOUNTSTRUCTURENAME17>
        <ACCOUNTSTRUCTURENAME18></ACCOUNTSTRUCTURENAME18>
        <ACCOUNTSTRUCTURENAME19></ACCOUNTSTRUCTURENAME19>
        <ACCOUNTSTRUCTURENAME2></ACCOUNTSTRUCTURENAME2>
        <ACCOUNTSTRUCTURENAME20></ACCOUNTSTRUCTURENAME20>
        <ACCOUNTSTRUCTURENAME3></ACCOUNTSTRUCTURENAME3>
        <ACCOUNTSTRUCTURENAME4></ACCOUNTSTRUCTURENAME4>
        <ACCOUNTSTRUCTURENAME5></ACCOUNTSTRUCTURENAME5>
        <ACCOUNTSTRUCTURENAME6></ACCOUNTSTRUCTURENAME6>
        <ACCOUNTSTRUCTURENAME7></ACCOUNTSTRUCTURENAME7>
        <ACCOUNTSTRUCTURENAME8></ACCOUNTSTRUCTURENAME8>
        <ACCOUNTSTRUCTURENAME9></ACCOUNTSTRUCTURENAME9>
        <BALANCINGFINANCIALDIMENSION></BALANCINGFINANCIALDIMENSION>
        <BUDGETEXCHANGERATETYPE>Faerûn</BUDGETEXCHANGERATETYPE>
        <CHARTOFACCOUNTS>STANDARD</CHARTOFACCOUNTS>
        <CHARTOFACCOUNTSRECID>5637144576</CHARTOFACCOUNTSRECID>
        <DESCRIPTION>Bookbinders Guild</DESCRIPTION>
        <EXCHANGERATETYPE>Faerûn</EXCHANGERATETYPE>
        <FISCALCALENDAR>STANDARD</FISCALCALENDAR>
        <ISBUDGETCONTROLENABLED>No</ISBUDGETCONTROLENABLED>
        <LEDGERRECID>5637146081</LEDGERRECID>
        <MAINACCOUNTIDREALIZEDGAIN></MAINACCOUNTIDREALIZEDGAIN>
        <MAINACCOUNTIDREALIZEDLOSS></MAINACCOUNTIDREALIZEDLOSS>
        <MAINACCOUNTIDUNREALIZEDGAIN></MAINACCOUNTIDUNREALIZEDGAIN>
        <MAINACCOUNTIDUNREALIZEDLOSS></MAINACCOUNTIDUNREALIZEDLOSS>
        <NAME>BKBD</NAME>
        <REPORTINGCURRENCY>FSD</REPORTINGCURRENCY>
        <REPORTINGCURRENCYEXCHANGERATETYPE></REPORTINGCURRENCYEXCHANGERATETYPE>
    </LEDGERENTITY>
    <LEDGERENTITY>
        <LEGALENTITYID>BLKM</LEGALENTITYID>
        <ACCOUNTINGCURRENCY>FSD</ACCOUNTINGCURRENCY>
        <ACCOUNTSTRUCTURENAME1></ACCOUNTSTRUCTURENAME1>
        <ACCOUNTSTRUCTURENAME10></ACCOUNTSTRUCTURENAME10>
        <ACCOUNTSTRUCTURENAME11></ACCOUNTSTRUCTURENAME11>
        <ACCOUNTSTRUCTURENAME12></ACCOUNTSTRUCTURENAME12>
        <ACCOUNTSTRUCTURENAME13></ACCOUNTSTRUCTURENAME13>
        <ACCOUNTSTRUCTURENAME14></ACCOUNTSTRUCTURENAME14>
        <ACCOUNTSTRUCTURENAME15></ACCOUNTSTRUCTURENAME15>
        <ACCOUNTSTRUCTURENAME16></ACCOUNTSTRUCTURENAME16>
        <ACCOUNTSTRUCTURENAME17></ACCOUNTSTRUCTURENAME17>
        <ACCOUNTSTRUCTURENAME18></ACCOUNTSTRUCTURENAME18>
        <ACCOUNTSTRUCTURENAME19></ACCOUNTSTRUCTURENAME19>
        <ACCOUNTSTRUCTURENAME2></ACCOUNTSTRUCTURENAME2>
        <ACCOUNTSTRUCTURENAME20></ACCOUNTSTRUCTURENAME20>
        <ACCOUNTSTRUCTURENAME3></ACCOUNTSTRUCTURENAME3>
        <ACCOUNTSTRUCTURENAME4></ACCOUNTSTRUCTURENAME4>
        <ACCOUNTSTRUCTURENAME5></ACCOUNTSTRUCTURENAME5>
        <ACCOUNTSTRUCTURENAME6></ACCOUNTSTRUCTURENAME6>
        <ACCOUNTSTRUCTURENAME7></ACCOUNTSTRUCTURENAME7>
        <ACCOUNTSTRUCTURENAME8></ACCOUNTSTRUCTURENAME8>
        <ACCOUNTSTRUCTURENAME9></ACCOUNTSTRUCTURENAME9>
        <BALANCINGFINANCIALDIMENSION></BALANCINGFINANCIALDIMENSION>
        <BUDGETEXCHANGERATETYPE>Faerûn</BUDGETEXCHANGERATETYPE>
        <CHARTOFACCOUNTS>STANDARD</CHARTOFACCOUNTS>
        <CHARTOFACCOUNTSRECID>5637144576</CHARTOFACCOUNTSRECID>
        <DESCRIPTION>Blacksmiths Guild</DESCRIPTION>
        <EXCHANGERATETYPE>Faerûn</EXCHANGERATETYPE>
        <FISCALCALENDAR>STANDARD</FISCALCALENDAR>
        <ISBUDGETCONTROLENABLED>No</ISBUDGETCONTROLENABLED>
        <LEDGERRECID>5637146082</LEDGERRECID>
        <MAINACCOUNTIDREALIZEDGAIN></MAINACCOUNTIDREALIZEDGAIN>
        <MAINACCOUNTIDREALIZEDLOSS></MAINACCOUNTIDREALIZEDLOSS>
        <MAINACCOUNTIDUNREALIZEDGAIN></MAINACCOUNTIDUNREALIZEDGAIN>
        <MAINACCOUNTIDUNREALIZEDLOSS></MAINACCOUNTIDUNREALIZEDLOSS>
        <NAME>BLKM</NAME>
        <REPORTINGCURRENCY>FSD</REPORTINGCURRENCY>
        <REPORTINGCURRENCYEXCHANGERATETYPE></REPORTINGCURRENCYEXCHANGERATETYPE>
    </LEDGERENTITY>
    <LEDGERENTITY>
        <LEGALENTITYID>BTCH</LEGALENTITYID>
        <ACCOUNTINGCURRENCY>FSD</ACCOUNTINGCURRENCY>
        <ACCOUNTSTRUCTURENAME1></ACCOUNTSTRUCTURENAME1>
        <ACCOUNTSTRUCTURENAME10></ACCOUNTSTRUCTURENAME10>
        <ACCOUNTSTRUCTURENAME11></ACCOUNTSTRUCTURENAME11>
        <ACCOUNTSTRUCTURENAME12></ACCOUNTSTRUCTURENAME12>
        <ACCOUNTSTRUCTURENAME13></ACCOUNTSTRUCTURENAME13>
        <ACCOUNTSTRUCTURENAME14></ACCOUNTSTRUCTURENAME14>
        <ACCOUNTSTRUCTURENAME15></ACCOUNTSTRUCTURENAME15>
        <ACCOUNTSTRUCTURENAME16></ACCOUNTSTRUCTURENAME16>
        <ACCOUNTSTRUCTURENAME17></ACCOUNTSTRUCTURENAME17>
        <ACCOUNTSTRUCTURENAME18></ACCOUNTSTRUCTURENAME18>
        <ACCOUNTSTRUCTURENAME19></ACCOUNTSTRUCTURENAME19>
        <ACCOUNTSTRUCTURENAME2></ACCOUNTSTRUCTURENAME2>
        <ACCOUNTSTRUCTURENAME20></ACCOUNTSTRUCTURENAME20>
        <ACCOUNTSTRUCTURENAME3></ACCOUNTSTRUCTURENAME3>
        <ACCOUNTSTRUCTURENAME4></ACCOUNTSTRUCTURENAME4>
        <ACCOUNTSTRUCTURENAME5></ACCOUNTSTRUCTURENAME5>
        <ACCOUNTSTRUCTURENAME6></ACCOUNTSTRUCTURENAME6>
        <ACCOUNTSTRUCTURENAME7></ACCOUNTSTRUCTURENAME7>
        <ACCOUNTSTRUCTURENAME8></ACCOUNTSTRUCTURENAME8>
        <ACCOUNTSTRUCTURENAME9></ACCOUNTSTRUCTURENAME9>
        <BALANCINGFINANCIALDIMENSION></BALANCINGFINANCIALDIMENSION>
        <BUDGETEXCHANGERATETYPE>Faerûn</BUDGETEXCHANGERATETYPE>
        <CHARTOFACCOUNTS>STANDARD</CHARTOFACCOUNTS>
        <CHARTOFACCOUNTSRECID>5637144576</CHARTOFACCOUNTSRECID>
        <DESCRIPTION>Butchers Guild</DESCRIPTION>
        <EXCHANGERATETYPE>Faerûn</EXCHANGERATETYPE>
        <FISCALCALENDAR>STANDARD</FISCALCALENDAR>
        <ISBUDGETCONTROLENABLED>No</ISBUDGETCONTROLENABLED>
        <LEDGERRECID>5637146078</LEDGERRECID>
        <MAINACCOUNTIDREALIZEDGAIN></MAINACCOUNTIDREALIZEDGAIN>
        <MAINACCOUNTIDREALIZEDLOSS></MAINACCOUNTIDREALIZEDLOSS>
        <MAINACCOUNTIDUNREALIZEDGAIN></MAINACCOUNTIDUNREALIZEDGAIN>
        <MAINACCOUNTIDUNREALIZEDLOSS></MAINACCOUNTIDUNREALIZEDLOSS>
        <NAME>BTCH</NAME>
        <REPORTINGCURRENCY>FSD</REPORTINGCURRENCY>
        <REPORTINGCURRENCYEXCHANGERATETYPE></REPORTINGCURRENCYEXCHANGERATETYPE>
    </LEDGERENTITY>
    <LEDGERENTITY>
        <LEGALENTITYID>CART</LEGALENTITYID>
        <ACCOUNTINGCURRENCY>FSD</ACCOUNTINGCURRENCY>
        <ACCOUNTSTRUCTURENAME1></ACCOUNTSTRUCTURENAME1>
        <ACCOUNTSTRUCTURENAME10></ACCOUNTSTRUCTURENAME10>
        <ACCOUNTSTRUCTURENAME11></ACCOUNTSTRUCTURENAME11>
        <ACCOUNTSTRUCTURENAME12></ACCOUNTSTRUCTURENAME12>
        <ACCOUNTSTRUCTURENAME13></ACCOUNTSTRUCTURENAME13>
        <ACCOUNTSTRUCTURENAME14></ACCOUNTSTRUCTURENAME14>
        <ACCOUNTSTRUCTURENAME15></ACCOUNTSTRUCTURENAME15>
        <ACCOUNTSTRUCTURENAME16></ACCOUNTSTRUCTURENAME16>
        <ACCOUNTSTRUCTURENAME17></ACCOUNTSTRUCTURENAME17>
        <ACCOUNTSTRUCTURENAME18></ACCOUNTSTRUCTURENAME18>
        <ACCOUNTSTRUCTURENAME19></ACCOUNTSTRUCTURENAME19>
        <ACCOUNTSTRUCTURENAME2></ACCOUNTSTRUCTURENAME2>
        <ACCOUNTSTRUCTURENAME20></ACCOUNTSTRUCTURENAME20>
        <ACCOUNTSTRUCTURENAME3></ACCOUNTSTRUCTURENAME3>
        <ACCOUNTSTRUCTURENAME4></ACCOUNTSTRUCTURENAME4>
        <ACCOUNTSTRUCTURENAME5></ACCOUNTSTRUCTURENAME5>
        <ACCOUNTSTRUCTURENAME6></ACCOUNTSTRUCTURENAME6>
        <ACCOUNTSTRUCTURENAME7></ACCOUNTSTRUCTURENAME7>
        <ACCOUNTSTRUCTURENAME8></ACCOUNTSTRUCTURENAME8>
        <ACCOUNTSTRUCTURENAME9></ACCOUNTSTRUCTURENAME9>
        <BALANCINGFINANCIALDIMENSION></BALANCINGFINANCIALDIMENSION>
        <BUDGETEXCHANGERATETYPE>Faerûn</BUDGETEXCHANGERATETYPE>
        <CHARTOFACCOUNTS>STANDARD</CHARTOFACCOUNTS>
        <CHARTOFACCOUNTSRECID>5637144576</CHARTOFACCOUNTSRECID>
        <DESCRIPTION>Carters Guild</DESCRIPTION>
        <EXCHANGERATETYPE>Faerûn</EXCHANGERATETYPE>
        <FISCALCALENDAR>STANDARD</FISCALCALENDAR>
        <ISBUDGETCONTROLENABLED>No</ISBUDGETCONTROLENABLED>
        <LEDGERRECID>5637146083</LEDGERRECID>
        <MAINACCOUNTIDREALIZEDGAIN></MAINACCOUNTIDREALIZEDGAIN>
        <MAINACCOUNTIDREALIZEDLOSS></MAINACCOUNTIDREALIZEDLOSS>
        <MAINACCOUNTIDUNREALIZEDGAIN></MAINACCOUNTIDUNREALIZEDGAIN>
        <MAINACCOUNTIDUNREALIZEDLOSS></MAINACCOUNTIDUNREALIZEDLOSS>
        <NAME>CART</NAME>
        <REPORTINGCURRENCY>FSD</REPORTINGCURRENCY>
        <REPORTINGCURRENCYEXCHANGERATETYPE></REPORTINGCURRENCYEXCHANGERATETYPE>
    </LEDGERENTITY>
    <LEDGERENTITY>
        <LEGALENTITYID>CHDL</LEGALENTITYID>
        <ACCOUNTINGCURRENCY>FSD</ACCOUNTINGCURRENCY>
        <ACCOUNTSTRUCTURENAME1></ACCOUNTSTRUCTURENAME1>
        <ACCOUNTSTRUCTURENAME10></ACCOUNTSTRUCTURENAME10>
        <ACCOUNTSTRUCTURENAME11></ACCOUNTSTRUCTURENAME11>
        <ACCOUNTSTRUCTURENAME12></ACCOUNTSTRUCTURENAME12>
        <ACCOUNTSTRUCTURENAME13></ACCOUNTSTRUCTURENAME13>
        <ACCOUNTSTRUCTURENAME14></ACCOUNTSTRUCTURENAME14>
        <ACCOUNTSTRUCTURENAME15></ACCOUNTSTRUCTURENAME15>
        <ACCOUNTSTRUCTURENAME16></ACCOUNTSTRUCTURENAME16>
        <ACCOUNTSTRUCTURENAME17></ACCOUNTSTRUCTURENAME17>
        <ACCOUNTSTRUCTURENAME18></ACCOUNTSTRUCTURENAME18>
        <ACCOUNTSTRUCTURENAME19></ACCOUNTSTRUCTURENAME19>
        <ACCOUNTSTRUCTURENAME2></ACCOUNTSTRUCTURENAME2>
        <ACCOUNTSTRUCTURENAME20></ACCOUNTSTRUCTURENAME20>
        <ACCOUNTSTRUCTURENAME3></ACCOUNTSTRUCTURENAME3>
        <ACCOUNTSTRUCTURENAME4></ACCOUNTSTRUCTURENAME4>
        <ACCOUNTSTRUCTURENAME5></ACCOUNTSTRUCTURENAME5>
        <ACCOUNTSTRUCTURENAME6></ACCOUNTSTRUCTURENAME6>
        <ACCOUNTSTRUCTURENAME7></ACCOUNTSTRUCTURENAME7>
        <ACCOUNTSTRUCTURENAME8></ACCOUNTSTRUCTURENAME8>
        <ACCOUNTSTRUCTURENAME9></ACCOUNTSTRUCTURENAME9>
        <BALANCINGFINANCIALDIMENSION></BALANCINGFINANCIALDIMENSION>
        <BUDGETEXCHANGERATETYPE>Faerûn</BUDGETEXCHANGERATETYPE>
        <CHARTOFACCOUNTS>STANDARD</CHARTOFACCOUNTS>
        <CHARTOFACCOUNTSRECID>5637144576</CHARTOFACCOUNTSRECID>
        <DESCRIPTION>Chandlers Guild</DESCRIPTION>
        <EXCHANGERATETYPE>Faerûn</EXCHANGERATETYPE>
        <FISCALCALENDAR>STANDARD</FISCALCALENDAR>
        <ISBUDGETCONTROLENABLED>No</ISBUDGETCONTROLENABLED>
        <LEDGERRECID>5637146084</LEDGERRECID>
        <MAINACCOUNTIDREALIZEDGAIN></MAINACCOUNTIDREALIZEDGAIN>
        <MAINACCOUNTIDREALIZEDLOSS></MAINACCOUNTIDREALIZEDLOSS>
        <MAINACCOUNTIDUNREALIZEDGAIN></MAINACCOUNTIDUNREALIZEDGAIN>
        <MAINACCOUNTIDUNREALIZEDLOSS></MAINACCOUNTIDUNREALIZEDLOSS>
        <NAME>CHDL</NAME>
        <REPORTINGCURRENCY>FSD</REPORTINGCURRENCY>
        <REPORTINGCURRENCYEXCHANGERATETYPE></REPORTINGCURRENCYEXCHANGERATETYPE>
    </LEDGERENTITY>
    <LEDGERENTITY>
        <LEGALENTITYID>COBL</LEGALENTITYID>
        <ACCOUNTINGCURRENCY>FSD</ACCOUNTINGCURRENCY>
        <ACCOUNTSTRUCTURENAME1></ACCOUNTSTRUCTURENAME1>
        <ACCOUNTSTRUCTURENAME10></ACCOUNTSTRUCTURENAME10>
        <ACCOUNTSTRUCTURENAME11></ACCOUNTSTRUCTURENAME11>
        <ACCOUNTSTRUCTURENAME12></ACCOUNTSTRUCTURENAME12>
        <ACCOUNTSTRUCTURENAME13></ACCOUNTSTRUCTURENAME13>
        <ACCOUNTSTRUCTURENAME14></ACCOUNTSTRUCTURENAME14>
        <ACCOUNTSTRUCTURENAME15></ACCOUNTSTRUCTURENAME15>
        <ACCOUNTSTRUCTURENAME16></ACCOUNTSTRUCTURENAME16>
        <ACCOUNTSTRUCTURENAME17></ACCOUNTSTRUCTURENAME17>
        <ACCOUNTSTRUCTURENAME18></ACCOUNTSTRUCTURENAME18>
        <ACCOUNTSTRUCTURENAME19></ACCOUNTSTRUCTURENAME19>
        <ACCOUNTSTRUCTURENAME2></ACCOUNTSTRUCTURENAME2>
        <ACCOUNTSTRUCTURENAME20></ACCOUNTSTRUCTURENAME20>
        <ACCOUNTSTRUCTURENAME3></ACCOUNTSTRUCTURENAME3>
        <ACCOUNTSTRUCTURENAME4></ACCOUNTSTRUCTURENAME4>
        <ACCOUNTSTRUCTURENAME5></ACCOUNTSTRUCTURENAME5>
        <ACCOUNTSTRUCTURENAME6></ACCOUNTSTRUCTURENAME6>
        <ACCOUNTSTRUCTURENAME7></ACCOUNTSTRUCTURENAME7>
        <ACCOUNTSTRUCTURENAME8></ACCOUNTSTRUCTURENAME8>
        <ACCOUNTSTRUCTURENAME9></ACCOUNTSTRUCTURENAME9>
        <BALANCINGFINANCIALDIMENSION></BALANCINGFINANCIALDIMENSION>
        <BUDGETEXCHANGERATETYPE>Faerûn</BUDGETEXCHANGERATETYPE>
        <CHARTOFACCOUNTS>STANDARD</CHARTOFACCOUNTS>
        <CHARTOFACCOUNTSRECID>5637144576</CHARTOFACCOUNTSRECID>
        <DESCRIPTION>Cobblers Guild</DESCRIPTION>
        <EXCHANGERATETYPE>Faerûn</EXCHANGERATETYPE>
        <FISCALCALENDAR>STANDARD</FISCALCALENDAR>
        <ISBUDGETCONTROLENABLED>No</ISBUDGETCONTROLENABLED>
        <LEDGERRECID>5637146085</LEDGERRECID>
        <MAINACCOUNTIDREALIZEDGAIN></MAINACCOUNTIDREALIZEDGAIN>
        <MAINACCOUNTIDREALIZEDLOSS></MAINACCOUNTIDREALIZEDLOSS>
        <MAINACCOUNTIDUNREALIZEDGAIN></MAINACCOUNTIDUNREALIZEDGAIN>
        <MAINACCOUNTIDUNREALIZEDLOSS></MAINACCOUNTIDUNREALIZEDLOSS>
        <NAME>COBL</NAME>
        <REPORTINGCURRENCY>FSD</REPORTINGCURRENCY>
        <REPORTINGCURRENCYEXCHANGERATETYPE></REPORTINGCURRENCYEXCHANGERATETYPE>
    </LEDGERENTITY>
    <LEDGERENTITY>
        <LEGALENTITYID>COKB</LEGALENTITYID>
        <ACCOUNTINGCURRENCY>FSD</ACCOUNTINGCURRENCY>
        <ACCOUNTSTRUCTURENAME1></ACCOUNTSTRUCTURENAME1>
        <ACCOUNTSTRUCTURENAME10></ACCOUNTSTRUCTURENAME10>
        <ACCOUNTSTRUCTURENAME11></ACCOUNTSTRUCTURENAME11>
        <ACCOUNTSTRUCTURENAME12></ACCOUNTSTRUCTURENAME12>
        <ACCOUNTSTRUCTURENAME13></ACCOUNTSTRUCTURENAME13>
        <ACCOUNTSTRUCTURENAME14></ACCOUNTSTRUCTURENAME14>
        <ACCOUNTSTRUCTURENAME15></ACCOUNTSTRUCTURENAME15>
        <ACCOUNTSTRUCTURENAME16></ACCOUNTSTRUCTURENAME16>
        <ACCOUNTSTRUCTURENAME17></ACCOUNTSTRUCTURENAME17>
        <ACCOUNTSTRUCTURENAME18></ACCOUNTSTRUCTURENAME18>
        <ACCOUNTSTRUCTURENAME19></ACCOUNTSTRUCTURENAME19>
        <ACCOUNTSTRUCTURENAME2></ACCOUNTSTRUCTURENAME2>
        <ACCOUNTSTRUCTURENAME20></ACCOUNTSTRUCTURENAME20>
        <ACCOUNTSTRUCTURENAME3></ACCOUNTSTRUCTURENAME3>
        <ACCOUNTSTRUCTURENAME4></ACCOUNTSTRUCTURENAME4>
        <ACCOUNTSTRUCTURENAME5></ACCOUNTSTRUCTURENAME5>
        <ACCOUNTSTRUCTURENAME6></ACCOUNTSTRUCTURENAME6>
        <ACCOUNTSTRUCTURENAME7></ACCOUNTSTRUCTURENAME7>
        <ACCOUNTSTRUCTURENAME8></ACCOUNTSTRUCTURENAME8>
        <ACCOUNTSTRUCTURENAME9></ACCOUNTSTRUCTURENAME9>
        <BALANCINGFINANCIALDIMENSION></BALANCINGFINANCIALDIMENSION>
        <BUDGETEXCHANGERATETYPE>Faerûn</BUDGETEXCHANGERATETYPE>
        <CHARTOFACCOUNTS>STANDARD</CHARTOFACCOUNTS>
        <CHARTOFACCOUNTSRECID>5637144576</CHARTOFACCOUNTSRECID>
        <DESCRIPTION>Cooks and Bakers Guild</DESCRIPTION>
        <EXCHANGERATETYPE>Faerûn</EXCHANGERATETYPE>
        <FISCALCALENDAR>STANDARD</FISCALCALENDAR>
        <ISBUDGETCONTROLENABLED>No</ISBUDGETCONTROLENABLED>
        <LEDGERRECID>5637146086</LEDGERRECID>
        <MAINACCOUNTIDREALIZEDGAIN></MAINACCOUNTIDREALIZEDGAIN>
        <MAINACCOUNTIDREALIZEDLOSS></MAINACCOUNTIDREALIZEDLOSS>
        <MAINACCOUNTIDUNREALIZEDGAIN></MAINACCOUNTIDUNREALIZEDGAIN>
        <MAINACCOUNTIDUNREALIZEDLOSS></MAINACCOUNTIDUNREALIZEDLOSS>
        <NAME>COKB</NAME>
        <REPORTINGCURRENCY>FSD</REPORTINGCURRENCY>
        <REPORTINGCURRENCYEXCHANGERATETYPE></REPORTINGCURRENCYEXCHANGERATETYPE>
    </LEDGERENTITY>
    <LEDGERENTITY>
        <LEGALENTITYID>CRPG</LEGALENTITYID>
        <ACCOUNTINGCURRENCY>FSD</ACCOUNTINGCURRENCY>
        <ACCOUNTSTRUCTURENAME1></ACCOUNTSTRUCTURENAME1>
        <ACCOUNTSTRUCTURENAME10></ACCOUNTSTRUCTURENAME10>
        <ACCOUNTSTRUCTURENAME11></ACCOUNTSTRUCTURENAME11>
        <ACCOUNTSTRUCTURENAME12></ACCOUNTSTRUCTURENAME12>
        <ACCOUNTSTRUCTURENAME13></ACCOUNTSTRUCTURENAME13>
        <ACCOUNTSTRUCTURENAME14></ACCOUNTSTRUCTURENAME14>
        <ACCOUNTSTRUCTURENAME15></ACCOUNTSTRUCTURENAME15>
        <ACCOUNTSTRUCTURENAME16></ACCOUNTSTRUCTURENAME16>
        <ACCOUNTSTRUCTURENAME17></ACCOUNTSTRUCTURENAME17>
        <ACCOUNTSTRUCTURENAME18></ACCOUNTSTRUCTURENAME18>
        <ACCOUNTSTRUCTURENAME19></ACCOUNTSTRUCTURENAME19>
        <ACCOUNTSTRUCTURENAME2></ACCOUNTSTRUCTURENAME2>
        <ACCOUNTSTRUCTURENAME20></ACCOUNTSTRUCTURENAME20>
        <ACCOUNTSTRUCTURENAME3></ACCOUNTSTRUCTURENAME3>
        <ACCOUNTSTRUCTURENAME4></ACCOUNTSTRUCTURENAME4>
        <ACCOUNTSTRUCTURENAME5></ACCOUNTSTRUCTURENAME5>
        <ACCOUNTSTRUCTURENAME6></ACCOUNTSTRUCTURENAME6>
        <ACCOUNTSTRUCTURENAME7></ACCOUNTSTRUCTURENAME7>
        <ACCOUNTSTRUCTURENAME8></ACCOUNTSTRUCTURENAME8>
        <ACCOUNTSTRUCTURENAME9></ACCOUNTSTRUCTURENAME9>
        <BALANCINGFINANCIALDIMENSION></BALANCINGFINANCIALDIMENSION>
        <BUDGETEXCHANGERATETYPE>Faerûn</BUDGETEXCHANGERATETYPE>
        <CHARTOFACCOUNTS>STANDARD</CHARTOFACCOUNTS>
        <CHARTOFACCOUNTSRECID>5637144576</CHARTOFACCOUNTSRECID>
        <DESCRIPTION>Carpenters Guild</DESCRIPTION>
        <EXCHANGERATETYPE>Faerûn</EXCHANGERATETYPE>
        <FISCALCALENDAR>STANDARD</FISCALCALENDAR>
        <ISBUDGETCONTROLENABLED>No</ISBUDGETCONTROLENABLED>
        <LEDGERRECID>5637146087</LEDGERRECID>
        <MAINACCOUNTIDREALIZEDGAIN></MAINACCOUNTIDREALIZEDGAIN>
        <MAINACCOUNTIDREALIZEDLOSS></MAINACCOUNTIDREALIZEDLOSS>
        <MAINACCOUNTIDUNREALIZEDGAIN></MAINACCOUNTIDUNREALIZEDGAIN>
        <MAINACCOUNTIDUNREALIZEDLOSS></MAINACCOUNTIDUNREALIZEDLOSS>
        <NAME>CRPG</NAME>
        <REPORTINGCURRENCY>FSD</REPORTINGCURRENCY>
        <REPORTINGCURRENCYEXCHANGERATETYPE></REPORTINGCURRENCYEXCHANGERATETYPE>
    </LEDGERENTITY>
    <LEDGERENTITY>
        <LEGALENTITYID>FBOT</LEGALENTITYID>
        <ACCOUNTINGCURRENCY>FSD</ACCOUNTINGCURRENCY>
        <ACCOUNTSTRUCTURENAME1>Balance Sheet</ACCOUNTSTRUCTURENAME1>
        <ACCOUNTSTRUCTURENAME10></ACCOUNTSTRUCTURENAME10>
        <ACCOUNTSTRUCTURENAME11></ACCOUNTSTRUCTURENAME11>
        <ACCOUNTSTRUCTURENAME12></ACCOUNTSTRUCTURENAME12>
        <ACCOUNTSTRUCTURENAME13></ACCOUNTSTRUCTURENAME13>
        <ACCOUNTSTRUCTURENAME14></ACCOUNTSTRUCTURENAME14>
        <ACCOUNTSTRUCTURENAME15></ACCOUNTSTRUCTURENAME15>
        <ACCOUNTSTRUCTURENAME16></ACCOUNTSTRUCTURENAME16>
        <ACCOUNTSTRUCTURENAME17></ACCOUNTSTRUCTURENAME17>
        <ACCOUNTSTRUCTURENAME18></ACCOUNTSTRUCTURENAME18>
        <ACCOUNTSTRUCTURENAME19></ACCOUNTSTRUCTURENAME19>
        <ACCOUNTSTRUCTURENAME2><![CDATA[Profit & Loss]]></ACCOUNTSTRUCTURENAME2>
        <ACCOUNTSTRUCTURENAME20></ACCOUNTSTRUCTURENAME20>
        <ACCOUNTSTRUCTURENAME3></ACCOUNTSTRUCTURENAME3>
        <ACCOUNTSTRUCTURENAME4></ACCOUNTSTRUCTURENAME4>
        <ACCOUNTSTRUCTURENAME5></ACCOUNTSTRUCTURENAME5>
        <ACCOUNTSTRUCTURENAME6></ACCOUNTSTRUCTURENAME6>
        <ACCOUNTSTRUCTURENAME7></ACCOUNTSTRUCTURENAME7>
        <ACCOUNTSTRUCTURENAME8></ACCOUNTSTRUCTURENAME8>
        <ACCOUNTSTRUCTURENAME9></ACCOUNTSTRUCTURENAME9>
        <BALANCINGFINANCIALDIMENSION></BALANCINGFINANCIALDIMENSION>
        <BUDGETEXCHANGERATETYPE>Faerûn</BUDGETEXCHANGERATETYPE>
        <CHARTOFACCOUNTS>STANDARD</CHARTOFACCOUNTS>
        <CHARTOFACCOUNTSRECID>5637144576</CHARTOFACCOUNTSRECID>
        <DESCRIPTION>Faerûn Board of Trade</DESCRIPTION>
        <EXCHANGERATETYPE>Faerûn</EXCHANGERATETYPE>
        <FISCALCALENDAR>STANDARD</FISCALCALENDAR>
        <ISBUDGETCONTROLENABLED>No</ISBUDGETCONTROLENABLED>
        <LEDGERRECID>5637146076</LEDGERRECID>
        <MAINACCOUNTIDREALIZEDGAIN></MAINACCOUNTIDREALIZEDGAIN>
        <MAINACCOUNTIDREALIZEDLOSS></MAINACCOUNTIDREALIZEDLOSS>
        <MAINACCOUNTIDUNREALIZEDGAIN></MAINACCOUNTIDUNREALIZEDGAIN>
        <MAINACCOUNTIDUNREALIZEDLOSS></MAINACCOUNTIDUNREALIZEDLOSS>
        <NAME>FBOT</NAME>
        <REPORTINGCURRENCY>FSD</REPORTINGCURRENCY>
        <REPORTINGCURRENCYEXCHANGERATETYPE></REPORTINGCURRENCYEXCHANGERATETYPE>
    </LEDGERENTITY>
    <LEDGERENTITY>
        <LEGALENTITYID>FRMG</LEGALENTITYID>
        <ACCOUNTINGCURRENCY>FSD</ACCOUNTINGCURRENCY>
        <ACCOUNTSTRUCTURENAME1></ACCOUNTSTRUCTURENAME1>
        <ACCOUNTSTRUCTURENAME10></ACCOUNTSTRUCTURENAME10>
        <ACCOUNTSTRUCTURENAME11></ACCOUNTSTRUCTURENAME11>
        <ACCOUNTSTRUCTURENAME12></ACCOUNTSTRUCTURENAME12>
        <ACCOUNTSTRUCTURENAME13></ACCOUNTSTRUCTURENAME13>
        <ACCOUNTSTRUCTURENAME14></ACCOUNTSTRUCTURENAME14>
        <ACCOUNTSTRUCTURENAME15></ACCOUNTSTRUCTURENAME15>
        <ACCOUNTSTRUCTURENAME16></ACCOUNTSTRUCTURENAME16>
        <ACCOUNTSTRUCTURENAME17></ACCOUNTSTRUCTURENAME17>
        <ACCOUNTSTRUCTURENAME18></ACCOUNTSTRUCTURENAME18>
        <ACCOUNTSTRUCTURENAME19></ACCOUNTSTRUCTURENAME19>
        <ACCOUNTSTRUCTURENAME2></ACCOUNTSTRUCTURENAME2>
        <ACCOUNTSTRUCTURENAME20></ACCOUNTSTRUCTURENAME20>
        <ACCOUNTSTRUCTURENAME3></ACCOUNTSTRUCTURENAME3>
        <ACCOUNTSTRUCTURENAME4></ACCOUNTSTRUCTURENAME4>
        <ACCOUNTSTRUCTURENAME5></ACCOUNTSTRUCTURENAME5>
        <ACCOUNTSTRUCTURENAME6></ACCOUNTSTRUCTURENAME6>
        <ACCOUNTSTRUCTURENAME7></ACCOUNTSTRUCTURENAME7>
        <ACCOUNTSTRUCTURENAME8></ACCOUNTSTRUCTURENAME8>
        <ACCOUNTSTRUCTURENAME9></ACCOUNTSTRUCTURENAME9>
        <BALANCINGFINANCIALDIMENSION></BALANCINGFINANCIALDIMENSION>
        <BUDGETEXCHANGERATETYPE>Faerûn</BUDGETEXCHANGERATETYPE>
        <CHARTOFACCOUNTS>STANDARD</CHARTOFACCOUNTS>
        <CHARTOFACCOUNTSRECID>5637144576</CHARTOFACCOUNTSRECID>
        <DESCRIPTION>Farmers Guild</DESCRIPTION>
        <EXCHANGERATETYPE>Faerûn</EXCHANGERATETYPE>
        <FISCALCALENDAR>STANDARD</FISCALCALENDAR>
        <ISBUDGETCONTROLENABLED>No</ISBUDGETCONTROLENABLED>
        <LEDGERRECID>5637146079</LEDGERRECID>
        <MAINACCOUNTIDREALIZEDGAIN></MAINACCOUNTIDREALIZEDGAIN>
        <MAINACCOUNTIDREALIZEDLOSS></MAINACCOUNTIDREALIZEDLOSS>
        <MAINACCOUNTIDUNREALIZEDGAIN></MAINACCOUNTIDUNREALIZEDGAIN>
        <MAINACCOUNTIDUNREALIZEDLOSS></MAINACCOUNTIDUNREALIZEDLOSS>
        <NAME>FRMG</NAME>
        <REPORTINGCURRENCY>FSD</REPORTINGCURRENCY>
        <REPORTINGCURRENCYEXCHANGERATETYPE></REPORTINGCURRENCYEXCHANGERATETYPE>
    </LEDGERENTITY>
    <LEDGERENTITY>
        <LEGALENTITYID>FSHM</LEGALENTITYID>
        <ACCOUNTINGCURRENCY>FSD</ACCOUNTINGCURRENCY>
        <ACCOUNTSTRUCTURENAME1></ACCOUNTSTRUCTURENAME1>
        <ACCOUNTSTRUCTURENAME10></ACCOUNTSTRUCTURENAME10>
        <ACCOUNTSTRUCTURENAME11></ACCOUNTSTRUCTURENAME11>
        <ACCOUNTSTRUCTURENAME12></ACCOUNTSTRUCTURENAME12>
        <ACCOUNTSTRUCTURENAME13></ACCOUNTSTRUCTURENAME13>
        <ACCOUNTSTRUCTURENAME14></ACCOUNTSTRUCTURENAME14>
        <ACCOUNTSTRUCTURENAME15></ACCOUNTSTRUCTURENAME15>
        <ACCOUNTSTRUCTURENAME16></ACCOUNTSTRUCTURENAME16>
        <ACCOUNTSTRUCTURENAME17></ACCOUNTSTRUCTURENAME17>
        <ACCOUNTSTRUCTURENAME18></ACCOUNTSTRUCTURENAME18>
        <ACCOUNTSTRUCTURENAME19></ACCOUNTSTRUCTURENAME19>
        <ACCOUNTSTRUCTURENAME2></ACCOUNTSTRUCTURENAME2>
        <ACCOUNTSTRUCTURENAME20></ACCOUNTSTRUCTURENAME20>
        <ACCOUNTSTRUCTURENAME3></ACCOUNTSTRUCTURENAME3>
        <ACCOUNTSTRUCTURENAME4></ACCOUNTSTRUCTURENAME4>
        <ACCOUNTSTRUCTURENAME5></ACCOUNTSTRUCTURENAME5>
        <ACCOUNTSTRUCTURENAME6></ACCOUNTSTRUCTURENAME6>
        <ACCOUNTSTRUCTURENAME7></ACCOUNTSTRUCTURENAME7>
        <ACCOUNTSTRUCTURENAME8></ACCOUNTSTRUCTURENAME8>
        <ACCOUNTSTRUCTURENAME9></ACCOUNTSTRUCTURENAME9>
        <BALANCINGFINANCIALDIMENSION></BALANCINGFINANCIALDIMENSION>
        <BUDGETEXCHANGERATETYPE>Faerûn</BUDGETEXCHANGERATETYPE>
        <CHARTOFACCOUNTS>STANDARD</CHARTOFACCOUNTS>
        <CHARTOFACCOUNTSRECID>5637144576</CHARTOFACCOUNTSRECID>
        <DESCRIPTION>Fishmongers Guild</DESCRIPTION>
        <EXCHANGERATETYPE>Faerûn</EXCHANGERATETYPE>
        <FISCALCALENDAR>STANDARD</FISCALCALENDAR>
        <ISBUDGETCONTROLENABLED>No</ISBUDGETCONTROLENABLED>
        <LEDGERRECID>5637146088</LEDGERRECID>
        <MAINACCOUNTIDREALIZEDGAIN></MAINACCOUNTIDREALIZEDGAIN>
        <MAINACCOUNTIDREALIZEDLOSS></MAINACCOUNTIDREALIZEDLOSS>
        <MAINACCOUNTIDUNREALIZEDGAIN></MAINACCOUNTIDUNREALIZEDGAIN>
        <MAINACCOUNTIDUNREALIZEDLOSS></MAINACCOUNTIDUNREALIZEDLOSS>
        <NAME>FSHM</NAME>
        <REPORTINGCURRENCY>FSD</REPORTINGCURRENCY>
        <REPORTINGCURRENCYEXCHANGERATETYPE></REPORTINGCURRENCYEXCHANGERATETYPE>
    </LEDGERENTITY>
    <LEDGERENTITY>
        <LEGALENTITYID>GLBL</LEGALENTITYID>
        <ACCOUNTINGCURRENCY>FSD</ACCOUNTINGCURRENCY>
        <ACCOUNTSTRUCTURENAME1></ACCOUNTSTRUCTURENAME1>
        <ACCOUNTSTRUCTURENAME10></ACCOUNTSTRUCTURENAME10>
        <ACCOUNTSTRUCTURENAME11></ACCOUNTSTRUCTURENAME11>
        <ACCOUNTSTRUCTURENAME12></ACCOUNTSTRUCTURENAME12>
        <ACCOUNTSTRUCTURENAME13></ACCOUNTSTRUCTURENAME13>
        <ACCOUNTSTRUCTURENAME14></ACCOUNTSTRUCTURENAME14>
        <ACCOUNTSTRUCTURENAME15></ACCOUNTSTRUCTURENAME15>
        <ACCOUNTSTRUCTURENAME16></ACCOUNTSTRUCTURENAME16>
        <ACCOUNTSTRUCTURENAME17></ACCOUNTSTRUCTURENAME17>
        <ACCOUNTSTRUCTURENAME18></ACCOUNTSTRUCTURENAME18>
        <ACCOUNTSTRUCTURENAME19></ACCOUNTSTRUCTURENAME19>
        <ACCOUNTSTRUCTURENAME2></ACCOUNTSTRUCTURENAME2>
        <ACCOUNTSTRUCTURENAME20></ACCOUNTSTRUCTURENAME20>
        <ACCOUNTSTRUCTURENAME3></ACCOUNTSTRUCTURENAME3>
        <ACCOUNTSTRUCTURENAME4></ACCOUNTSTRUCTURENAME4>
        <ACCOUNTSTRUCTURENAME5></ACCOUNTSTRUCTURENAME5>
        <ACCOUNTSTRUCTURENAME6></ACCOUNTSTRUCTURENAME6>
        <ACCOUNTSTRUCTURENAME7></ACCOUNTSTRUCTURENAME7>
        <ACCOUNTSTRUCTURENAME8></ACCOUNTSTRUCTURENAME8>
        <ACCOUNTSTRUCTURENAME9></ACCOUNTSTRUCTURENAME9>
        <BALANCINGFINANCIALDIMENSION></BALANCINGFINANCIALDIMENSION>
        <BUDGETEXCHANGERATETYPE>Faerûn</BUDGETEXCHANGERATETYPE>
        <CHARTOFACCOUNTS>STANDARD</CHARTOFACCOUNTS>
        <CHARTOFACCOUNTSRECID>5637144576</CHARTOFACCOUNTSRECID>
        <DESCRIPTION>Glassblowers and Glaziers Guild</DESCRIPTION>
        <EXCHANGERATETYPE>Faerûn</EXCHANGERATETYPE>
        <FISCALCALENDAR>STANDARD</FISCALCALENDAR>
        <ISBUDGETCONTROLENABLED>No</ISBUDGETCONTROLENABLED>
        <LEDGERRECID>5637146089</LEDGERRECID>
        <MAINACCOUNTIDREALIZEDGAIN></MAINACCOUNTIDREALIZEDGAIN>
        <MAINACCOUNTIDREALIZEDLOSS></MAINACCOUNTIDREALIZEDLOSS>
        <MAINACCOUNTIDUNREALIZEDGAIN></MAINACCOUNTIDUNREALIZEDGAIN>
        <MAINACCOUNTIDUNREALIZEDLOSS></MAINACCOUNTIDUNREALIZEDLOSS>
        <NAME>GLBL</NAME>
        <REPORTINGCURRENCY>FSD</REPORTINGCURRENCY>
        <REPORTINGCURRENCYEXCHANGERATETYPE></REPORTINGCURRENCYEXCHANGERATETYPE>
    </LEDGERENTITY>
    <LEDGERENTITY>
        <LEGALENTITYID>HRBL</LEGALENTITYID>
        <ACCOUNTINGCURRENCY>FSD</ACCOUNTINGCURRENCY>
        <ACCOUNTSTRUCTURENAME1></ACCOUNTSTRUCTURENAME1>
        <ACCOUNTSTRUCTURENAME10></ACCOUNTSTRUCTURENAME10>
        <ACCOUNTSTRUCTURENAME11></ACCOUNTSTRUCTURENAME11>
        <ACCOUNTSTRUCTURENAME12></ACCOUNTSTRUCTURENAME12>
        <ACCOUNTSTRUCTURENAME13></ACCOUNTSTRUCTURENAME13>
        <ACCOUNTSTRUCTURENAME14></ACCOUNTSTRUCTURENAME14>
        <ACCOUNTSTRUCTURENAME15></ACCOUNTSTRUCTURENAME15>
        <ACCOUNTSTRUCTURENAME16></ACCOUNTSTRUCTURENAME16>
        <ACCOUNTSTRUCTURENAME17></ACCOUNTSTRUCTURENAME17>
        <ACCOUNTSTRUCTURENAME18></ACCOUNTSTRUCTURENAME18>
        <ACCOUNTSTRUCTURENAME19></ACCOUNTSTRUCTURENAME19>
        <ACCOUNTSTRUCTURENAME2></ACCOUNTSTRUCTURENAME2>
        <ACCOUNTSTRUCTURENAME20></ACCOUNTSTRUCTURENAME20>
        <ACCOUNTSTRUCTURENAME3></ACCOUNTSTRUCTURENAME3>
        <ACCOUNTSTRUCTURENAME4></ACCOUNTSTRUCTURENAME4>
        <ACCOUNTSTRUCTURENAME5></ACCOUNTSTRUCTURENAME5>
        <ACCOUNTSTRUCTURENAME6></ACCOUNTSTRUCTURENAME6>
        <ACCOUNTSTRUCTURENAME7></ACCOUNTSTRUCTURENAME7>
        <ACCOUNTSTRUCTURENAME8></ACCOUNTSTRUCTURENAME8>
        <ACCOUNTSTRUCTURENAME9></ACCOUNTSTRUCTURENAME9>
        <BALANCINGFINANCIALDIMENSION></BALANCINGFINANCIALDIMENSION>
        <BUDGETEXCHANGERATETYPE>Faerûn</BUDGETEXCHANGERATETYPE>
        <CHARTOFACCOUNTS>STANDARD</CHARTOFACCOUNTS>
        <CHARTOFACCOUNTSRECID>5637144576</CHARTOFACCOUNTSRECID>
        <DESCRIPTION>Herbalists Guild</DESCRIPTION>
        <EXCHANGERATETYPE>Faerûn</EXCHANGERATETYPE>
        <FISCALCALENDAR>STANDARD</FISCALCALENDAR>
        <ISBUDGETCONTROLENABLED>No</ISBUDGETCONTROLENABLED>
        <LEDGERRECID>5637146095</LEDGERRECID>
        <MAINACCOUNTIDREALIZEDGAIN></MAINACCOUNTIDREALIZEDGAIN>
        <MAINACCOUNTIDREALIZEDLOSS></MAINACCOUNTIDREALIZEDLOSS>
        <MAINACCOUNTIDUNREALIZEDGAIN></MAINACCOUNTIDUNREALIZEDGAIN>
        <MAINACCOUNTIDUNREALIZEDLOSS></MAINACCOUNTIDUNREALIZEDLOSS>
        <NAME>HRBL</NAME>
        <REPORTINGCURRENCY>FSD</REPORTINGCURRENCY>
        <REPORTINGCURRENCYEXCHANGERATETYPE></REPORTINGCURRENCYEXCHANGERATETYPE>
    </LEDGERENTITY>
    <LEDGERENTITY>
        <LEGALENTITYID>MASC</LEGALENTITYID>
        <ACCOUNTINGCURRENCY>FSD</ACCOUNTINGCURRENCY>
        <ACCOUNTSTRUCTURENAME1></ACCOUNTSTRUCTURENAME1>
        <ACCOUNTSTRUCTURENAME10></ACCOUNTSTRUCTURENAME10>
        <ACCOUNTSTRUCTURENAME11></ACCOUNTSTRUCTURENAME11>
        <ACCOUNTSTRUCTURENAME12></ACCOUNTSTRUCTURENAME12>
        <ACCOUNTSTRUCTURENAME13></ACCOUNTSTRUCTURENAME13>
        <ACCOUNTSTRUCTURENAME14></ACCOUNTSTRUCTURENAME14>
        <ACCOUNTSTRUCTURENAME15></ACCOUNTSTRUCTURENAME15>
        <ACCOUNTSTRUCTURENAME16></ACCOUNTSTRUCTURENAME16>
        <ACCOUNTSTRUCTURENAME17></ACCOUNTSTRUCTURENAME17>
        <ACCOUNTSTRUCTURENAME18></ACCOUNTSTRUCTURENAME18>
        <ACCOUNTSTRUCTURENAME19></ACCOUNTSTRUCTURENAME19>
        <ACCOUNTSTRUCTURENAME2></ACCOUNTSTRUCTURENAME2>
        <ACCOUNTSTRUCTURENAME20></ACCOUNTSTRUCTURENAME20>
        <ACCOUNTSTRUCTURENAME3></ACCOUNTSTRUCTURENAME3>
        <ACCOUNTSTRUCTURENAME4></ACCOUNTSTRUCTURENAME4>
        <ACCOUNTSTRUCTURENAME5></ACCOUNTSTRUCTURENAME5>
        <ACCOUNTSTRUCTURENAME6></ACCOUNTSTRUCTURENAME6>
        <ACCOUNTSTRUCTURENAME7></ACCOUNTSTRUCTURENAME7>
        <ACCOUNTSTRUCTURENAME8></ACCOUNTSTRUCTURENAME8>
        <ACCOUNTSTRUCTURENAME9></ACCOUNTSTRUCTURENAME9>
        <BALANCINGFINANCIALDIMENSION></BALANCINGFINANCIALDIMENSION>
        <BUDGETEXCHANGERATETYPE>Faerûn</BUDGETEXCHANGERATETYPE>
        <CHARTOFACCOUNTS>STANDARD</CHARTOFACCOUNTS>
        <CHARTOFACCOUNTSRECID>5637144576</CHARTOFACCOUNTSRECID>
        <DESCRIPTION>Masons and Stonecutters Guild</DESCRIPTION>
        <EXCHANGERATETYPE>Faerûn</EXCHANGERATETYPE>
        <FISCALCALENDAR>STANDARD</FISCALCALENDAR>
        <ISBUDGETCONTROLENABLED>No</ISBUDGETCONTROLENABLED>
        <LEDGERRECID>5637146090</LEDGERRECID>
        <MAINACCOUNTIDREALIZEDGAIN></MAINACCOUNTIDREALIZEDGAIN>
        <MAINACCOUNTIDREALIZEDLOSS></MAINACCOUNTIDREALIZEDLOSS>
        <MAINACCOUNTIDUNREALIZEDGAIN></MAINACCOUNTIDUNREALIZEDGAIN>
        <MAINACCOUNTIDUNREALIZEDLOSS></MAINACCOUNTIDUNREALIZEDLOSS>
        <NAME>MASC</NAME>
        <REPORTINGCURRENCY>FSD</REPORTINGCURRENCY>
        <REPORTINGCURRENCYEXCHANGERATETYPE></REPORTINGCURRENCYEXCHANGERATETYPE>
    </LEDGERENTITY>
    <LEDGERENTITY>
        <LEGALENTITYID>PTRT</LEGALENTITYID>
        <ACCOUNTINGCURRENCY>FSD</ACCOUNTINGCURRENCY>
        <ACCOUNTSTRUCTURENAME1></ACCOUNTSTRUCTURENAME1>
        <ACCOUNTSTRUCTURENAME10></ACCOUNTSTRUCTURENAME10>
        <ACCOUNTSTRUCTURENAME11></ACCOUNTSTRUCTURENAME11>
        <ACCOUNTSTRUCTURENAME12></ACCOUNTSTRUCTURENAME12>
        <ACCOUNTSTRUCTURENAME13></ACCOUNTSTRUCTURENAME13>
        <ACCOUNTSTRUCTURENAME14></ACCOUNTSTRUCTURENAME14>
        <ACCOUNTSTRUCTURENAME15></ACCOUNTSTRUCTURENAME15>
        <ACCOUNTSTRUCTURENAME16></ACCOUNTSTRUCTURENAME16>
        <ACCOUNTSTRUCTURENAME17></ACCOUNTSTRUCTURENAME17>
        <ACCOUNTSTRUCTURENAME18></ACCOUNTSTRUCTURENAME18>
        <ACCOUNTSTRUCTURENAME19></ACCOUNTSTRUCTURENAME19>
        <ACCOUNTSTRUCTURENAME2></ACCOUNTSTRUCTURENAME2>
        <ACCOUNTSTRUCTURENAME20></ACCOUNTSTRUCTURENAME20>
        <ACCOUNTSTRUCTURENAME3></ACCOUNTSTRUCTURENAME3>
        <ACCOUNTSTRUCTURENAME4></ACCOUNTSTRUCTURENAME4>
        <ACCOUNTSTRUCTURENAME5></ACCOUNTSTRUCTURENAME5>
        <ACCOUNTSTRUCTURENAME6></ACCOUNTSTRUCTURENAME6>
        <ACCOUNTSTRUCTURENAME7></ACCOUNTSTRUCTURENAME7>
        <ACCOUNTSTRUCTURENAME8></ACCOUNTSTRUCTURENAME8>
        <ACCOUNTSTRUCTURENAME9></ACCOUNTSTRUCTURENAME9>
        <BALANCINGFINANCIALDIMENSION></BALANCINGFINANCIALDIMENSION>
        <BUDGETEXCHANGERATETYPE>Faerûn</BUDGETEXCHANGERATETYPE>
        <CHARTOFACCOUNTS>STANDARD</CHARTOFACCOUNTS>
        <CHARTOFACCOUNTSRECID>5637144576</CHARTOFACCOUNTSRECID>
        <DESCRIPTION>Potters and Thilemakers Guild</DESCRIPTION>
        <EXCHANGERATETYPE>Faerûn</EXCHANGERATETYPE>
        <FISCALCALENDAR>STANDARD</FISCALCALENDAR>
        <ISBUDGETCONTROLENABLED>No</ISBUDGETCONTROLENABLED>
        <LEDGERRECID>5637146080</LEDGERRECID>
        <MAINACCOUNTIDREALIZEDGAIN></MAINACCOUNTIDREALIZEDGAIN>
        <MAINACCOUNTIDREALIZEDLOSS></MAINACCOUNTIDREALIZEDLOSS>
        <MAINACCOUNTIDUNREALIZEDGAIN></MAINACCOUNTIDUNREALIZEDGAIN>
        <MAINACCOUNTIDUNREALIZEDLOSS></MAINACCOUNTIDUNREALIZEDLOSS>
        <NAME>PTRT</NAME>
        <REPORTINGCURRENCY>FSD</REPORTINGCURRENCY>
        <REPORTINGCURRENCYEXCHANGERATETYPE></REPORTINGCURRENCYEXCHANGERATETYPE>
    </LEDGERENTITY>
    <LEDGERENTITY>
        <LEGALENTITYID>TLRG</LEGALENTITYID>
        <ACCOUNTINGCURRENCY>FSD</ACCOUNTINGCURRENCY>
        <ACCOUNTSTRUCTURENAME1></ACCOUNTSTRUCTURENAME1>
        <ACCOUNTSTRUCTURENAME10></ACCOUNTSTRUCTURENAME10>
        <ACCOUNTSTRUCTURENAME11></ACCOUNTSTRUCTURENAME11>
        <ACCOUNTSTRUCTURENAME12></ACCOUNTSTRUCTURENAME12>
        <ACCOUNTSTRUCTURENAME13></ACCOUNTSTRUCTURENAME13>
        <ACCOUNTSTRUCTURENAME14></ACCOUNTSTRUCTURENAME14>
        <ACCOUNTSTRUCTURENAME15></ACCOUNTSTRUCTURENAME15>
        <ACCOUNTSTRUCTURENAME16></ACCOUNTSTRUCTURENAME16>
        <ACCOUNTSTRUCTURENAME17></ACCOUNTSTRUCTURENAME17>
        <ACCOUNTSTRUCTURENAME18></ACCOUNTSTRUCTURENAME18>
        <ACCOUNTSTRUCTURENAME19></ACCOUNTSTRUCTURENAME19>
        <ACCOUNTSTRUCTURENAME2></ACCOUNTSTRUCTURENAME2>
        <ACCOUNTSTRUCTURENAME20></ACCOUNTSTRUCTURENAME20>
        <ACCOUNTSTRUCTURENAME3></ACCOUNTSTRUCTURENAME3>
        <ACCOUNTSTRUCTURENAME4></ACCOUNTSTRUCTURENAME4>
        <ACCOUNTSTRUCTURENAME5></ACCOUNTSTRUCTURENAME5>
        <ACCOUNTSTRUCTURENAME6></ACCOUNTSTRUCTURENAME6>
        <ACCOUNTSTRUCTURENAME7></ACCOUNTSTRUCTURENAME7>
        <ACCOUNTSTRUCTURENAME8></ACCOUNTSTRUCTURENAME8>
        <ACCOUNTSTRUCTURENAME9></ACCOUNTSTRUCTURENAME9>
        <BALANCINGFINANCIALDIMENSION></BALANCINGFINANCIALDIMENSION>
        <BUDGETEXCHANGERATETYPE>Faerûn</BUDGETEXCHANGERATETYPE>
        <CHARTOFACCOUNTS>STANDARD</CHARTOFACCOUNTS>
        <CHARTOFACCOUNTSRECID>5637144576</CHARTOFACCOUNTSRECID>
        <DESCRIPTION>Tailors Guild</DESCRIPTION>
        <EXCHANGERATETYPE>Faerûn</EXCHANGERATETYPE>
        <FISCALCALENDAR>STANDARD</FISCALCALENDAR>
        <ISBUDGETCONTROLENABLED>No</ISBUDGETCONTROLENABLED>
        <LEDGERRECID>5637146091</LEDGERRECID>
        <MAINACCOUNTIDREALIZEDGAIN></MAINACCOUNTIDREALIZEDGAIN>
        <MAINACCOUNTIDREALIZEDLOSS></MAINACCOUNTIDREALIZEDLOSS>
        <MAINACCOUNTIDUNREALIZEDGAIN></MAINACCOUNTIDUNREALIZEDGAIN>
        <MAINACCOUNTIDUNREALIZEDLOSS></MAINACCOUNTIDUNREALIZEDLOSS>
        <NAME>TLRG</NAME>
        <REPORTINGCURRENCY>FSD</REPORTINGCURRENCY>
        <REPORTINGCURRENCYEXCHANGERATETYPE></REPORTINGCURRENCYEXCHANGERATETYPE>
    </LEDGERENTITY>
    <LEDGERENTITY>
        <LEGALENTITYID>TNLW</LEGALENTITYID>
        <ACCOUNTINGCURRENCY>FSD</ACCOUNTINGCURRENCY>
        <ACCOUNTSTRUCTURENAME1></ACCOUNTSTRUCTURENAME1>
        <ACCOUNTSTRUCTURENAME10></ACCOUNTSTRUCTURENAME10>
        <ACCOUNTSTRUCTURENAME11></ACCOUNTSTRUCTURENAME11>
        <ACCOUNTSTRUCTURENAME12></ACCOUNTSTRUCTURENAME12>
        <ACCOUNTSTRUCTURENAME13></ACCOUNTSTRUCTURENAME13>
        <ACCOUNTSTRUCTURENAME14></ACCOUNTSTRUCTURENAME14>
        <ACCOUNTSTRUCTURENAME15></ACCOUNTSTRUCTURENAME15>
        <ACCOUNTSTRUCTURENAME16></ACCOUNTSTRUCTURENAME16>
        <ACCOUNTSTRUCTURENAME17></ACCOUNTSTRUCTURENAME17>
        <ACCOUNTSTRUCTURENAME18></ACCOUNTSTRUCTURENAME18>
        <ACCOUNTSTRUCTURENAME19></ACCOUNTSTRUCTURENAME19>
        <ACCOUNTSTRUCTURENAME2></ACCOUNTSTRUCTURENAME2>
        <ACCOUNTSTRUCTURENAME20></ACCOUNTSTRUCTURENAME20>
        <ACCOUNTSTRUCTURENAME3></ACCOUNTSTRUCTURENAME3>
        <ACCOUNTSTRUCTURENAME4></ACCOUNTSTRUCTURENAME4>
        <ACCOUNTSTRUCTURENAME5></ACCOUNTSTRUCTURENAME5>
        <ACCOUNTSTRUCTURENAME6></ACCOUNTSTRUCTURENAME6>
        <ACCOUNTSTRUCTURENAME7></ACCOUNTSTRUCTURENAME7>
        <ACCOUNTSTRUCTURENAME8></ACCOUNTSTRUCTURENAME8>
        <ACCOUNTSTRUCTURENAME9></ACCOUNTSTRUCTURENAME9>
        <BALANCINGFINANCIALDIMENSION></BALANCINGFINANCIALDIMENSION>
        <BUDGETEXCHANGERATETYPE>Faerûn</BUDGETEXCHANGERATETYPE>
        <CHARTOFACCOUNTS>STANDARD</CHARTOFACCOUNTS>
        <CHARTOFACCOUNTSRECID>5637144576</CHARTOFACCOUNTSRECID>
        <DESCRIPTION>Tanners and Leatherworkers Guild</DESCRIPTION>
        <EXCHANGERATETYPE>Faerûn</EXCHANGERATETYPE>
        <FISCALCALENDAR>STANDARD</FISCALCALENDAR>
        <ISBUDGETCONTROLENABLED>No</ISBUDGETCONTROLENABLED>
        <LEDGERRECID>5637146092</LEDGERRECID>
        <MAINACCOUNTIDREALIZEDGAIN></MAINACCOUNTIDREALIZEDGAIN>
        <MAINACCOUNTIDREALIZEDLOSS></MAINACCOUNTIDREALIZEDLOSS>
        <MAINACCOUNTIDUNREALIZEDGAIN></MAINACCOUNTIDUNREALIZEDGAIN>
        <MAINACCOUNTIDUNREALIZEDLOSS></MAINACCOUNTIDUNREALIZEDLOSS>
        <NAME>TNLW</NAME>
        <REPORTINGCURRENCY>FSD</REPORTINGCURRENCY>
        <REPORTINGCURRENCYEXCHANGERATETYPE></REPORTINGCURRENCYEXCHANGERATETYPE>
    </LEDGERENTITY>
    <LEDGERENTITY>
        <LEGALENTITYID>WDCP</LEGALENTITYID>
        <ACCOUNTINGCURRENCY>FSD</ACCOUNTINGCURRENCY>
        <ACCOUNTSTRUCTURENAME1></ACCOUNTSTRUCTURENAME1>
        <ACCOUNTSTRUCTURENAME10></ACCOUNTSTRUCTURENAME10>
        <ACCOUNTSTRUCTURENAME11></ACCOUNTSTRUCTURENAME11>
        <ACCOUNTSTRUCTURENAME12></ACCOUNTSTRUCTURENAME12>
        <ACCOUNTSTRUCTURENAME13></ACCOUNTSTRUCTURENAME13>
        <ACCOUNTSTRUCTURENAME14></ACCOUNTSTRUCTURENAME14>
        <ACCOUNTSTRUCTURENAME15></ACCOUNTSTRUCTURENAME15>
        <ACCOUNTSTRUCTURENAME16></ACCOUNTSTRUCTURENAME16>
        <ACCOUNTSTRUCTURENAME17></ACCOUNTSTRUCTURENAME17>
        <ACCOUNTSTRUCTURENAME18></ACCOUNTSTRUCTURENAME18>
        <ACCOUNTSTRUCTURENAME19></ACCOUNTSTRUCTURENAME19>
        <ACCOUNTSTRUCTURENAME2></ACCOUNTSTRUCTURENAME2>
        <ACCOUNTSTRUCTURENAME20></ACCOUNTSTRUCTURENAME20>
        <ACCOUNTSTRUCTURENAME3></ACCOUNTSTRUCTURENAME3>
        <ACCOUNTSTRUCTURENAME4></ACCOUNTSTRUCTURENAME4>
        <ACCOUNTSTRUCTURENAME5></ACCOUNTSTRUCTURENAME5>
        <ACCOUNTSTRUCTURENAME6></ACCOUNTSTRUCTURENAME6>
        <ACCOUNTSTRUCTURENAME7></ACCOUNTSTRUCTURENAME7>
        <ACCOUNTSTRUCTURENAME8></ACCOUNTSTRUCTURENAME8>
        <ACCOUNTSTRUCTURENAME9></ACCOUNTSTRUCTURENAME9>
        <BALANCINGFINANCIALDIMENSION></BALANCINGFINANCIALDIMENSION>
        <BUDGETEXCHANGERATETYPE>Faerûn</BUDGETEXCHANGERATETYPE>
        <CHARTOFACCOUNTS>STANDARD</CHARTOFACCOUNTS>
        <CHARTOFACCOUNTSRECID>5637144576</CHARTOFACCOUNTSRECID>
        <DESCRIPTION>Woodcarvers and Coopers Guild</DESCRIPTION>
        <EXCHANGERATETYPE>Faerûn</EXCHANGERATETYPE>
        <FISCALCALENDAR>STANDARD</FISCALCALENDAR>
        <ISBUDGETCONTROLENABLED>No</ISBUDGETCONTROLENABLED>
        <LEDGERRECID>5637146093</LEDGERRECID>
        <MAINACCOUNTIDREALIZEDGAIN></MAINACCOUNTIDREALIZEDGAIN>
        <MAINACCOUNTIDREALIZEDLOSS></MAINACCOUNTIDREALIZEDLOSS>
        <MAINACCOUNTIDUNREALIZEDGAIN></MAINACCOUNTIDUNREALIZEDGAIN>
        <MAINACCOUNTIDUNREALIZEDLOSS></MAINACCOUNTIDUNREALIZEDLOSS>
        <NAME>WDCP</NAME>
        <REPORTINGCURRENCY>FSD</REPORTINGCURRENCY>
        <REPORTINGCURRENCYEXCHANGERATETYPE></REPORTINGCURRENCYEXCHANGERATETYPE>
    </LEDGERENTITY>
    <LEDGERENTITY>
        <LEGALENTITYID>WDTC</LEGALENTITYID>
        <ACCOUNTINGCURRENCY>FGP</ACCOUNTINGCURRENCY>
        <ACCOUNTSTRUCTURENAME1>Balance Sheet</ACCOUNTSTRUCTURENAME1>
        <ACCOUNTSTRUCTURENAME10></ACCOUNTSTRUCTURENAME10>
        <ACCOUNTSTRUCTURENAME11></ACCOUNTSTRUCTURENAME11>
        <ACCOUNTSTRUCTURENAME12></ACCOUNTSTRUCTURENAME12>
        <ACCOUNTSTRUCTURENAME13></ACCOUNTSTRUCTURENAME13>
        <ACCOUNTSTRUCTURENAME14></ACCOUNTSTRUCTURENAME14>
        <ACCOUNTSTRUCTURENAME15></ACCOUNTSTRUCTURENAME15>
        <ACCOUNTSTRUCTURENAME16></ACCOUNTSTRUCTURENAME16>
        <ACCOUNTSTRUCTURENAME17></ACCOUNTSTRUCTURENAME17>
        <ACCOUNTSTRUCTURENAME18></ACCOUNTSTRUCTURENAME18>
        <ACCOUNTSTRUCTURENAME19></ACCOUNTSTRUCTURENAME19>
        <ACCOUNTSTRUCTURENAME2><![CDATA[Profit & Loss]]></ACCOUNTSTRUCTURENAME2>
        <ACCOUNTSTRUCTURENAME20></ACCOUNTSTRUCTURENAME20>
        <ACCOUNTSTRUCTURENAME3></ACCOUNTSTRUCTURENAME3>
        <ACCOUNTSTRUCTURENAME4></ACCOUNTSTRUCTURENAME4>
        <ACCOUNTSTRUCTURENAME5></ACCOUNTSTRUCTURENAME5>
        <ACCOUNTSTRUCTURENAME6></ACCOUNTSTRUCTURENAME6>
        <ACCOUNTSTRUCTURENAME7></ACCOUNTSTRUCTURENAME7>
        <ACCOUNTSTRUCTURENAME8></ACCOUNTSTRUCTURENAME8>
        <ACCOUNTSTRUCTURENAME9></ACCOUNTSTRUCTURENAME9>
        <BALANCINGFINANCIALDIMENSION></BALANCINGFINANCIALDIMENSION>
        <BUDGETEXCHANGERATETYPE>Faerûn</BUDGETEXCHANGERATETYPE>
        <CHARTOFACCOUNTS>STANDARD</CHARTOFACCOUNTS>
        <CHARTOFACCOUNTSRECID>5637144576</CHARTOFACCOUNTSRECID>
        <DESCRIPTION>Waterdeep Trading Company</DESCRIPTION>
        <EXCHANGERATETYPE>Faerûn</EXCHANGERATETYPE>
        <FISCALCALENDAR>STANDARD</FISCALCALENDAR>
        <ISBUDGETCONTROLENABLED>No</ISBUDGETCONTROLENABLED>
        <LEDGERRECID>5637145326</LEDGERRECID>
        <MAINACCOUNTIDREALIZEDGAIN>8200</MAINACCOUNTIDREALIZEDGAIN>
        <MAINACCOUNTIDREALIZEDLOSS>8210</MAINACCOUNTIDREALIZEDLOSS>
        <MAINACCOUNTIDUNREALIZEDGAIN>8150</MAINACCOUNTIDUNREALIZEDGAIN>
        <MAINACCOUNTIDUNREALIZEDLOSS>8160</MAINACCOUNTIDUNREALIZEDLOSS>
        <NAME>WDTC</NAME>
        <REPORTINGCURRENCY>FSD</REPORTINGCURRENCY>
        <REPORTINGCURRENCYEXCHANGERATETYPE>Faerûn</REPORTINGCURRENCYEXCHANGERATETYPE>
    </LEDGERENTITY>
    <LEDGERENTITY>
        <LEGALENTITYID>WEAV</LEGALENTITYID>
        <ACCOUNTINGCURRENCY>FSD</ACCOUNTINGCURRENCY>
        <ACCOUNTSTRUCTURENAME1></ACCOUNTSTRUCTURENAME1>
        <ACCOUNTSTRUCTURENAME10></ACCOUNTSTRUCTURENAME10>
        <ACCOUNTSTRUCTURENAME11></ACCOUNTSTRUCTURENAME11>
        <ACCOUNTSTRUCTURENAME12></ACCOUNTSTRUCTURENAME12>
        <ACCOUNTSTRUCTURENAME13></ACCOUNTSTRUCTURENAME13>
        <ACCOUNTSTRUCTURENAME14></ACCOUNTSTRUCTURENAME14>
        <ACCOUNTSTRUCTURENAME15></ACCOUNTSTRUCTURENAME15>
        <ACCOUNTSTRUCTURENAME16></ACCOUNTSTRUCTURENAME16>
        <ACCOUNTSTRUCTURENAME17></ACCOUNTSTRUCTURENAME17>
        <ACCOUNTSTRUCTURENAME18></ACCOUNTSTRUCTURENAME18>
        <ACCOUNTSTRUCTURENAME19></ACCOUNTSTRUCTURENAME19>
        <ACCOUNTSTRUCTURENAME2></ACCOUNTSTRUCTURENAME2>
        <ACCOUNTSTRUCTURENAME20></ACCOUNTSTRUCTURENAME20>
        <ACCOUNTSTRUCTURENAME3></ACCOUNTSTRUCTURENAME3>
        <ACCOUNTSTRUCTURENAME4></ACCOUNTSTRUCTURENAME4>
        <ACCOUNTSTRUCTURENAME5></ACCOUNTSTRUCTURENAME5>
        <ACCOUNTSTRUCTURENAME6></ACCOUNTSTRUCTURENAME6>
        <ACCOUNTSTRUCTURENAME7></ACCOUNTSTRUCTURENAME7>
        <ACCOUNTSTRUCTURENAME8></ACCOUNTSTRUCTURENAME8>
        <ACCOUNTSTRUCTURENAME9></ACCOUNTSTRUCTURENAME9>
        <BALANCINGFINANCIALDIMENSION></BALANCINGFINANCIALDIMENSION>
        <BUDGETEXCHANGERATETYPE>Faerûn</BUDGETEXCHANGERATETYPE>
        <CHARTOFACCOUNTS>STANDARD</CHARTOFACCOUNTS>
        <CHARTOFACCOUNTSRECID>5637144576</CHARTOFACCOUNTSRECID>
        <DESCRIPTION>Weavers Guild</DESCRIPTION>
        <EXCHANGERATETYPE>Faerûn</EXCHANGERATETYPE>
        <FISCALCALENDAR>STANDARD</FISCALCALENDAR>
        <ISBUDGETCONTROLENABLED>No</ISBUDGETCONTROLENABLED>
        <LEDGERRECID>5637146094</LEDGERRECID>
        <MAINACCOUNTIDREALIZEDGAIN></MAINACCOUNTIDREALIZEDGAIN>
        <MAINACCOUNTIDREALIZEDLOSS></MAINACCOUNTIDREALIZEDLOSS>
        <MAINACCOUNTIDUNREALIZEDGAIN></MAINACCOUNTIDUNREALIZEDGAIN>
        <MAINACCOUNTIDUNREALIZEDLOSS></MAINACCOUNTIDUNREALIZEDLOSS>
        <NAME>WEAV</NAME>
        <REPORTINGCURRENCY>FSD</REPORTINGCURRENCY>
        <REPORTINGCURRENCYEXCHANGERATETYPE></REPORTINGCURRENCYEXCHANGERATETYPE>
    </LEDGERENTITY>
</Document>