﻿<?xml version="1.0" encoding="utf-8"?><Document><LEDGERFISCALYEARENTITY><CALENDAR>STANDARD</CALENDAR><FISCALYEAR>2024</FISCALYEAR><LEGALENTITYID>BAKR</LEGALENTITYID><LEGALENTITYNAME>BAKR</LEGALENTITYNAME><STATUS>Open</STATUS></LEDGERFISCALYEARENTITY><LEDGERFISCALYEARENTITY><CALENDAR>STANDARD</CALENDAR><FISCALYEAR>2025</FISCALYEAR><LEGALENTITYID>BAKR</LEGALENTITYID><LEGALENTITYNAME>BAKR</LEGALENTITYNAME><STATUS>Open</STATUS></LEDGERFISCALYEARENTITY><LEDGERFISCALYEARENTITY><CALENDAR>STANDARD</CALENDAR><FISCALYEAR>2026</FISCALYEAR><LEGALENTITYID>BAKR</LEGALENTITYID><LEGALENTITYNAME>BAKR</LEGALENTITYNAME><STATUS>Open</STATUS></LEDGERFISCALYEARENTITY><LEDGERFISCALYEARENTITY><CALENDAR>STANDARD</CALENDAR><FISCALYEAR>2027</FISCALYEAR><LEGALENTITYID>BAKR</LEGALENTITYID><LEGALENTITYNAME>BAKR</LEGALENTITYNAME><STATUS>Open</STATUS></LEDGERFISCALYEARENTITY><LEDGERFISCALYEARENTITY><CALENDAR>STANDARD</CALENDAR><FISCALYEAR>2028</FISCALYEAR><LEGALENTITYID>BAKR</LEGALENTITYID><LEGALENTITYNAME>BAKR</LEGALENTITYNAME><STATUS>Open</STATUS></LEDGERFISCALYEARENTITY><LEDGERFISCALYEARENTITY><CALENDAR>STANDARD</CALENDAR><FISCALYEAR>2029</FISCALYEAR><LEGALENTITYID>BAKR</LEGALENTITYID><LEGALENTITYNAME>BAKR</LEGALENTITYNAME><STATUS>Open</STATUS></LEDGERFISCALYEARENTITY><LEDGERFISCALYEARENTITY><CALENDAR>STANDARD</CALENDAR><FISCALYEAR>2024</FISCALYEAR><LEGALENTITYID>BKBD</LEGALENTITYID><LEGALENTITYNAME>BKBD</LEGALENTITYNAME><STATUS>Open</STATUS></LEDGERFISCALYEARENTITY><LEDGERFISCALYEARENTITY><CALENDAR>STANDARD</CALENDAR><FISCALYEAR>2025</FISCALYEAR><LEGALENTITYID>BKBD</LEGALENTITYID><LEGALENTITYNAME>BKBD</LEGALENTITYNAME><STATUS>Open</STATUS></LEDGERFISCALYEARENTITY><LEDGERFISCALYEARENTITY><CALENDAR>STANDARD</CALENDAR><FISCALYEAR>2026</FISCALYEAR><LEGALENTITYID>BKBD</LEGALENTITYID><LEGALENTITYNAME>BKBD</LEGALENTITYNAME><STATUS>Open</STATUS></LEDGERFISCALYEARENTITY><LEDGERFISCALYEARENTITY><CALENDAR>STANDARD</CALENDAR><FISCALYEAR>2027</FISCALYEAR><LEGALENTITYID>BKBD</LEGALENTITYID><LEGALENTITYNAME>BKBD</LEGALENTITYNAME><STATUS>Open</STATUS></LEDGERFISCALYEARENTITY><LEDGERFISCALYEARENTITY><CALENDAR>STANDARD</CALENDAR><FISCALYEAR>2028</FISCALYEAR><LEGALENTITYID>BKBD</LEGALENTITYID><LEGALENTITYNAME>BKBD</LEGALENTITYNAME><STATUS>Open</STATUS></LEDGERFISCALYEARENTITY><LEDGERFISCALYEARENTITY><CALENDAR>STANDARD</CALENDAR><FISCALYEAR>2029</FISCALYEAR><LEGALENTITYID>BKBD</LEGALENTITYID><LEGALENTITYNAME>BKBD</LEGALENTITYNAME><STATUS>Open</STATUS></LEDGERFISCALYEARENTITY><LEDGERFISCALYEARENTITY><CALENDAR>STANDARD</CALENDAR><FISCALYEAR>2024</FISCALYEAR><LEGALENTITYID>BLKM</LEGALENTITYID><LEGALENTITYNAME>BLKM</LEGALENTITYNAME><STATUS>Open</STATUS></LEDGERFISCALYEARENTITY><LEDGERFISCALYEARENTITY><CALENDAR>STANDARD</CALENDAR><FISCALYEAR>2025</FISCALYEAR><LEGALENTITYID>BLKM</LEGALENTITYID><LEGALENTITYNAME>BLKM</LEGALENTITYNAME><STATUS>Open</STATUS></LEDGERFISCALYEARENTITY><LEDGERFISCALYEARENTITY><CALENDAR>STANDARD</CALENDAR><FISCALYEAR>2026</FISCALYEAR><LEGALENTITYID>BLKM</LEGALENTITYID><LEGALENTITYNAME>BLKM</LEGALENTITYNAME><STATUS>Open</STATUS></LEDGERFISCALYEARENTITY><LEDGERFISCALYEARENTITY><CALENDAR>STANDARD</CALENDAR><FISCALYEAR>2027</FISCALYEAR><LEGALENTITYID>BLKM</LEGALENTITYID><LEGALENTITYNAME>BLKM</LEGALENTITYNAME><STATUS>Open</STATUS></LEDGERFISCALYEARENTITY><LEDGERFISCALYEARENTITY><CALENDAR>STANDARD</CALENDAR><FISCALYEAR>2028</FISCALYEAR><LEGALENTITYID>BLKM</LEGALENTITYID><LEGALENTITYNAME>BLKM</LEGALENTITYNAME><STATUS>Open</STATUS></LEDGERFISCALYEARENTITY><LEDGERFISCALYEARENTITY><CALENDAR>STANDARD</CALENDAR><FISCALYEAR>2029</FISCALYEAR><LEGALENTITYID>BLKM</LEGALENTITYID><LEGALENTITYNAME>BLKM</LEGALENTITYNAME><STATUS>Open</STATUS></LEDGERFISCALYEARENTITY><LEDGERFISCALYEARENTITY><CALENDAR>STANDARD</CALENDAR><FISCALYEAR>2024</FISCALYEAR><LEGALENTITYID>BTCH</LEGALENTITYID><LEGALENTITYNAME>BTCH</LEGALENTITYNAME><STATUS>Open</STATUS></LEDGERFISCALYEARENTITY><LEDGERFISCALYEARENTITY><CALENDAR>STANDARD</CALENDAR><FISCALYEAR>2025</FISCALYEAR><LEGALENTITYID>BTCH</LEGALENTITYID><LEGALENTITYNAME>BTCH</LEGALENTITYNAME><STATUS>Open</STATUS></LEDGERFISCALYEARENTITY><LEDGERFISCALYEARENTITY><CALENDAR>STANDARD</CALENDAR><FISCALYEAR>2026</FISCALYEAR><LEGALENTITYID>BTCH</LEGALENTITYID><LEGALENTITYNAME>BTCH</LEGALENTITYNAME><STATUS>Open</STATUS></LEDGERFISCALYEARENTITY><LEDGERFISCALYEARENTITY><CALENDAR>STANDARD</CALENDAR><FISCALYEAR>2027</FISCALYEAR><LEGALENTITYID>BTCH</LEGALENTITYID><LEGALENTITYNAME>BTCH</LEGALENTITYNAME><STATUS>Open</STATUS></LEDGERFISCALYEARENTITY><LEDGERFISCALYEARENTITY><CALENDAR>STANDARD</CALENDAR><FISCALYEAR>2028</FISCALYEAR><LEGALENTITYID>BTCH</LEGALENTITYID><LEGALENTITYNAME>BTCH</LEGALENTITYNAME><STATUS>Open</STATUS></LEDGERFISCALYEARENTITY><LEDGERFISCALYEARENTITY><CALENDAR>STANDARD</CALENDAR><FISCALYEAR>2029</FISCALYEAR><LEGALENTITYID>BTCH</LEGALENTITYID><LEGALENTITYNAME>BTCH</LEGALENTITYNAME><STATUS>Open</STATUS></LEDGERFISCALYEARENTITY><LEDGERFISCALYEARENTITY><CALENDAR>STANDARD</CALENDAR><FISCALYEAR>2024</FISCALYEAR><LEGALENTITYID>CART</LEGALENTITYID><LEGALENTITYNAME>CART</LEGALENTITYNAME><STATUS>Open</STATUS></LEDGERFISCALYEARENTITY><LEDGERFISCALYEARENTITY><CALENDAR>STANDARD</CALENDAR><FISCALYEAR>2025</FISCALYEAR><LEGALENTITYID>CART</LEGALENTITYID><LEGALENTITYNAME>CART</LEGALENTITYNAME><STATUS>Open</STATUS></LEDGERFISCALYEARENTITY><LEDGERFISCALYEARENTITY><CALENDAR>STANDARD</CALENDAR><FISCALYEAR>2026</FISCALYEAR><LEGALENTITYID>CART</LEGALENTITYID><LEGALENTITYNAME>CART</LEGALENTITYNAME><STATUS>Open</STATUS></LEDGERFISCALYEARENTITY><LEDGERFISCALYEARENTITY><CALENDAR>STANDARD</CALENDAR><FISCALYEAR>2027</FISCALYEAR><LEGALENTITYID>CART</LEGALENTITYID><LEGALENTITYNAME>CART</LEGALENTITYNAME><STATUS>Open</STATUS></LEDGERFISCALYEARENTITY><LEDGERFISCALYEARENTITY><CALENDAR>STANDARD</CALENDAR><FISCALYEAR>2028</FISCALYEAR><LEGALENTITYID>CART</LEGALENTITYID><LEGALENTITYNAME>CART</LEGALENTITYNAME><STATUS>Open</STATUS></LEDGERFISCALYEARENTITY><LEDGERFISCALYEARENTITY><CALENDAR>STANDARD</CALENDAR><FISCALYEAR>2029</FISCALYEAR><LEGALENTITYID>CART</LEGALENTITYID><LEGALENTITYNAME>CART</LEGALENTITYNAME><STATUS>Open</STATUS></LEDGERFISCALYEARENTITY><LEDGERFISCALYEARENTITY><CALENDAR>STANDARD</CALENDAR><FISCALYEAR>2024</FISCALYEAR><LEGALENTITYID>CHDL</LEGALENTITYID><LEGALENTITYNAME>CHDL</LEGALENTITYNAME><STATUS>Open</STATUS></LEDGERFISCALYEARENTITY><LEDGERFISCALYEARENTITY><CALENDAR>STANDARD</CALENDAR><FISCALYEAR>2025</FISCALYEAR><LEGALENTITYID>CHDL</LEGALENTITYID><LEGALENTITYNAME>CHDL</LEGALENTITYNAME><STATUS>Open</STATUS></LEDGERFISCALYEARENTITY><LEDGERFISCALYEARENTITY><CALENDAR>STANDARD</CALENDAR><FISCALYEAR>2026</FISCALYEAR><LEGALENTITYID>CHDL</LEGALENTITYID><LEGALENTITYNAME>CHDL</LEGALENTITYNAME><STATUS>Open</STATUS></LEDGERFISCALYEARENTITY><LEDGERFISCALYEARENTITY><CALENDAR>STANDARD</CALENDAR><FISCALYEAR>2027</FISCALYEAR><LEGALENTITYID>CHDL</LEGALENTITYID><LEGALENTITYNAME>CHDL</LEGALENTITYNAME><STATUS>Open</STATUS></LEDGERFISCALYEARENTITY><LEDGERFISCALYEARENTITY><CALENDAR>STANDARD</CALENDAR><FISCALYEAR>2028</FISCALYEAR><LEGALENTITYID>CHDL</LEGALENTITYID><LEGALENTITYNAME>CHDL</LEGALENTITYNAME><STATUS>Open</STATUS></LEDGERFISCALYEARENTITY><LEDGERFISCALYEARENTITY><CALENDAR>STANDARD</CALENDAR><FISCALYEAR>2029</FISCALYEAR><LEGALENTITYID>CHDL</LEGALENTITYID><LEGALENTITYNAME>CHDL</LEGALENTITYNAME><STATUS>Open</STATUS></LEDGERFISCALYEARENTITY><LEDGERFISCALYEARENTITY><CALENDAR>STANDARD</CALENDAR><FISCALYEAR>2024</FISCALYEAR><LEGALENTITYID>COBL</LEGALENTITYID><LEGALENTITYNAME>COBL</LEGALENTITYNAME><STATUS>Open</STATUS></LEDGERFISCALYEARENTITY><LEDGERFISCALYEARENTITY><CALENDAR>STANDARD</CALENDAR><FISCALYEAR>2025</FISCALYEAR><LEGALENTITYID>COBL</LEGALENTITYID><LEGALENTITYNAME>COBL</LEGALENTITYNAME><STATUS>Open</STATUS></LEDGERFISCALYEARENTITY><LEDGERFISCALYEARENTITY><CALENDAR>STANDARD</CALENDAR><FISCALYEAR>2026</FISCALYEAR><LEGALENTITYID>COBL</LEGALENTITYID><LEGALENTITYNAME>COBL</LEGALENTITYNAME><STATUS>Open</STATUS></LEDGERFISCALYEARENTITY><LEDGERFISCALYEARENTITY><CALENDAR>STANDARD</CALENDAR><FISCALYEAR>2027</FISCALYEAR><LEGALENTITYID>COBL</LEGALENTITYID><LEGALENTITYNAME>COBL</LEGALENTITYNAME><STATUS>Open</STATUS></LEDGERFISCALYEARENTITY><LEDGERFISCALYEARENTITY><CALENDAR>STANDARD</CALENDAR><FISCALYEAR>2028</FISCALYEAR><LEGALENTITYID>COBL</LEGALENTITYID><LEGALENTITYNAME>COBL</LEGALENTITYNAME><STATUS>Open</STATUS></LEDGERFISCALYEARENTITY><LEDGERFISCALYEARENTITY><CALENDAR>STANDARD</CALENDAR><FISCALYEAR>2029</FISCALYEAR><LEGALENTITYID>COBL</LEGALENTITYID><LEGALENTITYNAME>COBL</LEGALENTITYNAME><STATUS>Open</STATUS></LEDGERFISCALYEARENTITY><LEDGERFISCALYEARENTITY><CALENDAR>STANDARD</CALENDAR><FISCALYEAR>2024</FISCALYEAR><LEGALENTITYID>COKB</LEGALENTITYID><LEGALENTITYNAME>COKB</LEGALENTITYNAME><STATUS>Open</STATUS></LEDGERFISCALYEARENTITY><LEDGERFISCALYEARENTITY><CALENDAR>STANDARD</CALENDAR><FISCALYEAR>2025</FISCALYEAR><LEGALENTITYID>COKB</LEGALENTITYID><LEGALENTITYNAME>COKB</LEGALENTITYNAME><STATUS>Open</STATUS></LEDGERFISCALYEARENTITY><LEDGERFISCALYEARENTITY><CALENDAR>STANDARD</CALENDAR><FISCALYEAR>2026</FISCALYEAR><LEGALENTITYID>COKB</LEGALENTITYID><LEGALENTITYNAME>COKB</LEGALENTITYNAME><STATUS>Open</STATUS></LEDGERFISCALYEARENTITY><LEDGERFISCALYEARENTITY><CALENDAR>STANDARD</CALENDAR><FISCALYEAR>2027</FISCALYEAR><LEGALENTITYID>COKB</LEGALENTITYID><LEGALENTITYNAME>COKB</LEGALENTITYNAME><STATUS>Open</STATUS></LEDGERFISCALYEARENTITY><LEDGERFISCALYEARENTITY><CALENDAR>STANDARD</CALENDAR><FISCALYEAR>2028</FISCALYEAR><LEGALENTITYID>COKB</LEGALENTITYID><LEGALENTITYNAME>COKB</LEGALENTITYNAME><STATUS>Open</STATUS></LEDGERFISCALYEARENTITY><LEDGERFISCALYEARENTITY><CALENDAR>STANDARD</CALENDAR><FISCALYEAR>2029</FISCALYEAR><LEGALENTITYID>COKB</LEGALENTITYID><LEGALENTITYNAME>COKB</LEGALENTITYNAME><STATUS>Open</STATUS></LEDGERFISCALYEARENTITY><LEDGERFISCALYEARENTITY><CALENDAR>STANDARD</CALENDAR><FISCALYEAR>2024</FISCALYEAR><LEGALENTITYID>CRPG</LEGALENTITYID><LEGALENTITYNAME>CRPG</LEGALENTITYNAME><STATUS>Open</STATUS></LEDGERFISCALYEARENTITY><LEDGERFISCALYEARENTITY><CALENDAR>STANDARD</CALENDAR><FISCALYEAR>2025</FISCALYEAR><LEGALENTITYID>CRPG</LEGALENTITYID><LEGALENTITYNAME>CRPG</LEGALENTITYNAME><STATUS>Open</STATUS></LEDGERFISCALYEARENTITY><LEDGERFISCALYEARENTITY><CALENDAR>STANDARD</CALENDAR><FISCALYEAR>2026</FISCALYEAR><LEGALENTITYID>CRPG</LEGALENTITYID><LEGALENTITYNAME>CRPG</LEGALENTITYNAME><STATUS>Open</STATUS></LEDGERFISCALYEARENTITY><LEDGERFISCALYEARENTITY><CALENDAR>STANDARD</CALENDAR><FISCALYEAR>2027</FISCALYEAR><LEGALENTITYID>CRPG</LEGALENTITYID><LEGALENTITYNAME>CRPG</LEGALENTITYNAME><STATUS>Open</STATUS></LEDGERFISCALYEARENTITY><LEDGERFISCALYEARENTITY><CALENDAR>STANDARD</CALENDAR><FISCALYEAR>2028</FISCALYEAR><LEGALENTITYID>CRPG</LEGALENTITYID><LEGALENTITYNAME>CRPG</LEGALENTITYNAME><STATUS>Open</STATUS></LEDGERFISCALYEARENTITY><LEDGERFISCALYEARENTITY><CALENDAR>STANDARD</CALENDAR><FISCALYEAR>2029</FISCALYEAR><LEGALENTITYID>CRPG</LEGALENTITYID><LEGALENTITYNAME>CRPG</LEGALENTITYNAME><STATUS>Open</STATUS></LEDGERFISCALYEARENTITY><LEDGERFISCALYEARENTITY><CALENDAR>STANDARD</CALENDAR><FISCALYEAR>2024</FISCALYEAR><LEGALENTITYID>FBOT</LEGALENTITYID><LEGALENTITYNAME>FBOT</LEGALENTITYNAME><STATUS>Open</STATUS></LEDGERFISCALYEARENTITY><LEDGERFISCALYEARENTITY><CALENDAR>STANDARD</CALENDAR><FISCALYEAR>2025</FISCALYEAR><LEGALENTITYID>FBOT</LEGALENTITYID><LEGALENTITYNAME>FBOT</LEGALENTITYNAME><STATUS>Open</STATUS></LEDGERFISCALYEARENTITY><LEDGERFISCALYEARENTITY><CALENDAR>STANDARD</CALENDAR><FISCALYEAR>2026</FISCALYEAR><LEGALENTITYID>FBOT</LEGALENTITYID><LEGALENTITYNAME>FBOT</LEGALENTITYNAME><STATUS>Open</STATUS></LEDGERFISCALYEARENTITY><LEDGERFISCALYEARENTITY><CALENDAR>STANDARD</CALENDAR><FISCALYEAR>2027</FISCALYEAR><LEGALENTITYID>FBOT</LEGALENTITYID><LEGALENTITYNAME>FBOT</LEGALENTITYNAME><STATUS>Open</STATUS></LEDGERFISCALYEARENTITY><LEDGERFISCALYEARENTITY><CALENDAR>STANDARD</CALENDAR><FISCALYEAR>2028</FISCALYEAR><LEGALENTITYID>FBOT</LEGALENTITYID><LEGALENTITYNAME>FBOT</LEGALENTITYNAME><STATUS>Open</STATUS></LEDGERFISCALYEARENTITY><LEDGERFISCALYEARENTITY><CALENDAR>STANDARD</CALENDAR><FISCALYEAR>2029</FISCALYEAR><LEGALENTITYID>FBOT</LEGALENTITYID><LEGALENTITYNAME>FBOT</LEGALENTITYNAME><STATUS>Open</STATUS></LEDGERFISCALYEARENTITY><LEDGERFISCALYEARENTITY><CALENDAR>STANDARD</CALENDAR><FISCALYEAR>2024</FISCALYEAR><LEGALENTITYID>FRMG</LEGALENTITYID><LEGALENTITYNAME>FRMG</LEGALENTITYNAME><STATUS>Open</STATUS></LEDGERFISCALYEARENTITY><LEDGERFISCALYEARENTITY><CALENDAR>STANDARD</CALENDAR><FISCALYEAR>2025</FISCALYEAR><LEGALENTITYID>FRMG</LEGALENTITYID><LEGALENTITYNAME>FRMG</LEGALENTITYNAME><STATUS>Open</STATUS></LEDGERFISCALYEARENTITY><LEDGERFISCALYEARENTITY><CALENDAR>STANDARD</CALENDAR><FISCALYEAR>2026</FISCALYEAR><LEGALENTITYID>FRMG</LEGALENTITYID><LEGALENTITYNAME>FRMG</LEGALENTITYNAME><STATUS>Open</STATUS></LEDGERFISCALYEARENTITY><LEDGERFISCALYEARENTITY><CALENDAR>STANDARD</CALENDAR><FISCALYEAR>2027</FISCALYEAR><LEGALENTITYID>FRMG</LEGALENTITYID><LEGALENTITYNAME>FRMG</LEGALENTITYNAME><STATUS>Open</STATUS></LEDGERFISCALYEARENTITY><LEDGERFISCALYEARENTITY><CALENDAR>STANDARD</CALENDAR><FISCALYEAR>2028</FISCALYEAR><LEGALENTITYID>FRMG</LEGALENTITYID><LEGALENTITYNAME>FRMG</LEGALENTITYNAME><STATUS>Open</STATUS></LEDGERFISCALYEARENTITY><LEDGERFISCALYEARENTITY><CALENDAR>STANDARD</CALENDAR><FISCALYEAR>2029</FISCALYEAR><LEGALENTITYID>FRMG</LEGALENTITYID><LEGALENTITYNAME>FRMG</LEGALENTITYNAME><STATUS>Open</STATUS></LEDGERFISCALYEARENTITY><LEDGERFISCALYEARENTITY><CALENDAR>STANDARD</CALENDAR><FISCALYEAR>2024</FISCALYEAR><LEGALENTITYID>FSHM</LEGALENTITYID><LEGALENTITYNAME>FSHM</LEGALENTITYNAME><STATUS>Open</STATUS></LEDGERFISCALYEARENTITY><LEDGERFISCALYEARENTITY><CALENDAR>STANDARD</CALENDAR><FISCALYEAR>2025</FISCALYEAR><LEGALENTITYID>FSHM</LEGALENTITYID><LEGALENTITYNAME>FSHM</LEGALENTITYNAME><STATUS>Open</STATUS></LEDGERFISCALYEARENTITY><LEDGERFISCALYEARENTITY><CALENDAR>STANDARD</CALENDAR><FISCALYEAR>2026</FISCALYEAR><LEGALENTITYID>FSHM</LEGALENTITYID><LEGALENTITYNAME>FSHM</LEGALENTITYNAME><STATUS>Open</STATUS></LEDGERFISCALYEARENTITY><LEDGERFISCALYEARENTITY><CALENDAR>STANDARD</CALENDAR><FISCALYEAR>2027</FISCALYEAR><LEGALENTITYID>FSHM</LEGALENTITYID><LEGALENTITYNAME>FSHM</LEGALENTITYNAME><STATUS>Open</STATUS></LEDGERFISCALYEARENTITY><LEDGERFISCALYEARENTITY><CALENDAR>STANDARD</CALENDAR><FISCALYEAR>2028</FISCALYEAR><LEGALENTITYID>FSHM</LEGALENTITYID><LEGALENTITYNAME>FSHM</LEGALENTITYNAME><STATUS>Open</STATUS></LEDGERFISCALYEARENTITY><LEDGERFISCALYEARENTITY><CALENDAR>STANDARD</CALENDAR><FISCALYEAR>2029</FISCALYEAR><LEGALENTITYID>FSHM</LEGALENTITYID><LEGALENTITYNAME>FSHM</LEGALENTITYNAME><STATUS>Open</STATUS></LEDGERFISCALYEARENTITY><LEDGERFISCALYEARENTITY><CALENDAR>STANDARD</CALENDAR><FISCALYEAR>2024</FISCALYEAR><LEGALENTITYID>GLBL</LEGALENTITYID><LEGALENTITYNAME>GLBL</LEGALENTITYNAME><STATUS>Open</STATUS></LEDGERFISCALYEARENTITY><LEDGERFISCALYEARENTITY><CALENDAR>STANDARD</CALENDAR><FISCALYEAR>2025</FISCALYEAR><LEGALENTITYID>GLBL</LEGALENTITYID><LEGALENTITYNAME>GLBL</LEGALENTITYNAME><STATUS>Open</STATUS></LEDGERFISCALYEARENTITY><LEDGERFISCALYEARENTITY><CALENDAR>STANDARD</CALENDAR><FISCALYEAR>2026</FISCALYEAR><LEGALENTITYID>GLBL</LEGALENTITYID><LEGALENTITYNAME>GLBL</LEGALENTITYNAME><STATUS>Open</STATUS></LEDGERFISCALYEARENTITY><LEDGERFISCALYEARENTITY><CALENDAR>STANDARD</CALENDAR><FISCALYEAR>2027</FISCALYEAR><LEGALENTITYID>GLBL</LEGALENTITYID><LEGALENTITYNAME>GLBL</LEGALENTITYNAME><STATUS>Open</STATUS></LEDGERFISCALYEARENTITY><LEDGERFISCALYEARENTITY><CALENDAR>STANDARD</CALENDAR><FISCALYEAR>2028</FISCALYEAR><LEGALENTITYID>GLBL</LEGALENTITYID><LEGALENTITYNAME>GLBL</LEGALENTITYNAME><STATUS>Open</STATUS></LEDGERFISCALYEARENTITY><LEDGERFISCALYEARENTITY><CALENDAR>STANDARD</CALENDAR><FISCALYEAR>2029</FISCALYEAR><LEGALENTITYID>GLBL</LEGALENTITYID><LEGALENTITYNAME>GLBL</LEGALENTITYNAME><STATUS>Open</STATUS></LEDGERFISCALYEARENTITY><LEDGERFISCALYEARENTITY><CALENDAR>STANDARD</CALENDAR><FISCALYEAR>2024</FISCALYEAR><LEGALENTITYID>HRBL</LEGALENTITYID><LEGALENTITYNAME>HRBL</LEGALENTITYNAME><STATUS>Open</STATUS></LEDGERFISCALYEARENTITY><LEDGERFISCALYEARENTITY><CALENDAR>STANDARD</CALENDAR><FISCALYEAR>2025</FISCALYEAR><LEGALENTITYID>HRBL</LEGALENTITYID><LEGALENTITYNAME>HRBL</LEGALENTITYNAME><STATUS>Open</STATUS></LEDGERFISCALYEARENTITY><LEDGERFISCALYEARENTITY><CALENDAR>STANDARD</CALENDAR><FISCALYEAR>2026</FISCALYEAR><LEGALENTITYID>HRBL</LEGALENTITYID><LEGALENTITYNAME>HRBL</LEGALENTITYNAME><STATUS>Open</STATUS></LEDGERFISCALYEARENTITY><LEDGERFISCALYEARENTITY><CALENDAR>STANDARD</CALENDAR><FISCALYEAR>2027</FISCALYEAR><LEGALENTITYID>HRBL</LEGALENTITYID><LEGALENTITYNAME>HRBL</LEGALENTITYNAME><STATUS>Open</STATUS></LEDGERFISCALYEARENTITY><LEDGERFISCALYEARENTITY><CALENDAR>STANDARD</CALENDAR><FISCALYEAR>2028</FISCALYEAR><LEGALENTITYID>HRBL</LEGALENTITYID><LEGALENTITYNAME>HRBL</LEGALENTITYNAME><STATUS>Open</STATUS></LEDGERFISCALYEARENTITY><LEDGERFISCALYEARENTITY><CALENDAR>STANDARD</CALENDAR><FISCALYEAR>2029</FISCALYEAR><LEGALENTITYID>HRBL</LEGALENTITYID><LEGALENTITYNAME>HRBL</LEGALENTITYNAME><STATUS>Open</STATUS></LEDGERFISCALYEARENTITY><LEDGERFISCALYEARENTITY><CALENDAR>STANDARD</CALENDAR><FISCALYEAR>2024</FISCALYEAR><LEGALENTITYID>MASC</LEGALENTITYID><LEGALENTITYNAME>MASC</LEGALENTITYNAME><STATUS>Open</STATUS></LEDGERFISCALYEARENTITY><LEDGERFISCALYEARENTITY><CALENDAR>STANDARD</CALENDAR><FISCALYEAR>2025</FISCALYEAR><LEGALENTITYID>MASC</LEGALENTITYID><LEGALENTITYNAME>MASC</LEGALENTITYNAME><STATUS>Open</STATUS></LEDGERFISCALYEARENTITY><LEDGERFISCALYEARENTITY><CALENDAR>STANDARD</CALENDAR><FISCALYEAR>2026</FISCALYEAR><LEGALENTITYID>MASC</LEGALENTITYID><LEGALENTITYNAME>MASC</LEGALENTITYNAME><STATUS>Open</STATUS></LEDGERFISCALYEARENTITY><LEDGERFISCALYEARENTITY><CALENDAR>STANDARD</CALENDAR><FISCALYEAR>2027</FISCALYEAR><LEGALENTITYID>MASC</LEGALENTITYID><LEGALENTITYNAME>MASC</LEGALENTITYNAME><STATUS>Open</STATUS></LEDGERFISCALYEARENTITY><LEDGERFISCALYEARENTITY><CALENDAR>STANDARD</CALENDAR><FISCALYEAR>2028</FISCALYEAR><LEGALENTITYID>MASC</LEGALENTITYID><LEGALENTITYNAME>MASC</LEGALENTITYNAME><STATUS>Open</STATUS></LEDGERFISCALYEARENTITY><LEDGERFISCALYEARENTITY><CALENDAR>STANDARD</CALENDAR><FISCALYEAR>2029</FISCALYEAR><LEGALENTITYID>MASC</LEGALENTITYID><LEGALENTITYNAME>MASC</LEGALENTITYNAME><STATUS>Open</STATUS></LEDGERFISCALYEARENTITY><LEDGERFISCALYEARENTITY><CALENDAR>STANDARD</CALENDAR><FISCALYEAR>2024</FISCALYEAR><LEGALENTITYID>PTRT</LEGALENTITYID><LEGALENTITYNAME>PTRT</LEGALENTITYNAME><STATUS>Open</STATUS></LEDGERFISCALYEARENTITY><LEDGERFISCALYEARENTITY><CALENDAR>STANDARD</CALENDAR><FISCALYEAR>2025</FISCALYEAR><LEGALENTITYID>PTRT</LEGALENTITYID><LEGALENTITYNAME>PTRT</LEGALENTITYNAME><STATUS>Open</STATUS></LEDGERFISCALYEARENTITY><LEDGERFISCALYEARENTITY><CALENDAR>STANDARD</CALENDAR><FISCALYEAR>2026</FISCALYEAR><LEGALENTITYID>PTRT</LEGALENTITYID><LEGALENTITYNAME>PTRT</LEGALENTITYNAME><STATUS>Open</STATUS></LEDGERFISCALYEARENTITY><LEDGERFISCALYEARENTITY><CALENDAR>STANDARD</CALENDAR><FISCALYEAR>2027</FISCALYEAR><LEGALENTITYID>PTRT</LEGALENTITYID><LEGALENTITYNAME>PTRT</LEGALENTITYNAME><STATUS>Open</STATUS></LEDGERFISCALYEARENTITY><LEDGERFISCALYEARENTITY><CALENDAR>STANDARD</CALENDAR><FISCALYEAR>2028</FISCALYEAR><LEGALENTITYID>PTRT</LEGALENTITYID><LEGALENTITYNAME>PTRT</LEGALENTITYNAME><STATUS>Open</STATUS></LEDGERFISCALYEARENTITY><LEDGERFISCALYEARENTITY><CALENDAR>STANDARD</CALENDAR><FISCALYEAR>2029</FISCALYEAR><LEGALENTITYID>PTRT</LEGALENTITYID><LEGALENTITYNAME>PTRT</LEGALENTITYNAME><STATUS>Open</STATUS></LEDGERFISCALYEARENTITY><LEDGERFISCALYEARENTITY><CALENDAR>STANDARD</CALENDAR><FISCALYEAR>2024</FISCALYEAR><LEGALENTITYID>TLRG</LEGALENTITYID><LEGALENTITYNAME>TLRG</LEGALENTITYNAME><STATUS>Open</STATUS></LEDGERFISCALYEARENTITY><LEDGERFISCALYEARENTITY><CALENDAR>STANDARD</CALENDAR><FISCALYEAR>2025</FISCALYEAR><LEGALENTITYID>TLRG</LEGALENTITYID><LEGALENTITYNAME>TLRG</LEGALENTITYNAME><STATUS>Open</STATUS></LEDGERFISCALYEARENTITY><LEDGERFISCALYEARENTITY><CALENDAR>STANDARD</CALENDAR><FISCALYEAR>2026</FISCALYEAR><LEGALENTITYID>TLRG</LEGALENTITYID><LEGALENTITYNAME>TLRG</LEGALENTITYNAME><STATUS>Open</STATUS></LEDGERFISCALYEARENTITY><LEDGERFISCALYEARENTITY><CALENDAR>STANDARD</CALENDAR><FISCALYEAR>2027</FISCALYEAR><LEGALENTITYID>TLRG</LEGALENTITYID><LEGALENTITYNAME>TLRG</LEGALENTITYNAME><STATUS>Open</STATUS></LEDGERFISCALYEARENTITY><LEDGERFISCALYEARENTITY><CALENDAR>STANDARD</CALENDAR><FISCALYEAR>2028</FISCALYEAR><LEGALENTITYID>TLRG</LEGALENTITYID><LEGALENTITYNAME>TLRG</LEGALENTITYNAME><STATUS>Open</STATUS></LEDGERFISCALYEARENTITY><LEDGERFISCALYEARENTITY><CALENDAR>STANDARD</CALENDAR><FISCALYEAR>2029</FISCALYEAR><LEGALENTITYID>TLRG</LEGALENTITYID><LEGALENTITYNAME>TLRG</LEGALENTITYNAME><STATUS>Open</STATUS></LEDGERFISCALYEARENTITY><LEDGERFISCALYEARENTITY><CALENDAR>STANDARD</CALENDAR><FISCALYEAR>2024</FISCALYEAR><LEGALENTITYID>TNLW</LEGALENTITYID><LEGALENTITYNAME>TNLW</LEGALENTITYNAME><STATUS>Open</STATUS></LEDGERFISCALYEARENTITY><LEDGERFISCALYEARENTITY><CALENDAR>STANDARD</CALENDAR><FISCALYEAR>2025</FISCALYEAR><LEGALENTITYID>TNLW</LEGALENTITYID><LEGALENTITYNAME>TNLW</LEGALENTITYNAME><STATUS>Open</STATUS></LEDGERFISCALYEARENTITY><LEDGERFISCALYEARENTITY><CALENDAR>STANDARD</CALENDAR><FISCALYEAR>2026</FISCALYEAR><LEGALENTITYID>TNLW</LEGALENTITYID><LEGALENTITYNAME>TNLW</LEGALENTITYNAME><STATUS>Open</STATUS></LEDGERFISCALYEARENTITY><LEDGERFISCALYEARENTITY><CALENDAR>STANDARD</CALENDAR><FISCALYEAR>2027</FISCALYEAR><LEGALENTITYID>TNLW</LEGALENTITYID><LEGALENTITYNAME>TNLW</LEGALENTITYNAME><STATUS>Open</STATUS></LEDGERFISCALYEARENTITY><LEDGERFISCALYEARENTITY><CALENDAR>STANDARD</CALENDAR><FISCALYEAR>2028</FISCALYEAR><LEGALENTITYID>TNLW</LEGALENTITYID><LEGALENTITYNAME>TNLW</LEGALENTITYNAME><STATUS>Open</STATUS></LEDGERFISCALYEARENTITY><LEDGERFISCALYEARENTITY><CALENDAR>STANDARD</CALENDAR><FISCALYEAR>2029</FISCALYEAR><LEGALENTITYID>TNLW</LEGALENTITYID><LEGALENTITYNAME>TNLW</LEGALENTITYNAME><STATUS>Open</STATUS></LEDGERFISCALYEARENTITY><LEDGERFISCALYEARENTITY><CALENDAR>STANDARD</CALENDAR><FISCALYEAR>2024</FISCALYEAR><LEGALENTITYID>WDCP</LEGALENTITYID><LEGALENTITYNAME>WDCP</LEGALENTITYNAME><STATUS>Open</STATUS></LEDGERFISCALYEARENTITY><LEDGERFISCALYEARENTITY><CALENDAR>STANDARD</CALENDAR><FISCALYEAR>2025</FISCALYEAR><LEGALENTITYID>WDCP</LEGALENTITYID><LEGALENTITYNAME>WDCP</LEGALENTITYNAME><STATUS>Open</STATUS></LEDGERFISCALYEARENTITY><LEDGERFISCALYEARENTITY><CALENDAR>STANDARD</CALENDAR><FISCALYEAR>2026</FISCALYEAR><LEGALENTITYID>WDCP</LEGALENTITYID><LEGALENTITYNAME>WDCP</LEGALENTITYNAME><STATUS>Open</STATUS></LEDGERFISCALYEARENTITY><LEDGERFISCALYEARENTITY><CALENDAR>STANDARD</CALENDAR><FISCALYEAR>2027</FISCALYEAR><LEGALENTITYID>WDCP</LEGALENTITYID><LEGALENTITYNAME>WDCP</LEGALENTITYNAME><STATUS>Open</STATUS></LEDGERFISCALYEARENTITY><LEDGERFISCALYEARENTITY><CALENDAR>STANDARD</CALENDAR><FISCALYEAR>2028</FISCALYEAR><LEGALENTITYID>WDCP</LEGALENTITYID><LEGALENTITYNAME>WDCP</LEGALENTITYNAME><STATUS>Open</STATUS></LEDGERFISCALYEARENTITY><LEDGERFISCALYEARENTITY><CALENDAR>STANDARD</CALENDAR><FISCALYEAR>2029</FISCALYEAR><LEGALENTITYID>WDCP</LEGALENTITYID><LEGALENTITYNAME>WDCP</LEGALENTITYNAME><STATUS>Open</STATUS></LEDGERFISCALYEARENTITY><LEDGERFISCALYEARENTITY><CALENDAR>STANDARD</CALENDAR><FISCALYEAR>2024</FISCALYEAR><LEGALENTITYID>WDTC</LEGALENTITYID><LEGALENTITYNAME>WDTC</LEGALENTITYNAME><STATUS>Open</STATUS></LEDGERFISCALYEARENTITY><LEDGERFISCALYEARENTITY><CALENDAR>STANDARD</CALENDAR><FISCALYEAR>2025</FISCALYEAR><LEGALENTITYID>WDTC</LEGALENTITYID><LEGALENTITYNAME>WDTC</LEGALENTITYNAME><STATUS>Open</STATUS></LEDGERFISCALYEARENTITY><LEDGERFISCALYEARENTITY><CALENDAR>STANDARD</CALENDAR><FISCALYEAR>2026</FISCALYEAR><LEGALENTITYID>WDTC</LEGALENTITYID><LEGALENTITYNAME>WDTC</LEGALENTITYNAME><STATUS>Open</STATUS></LEDGERFISCALYEARENTITY><LEDGERFISCALYEARENTITY><CALENDAR>STANDARD</CALENDAR><FISCALYEAR>2027</FISCALYEAR><LEGALENTITYID>WDTC</LEGALENTITYID><LEGALENTITYNAME>WDTC</LEGALENTITYNAME><STATUS>Open</STATUS></LEDGERFISCALYEARENTITY><LEDGERFISCALYEARENTITY><CALENDAR>STANDARD</CALENDAR><FISCALYEAR>2028</FISCALYEAR><LEGALENTITYID>WDTC</LEGALENTITYID><LEGALENTITYNAME>WDTC</LEGALENTITYNAME><STATUS>Open</STATUS></LEDGERFISCALYEARENTITY><LEDGERFISCALYEARENTITY><CALENDAR>STANDARD</CALENDAR><FISCALYEAR>2029</FISCALYEAR><LEGALENTITYID>WDTC</LEGALENTITYID><LEGALENTITYNAME>WDTC</LEGALENTITYNAME><STATUS>Open</STATUS></LEDGERFISCALYEARENTITY><LEDGERFISCALYEARENTITY><CALENDAR>STANDARD</CALENDAR><FISCALYEAR>2024</FISCALYEAR><LEGALENTITYID>WEAV</LEGALENTITYID><LEGALENTITYNAME>WEAV</LEGALENTITYNAME><STATUS>Open</STATUS></LEDGERFISCALYEARENTITY><LEDGERFISCALYEARENTITY><CALENDAR>STANDARD</CALENDAR><FISCALYEAR>2025</FISCALYEAR><LEGALENTITYID>WEAV</LEGALENTITYID><LEGALENTITYNAME>WEAV</LEGALENTITYNAME><STATUS>Open</STATUS></LEDGERFISCALYEARENTITY><LEDGERFISCALYEARENTITY><CALENDAR>STANDARD</CALENDAR><FISCALYEAR>2026</FISCALYEAR><LEGALENTITYID>WEAV</LEGALENTITYID><LEGALENTITYNAME>WEAV</LEGALENTITYNAME><STATUS>Open</STATUS></LEDGERFISCALYEARENTITY><LEDGERFISCALYEARENTITY><CALENDAR>STANDARD</CALENDAR><FISCALYEAR>2027</FISCALYEAR><LEGALENTITYID>WEAV</LEGALENTITYID><LEGALENTITYNAME>WEAV</LEGALENTITYNAME><STATUS>Open</STATUS></LEDGERFISCALYEARENTITY><LEDGERFISCALYEARENTITY><CALENDAR>STANDARD</CALENDAR><FISCALYEAR>2028</FISCALYEAR><LEGALENTITYID>WEAV</LEGALENTITYID><LEGALENTITYNAME>WEAV</LEGALENTITYNAME><STATUS>Open</STATUS></LEDGERFISCALYEARENTITY><LEDGERFISCALYEARENTITY><CALENDAR>STANDARD</CALENDAR><FISCALYEAR>2029</FISCALYEAR><LEGALENTITYID>WEAV</LEGALENTITYID><LEGALENTITYNAME>WEAV</LEGALENTITYNAME><STATUS>Open</STATUS></LEDGERFISCALYEARENTITY></Document>