﻿<?xml version="1.0" encoding="utf-8"?><Document><LEDGERPARAMETERSENTITY><ALLOWMULTIPLETRANSACTIONSWITHINONEVOUCHER>No</ALLOWMULTIPLETRANSACTIONSWITHINONEVOUCHER><CISFORMATMAPPING></CISFORMATMAPPING><CREATECLOSINGTRANSACTIONSDURINGFISCALYEARCLOSE>No</CREATECLOSINGTRANSACTIONSDURINGFISCALYEARCLOSE><CREATEREVERSALSASCORRECTIONS>No</CREATEREVERSALSASCORRECTIONS><DELETEPREVIOUSCLOSINGTRANSACTIONSDURINGFISCALYEARCLOSE>Yes</DELETEPREVIOUSCLOSINGTRANSACTIONSDURINGFISCALYEARCLOSE><DIMENSIONVALUESUSEDFORSUMMARYACCOUNTOPTION>SourceDocument</DIMENSIONVALUESUSEDFORSUMMARYACCOUNTOPTION><DONOTUSEERRORACCOUNT>No</DONOTUSEERRORACCOUNT><DUPLICATEVOUCHEROPTION>NoDuplicate</DUPLICATEVOUCHEROPTION><ENABLELEDGERSETTLEMENT>Yes</ENABLELEDGERSETTLEMENT><ENABLEREVERSECHARGE>No</ENABLEREVERSECHARGE><MAXIMUMPENNYDIFFERENCEINACCOUNTINGCURRENCY>0.000000</MAXIMUMPENNYDIFFERENCEINACCOUNTINGCURRENCY><MAXIMUMPENNYDIFFERENCEINREPORTINGCURRENCY>0.000000</MAXIMUMPENNYDIFFERENCEINREPORTINGCURRENCY><ORDERJOURNALIZINGREPORTBYCREATEDDATEANDTIME>No</ORDERJOURNALIZINGREPORTBYCREATEDDATEANDTIME><PROCESSSOURCEDOCUMENTLINESINPARALLEL>No</PROCESSSOURCEDOCUMENTLINESINPARALLEL><PSNCASHCONTROLDIMENSIONHIERARCHYNAME></PSNCASHCONTROLDIMENSIONHIERARCHYNAME><PSNCASHCONTROLOVERRIDEGROUPID></PSNCASHCONTROLOVERRIDEGROUPID><PSNLEDGERINTERESTDISTRIBUTIONENABLE>No</PSNLEDGERINTERESTDISTRIBUTIONENABLE><PSNLEDGERINTERESTDISTRIBUTIONFUNDINGSOURCERULES>DefineFundingRules</PSNLEDGERINTERESTDISTRIBUTIONFUNDINGSOURCERULES><PSNLEDGERINTERESTDISTRIBUTIONPOSTALE>No</PSNLEDGERINTERESTDISTRIBUTIONPOSTALE><PSNPRIORYEARCORRECTION>No</PSNPRIORYEARCORRECTION><REQUIRECONTINUOUSNUMBERSEQUENCES>No</REQUIRECONTINUOUSNUMBERSEQUENCES><REQUIREJOURNALIZINGONFISCALPERIODCLOSE>No</REQUIREJOURNALIZINGONFISCALPERIODCLOSE><REVERSECHARGECONTACTNAME></REVERSECHARGECONTACTNAME><REVERSECHARGECONTACTPHONE></REVERSECHARGECONTACTPHONE><REVERSECHARGEPURCHTAXGROUP></REVERSECHARGEPURCHTAXGROUP><REVERSECHARGESALESTAXGROUP></REVERSECHARGESALESTAXGROUP><REVRECDISABLECONTRACTTERMS>No</REVRECDISABLECONTRACTTERMS><REVRECENABLEREALLOCATION>No</REVRECENABLEREALLOCATION><REVRECHEADERDISCOUNTS>No</REVRECHEADERDISCOUNTS><REVRECJOURNALNAMEID></REVRECJOURNALNAMEID><REVRECPOSTTOACCOUNTSRECEIVABLE>No</REVRECPOSTTOACCOUNTSRECEIVABLE><SETFISCALYEARTOCLOSEDDURINGFISCALYEARCLOSE>No</SETFISCALYEARTOCLOSEDDURINGFISCALYEARCLOSE><SKIPBUDGETTRANSACTIONSFORFISCALYEARCLOSE>No</SKIPBUDGETTRANSACTIONSFORFISCALYEARCLOSE><STARTJOURNALIZEREPORTONPAGEONE>No</STARTJOURNALIZEREPORTONPAGEONE><UPLOADJOURNALNAME></UPLOADJOURNALNAME><USEBUDGETAPPROPRIATION>No</USEBUDGETAPPROPRIATION><USEBUDGETRESERVATIONPROCESS>No</USEBUDGETRESERVATIONPROCESS><USEENCUMBRANCEPROCESS>No</USEENCUMBRANCEPROCESS><USEFUNDDIMENSIONTOCARRYFORWARDPURCHASEORDERS>No</USEFUNDDIMENSIONTOCARRYFORWARDPURCHASEORDERS><USEPOSTINGDEFINITIONS>No</USEPOSTINGDEFINITIONS><USEPREENCUMBRANCEPROCESS>No</USEPREENCUMBRANCEPROCESS><VOUCHERNUMBERREQUIREDFORFISCALYEARCLOSE>No</VOUCHERNUMBERREQUIREDFORFISCALYEARCLOSE><WITHHOLDINGTAXMINIMUMINVOICEAMOUNT>0.000000</WITHHOLDINGTAXMINIMUMINVOICEAMOUNT><ZAKATEXPENSEACCOUNT></ZAKATEXPENSEACCOUNT><ZAKATPROVISIONACCOUNT></ZAKATPROVISIONACCOUNT></LEDGERPARAMETERSENTITY></Document>