﻿<?xml version="1.0" encoding="utf-8"?><Document><PRICEDISCLINEDISCOUNTVENDORGROUPENTITY><GROUPCODE>HIGH</GROUPCODE><GROUPNAME>High Volume Line Discount Group</GROUPNAME></PRICEDISCLINEDISCOUNTVENDORGROUPENTITY><PRICEDISCLINEDISCOUNTVENDORGROUPENTITY><GROUPCODE>LOW</GROUPCODE><GROUPNAME>Low Volume Line Discount Group</GROUPNAME></PRICEDISCLINEDISCOUNTVENDORGROUPENTITY><PRICEDISCLINEDISCOUNTVENDORGROUPENTITY><GROUPCODE>MEDIUM</GROUPCODE><GROUPNAME>Medium Volume Line Discount Group</GROUPNAME></PRICEDISCLINEDISCOUNTVENDORGROUPENTITY></Document>