﻿<?xml version="1.0" encoding="utf-8"?><Document><MAINACCOUNTLEGALENTITYOVERRIDEENTITY><MAINACCOUNTID /><CHARTOFACCOUNTS /><LEGALENTITYID /><ACTIVEFROM /><ACTIVETO /><AUTOALLOCATE /><DEFAULTDIMENSIONDISPLAYVALUE /><DONOTALLOWMANUALENTRY /><EXCHANGEADJUSTMENTRATETYPE /><FIXEDDIMENSIONSDISPLAYVALUE /><ISEXEMPT /><ISSUSPENDED /><ITEMSALESTAXGROUP /><ITEMSALESTAXGROUPHEADINGLEGALENTITY /><REPORTINGEXCHANGEADJUSTMENTRATETYPE /><SALESTAXCODE /><SALESTAXDIRECTION /><SALESTAXGROUP /><TAXTABLELEGALENTITY /><VALIDATESALESTAX /></MAINACCOUNTLEGALENTITYOVERRIDEENTITY></Document>