﻿<?xml version="1.0" encoding="utf-8"?><Document><DLVDELIVERYMODEENTITY><CHARGEDELIVERYGROUPID></CHARGEDELIVERYGROUPID><DEFAULTEXPEDITECODE></DEFAULTEXPEDITECODE><INTRASTATTRANSPORTMODECODE></INTRASTATTRANSPORTMODECODE><MODECODE>AIR-AIR</MODECODE><MODEDESCRIPTION>AIR-AIR</MODEDESCRIPTION><MODEDISPLAYORDER>0</MODEDISPLAYORDER></DLVDELIVERYMODEENTITY><DLVDELIVERYMODEENTITY><CHARGEDELIVERYGROUPID></CHARGEDELIVERYGROUPID><DEFAULTEXPEDITECODE></DEFAULTEXPEDITECODE><INTRASTATTRANSPORTMODECODE></INTRASTATTRANSPORTMODECODE><MODECODE>CARAVAN</MODECODE><MODEDESCRIPTION>Caravan</MODEDESCRIPTION><MODEDISPLAYORDER>0</MODEDISPLAYORDER></DLVDELIVERYMODEENTITY><DLVDELIVERYMODEENTITY><CHARGEDELIVERYGROUPID></CHARGEDELIVERYGROUPID><DEFAULTEXPEDITECODE></DEFAULTEXPEDITECODE><INTRASTATTRANSPORTMODECODE></INTRASTATTRANSPORTMODECODE><MODECODE>COURIER</MODECODE><MODEDESCRIPTION>Courier</MODEDESCRIPTION><MODEDISPLAYORDER>0</MODEDISPLAYORDER></DLVDELIVERYMODEENTITY><DLVDELIVERYMODEENTITY><CHARGEDELIVERYGROUPID></CHARGEDELIVERYGROUPID><DEFAULTEXPEDITECODE></DEFAULTEXPEDITECODE><INTRASTATTRANSPORTMODECODE></INTRASTATTRANSPORTMODECODE><MODECODE>CPU</MODECODE><MODEDESCRIPTION>Customer Pick Up</MODEDESCRIPTION><MODEDISPLAYORDER>0</MODEDISPLAYORDER></DLVDELIVERYMODEENTITY><DLVDELIVERYMODEENTITY><CHARGEDELIVERYGROUPID></CHARGEDELIVERYGROUPID><DEFAULTEXPEDITECODE></DEFAULTEXPEDITECODE><INTRASTATTRANSPORTMODECODE></INTRASTATTRANSPORTMODECODE><MODECODE>FLIGHT</MODECODE><MODEDESCRIPTION>Flight</MODEDESCRIPTION><MODEDISPLAYORDER>0</MODEDISPLAYORDER></DLVDELIVERYMODEENTITY><DLVDELIVERYMODEENTITY><CHARGEDELIVERYGROUPID></CHARGEDELIVERYGROUPID><DEFAULTEXPEDITECODE></DEFAULTEXPEDITECODE><INTRASTATTRANSPORTMODECODE></INTRASTATTRANSPORTMODECODE><MODECODE>GRYPH-AIR</MODECODE><MODEDESCRIPTION>GRYPHON-AIR</MODEDESCRIPTION><MODEDISPLAYORDER>0</MODEDISPLAYORDER></DLVDELIVERYMODEENTITY><DLVDELIVERYMODEENTITY><CHARGEDELIVERYGROUPID></CHARGEDELIVERYGROUPID><DEFAULTEXPEDITECODE></DEFAULTEXPEDITECODE><INTRASTATTRANSPORTMODECODE></INTRASTATTRANSPORTMODECODE><MODECODE>GRYPH-GRYP</MODECODE><MODEDESCRIPTION>GRYPHON-GRYPHON</MODEDESCRIPTION><MODEDISPLAYORDER>0</MODEDISPLAYORDER></DLVDELIVERYMODEENTITY><DLVDELIVERYMODEENTITY><CHARGEDELIVERYGROUPID></CHARGEDELIVERYGROUPID><DEFAULTEXPEDITECODE></DEFAULTEXPEDITECODE><INTRASTATTRANSPORTMODECODE></INTRASTATTRANSPORTMODECODE><MODECODE>IRONW-GROU</MODECODE><MODEDESCRIPTION>IRONWHEELS-GROUND</MODEDESCRIPTION><MODEDISPLAYORDER>0</MODEDISPLAYORDER></DLVDELIVERYMODEENTITY><DLVDELIVERYMODEENTITY><CHARGEDELIVERYGROUPID></CHARGEDELIVERYGROUPID><DEFAULTEXPEDITECODE></DEFAULTEXPEDITECODE><INTRASTATTRANSPORTMODECODE></INTRASTATTRANSPORTMODECODE><MODECODE>IRONW-LTL</MODECODE><MODEDESCRIPTION>IRONWHEELS-LTL</MODEDESCRIPTION><MODEDISPLAYORDER>0</MODEDISPLAYORDER></DLVDELIVERYMODEENTITY><DLVDELIVERYMODEENTITY><CHARGEDELIVERYGROUPID></CHARGEDELIVERYGROUPID><DEFAULTEXPEDITECODE></DEFAULTEXPEDITECODE><INTRASTATTRANSPORTMODECODE></INTRASTATTRANSPORTMODECODE><MODECODE>LTL-AIR</MODECODE><MODEDESCRIPTION>LTL-AIR</MODEDESCRIPTION><MODEDISPLAYORDER>0</MODEDISPLAYORDER></DLVDELIVERYMODEENTITY><DLVDELIVERYMODEENTITY><CHARGEDELIVERYGROUPID></CHARGEDELIVERYGROUPID><DEFAULTEXPEDITECODE></DEFAULTEXPEDITECODE><INTRASTATTRANSPORTMODECODE></INTRASTATTRANSPORTMODECODE><MODECODE>LTL-GROU</MODECODE><MODEDESCRIPTION>LTL-GROUND</MODEDESCRIPTION><MODEDISPLAYORDER>0</MODEDISPLAYORDER></DLVDELIVERYMODEENTITY><DLVDELIVERYMODEENTITY><CHARGEDELIVERYGROUPID></CHARGEDELIVERYGROUPID><DEFAULTEXPEDITECODE></DEFAULTEXPEDITECODE><INTRASTATTRANSPORTMODECODE></INTRASTATTRANSPORTMODECODE><MODECODE>LTL-LTL</MODECODE><MODEDESCRIPTION>LTL-LTL</MODEDESCRIPTION><MODEDISPLAYORDER>0</MODEDISPLAYORDER></DLVDELIVERYMODEENTITY><DLVDELIVERYMODEENTITY><CHARGEDELIVERYGROUPID></CHARGEDELIVERYGROUPID><DEFAULTEXPEDITECODE></DEFAULTEXPEDITECODE><INTRASTATTRANSPORTMODECODE></INTRASTATTRANSPORTMODECODE><MODECODE>OCEAN-OCEA</MODECODE><MODEDESCRIPTION>OCEAN-OCEAN</MODEDESCRIPTION><MODEDISPLAYORDER>0</MODEDISPLAYORDER></DLVDELIVERYMODEENTITY><DLVDELIVERYMODEENTITY><CHARGEDELIVERYGROUPID></CHARGEDELIVERYGROUPID><DEFAULTEXPEDITECODE></DEFAULTEXPEDITECODE><INTRASTATTRANSPORTMODECODE></INTRASTATTRANSPORTMODECODE><MODECODE>SCSHI-OCE1</MODECODE><MODEDESCRIPTION>SCSHIPPING-OCEAN-PARCEL</MODEDESCRIPTION><MODEDISPLAYORDER>0</MODEDISPLAYORDER></DLVDELIVERYMODEENTITY><DLVDELIVERYMODEENTITY><CHARGEDELIVERYGROUPID></CHARGEDELIVERYGROUPID><DEFAULTEXPEDITECODE></DEFAULTEXPEDITECODE><INTRASTATTRANSPORTMODECODE></INTRASTATTRANSPORTMODECODE><MODECODE>SCSHI-OCEA</MODECODE><MODEDESCRIPTION>SCSHIPPING-OCEAN</MODEDESCRIPTION><MODEDISPLAYORDER>0</MODEDISPLAYORDER></DLVDELIVERYMODEENTITY><DLVDELIVERYMODEENTITY><CHARGEDELIVERYGROUPID></CHARGEDELIVERYGROUPID><DEFAULTEXPEDITECODE></DEFAULTEXPEDITECODE><INTRASTATTRANSPORTMODECODE></INTRASTATTRANSPORTMODECODE><MODECODE>SEA</MODECODE><MODEDESCRIPTION>Sea</MODEDESCRIPTION><MODEDISPLAYORDER>0</MODEDISPLAYORDER></DLVDELIVERYMODEENTITY><DLVDELIVERYMODEENTITY><CHARGEDELIVERYGROUPID></CHARGEDELIVERYGROUPID><DEFAULTEXPEDITECODE></DEFAULTEXPEDITECODE><INTRASTATTRANSPORTMODECODE></INTRASTATTRANSPORTMODECODE><MODECODE>TELEPORT</MODECODE><MODEDESCRIPTION>Teleportation</MODEDESCRIPTION><MODEDISPLAYORDER>0</MODEDISPLAYORDER></DLVDELIVERYMODEENTITY></Document>