﻿<?xml version="1.0" encoding="utf-8"?><Document><PAYMENTSCHEDULEENTITY><ALLOCATIONMETHOD>Specified</ALLOCATIONMETHOD><CHARGEALLOCATIONMETHOD>Proportional</CHARGEALLOCATIONMETHOD><DESCRIPTION>Declinig Payments over 6 Months</DESCRIPTION><FIXEDPAYMENTAMOUNT>0.000000</FIXEDPAYMENTAMOUNT><INSTALLMENTMAXIMUMORDERAMOUNT>0.000000</INSTALLMENTMAXIMUMORDERAMOUNT><INSTALLMENTMINIMUMORDERAMOUNT>0.000000</INSTALLMENTMINIMUMORDERAMOUNT><ISFLEXIBLEINSTALLMENTPLAN>No</ISFLEXIBLEINSTALLMENTPLAN><MINIMUMPAYMENTAMOUNT>0.000000</MINIMUMPAYMENTAMOUNT><NAME>6MDECL</NAME><NOTES></NOTES><NUMBEROFPAYMENTS>0</NUMBEROFPAYMENTS><PAYMENTFREQUENCY>0</PAYMENTFREQUENCY><PAYMENTFREQUENCYUNITS>Day</PAYMENTFREQUENCYUNITS><SALESTAXALLOCATIONMETHOD>Proportional</SALESTAXALLOCATIONMETHOD></PAYMENTSCHEDULEENTITY><PAYMENTSCHEDULEENTITY><ALLOCATIONMETHOD>NumOfPayment</ALLOCATIONMETHOD><CHARGEALLOCATIONMETHOD>Proportional</CHARGEALLOCATIONMETHOD><DESCRIPTION>Equal Payments over 9 Months</DESCRIPTION><FIXEDPAYMENTAMOUNT>0.000000</FIXEDPAYMENTAMOUNT><INSTALLMENTMAXIMUMORDERAMOUNT>0.000000</INSTALLMENTMAXIMUMORDERAMOUNT><INSTALLMENTMINIMUMORDERAMOUNT>0.000000</INSTALLMENTMINIMUMORDERAMOUNT><ISFLEXIBLEINSTALLMENTPLAN>No</ISFLEXIBLEINSTALLMENTPLAN><MINIMUMPAYMENTAMOUNT>0.000000</MINIMUMPAYMENTAMOUNT><NAME>9MONTH</NAME><NOTES></NOTES><NUMBEROFPAYMENTS>9</NUMBEROFPAYMENTS><PAYMENTFREQUENCY>1</PAYMENTFREQUENCY><PAYMENTFREQUENCYUNITS>Month</PAYMENTFREQUENCYUNITS><SALESTAXALLOCATIONMETHOD>Proportional</SALESTAXALLOCATIONMETHOD></PAYMENTSCHEDULEENTITY></Document>