﻿<?xml version="1.0" encoding="utf-8"?><Document><PAYMENTSCHEDULELINEENTITY><ISSHIPPINGLINE>No</ISSHIPPINGLINE><LINENUMBER>1.0000000000000000</LINENUMBER><PAYMENTSCHEDULENAME>6MDECL</PAYMENTSCHEDULENAME><PERCENTORAMOUNT>Percent</PERCENTORAMOUNT><PERCENTORAMOUNTVALUE>40.000000</PERCENTORAMOUNTVALUE><PERIODSAFTERDUEDATE>1</PERIODSAFTERDUEDATE></PAYMENTSCHEDULELINEENTITY><PAYMENTSCHEDULELINEENTITY><ISSHIPPINGLINE>No</ISSHIPPINGLINE><LINENUMBER>2.0000000000000000</LINENUMBER><PAYMENTSCHEDULENAME>6MDECL</PAYMENTSCHEDULENAME><PERCENTORAMOUNT>Percent</PERCENTORAMOUNT><PERCENTORAMOUNTVALUE>20.000000</PERCENTORAMOUNTVALUE><PERIODSAFTERDUEDATE>2</PERIODSAFTERDUEDATE></PAYMENTSCHEDULELINEENTITY><PAYMENTSCHEDULELINEENTITY><ISSHIPPINGLINE>No</ISSHIPPINGLINE><LINENUMBER>3.0000000000000000</LINENUMBER><PAYMENTSCHEDULENAME>6MDECL</PAYMENTSCHEDULENAME><PERCENTORAMOUNT>Percent</PERCENTORAMOUNT><PERCENTORAMOUNTVALUE>10.000000</PERCENTORAMOUNTVALUE><PERIODSAFTERDUEDATE>3</PERIODSAFTERDUEDATE></PAYMENTSCHEDULELINEENTITY><PAYMENTSCHEDULELINEENTITY><ISSHIPPINGLINE>No</ISSHIPPINGLINE><LINENUMBER>4.0000000000000000</LINENUMBER><PAYMENTSCHEDULENAME>6MDECL</PAYMENTSCHEDULENAME><PERCENTORAMOUNT>Percent</PERCENTORAMOUNT><PERCENTORAMOUNTVALUE>10.000000</PERCENTORAMOUNTVALUE><PERIODSAFTERDUEDATE>4</PERIODSAFTERDUEDATE></PAYMENTSCHEDULELINEENTITY><PAYMENTSCHEDULELINEENTITY><ISSHIPPINGLINE>No</ISSHIPPINGLINE><LINENUMBER>5.0000000000000000</LINENUMBER><PAYMENTSCHEDULENAME>6MDECL</PAYMENTSCHEDULENAME><PERCENTORAMOUNT>Percent</PERCENTORAMOUNT><PERCENTORAMOUNTVALUE>10.000000</PERCENTORAMOUNTVALUE><PERIODSAFTERDUEDATE>5</PERIODSAFTERDUEDATE></PAYMENTSCHEDULELINEENTITY><PAYMENTSCHEDULELINEENTITY><ISSHIPPINGLINE>No</ISSHIPPINGLINE><LINENUMBER>6.0000000000000000</LINENUMBER><PAYMENTSCHEDULENAME>6MDECL</PAYMENTSCHEDULENAME><PERCENTORAMOUNT>Percent</PERCENTORAMOUNT><PERCENTORAMOUNTVALUE>10.000000</PERCENTORAMOUNTVALUE><PERIODSAFTERDUEDATE>6</PERIODSAFTERDUEDATE></PAYMENTSCHEDULELINEENTITY></Document>