﻿<?xml version="1.0" encoding="utf-8"?><Document><PRICEDISCPRICECUSTOMERGROUPENTITY><GROUPCODE>MAJOR</GROUPCODE><GROUPNAME>Major Customers</GROUPNAME><PRICINGPRIORITY>0</PRICINGPRIORITY></PRICEDISCPRICECUSTOMERGROUPENTITY><PRICEDISCPRICECUSTOMERGROUPENTITY><GROUPCODE>RETAIL</GROUPCODE><GROUPNAME>Retail Customers</GROUPNAME><PRICINGPRIORITY>0</PRICINGPRIORITY></PRICEDISCPRICECUSTOMERGROUPENTITY><PRICEDISCPRICECUSTOMERGROUPENTITY><GROUPCODE>VIP</GROUPCODE><GROUPNAME>VIP Customers</GROUPNAME><PRICINGPRIORITY>0</PRICINGPRIORITY></PRICEDISCPRICECUSTOMERGROUPENTITY><PRICEDISCPRICECUSTOMERGROUPENTITY><GROUPCODE>WHOLESALE</GROUPCODE><GROUPNAME>Wholesale Customers</GROUPNAME><PRICINGPRIORITY>0</PRICINGPRIORITY></PRICEDISCPRICECUSTOMERGROUPENTITY></Document>