﻿<?xml version="1.0" encoding="utf-8"?><Document><ECORESPRODUCTCATEGORYHIERARCHYTRANSLATIONENTITY><LANGUAGEID>en-us</LANGUAGEID><PRODUCTCATEGORYHIERARCHYNAME><![CDATA[Global Product & Service Hierarchy]]></PRODUCTCATEGORYHIERARCHYNAME><TRANSLATEDHIERARCHYDESCRIPTION><![CDATA[The Global Product & Service Hierarchy is comprehensive and will be used universally across all types of products and services within the organization. It is broad enough to encompass everything while clearly conveying its purpose.]]></TRANSLATEDHIERARCHYDESCRIPTION><TRANSLATEDHIERARCHYHELPTEXT></TRANSLATEDHIERARCHYHELPTEXT></ECORESPRODUCTCATEGORYHIERARCHYTRANSLATIONENTITY><ECORESPRODUCTCATEGORYHIERARCHYTRANSLATIONENTITY><LANGUAGEID>en-us</LANGUAGEID><PRODUCTCATEGORYHIERARCHYNAME>TAGS</PRODUCTCATEGORYHIERARCHYNAME><TRANSLATEDHIERARCHYDESCRIPTION>Tags</TRANSLATEDHIERARCHYDESCRIPTION><TRANSLATEDHIERARCHYHELPTEXT></TRANSLATEDHIERARCHYHELPTEXT></ECORESPRODUCTCATEGORYHIERARCHYTRANSLATIONENTITY></Document>