﻿<?xml version="1.0" encoding="utf-8"?><Document><TAXCODEENTITY><CALCULATEUNITTAXBEFORESALESTAX /><NEGATIVETAX /><PACKINGDUTY /><PACKINGDUTYSORTCODE /><PAYMENTTAXCODEID /><PRINTCODE /><PRINTCODETYPE /><REPORTINGCODESALESTAXPAYABLE /><REPORTINGCODESALESTAXPAYABLECREDITNOTE /><REPORTINGCODESALESTAXRECEIVABLE /><REPORTINGCODESALESTAXRECEIVABLECREDITNOTE /><REPORTINGCODETAXABLEIMPORT /><REPORTINGCODETAXABLEIMPORTCREDITNOTE /><REPORTINGCODETAXABLEIMPORTOFFSET /><REPORTINGCODETAXABLEIMPORTOFFSETCREDITNOTE /><REPORTINGCODETAXABLEPURCHASES /><REPORTINGCODETAXABLEPURCHASESCREDITNOTE /><REPORTINGCODETAXABLESALES /><REPORTINGCODETAXABLESALESCREDITNOTE /><REPORTINGCODETAXFREEPURCHASE /><REPORTINGCODETAXFREEPURCHASECREDITNOTE /><REPORTINGCODETAXFREESALE /><REPORTINGCODETAXFREESALECREDITNOTE /><REPORTINGCODEUSETAX /><REPORTINGCODEUSETAXCREDITNOTE /><REPORTINGCODEUSETAXOFFSET /><REPORTINGCODEUSETAXOFFSETCREDITNOTE /><TAXBASE /><TAXCALCULATIONMETHOD /><TAXCODE /><TAXCOUNTRYREGIONTYPE /><TAXCURRENCYCODEID /><TAXLIMITBASE /><TAXNAME /><TAXONTAX /><TAXPERIODID /><TAXPOSTINGGROUPID /><TAXROUNDOFF /><TAXROUNDOFFTYPE /><TAXUNITID /><TYPEOFTAX /></TAXCODEENTITY></Document>