﻿<?xml version="1.0" encoding="utf-8"?><Document><TAXAUTHORITYENTITY><BUILDINGCOMPLIMENT /><CELLULARPHONE /><CITY /><COUNTRY /><COUNTRYISOCODE /><COUNTY /><DESCRIPTION /><DISTRICTNAME /><EMAIL /><LATITUDE /><LOCATION /><LONGITUDE /><PAGER /><PHONE /><PHONELOCAL /><POSTBOX /><REPORTLAYOUT /><ROUNDOFF /><ROUNDOFFTYPE /><SMS /><STATE /><STREET /><STREETNUMBER /><TAXAUTHORITYCODE /><TAXAUTHORITYIDENTIFICATION /><TELEFAX /><TELEX /><TIMEZONE /><URL /><VENDORACCOUNTNUM /><ZIPCODE /></TAXAUTHORITYENTITY></Document>