﻿<?xml version="1.0" encoding="utf-8"?><Document><TAXPARAMETERSENTITY><ADJUSTTAXFOROVERUNDERPAYMENT>No</ADJUSTTAXFOROVERUNDERPAYMENT><AMOUNTSINCLUDETAXINJOURNALS>Yes</AMOUNTSINCLUDETAXINJOURNALS><AUTOTAXSEARCH>No</AUTOTAXSEARCH><CALCULATIONPRINCIPLE>Total</CALCULATIONPRINCIPLE><CHECKSALESTAXGROUPINTERSECTION>None</CHECKSALESTAXGROUPINTERSECTION><CHECKSALESTAXTRANSACTION>No</CHECKSALESTAXTRANSACTION><CONDITIONALTAX>No</CONDITIONALTAX><DEDUCTTAXBEFORECASHDISCOUNTCALCULATION>No</DEDUCTTAXBEFORECASHDISCOUNTCALCULATION><DEFAULTITEMSALESTAXGROUP></DEFAULTITEMSALESTAXGROUP><DEFAULTSALESTAXGROUP></DEFAULTSALESTAXGROUP><INCLUDEADJUSTMENTONREPORT>No</INCLUDEADJUSTMENTONREPORT><LEGALENTITYFORINTERCOMPANYTAX>Destination</LEGALENTITYFORINTERCOMPANYTAX><MANDATORYTAXDIRECTION>No</MANDATORYTAXDIRECTION><REVERSESALESTAXONCASHDISCOUNT>No</REVERSESALESTAXONCASHDISCOUNT><SALESTAXTAXATIONRULES>No</SALESTAXTAXATIONRULES><TAXCALCULATIONDATE>InvoiceDate</TAXCALCULATIONDATE><TAXPERINVOICELINE>No</TAXPERINVOICELINE><VALIDATETAXCODE>No</VALIDATETAXCODE></TAXPARAMETERSENTITY></Document>