﻿<?xml version="1.0" encoding="utf-8"?><Document><DELIVERYTERMSENTITY><DORETAILSALESORDERSGETTRANSPORTATIONCHARGESADDED></DORETAILSALESORDERSGETTRANSPORTATIONCHARGESADDED><FREIGHTCHARGETERMS>Prepaid</FREIGHTCHARGETERMS><GOODSINTRANSITCONTROL>No</GOODSINTRANSITCONTROL><INTRASTATCODE></INTRASTATCODE><ISCASHONDELIVERY></ISCASHONDELIVERY><PORTMANDATORY>No</PORTMANDATORY><SALESTAXLOCATIONROLE>None</SALESTAXLOCATIONROLE><TERMSCODE>CFR</TERMSCODE><TERMSDESCRIPTION>Cost and Freight</TERMSDESCRIPTION><WILLSHIPMENTCONFIRMATIONTRANSFERCHARGES></WILLSHIPMENTCONFIRMATIONTRANSFERCHARGES></DELIVERYTERMSENTITY><DELIVERYTERMSENTITY><DORETAILSALESORDERSGETTRANSPORTATIONCHARGESADDED></DORETAILSALESORDERSGETTRANSPORTATIONCHARGESADDED><FREIGHTCHARGETERMS>Prepaid</FREIGHTCHARGETERMS><GOODSINTRANSITCONTROL>No</GOODSINTRANSITCONTROL><INTRASTATCODE></INTRASTATCODE><ISCASHONDELIVERY></ISCASHONDELIVERY><PORTMANDATORY>No</PORTMANDATORY><SALESTAXLOCATIONROLE>None</SALESTAXLOCATIONROLE><TERMSCODE>CIF</TERMSCODE><TERMSDESCRIPTION><![CDATA[Cost, Insurance & Freight]]></TERMSDESCRIPTION><WILLSHIPMENTCONFIRMATIONTRANSFERCHARGES></WILLSHIPMENTCONFIRMATIONTRANSFERCHARGES></DELIVERYTERMSENTITY><DELIVERYTERMSENTITY><DORETAILSALESORDERSGETTRANSPORTATIONCHARGESADDED></DORETAILSALESORDERSGETTRANSPORTATIONCHARGESADDED><FREIGHTCHARGETERMS>Prepaid</FREIGHTCHARGETERMS><GOODSINTRANSITCONTROL>No</GOODSINTRANSITCONTROL><INTRASTATCODE></INTRASTATCODE><ISCASHONDELIVERY></ISCASHONDELIVERY><PORTMANDATORY>No</PORTMANDATORY><SALESTAXLOCATIONROLE>None</SALESTAXLOCATIONROLE><TERMSCODE>DDP</TERMSCODE><TERMSDESCRIPTION>Delivered Duty Paid</TERMSDESCRIPTION><WILLSHIPMENTCONFIRMATIONTRANSFERCHARGES></WILLSHIPMENTCONFIRMATIONTRANSFERCHARGES></DELIVERYTERMSENTITY><DELIVERYTERMSENTITY><DORETAILSALESORDERSGETTRANSPORTATIONCHARGESADDED></DORETAILSALESORDERSGETTRANSPORTATIONCHARGESADDED><FREIGHTCHARGETERMS>Prepaid</FREIGHTCHARGETERMS><GOODSINTRANSITCONTROL>No</GOODSINTRANSITCONTROL><INTRASTATCODE></INTRASTATCODE><ISCASHONDELIVERY></ISCASHONDELIVERY><PORTMANDATORY>No</PORTMANDATORY><SALESTAXLOCATIONROLE>None</SALESTAXLOCATIONROLE><TERMSCODE>DEX</TERMSCODE><TERMSDESCRIPTION>Duty Ex Ship</TERMSDESCRIPTION><WILLSHIPMENTCONFIRMATIONTRANSFERCHARGES></WILLSHIPMENTCONFIRMATIONTRANSFERCHARGES></DELIVERYTERMSENTITY><DELIVERYTERMSENTITY><DORETAILSALESORDERSGETTRANSPORTATIONCHARGESADDED></DORETAILSALESORDERSGETTRANSPORTATIONCHARGESADDED><FREIGHTCHARGETERMS>Prepaid</FREIGHTCHARGETERMS><GOODSINTRANSITCONTROL>No</GOODSINTRANSITCONTROL><INTRASTATCODE></INTRASTATCODE><ISCASHONDELIVERY></ISCASHONDELIVERY><PORTMANDATORY>No</PORTMANDATORY><SALESTAXLOCATIONROLE>None</SALESTAXLOCATIONROLE><TERMSCODE>EXW</TERMSCODE><TERMSDESCRIPTION>Ex Works</TERMSDESCRIPTION><WILLSHIPMENTCONFIRMATIONTRANSFERCHARGES></WILLSHIPMENTCONFIRMATIONTRANSFERCHARGES></DELIVERYTERMSENTITY><DELIVERYTERMSENTITY><DORETAILSALESORDERSGETTRANSPORTATIONCHARGESADDED></DORETAILSALESORDERSGETTRANSPORTATIONCHARGESADDED><FREIGHTCHARGETERMS>Prepaid</FREIGHTCHARGETERMS><GOODSINTRANSITCONTROL>No</GOODSINTRANSITCONTROL><INTRASTATCODE></INTRASTATCODE><ISCASHONDELIVERY></ISCASHONDELIVERY><PORTMANDATORY>No</PORTMANDATORY><SALESTAXLOCATIONROLE>None</SALESTAXLOCATIONROLE><TERMSCODE>FAS</TERMSCODE><TERMSDESCRIPTION>Free Along Ship</TERMSDESCRIPTION><WILLSHIPMENTCONFIRMATIONTRANSFERCHARGES></WILLSHIPMENTCONFIRMATIONTRANSFERCHARGES></DELIVERYTERMSENTITY><DELIVERYTERMSENTITY><DORETAILSALESORDERSGETTRANSPORTATIONCHARGESADDED></DORETAILSALESORDERSGETTRANSPORTATIONCHARGESADDED><FREIGHTCHARGETERMS>Prepaid</FREIGHTCHARGETERMS><GOODSINTRANSITCONTROL>No</GOODSINTRANSITCONTROL><INTRASTATCODE></INTRASTATCODE><ISCASHONDELIVERY></ISCASHONDELIVERY><PORTMANDATORY>No</PORTMANDATORY><SALESTAXLOCATIONROLE>None</SALESTAXLOCATIONROLE><TERMSCODE>FCA</TERMSCODE><TERMSDESCRIPTION>Free Carrier (Place)</TERMSDESCRIPTION><WILLSHIPMENTCONFIRMATIONTRANSFERCHARGES></WILLSHIPMENTCONFIRMATIONTRANSFERCHARGES></DELIVERYTERMSENTITY><DELIVERYTERMSENTITY><DORETAILSALESORDERSGETTRANSPORTATIONCHARGESADDED></DORETAILSALESORDERSGETTRANSPORTATIONCHARGESADDED><FREIGHTCHARGETERMS>Prepaid</FREIGHTCHARGETERMS><GOODSINTRANSITCONTROL>No</GOODSINTRANSITCONTROL><INTRASTATCODE></INTRASTATCODE><ISCASHONDELIVERY></ISCASHONDELIVERY><PORTMANDATORY>No</PORTMANDATORY><SALESTAXLOCATIONROLE>None</SALESTAXLOCATIONROLE><TERMSCODE>FOB</TERMSCODE><TERMSDESCRIPTION>Free on Board</TERMSDESCRIPTION><WILLSHIPMENTCONFIRMATIONTRANSFERCHARGES></WILLSHIPMENTCONFIRMATIONTRANSFERCHARGES></DELIVERYTERMSENTITY></Document>