﻿<?xml version="1.0" encoding="utf-8"?><Document><PAYMENTTERMENTITY><CASHPAYMENTMAINACCOUNTIDDISPLAYVALUE>1010</CASHPAYMENTMAINACCOUNTIDDISPLAYVALUE><CREDITCARDCREDITCHECKTYPE>Normal</CREDITCARDCREDITCHECKTYPE><CREDITCARDPAYMENTTYPE>NA</CREDITCARDPAYMENTTYPE><CUSTOMERDUEDATEUPDATEPOLICY>NoUpdate</CUSTOMERDUEDATEUPDATEPOLICY><CUTOFFDAYOFMONTH>0</CUTOFFDAYOFMONTH><DESCRIPTION>Cash</DESCRIPTION><ISCASHPAYMENT>Yes</ISCASHPAYMENT><ISCERTIFIEDCOMPANYCHECK>No</ISCERTIFIEDCOMPANYCHECK><ISDEFAULTPAYMENTTERM>No</ISDEFAULTPAYMENTTERM><NAME>CASH</NAME><NUMBEROFDAYS>0</NUMBEROFDAYS><NUMBEROFMONTHS>0</NUMBEROFMONTHS><PAYMENTDAYNAME></PAYMENTDAYNAME><PAYMENTMETHODTYPE>COD</PAYMENTMETHODTYPE><PAYMENTSCHEDULENAME></PAYMENTSCHEDULENAME><VENDORDUEDATEUPDATEPOLICY>NoUpdate</VENDORDUEDATEUPDATEPOLICY></PAYMENTTERMENTITY><PAYMENTTERMENTITY><CASHPAYMENTMAINACCOUNTIDDISPLAYVALUE>1000</CASHPAYMENTMAINACCOUNTIDDISPLAYVALUE><CREDITCARDCREDITCHECKTYPE>Normal</CREDITCARDCREDITCHECKTYPE><CREDITCARDPAYMENTTYPE>NA</CREDITCARDPAYMENTTYPE><CUSTOMERDUEDATEUPDATEPOLICY>NoUpdate</CUSTOMERDUEDATEUPDATEPOLICY><CUTOFFDAYOFMONTH>0</CUTOFFDAYOFMONTH><DESCRIPTION>Coin</DESCRIPTION><ISCASHPAYMENT>Yes</ISCASHPAYMENT><ISCERTIFIEDCOMPANYCHECK>No</ISCERTIFIEDCOMPANYCHECK><ISDEFAULTPAYMENTTERM>No</ISDEFAULTPAYMENTTERM><NAME>COIN</NAME><NUMBEROFDAYS>0</NUMBEROFDAYS><NUMBEROFMONTHS>0</NUMBEROFMONTHS><PAYMENTDAYNAME></PAYMENTDAYNAME><PAYMENTMETHODTYPE>COD</PAYMENTMETHODTYPE><PAYMENTSCHEDULENAME></PAYMENTSCHEDULENAME><VENDORDUEDATEUPDATEPOLICY>NoUpdate</VENDORDUEDATEUPDATEPOLICY></PAYMENTTERMENTITY><PAYMENTTERMENTITY><CASHPAYMENTMAINACCOUNTIDDISPLAYVALUE></CASHPAYMENTMAINACCOUNTIDDISPLAYVALUE><CREDITCARDCREDITCHECKTYPE>Normal</CREDITCARDCREDITCHECKTYPE><CREDITCARDPAYMENTTYPE>NA</CREDITCARDPAYMENTTYPE><CUSTOMERDUEDATEUPDATEPOLICY>NoUpdate</CUSTOMERDUEDATEUPDATEPOLICY><CUTOFFDAYOFMONTH>0</CUTOFFDAYOFMONTH><DESCRIPTION>Declining Payments over 6 Months</DESCRIPTION><ISCASHPAYMENT>No</ISCASHPAYMENT><ISCERTIFIEDCOMPANYCHECK>No</ISCERTIFIEDCOMPANYCHECK><ISDEFAULTPAYMENTTERM>No</ISDEFAULTPAYMENTTERM><NAME>DECL6M</NAME><NUMBEROFDAYS>0</NUMBEROFDAYS><NUMBEROFMONTHS>0</NUMBEROFMONTHS><PAYMENTDAYNAME></PAYMENTDAYNAME><PAYMENTMETHODTYPE>Net</PAYMENTMETHODTYPE><PAYMENTSCHEDULENAME>6MDECL</PAYMENTSCHEDULENAME><VENDORDUEDATEUPDATEPOLICY>NoUpdate</VENDORDUEDATEUPDATEPOLICY></PAYMENTTERMENTITY><PAYMENTTERMENTITY><CASHPAYMENTMAINACCOUNTIDDISPLAYVALUE></CASHPAYMENTMAINACCOUNTIDDISPLAYVALUE><CREDITCARDCREDITCHECKTYPE>Normal</CREDITCARDCREDITCHECKTYPE><CREDITCARDPAYMENTTYPE>NA</CREDITCARDPAYMENTTYPE><CUSTOMERDUEDATEUPDATEPOLICY>NoUpdate</CUSTOMERDUEDATEUPDATEPOLICY><CUTOFFDAYOFMONTH>0</CUTOFFDAYOFMONTH><DESCRIPTION>15th Day of the Month</DESCRIPTION><ISCASHPAYMENT>No</ISCASHPAYMENT><ISCERTIFIEDCOMPANYCHECK>No</ISCERTIFIEDCOMPANYCHECK><ISDEFAULTPAYMENTTERM>No</ISDEFAULTPAYMENTTERM><NAME>DOM15</NAME><NUMBEROFDAYS>0</NUMBEROFDAYS><NUMBEROFMONTHS>0</NUMBEROFMONTHS><PAYMENTDAYNAME>15DOM</PAYMENTDAYNAME><PAYMENTMETHODTYPE>CurrentMth</PAYMENTMETHODTYPE><PAYMENTSCHEDULENAME></PAYMENTSCHEDULENAME><VENDORDUEDATEUPDATEPOLICY>NoUpdate</VENDORDUEDATEUPDATEPOLICY></PAYMENTTERMENTITY><PAYMENTTERMENTITY><CASHPAYMENTMAINACCOUNTIDDISPLAYVALUE></CASHPAYMENTMAINACCOUNTIDDISPLAYVALUE><CREDITCARDCREDITCHECKTYPE>Normal</CREDITCARDCREDITCHECKTYPE><CREDITCARDPAYMENTTYPE>NA</CREDITCARDPAYMENTTYPE><CUSTOMERDUEDATEUPDATEPOLICY>NoUpdate</CUSTOMERDUEDATEUPDATEPOLICY><CUTOFFDAYOFMONTH>0</CUTOFFDAYOFMONTH><DESCRIPTION></DESCRIPTION><ISCASHPAYMENT>No</ISCASHPAYMENT><ISCERTIFIEDCOMPANYCHECK>No</ISCERTIFIEDCOMPANYCHECK><ISDEFAULTPAYMENTTERM>No</ISDEFAULTPAYMENTTERM><NAME>DOM20</NAME><NUMBEROFDAYS>0</NUMBEROFDAYS><NUMBEROFMONTHS>0</NUMBEROFMONTHS><PAYMENTDAYNAME>20DOM</PAYMENTDAYNAME><PAYMENTMETHODTYPE>CurrentMth</PAYMENTMETHODTYPE><PAYMENTSCHEDULENAME></PAYMENTSCHEDULENAME><VENDORDUEDATEUPDATEPOLICY>NoUpdate</VENDORDUEDATEUPDATEPOLICY></PAYMENTTERMENTITY><PAYMENTTERMENTITY><CASHPAYMENTMAINACCOUNTIDDISPLAYVALUE></CASHPAYMENTMAINACCOUNTIDDISPLAYVALUE><CREDITCARDCREDITCHECKTYPE>Normal</CREDITCARDCREDITCHECKTYPE><CREDITCARDPAYMENTTYPE>NA</CREDITCARDPAYMENTTYPE><CUSTOMERDUEDATEUPDATEPOLICY>NoUpdate</CUSTOMERDUEDATEUPDATEPOLICY><CUTOFFDAYOFMONTH>0</CUTOFFDAYOFMONTH><DESCRIPTION>Net 1 Day</DESCRIPTION><ISCASHPAYMENT>No</ISCASHPAYMENT><ISCERTIFIEDCOMPANYCHECK>No</ISCERTIFIEDCOMPANYCHECK><ISDEFAULTPAYMENTTERM>No</ISDEFAULTPAYMENTTERM><NAME>NET01</NAME><NUMBEROFDAYS>1</NUMBEROFDAYS><NUMBEROFMONTHS>0</NUMBEROFMONTHS><PAYMENTDAYNAME></PAYMENTDAYNAME><PAYMENTMETHODTYPE>Net</PAYMENTMETHODTYPE><PAYMENTSCHEDULENAME></PAYMENTSCHEDULENAME><VENDORDUEDATEUPDATEPOLICY>NoUpdate</VENDORDUEDATEUPDATEPOLICY></PAYMENTTERMENTITY><PAYMENTTERMENTITY><CASHPAYMENTMAINACCOUNTIDDISPLAYVALUE></CASHPAYMENTMAINACCOUNTIDDISPLAYVALUE><CREDITCARDCREDITCHECKTYPE>Normal</CREDITCARDCREDITCHECKTYPE><CREDITCARDPAYMENTTYPE>NA</CREDITCARDPAYMENTTYPE><CUSTOMERDUEDATEUPDATEPOLICY>NoUpdate</CUSTOMERDUEDATEUPDATEPOLICY><CUTOFFDAYOFMONTH>0</CUTOFFDAYOFMONTH><DESCRIPTION>Net 10 Days</DESCRIPTION><ISCASHPAYMENT>No</ISCASHPAYMENT><ISCERTIFIEDCOMPANYCHECK>No</ISCERTIFIEDCOMPANYCHECK><ISDEFAULTPAYMENTTERM>No</ISDEFAULTPAYMENTTERM><NAME>NET10</NAME><NUMBEROFDAYS>10</NUMBEROFDAYS><NUMBEROFMONTHS>0</NUMBEROFMONTHS><PAYMENTDAYNAME></PAYMENTDAYNAME><PAYMENTMETHODTYPE>Net</PAYMENTMETHODTYPE><PAYMENTSCHEDULENAME></PAYMENTSCHEDULENAME><VENDORDUEDATEUPDATEPOLICY>NoUpdate</VENDORDUEDATEUPDATEPOLICY></PAYMENTTERMENTITY><PAYMENTTERMENTITY><CASHPAYMENTMAINACCOUNTIDDISPLAYVALUE></CASHPAYMENTMAINACCOUNTIDDISPLAYVALUE><CREDITCARDCREDITCHECKTYPE>Normal</CREDITCARDCREDITCHECKTYPE><CREDITCARDPAYMENTTYPE>NA</CREDITCARDPAYMENTTYPE><CUSTOMERDUEDATEUPDATEPOLICY>NoUpdate</CUSTOMERDUEDATEUPDATEPOLICY><CUTOFFDAYOFMONTH>0</CUTOFFDAYOFMONTH><DESCRIPTION>Net 15 Days</DESCRIPTION><ISCASHPAYMENT>No</ISCASHPAYMENT><ISCERTIFIEDCOMPANYCHECK>No</ISCERTIFIEDCOMPANYCHECK><ISDEFAULTPAYMENTTERM>No</ISDEFAULTPAYMENTTERM><NAME>NET15</NAME><NUMBEROFDAYS>15</NUMBEROFDAYS><NUMBEROFMONTHS>0</NUMBEROFMONTHS><PAYMENTDAYNAME></PAYMENTDAYNAME><PAYMENTMETHODTYPE>Net</PAYMENTMETHODTYPE><PAYMENTSCHEDULENAME></PAYMENTSCHEDULENAME><VENDORDUEDATEUPDATEPOLICY>NoUpdate</VENDORDUEDATEUPDATEPOLICY></PAYMENTTERMENTITY><PAYMENTTERMENTITY><CASHPAYMENTMAINACCOUNTIDDISPLAYVALUE></CASHPAYMENTMAINACCOUNTIDDISPLAYVALUE><CREDITCARDCREDITCHECKTYPE>Normal</CREDITCARDCREDITCHECKTYPE><CREDITCARDPAYMENTTYPE>NA</CREDITCARDPAYMENTTYPE><CUSTOMERDUEDATEUPDATEPOLICY>NoUpdate</CUSTOMERDUEDATEUPDATEPOLICY><CUTOFFDAYOFMONTH>0</CUTOFFDAYOFMONTH><DESCRIPTION>Net 30 Days</DESCRIPTION><ISCASHPAYMENT>No</ISCASHPAYMENT><ISCERTIFIEDCOMPANYCHECK>No</ISCERTIFIEDCOMPANYCHECK><ISDEFAULTPAYMENTTERM>No</ISDEFAULTPAYMENTTERM><NAME>NET20</NAME><NUMBEROFDAYS>30</NUMBEROFDAYS><NUMBEROFMONTHS>0</NUMBEROFMONTHS><PAYMENTDAYNAME></PAYMENTDAYNAME><PAYMENTMETHODTYPE>Net</PAYMENTMETHODTYPE><PAYMENTSCHEDULENAME></PAYMENTSCHEDULENAME><VENDORDUEDATEUPDATEPOLICY>NoUpdate</VENDORDUEDATEUPDATEPOLICY></PAYMENTTERMENTITY><PAYMENTTERMENTITY><CASHPAYMENTMAINACCOUNTIDDISPLAYVALUE></CASHPAYMENTMAINACCOUNTIDDISPLAYVALUE><CREDITCARDCREDITCHECKTYPE>Normal</CREDITCARDCREDITCHECKTYPE><CREDITCARDPAYMENTTYPE>NA</CREDITCARDPAYMENTTYPE><CUSTOMERDUEDATEUPDATEPOLICY>NoUpdate</CUSTOMERDUEDATEUPDATEPOLICY><CUTOFFDAYOFMONTH>0</CUTOFFDAYOFMONTH><DESCRIPTION>Ney 30 Days</DESCRIPTION><ISCASHPAYMENT>No</ISCASHPAYMENT><ISCERTIFIEDCOMPANYCHECK>No</ISCERTIFIEDCOMPANYCHECK><ISDEFAULTPAYMENTTERM>No</ISDEFAULTPAYMENTTERM><NAME>NET30</NAME><NUMBEROFDAYS>30</NUMBEROFDAYS><NUMBEROFMONTHS>0</NUMBEROFMONTHS><PAYMENTDAYNAME></PAYMENTDAYNAME><PAYMENTMETHODTYPE>Net</PAYMENTMETHODTYPE><PAYMENTSCHEDULENAME></PAYMENTSCHEDULENAME><VENDORDUEDATEUPDATEPOLICY>NoUpdate</VENDORDUEDATEUPDATEPOLICY></PAYMENTTERMENTITY><PAYMENTTERMENTITY><CASHPAYMENTMAINACCOUNTIDDISPLAYVALUE></CASHPAYMENTMAINACCOUNTIDDISPLAYVALUE><CREDITCARDCREDITCHECKTYPE>Normal</CREDITCARDCREDITCHECKTYPE><CREDITCARDPAYMENTTYPE>NA</CREDITCARDPAYMENTTYPE><CUSTOMERDUEDATEUPDATEPOLICY>NoUpdate</CUSTOMERDUEDATEUPDATEPOLICY><CUTOFFDAYOFMONTH>0</CUTOFFDAYOFMONTH><DESCRIPTION>Payment on Delivery</DESCRIPTION><ISCASHPAYMENT>No</ISCASHPAYMENT><ISCERTIFIEDCOMPANYCHECK>No</ISCERTIFIEDCOMPANYCHECK><ISDEFAULTPAYMENTTERM>No</ISDEFAULTPAYMENTTERM><NAME>POD</NAME><NUMBEROFDAYS>0</NUMBEROFDAYS><NUMBEROFMONTHS>0</NUMBEROFMONTHS><PAYMENTDAYNAME></PAYMENTDAYNAME><PAYMENTMETHODTYPE>COD</PAYMENTMETHODTYPE><PAYMENTSCHEDULENAME></PAYMENTSCHEDULENAME><VENDORDUEDATEUPDATEPOLICY>NoUpdate</VENDORDUEDATEUPDATEPOLICY></PAYMENTTERMENTITY><PAYMENTTERMENTITY><CASHPAYMENTMAINACCOUNTIDDISPLAYVALUE></CASHPAYMENTMAINACCOUNTIDDISPLAYVALUE><CREDITCARDCREDITCHECKTYPE>Normal</CREDITCARDCREDITCHECKTYPE><CREDITCARDPAYMENTTYPE>NA</CREDITCARDPAYMENTTYPE><CUSTOMERDUEDATEUPDATEPOLICY>NoUpdate</CUSTOMERDUEDATEUPDATEPOLICY><CUTOFFDAYOFMONTH>0</CUTOFFDAYOFMONTH><DESCRIPTION>Equal Payments over 9 Months</DESCRIPTION><ISCASHPAYMENT>No</ISCASHPAYMENT><ISCERTIFIEDCOMPANYCHECK>No</ISCERTIFIEDCOMPANYCHECK><ISDEFAULTPAYMENTTERM>No</ISDEFAULTPAYMENTTERM><NAME>SCH9M</NAME><NUMBEROFDAYS>0</NUMBEROFDAYS><NUMBEROFMONTHS>0</NUMBEROFMONTHS><PAYMENTDAYNAME></PAYMENTDAYNAME><PAYMENTMETHODTYPE>Net</PAYMENTMETHODTYPE><PAYMENTSCHEDULENAME>9MONTH</PAYMENTSCHEDULENAME><VENDORDUEDATEUPDATEPOLICY>NoUpdate</VENDORDUEDATEUPDATEPOLICY></PAYMENTTERMENTITY></Document>