﻿<?xml version="1.0" encoding="utf-8"?><Document><VENDVENDORPARAMETERSENTITY><ACCOUNTINGCURRENCYEXCHANGERATETYPE></ACCOUNTINGCURRENCYEXCHANGERATETYPE><ACCRUALACCOUNTDISPLAYVALUE></ACCRUALACCOUNTDISPLAYVALUE><ACTIVATEINVOICEPAYMENTGROUPS>No</ACTIVATEINVOICEPAYMENTGROUPS><ALLOCATIONKEY></ALLOCATIONKEY><ALLOWCANCELINVOICEENABLE>No</ALLOWCANCELINVOICEENABLE><ALLOWMATCHINGPOLICYOVERRIDE>HigherOnly</ALLOWMATCHINGPOLICYOVERRIDE><APPLYPRICEDISCONPURCHLINEENTITY>No</APPLYPRICEDISCONPURCHLINEENTITY><AUTOMATICHEADERMATCHING>Unknown</AUTOMATICHEADERMATCHING><AUTOMATIONMATCHINGPRIORTOWORKFLOW>No</AUTOMATIONMATCHINGPRIORTOWORKFLOW><AUTOMATIONPRODUCTRECEIPTMATCHING>No</AUTOMATIONPRODUCTRECEIPTMATCHING><AUTOMATIONPRODUCTRECEIPTMATCHINGMAXATTEMPTS>24</AUTOMATIONPRODUCTRECEIPTMATCHINGMAXATTEMPTS><AUTOMATIONTOTALSREQFORWORKFLOWSUBMISSION>No</AUTOMATIONTOTALSREQFORWORKFLOWSUBMISSION><AUTOMATIONWORKFLOWSUBMISSION>No</AUTOMATIONWORKFLOWSUBMISSION><BROKERCATEGORYHIERARCHYNAME></BROKERCATEGORYHIERARCHYNAME><BROKERCATEGORYNAME></BROKERCATEGORYNAME><BYPASSVALIDATIONOFACCOUNTINGDISTRIBUTIONS>No</BYPASSVALIDATIONOFACCOUNTINGDISTRIBUTIONS><CASHDISCOUNTADMINISTRATION>Unspecific</CASHDISCOUNTADMINISTRATION><CASHFLOWLIQUIDITYACCOUNTFORPAYMENTSDISPLAYVALUE></CASHFLOWLIQUIDITYACCOUNTFORPAYMENTSDISPLAYVALUE><CASHFLOWPERCENTAGEOFAMOUNTTOALLOCATETOCASHFLOWFORECAST></CASHFLOWPERCENTAGEOFAMOUNTTOALLOCATETOCASHFLOWFORECAST><CASHFLOWTERMSOFPAYMENT></CASHFLOWTERMSOFPAYMENT><CASHFLOWTIMEBETWEENDELIVERYDATEANDINVOICEDATE></CASHFLOWTIMEBETWEENDELIVERYDATEANDINVOICEDATE><CASHFLOWTIMEBETWEENINVOICEDUEDATEANDPAYMENTDATE></CASHFLOWTIMEBETWEENINVOICEDUEDATEANDPAYMENTDATE><CATEGORYHIERARCHYNAME></CATEGORYHIERARCHYNAME><CATEGORYNAME></CATEGORYNAME><CHANGEPROPOSALDATAENTITYBEHAVIOR>AllowWithoutApproval</CHANGEPROPOSALDATAENTITYBEHAVIOR><CHANGEPROPOSALISENABLED>No</CHANGEPROPOSALISENABLED><CHARGESTOLERANCEPERCENTAGE>0.000000</CHARGESTOLERANCEPERCENTAGE><CREDITMAXCHECK>None</CREDITMAXCHECK><CREDITNOTEASCORRECTION>No</CREDITNOTEASCORRECTION><CUSTOMCODEFORINVOICEGROUPS></CUSTOMCODEFORINVOICEGROUPS><CUSTOMCODEFORWEBSERVICEINVOICES></CUSTOMCODEFORWEBSERVICEINVOICES><DEFAULTCODEFORINVOICEGROUPS>Username</DEFAULTCODEFORINVOICEGROUPS><DEFAULTFILTERFORVENDORTRANSACTIONS>All</DEFAULTFILTERFORVENDORTRANSACTIONS><DEFAULTSETTLEMENTTYPEFORCREDITNOTES>None</DEFAULTSETTLEMENTTYPEFORCREDITNOTES><DEFAULTVEND></DEFAULTVEND><DIFFERENTIALJOURNALNAME></DIFFERENTIALJOURNALNAME><DIMENSIONHIERARCHYISSYSTEMGENERATED></DIMENSIONHIERARCHYISSYSTEMGENERATED><DIMENSIONHIERARCHYTYPE></DIMENSIONHIERARCHYTYPE><DIMENSIONTREENAME></DIMENSIONTREENAME><DISABLEPAYMENTIDVALIDATION>No</DISABLEPAYMENTIDVALIDATION><DISCOUNTOFFSETACCOUNTS>AccountReceived</DISCOUNTOFFSETACCOUNTS><DISPLAYINVOICETOTALSMATCHICON>GreaterThan</DISPLAYINVOICETOTALSMATCHICON><DISPLAYMISCCHARGETOLERANCEICON>GreaterThan</DISPLAYMISCCHARGETOLERANCEICON><DISPLAYPRICEMATCHICON>GreaterThan</DISPLAYPRICEMATCHICON><DISPLAYPRICETOTALMATCHICON>GreaterThan</DISPLAYPRICETOTALMATCHICON><DRAFT></DRAFT><EDITCASHDISCOUNTSWHENDUEDATECHANGED>No</EDITCASHDISCOUNTSWHENDUEDATECHANGED><ENABLEINVOICEMATCHINGVALIDATION>Yes</ENABLEINVOICEMATCHINGVALIDATION><EXCHADJRATESOURCE>Ledger</EXCHADJRATESOURCE><EXCLUDECANCELLEDLINESFROMTOTALSCALCULATION>No</EXCLUDECANCELLEDLINESFROMTOTALSCALCULATION><EXPENSEJOURNALNAME></EXPENSEJOURNALNAME><INCLUDE3WAYMATCHING>No</INCLUDE3WAYMATCHING><INVOICEREMIT></INVOICEREMIT><INVOICETOTALSTOLERANCEPERCENTAGE>0.000000</INVOICETOTALSTOLERANCEPERCENTAGE><INVOICINGPERIOD></INVOICINGPERIOD><ISAUTOMATICSETTLEMENT>No</ISAUTOMATICSETTLEMENT><ISCASHDISCOUNTCALCULATEDFORCREDITNOTES>Yes</ISCASHDISCOUNTCALCULATEDFORCREDITNOTES><ISCASHDISCOUNTCALCULATEDFORPARTIALPAYMENTS>No</ISCASHDISCOUNTCALCULATEDFORPARTIALPAYMENTS><ISCASHDISCOUNTCALCULATEDONAMOUNTINCLUDINGSALESTAX>No</ISCASHDISCOUNTCALCULATEDONAMOUNTINCLUDINGSALESTAX><ISCHECKINVOICENUMBERUSED>NoDuplicate</ISCHECKINVOICENUMBERUSED><ISMATCHCHARGES>No</ISMATCHCHARGES><ISMATCHINVOICETOTALS>No</ISMATCHINVOICETOTALS><KEEPSALESTAXADJUSTMENTSFORPOINVOICES>No</KEEPSALESTAXADJUSTMENTSFORPOINVOICES><LINEMATCHINGPOLICY>ThreeWayMatch</LINEMATCHINGPOLICY><MANDATORYTAXGROUP>No</MANDATORYTAXGROUP><MANDATORYVATNUM>None</MANDATORYVATNUM><MANUALPOSTING>No</MANUALPOSTING><MATCHPRICETOTALS>None</MATCHPRICETOTALS><MAXIMUMOVERPAYMENTORUNDERPAYMENT>0.000000</MAXIMUMOVERPAYMENTORUNDERPAYMENT><MAXIMUMPENNYDIFFERENCE>0.000000</MAXIMUMPENNYDIFFERENCE><MAXINVOICESPERBATCH>5</MAXINVOICESPERBATCH><MAXWAITTIMEFORINVOICESCHEDULEDSTATUS_HOURS>12</MAXWAITTIMEFORINVOICESCHEDULEDSTATUS_HOURS><POLLINGINTERVAL_MINUTES>1</POLLINGINTERVAL_MINUTES><POSTINGPROFILE>GEN</POSTINGPROFILE><POSTINGPROFILEFORPAYMENTJOURNALWITHPREPAYMENT>PRE</POSTINGPROFILEFORPAYMENTJOURNALWITHPREPAYMENT><POSTINVOICEMATCHDISCREPANCIES>AllowWithWarning</POSTINVOICEMATCHDISCREPANCIES><POSTPRODUCTRECEIPTINLEDGER>Yes</POSTPRODUCTRECEIPTINLEDGER><POSTTOCHARGEACCOUNTINLEDGER>No</POSTTOCHARGEACCOUNTINLEDGER><PREPAYMENTINVOICEPOSTINGPROFILE>PRE</PREPAYMENTINVOICEPOSTINGPROFILE><PRIMARYDISCOUNTPOSTING>Item</PRIMARYDISCOUNTPOSTING><PRIMARYRECEIPTPOSTING>Item</PRIMARYRECEIPTPOSTING><PROMISSORYNOTES></PROMISSORYNOTES><PSNACTIVATEPURCHASINGCARD>No</PSNACTIVATEPURCHASINGCARD><PSNPOSTINGDEFINITIONCODE></PSNPOSTINGDEFINITIONCODE><PURCHAGREEMENTDIMENSIONNAME></PURCHAGREEMENTDIMENSIONNAME><PURCHASEPRICETOTALTOLERANCE>0.000000</PURCHASEPRICETOTALTOLERANCE><PURCHASEPRICETOTALTOLERANCEPERCENT>0.000000</PURCHASEPRICETOTALTOLERANCEPERCENT><PURCHPREPAYAPPLICATIONPOLICY>Notification</PURCHPREPAYAPPLICATIONPOLICY><REMITPROMISSORYNOTE></REMITPROMISSORYNOTE><REPORTINGCURRENCYEXCHANGERATETYPE></REPORTINGCURRENCYEXCHANGERATETYPE><REQUIREDOCUMENTDATEONVENDORINVOICE>None</REQUIREDOCUMENTDATEONVENDORINVOICE><RESPONSETOINVOICESTHATFAILVALIDATION>Warning</RESPONSETOINVOICESTHATFAILVALIDATION><ROYALTYACCRUALJOURNALNAME></ROYALTYACCRUALJOURNALNAME><ROYALTYEXPENSEACCOUNTDISPLAYVALUE></ROYALTYEXPENSEACCOUNTDISPLAYVALUE><SALESTAXONPREPAYMENTINPAYMENTJOURNAL>No</SALESTAXONPREPAYMENTINPAYMENTJOURNAL><SEQUENCENUMBER></SEQUENCENUMBER><SETTLEMENTWRITEOFFENABLED>No</SETTLEMENTWRITEOFFENABLED><SETTLEMENTWRITEOFFJOURNALNAME></SETTLEMENTWRITEOFFJOURNALNAME><SETTLEMENTWRITEOFFREASONCODE></SETTLEMENTWRITEOFFREASONCODE><SETTLEPERIOD></SETTLEPERIOD><STARTINGDAYOFWEEK>None</STARTINGDAYOFWEEK><TAXEXEMPTNUMBERREQUIREMENT>None</TAXEXEMPTNUMBERREQUIREMENT><TERMSOFPAYMENT></TERMSOFPAYMENT><TIMEOFSALESTAXPOSTING>Register</TIMEOFSALESTAXPOSTING><USEDOCUMENTDATE>No</USEDOCUMENTDATE><USEFISCALDATAFROMINVOICEACCOUNT>Never</USEFISCALDATAFROMINVOICEACCOUNT><USEINVOICEGROUPSFORTHISCOMPANY>No</USEINVOICEGROUPSFORTHISCOMPANY><VALIDATEINVOICESINTHEJOURNAL>No</VALIDATEINVOICESINTHEJOURNAL><VALIDATETAXGROUPCOMPLETENESS>No</VALIDATETAXGROUPCOMPLETENESS><VENDBANKIBANSWIFTREQUIRED>No</VENDBANKIBANSWIFTREQUIRED><VENDINVOICEINUSERECOVERENABLE>No</VENDINVOICEINUSERECOVERENABLE><WARNIFPAYMENTPROPOSALUSESMULTIPLEMETHODSOFPAYMENT>No</WARNIFPAYMENTPROPOSALUSESMULTIPLEMETHODSOFPAYMENT></VENDVENDORPARAMETERSENTITY></Document>