﻿<?xml version="1.0" encoding="utf-8"?><Document><VENDORPOSTINGPROFILELINEENTITY><ACCOUNTCODE>All</ACCOUNTCODE><ACCOUNTGROUPNUMBER></ACCOUNTGROUPNUMBER><ARRIVALACCOUNTDISPLAYVALUE>2000</ARRIVALACCOUNTDISPLAYVALUE><DESCRIPTION>General Posting Profile</DESCRIPTION><OFFSETACCOUNTDISPLAYVALUE>2000</OFFSETACCOUNTDISPLAYVALUE><POSTINGPROFILE>GEN</POSTINGPROFILE><SALESTAXPREPAYMENTSACCOUNTDISPLAYVALUE></SALESTAXPREPAYMENTSACCOUNTDISPLAYVALUE><SETTLEACCOUNTDISPLAYVALUE></SETTLEACCOUNTDISPLAYVALUE><SUMMARYACCOUNTDISPLAYVALUE>2000</SUMMARYACCOUNTDISPLAYVALUE></VENDORPOSTINGPROFILELINEENTITY><VENDORPOSTINGPROFILELINEENTITY><ACCOUNTCODE>All</ACCOUNTCODE><ACCOUNTGROUPNUMBER></ACCOUNTGROUPNUMBER><ARRIVALACCOUNTDISPLAYVALUE>2050</ARRIVALACCOUNTDISPLAYVALUE><DESCRIPTION>Prepayments</DESCRIPTION><OFFSETACCOUNTDISPLAYVALUE>2000</OFFSETACCOUNTDISPLAYVALUE><POSTINGPROFILE>PRE</POSTINGPROFILE><SALESTAXPREPAYMENTSACCOUNTDISPLAYVALUE>2010</SALESTAXPREPAYMENTSACCOUNTDISPLAYVALUE><SETTLEACCOUNTDISPLAYVALUE></SETTLEACCOUNTDISPLAYVALUE><SUMMARYACCOUNTDISPLAYVALUE>2000</SUMMARYACCOUNTDISPLAYVALUE></VENDORPOSTINGPROFILELINEENTITY></Document>