﻿<?xml version="1.0" encoding="utf-8"?><Document><VENDVENDORREASONSENTITY><CANCELLATIONREASON>No</CANCELLATIONREASON><DEFAULTCOMMENT>Address Error</DEFAULTCOMMENT><FORVENDORTRANSACTIONTYPE>No</FORVENDORTRANSACTIONTYPE><PURPOSECODE>No</PURPOSECODE><REASONCODE>ADDR</REASONCODE></VENDVENDORREASONSENTITY><VENDVENDORREASONSENTITY><CANCELLATIONREASON>No</CANCELLATIONREASON><DEFAULTCOMMENT>Correction of Error</DEFAULTCOMMENT><FORVENDORTRANSACTIONTYPE>No</FORVENDORTRANSACTIONTYPE><PURPOSECODE>No</PURPOSECODE><REASONCODE>ERROR</REASONCODE></VENDVENDORREASONSENTITY><VENDVENDORREASONSENTITY><CANCELLATIONREASON>No</CANCELLATIONREASON><DEFAULTCOMMENT>General Adjustment</DEFAULTCOMMENT><FORVENDORTRANSACTIONTYPE>No</FORVENDORTRANSACTIONTYPE><PURPOSECODE>No</PURPOSECODE><REASONCODE>GENERAL</REASONCODE></VENDVENDORREASONSENTITY><VENDVENDORREASONSENTITY><CANCELLATIONREASON>No</CANCELLATIONREASON><DEFAULTCOMMENT>Lost Payment</DEFAULTCOMMENT><FORVENDORTRANSACTIONTYPE>No</FORVENDORTRANSACTIONTYPE><PURPOSECODE>No</PURPOSECODE><REASONCODE>LOST</REASONCODE></VENDVENDORREASONSENTITY><VENDVENDORREASONSENTITY><CANCELLATIONREASON>No</CANCELLATIONREASON><DEFAULTCOMMENT>Please Enter Comment</DEFAULTCOMMENT><FORVENDORTRANSACTIONTYPE>No</FORVENDORTRANSACTIONTYPE><PURPOSECODE>No</PURPOSECODE><REASONCODE>MISC</REASONCODE></VENDVENDORREASONSENTITY><VENDVENDORREASONSENTITY><CANCELLATIONREASON>No</CANCELLATIONREASON><DEFAULTCOMMENT>Non-Sufficient Funds</DEFAULTCOMMENT><FORVENDORTRANSACTIONTYPE>No</FORVENDORTRANSACTIONTYPE><PURPOSECODE>No</PURPOSECODE><REASONCODE>NSF</REASONCODE></VENDVENDORREASONSENTITY><VENDVENDORREASONSENTITY><CANCELLATIONREASON>No</CANCELLATIONREASON><DEFAULTCOMMENT>Price Change</DEFAULTCOMMENT><FORVENDORTRANSACTIONTYPE>No</FORVENDORTRANSACTIONTYPE><PURPOSECODE>No</PURPOSECODE><REASONCODE>PRICE</REASONCODE></VENDVENDORREASONSENTITY><VENDVENDORREASONSENTITY><CANCELLATIONREASON>No</CANCELLATIONREASON><DEFAULTCOMMENT>Quality Issue</DEFAULTCOMMENT><FORVENDORTRANSACTIONTYPE>No</FORVENDORTRANSACTIONTYPE><PURPOSECODE>No</PURPOSECODE><REASONCODE>QUALITY</REASONCODE></VENDVENDORREASONSENTITY><VENDVENDORREASONSENTITY><CANCELLATIONREASON>No</CANCELLATIONREASON><DEFAULTCOMMENT>Write-Off</DEFAULTCOMMENT><FORVENDORTRANSACTIONTYPE>No</FORVENDORTRANSACTIONTYPE><PURPOSECODE>No</PURPOSECODE><REASONCODE>WRITEOFF</REASONCODE></VENDVENDORREASONSENTITY></Document>