﻿<?xml version="1.0" encoding="utf-8"?><Document><VENDORPAYMENTMETHODENTITY><NAME>CASH</NAME><ACCOUNTTYPE>Ledger</ACCOUNTTYPE><ALLOWPAYMENTCOPIES>No</ALLOWPAYMENTCOPIES><ATTRIBUTEBELGIANSTRUCTUREDPAYMENTIDENABLED>No</ATTRIBUTEBELGIANSTRUCTUREDPAYMENTIDENABLED><ATTRIBUTEPAYMENTACCOUNTENABLED>No</ATTRIBUTEPAYMENTACCOUNTENABLED><ATTRIBUTEPAYMENTIDENABLED>No</ATTRIBUTEPAYMENTIDENABLED><ATTRIBUTETHIRDPARTYBANKENABLED>No</ATTRIBUTETHIRDPARTYBANKENABLED><BANKTRANSACTIONTYPE></BANKTRANSACTIONTYPE><BRIDGINGPOSTINGACCOUNTDISPLAYVALUE></BRIDGINGPOSTINGACCOUNTDISPLAYVALUE><BRIDGINGPOSTINGENABLED>No</BRIDGINGPOSTINGENABLED><CATEGORYPURPOSE>0</CATEGORYPURPOSE><CHARGEBEARERVALUE></CHARGEBEARERVALUE><CREATEANDDRAWPROMISSORYNOTEDURINGINVOICEPOSTING>No</CREATEANDDRAWPROMISSORYNOTEDURINGINVOICEPOSTING><DESCRIPTION>Cash</DESCRIPTION><DIRECTDEBIT>No</DIRECTDEBIT><DISCOUNTGRACEPERIODDAYS>0</DISCOUNTGRACEPERIODDAYS><ELECTRONICREPORTINGSOLUTION></ELECTRONICREPORTINGSOLUTION><ELECTRONICREPORTINGVENDOR></ELECTRONICREPORTINGVENDOR><ENABLEPOSTDATEDCHECKCLEARINGPOSTING>No</ENABLEPOSTDATEDCHECKCLEARINGPOSTING><ERFORMATMAPPING></ERFORMATMAPPING><EXPORTFORMATCLASSNAME></EXPORTFORMATCLASSNAME><EXPORTPROMISSORYNOTEDURINGINVOICEPOSTING>No</EXPORTPROMISSORYNOTEDURINGINVOICEPOSTING><LASTFILEDATE>1900-01-01T00:00:00</LASTFILEDATE><LASTFILENUMBER>0</LASTFILENUMBER><LASTFILENUMBERTODAY>0</LASTFILENUMBERTODAY><LOCALINSTRUMENT>0</LOCALINSTRUMENT><PAYMENTACCOUNTDISPLAYVALUE>1010</PAYMENTACCOUNTDISPLAYVALUE><PAYMENTJOURNALNAME></PAYMENTJOURNALNAME><PAYMENTSTATUS>None</PAYMENTSTATUS><PAYMENTTYPE>Blank</PAYMENTTYPE><PROMISSORYNOTEDRAFTTYPE>NoDraft</PROMISSORYNOTEDRAFTTYPE><REMITTANCEFORMATCLASSNAME></REMITTANCEFORMATCLASSNAME><RETURNFORMATCLASSNAME></RETURNFORMATCLASSNAME><SERVICELEVEL>0</SERVICELEVEL><SUMBYPERIOD>Invoice</SUMBYPERIOD><USEGERCONFIGURATION>No</USEGERCONFIGURATION><VALIDATECHECKNUMBERISMANDATORY>No</VALIDATECHECKNUMBERISMANDATORY><VALIDATEOFFSETTRANSACTIONTYPEISBANK>No</VALIDATEOFFSETTRANSACTIONTYPEISBANK><VALIDATEPAYMENTIDISMANDATORY>No</VALIDATEPAYMENTIDISMANDATORY><VALIDATEPAYMENTNOTEISMANDATORY>No</VALIDATEPAYMENTNOTEISMANDATORY><VALIDATEPAYMENTREFERENCEISMANDATORY>No</VALIDATEPAYMENTREFERENCEISMANDATORY><VALIDATEPAYMENTSPECIFICATIONISMANDATORY>No</VALIDATEPAYMENTSPECIFICATIONISMANDATORY><VALIDATETRANSACTIONTYPEISBANK>No</VALIDATETRANSACTIONTYPEISBANK></VENDORPAYMENTMETHODENTITY><VENDORPAYMENTMETHODENTITY><NAME>CHECK</NAME><ACCOUNTTYPE>Bank</ACCOUNTTYPE><ALLOWPAYMENTCOPIES>No</ALLOWPAYMENTCOPIES><ATTRIBUTEBELGIANSTRUCTUREDPAYMENTIDENABLED>No</ATTRIBUTEBELGIANSTRUCTUREDPAYMENTIDENABLED><ATTRIBUTEPAYMENTACCOUNTENABLED>No</ATTRIBUTEPAYMENTACCOUNTENABLED><ATTRIBUTEPAYMENTIDENABLED>No</ATTRIBUTEPAYMENTIDENABLED><ATTRIBUTETHIRDPARTYBANKENABLED>No</ATTRIBUTETHIRDPARTYBANKENABLED><BANKTRANSACTIONTYPE>01</BANKTRANSACTIONTYPE><BRIDGINGPOSTINGACCOUNTDISPLAYVALUE></BRIDGINGPOSTINGACCOUNTDISPLAYVALUE><BRIDGINGPOSTINGENABLED>No</BRIDGINGPOSTINGENABLED><CATEGORYPURPOSE>0</CATEGORYPURPOSE><CHARGEBEARERVALUE></CHARGEBEARERVALUE><CREATEANDDRAWPROMISSORYNOTEDURINGINVOICEPOSTING>No</CREATEANDDRAWPROMISSORYNOTEDURINGINVOICEPOSTING><DESCRIPTION>Check Payment</DESCRIPTION><DIRECTDEBIT>No</DIRECTDEBIT><DISCOUNTGRACEPERIODDAYS>0</DISCOUNTGRACEPERIODDAYS><ELECTRONICREPORTINGSOLUTION></ELECTRONICREPORTINGSOLUTION><ELECTRONICREPORTINGVENDOR></ELECTRONICREPORTINGVENDOR><ENABLEPOSTDATEDCHECKCLEARINGPOSTING>No</ENABLEPOSTDATEDCHECKCLEARINGPOSTING><ERFORMATMAPPING></ERFORMATMAPPING><EXPORTFORMATCLASSNAME></EXPORTFORMATCLASSNAME><EXPORTPROMISSORYNOTEDURINGINVOICEPOSTING>No</EXPORTPROMISSORYNOTEDURINGINVOICEPOSTING><LASTFILEDATE>1900-01-01T00:00:00</LASTFILEDATE><LASTFILENUMBER>0</LASTFILENUMBER><LASTFILENUMBERTODAY>0</LASTFILENUMBERTODAY><LOCALINSTRUMENT>0</LOCALINSTRUMENT><PAYMENTACCOUNTDISPLAYVALUE>OPER FSD</PAYMENTACCOUNTDISPLAYVALUE><PAYMENTJOURNALNAME></PAYMENTJOURNALNAME><PAYMENTSTATUS>None</PAYMENTSTATUS><PAYMENTTYPE>Check</PAYMENTTYPE><PROMISSORYNOTEDRAFTTYPE>NoDraft</PROMISSORYNOTEDRAFTTYPE><REMITTANCEFORMATCLASSNAME></REMITTANCEFORMATCLASSNAME><RETURNFORMATCLASSNAME></RETURNFORMATCLASSNAME><SERVICELEVEL>0</SERVICELEVEL><SUMBYPERIOD>Invoice</SUMBYPERIOD><USEGERCONFIGURATION>No</USEGERCONFIGURATION><VALIDATECHECKNUMBERISMANDATORY>Yes</VALIDATECHECKNUMBERISMANDATORY><VALIDATEOFFSETTRANSACTIONTYPEISBANK>Yes</VALIDATEOFFSETTRANSACTIONTYPEISBANK><VALIDATEPAYMENTIDISMANDATORY>No</VALIDATEPAYMENTIDISMANDATORY><VALIDATEPAYMENTNOTEISMANDATORY>No</VALIDATEPAYMENTNOTEISMANDATORY><VALIDATEPAYMENTREFERENCEISMANDATORY>No</VALIDATEPAYMENTREFERENCEISMANDATORY><VALIDATEPAYMENTSPECIFICATIONISMANDATORY>No</VALIDATEPAYMENTSPECIFICATIONISMANDATORY><VALIDATETRANSACTIONTYPEISBANK>Yes</VALIDATETRANSACTIONTYPEISBANK></VENDORPAYMENTMETHODENTITY><VENDORPAYMENTMETHODENTITY><NAME>COIN</NAME><ACCOUNTTYPE>Ledger</ACCOUNTTYPE><ALLOWPAYMENTCOPIES>No</ALLOWPAYMENTCOPIES><ATTRIBUTEBELGIANSTRUCTUREDPAYMENTIDENABLED>No</ATTRIBUTEBELGIANSTRUCTUREDPAYMENTIDENABLED><ATTRIBUTEPAYMENTACCOUNTENABLED>No</ATTRIBUTEPAYMENTACCOUNTENABLED><ATTRIBUTEPAYMENTIDENABLED>No</ATTRIBUTEPAYMENTIDENABLED><ATTRIBUTETHIRDPARTYBANKENABLED>No</ATTRIBUTETHIRDPARTYBANKENABLED><BANKTRANSACTIONTYPE></BANKTRANSACTIONTYPE><BRIDGINGPOSTINGACCOUNTDISPLAYVALUE></BRIDGINGPOSTINGACCOUNTDISPLAYVALUE><BRIDGINGPOSTINGENABLED>No</BRIDGINGPOSTINGENABLED><CATEGORYPURPOSE>0</CATEGORYPURPOSE><CHARGEBEARERVALUE></CHARGEBEARERVALUE><CREATEANDDRAWPROMISSORYNOTEDURINGINVOICEPOSTING>No</CREATEANDDRAWPROMISSORYNOTEDURINGINVOICEPOSTING><DESCRIPTION>Coin</DESCRIPTION><DIRECTDEBIT>No</DIRECTDEBIT><DISCOUNTGRACEPERIODDAYS>0</DISCOUNTGRACEPERIODDAYS><ELECTRONICREPORTINGSOLUTION></ELECTRONICREPORTINGSOLUTION><ELECTRONICREPORTINGVENDOR></ELECTRONICREPORTINGVENDOR><ENABLEPOSTDATEDCHECKCLEARINGPOSTING>No</ENABLEPOSTDATEDCHECKCLEARINGPOSTING><ERFORMATMAPPING></ERFORMATMAPPING><EXPORTFORMATCLASSNAME></EXPORTFORMATCLASSNAME><EXPORTPROMISSORYNOTEDURINGINVOICEPOSTING>No</EXPORTPROMISSORYNOTEDURINGINVOICEPOSTING><LASTFILEDATE>1900-01-01T00:00:00</LASTFILEDATE><LASTFILENUMBER>0</LASTFILENUMBER><LASTFILENUMBERTODAY>0</LASTFILENUMBERTODAY><LOCALINSTRUMENT>0</LOCALINSTRUMENT><PAYMENTACCOUNTDISPLAYVALUE>1000</PAYMENTACCOUNTDISPLAYVALUE><PAYMENTJOURNALNAME></PAYMENTJOURNALNAME><PAYMENTSTATUS>None</PAYMENTSTATUS><PAYMENTTYPE>Blank</PAYMENTTYPE><PROMISSORYNOTEDRAFTTYPE>NoDraft</PROMISSORYNOTEDRAFTTYPE><REMITTANCEFORMATCLASSNAME></REMITTANCEFORMATCLASSNAME><RETURNFORMATCLASSNAME></RETURNFORMATCLASSNAME><SERVICELEVEL>0</SERVICELEVEL><SUMBYPERIOD>Invoice</SUMBYPERIOD><USEGERCONFIGURATION>No</USEGERCONFIGURATION><VALIDATECHECKNUMBERISMANDATORY>No</VALIDATECHECKNUMBERISMANDATORY><VALIDATEOFFSETTRANSACTIONTYPEISBANK>No</VALIDATEOFFSETTRANSACTIONTYPEISBANK><VALIDATEPAYMENTIDISMANDATORY>No</VALIDATEPAYMENTIDISMANDATORY><VALIDATEPAYMENTNOTEISMANDATORY>No</VALIDATEPAYMENTNOTEISMANDATORY><VALIDATEPAYMENTREFERENCEISMANDATORY>No</VALIDATEPAYMENTREFERENCEISMANDATORY><VALIDATEPAYMENTSPECIFICATIONISMANDATORY>No</VALIDATEPAYMENTSPECIFICATIONISMANDATORY><VALIDATETRANSACTIONTYPEISBANK>No</VALIDATETRANSACTIONTYPEISBANK></VENDORPAYMENTMETHODENTITY><VENDORPAYMENTMETHODENTITY><NAME>ELECTRONIC</NAME><ACCOUNTTYPE>Bank</ACCOUNTTYPE><ALLOWPAYMENTCOPIES>No</ALLOWPAYMENTCOPIES><ATTRIBUTEBELGIANSTRUCTUREDPAYMENTIDENABLED>No</ATTRIBUTEBELGIANSTRUCTUREDPAYMENTIDENABLED><ATTRIBUTEPAYMENTACCOUNTENABLED>No</ATTRIBUTEPAYMENTACCOUNTENABLED><ATTRIBUTEPAYMENTIDENABLED>No</ATTRIBUTEPAYMENTIDENABLED><ATTRIBUTETHIRDPARTYBANKENABLED>No</ATTRIBUTETHIRDPARTYBANKENABLED><BANKTRANSACTIONTYPE>02</BANKTRANSACTIONTYPE><BRIDGINGPOSTINGACCOUNTDISPLAYVALUE></BRIDGINGPOSTINGACCOUNTDISPLAYVALUE><BRIDGINGPOSTINGENABLED>No</BRIDGINGPOSTINGENABLED><CATEGORYPURPOSE>0</CATEGORYPURPOSE><CHARGEBEARERVALUE></CHARGEBEARERVALUE><CREATEANDDRAWPROMISSORYNOTEDURINGINVOICEPOSTING>No</CREATEANDDRAWPROMISSORYNOTEDURINGINVOICEPOSTING><DESCRIPTION>Electronic Payment</DESCRIPTION><DIRECTDEBIT>No</DIRECTDEBIT><DISCOUNTGRACEPERIODDAYS>0</DISCOUNTGRACEPERIODDAYS><ELECTRONICREPORTINGSOLUTION></ELECTRONICREPORTINGSOLUTION><ELECTRONICREPORTINGVENDOR></ELECTRONICREPORTINGVENDOR><ENABLEPOSTDATEDCHECKCLEARINGPOSTING>No</ENABLEPOSTDATEDCHECKCLEARINGPOSTING><ERFORMATMAPPING></ERFORMATMAPPING><EXPORTFORMATCLASSNAME></EXPORTFORMATCLASSNAME><EXPORTPROMISSORYNOTEDURINGINVOICEPOSTING>No</EXPORTPROMISSORYNOTEDURINGINVOICEPOSTING><LASTFILEDATE>1900-01-01T00:00:00</LASTFILEDATE><LASTFILENUMBER>0</LASTFILENUMBER><LASTFILENUMBERTODAY>0</LASTFILENUMBERTODAY><LOCALINSTRUMENT>0</LOCALINSTRUMENT><PAYMENTACCOUNTDISPLAYVALUE>OPER FSD</PAYMENTACCOUNTDISPLAYVALUE><PAYMENTJOURNALNAME></PAYMENTJOURNALNAME><PAYMENTSTATUS>None</PAYMENTSTATUS><PAYMENTTYPE>ElectronicPayment</PAYMENTTYPE><PROMISSORYNOTEDRAFTTYPE>NoDraft</PROMISSORYNOTEDRAFTTYPE><REMITTANCEFORMATCLASSNAME></REMITTANCEFORMATCLASSNAME><RETURNFORMATCLASSNAME></RETURNFORMATCLASSNAME><SERVICELEVEL>0</SERVICELEVEL><SUMBYPERIOD>Invoice</SUMBYPERIOD><USEGERCONFIGURATION>No</USEGERCONFIGURATION><VALIDATECHECKNUMBERISMANDATORY>No</VALIDATECHECKNUMBERISMANDATORY><VALIDATEOFFSETTRANSACTIONTYPEISBANK>No</VALIDATEOFFSETTRANSACTIONTYPEISBANK><VALIDATEPAYMENTIDISMANDATORY>No</VALIDATEPAYMENTIDISMANDATORY><VALIDATEPAYMENTNOTEISMANDATORY>No</VALIDATEPAYMENTNOTEISMANDATORY><VALIDATEPAYMENTREFERENCEISMANDATORY>No</VALIDATEPAYMENTREFERENCEISMANDATORY><VALIDATEPAYMENTSPECIFICATIONISMANDATORY>No</VALIDATEPAYMENTSPECIFICATIONISMANDATORY><VALIDATETRANSACTIONTYPEISBANK>No</VALIDATETRANSACTIONTYPEISBANK></VENDORPAYMENTMETHODENTITY><VENDORPAYMENTMETHODENTITY><NAME>POSTDATED</NAME><ACCOUNTTYPE>Bank</ACCOUNTTYPE><ALLOWPAYMENTCOPIES>No</ALLOWPAYMENTCOPIES><ATTRIBUTEBELGIANSTRUCTUREDPAYMENTIDENABLED>No</ATTRIBUTEBELGIANSTRUCTUREDPAYMENTIDENABLED><ATTRIBUTEPAYMENTACCOUNTENABLED>No</ATTRIBUTEPAYMENTACCOUNTENABLED><ATTRIBUTEPAYMENTIDENABLED>No</ATTRIBUTEPAYMENTIDENABLED><ATTRIBUTETHIRDPARTYBANKENABLED>No</ATTRIBUTETHIRDPARTYBANKENABLED><BANKTRANSACTIONTYPE>05</BANKTRANSACTIONTYPE><BRIDGINGPOSTINGACCOUNTDISPLAYVALUE>2950</BRIDGINGPOSTINGACCOUNTDISPLAYVALUE><BRIDGINGPOSTINGENABLED>Yes</BRIDGINGPOSTINGENABLED><CATEGORYPURPOSE>0</CATEGORYPURPOSE><CHARGEBEARERVALUE></CHARGEBEARERVALUE><CREATEANDDRAWPROMISSORYNOTEDURINGINVOICEPOSTING>No</CREATEANDDRAWPROMISSORYNOTEDURINGINVOICEPOSTING><DESCRIPTION>Postdated Check</DESCRIPTION><DIRECTDEBIT>No</DIRECTDEBIT><DISCOUNTGRACEPERIODDAYS>0</DISCOUNTGRACEPERIODDAYS><ELECTRONICREPORTINGSOLUTION></ELECTRONICREPORTINGSOLUTION><ELECTRONICREPORTINGVENDOR></ELECTRONICREPORTINGVENDOR><ENABLEPOSTDATEDCHECKCLEARINGPOSTING>No</ENABLEPOSTDATEDCHECKCLEARINGPOSTING><ERFORMATMAPPING></ERFORMATMAPPING><EXPORTFORMATCLASSNAME></EXPORTFORMATCLASSNAME><EXPORTPROMISSORYNOTEDURINGINVOICEPOSTING>No</EXPORTPROMISSORYNOTEDURINGINVOICEPOSTING><LASTFILEDATE>1900-01-01T00:00:00</LASTFILEDATE><LASTFILENUMBER>0</LASTFILENUMBER><LASTFILENUMBERTODAY>0</LASTFILENUMBERTODAY><LOCALINSTRUMENT>0</LOCALINSTRUMENT><PAYMENTACCOUNTDISPLAYVALUE>OPER FSD</PAYMENTACCOUNTDISPLAYVALUE><PAYMENTJOURNALNAME></PAYMENTJOURNALNAME><PAYMENTSTATUS>None</PAYMENTSTATUS><PAYMENTTYPE>Check</PAYMENTTYPE><PROMISSORYNOTEDRAFTTYPE>NoDraft</PROMISSORYNOTEDRAFTTYPE><REMITTANCEFORMATCLASSNAME></REMITTANCEFORMATCLASSNAME><RETURNFORMATCLASSNAME></RETURNFORMATCLASSNAME><SERVICELEVEL>0</SERVICELEVEL><SUMBYPERIOD>Invoice</SUMBYPERIOD><USEGERCONFIGURATION>No</USEGERCONFIGURATION><VALIDATECHECKNUMBERISMANDATORY>No</VALIDATECHECKNUMBERISMANDATORY><VALIDATEOFFSETTRANSACTIONTYPEISBANK>No</VALIDATEOFFSETTRANSACTIONTYPEISBANK><VALIDATEPAYMENTIDISMANDATORY>No</VALIDATEPAYMENTIDISMANDATORY><VALIDATEPAYMENTNOTEISMANDATORY>No</VALIDATEPAYMENTNOTEISMANDATORY><VALIDATEPAYMENTREFERENCEISMANDATORY>No</VALIDATEPAYMENTREFERENCEISMANDATORY><VALIDATEPAYMENTSPECIFICATIONISMANDATORY>No</VALIDATEPAYMENTSPECIFICATIONISMANDATORY><VALIDATETRANSACTIONTYPEISBANK>No</VALIDATETRANSACTIONTYPEISBANK></VENDORPAYMENTMETHODENTITY></Document>