﻿<?xml version="1.0" encoding="utf-8"?><Document><VENDVENDORGROUPENTITY><ACCOUNTINGCURRENCYEXCHANGERATETYPE></ACCOUNTINGCURRENCYEXCHANGERATETYPE><CLEARINGPERIODPAYMENTTERMNAME></CLEARINGPERIODPAYMENTTERMNAME><DEFAULTDIMENSIONDISPLAYVALUE></DEFAULTDIMENSIONDISPLAYVALUE><DEFAULTPAYMENTTERMNAME>NET10</DEFAULTPAYMENTTERMNAME><DEFAULTTAXGROUPCODE></DEFAULTTAXGROUPCODE><DESCRIPTION><![CDATA[Weapons & Armor]]></DESCRIPTION><ISEXCLUDEDFROMSEARCHRESULTS>No</ISEXCLUDEDFROMSEARCHRESULTS><REPORTINGCURRENCYEXCHANGERATETYPE></REPORTINGCURRENCYEXCHANGERATETYPE><VENDORACCOUNTNUMBERSEQUENCE></VENDORACCOUNTNUMBERSEQUENCE><VENDORGROUPID>ARMORERS</VENDORGROUPID></VENDVENDORGROUPENTITY><VENDVENDORGROUPENTITY><ACCOUNTINGCURRENCYEXCHANGERATETYPE></ACCOUNTINGCURRENCYEXCHANGERATETYPE><CLEARINGPERIODPAYMENTTERMNAME></CLEARINGPERIODPAYMENTTERMNAME><DEFAULTDIMENSIONDISPLAYVALUE></DEFAULTDIMENSIONDISPLAYVALUE><DEFAULTPAYMENTTERMNAME>NET30</DEFAULTPAYMENTTERMNAME><DEFAULTTAXGROUPCODE></DEFAULTTAXGROUPCODE><DESCRIPTION>Carriers</DESCRIPTION><ISEXCLUDEDFROMSEARCHRESULTS>No</ISEXCLUDEDFROMSEARCHRESULTS><REPORTINGCURRENCYEXCHANGERATETYPE></REPORTINGCURRENCYEXCHANGERATETYPE><VENDORACCOUNTNUMBERSEQUENCE></VENDORACCOUNTNUMBERSEQUENCE><VENDORGROUPID>CARRIERS</VENDORGROUPID></VENDVENDORGROUPENTITY><VENDVENDORGROUPENTITY><ACCOUNTINGCURRENCYEXCHANGERATETYPE></ACCOUNTINGCURRENCYEXCHANGERATETYPE><CLEARINGPERIODPAYMENTTERMNAME></CLEARINGPERIODPAYMENTTERMNAME><DEFAULTDIMENSIONDISPLAYVALUE></DEFAULTDIMENSIONDISPLAYVALUE><DEFAULTPAYMENTTERMNAME>NET30</DEFAULTPAYMENTTERMNAME><DEFAULTTAXGROUPCODE></DEFAULTTAXGROUPCODE><DESCRIPTION><![CDATA[Clothing & Draper]]></DESCRIPTION><ISEXCLUDEDFROMSEARCHRESULTS>No</ISEXCLUDEDFROMSEARCHRESULTS><REPORTINGCURRENCYEXCHANGERATETYPE></REPORTINGCURRENCYEXCHANGERATETYPE><VENDORACCOUNTNUMBERSEQUENCE></VENDORACCOUNTNUMBERSEQUENCE><VENDORGROUPID>CLOTH</VENDORGROUPID></VENDVENDORGROUPENTITY><VENDVENDORGROUPENTITY><ACCOUNTINGCURRENCYEXCHANGERATETYPE></ACCOUNTINGCURRENCYEXCHANGERATETYPE><CLEARINGPERIODPAYMENTTERMNAME></CLEARINGPERIODPAYMENTTERMNAME><DEFAULTDIMENSIONDISPLAYVALUE></DEFAULTDIMENSIONDISPLAYVALUE><DEFAULTPAYMENTTERMNAME>NET30</DEFAULTPAYMENTTERMNAME><DEFAULTTAXGROUPCODE></DEFAULTTAXGROUPCODE><DESCRIPTION>Guilds</DESCRIPTION><ISEXCLUDEDFROMSEARCHRESULTS>No</ISEXCLUDEDFROMSEARCHRESULTS><REPORTINGCURRENCYEXCHANGERATETYPE></REPORTINGCURRENCYEXCHANGERATETYPE><VENDORACCOUNTNUMBERSEQUENCE></VENDORACCOUNTNUMBERSEQUENCE><VENDORGROUPID>GUILDS</VENDORGROUPID></VENDVENDORGROUPENTITY><VENDVENDORGROUPENTITY><ACCOUNTINGCURRENCYEXCHANGERATETYPE></ACCOUNTINGCURRENCYEXCHANGERATETYPE><CLEARINGPERIODPAYMENTTERMNAME></CLEARINGPERIODPAYMENTTERMNAME><DEFAULTDIMENSIONDISPLAYVALUE></DEFAULTDIMENSIONDISPLAYVALUE><DEFAULTPAYMENTTERMNAME>COIN</DEFAULTPAYMENTTERMNAME><DEFAULTTAXGROUPCODE></DEFAULTTAXGROUPCODE><DESCRIPTION>Herbal Vendors</DESCRIPTION><ISEXCLUDEDFROMSEARCHRESULTS>No</ISEXCLUDEDFROMSEARCHRESULTS><REPORTINGCURRENCYEXCHANGERATETYPE></REPORTINGCURRENCYEXCHANGERATETYPE><VENDORACCOUNTNUMBERSEQUENCE></VENDORACCOUNTNUMBERSEQUENCE><VENDORGROUPID>HERBAL</VENDORGROUPID></VENDVENDORGROUPENTITY><VENDVENDORGROUPENTITY><ACCOUNTINGCURRENCYEXCHANGERATETYPE></ACCOUNTINGCURRENCYEXCHANGERATETYPE><CLEARINGPERIODPAYMENTTERMNAME></CLEARINGPERIODPAYMENTTERMNAME><DEFAULTDIMENSIONDISPLAYVALUE></DEFAULTDIMENSIONDISPLAYVALUE><DEFAULTPAYMENTTERMNAME>NET10</DEFAULTPAYMENTTERMNAME><DEFAULTTAXGROUPCODE></DEFAULTTAXGROUPCODE><DESCRIPTION>Intercompany Vendors</DESCRIPTION><ISEXCLUDEDFROMSEARCHRESULTS>No</ISEXCLUDEDFROMSEARCHRESULTS><REPORTINGCURRENCYEXCHANGERATETYPE></REPORTINGCURRENCYEXCHANGERATETYPE><VENDORACCOUNTNUMBERSEQUENCE></VENDORACCOUNTNUMBERSEQUENCE><VENDORGROUPID>INTERCO</VENDORGROUPID></VENDVENDORGROUPENTITY><VENDVENDORGROUPENTITY><ACCOUNTINGCURRENCYEXCHANGERATETYPE></ACCOUNTINGCURRENCYEXCHANGERATETYPE><CLEARINGPERIODPAYMENTTERMNAME></CLEARINGPERIODPAYMENTTERMNAME><DEFAULTDIMENSIONDISPLAYVALUE></DEFAULTDIMENSIONDISPLAYVALUE><DEFAULTPAYMENTTERMNAME>NET30</DEFAULTPAYMENTTERMNAME><DEFAULTTAXGROUPCODE></DEFAULTTAXGROUPCODE><DESCRIPTION>Other Vendors</DESCRIPTION><ISEXCLUDEDFROMSEARCHRESULTS>No</ISEXCLUDEDFROMSEARCHRESULTS><REPORTINGCURRENCYEXCHANGERATETYPE></REPORTINGCURRENCYEXCHANGERATETYPE><VENDORACCOUNTNUMBERSEQUENCE></VENDORACCOUNTNUMBERSEQUENCE><VENDORGROUPID>OTHER</VENDORGROUPID></VENDVENDORGROUPENTITY><VENDVENDORGROUPENTITY><ACCOUNTINGCURRENCYEXCHANGERATETYPE></ACCOUNTINGCURRENCYEXCHANGERATETYPE><CLEARINGPERIODPAYMENTTERMNAME></CLEARINGPERIODPAYMENTTERMNAME><DEFAULTDIMENSIONDISPLAYVALUE></DEFAULTDIMENSIONDISPLAYVALUE><DEFAULTPAYMENTTERMNAME>NET30</DEFAULTPAYMENTTERMNAME><DEFAULTTAXGROUPCODE></DEFAULTTAXGROUPCODE><DESCRIPTION>Parts Vendors</DESCRIPTION><ISEXCLUDEDFROMSEARCHRESULTS>No</ISEXCLUDEDFROMSEARCHRESULTS><REPORTINGCURRENCYEXCHANGERATETYPE></REPORTINGCURRENCYEXCHANGERATETYPE><VENDORACCOUNTNUMBERSEQUENCE></VENDORACCOUNTNUMBERSEQUENCE><VENDORGROUPID>PART</VENDORGROUPID></VENDVENDORGROUPENTITY><VENDVENDORGROUPENTITY><ACCOUNTINGCURRENCYEXCHANGERATETYPE></ACCOUNTINGCURRENCYEXCHANGERATETYPE><CLEARINGPERIODPAYMENTTERMNAME></CLEARINGPERIODPAYMENTTERMNAME><DEFAULTDIMENSIONDISPLAYVALUE></DEFAULTDIMENSIONDISPLAYVALUE><DEFAULTPAYMENTTERMNAME>NET30</DEFAULTPAYMENTTERMNAME><DEFAULTTAXGROUPCODE></DEFAULTTAXGROUPCODE><DESCRIPTION>Service Vendors</DESCRIPTION><ISEXCLUDEDFROMSEARCHRESULTS>No</ISEXCLUDEDFROMSEARCHRESULTS><REPORTINGCURRENCYEXCHANGERATETYPE></REPORTINGCURRENCYEXCHANGERATETYPE><VENDORACCOUNTNUMBERSEQUENCE></VENDORACCOUNTNUMBERSEQUENCE><VENDORGROUPID>SERVICES</VENDORGROUPID></VENDVENDORGROUPENTITY><VENDVENDORGROUPENTITY><ACCOUNTINGCURRENCYEXCHANGERATETYPE></ACCOUNTINGCURRENCYEXCHANGERATETYPE><CLEARINGPERIODPAYMENTTERMNAME></CLEARINGPERIODPAYMENTTERMNAME><DEFAULTDIMENSIONDISPLAYVALUE></DEFAULTDIMENSIONDISPLAYVALUE><DEFAULTPAYMENTTERMNAME>DOM15</DEFAULTPAYMENTTERMNAME><DEFAULTTAXGROUPCODE></DEFAULTTAXGROUPCODE><DESCRIPTION>Tax Authorities</DESCRIPTION><ISEXCLUDEDFROMSEARCHRESULTS>No</ISEXCLUDEDFROMSEARCHRESULTS><REPORTINGCURRENCYEXCHANGERATETYPE></REPORTINGCURRENCYEXCHANGERATETYPE><VENDORACCOUNTNUMBERSEQUENCE></VENDORACCOUNTNUMBERSEQUENCE><VENDORGROUPID>TAX</VENDORGROUPID></VENDVENDORGROUPENTITY><VENDVENDORGROUPENTITY><ACCOUNTINGCURRENCYEXCHANGERATETYPE></ACCOUNTINGCURRENCYEXCHANGERATETYPE><CLEARINGPERIODPAYMENTTERMNAME></CLEARINGPERIODPAYMENTTERMNAME><DEFAULTDIMENSIONDISPLAYVALUE></DEFAULTDIMENSIONDISPLAYVALUE><DEFAULTPAYMENTTERMNAME>NET30</DEFAULTPAYMENTTERMNAME><DEFAULTTAXGROUPCODE></DEFAULTTAXGROUPCODE><DESCRIPTION>Trading Partners</DESCRIPTION><ISEXCLUDEDFROMSEARCHRESULTS>No</ISEXCLUDEDFROMSEARCHRESULTS><REPORTINGCURRENCYEXCHANGERATETYPE></REPORTINGCURRENCYEXCHANGERATETYPE><VENDORACCOUNTNUMBERSEQUENCE></VENDORACCOUNTNUMBERSEQUENCE><VENDORGROUPID>TRADING</VENDORGROUPID></VENDVENDORGROUPENTITY></Document>