﻿<?xml version="1.0" encoding="utf-8"?><Document><VENDVENDORBANKACCOUNTENTITY><VENDORACCOUNTNUMBER /><VENDORBANKACCOUNTID /><ACTIVEDATE /><ADDRESSBUILDINGCOMPLIMENT /><ADDRESSCITY /><ADDRESSCOUNTRY /><ADDRESSCOUNTRYISOCODE /><ADDRESSCOUNTY /><ADDRESSDESCRIPTION /><ADDRESSDISTRICTNAME /><ADDRESSLATITUDE /><ADDRESSLOCATIONID /><ADDRESSLONGITUDE /><ADDRESSPOSTBOX /><ADDRESSSTATE /><ADDRESSSTREET /><ADDRESSSTREETNUMBER /><ADDRESSTIMEZONE /><ADDRESSVALIDFROM /><ADDRESSVALIDTO /><ADDRESSZIPCODE /><BANKACCOUNTNUMBER /><BANKGROUPID /><BANKINFORMATIONORIGIN /><BANKMESSAGE /><BANKNAME /><COMMENTS /><CONTACTEMAILADDRESS /><CONTACTEMAILADDRESSFORSENDINGSMS /><CONTACTFAXNUMBER /><CONTACTINTERNETADDRESS /><CONTACTMOBILEPHONENUMBER /><CONTACTNAME /><CONTACTPAGER /><CONTACTPHONENUMBER /><CONTACTPHONENUMBEREXTENSION /><CONTACTTELEXNUMBER /><CONTROLINTERNALNUMBER /><CROSSRATE /><CURRENTCURRENCYCODE /><DUNS4NUMBERSUFFIX /><DUNSNUMBER /><EXPIRATIONDATE /><FORMATTEDADDRESS /><IBAN /><ISDEFAULTBANKACCOUNT /><RATEOFEXCHANGEREFERENCE /><RECIPIENTTEXTCODE /><REVIEWED /><ROUTINGNUMBER /><ROUTINGNUMBERTYPE /><SWIFTCODE /></VENDVENDORBANKACCOUNTENTITY></Document>