﻿<?xml version="1.0" encoding="utf-8"?><Document><VENDORPOSTINGPROFILEHEADERENTITY><DESCRIPTION>General Posting Profile</DESCRIPTION><ISTRANSACTIONCANCELENABLED>Yes</ISTRANSACTIONCANCELENABLED><ISTRANSACTIONINCLUDEDINAUTOSETTLEMENT>Yes</ISTRANSACTIONINCLUDEDINAUTOSETTLEMENT><POSTINGPROFILE>GEN</POSTINGPROFILE><POSTINGPROFILETOCLOSESETTLEMENT></POSTINGPROFILETOCLOSESETTLEMENT></VENDORPOSTINGPROFILEHEADERENTITY><VENDORPOSTINGPROFILEHEADERENTITY><DESCRIPTION>Prepayments</DESCRIPTION><ISTRANSACTIONCANCELENABLED>Yes</ISTRANSACTIONCANCELENABLED><ISTRANSACTIONINCLUDEDINAUTOSETTLEMENT>Yes</ISTRANSACTIONINCLUDEDINAUTOSETTLEMENT><POSTINGPROFILE>PRE</POSTINGPROFILE><POSTINGPROFILETOCLOSESETTLEMENT></POSTINGPROFILETOCLOSESETTLEMENT></VENDORPOSTINGPROFILEHEADERENTITY></Document>