﻿<?xml version="1.0" encoding="utf-8"?><Document><PRICEDISCSALESTRADEAGREEMENTACTIVATIONENTITY><ISALLPRODUCTSALLVENDORSLINEDISCOUNTCOMBINATIONACTIVE>Yes</ISALLPRODUCTSALLVENDORSLINEDISCOUNTCOMBINATIONACTIVE><ISALLPRODUCTSALLVENDORSMULTILINEDISCOUNTCOMBINATIONACTIVE>Yes</ISALLPRODUCTSALLVENDORSMULTILINEDISCOUNTCOMBINATIONACTIVE><ISALLPRODUCTSALLVENDORSTOTALDISCOUNTCOMBINATIONACTIVE>Yes</ISALLPRODUCTSALLVENDORSTOTALDISCOUNTCOMBINATIONACTIVE><ISALLPRODUCTSSPECIFICVENDORGROUPLINEDISCOUNTCOMBINATIONACTIVE>Yes</ISALLPRODUCTSSPECIFICVENDORGROUPLINEDISCOUNTCOMBINATIONACTIVE><ISALLPRODUCTSSPECIFICVENDORGROUPMULTILINEDISCOUNTCOMBINATIONACTIVE>Yes</ISALLPRODUCTSSPECIFICVENDORGROUPMULTILINEDISCOUNTCOMBINATIONACTIVE><ISALLPRODUCTSSPECIFICVENDORGROUPTOTALDISCOUNTCOMBINATIONACTIVE>Yes</ISALLPRODUCTSSPECIFICVENDORGROUPTOTALDISCOUNTCOMBINATIONACTIVE><ISALLPRODUCTSSPECIFICVENDORLINEDISCOUNTCOMBINATIONACTIVE>Yes</ISALLPRODUCTSSPECIFICVENDORLINEDISCOUNTCOMBINATIONACTIVE><ISALLPRODUCTSSPECIFICVENDORMULTILINEDISCOUNTCOMBINATIONACTIVE>Yes</ISALLPRODUCTSSPECIFICVENDORMULTILINEDISCOUNTCOMBINATIONACTIVE><ISALLPRODUCTSSPECIFICVENDORTOTALDISCOUNTCOMBINATIONACTIVE>Yes</ISALLPRODUCTSSPECIFICVENDORTOTALDISCOUNTCOMBINATIONACTIVE><ISSPECIFICPRODUCTALLVENDORSLINEDISCOUNTCOMBINATIONACTIVE>Yes</ISSPECIFICPRODUCTALLVENDORSLINEDISCOUNTCOMBINATIONACTIVE><ISSPECIFICPRODUCTALLVENDORSPRICECOMBINATIONACTIVE>Yes</ISSPECIFICPRODUCTALLVENDORSPRICECOMBINATIONACTIVE><ISSPECIFICPRODUCTGROUPALLVENDORSLINEDISCOUNTCOMBINATIONACTIVE>Yes</ISSPECIFICPRODUCTGROUPALLVENDORSLINEDISCOUNTCOMBINATIONACTIVE><ISSPECIFICPRODUCTGROUPALLVENDORSMULTILINEDISCOUNTCOMBINATIONACTIVE>Yes</ISSPECIFICPRODUCTGROUPALLVENDORSMULTILINEDISCOUNTCOMBINATIONACTIVE><ISSPECIFICPRODUCTGROUPSPECIFICVENDORGROUPLINEDISCOUNTCOMBINATIONACTIVE>Yes</ISSPECIFICPRODUCTGROUPSPECIFICVENDORGROUPLINEDISCOUNTCOMBINATIONACTIVE><ISSPECIFICPRODUCTGROUPSPECIFICVENDORGROUPMULTILINEDISCOUNTCOMBINATIONACTIVE>Yes</ISSPECIFICPRODUCTGROUPSPECIFICVENDORGROUPMULTILINEDISCOUNTCOMBINATIONACTIVE><ISSPECIFICPRODUCTGROUPSPECIFICVENDORLINEDISCOUNTCOMBINATIONACTIVE>Yes</ISSPECIFICPRODUCTGROUPSPECIFICVENDORLINEDISCOUNTCOMBINATIONACTIVE><ISSPECIFICPRODUCTGROUPSPECIFICVENDORMULTILINEDISCOUNTCOMBINATIONACTIVE>Yes</ISSPECIFICPRODUCTGROUPSPECIFICVENDORMULTILINEDISCOUNTCOMBINATIONACTIVE><ISSPECIFICPRODUCTSPECIFICVENDORGROUPLINEDISCOUNTCOMBINATIONACTIVE>Yes</ISSPECIFICPRODUCTSPECIFICVENDORGROUPLINEDISCOUNTCOMBINATIONACTIVE><ISSPECIFICPRODUCTSPECIFICVENDORGROUPPRICECOMBINATIONACTIVE>Yes</ISSPECIFICPRODUCTSPECIFICVENDORGROUPPRICECOMBINATIONACTIVE><ISSPECIFICPRODUCTSPECIFICVENDORLINEDISCOUNTCOMBINATIONACTIVE>Yes</ISSPECIFICPRODUCTSPECIFICVENDORLINEDISCOUNTCOMBINATIONACTIVE><ISSPECIFICPRODUCTSPECIFICVENDORPRICECOMBINATIONACTIVE>Yes</ISSPECIFICPRODUCTSPECIFICVENDORPRICECOMBINATIONACTIVE></PRICEDISCSALESTRADEAGREEMENTACTIVATIONENTITY></Document>