﻿<?xml version="1.0" encoding="utf-8"?><Document><PURCHPRODUCTAPPROVEDVENDORENTITY><APPROVEDVENDORACCOUNTNUMBER>FBOT</APPROVEDVENDORACCOUNTNUMBER><EFFECTIVEDATE>2024-08-29T00:00:00</EFFECTIVEDATE><EXPIRATIONDATE>2154-12-31T00:00:00</EXPIRATIONDATE><ITEMNUMBER>BARREL</ITEMNUMBER></PURCHPRODUCTAPPROVEDVENDORENTITY><PURCHPRODUCTAPPROVEDVENDORENTITY><APPROVEDVENDORACCOUNTNUMBER>WATERDEEPMERCHANTGUI</APPROVEDVENDORACCOUNTNUMBER><EFFECTIVEDATE>2024-08-10T00:00:00</EFFECTIVEDATE><EXPIRATIONDATE>2154-12-31T00:00:00</EXPIRATIONDATE><ITEMNUMBER>BARREL</ITEMNUMBER></PURCHPRODUCTAPPROVEDVENDORENTITY><PURCHPRODUCTAPPROVEDVENDORENTITY><APPROVEDVENDORACCOUNTNUMBER>HERBALISTSGUILD</APPROVEDVENDORACCOUNTNUMBER><EFFECTIVEDATE>2024-09-03T00:00:00</EFFECTIVEDATE><EXPIRATIONDATE>2154-12-31T00:00:00</EXPIRATIONDATE><ITEMNUMBER>NETTLE</ITEMNUMBER></PURCHPRODUCTAPPROVEDVENDORENTITY><PURCHPRODUCTAPPROVEDVENDORENTITY><APPROVEDVENDORACCOUNTNUMBER>BALDURSBLACKSMITH</APPROVEDVENDORACCOUNTNUMBER><EFFECTIVEDATE>2024-08-21T00:00:00</EFFECTIVEDATE><EXPIRATIONDATE>2154-12-31T00:00:00</EXPIRATIONDATE><ITEMNUMBER>SWORD</ITEMNUMBER></PURCHPRODUCTAPPROVEDVENDORENTITY><PURCHPRODUCTAPPROVEDVENDORENTITY><APPROVEDVENDORACCOUNTNUMBER>FELOUNSFOLLY</APPROVEDVENDORACCOUNTNUMBER><EFFECTIVEDATE>2024-08-21T00:00:00</EFFECTIVEDATE><EXPIRATIONDATE>2154-12-31T00:00:00</EXPIRATIONDATE><ITEMNUMBER>SWORD</ITEMNUMBER></PURCHPRODUCTAPPROVEDVENDORENTITY></Document>