﻿<?xml version="1.0" encoding="utf-8"?><Document><PDSBATCHDISPOSITIONENTITY><DISPOSITIONCODE /><DISPOSITIONDESCRIPTION /><DISPOSITIONSTATUS /><WILLBLOCKPRODUCTIONPICKING /><WILLBLOCKPRODUCTIONPICKINGJOURNAL /><WILLBLOCKPRODUCTIONRESERVATION /><WILLBLOCKSALESPICKING /><WILLBLOCKSALESRESERVATION /><WILLBLOCKSALESSHIPPING /><WILLBLOCKTRANSFERPICKING /><WILLBLOCKTRANSFERRESERVATION /><WILLBLOCKTRANSFERSHIPPING /><WILLNETREQUIREMENTCALCULATIONINCLUDEBATCHES /></PDSBATCHDISPOSITIONENTITY></Document>