﻿<?xml version="1.0" encoding="utf-8"?><Document><BOMBILLOFMATERIALSJOURNALNAMEENTITY><DEFAULTINVENTORYRESERVATIONMETHOD>None</DEFAULTINVENTORYRESERVATIONMETHOD><DEFAULTJOURNALDESCRIPTION>Bill of Materials</DEFAULTJOURNALDESCRIPTION><DEFAULTPOSTINGSUMMATIONLEVEL>Detail</DEFAULTPOSTINGSUMMATIONLEVEL><DEFAULTPRIVATEUSERGROUPID></DEFAULTPRIVATEUSERGROUPID><DEFAULTVOUCHERNUMBERALLOCATIONRULE>DateChange</DEFAULTVOUCHERNUMBERALLOCATIONRULE><DEFAULTVOUCHERNUMBERSELECTIONRULE>Post</DEFAULTVOUCHERNUMBERSELECTIONRULE><DEFAULTVOUCHERNUMBERSEQUENCECODE>Inve_10</DEFAULTVOUCHERNUMBERSEQUENCECODE><JOURNALNAMEID>BOM</JOURNALNAMEID><WILLPOSTINGDELETELINESBYDEFAULT>No</WILLPOSTINGDELETELINESBYDEFAULT></BOMBILLOFMATERIALSJOURNALNAMEENTITY></Document>