﻿<?xml version="1.0" encoding="utf-8"?><Document><BOMBILLOFMATERIALSPARAMETERSENTITY><AREQUANTITIESONBOMLINESANDDATESONBOMVERSIONMANDATORY>No</AREQUANTITIESONBOMLINESANDDATESONBOMVERSIONMANDATORY><CIRCULARITYCHECKLEVEL>Never</CIRCULARITYCHECKLEVEL><CIRCULARITYCHECKSTRATEGY>OptimizeForHighComplexity</CIRCULARITYCHECKSTRATEGY><FALLBACKCOSTCALCULATIONGROUPID>DEFAULT</FALLBACKCOSTCALCULATIONGROUPID><ISBOMANDVERSIONAPPROVALREMOVALBLOCKED>Yes</ISBOMANDVERSIONAPPROVALREMOVALBLOCKED><ISBOMEDITINGBLOCKED>Yes</ISBOMEDITINGBLOCKED><MAXIMUMBOMLEVEL>40</MAXIMUMBOMLEVEL></BOMBILLOFMATERIALSPARAMETERSENTITY></Document>