﻿<?xml version="1.0" encoding="utf-8"?><Document><SMMBUSINESSSUBSEGMENTENTITY><BUSINESSSEGMENTCODE>HOSPITALITY</BUSINESSSEGMENTCODE><SUBSEGMENTCODE>BOARDING</SUBSEGMENTCODE><SUBSEGMENTDESCRIPTION>Boarding Houses</SUBSEGMENTDESCRIPTION></SMMBUSINESSSUBSEGMENTENTITY><SMMBUSINESSSUBSEGMENTENTITY><BUSINESSSEGMENTCODE>HOSPITALITY</BUSINESSSEGMENTCODE><SUBSEGMENTCODE>INNS</SUBSEGMENTCODE><SUBSEGMENTDESCRIPTION>Inns</SUBSEGMENTDESCRIPTION></SMMBUSINESSSUBSEGMENTENTITY><SMMBUSINESSSUBSEGMENTENTITY><BUSINESSSEGMENTCODE>HOSPITALITY</BUSINESSSEGMENTCODE><SUBSEGMENTCODE>MEETING</SUBSEGMENTCODE><SUBSEGMENTDESCRIPTION>Meeting Houses</SUBSEGMENTDESCRIPTION></SMMBUSINESSSUBSEGMENTENTITY><SMMBUSINESSSUBSEGMENTENTITY><BUSINESSSEGMENTCODE>HOSPITALITY</BUSINESSSEGMENTCODE><SUBSEGMENTCODE>TAVERNS</SUBSEGMENTCODE><SUBSEGMENTDESCRIPTION>Taverns</SUBSEGMENTDESCRIPTION></SMMBUSINESSSUBSEGMENTENTITY></Document>