﻿<?xml version="1.0" encoding="utf-8"?><Document><ECORESPRODUCTCOLORENTITY><COLORID>LRG</COLORID></ECORESPRODUCTCOLORENTITY><ECORESPRODUCTCOLORENTITY><COLORID>MED</COLORID></ECORESPRODUCTCOLORENTITY><ECORESPRODUCTCOLORENTITY><COLORID>RED</COLORID></ECORESPRODUCTCOLORENTITY><ECORESPRODUCTCOLORENTITY><COLORID>SML</COLORID></ECORESPRODUCTCOLORENTITY><ECORESPRODUCTCOLORENTITY><COLORID>STD</COLORID></ECORESPRODUCTCOLORENTITY><ECORESPRODUCTCOLORENTITY><COLORID>WHITE</COLORID></ECORESPRODUCTCOLORENTITY><ECORESPRODUCTCOLORENTITY><COLORID>XLG</COLORID></ECORESPRODUCTCOLORENTITY><ECORESPRODUCTCOLORENTITY><COLORID>XSM</COLORID></ECORESPRODUCTCOLORENTITY><ECORESPRODUCTCOLORENTITY><COLORID>XXL</COLORID></ECORESPRODUCTCOLORENTITY></Document>