﻿<?xml version="1.0" encoding="utf-8"?><Document><INVENTCOMMODITYPRICINGPARAMETERSENTITY><AREBOMFORMULAPRICECALCULATIONSPRESERVED>No</AREBOMFORMULAPRICECALCULATIONSPRESERVED><BASEREFERENCEDEPTHVALUE>10</BASEREFERENCEDEPTHVALUE><COMMODITYCOSTBASISTYPEID></COMMODITYCOSTBASISTYPEID><COMMODITYPRICINGTEMPLATEID></COMMODITYPRICINGTEMPLATEID><FINANCIALDIMENSIONSETNAME></FINANCIALDIMENSIONSETNAME><TRADEAGREEMENTJOURNALNAMEID></TRADEAGREEMENTJOURNALNAMEID></INVENTCOMMODITYPRICINGPARAMETERSENTITY></Document>