﻿<?xml version="1.0" encoding="utf-8"?><Document><SALESCONTACTPERSONTITLEENTITY><JOBTITLE>Account Manager</JOBTITLE><JOBTITLEALIAS>Account Manager</JOBTITLEALIAS></SALESCONTACTPERSONTITLEENTITY><SALESCONTACTPERSONTITLEENTITY><JOBTITLE>Accountant</JOBTITLE><JOBTITLEALIAS>Accountant</JOBTITLEALIAS></SALESCONTACTPERSONTITLEENTITY><SALESCONTACTPERSONTITLEENTITY><JOBTITLE>Accounting Manager</JOBTITLE><JOBTITLEALIAS>Accounting Manager</JOBTITLEALIAS></SALESCONTACTPERSONTITLEENTITY><SALESCONTACTPERSONTITLEENTITY><JOBTITLE>Accounts Payable Coordinator</JOBTITLE><JOBTITLEALIAS>Accounts Payable Coordinator</JOBTITLEALIAS></SALESCONTACTPERSONTITLEENTITY><SALESCONTACTPERSONTITLEENTITY><JOBTITLE>Accounts Receivable Coordn.</JOBTITLE><JOBTITLEALIAS>Accounts Receivable Coordn.</JOBTITLEALIAS></SALESCONTACTPERSONTITLEENTITY><SALESCONTACTPERSONTITLEENTITY><JOBTITLE>Allocation Specialist</JOBTITLE><JOBTITLEALIAS>Allocation Specialist</JOBTITLEALIAS></SALESCONTACTPERSONTITLEENTITY><SALESCONTACTPERSONTITLEENTITY><JOBTITLE>AR Administrator</JOBTITLE><JOBTITLEALIAS>AR Administrator</JOBTITLEALIAS></SALESCONTACTPERSONTITLEENTITY><SALESCONTACTPERSONTITLEENTITY><JOBTITLE>Attorney</JOBTITLE><JOBTITLEALIAS>Attorney</JOBTITLEALIAS></SALESCONTACTPERSONTITLEENTITY><SALESCONTACTPERSONTITLEENTITY><JOBTITLE>Budget Manager</JOBTITLE><JOBTITLEALIAS>Budget Manager</JOBTITLEALIAS></SALESCONTACTPERSONTITLEENTITY><SALESCONTACTPERSONTITLEENTITY><JOBTITLE>Business Application Developer</JOBTITLE><JOBTITLEALIAS>Business Application Developer</JOBTITLEALIAS></SALESCONTACTPERSONTITLEENTITY><SALESCONTACTPERSONTITLEENTITY><JOBTITLE>Business Manager</JOBTITLE><JOBTITLEALIAS>Business Manager</JOBTITLEALIAS></SALESCONTACTPERSONTITLEENTITY><SALESCONTACTPERSONTITLEENTITY><JOBTITLE>Business System Developer</JOBTITLE><JOBTITLEALIAS>Business System Developer</JOBTITLEALIAS></SALESCONTACTPERSONTITLEENTITY><SALESCONTACTPERSONTITLEENTITY><JOBTITLE>Catalog Manager</JOBTITLE><JOBTITLEALIAS>Catalog Manager</JOBTITLEALIAS></SALESCONTACTPERSONTITLEENTITY><SALESCONTACTPERSONTITLEENTITY><JOBTITLE>Category Manager</JOBTITLE><JOBTITLEALIAS>Category Manager</JOBTITLEALIAS></SALESCONTACTPERSONTITLEENTITY><SALESCONTACTPERSONTITLEENTITY><JOBTITLE>Chief Financial Officer</JOBTITLE><JOBTITLEALIAS>Chief Financial Officer</JOBTITLEALIAS></SALESCONTACTPERSONTITLEENTITY><SALESCONTACTPERSONTITLEENTITY><JOBTITLE><![CDATA[Compensation & Benefits Cons.]]></JOBTITLE><JOBTITLEALIAS><![CDATA[Compensation & Benefits Cons.]]></JOBTITLEALIAS></SALESCONTACTPERSONTITLEENTITY><SALESCONTACTPERSONTITLEENTITY><JOBTITLE>Consultant</JOBTITLE><JOBTITLEALIAS>Consultant</JOBTITLEALIAS></SALESCONTACTPERSONTITLEENTITY><SALESCONTACTPERSONTITLEENTITY><JOBTITLE>Controller</JOBTITLE><JOBTITLEALIAS>Controller</JOBTITLEALIAS></SALESCONTACTPERSONTITLEENTITY><SALESCONTACTPERSONTITLEENTITY><JOBTITLE>Credit and Collections Manager</JOBTITLE><JOBTITLEALIAS>Credit and Collections Manager</JOBTITLEALIAS></SALESCONTACTPERSONTITLEENTITY><SALESCONTACTPERSONTITLEENTITY><JOBTITLE>Customer Service Manager</JOBTITLE><JOBTITLEALIAS>Customer Service Manager</JOBTITLEALIAS></SALESCONTACTPERSONTITLEENTITY><SALESCONTACTPERSONTITLEENTITY><JOBTITLE>Customer Service Rep</JOBTITLE><JOBTITLEALIAS>Customer Service Rep</JOBTITLEALIAS></SALESCONTACTPERSONTITLEENTITY><SALESCONTACTPERSONTITLEENTITY><JOBTITLE>Dedicated Sales Representative</JOBTITLE><JOBTITLEALIAS>Dedicated Sales Representative</JOBTITLEALIAS></SALESCONTACTPERSONTITLEENTITY><SALESCONTACTPERSONTITLEENTITY><JOBTITLE><![CDATA[Design & Construction Manager]]></JOBTITLE><JOBTITLEALIAS><![CDATA[Design & Construction Manager]]></JOBTITLEALIAS></SALESCONTACTPERSONTITLEENTITY><SALESCONTACTPERSONTITLEENTITY><JOBTITLE>Director</JOBTITLE><JOBTITLEALIAS>Director</JOBTITLEALIAS></SALESCONTACTPERSONTITLEENTITY><SALESCONTACTPERSONTITLEENTITY><JOBTITLE>Director of Human Resources</JOBTITLE><JOBTITLEALIAS>Director of Human Resources</JOBTITLEALIAS></SALESCONTACTPERSONTITLEENTITY><SALESCONTACTPERSONTITLEENTITY><JOBTITLE>Director of Marketing</JOBTITLE><JOBTITLEALIAS>Director of Marketing</JOBTITLEALIAS></SALESCONTACTPERSONTITLEENTITY><SALESCONTACTPERSONTITLEENTITY><JOBTITLE>Dispatcher</JOBTITLE><JOBTITLEALIAS>Dispatcher</JOBTITLEALIAS></SALESCONTACTPERSONTITLEENTITY><SALESCONTACTPERSONTITLEENTITY><JOBTITLE>E-Commerce Manager</JOBTITLE><JOBTITLEALIAS>E-Commerce Manager</JOBTITLEALIAS></SALESCONTACTPERSONTITLEENTITY><SALESCONTACTPERSONTITLEENTITY><JOBTITLE>Fleet Manager</JOBTITLE><JOBTITLEALIAS>Fleet Manager</JOBTITLEALIAS></SALESCONTACTPERSONTITLEENTITY><SALESCONTACTPERSONTITLEENTITY><JOBTITLE>HR Assistant</JOBTITLE><JOBTITLEALIAS>HR Assistant</JOBTITLEALIAS></SALESCONTACTPERSONTITLEENTITY><SALESCONTACTPERSONTITLEENTITY><JOBTITLE>HR Generalist</JOBTITLE><JOBTITLEALIAS>HR Generalist</JOBTITLEALIAS></SALESCONTACTPERSONTITLEENTITY><SALESCONTACTPERSONTITLEENTITY><JOBTITLE>In-house Developer</JOBTITLE><JOBTITLEALIAS>In-house Developer</JOBTITLEALIAS></SALESCONTACTPERSONTITLEENTITY><SALESCONTACTPERSONTITLEENTITY><JOBTITLE><![CDATA[Inventory & Allocation Manager]]></JOBTITLE><JOBTITLEALIAS><![CDATA[Inventory & Allocation Manager]]></JOBTITLEALIAS></SALESCONTACTPERSONTITLEENTITY><SALESCONTACTPERSONTITLEENTITY><JOBTITLE>IT Engineer</JOBTITLE><JOBTITLEALIAS>IT Engineer</JOBTITLEALIAS></SALESCONTACTPERSONTITLEENTITY><SALESCONTACTPERSONTITLEENTITY><JOBTITLE>IT Manager</JOBTITLE><JOBTITLEALIAS>IT Manager</JOBTITLEALIAS></SALESCONTACTPERSONTITLEENTITY><SALESCONTACTPERSONTITLEENTITY><JOBTITLE>Lean Officer</JOBTITLE><JOBTITLEALIAS>Lean Officer</JOBTITLEALIAS></SALESCONTACTPERSONTITLEENTITY><SALESCONTACTPERSONTITLEENTITY><JOBTITLE>Lease Administrator</JOBTITLE><JOBTITLEALIAS>Lease Administrator</JOBTITLEALIAS></SALESCONTACTPERSONTITLEENTITY><SALESCONTACTPERSONTITLEENTITY><JOBTITLE>Loss Prevention Manager</JOBTITLE><JOBTITLEALIAS>Loss Prevention Manager</JOBTITLEALIAS></SALESCONTACTPERSONTITLEENTITY><SALESCONTACTPERSONTITLEENTITY><JOBTITLE>Machine Operator</JOBTITLE><JOBTITLEALIAS>Machine Operator</JOBTITLEALIAS></SALESCONTACTPERSONTITLEENTITY><SALESCONTACTPERSONTITLEENTITY><JOBTITLE>Manager of Client Services</JOBTITLE><JOBTITLEALIAS>Manager of Client Services</JOBTITLEALIAS></SALESCONTACTPERSONTITLEENTITY><SALESCONTACTPERSONTITLEENTITY><JOBTITLE>Manager of Finance</JOBTITLE><JOBTITLEALIAS>Manager of Finance</JOBTITLEALIAS></SALESCONTACTPERSONTITLEENTITY><SALESCONTACTPERSONTITLEENTITY><JOBTITLE>Manager of Human Resources</JOBTITLE><JOBTITLEALIAS>Manager of Human Resources</JOBTITLEALIAS></SALESCONTACTPERSONTITLEENTITY><SALESCONTACTPERSONTITLEENTITY><JOBTITLE>Manager of Legal</JOBTITLE><JOBTITLEALIAS>Manager of Legal</JOBTITLEALIAS></SALESCONTACTPERSONTITLEENTITY><SALESCONTACTPERSONTITLEENTITY><JOBTITLE><![CDATA[Manager of Sales & Marketing]]></JOBTITLE><JOBTITLEALIAS><![CDATA[Manager of Sales & Marketing]]></JOBTITLEALIAS></SALESCONTACTPERSONTITLEENTITY><SALESCONTACTPERSONTITLEENTITY><JOBTITLE>Managing Partner</JOBTITLE><JOBTITLEALIAS>Managing Partner</JOBTITLEALIAS></SALESCONTACTPERSONTITLEENTITY><SALESCONTACTPERSONTITLEENTITY><JOBTITLE>Marketing Assistant</JOBTITLE><JOBTITLEALIAS>Marketing Assistant</JOBTITLEALIAS></SALESCONTACTPERSONTITLEENTITY><SALESCONTACTPERSONTITLEENTITY><JOBTITLE>Marketing Executive</JOBTITLE><JOBTITLEALIAS>Marketing Executive</JOBTITLEALIAS></SALESCONTACTPERSONTITLEENTITY><SALESCONTACTPERSONTITLEENTITY><JOBTITLE>Marketing Manager</JOBTITLE><JOBTITLEALIAS>Marketing Manager</JOBTITLEALIAS></SALESCONTACTPERSONTITLEENTITY><SALESCONTACTPERSONTITLEENTITY><JOBTITLE>Marketing Staff</JOBTITLE><JOBTITLEALIAS>Marketing Staff</JOBTITLEALIAS></SALESCONTACTPERSONTITLEENTITY><SALESCONTACTPERSONTITLEENTITY><JOBTITLE>Materials Manager</JOBTITLE><JOBTITLEALIAS>Materials Manager</JOBTITLEALIAS></SALESCONTACTPERSONTITLEENTITY><SALESCONTACTPERSONTITLEENTITY><JOBTITLE>Merchandising Director</JOBTITLE><JOBTITLEALIAS>Merchandising Director</JOBTITLEALIAS></SALESCONTACTPERSONTITLEENTITY><SALESCONTACTPERSONTITLEENTITY><JOBTITLE>Mgr of Category Mgrs</JOBTITLE><JOBTITLEALIAS>Mgr of Category Mgrs</JOBTITLEALIAS></SALESCONTACTPERSONTITLEENTITY><SALESCONTACTPERSONTITLEENTITY><JOBTITLE>Operations Manager</JOBTITLE><JOBTITLEALIAS>Operations Manager</JOBTITLEALIAS></SALESCONTACTPERSONTITLEENTITY><SALESCONTACTPERSONTITLEENTITY><JOBTITLE>Order Processor</JOBTITLE><JOBTITLEALIAS>Order Processor</JOBTITLEALIAS></SALESCONTACTPERSONTITLEENTITY><SALESCONTACTPERSONTITLEENTITY><JOBTITLE>Outbound Technician</JOBTITLE><JOBTITLEALIAS>Outbound Technician</JOBTITLEALIAS></SALESCONTACTPERSONTITLEENTITY><SALESCONTACTPERSONTITLEENTITY><JOBTITLE>Payroll Administrator</JOBTITLE><JOBTITLEALIAS>Payroll Administrator</JOBTITLEALIAS></SALESCONTACTPERSONTITLEENTITY><SALESCONTACTPERSONTITLEENTITY><JOBTITLE>Picker</JOBTITLE><JOBTITLEALIAS>Picker</JOBTITLEALIAS></SALESCONTACTPERSONTITLEENTITY><SALESCONTACTPERSONTITLEENTITY><JOBTITLE>Practice Manager</JOBTITLE><JOBTITLEALIAS>Practice Manager</JOBTITLEALIAS></SALESCONTACTPERSONTITLEENTITY><SALESCONTACTPERSONTITLEENTITY><JOBTITLE>President</JOBTITLE><JOBTITLEALIAS>President</JOBTITLEALIAS></SALESCONTACTPERSONTITLEENTITY><SALESCONTACTPERSONTITLEENTITY><JOBTITLE>Principal Consultant</JOBTITLE><JOBTITLEALIAS>Principal Consultant</JOBTITLEALIAS></SALESCONTACTPERSONTITLEENTITY><SALESCONTACTPERSONTITLEENTITY><JOBTITLE>Process Engineer</JOBTITLE><JOBTITLEALIAS>Process Engineer</JOBTITLEALIAS></SALESCONTACTPERSONTITLEENTITY><SALESCONTACTPERSONTITLEENTITY><JOBTITLE>Procurement Specialist</JOBTITLE><JOBTITLEALIAS>Procurement Specialist</JOBTITLEALIAS></SALESCONTACTPERSONTITLEENTITY><SALESCONTACTPERSONTITLEENTITY><JOBTITLE>Product Designer</JOBTITLE><JOBTITLEALIAS>Product Designer</JOBTITLEALIAS></SALESCONTACTPERSONTITLEENTITY><SALESCONTACTPERSONTITLEENTITY><JOBTITLE>Production Manager</JOBTITLE><JOBTITLEALIAS>Production Manager</JOBTITLEALIAS></SALESCONTACTPERSONTITLEENTITY><SALESCONTACTPERSONTITLEENTITY><JOBTITLE>Production Planner</JOBTITLE><JOBTITLEALIAS>Production Planner</JOBTITLEALIAS></SALESCONTACTPERSONTITLEENTITY><SALESCONTACTPERSONTITLEENTITY><JOBTITLE>Project Division Mgr</JOBTITLE><JOBTITLEALIAS>Project Division Mgr</JOBTITLEALIAS></SALESCONTACTPERSONTITLEENTITY><SALESCONTACTPERSONTITLEENTITY><JOBTITLE>Project Manager</JOBTITLE><JOBTITLEALIAS>Project Manager</JOBTITLEALIAS></SALESCONTACTPERSONTITLEENTITY><SALESCONTACTPERSONTITLEENTITY><JOBTITLE>Project Team Member</JOBTITLE><JOBTITLEALIAS>Project Team Member</JOBTITLEALIAS></SALESCONTACTPERSONTITLEENTITY><SALESCONTACTPERSONTITLEENTITY><JOBTITLE>Purchasing Agent</JOBTITLE><JOBTITLEALIAS>Purchasing Agent</JOBTITLEALIAS></SALESCONTACTPERSONTITLEENTITY><SALESCONTACTPERSONTITLEENTITY><JOBTITLE>Purchasing Manager</JOBTITLE><JOBTITLEALIAS>Purchasing Manager</JOBTITLEALIAS></SALESCONTACTPERSONTITLEENTITY><SALESCONTACTPERSONTITLEENTITY><JOBTITLE>Quality Controller</JOBTITLE><JOBTITLEALIAS>Quality Controller</JOBTITLEALIAS></SALESCONTACTPERSONTITLEENTITY><SALESCONTACTPERSONTITLEENTITY><JOBTITLE>Receptionist</JOBTITLE><JOBTITLEALIAS>Receptionist</JOBTITLEALIAS></SALESCONTACTPERSONTITLEENTITY><SALESCONTACTPERSONTITLEENTITY><JOBTITLE><![CDATA[Recruiting&Staffing Consulant]]></JOBTITLE><JOBTITLEALIAS><![CDATA[Recruiting&Staffing Consulant]]></JOBTITLEALIAS></SALESCONTACTPERSONTITLEENTITY><SALESCONTACTPERSONTITLEENTITY><JOBTITLE>Regional Manager</JOBTITLE><JOBTITLEALIAS>Regional Manager</JOBTITLEALIAS></SALESCONTACTPERSONTITLEENTITY><SALESCONTACTPERSONTITLEENTITY><JOBTITLE>Resource Manager</JOBTITLE><JOBTITLEALIAS>Resource Manager</JOBTITLEALIAS></SALESCONTACTPERSONTITLEENTITY><SALESCONTACTPERSONTITLEENTITY><JOBTITLE>Retail Director</JOBTITLE><JOBTITLEALIAS>Retail Director</JOBTITLEALIAS></SALESCONTACTPERSONTITLEENTITY><SALESCONTACTPERSONTITLEENTITY><JOBTITLE>Sales Associate</JOBTITLE><JOBTITLEALIAS>Sales Associate</JOBTITLEALIAS></SALESCONTACTPERSONTITLEENTITY><SALESCONTACTPERSONTITLEENTITY><JOBTITLE>Sales Assotiate - Russia</JOBTITLE><JOBTITLEALIAS>Sales Assotiate - Russia</JOBTITLEALIAS></SALESCONTACTPERSONTITLEENTITY><SALESCONTACTPERSONTITLEENTITY><JOBTITLE>Sales Manager</JOBTITLE><JOBTITLEALIAS>Sales Manager</JOBTITLEALIAS></SALESCONTACTPERSONTITLEENTITY><SALESCONTACTPERSONTITLEENTITY><JOBTITLE>Senior Consultant</JOBTITLE><JOBTITLEALIAS>Senior Consultant</JOBTITLEALIAS></SALESCONTACTPERSONTITLEENTITY><SALESCONTACTPERSONTITLEENTITY><JOBTITLE><![CDATA[Shipping & Receiving Staff]]></JOBTITLE><JOBTITLEALIAS><![CDATA[Shipping & Receiving Staff]]></JOBTITLEALIAS></SALESCONTACTPERSONTITLEENTITY><SALESCONTACTPERSONTITLEENTITY><JOBTITLE>Shop Supervisor</JOBTITLE><JOBTITLEALIAS>Shop Supervisor</JOBTITLEALIAS></SALESCONTACTPERSONTITLEENTITY><SALESCONTACTPERSONTITLEENTITY><JOBTITLE>Store Cashier</JOBTITLE><JOBTITLEALIAS>Store Cashier</JOBTITLEALIAS></SALESCONTACTPERSONTITLEENTITY><SALESCONTACTPERSONTITLEENTITY><JOBTITLE>Store Designer</JOBTITLE><JOBTITLEALIAS>Store Designer</JOBTITLEALIAS></SALESCONTACTPERSONTITLEENTITY><SALESCONTACTPERSONTITLEENTITY><JOBTITLE>Store Manager</JOBTITLE><JOBTITLEALIAS>Store Manager</JOBTITLEALIAS></SALESCONTACTPERSONTITLEENTITY><SALESCONTACTPERSONTITLEENTITY><JOBTITLE>Store Manager - Russia</JOBTITLE><JOBTITLEALIAS>Store Manager - Russia</JOBTITLEALIAS></SALESCONTACTPERSONTITLEENTITY><SALESCONTACTPERSONTITLEENTITY><JOBTITLE>Store Merchandiser</JOBTITLE><JOBTITLEALIAS>Store Merchandiser</JOBTITLEALIAS></SALESCONTACTPERSONTITLEENTITY><SALESCONTACTPERSONTITLEENTITY><JOBTITLE>Systems Consultant</JOBTITLE><JOBTITLEALIAS>Systems Consultant</JOBTITLEALIAS></SALESCONTACTPERSONTITLEENTITY><SALESCONTACTPERSONTITLEENTITY><JOBTITLE><![CDATA[Training & Development Cons.]]></JOBTITLE><JOBTITLEALIAS><![CDATA[Training & Development Cons.]]></JOBTITLEALIAS></SALESCONTACTPERSONTITLEENTITY><SALESCONTACTPERSONTITLEENTITY><JOBTITLE>Transport Coordinator</JOBTITLE><JOBTITLEALIAS>Transport Coordinator</JOBTITLEALIAS></SALESCONTACTPERSONTITLEENTITY><SALESCONTACTPERSONTITLEENTITY><JOBTITLE>Treasurer</JOBTITLE><JOBTITLEALIAS>Treasurer</JOBTITLEALIAS></SALESCONTACTPERSONTITLEENTITY><SALESCONTACTPERSONTITLEENTITY><JOBTITLE>Value Stream Manager</JOBTITLE><JOBTITLEALIAS>Value Stream Manager</JOBTITLEALIAS></SALESCONTACTPERSONTITLEENTITY><SALESCONTACTPERSONTITLEENTITY><JOBTITLE><![CDATA[VP of Finance & Administration]]></JOBTITLE><JOBTITLEALIAS><![CDATA[VP of Finance & Administration]]></JOBTITLEALIAS></SALESCONTACTPERSONTITLEENTITY><SALESCONTACTPERSONTITLEENTITY><JOBTITLE>VP of Human Resources</JOBTITLE><JOBTITLEALIAS>VP of Human Resources</JOBTITLEALIAS></SALESCONTACTPERSONTITLEENTITY><SALESCONTACTPERSONTITLEENTITY><JOBTITLE>VP of Operations</JOBTITLE><JOBTITLEALIAS>VP of Operations</JOBTITLEALIAS></SALESCONTACTPERSONTITLEENTITY><SALESCONTACTPERSONTITLEENTITY><JOBTITLE>Warehouse Manager</JOBTITLE><JOBTITLEALIAS>Warehouse Manager</JOBTITLEALIAS></SALESCONTACTPERSONTITLEENTITY><SALESCONTACTPERSONTITLEENTITY><JOBTITLE>Warehouse Worker</JOBTITLE><JOBTITLEALIAS>Warehouse Worker</JOBTITLEALIAS></SALESCONTACTPERSONTITLEENTITY><SALESCONTACTPERSONTITLEENTITY><JOBTITLE>Waterspider</JOBTITLE><JOBTITLEALIAS>Waterspider</JOBTITLEALIAS></SALESCONTACTPERSONTITLEENTITY></Document>