﻿<?xml version="1.0" encoding="utf-8"?><Document><COSTGROUPENTITY><COSTBEHAVIOUR>Variable</COSTBEHAVIOUR><COSTGROUPTYPE>DirectManufacturing</COSTGROUPTYPE><GROUPID>BOTTLING</GROUPID><GROUPNAME>Bottling</GROUPNAME><ISDEFAULTCOSTGROUP>No</ISDEFAULTCOSTGROUP></COSTGROUPENTITY><COSTGROUPENTITY><COSTBEHAVIOUR>Variable</COSTBEHAVIOUR><COSTGROUPTYPE>DirectManufacturing</COSTGROUPTYPE><GROUPID>COOKING</GROUPID><GROUPNAME>Cooking</GROUPNAME><ISDEFAULTCOSTGROUP>No</ISDEFAULTCOSTGROUP></COSTGROUPENTITY><COSTGROUPENTITY><COSTBEHAVIOUR>Variable</COSTBEHAVIOUR><COSTGROUPTYPE>DirectManufacturing</COSTGROUPTYPE><GROUPID>CRUSHING</GROUPID><GROUPNAME>Crushing</GROUPNAME><ISDEFAULTCOSTGROUP>No</ISDEFAULTCOSTGROUP></COSTGROUPENTITY><COSTGROUPENTITY><COSTBEHAVIOUR>Variable</COSTBEHAVIOUR><COSTGROUPTYPE>DirectManufacturing</COSTGROUPTYPE><GROUPID>DISTILLING</GROUPID><GROUPNAME>Distilling</GROUPNAME><ISDEFAULTCOSTGROUP>No</ISDEFAULTCOSTGROUP></COSTGROUPENTITY><COSTGROUPENTITY><COSTBEHAVIOUR>Variable</COSTBEHAVIOUR><COSTGROUPTYPE>DirectManufacturing</COSTGROUPTYPE><GROUPID>DRYING</GROUPID><GROUPNAME>Drying</GROUPNAME><ISDEFAULTCOSTGROUP>No</ISDEFAULTCOSTGROUP></COSTGROUPENTITY><COSTGROUPENTITY><COSTBEHAVIOUR>Undefined</COSTBEHAVIOUR><COSTGROUPTYPE>DirectMaterials</COSTGROUPTYPE><GROUPID>INGREDIENT</GROUPID><GROUPNAME>Ingredient</GROUPNAME><ISDEFAULTCOSTGROUP>No</ISDEFAULTCOSTGROUP></COSTGROUPENTITY><COSTGROUPENTITY><COSTBEHAVIOUR>Variable</COSTBEHAVIOUR><COSTGROUPTYPE>DirectManufacturing</COSTGROUPTYPE><GROUPID>PACKAGING</GROUPID><GROUPNAME>Packaging</GROUPNAME><ISDEFAULTCOSTGROUP>No</ISDEFAULTCOSTGROUP></COSTGROUPENTITY><COSTGROUPENTITY><COSTBEHAVIOUR>Variable</COSTBEHAVIOUR><COSTGROUPTYPE>DirectManufacturing</COSTGROUPTYPE><GROUPID>PACKING</GROUPID><GROUPNAME>Packing</GROUPNAME><ISDEFAULTCOSTGROUP>No</ISDEFAULTCOSTGROUP></COSTGROUPENTITY><COSTGROUPENTITY><COSTBEHAVIOUR>Variable</COSTBEHAVIOUR><COSTGROUPTYPE>DirectManufacturing</COSTGROUPTYPE><GROUPID>PRESSING</GROUPID><GROUPNAME>Pressing</GROUPNAME><ISDEFAULTCOSTGROUP>No</ISDEFAULTCOSTGROUP></COSTGROUPENTITY><COSTGROUPENTITY><COSTBEHAVIOUR>Variable</COSTBEHAVIOUR><COSTGROUPTYPE>DirectManufacturing</COSTGROUPTYPE><GROUPID>STRAINING</GROUPID><GROUPNAME>Straining</GROUPNAME><ISDEFAULTCOSTGROUP>No</ISDEFAULTCOSTGROUP></COSTGROUPENTITY></Document>