﻿<?xml version="1.0" encoding="utf-8"?><Document><INVENTCOSTFLOWASSUMPTIONPOLICYENTITY><INVENTORYMODEL>FIFO</INVENTORYMODEL><ISFINANCIALINVENTORYPOSTED>No</ISFINANCIALINVENTORYPOSTED><ISFIXEDRECEIPTPRICEUSED>No</ISFIXEDRECEIPTPRICEUSED><ISPHYSICALINVENTORYPOSTED>No</ISPHYSICALINVENTORYPOSTED><ISSTOCKEDPRODUCT>No</ISSTOCKEDPRODUCT><ISUNITCOSTINCLUDINGPHYSICALLYUPDATEDINVENTORY>No</ISUNITCOSTINCLUDINGPHYSICALLYUPDATEDINVENTORY><POLICYID>EXPENSED</POLICYID><POLICYNAME>Expensed Cost Model</POLICYNAME><WILLPRODUCTRECEIPTPROCESSINGACCRUELIABILITY>Yes</WILLPRODUCTRECEIPTPROCESSINGACCRUELIABILITY><WILLSALESDELIVERYPROCESSPOSTDEFERREDREVENUE>No</WILLSALESDELIVERYPROCESSPOSTDEFERREDREVENUE></INVENTCOSTFLOWASSUMPTIONPOLICYENTITY><INVENTCOSTFLOWASSUMPTIONPOLICYENTITY><INVENTORYMODEL>FIFO</INVENTORYMODEL><ISFINANCIALINVENTORYPOSTED>Yes</ISFINANCIALINVENTORYPOSTED><ISFIXEDRECEIPTPRICEUSED>No</ISFIXEDRECEIPTPRICEUSED><ISPHYSICALINVENTORYPOSTED>Yes</ISPHYSICALINVENTORYPOSTED><ISSTOCKEDPRODUCT>Yes</ISSTOCKEDPRODUCT><ISUNITCOSTINCLUDINGPHYSICALLYUPDATEDINVENTORY>No</ISUNITCOSTINCLUDINGPHYSICALLYUPDATEDINVENTORY><POLICYID>FIFOCOST</POLICYID><POLICYNAME>First-In/First-Out Cost Model</POLICYNAME><WILLPRODUCTRECEIPTPROCESSINGACCRUELIABILITY>Yes</WILLPRODUCTRECEIPTPROCESSINGACCRUELIABILITY><WILLSALESDELIVERYPROCESSPOSTDEFERREDREVENUE>No</WILLSALESDELIVERYPROCESSPOSTDEFERREDREVENUE></INVENTCOSTFLOWASSUMPTIONPOLICYENTITY><INVENTCOSTFLOWASSUMPTIONPOLICYENTITY><INVENTORYMODEL>StdCost</INVENTORYMODEL><ISFINANCIALINVENTORYPOSTED>Yes</ISFINANCIALINVENTORYPOSTED><ISFIXEDRECEIPTPRICEUSED>No</ISFIXEDRECEIPTPRICEUSED><ISPHYSICALINVENTORYPOSTED>Yes</ISPHYSICALINVENTORYPOSTED><ISSTOCKEDPRODUCT>Yes</ISSTOCKEDPRODUCT><ISUNITCOSTINCLUDINGPHYSICALLYUPDATEDINVENTORY>No</ISUNITCOSTINCLUDINGPHYSICALLYUPDATEDINVENTORY><POLICYID>STDCOST</POLICYID><POLICYNAME>Standard Cost Model</POLICYNAME><WILLPRODUCTRECEIPTPROCESSINGACCRUELIABILITY>Yes</WILLPRODUCTRECEIPTPROCESSINGACCRUELIABILITY><WILLSALESDELIVERYPROCESSPOSTDEFERREDREVENUE>Yes</WILLSALESDELIVERYPROCESSPOSTDEFERREDREVENUE></INVENTCOSTFLOWASSUMPTIONPOLICYENTITY></Document>