﻿<?xml version="1.0" encoding="utf-8"?><Document><INVENTINVENTORYCOUNTINGGROUPENTITY><COUNTINGJOURNALINCLUSIONCODE>Manual</COUNTINGJOURNALINCLUSIONCODE><COUNTINGPERIODDAYS>0</COUNTINGPERIODDAYS><GROUPID>MANUAL</GROUPID><GROUPNAME>Manual Counting Group</GROUPNAME></INVENTINVENTORYCOUNTINGGROUPENTITY><INVENTINVENTORYCOUNTINGGROUPENTITY><COUNTINGJOURNALINCLUSIONCODE>Minimum</COUNTINGJOURNALINCLUSIONCODE><COUNTINGPERIODDAYS>0</COUNTINGPERIODDAYS><GROUPID>MINIMUM</GROUPID><GROUPNAME>Minimum Counting Group</GROUPNAME></INVENTINVENTORYCOUNTINGGROUPENTITY><INVENTINVENTORYCOUNTINGGROUPENTITY><COUNTINGJOURNALINCLUSIONCODE>Period</COUNTINGJOURNALINCLUSIONCODE><COUNTINGPERIODDAYS>30</COUNTINGPERIODDAYS><GROUPID>MONTHLY</GROUPID><GROUPNAME>Monthly Counting Group</GROUPNAME></INVENTINVENTORYCOUNTINGGROUPENTITY><INVENTINVENTORYCOUNTINGGROUPENTITY><COUNTINGJOURNALINCLUSIONCODE>ZeroOnHand</COUNTINGJOURNALINCLUSIONCODE><COUNTINGPERIODDAYS>0</COUNTINGPERIODDAYS><GROUPID>ZEROSTOCK</GROUPID><GROUPNAME>Zero Stock Counting Group</GROUPNAME></INVENTINVENTORYCOUNTINGGROUPENTITY></Document>