﻿<?xml version="1.0" encoding="utf-8"?><Document><RETURNDISPOSITIONCODEENTITY><DISPOSITIONACTION>CreditOnly</DISPOSITIONACTION><DISPOSITIONCODE>CREDONLY</DISPOSITIONCODE><DISPOSITIONDESCRIPTION>Credit Customer, No Return</DISPOSITIONDESCRIPTION></RETURNDISPOSITIONCODEENTITY><RETURNDISPOSITIONCODEENTITY><DISPOSITIONACTION>Credit</DISPOSITIONACTION><DISPOSITIONCODE>CREDREP</DISPOSITIONCODE><DISPOSITIONDESCRIPTION>Credit Customer, Repair and Return to Inventory</DISPOSITIONDESCRIPTION></RETURNDISPOSITIONCODEENTITY><RETURNDISPOSITIONCODEENTITY><DISPOSITIONACTION>ReplaceCredit</DISPOSITIONACTION><DISPOSITIONCODE>CREDREPL</DISPOSITIONCODE><DISPOSITIONDESCRIPTION>Credit Customer and Replace Item</DISPOSITIONDESCRIPTION></RETURNDISPOSITIONCODEENTITY><RETURNDISPOSITIONCODEENTITY><DISPOSITIONACTION>Credit</DISPOSITIONACTION><DISPOSITIONCODE>CREDRET</DISPOSITIONCODE><DISPOSITIONDESCRIPTION>Credit Customer and Return to Inventory</DISPOSITIONDESCRIPTION></RETURNDISPOSITIONCODEENTITY><RETURNDISPOSITIONCODEENTITY><DISPOSITIONACTION>ReplaceScrap</DISPOSITIONACTION><DISPOSITIONCODE>CREDSCRAP</DISPOSITIONCODE><DISPOSITIONDESCRIPTION>Credit Customer, Return Item and Scrap</DISPOSITIONDESCRIPTION></RETURNDISPOSITIONCODEENTITY><RETURNDISPOSITIONCODEENTITY><DISPOSITIONACTION>ReturnToCust</DISPOSITIONACTION><DISPOSITIONCODE>RETURN</DISPOSITIONCODE><DISPOSITIONDESCRIPTION>Return Item to Customer without Credit</DISPOSITIONDESCRIPTION></RETURNDISPOSITIONCODEENTITY><RETURNDISPOSITIONCODEENTITY><DISPOSITIONACTION>Scrap</DISPOSITIONACTION><DISPOSITIONCODE>SCRAP</DISPOSITIONCODE><DISPOSITIONDESCRIPTION>Credit Customer and Scrap Item</DISPOSITIONDESCRIPTION></RETURNDISPOSITIONCODEENTITY></Document>