﻿<?xml version="1.0" encoding="utf-8"?><Document><SMMEMPLOYMENTJOBFUNCTIONENTITY><FUNCTIONDESCRIPTION><![CDATA[Accounting & Finance]]></FUNCTIONDESCRIPTION><FUNCTIONNAME><![CDATA[Accounting & Finance]]></FUNCTIONNAME></SMMEMPLOYMENTJOBFUNCTIONENTITY><SMMEMPLOYMENTJOBFUNCTIONENTITY><FUNCTIONDESCRIPTION><![CDATA[Professional & Consulting Services]]></FUNCTIONDESCRIPTION><FUNCTIONNAME>Consulting</FUNCTIONNAME></SMMEMPLOYMENTJOBFUNCTIONENTITY><SMMEMPLOYMENTJOBFUNCTIONENTITY><FUNCTIONDESCRIPTION>Human Resources</FUNCTIONDESCRIPTION><FUNCTIONNAME>Human Resources</FUNCTIONNAME></SMMEMPLOYMENTJOBFUNCTIONENTITY><SMMEMPLOYMENTJOBFUNCTIONENTITY><FUNCTIONDESCRIPTION><![CDATA[Marketing & Communications]]></FUNCTIONDESCRIPTION><FUNCTIONNAME>Marketing</FUNCTIONNAME></SMMEMPLOYMENTJOBFUNCTIONENTITY><SMMEMPLOYMENTJOBFUNCTIONENTITY><FUNCTIONDESCRIPTION><![CDATA[News & Editorial]]></FUNCTIONDESCRIPTION><FUNCTIONNAME><![CDATA[News & Editorial]]></FUNCTIONNAME></SMMEMPLOYMENTJOBFUNCTIONENTITY><SMMEMPLOYMENTJOBFUNCTIONENTITY><FUNCTIONDESCRIPTION>Procurement</FUNCTIONDESCRIPTION><FUNCTIONNAME>Procurement</FUNCTIONNAME></SMMEMPLOYMENTJOBFUNCTIONENTITY><SMMEMPLOYMENTJOBFUNCTIONENTITY><FUNCTIONDESCRIPTION>Production</FUNCTIONDESCRIPTION><FUNCTIONNAME>Production</FUNCTIONNAME></SMMEMPLOYMENTJOBFUNCTIONENTITY><SMMEMPLOYMENTJOBFUNCTIONENTITY><FUNCTIONDESCRIPTION>Production Management</FUNCTIONDESCRIPTION><FUNCTIONNAME>Production Managemen</FUNCTIONNAME></SMMEMPLOYMENTJOBFUNCTIONENTITY><SMMEMPLOYMENTJOBFUNCTIONENTITY><FUNCTIONDESCRIPTION>Quality</FUNCTIONDESCRIPTION><FUNCTIONNAME>Quality</FUNCTIONNAME></SMMEMPLOYMENTJOBFUNCTIONENTITY><SMMEMPLOYMENTJOBFUNCTIONENTITY><FUNCTIONDESCRIPTION>Sales</FUNCTIONDESCRIPTION><FUNCTIONNAME>Sales</FUNCTIONNAME></SMMEMPLOYMENTJOBFUNCTIONENTITY><SMMEMPLOYMENTJOBFUNCTIONENTITY><FUNCTIONDESCRIPTION>Shipping</FUNCTIONDESCRIPTION><FUNCTIONNAME>Shipping</FUNCTIONNAME></SMMEMPLOYMENTJOBFUNCTIONENTITY><SMMEMPLOYMENTJOBFUNCTIONENTITY><FUNCTIONDESCRIPTION>Technology Development</FUNCTIONDESCRIPTION><FUNCTIONNAME>Technology</FUNCTIONNAME></SMMEMPLOYMENTJOBFUNCTIONENTITY></Document>