﻿<?xml version="1.0" encoding="utf-8"?><Document><INVENTINVENTORYCOUNTINGJOURNALNAMEENTITY><DEFAULTCOUNTINGSTATUSREGISTRATIONPOLICY>EnableCountingStatusRegistration</DEFAULTCOUNTINGSTATUSREGISTRATIONPOLICY><DEFAULTINVENTORYRESERVATIONMETHOD>None</DEFAULTINVENTORYRESERVATIONMETHOD><DEFAULTJOURNALDESCRIPTION>Inventory Counting</DEFAULTJOURNALDESCRIPTION><DEFAULTPOSTINGSUMMATIONLEVEL>Detail</DEFAULTPOSTINGSUMMATIONLEVEL><DEFAULTPRIVATEUSERGROUPID></DEFAULTPRIVATEUSERGROUPID><DEFAULTVOUCHERNUMBERALLOCATIONRULE>DateChange</DEFAULTVOUCHERNUMBERALLOCATIONRULE><DEFAULTVOUCHERNUMBERSELECTIONRULE>Post</DEFAULTVOUCHERNUMBERSELECTIONRULE><DEFAULTVOUCHERNUMBERSEQUENCECODE>Inve_10</DEFAULTVOUCHERNUMBERSEQUENCECODE><JOURNALNAMEID>ICNT</JOURNALNAMEID><WILLPOSTINGDELETELINESBYDEFAULT>No</WILLPOSTINGDELETELINESBYDEFAULT></INVENTINVENTORYCOUNTINGJOURNALNAMEENTITY></Document>