﻿<?xml version="1.0" encoding="utf-8"?><Document><INVENTINVENTORYADJUSTMENTJOURNALNAMEENTITY><DEFAULTINVENTORYRESERVATIONMETHOD>None</DEFAULTINVENTORYRESERVATIONMETHOD><DEFAULTJOURNALDESCRIPTION>Inventory Adjustment</DEFAULTJOURNALDESCRIPTION><DEFAULTPOSTINGSUMMATIONLEVEL>Detail</DEFAULTPOSTINGSUMMATIONLEVEL><DEFAULTPRIVATEUSERGROUPID></DEFAULTPRIVATEUSERGROUPID><DEFAULTVOUCHERNUMBERALLOCATIONRULE>DateChange</DEFAULTVOUCHERNUMBERALLOCATIONRULE><DEFAULTVOUCHERNUMBERSELECTIONRULE>Post</DEFAULTVOUCHERNUMBERSELECTIONRULE><DEFAULTVOUCHERNUMBERSEQUENCECODE>Inve_10</DEFAULTVOUCHERNUMBERSEQUENCECODE><JOURNALNAMEID>IADJ</JOURNALNAMEID><RETAILINVENTJOURNALPOSADJUSTMENTTYPE>In</RETAILINVENTJOURNALPOSADJUSTMENTTYPE><WILLPOSTINGDELETELINESBYDEFAULT>No</WILLPOSTINGDELETELINESBYDEFAULT></INVENTINVENTORYADJUSTMENTJOURNALNAMEENTITY></Document>