﻿<?xml version="1.0" encoding="utf-8"?><Document><INVENTLEDGERPOSTINGDEFINITIONCOMBINATIONRULEENTITY><AREACCOUNTGROUPLEDGERPOSTINGDEFINITIONSACTIVE>Yes</AREACCOUNTGROUPLEDGERPOSTINGDEFINITIONSACTIVE><AREACCOUNTLEDGERPOSTINGDEFINITIONSACTIVE>No</AREACCOUNTLEDGERPOSTINGDEFINITIONSACTIVE><AREALLACCOUNTLEDGERPOSTINGDEFINITIONSACTIVE>Yes</AREALLACCOUNTLEDGERPOSTINGDEFINITIONSACTIVE><AREALLCOSTLEDGERPOSTINGDEFINITIONSACTIVE>Yes</AREALLCOSTLEDGERPOSTINGDEFINITIONSACTIVE><AREALLITEMLEDGERPOSTINGDEFINITIONSACTIVE>Yes</AREALLITEMLEDGERPOSTINGDEFINITIONSACTIVE><ARECOSTGROUPLEDGERPOSTINGDEFINITIONSACTIVE>No</ARECOSTGROUPLEDGERPOSTINGDEFINITIONSACTIVE><ARECOSTGROUPTYPELEDGERPOSTINGDEFINITIONSACTIVE>Yes</ARECOSTGROUPTYPELEDGERPOSTINGDEFINITIONSACTIVE><AREPRODUCTCATEGORYLEDGERPOSTINGDEFINITIONSACTIVE>Yes</AREPRODUCTCATEGORYLEDGERPOSTINGDEFINITIONSACTIVE><AREPRODUCTGROUPLEDGERPOSTINGDEFINITIONSACTIVE>Yes</AREPRODUCTGROUPLEDGERPOSTINGDEFINITIONSACTIVE><AREPRODUCTLEDGERPOSTINGDEFINITIONSACTIVE>No</AREPRODUCTLEDGERPOSTINGDEFINITIONSACTIVE><ARESALESTAXGROUPLEDGERPOSTINGDEFINITIONSACTIVE>No</ARESALESTAXGROUPLEDGERPOSTINGDEFINITIONSACTIVE></INVENTLEDGERPOSTINGDEFINITIONCOMBINATIONRULEENTITY></Document>