﻿<?xml version="1.0" encoding="utf-8"?><Document><INVENTINVENTORYMANAGEMENTPARAMETERSENTITY><AREPACKINGMATERIALFEESCALCULATED>No</AREPACKINGMATERIALFEESCALCULATED><AREQUALITYMANAGEMENTPROCESSESENABLED>Yes</AREQUALITYMANAGEMENTPROCESSESENABLED><COSTBREAKDOWNTYPE>SubLedger</COSTBREAKDOWNTYPE><DEFAULTBATCHMERGEBOMJOURNALNAMEID>BOM</DEFAULTBATCHMERGEBOMJOURNALNAMEID><DEFAULTBOMJOURNALNAMEID>BOM</DEFAULTBOMJOURNALNAMEID><DEFAULTCATCHWEIGHTJOURNALNAMEID></DEFAULTCATCHWEIGHTJOURNALNAMEID><DEFAULTINVENTORYADJUSTMENTJOURNALNAMEID>IADJ</DEFAULTINVENTORYADJUSTMENTJOURNALNAMEID><DEFAULTINVENTORYCOUNTINGJOURNALNAMEID>ICNT</DEFAULTINVENTORYCOUNTINGJOURNALNAMEID><DEFAULTINVENTORYMOVEMENTJOURNALNAMEID>IMOV</DEFAULTINVENTORYMOVEMENTJOURNALNAMEID><DEFAULTINVENTORYTAGCOUNTINGJOURNALNAMEID></DEFAULTINVENTORYTAGCOUNTINGJOURNALNAMEID><DEFAULTINVENTORYTRANSFERJOURNALNAMEID>ITRF</DEFAULTINVENTORYTRANSFERJOURNALNAMEID><DEFAULTINVENTORYUNITSYMBOL>ea</DEFAULTINVENTORYUNITSYMBOL><DEFAULTOWNERSHIPCHANGEJOURNALNAMEID></DEFAULTOWNERSHIPCHANGEJOURNALNAMEID><FALLBACKWAREHOUSEID>WD-WH</FALLBACKWAREHOUSEID><INVENTORYCLOSINGEXTRABATCHHELPERAMOUNT>0</INVENTORYCLOSINGEXTRABATCHHELPERAMOUNT><INVENTORYCLOSINGHELPERBATCHGROUPID></INVENTORYCLOSINGHELPERBATCHGROUPID><INVENTORYCLOSINGITEMBUNDLESIZE>0</INVENTORYCLOSINGITEMBUNDLESIZE><ISITEMSALESTAXGROUPMANDATORY>No</ISITEMSALESTAXGROUPMANDATORY><ISORDEREDINVENTORYQUANTITYRESERVATIONALLOWED>Yes</ISORDEREDINVENTORYQUANTITYRESERVATIONALLOWED><LENGTHDEFINEDUNITSYMBOL>ft</LENGTHDEFINEDUNITSYMBOL><MASSDEFINEDUNITSYMBOL>lb</MASSDEFINEDUNITSYMBOL><MAXIMUMALLOWEDUNITCOST>0.000000</MAXIMUMALLOWEDUNITCOST><OVERRIDEFEFODATECONTROLFORTRANSFERORDERS>No</OVERRIDEFEFODATECONTROLFORTRANSFERORDERS><POSTPHYSICALSALESTAX>No</POSTPHYSICALSALESTAX><PRICEACTIVATIONITEMBUNDLESIZE>0</PRICEACTIVATIONITEMBUNDLESIZE><PRINTEDPICKINGLISTPICKINGROUTEIDBARCODESETUPID></PRINTEDPICKINGLISTPICKINGROUTEIDBARCODESETUPID><PRODUCTIONVARIANCECALCULATIONMODEL>CostGroup</PRODUCTIONVARIANCECALCULATIONMODEL><QUALITYORDERWORKINVENTORYDIMENSIONPOLICY>Always</QUALITYORDERWORKINVENTORYDIMENSIONPOLICY><QUALITYTESTHOURLYRATE>20.000000</QUALITYTESTHOURLYRATE><SAVELASTPRICEHISTORY>No</SAVELASTPRICEHISTORY><TRANSFERORDERPICKINGROUTESTATUSONUPDATE>activated</TRANSFERORDERPICKINGROUTESTATUSONUPDATE><VOLUMEDEFINEDUNITSYMBOL>cu. ft</VOLUMEDEFINEDUNITSYMBOL><WILLINVENTORYCOUNTINGLOCKITEMS>No</WILLINVENTORYCOUNTINGLOCKITEMS><WILLINVENTORYUPDATEAUTOMATICALLYAGGREGATETRANSACTIONS>Yes</WILLINVENTORYUPDATEAUTOMATICALLYAGGREGATETRANSACTIONS><WILLORDERPICKINGAUTOMATICALLYENDINVENTORYOUTPUTORDERS>Yes</WILLORDERPICKINGAUTOMATICALLYENDINVENTORYOUTPUTORDERS><WILLPICKINGWORKBENCHAPPLYBOXINGLOGIC>No</WILLPICKINGWORKBENCHAPPLYBOXINGLOGIC><WILLQUALITYTESTRESULTSUPDATEBATCHATTRIBUTES>No</WILLQUALITYTESTRESULTSUPDATEBATCHATTRIBUTES><WILLTRANSFERORDERENTRYAUTOMATICALLYRESERVEITEMS>No</WILLTRANSFERORDERENTRYAUTOMATICALLYRESERVEITEMS><WILLTRANSFERORDERPROCESSESACCEPTOVERDELIVERY>Yes</WILLTRANSFERORDERPROCESSESACCEPTOVERDELIVERY><WILLTRANSFERORDERPROCESSESACCEPTUNDERDELIVERY>Yes</WILLTRANSFERORDERPROCESSESACCEPTUNDERDELIVERY></INVENTINVENTORYMANAGEMENTPARAMETERSENTITY></Document>