﻿<?xml version="1.0" encoding="utf-8"?><Document><WHSINVENTORYSTATUSENTITY><STATUSID>AVAILABLE</STATUSID><STATUSNAME>Available</STATUSNAME><WILLSTATUSBLOCKINVENTORY>No</WILLSTATUSBLOCKINVENTORY></WHSINVENTORYSTATUSENTITY><WHSINVENTORYSTATUSENTITY><STATUSID>BLOCKING</STATUSID><STATUSNAME>Blocking</STATUSNAME><WILLSTATUSBLOCKINVENTORY>Yes</WILLSTATUSBLOCKINVENTORY></WHSINVENTORYSTATUSENTITY><WHSINVENTORYSTATUSENTITY><STATUSID>QC</STATUSID><STATUSNAME>Quality Control</STATUSNAME><WILLSTATUSBLOCKINVENTORY>Yes</WILLSTATUSBLOCKINVENTORY></WHSINVENTORYSTATUSENTITY></Document>