﻿<?xml version="1.0" encoding="utf-8"?><Document><INVENTINVENTORYMOVEMENTJOURNALNAMEENTITY><DEFAULTINVENTORYRESERVATIONMETHOD>None</DEFAULTINVENTORYRESERVATIONMETHOD><DEFAULTJOURNALDESCRIPTION>Inventory Movement</DEFAULTJOURNALDESCRIPTION><DEFAULTOFFSETMAINACCOUNTIDDISPLAYVALUE></DEFAULTOFFSETMAINACCOUNTIDDISPLAYVALUE><DEFAULTPOSTINGSUMMATIONLEVEL>Detail</DEFAULTPOSTINGSUMMATIONLEVEL><DEFAULTPRIVATEUSERGROUPID></DEFAULTPRIVATEUSERGROUPID><DEFAULTVOUCHERNUMBERALLOCATIONRULE>DateChange</DEFAULTVOUCHERNUMBERALLOCATIONRULE><DEFAULTVOUCHERNUMBERSELECTIONRULE>Post</DEFAULTVOUCHERNUMBERSELECTIONRULE><DEFAULTVOUCHERNUMBERSEQUENCECODE>Inve_10</DEFAULTVOUCHERNUMBERSEQUENCECODE><JOURNALNAMEID>IMOV</JOURNALNAMEID><RETAILINVENTJOURNALPOSADJUSTMENTTYPE>In</RETAILINVENTJOURNALPOSADJUSTMENTTYPE><WILLPOSTINGDELETELINESBYDEFAULT>No</WILLPOSTINGDELETELINESBYDEFAULT></INVENTINVENTORYMOVEMENTJOURNALNAMEENTITY></Document>