﻿<?xml version="1.0" encoding="utf-8"?><Document><WMSWAREHOUSEAISLEENTITY><AISLEID>01</AISLEID><AISLENAME>WD-STORE, aisle 01</AISLENAME><AISLENUMBER>1</AISLENUMBER><ISSORTORDERCODEASSIGNEDDESCENDING>No</ISSORTORDERCODEASSIGNEDDESCENDING><MANUALSTARTINGSORTORDERCODE>0</MANUALSTARTINGSORTORDERCODE><WAREHOUSEID>WD-STORE</WAREHOUSEID></WMSWAREHOUSEAISLEENTITY><WMSWAREHOUSEAISLEENTITY><AISLEID>02</AISLEID><AISLENAME>WD-STORE, aisle 02</AISLENAME><AISLENUMBER>2</AISLENUMBER><ISSORTORDERCODEASSIGNEDDESCENDING>Yes</ISSORTORDERCODEASSIGNEDDESCENDING><MANUALSTARTINGSORTORDERCODE>0</MANUALSTARTINGSORTORDERCODE><WAREHOUSEID>WD-STORE</WAREHOUSEID></WMSWAREHOUSEAISLEENTITY><WMSWAREHOUSEAISLEENTITY><AISLEID>03</AISLEID><AISLENAME>WD-STORE, aisle 03</AISLENAME><AISLENUMBER>3</AISLENUMBER><ISSORTORDERCODEASSIGNEDDESCENDING>No</ISSORTORDERCODEASSIGNEDDESCENDING><MANUALSTARTINGSORTORDERCODE>0</MANUALSTARTINGSORTORDERCODE><WAREHOUSEID>WD-STORE</WAREHOUSEID></WMSWAREHOUSEAISLEENTITY><WMSWAREHOUSEAISLEENTITY><AISLEID>Special</AISLEID><AISLENAME>WD-STORE, Special</AISLENAME><AISLENUMBER>999</AISLENUMBER><ISSORTORDERCODEASSIGNEDDESCENDING>No</ISSORTORDERCODEASSIGNEDDESCENDING><MANUALSTARTINGSORTORDERCODE>99999</MANUALSTARTINGSORTORDERCODE><WAREHOUSEID>WD-STORE</WAREHOUSEID></WMSWAREHOUSEAISLEENTITY><WMSWAREHOUSEAISLEENTITY><AISLEID>--</AISLEID><AISLENAME>--default</AISLENAME><AISLENUMBER>0</AISLENUMBER><ISSORTORDERCODEASSIGNEDDESCENDING>No</ISSORTORDERCODEASSIGNEDDESCENDING><MANUALSTARTINGSORTORDERCODE>0</MANUALSTARTINGSORTORDERCODE><WAREHOUSEID>WD-WH</WAREHOUSEID></WMSWAREHOUSEAISLEENTITY><WMSWAREHOUSEAISLEENTITY><AISLEID>01</AISLEID><AISLENAME>WH-PROD, aisle 01</AISLENAME><AISLENUMBER>1</AISLENUMBER><ISSORTORDERCODEASSIGNEDDESCENDING>No</ISSORTORDERCODEASSIGNEDDESCENDING><MANUALSTARTINGSORTORDERCODE>0</MANUALSTARTINGSORTORDERCODE><WAREHOUSEID>WH-PROD</WAREHOUSEID></WMSWAREHOUSEAISLEENTITY><WMSWAREHOUSEAISLEENTITY><AISLEID>02</AISLEID><AISLENAME>WH-PROD, aisle 02</AISLENAME><AISLENUMBER>2</AISLENUMBER><ISSORTORDERCODEASSIGNEDDESCENDING>Yes</ISSORTORDERCODEASSIGNEDDESCENDING><MANUALSTARTINGSORTORDERCODE>0</MANUALSTARTINGSORTORDERCODE><WAREHOUSEID>WH-PROD</WAREHOUSEID></WMSWAREHOUSEAISLEENTITY><WMSWAREHOUSEAISLEENTITY><AISLEID>03</AISLEID><AISLENAME>WH-PROD, aisle 03</AISLENAME><AISLENUMBER>3</AISLENUMBER><ISSORTORDERCODEASSIGNEDDESCENDING>No</ISSORTORDERCODEASSIGNEDDESCENDING><MANUALSTARTINGSORTORDERCODE>0</MANUALSTARTINGSORTORDERCODE><WAREHOUSEID>WH-PROD</WAREHOUSEID></WMSWAREHOUSEAISLEENTITY><WMSWAREHOUSEAISLEENTITY><AISLEID>04</AISLEID><AISLENAME>WH-PROD, aisle 04</AISLENAME><AISLENUMBER>4</AISLENUMBER><ISSORTORDERCODEASSIGNEDDESCENDING>Yes</ISSORTORDERCODEASSIGNEDDESCENDING><MANUALSTARTINGSORTORDERCODE>0</MANUALSTARTINGSORTORDERCODE><WAREHOUSEID>WH-PROD</WAREHOUSEID></WMSWAREHOUSEAISLEENTITY><WMSWAREHOUSEAISLEENTITY><AISLEID>05</AISLEID><AISLENAME>WH-PROD, aisle 05</AISLENAME><AISLENUMBER>5</AISLENUMBER><ISSORTORDERCODEASSIGNEDDESCENDING>No</ISSORTORDERCODEASSIGNEDDESCENDING><MANUALSTARTINGSORTORDERCODE>0</MANUALSTARTINGSORTORDERCODE><WAREHOUSEID>WH-PROD</WAREHOUSEID></WMSWAREHOUSEAISLEENTITY><WMSWAREHOUSEAISLEENTITY><AISLEID>06</AISLEID><AISLENAME>WH-PROD, aisle 06</AISLENAME><AISLENUMBER>6</AISLENUMBER><ISSORTORDERCODEASSIGNEDDESCENDING>Yes</ISSORTORDERCODEASSIGNEDDESCENDING><MANUALSTARTINGSORTORDERCODE>0</MANUALSTARTINGSORTORDERCODE><WAREHOUSEID>WH-PROD</WAREHOUSEID></WMSWAREHOUSEAISLEENTITY><WMSWAREHOUSEAISLEENTITY><AISLEID>07</AISLEID><AISLENAME>WH-PROD, aisle 07</AISLENAME><AISLENUMBER>7</AISLENUMBER><ISSORTORDERCODEASSIGNEDDESCENDING>No</ISSORTORDERCODEASSIGNEDDESCENDING><MANUALSTARTINGSORTORDERCODE>0</MANUALSTARTINGSORTORDERCODE><WAREHOUSEID>WH-PROD</WAREHOUSEID></WMSWAREHOUSEAISLEENTITY><WMSWAREHOUSEAISLEENTITY><AISLEID>08</AISLEID><AISLENAME>WH-PROD, aisle 08</AISLENAME><AISLENUMBER>8</AISLENUMBER><ISSORTORDERCODEASSIGNEDDESCENDING>Yes</ISSORTORDERCODEASSIGNEDDESCENDING><MANUALSTARTINGSORTORDERCODE>0</MANUALSTARTINGSORTORDERCODE><WAREHOUSEID>WH-PROD</WAREHOUSEID></WMSWAREHOUSEAISLEENTITY><WMSWAREHOUSEAISLEENTITY><AISLEID>09</AISLEID><AISLENAME>WH-PROD, aisle 09</AISLENAME><AISLENUMBER>9</AISLENUMBER><ISSORTORDERCODEASSIGNEDDESCENDING>No</ISSORTORDERCODEASSIGNEDDESCENDING><MANUALSTARTINGSORTORDERCODE>0</MANUALSTARTINGSORTORDERCODE><WAREHOUSEID>WH-PROD</WAREHOUSEID></WMSWAREHOUSEAISLEENTITY><WMSWAREHOUSEAISLEENTITY><AISLEID>10</AISLEID><AISLENAME>WH-PROD, aisle 10</AISLENAME><AISLENUMBER>10</AISLENUMBER><ISSORTORDERCODEASSIGNEDDESCENDING>Yes</ISSORTORDERCODEASSIGNEDDESCENDING><MANUALSTARTINGSORTORDERCODE>0</MANUALSTARTINGSORTORDERCODE><WAREHOUSEID>WH-PROD</WAREHOUSEID></WMSWAREHOUSEAISLEENTITY><WMSWAREHOUSEAISLEENTITY><AISLEID>Special</AISLEID><AISLENAME>WH-PROD, Special</AISLENAME><AISLENUMBER>999</AISLENUMBER><ISSORTORDERCODEASSIGNEDDESCENDING>No</ISSORTORDERCODEASSIGNEDDESCENDING><MANUALSTARTINGSORTORDERCODE>99999</MANUALSTARTINGSORTORDERCODE><WAREHOUSEID>WH-PROD</WAREHOUSEID></WMSWAREHOUSEAISLEENTITY></Document>