﻿<?xml version="1.0" encoding="utf-8"?><Document><INVENTINVENTORYDIMENSIONSPARAMETERSENTITY><INVENTORYDIMENSIONNAME>configId</INVENTORYDIMENSIONNAME><ISBILLOFMATERIALSLINEGRIDDISPLAYINGDIMENSIONBYDEFAULT>No</ISBILLOFMATERIALSLINEGRIDDISPLAYINGDIMENSIONBYDEFAULT><ISCERTIFICATEOFANALYSISGRIDDISPLAYINGDIMENSIONBYDEFAULT>No</ISCERTIFICATEOFANALYSISGRIDDISPLAYINGDIMENSIONBYDEFAULT><ISCONSIGNMENTREPLENISHMENTORDERLINEGRIDDISPLAYINGDIMENSIONBYDEFAULT>No</ISCONSIGNMENTREPLENISHMENTORDERLINEGRIDDISPLAYINGDIMENSIONBYDEFAULT><ISINVENTORYADJUSTMENTJOURNALLINEGRIDDISPLAYINGDIMENSIONBYDEFAULT>No</ISINVENTORYADJUSTMENTJOURNALLINEGRIDDISPLAYINGDIMENSIONBYDEFAULT><ISINVENTORYBLOCKINGGRIDDISPLAYINGDIMENSIONBYDEFAULT>No</ISINVENTORYBLOCKINGGRIDDISPLAYINGDIMENSIONBYDEFAULT><ISINVENTORYCOUNTINGJOURNALLINEGRIDDISPLAYINGDIMENSIONBYDEFAULT>No</ISINVENTORYCOUNTINGJOURNALLINEGRIDDISPLAYINGDIMENSIONBYDEFAULT><ISINVENTORYFIXEDASSETTRANSFERJOURNALLINEGRIDDISPLAYINGDIMENSIONBYDEFAULT>No</ISINVENTORYFIXEDASSETTRANSFERJOURNALLINEGRIDDISPLAYINGDIMENSIONBYDEFAULT><ISINVENTORYMOVEMENTJOURNALLINEGRIDDISPLAYINGDIMENSIONBYDEFAULT>No</ISINVENTORYMOVEMENTJOURNALLINEGRIDDISPLAYINGDIMENSIONBYDEFAULT><ISINVENTORYOWNERSHIPCHANGELINEGRIDDISPLAYINGDIMENSIONBYDEFAULT>No</ISINVENTORYOWNERSHIPCHANGELINEGRIDDISPLAYINGDIMENSIONBYDEFAULT><ISINVENTORYPROJECTCONSUMPTIONJOURNALGRIDDISPLAYINGDIMENSIONBYDEFAULT>No</ISINVENTORYPROJECTCONSUMPTIONJOURNALGRIDDISPLAYINGDIMENSIONBYDEFAULT><ISINVENTORYTRANSACTIONGRIDDISPLAYINGDIMENSIONBYDEFAULT>No</ISINVENTORYTRANSACTIONGRIDDISPLAYINGDIMENSIONBYDEFAULT><ISINVENTORYTRANSFERJOURNALLINEGRIDDISPLAYINGDIMENSIONBYDEFAULT>No</ISINVENTORYTRANSFERJOURNALLINEGRIDDISPLAYINGDIMENSIONBYDEFAULT><ISITEMARRIVALJOURNALLINEGRIDDISPLAYINGDIMENSIONBYDEFAULT>No</ISITEMARRIVALJOURNALLINEGRIDDISPLAYINGDIMENSIONBYDEFAULT><ISNONCONFORMANCEGRIDDISPLAYINGDIMENSIONBYDEFAULT>No</ISNONCONFORMANCEGRIDDISPLAYINGDIMENSIONBYDEFAULT><ISPRODUCTIONINPUTJOURNALLINEGRIDDISPLAYINGDIMENSIONBYDEFAULT>No</ISPRODUCTIONINPUTJOURNALLINEGRIDDISPLAYINGDIMENSIONBYDEFAULT><ISPRODUCTIONORDERGRIDDISPLAYINGDIMENSIONBYDEFAULT>No</ISPRODUCTIONORDERGRIDDISPLAYINGDIMENSIONBYDEFAULT><ISPRODUCTIONORDERLINEGRIDDISPLAYINGDIMENSIONBYDEFAULT>No</ISPRODUCTIONORDERLINEGRIDDISPLAYINGDIMENSIONBYDEFAULT><ISPRODUCTIONPICKINGLISTJOURNALLINEGRIDDISPLAYINGDIMENSIONBYDEFAULT>No</ISPRODUCTIONPICKINGLISTJOURNALLINEGRIDDISPLAYINGDIMENSIONBYDEFAULT><ISPRODUCTIONREPORTEDASFINISHEDJOURNALLINEGRIDDISPLAYINGDIMENSIONBYDEFAULT>No</ISPRODUCTIONREPORTEDASFINISHEDJOURNALLINEGRIDDISPLAYINGDIMENSIONBYDEFAULT><ISPROJECTQUOTATIONLINEGRIDDISPLAYINGDIMENSIONBYDEFAULT>No</ISPROJECTQUOTATIONLINEGRIDDISPLAYINGDIMENSIONBYDEFAULT><ISPURCHASEORDERLINEGRIDDISPLAYINGDIMENSIONBYDEFAULT>No</ISPURCHASEORDERLINEGRIDDISPLAYINGDIMENSIONBYDEFAULT><ISQUALITYORDERGRIDDISPLAYINGDIMENSIONBYDEFAULT>No</ISQUALITYORDERGRIDDISPLAYINGDIMENSIONBYDEFAULT><ISQUARANTINEORDERGRIDDISPLAYINGDIMENSIONBYDEFAULT>No</ISQUARANTINEORDERGRIDDISPLAYINGDIMENSIONBYDEFAULT><ISSALESORDERLINEGRIDDISPLAYINGDIMENSIONBYDEFAULT>No</ISSALESORDERLINEGRIDDISPLAYINGDIMENSIONBYDEFAULT><ISSALESQUOTATIONLINEGRIDDISPLAYINGDIMENSIONBYDEFAULT>No</ISSALESQUOTATIONLINEGRIDDISPLAYINGDIMENSIONBYDEFAULT><ISTRANSFERORDERLINEGRIDDISPLAYINGDIMENSIONBYDEFAULT>No</ISTRANSFERORDERLINEGRIDDISPLAYINGDIMENSIONBYDEFAULT><ISWAREHOUSEPICKINGLINEGRIDDISPLAYINGDIMENSIONBYDEFAULT>No</ISWAREHOUSEPICKINGLINEGRIDDISPLAYINGDIMENSIONBYDEFAULT></INVENTINVENTORYDIMENSIONSPARAMETERSENTITY><INVENTINVENTORYDIMENSIONSPARAMETERSENTITY><INVENTORYDIMENSIONNAME>inventBatchId</INVENTORYDIMENSIONNAME><ISBILLOFMATERIALSLINEGRIDDISPLAYINGDIMENSIONBYDEFAULT>No</ISBILLOFMATERIALSLINEGRIDDISPLAYINGDIMENSIONBYDEFAULT><ISCERTIFICATEOFANALYSISGRIDDISPLAYINGDIMENSIONBYDEFAULT>No</ISCERTIFICATEOFANALYSISGRIDDISPLAYINGDIMENSIONBYDEFAULT><ISCONSIGNMENTREPLENISHMENTORDERLINEGRIDDISPLAYINGDIMENSIONBYDEFAULT>No</ISCONSIGNMENTREPLENISHMENTORDERLINEGRIDDISPLAYINGDIMENSIONBYDEFAULT><ISINVENTORYADJUSTMENTJOURNALLINEGRIDDISPLAYINGDIMENSIONBYDEFAULT>No</ISINVENTORYADJUSTMENTJOURNALLINEGRIDDISPLAYINGDIMENSIONBYDEFAULT><ISINVENTORYBLOCKINGGRIDDISPLAYINGDIMENSIONBYDEFAULT>No</ISINVENTORYBLOCKINGGRIDDISPLAYINGDIMENSIONBYDEFAULT><ISINVENTORYCOUNTINGJOURNALLINEGRIDDISPLAYINGDIMENSIONBYDEFAULT>No</ISINVENTORYCOUNTINGJOURNALLINEGRIDDISPLAYINGDIMENSIONBYDEFAULT><ISINVENTORYFIXEDASSETTRANSFERJOURNALLINEGRIDDISPLAYINGDIMENSIONBYDEFAULT>No</ISINVENTORYFIXEDASSETTRANSFERJOURNALLINEGRIDDISPLAYINGDIMENSIONBYDEFAULT><ISINVENTORYMOVEMENTJOURNALLINEGRIDDISPLAYINGDIMENSIONBYDEFAULT>No</ISINVENTORYMOVEMENTJOURNALLINEGRIDDISPLAYINGDIMENSIONBYDEFAULT><ISINVENTORYOWNERSHIPCHANGELINEGRIDDISPLAYINGDIMENSIONBYDEFAULT>No</ISINVENTORYOWNERSHIPCHANGELINEGRIDDISPLAYINGDIMENSIONBYDEFAULT><ISINVENTORYPROJECTCONSUMPTIONJOURNALGRIDDISPLAYINGDIMENSIONBYDEFAULT>No</ISINVENTORYPROJECTCONSUMPTIONJOURNALGRIDDISPLAYINGDIMENSIONBYDEFAULT><ISINVENTORYTRANSACTIONGRIDDISPLAYINGDIMENSIONBYDEFAULT>No</ISINVENTORYTRANSACTIONGRIDDISPLAYINGDIMENSIONBYDEFAULT><ISINVENTORYTRANSFERJOURNALLINEGRIDDISPLAYINGDIMENSIONBYDEFAULT>No</ISINVENTORYTRANSFERJOURNALLINEGRIDDISPLAYINGDIMENSIONBYDEFAULT><ISITEMARRIVALJOURNALLINEGRIDDISPLAYINGDIMENSIONBYDEFAULT>No</ISITEMARRIVALJOURNALLINEGRIDDISPLAYINGDIMENSIONBYDEFAULT><ISNONCONFORMANCEGRIDDISPLAYINGDIMENSIONBYDEFAULT>No</ISNONCONFORMANCEGRIDDISPLAYINGDIMENSIONBYDEFAULT><ISPRODUCTIONINPUTJOURNALLINEGRIDDISPLAYINGDIMENSIONBYDEFAULT>No</ISPRODUCTIONINPUTJOURNALLINEGRIDDISPLAYINGDIMENSIONBYDEFAULT><ISPRODUCTIONORDERGRIDDISPLAYINGDIMENSIONBYDEFAULT>No</ISPRODUCTIONORDERGRIDDISPLAYINGDIMENSIONBYDEFAULT><ISPRODUCTIONORDERLINEGRIDDISPLAYINGDIMENSIONBYDEFAULT>No</ISPRODUCTIONORDERLINEGRIDDISPLAYINGDIMENSIONBYDEFAULT><ISPRODUCTIONPICKINGLISTJOURNALLINEGRIDDISPLAYINGDIMENSIONBYDEFAULT>No</ISPRODUCTIONPICKINGLISTJOURNALLINEGRIDDISPLAYINGDIMENSIONBYDEFAULT><ISPRODUCTIONREPORTEDASFINISHEDJOURNALLINEGRIDDISPLAYINGDIMENSIONBYDEFAULT>No</ISPRODUCTIONREPORTEDASFINISHEDJOURNALLINEGRIDDISPLAYINGDIMENSIONBYDEFAULT><ISPROJECTQUOTATIONLINEGRIDDISPLAYINGDIMENSIONBYDEFAULT>No</ISPROJECTQUOTATIONLINEGRIDDISPLAYINGDIMENSIONBYDEFAULT><ISPURCHASEORDERLINEGRIDDISPLAYINGDIMENSIONBYDEFAULT>No</ISPURCHASEORDERLINEGRIDDISPLAYINGDIMENSIONBYDEFAULT><ISQUALITYORDERGRIDDISPLAYINGDIMENSIONBYDEFAULT>No</ISQUALITYORDERGRIDDISPLAYINGDIMENSIONBYDEFAULT><ISQUARANTINEORDERGRIDDISPLAYINGDIMENSIONBYDEFAULT>No</ISQUARANTINEORDERGRIDDISPLAYINGDIMENSIONBYDEFAULT><ISSALESORDERLINEGRIDDISPLAYINGDIMENSIONBYDEFAULT>No</ISSALESORDERLINEGRIDDISPLAYINGDIMENSIONBYDEFAULT><ISSALESQUOTATIONLINEGRIDDISPLAYINGDIMENSIONBYDEFAULT>No</ISSALESQUOTATIONLINEGRIDDISPLAYINGDIMENSIONBYDEFAULT><ISTRANSFERORDERLINEGRIDDISPLAYINGDIMENSIONBYDEFAULT>No</ISTRANSFERORDERLINEGRIDDISPLAYINGDIMENSIONBYDEFAULT><ISWAREHOUSEPICKINGLINEGRIDDISPLAYINGDIMENSIONBYDEFAULT>No</ISWAREHOUSEPICKINGLINEGRIDDISPLAYINGDIMENSIONBYDEFAULT></INVENTINVENTORYDIMENSIONSPARAMETERSENTITY><INVENTINVENTORYDIMENSIONSPARAMETERSENTITY><INVENTORYDIMENSIONNAME>InventColorId</INVENTORYDIMENSIONNAME><ISBILLOFMATERIALSLINEGRIDDISPLAYINGDIMENSIONBYDEFAULT>No</ISBILLOFMATERIALSLINEGRIDDISPLAYINGDIMENSIONBYDEFAULT><ISCERTIFICATEOFANALYSISGRIDDISPLAYINGDIMENSIONBYDEFAULT>No</ISCERTIFICATEOFANALYSISGRIDDISPLAYINGDIMENSIONBYDEFAULT><ISCONSIGNMENTREPLENISHMENTORDERLINEGRIDDISPLAYINGDIMENSIONBYDEFAULT>No</ISCONSIGNMENTREPLENISHMENTORDERLINEGRIDDISPLAYINGDIMENSIONBYDEFAULT><ISINVENTORYADJUSTMENTJOURNALLINEGRIDDISPLAYINGDIMENSIONBYDEFAULT>No</ISINVENTORYADJUSTMENTJOURNALLINEGRIDDISPLAYINGDIMENSIONBYDEFAULT><ISINVENTORYBLOCKINGGRIDDISPLAYINGDIMENSIONBYDEFAULT>No</ISINVENTORYBLOCKINGGRIDDISPLAYINGDIMENSIONBYDEFAULT><ISINVENTORYCOUNTINGJOURNALLINEGRIDDISPLAYINGDIMENSIONBYDEFAULT>No</ISINVENTORYCOUNTINGJOURNALLINEGRIDDISPLAYINGDIMENSIONBYDEFAULT><ISINVENTORYFIXEDASSETTRANSFERJOURNALLINEGRIDDISPLAYINGDIMENSIONBYDEFAULT>No</ISINVENTORYFIXEDASSETTRANSFERJOURNALLINEGRIDDISPLAYINGDIMENSIONBYDEFAULT><ISINVENTORYMOVEMENTJOURNALLINEGRIDDISPLAYINGDIMENSIONBYDEFAULT>No</ISINVENTORYMOVEMENTJOURNALLINEGRIDDISPLAYINGDIMENSIONBYDEFAULT><ISINVENTORYOWNERSHIPCHANGELINEGRIDDISPLAYINGDIMENSIONBYDEFAULT>No</ISINVENTORYOWNERSHIPCHANGELINEGRIDDISPLAYINGDIMENSIONBYDEFAULT><ISINVENTORYPROJECTCONSUMPTIONJOURNALGRIDDISPLAYINGDIMENSIONBYDEFAULT>No</ISINVENTORYPROJECTCONSUMPTIONJOURNALGRIDDISPLAYINGDIMENSIONBYDEFAULT><ISINVENTORYTRANSACTIONGRIDDISPLAYINGDIMENSIONBYDEFAULT>No</ISINVENTORYTRANSACTIONGRIDDISPLAYINGDIMENSIONBYDEFAULT><ISINVENTORYTRANSFERJOURNALLINEGRIDDISPLAYINGDIMENSIONBYDEFAULT>No</ISINVENTORYTRANSFERJOURNALLINEGRIDDISPLAYINGDIMENSIONBYDEFAULT><ISITEMARRIVALJOURNALLINEGRIDDISPLAYINGDIMENSIONBYDEFAULT>No</ISITEMARRIVALJOURNALLINEGRIDDISPLAYINGDIMENSIONBYDEFAULT><ISNONCONFORMANCEGRIDDISPLAYINGDIMENSIONBYDEFAULT>No</ISNONCONFORMANCEGRIDDISPLAYINGDIMENSIONBYDEFAULT><ISPRODUCTIONINPUTJOURNALLINEGRIDDISPLAYINGDIMENSIONBYDEFAULT>No</ISPRODUCTIONINPUTJOURNALLINEGRIDDISPLAYINGDIMENSIONBYDEFAULT><ISPRODUCTIONORDERGRIDDISPLAYINGDIMENSIONBYDEFAULT>No</ISPRODUCTIONORDERGRIDDISPLAYINGDIMENSIONBYDEFAULT><ISPRODUCTIONORDERLINEGRIDDISPLAYINGDIMENSIONBYDEFAULT>No</ISPRODUCTIONORDERLINEGRIDDISPLAYINGDIMENSIONBYDEFAULT><ISPRODUCTIONPICKINGLISTJOURNALLINEGRIDDISPLAYINGDIMENSIONBYDEFAULT>No</ISPRODUCTIONPICKINGLISTJOURNALLINEGRIDDISPLAYINGDIMENSIONBYDEFAULT><ISPRODUCTIONREPORTEDASFINISHEDJOURNALLINEGRIDDISPLAYINGDIMENSIONBYDEFAULT>No</ISPRODUCTIONREPORTEDASFINISHEDJOURNALLINEGRIDDISPLAYINGDIMENSIONBYDEFAULT><ISPROJECTQUOTATIONLINEGRIDDISPLAYINGDIMENSIONBYDEFAULT>No</ISPROJECTQUOTATIONLINEGRIDDISPLAYINGDIMENSIONBYDEFAULT><ISPURCHASEORDERLINEGRIDDISPLAYINGDIMENSIONBYDEFAULT>No</ISPURCHASEORDERLINEGRIDDISPLAYINGDIMENSIONBYDEFAULT><ISQUALITYORDERGRIDDISPLAYINGDIMENSIONBYDEFAULT>No</ISQUALITYORDERGRIDDISPLAYINGDIMENSIONBYDEFAULT><ISQUARANTINEORDERGRIDDISPLAYINGDIMENSIONBYDEFAULT>No</ISQUARANTINEORDERGRIDDISPLAYINGDIMENSIONBYDEFAULT><ISSALESORDERLINEGRIDDISPLAYINGDIMENSIONBYDEFAULT>No</ISSALESORDERLINEGRIDDISPLAYINGDIMENSIONBYDEFAULT><ISSALESQUOTATIONLINEGRIDDISPLAYINGDIMENSIONBYDEFAULT>No</ISSALESQUOTATIONLINEGRIDDISPLAYINGDIMENSIONBYDEFAULT><ISTRANSFERORDERLINEGRIDDISPLAYINGDIMENSIONBYDEFAULT>No</ISTRANSFERORDERLINEGRIDDISPLAYINGDIMENSIONBYDEFAULT><ISWAREHOUSEPICKINGLINEGRIDDISPLAYINGDIMENSIONBYDEFAULT>No</ISWAREHOUSEPICKINGLINEGRIDDISPLAYINGDIMENSIONBYDEFAULT></INVENTINVENTORYDIMENSIONSPARAMETERSENTITY><INVENTINVENTORYDIMENSIONSPARAMETERSENTITY><INVENTORYDIMENSIONNAME>InventDimension1</INVENTORYDIMENSIONNAME><ISBILLOFMATERIALSLINEGRIDDISPLAYINGDIMENSIONBYDEFAULT>No</ISBILLOFMATERIALSLINEGRIDDISPLAYINGDIMENSIONBYDEFAULT><ISCERTIFICATEOFANALYSISGRIDDISPLAYINGDIMENSIONBYDEFAULT>No</ISCERTIFICATEOFANALYSISGRIDDISPLAYINGDIMENSIONBYDEFAULT><ISCONSIGNMENTREPLENISHMENTORDERLINEGRIDDISPLAYINGDIMENSIONBYDEFAULT>No</ISCONSIGNMENTREPLENISHMENTORDERLINEGRIDDISPLAYINGDIMENSIONBYDEFAULT><ISINVENTORYADJUSTMENTJOURNALLINEGRIDDISPLAYINGDIMENSIONBYDEFAULT>No</ISINVENTORYADJUSTMENTJOURNALLINEGRIDDISPLAYINGDIMENSIONBYDEFAULT><ISINVENTORYBLOCKINGGRIDDISPLAYINGDIMENSIONBYDEFAULT>No</ISINVENTORYBLOCKINGGRIDDISPLAYINGDIMENSIONBYDEFAULT><ISINVENTORYCOUNTINGJOURNALLINEGRIDDISPLAYINGDIMENSIONBYDEFAULT>No</ISINVENTORYCOUNTINGJOURNALLINEGRIDDISPLAYINGDIMENSIONBYDEFAULT><ISINVENTORYFIXEDASSETTRANSFERJOURNALLINEGRIDDISPLAYINGDIMENSIONBYDEFAULT>No</ISINVENTORYFIXEDASSETTRANSFERJOURNALLINEGRIDDISPLAYINGDIMENSIONBYDEFAULT><ISINVENTORYMOVEMENTJOURNALLINEGRIDDISPLAYINGDIMENSIONBYDEFAULT>No</ISINVENTORYMOVEMENTJOURNALLINEGRIDDISPLAYINGDIMENSIONBYDEFAULT><ISINVENTORYOWNERSHIPCHANGELINEGRIDDISPLAYINGDIMENSIONBYDEFAULT>No</ISINVENTORYOWNERSHIPCHANGELINEGRIDDISPLAYINGDIMENSIONBYDEFAULT><ISINVENTORYPROJECTCONSUMPTIONJOURNALGRIDDISPLAYINGDIMENSIONBYDEFAULT>No</ISINVENTORYPROJECTCONSUMPTIONJOURNALGRIDDISPLAYINGDIMENSIONBYDEFAULT><ISINVENTORYTRANSACTIONGRIDDISPLAYINGDIMENSIONBYDEFAULT>No</ISINVENTORYTRANSACTIONGRIDDISPLAYINGDIMENSIONBYDEFAULT><ISINVENTORYTRANSFERJOURNALLINEGRIDDISPLAYINGDIMENSIONBYDEFAULT>No</ISINVENTORYTRANSFERJOURNALLINEGRIDDISPLAYINGDIMENSIONBYDEFAULT><ISITEMARRIVALJOURNALLINEGRIDDISPLAYINGDIMENSIONBYDEFAULT>No</ISITEMARRIVALJOURNALLINEGRIDDISPLAYINGDIMENSIONBYDEFAULT><ISNONCONFORMANCEGRIDDISPLAYINGDIMENSIONBYDEFAULT>No</ISNONCONFORMANCEGRIDDISPLAYINGDIMENSIONBYDEFAULT><ISPRODUCTIONINPUTJOURNALLINEGRIDDISPLAYINGDIMENSIONBYDEFAULT>No</ISPRODUCTIONINPUTJOURNALLINEGRIDDISPLAYINGDIMENSIONBYDEFAULT><ISPRODUCTIONORDERGRIDDISPLAYINGDIMENSIONBYDEFAULT>No</ISPRODUCTIONORDERGRIDDISPLAYINGDIMENSIONBYDEFAULT><ISPRODUCTIONORDERLINEGRIDDISPLAYINGDIMENSIONBYDEFAULT>No</ISPRODUCTIONORDERLINEGRIDDISPLAYINGDIMENSIONBYDEFAULT><ISPRODUCTIONPICKINGLISTJOURNALLINEGRIDDISPLAYINGDIMENSIONBYDEFAULT>No</ISPRODUCTIONPICKINGLISTJOURNALLINEGRIDDISPLAYINGDIMENSIONBYDEFAULT><ISPRODUCTIONREPORTEDASFINISHEDJOURNALLINEGRIDDISPLAYINGDIMENSIONBYDEFAULT>No</ISPRODUCTIONREPORTEDASFINISHEDJOURNALLINEGRIDDISPLAYINGDIMENSIONBYDEFAULT><ISPROJECTQUOTATIONLINEGRIDDISPLAYINGDIMENSIONBYDEFAULT>No</ISPROJECTQUOTATIONLINEGRIDDISPLAYINGDIMENSIONBYDEFAULT><ISPURCHASEORDERLINEGRIDDISPLAYINGDIMENSIONBYDEFAULT>No</ISPURCHASEORDERLINEGRIDDISPLAYINGDIMENSIONBYDEFAULT><ISQUALITYORDERGRIDDISPLAYINGDIMENSIONBYDEFAULT>No</ISQUALITYORDERGRIDDISPLAYINGDIMENSIONBYDEFAULT><ISQUARANTINEORDERGRIDDISPLAYINGDIMENSIONBYDEFAULT>No</ISQUARANTINEORDERGRIDDISPLAYINGDIMENSIONBYDEFAULT><ISSALESORDERLINEGRIDDISPLAYINGDIMENSIONBYDEFAULT>No</ISSALESORDERLINEGRIDDISPLAYINGDIMENSIONBYDEFAULT><ISSALESQUOTATIONLINEGRIDDISPLAYINGDIMENSIONBYDEFAULT>No</ISSALESQUOTATIONLINEGRIDDISPLAYINGDIMENSIONBYDEFAULT><ISTRANSFERORDERLINEGRIDDISPLAYINGDIMENSIONBYDEFAULT>No</ISTRANSFERORDERLINEGRIDDISPLAYINGDIMENSIONBYDEFAULT><ISWAREHOUSEPICKINGLINEGRIDDISPLAYINGDIMENSIONBYDEFAULT>No</ISWAREHOUSEPICKINGLINEGRIDDISPLAYINGDIMENSIONBYDEFAULT></INVENTINVENTORYDIMENSIONSPARAMETERSENTITY><INVENTINVENTORYDIMENSIONSPARAMETERSENTITY><INVENTORYDIMENSIONNAME>InventDimension10</INVENTORYDIMENSIONNAME><ISBILLOFMATERIALSLINEGRIDDISPLAYINGDIMENSIONBYDEFAULT>No</ISBILLOFMATERIALSLINEGRIDDISPLAYINGDIMENSIONBYDEFAULT><ISCERTIFICATEOFANALYSISGRIDDISPLAYINGDIMENSIONBYDEFAULT>No</ISCERTIFICATEOFANALYSISGRIDDISPLAYINGDIMENSIONBYDEFAULT><ISCONSIGNMENTREPLENISHMENTORDERLINEGRIDDISPLAYINGDIMENSIONBYDEFAULT>No</ISCONSIGNMENTREPLENISHMENTORDERLINEGRIDDISPLAYINGDIMENSIONBYDEFAULT><ISINVENTORYADJUSTMENTJOURNALLINEGRIDDISPLAYINGDIMENSIONBYDEFAULT>No</ISINVENTORYADJUSTMENTJOURNALLINEGRIDDISPLAYINGDIMENSIONBYDEFAULT><ISINVENTORYBLOCKINGGRIDDISPLAYINGDIMENSIONBYDEFAULT>No</ISINVENTORYBLOCKINGGRIDDISPLAYINGDIMENSIONBYDEFAULT><ISINVENTORYCOUNTINGJOURNALLINEGRIDDISPLAYINGDIMENSIONBYDEFAULT>No</ISINVENTORYCOUNTINGJOURNALLINEGRIDDISPLAYINGDIMENSIONBYDEFAULT><ISINVENTORYFIXEDASSETTRANSFERJOURNALLINEGRIDDISPLAYINGDIMENSIONBYDEFAULT>No</ISINVENTORYFIXEDASSETTRANSFERJOURNALLINEGRIDDISPLAYINGDIMENSIONBYDEFAULT><ISINVENTORYMOVEMENTJOURNALLINEGRIDDISPLAYINGDIMENSIONBYDEFAULT>No</ISINVENTORYMOVEMENTJOURNALLINEGRIDDISPLAYINGDIMENSIONBYDEFAULT><ISINVENTORYOWNERSHIPCHANGELINEGRIDDISPLAYINGDIMENSIONBYDEFAULT>No</ISINVENTORYOWNERSHIPCHANGELINEGRIDDISPLAYINGDIMENSIONBYDEFAULT><ISINVENTORYPROJECTCONSUMPTIONJOURNALGRIDDISPLAYINGDIMENSIONBYDEFAULT>No</ISINVENTORYPROJECTCONSUMPTIONJOURNALGRIDDISPLAYINGDIMENSIONBYDEFAULT><ISINVENTORYTRANSACTIONGRIDDISPLAYINGDIMENSIONBYDEFAULT>No</ISINVENTORYTRANSACTIONGRIDDISPLAYINGDIMENSIONBYDEFAULT><ISINVENTORYTRANSFERJOURNALLINEGRIDDISPLAYINGDIMENSIONBYDEFAULT>No</ISINVENTORYTRANSFERJOURNALLINEGRIDDISPLAYINGDIMENSIONBYDEFAULT><ISITEMARRIVALJOURNALLINEGRIDDISPLAYINGDIMENSIONBYDEFAULT>No</ISITEMARRIVALJOURNALLINEGRIDDISPLAYINGDIMENSIONBYDEFAULT><ISNONCONFORMANCEGRIDDISPLAYINGDIMENSIONBYDEFAULT>No</ISNONCONFORMANCEGRIDDISPLAYINGDIMENSIONBYDEFAULT><ISPRODUCTIONINPUTJOURNALLINEGRIDDISPLAYINGDIMENSIONBYDEFAULT>No</ISPRODUCTIONINPUTJOURNALLINEGRIDDISPLAYINGDIMENSIONBYDEFAULT><ISPRODUCTIONORDERGRIDDISPLAYINGDIMENSIONBYDEFAULT>No</ISPRODUCTIONORDERGRIDDISPLAYINGDIMENSIONBYDEFAULT><ISPRODUCTIONORDERLINEGRIDDISPLAYINGDIMENSIONBYDEFAULT>No</ISPRODUCTIONORDERLINEGRIDDISPLAYINGDIMENSIONBYDEFAULT><ISPRODUCTIONPICKINGLISTJOURNALLINEGRIDDISPLAYINGDIMENSIONBYDEFAULT>No</ISPRODUCTIONPICKINGLISTJOURNALLINEGRIDDISPLAYINGDIMENSIONBYDEFAULT><ISPRODUCTIONREPORTEDASFINISHEDJOURNALLINEGRIDDISPLAYINGDIMENSIONBYDEFAULT>No</ISPRODUCTIONREPORTEDASFINISHEDJOURNALLINEGRIDDISPLAYINGDIMENSIONBYDEFAULT><ISPROJECTQUOTATIONLINEGRIDDISPLAYINGDIMENSIONBYDEFAULT>No</ISPROJECTQUOTATIONLINEGRIDDISPLAYINGDIMENSIONBYDEFAULT><ISPURCHASEORDERLINEGRIDDISPLAYINGDIMENSIONBYDEFAULT>No</ISPURCHASEORDERLINEGRIDDISPLAYINGDIMENSIONBYDEFAULT><ISQUALITYORDERGRIDDISPLAYINGDIMENSIONBYDEFAULT>No</ISQUALITYORDERGRIDDISPLAYINGDIMENSIONBYDEFAULT><ISQUARANTINEORDERGRIDDISPLAYINGDIMENSIONBYDEFAULT>No</ISQUARANTINEORDERGRIDDISPLAYINGDIMENSIONBYDEFAULT><ISSALESORDERLINEGRIDDISPLAYINGDIMENSIONBYDEFAULT>No</ISSALESORDERLINEGRIDDISPLAYINGDIMENSIONBYDEFAULT><ISSALESQUOTATIONLINEGRIDDISPLAYINGDIMENSIONBYDEFAULT>No</ISSALESQUOTATIONLINEGRIDDISPLAYINGDIMENSIONBYDEFAULT><ISTRANSFERORDERLINEGRIDDISPLAYINGDIMENSIONBYDEFAULT>No</ISTRANSFERORDERLINEGRIDDISPLAYINGDIMENSIONBYDEFAULT><ISWAREHOUSEPICKINGLINEGRIDDISPLAYINGDIMENSIONBYDEFAULT>No</ISWAREHOUSEPICKINGLINEGRIDDISPLAYINGDIMENSIONBYDEFAULT></INVENTINVENTORYDIMENSIONSPARAMETERSENTITY><INVENTINVENTORYDIMENSIONSPARAMETERSENTITY><INVENTORYDIMENSIONNAME>InventDimension11</INVENTORYDIMENSIONNAME><ISBILLOFMATERIALSLINEGRIDDISPLAYINGDIMENSIONBYDEFAULT>No</ISBILLOFMATERIALSLINEGRIDDISPLAYINGDIMENSIONBYDEFAULT><ISCERTIFICATEOFANALYSISGRIDDISPLAYINGDIMENSIONBYDEFAULT>No</ISCERTIFICATEOFANALYSISGRIDDISPLAYINGDIMENSIONBYDEFAULT><ISCONSIGNMENTREPLENISHMENTORDERLINEGRIDDISPLAYINGDIMENSIONBYDEFAULT>No</ISCONSIGNMENTREPLENISHMENTORDERLINEGRIDDISPLAYINGDIMENSIONBYDEFAULT><ISINVENTORYADJUSTMENTJOURNALLINEGRIDDISPLAYINGDIMENSIONBYDEFAULT>No</ISINVENTORYADJUSTMENTJOURNALLINEGRIDDISPLAYINGDIMENSIONBYDEFAULT><ISINVENTORYBLOCKINGGRIDDISPLAYINGDIMENSIONBYDEFAULT>No</ISINVENTORYBLOCKINGGRIDDISPLAYINGDIMENSIONBYDEFAULT><ISINVENTORYCOUNTINGJOURNALLINEGRIDDISPLAYINGDIMENSIONBYDEFAULT>No</ISINVENTORYCOUNTINGJOURNALLINEGRIDDISPLAYINGDIMENSIONBYDEFAULT><ISINVENTORYFIXEDASSETTRANSFERJOURNALLINEGRIDDISPLAYINGDIMENSIONBYDEFAULT>No</ISINVENTORYFIXEDASSETTRANSFERJOURNALLINEGRIDDISPLAYINGDIMENSIONBYDEFAULT><ISINVENTORYMOVEMENTJOURNALLINEGRIDDISPLAYINGDIMENSIONBYDEFAULT>No</ISINVENTORYMOVEMENTJOURNALLINEGRIDDISPLAYINGDIMENSIONBYDEFAULT><ISINVENTORYOWNERSHIPCHANGELINEGRIDDISPLAYINGDIMENSIONBYDEFAULT>No</ISINVENTORYOWNERSHIPCHANGELINEGRIDDISPLAYINGDIMENSIONBYDEFAULT><ISINVENTORYPROJECTCONSUMPTIONJOURNALGRIDDISPLAYINGDIMENSIONBYDEFAULT>No</ISINVENTORYPROJECTCONSUMPTIONJOURNALGRIDDISPLAYINGDIMENSIONBYDEFAULT><ISINVENTORYTRANSACTIONGRIDDISPLAYINGDIMENSIONBYDEFAULT>No</ISINVENTORYTRANSACTIONGRIDDISPLAYINGDIMENSIONBYDEFAULT><ISINVENTORYTRANSFERJOURNALLINEGRIDDISPLAYINGDIMENSIONBYDEFAULT>No</ISINVENTORYTRANSFERJOURNALLINEGRIDDISPLAYINGDIMENSIONBYDEFAULT><ISITEMARRIVALJOURNALLINEGRIDDISPLAYINGDIMENSIONBYDEFAULT>No</ISITEMARRIVALJOURNALLINEGRIDDISPLAYINGDIMENSIONBYDEFAULT><ISNONCONFORMANCEGRIDDISPLAYINGDIMENSIONBYDEFAULT>No</ISNONCONFORMANCEGRIDDISPLAYINGDIMENSIONBYDEFAULT><ISPRODUCTIONINPUTJOURNALLINEGRIDDISPLAYINGDIMENSIONBYDEFAULT>No</ISPRODUCTIONINPUTJOURNALLINEGRIDDISPLAYINGDIMENSIONBYDEFAULT><ISPRODUCTIONORDERGRIDDISPLAYINGDIMENSIONBYDEFAULT>No</ISPRODUCTIONORDERGRIDDISPLAYINGDIMENSIONBYDEFAULT><ISPRODUCTIONORDERLINEGRIDDISPLAYINGDIMENSIONBYDEFAULT>No</ISPRODUCTIONORDERLINEGRIDDISPLAYINGDIMENSIONBYDEFAULT><ISPRODUCTIONPICKINGLISTJOURNALLINEGRIDDISPLAYINGDIMENSIONBYDEFAULT>No</ISPRODUCTIONPICKINGLISTJOURNALLINEGRIDDISPLAYINGDIMENSIONBYDEFAULT><ISPRODUCTIONREPORTEDASFINISHEDJOURNALLINEGRIDDISPLAYINGDIMENSIONBYDEFAULT>No</ISPRODUCTIONREPORTEDASFINISHEDJOURNALLINEGRIDDISPLAYINGDIMENSIONBYDEFAULT><ISPROJECTQUOTATIONLINEGRIDDISPLAYINGDIMENSIONBYDEFAULT>No</ISPROJECTQUOTATIONLINEGRIDDISPLAYINGDIMENSIONBYDEFAULT><ISPURCHASEORDERLINEGRIDDISPLAYINGDIMENSIONBYDEFAULT>No</ISPURCHASEORDERLINEGRIDDISPLAYINGDIMENSIONBYDEFAULT><ISQUALITYORDERGRIDDISPLAYINGDIMENSIONBYDEFAULT>No</ISQUALITYORDERGRIDDISPLAYINGDIMENSIONBYDEFAULT><ISQUARANTINEORDERGRIDDISPLAYINGDIMENSIONBYDEFAULT>No</ISQUARANTINEORDERGRIDDISPLAYINGDIMENSIONBYDEFAULT><ISSALESORDERLINEGRIDDISPLAYINGDIMENSIONBYDEFAULT>No</ISSALESORDERLINEGRIDDISPLAYINGDIMENSIONBYDEFAULT><ISSALESQUOTATIONLINEGRIDDISPLAYINGDIMENSIONBYDEFAULT>No</ISSALESQUOTATIONLINEGRIDDISPLAYINGDIMENSIONBYDEFAULT><ISTRANSFERORDERLINEGRIDDISPLAYINGDIMENSIONBYDEFAULT>No</ISTRANSFERORDERLINEGRIDDISPLAYINGDIMENSIONBYDEFAULT><ISWAREHOUSEPICKINGLINEGRIDDISPLAYINGDIMENSIONBYDEFAULT>No</ISWAREHOUSEPICKINGLINEGRIDDISPLAYINGDIMENSIONBYDEFAULT></INVENTINVENTORYDIMENSIONSPARAMETERSENTITY><INVENTINVENTORYDIMENSIONSPARAMETERSENTITY><INVENTORYDIMENSIONNAME>InventDimension12</INVENTORYDIMENSIONNAME><ISBILLOFMATERIALSLINEGRIDDISPLAYINGDIMENSIONBYDEFAULT>No</ISBILLOFMATERIALSLINEGRIDDISPLAYINGDIMENSIONBYDEFAULT><ISCERTIFICATEOFANALYSISGRIDDISPLAYINGDIMENSIONBYDEFAULT>No</ISCERTIFICATEOFANALYSISGRIDDISPLAYINGDIMENSIONBYDEFAULT><ISCONSIGNMENTREPLENISHMENTORDERLINEGRIDDISPLAYINGDIMENSIONBYDEFAULT>No</ISCONSIGNMENTREPLENISHMENTORDERLINEGRIDDISPLAYINGDIMENSIONBYDEFAULT><ISINVENTORYADJUSTMENTJOURNALLINEGRIDDISPLAYINGDIMENSIONBYDEFAULT>No</ISINVENTORYADJUSTMENTJOURNALLINEGRIDDISPLAYINGDIMENSIONBYDEFAULT><ISINVENTORYBLOCKINGGRIDDISPLAYINGDIMENSIONBYDEFAULT>No</ISINVENTORYBLOCKINGGRIDDISPLAYINGDIMENSIONBYDEFAULT><ISINVENTORYCOUNTINGJOURNALLINEGRIDDISPLAYINGDIMENSIONBYDEFAULT>No</ISINVENTORYCOUNTINGJOURNALLINEGRIDDISPLAYINGDIMENSIONBYDEFAULT><ISINVENTORYFIXEDASSETTRANSFERJOURNALLINEGRIDDISPLAYINGDIMENSIONBYDEFAULT>No</ISINVENTORYFIXEDASSETTRANSFERJOURNALLINEGRIDDISPLAYINGDIMENSIONBYDEFAULT><ISINVENTORYMOVEMENTJOURNALLINEGRIDDISPLAYINGDIMENSIONBYDEFAULT>No</ISINVENTORYMOVEMENTJOURNALLINEGRIDDISPLAYINGDIMENSIONBYDEFAULT><ISINVENTORYOWNERSHIPCHANGELINEGRIDDISPLAYINGDIMENSIONBYDEFAULT>No</ISINVENTORYOWNERSHIPCHANGELINEGRIDDISPLAYINGDIMENSIONBYDEFAULT><ISINVENTORYPROJECTCONSUMPTIONJOURNALGRIDDISPLAYINGDIMENSIONBYDEFAULT>No</ISINVENTORYPROJECTCONSUMPTIONJOURNALGRIDDISPLAYINGDIMENSIONBYDEFAULT><ISINVENTORYTRANSACTIONGRIDDISPLAYINGDIMENSIONBYDEFAULT>No</ISINVENTORYTRANSACTIONGRIDDISPLAYINGDIMENSIONBYDEFAULT><ISINVENTORYTRANSFERJOURNALLINEGRIDDISPLAYINGDIMENSIONBYDEFAULT>No</ISINVENTORYTRANSFERJOURNALLINEGRIDDISPLAYINGDIMENSIONBYDEFAULT><ISITEMARRIVALJOURNALLINEGRIDDISPLAYINGDIMENSIONBYDEFAULT>No</ISITEMARRIVALJOURNALLINEGRIDDISPLAYINGDIMENSIONBYDEFAULT><ISNONCONFORMANCEGRIDDISPLAYINGDIMENSIONBYDEFAULT>No</ISNONCONFORMANCEGRIDDISPLAYINGDIMENSIONBYDEFAULT><ISPRODUCTIONINPUTJOURNALLINEGRIDDISPLAYINGDIMENSIONBYDEFAULT>No</ISPRODUCTIONINPUTJOURNALLINEGRIDDISPLAYINGDIMENSIONBYDEFAULT><ISPRODUCTIONORDERGRIDDISPLAYINGDIMENSIONBYDEFAULT>No</ISPRODUCTIONORDERGRIDDISPLAYINGDIMENSIONBYDEFAULT><ISPRODUCTIONORDERLINEGRIDDISPLAYINGDIMENSIONBYDEFAULT>No</ISPRODUCTIONORDERLINEGRIDDISPLAYINGDIMENSIONBYDEFAULT><ISPRODUCTIONPICKINGLISTJOURNALLINEGRIDDISPLAYINGDIMENSIONBYDEFAULT>No</ISPRODUCTIONPICKINGLISTJOURNALLINEGRIDDISPLAYINGDIMENSIONBYDEFAULT><ISPRODUCTIONREPORTEDASFINISHEDJOURNALLINEGRIDDISPLAYINGDIMENSIONBYDEFAULT>No</ISPRODUCTIONREPORTEDASFINISHEDJOURNALLINEGRIDDISPLAYINGDIMENSIONBYDEFAULT><ISPROJECTQUOTATIONLINEGRIDDISPLAYINGDIMENSIONBYDEFAULT>No</ISPROJECTQUOTATIONLINEGRIDDISPLAYINGDIMENSIONBYDEFAULT><ISPURCHASEORDERLINEGRIDDISPLAYINGDIMENSIONBYDEFAULT>No</ISPURCHASEORDERLINEGRIDDISPLAYINGDIMENSIONBYDEFAULT><ISQUALITYORDERGRIDDISPLAYINGDIMENSIONBYDEFAULT>No</ISQUALITYORDERGRIDDISPLAYINGDIMENSIONBYDEFAULT><ISQUARANTINEORDERGRIDDISPLAYINGDIMENSIONBYDEFAULT>No</ISQUARANTINEORDERGRIDDISPLAYINGDIMENSIONBYDEFAULT><ISSALESORDERLINEGRIDDISPLAYINGDIMENSIONBYDEFAULT>No</ISSALESORDERLINEGRIDDISPLAYINGDIMENSIONBYDEFAULT><ISSALESQUOTATIONLINEGRIDDISPLAYINGDIMENSIONBYDEFAULT>No</ISSALESQUOTATIONLINEGRIDDISPLAYINGDIMENSIONBYDEFAULT><ISTRANSFERORDERLINEGRIDDISPLAYINGDIMENSIONBYDEFAULT>No</ISTRANSFERORDERLINEGRIDDISPLAYINGDIMENSIONBYDEFAULT><ISWAREHOUSEPICKINGLINEGRIDDISPLAYINGDIMENSIONBYDEFAULT>No</ISWAREHOUSEPICKINGLINEGRIDDISPLAYINGDIMENSIONBYDEFAULT></INVENTINVENTORYDIMENSIONSPARAMETERSENTITY><INVENTINVENTORYDIMENSIONSPARAMETERSENTITY><INVENTORYDIMENSIONNAME>InventDimension2</INVENTORYDIMENSIONNAME><ISBILLOFMATERIALSLINEGRIDDISPLAYINGDIMENSIONBYDEFAULT>No</ISBILLOFMATERIALSLINEGRIDDISPLAYINGDIMENSIONBYDEFAULT><ISCERTIFICATEOFANALYSISGRIDDISPLAYINGDIMENSIONBYDEFAULT>No</ISCERTIFICATEOFANALYSISGRIDDISPLAYINGDIMENSIONBYDEFAULT><ISCONSIGNMENTREPLENISHMENTORDERLINEGRIDDISPLAYINGDIMENSIONBYDEFAULT>No</ISCONSIGNMENTREPLENISHMENTORDERLINEGRIDDISPLAYINGDIMENSIONBYDEFAULT><ISINVENTORYADJUSTMENTJOURNALLINEGRIDDISPLAYINGDIMENSIONBYDEFAULT>No</ISINVENTORYADJUSTMENTJOURNALLINEGRIDDISPLAYINGDIMENSIONBYDEFAULT><ISINVENTORYBLOCKINGGRIDDISPLAYINGDIMENSIONBYDEFAULT>No</ISINVENTORYBLOCKINGGRIDDISPLAYINGDIMENSIONBYDEFAULT><ISINVENTORYCOUNTINGJOURNALLINEGRIDDISPLAYINGDIMENSIONBYDEFAULT>No</ISINVENTORYCOUNTINGJOURNALLINEGRIDDISPLAYINGDIMENSIONBYDEFAULT><ISINVENTORYFIXEDASSETTRANSFERJOURNALLINEGRIDDISPLAYINGDIMENSIONBYDEFAULT>No</ISINVENTORYFIXEDASSETTRANSFERJOURNALLINEGRIDDISPLAYINGDIMENSIONBYDEFAULT><ISINVENTORYMOVEMENTJOURNALLINEGRIDDISPLAYINGDIMENSIONBYDEFAULT>No</ISINVENTORYMOVEMENTJOURNALLINEGRIDDISPLAYINGDIMENSIONBYDEFAULT><ISINVENTORYOWNERSHIPCHANGELINEGRIDDISPLAYINGDIMENSIONBYDEFAULT>No</ISINVENTORYOWNERSHIPCHANGELINEGRIDDISPLAYINGDIMENSIONBYDEFAULT><ISINVENTORYPROJECTCONSUMPTIONJOURNALGRIDDISPLAYINGDIMENSIONBYDEFAULT>No</ISINVENTORYPROJECTCONSUMPTIONJOURNALGRIDDISPLAYINGDIMENSIONBYDEFAULT><ISINVENTORYTRANSACTIONGRIDDISPLAYINGDIMENSIONBYDEFAULT>No</ISINVENTORYTRANSACTIONGRIDDISPLAYINGDIMENSIONBYDEFAULT><ISINVENTORYTRANSFERJOURNALLINEGRIDDISPLAYINGDIMENSIONBYDEFAULT>No</ISINVENTORYTRANSFERJOURNALLINEGRIDDISPLAYINGDIMENSIONBYDEFAULT><ISITEMARRIVALJOURNALLINEGRIDDISPLAYINGDIMENSIONBYDEFAULT>No</ISITEMARRIVALJOURNALLINEGRIDDISPLAYINGDIMENSIONBYDEFAULT><ISNONCONFORMANCEGRIDDISPLAYINGDIMENSIONBYDEFAULT>No</ISNONCONFORMANCEGRIDDISPLAYINGDIMENSIONBYDEFAULT><ISPRODUCTIONINPUTJOURNALLINEGRIDDISPLAYINGDIMENSIONBYDEFAULT>No</ISPRODUCTIONINPUTJOURNALLINEGRIDDISPLAYINGDIMENSIONBYDEFAULT><ISPRODUCTIONORDERGRIDDISPLAYINGDIMENSIONBYDEFAULT>No</ISPRODUCTIONORDERGRIDDISPLAYINGDIMENSIONBYDEFAULT><ISPRODUCTIONORDERLINEGRIDDISPLAYINGDIMENSIONBYDEFAULT>No</ISPRODUCTIONORDERLINEGRIDDISPLAYINGDIMENSIONBYDEFAULT><ISPRODUCTIONPICKINGLISTJOURNALLINEGRIDDISPLAYINGDIMENSIONBYDEFAULT>No</ISPRODUCTIONPICKINGLISTJOURNALLINEGRIDDISPLAYINGDIMENSIONBYDEFAULT><ISPRODUCTIONREPORTEDASFINISHEDJOURNALLINEGRIDDISPLAYINGDIMENSIONBYDEFAULT>No</ISPRODUCTIONREPORTEDASFINISHEDJOURNALLINEGRIDDISPLAYINGDIMENSIONBYDEFAULT><ISPROJECTQUOTATIONLINEGRIDDISPLAYINGDIMENSIONBYDEFAULT>No</ISPROJECTQUOTATIONLINEGRIDDISPLAYINGDIMENSIONBYDEFAULT><ISPURCHASEORDERLINEGRIDDISPLAYINGDIMENSIONBYDEFAULT>No</ISPURCHASEORDERLINEGRIDDISPLAYINGDIMENSIONBYDEFAULT><ISQUALITYORDERGRIDDISPLAYINGDIMENSIONBYDEFAULT>No</ISQUALITYORDERGRIDDISPLAYINGDIMENSIONBYDEFAULT><ISQUARANTINEORDERGRIDDISPLAYINGDIMENSIONBYDEFAULT>No</ISQUARANTINEORDERGRIDDISPLAYINGDIMENSIONBYDEFAULT><ISSALESORDERLINEGRIDDISPLAYINGDIMENSIONBYDEFAULT>No</ISSALESORDERLINEGRIDDISPLAYINGDIMENSIONBYDEFAULT><ISSALESQUOTATIONLINEGRIDDISPLAYINGDIMENSIONBYDEFAULT>No</ISSALESQUOTATIONLINEGRIDDISPLAYINGDIMENSIONBYDEFAULT><ISTRANSFERORDERLINEGRIDDISPLAYINGDIMENSIONBYDEFAULT>No</ISTRANSFERORDERLINEGRIDDISPLAYINGDIMENSIONBYDEFAULT><ISWAREHOUSEPICKINGLINEGRIDDISPLAYINGDIMENSIONBYDEFAULT>No</ISWAREHOUSEPICKINGLINEGRIDDISPLAYINGDIMENSIONBYDEFAULT></INVENTINVENTORYDIMENSIONSPARAMETERSENTITY><INVENTINVENTORYDIMENSIONSPARAMETERSENTITY><INVENTORYDIMENSIONNAME>InventDimension3</INVENTORYDIMENSIONNAME><ISBILLOFMATERIALSLINEGRIDDISPLAYINGDIMENSIONBYDEFAULT>No</ISBILLOFMATERIALSLINEGRIDDISPLAYINGDIMENSIONBYDEFAULT><ISCERTIFICATEOFANALYSISGRIDDISPLAYINGDIMENSIONBYDEFAULT>No</ISCERTIFICATEOFANALYSISGRIDDISPLAYINGDIMENSIONBYDEFAULT><ISCONSIGNMENTREPLENISHMENTORDERLINEGRIDDISPLAYINGDIMENSIONBYDEFAULT>No</ISCONSIGNMENTREPLENISHMENTORDERLINEGRIDDISPLAYINGDIMENSIONBYDEFAULT><ISINVENTORYADJUSTMENTJOURNALLINEGRIDDISPLAYINGDIMENSIONBYDEFAULT>No</ISINVENTORYADJUSTMENTJOURNALLINEGRIDDISPLAYINGDIMENSIONBYDEFAULT><ISINVENTORYBLOCKINGGRIDDISPLAYINGDIMENSIONBYDEFAULT>No</ISINVENTORYBLOCKINGGRIDDISPLAYINGDIMENSIONBYDEFAULT><ISINVENTORYCOUNTINGJOURNALLINEGRIDDISPLAYINGDIMENSIONBYDEFAULT>No</ISINVENTORYCOUNTINGJOURNALLINEGRIDDISPLAYINGDIMENSIONBYDEFAULT><ISINVENTORYFIXEDASSETTRANSFERJOURNALLINEGRIDDISPLAYINGDIMENSIONBYDEFAULT>No</ISINVENTORYFIXEDASSETTRANSFERJOURNALLINEGRIDDISPLAYINGDIMENSIONBYDEFAULT><ISINVENTORYMOVEMENTJOURNALLINEGRIDDISPLAYINGDIMENSIONBYDEFAULT>No</ISINVENTORYMOVEMENTJOURNALLINEGRIDDISPLAYINGDIMENSIONBYDEFAULT><ISINVENTORYOWNERSHIPCHANGELINEGRIDDISPLAYINGDIMENSIONBYDEFAULT>No</ISINVENTORYOWNERSHIPCHANGELINEGRIDDISPLAYINGDIMENSIONBYDEFAULT><ISINVENTORYPROJECTCONSUMPTIONJOURNALGRIDDISPLAYINGDIMENSIONBYDEFAULT>No</ISINVENTORYPROJECTCONSUMPTIONJOURNALGRIDDISPLAYINGDIMENSIONBYDEFAULT><ISINVENTORYTRANSACTIONGRIDDISPLAYINGDIMENSIONBYDEFAULT>No</ISINVENTORYTRANSACTIONGRIDDISPLAYINGDIMENSIONBYDEFAULT><ISINVENTORYTRANSFERJOURNALLINEGRIDDISPLAYINGDIMENSIONBYDEFAULT>No</ISINVENTORYTRANSFERJOURNALLINEGRIDDISPLAYINGDIMENSIONBYDEFAULT><ISITEMARRIVALJOURNALLINEGRIDDISPLAYINGDIMENSIONBYDEFAULT>No</ISITEMARRIVALJOURNALLINEGRIDDISPLAYINGDIMENSIONBYDEFAULT><ISNONCONFORMANCEGRIDDISPLAYINGDIMENSIONBYDEFAULT>No</ISNONCONFORMANCEGRIDDISPLAYINGDIMENSIONBYDEFAULT><ISPRODUCTIONINPUTJOURNALLINEGRIDDISPLAYINGDIMENSIONBYDEFAULT>No</ISPRODUCTIONINPUTJOURNALLINEGRIDDISPLAYINGDIMENSIONBYDEFAULT><ISPRODUCTIONORDERGRIDDISPLAYINGDIMENSIONBYDEFAULT>No</ISPRODUCTIONORDERGRIDDISPLAYINGDIMENSIONBYDEFAULT><ISPRODUCTIONORDERLINEGRIDDISPLAYINGDIMENSIONBYDEFAULT>No</ISPRODUCTIONORDERLINEGRIDDISPLAYINGDIMENSIONBYDEFAULT><ISPRODUCTIONPICKINGLISTJOURNALLINEGRIDDISPLAYINGDIMENSIONBYDEFAULT>No</ISPRODUCTIONPICKINGLISTJOURNALLINEGRIDDISPLAYINGDIMENSIONBYDEFAULT><ISPRODUCTIONREPORTEDASFINISHEDJOURNALLINEGRIDDISPLAYINGDIMENSIONBYDEFAULT>No</ISPRODUCTIONREPORTEDASFINISHEDJOURNALLINEGRIDDISPLAYINGDIMENSIONBYDEFAULT><ISPROJECTQUOTATIONLINEGRIDDISPLAYINGDIMENSIONBYDEFAULT>No</ISPROJECTQUOTATIONLINEGRIDDISPLAYINGDIMENSIONBYDEFAULT><ISPURCHASEORDERLINEGRIDDISPLAYINGDIMENSIONBYDEFAULT>No</ISPURCHASEORDERLINEGRIDDISPLAYINGDIMENSIONBYDEFAULT><ISQUALITYORDERGRIDDISPLAYINGDIMENSIONBYDEFAULT>No</ISQUALITYORDERGRIDDISPLAYINGDIMENSIONBYDEFAULT><ISQUARANTINEORDERGRIDDISPLAYINGDIMENSIONBYDEFAULT>No</ISQUARANTINEORDERGRIDDISPLAYINGDIMENSIONBYDEFAULT><ISSALESORDERLINEGRIDDISPLAYINGDIMENSIONBYDEFAULT>No</ISSALESORDERLINEGRIDDISPLAYINGDIMENSIONBYDEFAULT><ISSALESQUOTATIONLINEGRIDDISPLAYINGDIMENSIONBYDEFAULT>No</ISSALESQUOTATIONLINEGRIDDISPLAYINGDIMENSIONBYDEFAULT><ISTRANSFERORDERLINEGRIDDISPLAYINGDIMENSIONBYDEFAULT>No</ISTRANSFERORDERLINEGRIDDISPLAYINGDIMENSIONBYDEFAULT><ISWAREHOUSEPICKINGLINEGRIDDISPLAYINGDIMENSIONBYDEFAULT>No</ISWAREHOUSEPICKINGLINEGRIDDISPLAYINGDIMENSIONBYDEFAULT></INVENTINVENTORYDIMENSIONSPARAMETERSENTITY><INVENTINVENTORYDIMENSIONSPARAMETERSENTITY><INVENTORYDIMENSIONNAME>InventDimension4</INVENTORYDIMENSIONNAME><ISBILLOFMATERIALSLINEGRIDDISPLAYINGDIMENSIONBYDEFAULT>No</ISBILLOFMATERIALSLINEGRIDDISPLAYINGDIMENSIONBYDEFAULT><ISCERTIFICATEOFANALYSISGRIDDISPLAYINGDIMENSIONBYDEFAULT>No</ISCERTIFICATEOFANALYSISGRIDDISPLAYINGDIMENSIONBYDEFAULT><ISCONSIGNMENTREPLENISHMENTORDERLINEGRIDDISPLAYINGDIMENSIONBYDEFAULT>No</ISCONSIGNMENTREPLENISHMENTORDERLINEGRIDDISPLAYINGDIMENSIONBYDEFAULT><ISINVENTORYADJUSTMENTJOURNALLINEGRIDDISPLAYINGDIMENSIONBYDEFAULT>No</ISINVENTORYADJUSTMENTJOURNALLINEGRIDDISPLAYINGDIMENSIONBYDEFAULT><ISINVENTORYBLOCKINGGRIDDISPLAYINGDIMENSIONBYDEFAULT>No</ISINVENTORYBLOCKINGGRIDDISPLAYINGDIMENSIONBYDEFAULT><ISINVENTORYCOUNTINGJOURNALLINEGRIDDISPLAYINGDIMENSIONBYDEFAULT>No</ISINVENTORYCOUNTINGJOURNALLINEGRIDDISPLAYINGDIMENSIONBYDEFAULT><ISINVENTORYFIXEDASSETTRANSFERJOURNALLINEGRIDDISPLAYINGDIMENSIONBYDEFAULT>No</ISINVENTORYFIXEDASSETTRANSFERJOURNALLINEGRIDDISPLAYINGDIMENSIONBYDEFAULT><ISINVENTORYMOVEMENTJOURNALLINEGRIDDISPLAYINGDIMENSIONBYDEFAULT>No</ISINVENTORYMOVEMENTJOURNALLINEGRIDDISPLAYINGDIMENSIONBYDEFAULT><ISINVENTORYOWNERSHIPCHANGELINEGRIDDISPLAYINGDIMENSIONBYDEFAULT>No</ISINVENTORYOWNERSHIPCHANGELINEGRIDDISPLAYINGDIMENSIONBYDEFAULT><ISINVENTORYPROJECTCONSUMPTIONJOURNALGRIDDISPLAYINGDIMENSIONBYDEFAULT>No</ISINVENTORYPROJECTCONSUMPTIONJOURNALGRIDDISPLAYINGDIMENSIONBYDEFAULT><ISINVENTORYTRANSACTIONGRIDDISPLAYINGDIMENSIONBYDEFAULT>No</ISINVENTORYTRANSACTIONGRIDDISPLAYINGDIMENSIONBYDEFAULT><ISINVENTORYTRANSFERJOURNALLINEGRIDDISPLAYINGDIMENSIONBYDEFAULT>No</ISINVENTORYTRANSFERJOURNALLINEGRIDDISPLAYINGDIMENSIONBYDEFAULT><ISITEMARRIVALJOURNALLINEGRIDDISPLAYINGDIMENSIONBYDEFAULT>No</ISITEMARRIVALJOURNALLINEGRIDDISPLAYINGDIMENSIONBYDEFAULT><ISNONCONFORMANCEGRIDDISPLAYINGDIMENSIONBYDEFAULT>No</ISNONCONFORMANCEGRIDDISPLAYINGDIMENSIONBYDEFAULT><ISPRODUCTIONINPUTJOURNALLINEGRIDDISPLAYINGDIMENSIONBYDEFAULT>No</ISPRODUCTIONINPUTJOURNALLINEGRIDDISPLAYINGDIMENSIONBYDEFAULT><ISPRODUCTIONORDERGRIDDISPLAYINGDIMENSIONBYDEFAULT>No</ISPRODUCTIONORDERGRIDDISPLAYINGDIMENSIONBYDEFAULT><ISPRODUCTIONORDERLINEGRIDDISPLAYINGDIMENSIONBYDEFAULT>No</ISPRODUCTIONORDERLINEGRIDDISPLAYINGDIMENSIONBYDEFAULT><ISPRODUCTIONPICKINGLISTJOURNALLINEGRIDDISPLAYINGDIMENSIONBYDEFAULT>No</ISPRODUCTIONPICKINGLISTJOURNALLINEGRIDDISPLAYINGDIMENSIONBYDEFAULT><ISPRODUCTIONREPORTEDASFINISHEDJOURNALLINEGRIDDISPLAYINGDIMENSIONBYDEFAULT>No</ISPRODUCTIONREPORTEDASFINISHEDJOURNALLINEGRIDDISPLAYINGDIMENSIONBYDEFAULT><ISPROJECTQUOTATIONLINEGRIDDISPLAYINGDIMENSIONBYDEFAULT>No</ISPROJECTQUOTATIONLINEGRIDDISPLAYINGDIMENSIONBYDEFAULT><ISPURCHASEORDERLINEGRIDDISPLAYINGDIMENSIONBYDEFAULT>No</ISPURCHASEORDERLINEGRIDDISPLAYINGDIMENSIONBYDEFAULT><ISQUALITYORDERGRIDDISPLAYINGDIMENSIONBYDEFAULT>No</ISQUALITYORDERGRIDDISPLAYINGDIMENSIONBYDEFAULT><ISQUARANTINEORDERGRIDDISPLAYINGDIMENSIONBYDEFAULT>No</ISQUARANTINEORDERGRIDDISPLAYINGDIMENSIONBYDEFAULT><ISSALESORDERLINEGRIDDISPLAYINGDIMENSIONBYDEFAULT>No</ISSALESORDERLINEGRIDDISPLAYINGDIMENSIONBYDEFAULT><ISSALESQUOTATIONLINEGRIDDISPLAYINGDIMENSIONBYDEFAULT>No</ISSALESQUOTATIONLINEGRIDDISPLAYINGDIMENSIONBYDEFAULT><ISTRANSFERORDERLINEGRIDDISPLAYINGDIMENSIONBYDEFAULT>No</ISTRANSFERORDERLINEGRIDDISPLAYINGDIMENSIONBYDEFAULT><ISWAREHOUSEPICKINGLINEGRIDDISPLAYINGDIMENSIONBYDEFAULT>No</ISWAREHOUSEPICKINGLINEGRIDDISPLAYINGDIMENSIONBYDEFAULT></INVENTINVENTORYDIMENSIONSPARAMETERSENTITY><INVENTINVENTORYDIMENSIONSPARAMETERSENTITY><INVENTORYDIMENSIONNAME>InventDimension5</INVENTORYDIMENSIONNAME><ISBILLOFMATERIALSLINEGRIDDISPLAYINGDIMENSIONBYDEFAULT>No</ISBILLOFMATERIALSLINEGRIDDISPLAYINGDIMENSIONBYDEFAULT><ISCERTIFICATEOFANALYSISGRIDDISPLAYINGDIMENSIONBYDEFAULT>No</ISCERTIFICATEOFANALYSISGRIDDISPLAYINGDIMENSIONBYDEFAULT><ISCONSIGNMENTREPLENISHMENTORDERLINEGRIDDISPLAYINGDIMENSIONBYDEFAULT>No</ISCONSIGNMENTREPLENISHMENTORDERLINEGRIDDISPLAYINGDIMENSIONBYDEFAULT><ISINVENTORYADJUSTMENTJOURNALLINEGRIDDISPLAYINGDIMENSIONBYDEFAULT>No</ISINVENTORYADJUSTMENTJOURNALLINEGRIDDISPLAYINGDIMENSIONBYDEFAULT><ISINVENTORYBLOCKINGGRIDDISPLAYINGDIMENSIONBYDEFAULT>No</ISINVENTORYBLOCKINGGRIDDISPLAYINGDIMENSIONBYDEFAULT><ISINVENTORYCOUNTINGJOURNALLINEGRIDDISPLAYINGDIMENSIONBYDEFAULT>No</ISINVENTORYCOUNTINGJOURNALLINEGRIDDISPLAYINGDIMENSIONBYDEFAULT><ISINVENTORYFIXEDASSETTRANSFERJOURNALLINEGRIDDISPLAYINGDIMENSIONBYDEFAULT>No</ISINVENTORYFIXEDASSETTRANSFERJOURNALLINEGRIDDISPLAYINGDIMENSIONBYDEFAULT><ISINVENTORYMOVEMENTJOURNALLINEGRIDDISPLAYINGDIMENSIONBYDEFAULT>No</ISINVENTORYMOVEMENTJOURNALLINEGRIDDISPLAYINGDIMENSIONBYDEFAULT><ISINVENTORYOWNERSHIPCHANGELINEGRIDDISPLAYINGDIMENSIONBYDEFAULT>No</ISINVENTORYOWNERSHIPCHANGELINEGRIDDISPLAYINGDIMENSIONBYDEFAULT><ISINVENTORYPROJECTCONSUMPTIONJOURNALGRIDDISPLAYINGDIMENSIONBYDEFAULT>No</ISINVENTORYPROJECTCONSUMPTIONJOURNALGRIDDISPLAYINGDIMENSIONBYDEFAULT><ISINVENTORYTRANSACTIONGRIDDISPLAYINGDIMENSIONBYDEFAULT>No</ISINVENTORYTRANSACTIONGRIDDISPLAYINGDIMENSIONBYDEFAULT><ISINVENTORYTRANSFERJOURNALLINEGRIDDISPLAYINGDIMENSIONBYDEFAULT>No</ISINVENTORYTRANSFERJOURNALLINEGRIDDISPLAYINGDIMENSIONBYDEFAULT><ISITEMARRIVALJOURNALLINEGRIDDISPLAYINGDIMENSIONBYDEFAULT>No</ISITEMARRIVALJOURNALLINEGRIDDISPLAYINGDIMENSIONBYDEFAULT><ISNONCONFORMANCEGRIDDISPLAYINGDIMENSIONBYDEFAULT>No</ISNONCONFORMANCEGRIDDISPLAYINGDIMENSIONBYDEFAULT><ISPRODUCTIONINPUTJOURNALLINEGRIDDISPLAYINGDIMENSIONBYDEFAULT>No</ISPRODUCTIONINPUTJOURNALLINEGRIDDISPLAYINGDIMENSIONBYDEFAULT><ISPRODUCTIONORDERGRIDDISPLAYINGDIMENSIONBYDEFAULT>No</ISPRODUCTIONORDERGRIDDISPLAYINGDIMENSIONBYDEFAULT><ISPRODUCTIONORDERLINEGRIDDISPLAYINGDIMENSIONBYDEFAULT>No</ISPRODUCTIONORDERLINEGRIDDISPLAYINGDIMENSIONBYDEFAULT><ISPRODUCTIONPICKINGLISTJOURNALLINEGRIDDISPLAYINGDIMENSIONBYDEFAULT>No</ISPRODUCTIONPICKINGLISTJOURNALLINEGRIDDISPLAYINGDIMENSIONBYDEFAULT><ISPRODUCTIONREPORTEDASFINISHEDJOURNALLINEGRIDDISPLAYINGDIMENSIONBYDEFAULT>No</ISPRODUCTIONREPORTEDASFINISHEDJOURNALLINEGRIDDISPLAYINGDIMENSIONBYDEFAULT><ISPROJECTQUOTATIONLINEGRIDDISPLAYINGDIMENSIONBYDEFAULT>No</ISPROJECTQUOTATIONLINEGRIDDISPLAYINGDIMENSIONBYDEFAULT><ISPURCHASEORDERLINEGRIDDISPLAYINGDIMENSIONBYDEFAULT>No</ISPURCHASEORDERLINEGRIDDISPLAYINGDIMENSIONBYDEFAULT><ISQUALITYORDERGRIDDISPLAYINGDIMENSIONBYDEFAULT>No</ISQUALITYORDERGRIDDISPLAYINGDIMENSIONBYDEFAULT><ISQUARANTINEORDERGRIDDISPLAYINGDIMENSIONBYDEFAULT>No</ISQUARANTINEORDERGRIDDISPLAYINGDIMENSIONBYDEFAULT><ISSALESORDERLINEGRIDDISPLAYINGDIMENSIONBYDEFAULT>No</ISSALESORDERLINEGRIDDISPLAYINGDIMENSIONBYDEFAULT><ISSALESQUOTATIONLINEGRIDDISPLAYINGDIMENSIONBYDEFAULT>No</ISSALESQUOTATIONLINEGRIDDISPLAYINGDIMENSIONBYDEFAULT><ISTRANSFERORDERLINEGRIDDISPLAYINGDIMENSIONBYDEFAULT>No</ISTRANSFERORDERLINEGRIDDISPLAYINGDIMENSIONBYDEFAULT><ISWAREHOUSEPICKINGLINEGRIDDISPLAYINGDIMENSIONBYDEFAULT>No</ISWAREHOUSEPICKINGLINEGRIDDISPLAYINGDIMENSIONBYDEFAULT></INVENTINVENTORYDIMENSIONSPARAMETERSENTITY><INVENTINVENTORYDIMENSIONSPARAMETERSENTITY><INVENTORYDIMENSIONNAME>InventDimension6</INVENTORYDIMENSIONNAME><ISBILLOFMATERIALSLINEGRIDDISPLAYINGDIMENSIONBYDEFAULT>No</ISBILLOFMATERIALSLINEGRIDDISPLAYINGDIMENSIONBYDEFAULT><ISCERTIFICATEOFANALYSISGRIDDISPLAYINGDIMENSIONBYDEFAULT>No</ISCERTIFICATEOFANALYSISGRIDDISPLAYINGDIMENSIONBYDEFAULT><ISCONSIGNMENTREPLENISHMENTORDERLINEGRIDDISPLAYINGDIMENSIONBYDEFAULT>No</ISCONSIGNMENTREPLENISHMENTORDERLINEGRIDDISPLAYINGDIMENSIONBYDEFAULT><ISINVENTORYADJUSTMENTJOURNALLINEGRIDDISPLAYINGDIMENSIONBYDEFAULT>No</ISINVENTORYADJUSTMENTJOURNALLINEGRIDDISPLAYINGDIMENSIONBYDEFAULT><ISINVENTORYBLOCKINGGRIDDISPLAYINGDIMENSIONBYDEFAULT>No</ISINVENTORYBLOCKINGGRIDDISPLAYINGDIMENSIONBYDEFAULT><ISINVENTORYCOUNTINGJOURNALLINEGRIDDISPLAYINGDIMENSIONBYDEFAULT>No</ISINVENTORYCOUNTINGJOURNALLINEGRIDDISPLAYINGDIMENSIONBYDEFAULT><ISINVENTORYFIXEDASSETTRANSFERJOURNALLINEGRIDDISPLAYINGDIMENSIONBYDEFAULT>No</ISINVENTORYFIXEDASSETTRANSFERJOURNALLINEGRIDDISPLAYINGDIMENSIONBYDEFAULT><ISINVENTORYMOVEMENTJOURNALLINEGRIDDISPLAYINGDIMENSIONBYDEFAULT>No</ISINVENTORYMOVEMENTJOURNALLINEGRIDDISPLAYINGDIMENSIONBYDEFAULT><ISINVENTORYOWNERSHIPCHANGELINEGRIDDISPLAYINGDIMENSIONBYDEFAULT>No</ISINVENTORYOWNERSHIPCHANGELINEGRIDDISPLAYINGDIMENSIONBYDEFAULT><ISINVENTORYPROJECTCONSUMPTIONJOURNALGRIDDISPLAYINGDIMENSIONBYDEFAULT>No</ISINVENTORYPROJECTCONSUMPTIONJOURNALGRIDDISPLAYINGDIMENSIONBYDEFAULT><ISINVENTORYTRANSACTIONGRIDDISPLAYINGDIMENSIONBYDEFAULT>No</ISINVENTORYTRANSACTIONGRIDDISPLAYINGDIMENSIONBYDEFAULT><ISINVENTORYTRANSFERJOURNALLINEGRIDDISPLAYINGDIMENSIONBYDEFAULT>No</ISINVENTORYTRANSFERJOURNALLINEGRIDDISPLAYINGDIMENSIONBYDEFAULT><ISITEMARRIVALJOURNALLINEGRIDDISPLAYINGDIMENSIONBYDEFAULT>No</ISITEMARRIVALJOURNALLINEGRIDDISPLAYINGDIMENSIONBYDEFAULT><ISNONCONFORMANCEGRIDDISPLAYINGDIMENSIONBYDEFAULT>No</ISNONCONFORMANCEGRIDDISPLAYINGDIMENSIONBYDEFAULT><ISPRODUCTIONINPUTJOURNALLINEGRIDDISPLAYINGDIMENSIONBYDEFAULT>No</ISPRODUCTIONINPUTJOURNALLINEGRIDDISPLAYINGDIMENSIONBYDEFAULT><ISPRODUCTIONORDERGRIDDISPLAYINGDIMENSIONBYDEFAULT>No</ISPRODUCTIONORDERGRIDDISPLAYINGDIMENSIONBYDEFAULT><ISPRODUCTIONORDERLINEGRIDDISPLAYINGDIMENSIONBYDEFAULT>No</ISPRODUCTIONORDERLINEGRIDDISPLAYINGDIMENSIONBYDEFAULT><ISPRODUCTIONPICKINGLISTJOURNALLINEGRIDDISPLAYINGDIMENSIONBYDEFAULT>No</ISPRODUCTIONPICKINGLISTJOURNALLINEGRIDDISPLAYINGDIMENSIONBYDEFAULT><ISPRODUCTIONREPORTEDASFINISHEDJOURNALLINEGRIDDISPLAYINGDIMENSIONBYDEFAULT>No</ISPRODUCTIONREPORTEDASFINISHEDJOURNALLINEGRIDDISPLAYINGDIMENSIONBYDEFAULT><ISPROJECTQUOTATIONLINEGRIDDISPLAYINGDIMENSIONBYDEFAULT>No</ISPROJECTQUOTATIONLINEGRIDDISPLAYINGDIMENSIONBYDEFAULT><ISPURCHASEORDERLINEGRIDDISPLAYINGDIMENSIONBYDEFAULT>No</ISPURCHASEORDERLINEGRIDDISPLAYINGDIMENSIONBYDEFAULT><ISQUALITYORDERGRIDDISPLAYINGDIMENSIONBYDEFAULT>No</ISQUALITYORDERGRIDDISPLAYINGDIMENSIONBYDEFAULT><ISQUARANTINEORDERGRIDDISPLAYINGDIMENSIONBYDEFAULT>No</ISQUARANTINEORDERGRIDDISPLAYINGDIMENSIONBYDEFAULT><ISSALESORDERLINEGRIDDISPLAYINGDIMENSIONBYDEFAULT>No</ISSALESORDERLINEGRIDDISPLAYINGDIMENSIONBYDEFAULT><ISSALESQUOTATIONLINEGRIDDISPLAYINGDIMENSIONBYDEFAULT>No</ISSALESQUOTATIONLINEGRIDDISPLAYINGDIMENSIONBYDEFAULT><ISTRANSFERORDERLINEGRIDDISPLAYINGDIMENSIONBYDEFAULT>No</ISTRANSFERORDERLINEGRIDDISPLAYINGDIMENSIONBYDEFAULT><ISWAREHOUSEPICKINGLINEGRIDDISPLAYINGDIMENSIONBYDEFAULT>No</ISWAREHOUSEPICKINGLINEGRIDDISPLAYINGDIMENSIONBYDEFAULT></INVENTINVENTORYDIMENSIONSPARAMETERSENTITY><INVENTINVENTORYDIMENSIONSPARAMETERSENTITY><INVENTORYDIMENSIONNAME>InventDimension7</INVENTORYDIMENSIONNAME><ISBILLOFMATERIALSLINEGRIDDISPLAYINGDIMENSIONBYDEFAULT>No</ISBILLOFMATERIALSLINEGRIDDISPLAYINGDIMENSIONBYDEFAULT><ISCERTIFICATEOFANALYSISGRIDDISPLAYINGDIMENSIONBYDEFAULT>No</ISCERTIFICATEOFANALYSISGRIDDISPLAYINGDIMENSIONBYDEFAULT><ISCONSIGNMENTREPLENISHMENTORDERLINEGRIDDISPLAYINGDIMENSIONBYDEFAULT>No</ISCONSIGNMENTREPLENISHMENTORDERLINEGRIDDISPLAYINGDIMENSIONBYDEFAULT><ISINVENTORYADJUSTMENTJOURNALLINEGRIDDISPLAYINGDIMENSIONBYDEFAULT>No</ISINVENTORYADJUSTMENTJOURNALLINEGRIDDISPLAYINGDIMENSIONBYDEFAULT><ISINVENTORYBLOCKINGGRIDDISPLAYINGDIMENSIONBYDEFAULT>No</ISINVENTORYBLOCKINGGRIDDISPLAYINGDIMENSIONBYDEFAULT><ISINVENTORYCOUNTINGJOURNALLINEGRIDDISPLAYINGDIMENSIONBYDEFAULT>No</ISINVENTORYCOUNTINGJOURNALLINEGRIDDISPLAYINGDIMENSIONBYDEFAULT><ISINVENTORYFIXEDASSETTRANSFERJOURNALLINEGRIDDISPLAYINGDIMENSIONBYDEFAULT>No</ISINVENTORYFIXEDASSETTRANSFERJOURNALLINEGRIDDISPLAYINGDIMENSIONBYDEFAULT><ISINVENTORYMOVEMENTJOURNALLINEGRIDDISPLAYINGDIMENSIONBYDEFAULT>No</ISINVENTORYMOVEMENTJOURNALLINEGRIDDISPLAYINGDIMENSIONBYDEFAULT><ISINVENTORYOWNERSHIPCHANGELINEGRIDDISPLAYINGDIMENSIONBYDEFAULT>No</ISINVENTORYOWNERSHIPCHANGELINEGRIDDISPLAYINGDIMENSIONBYDEFAULT><ISINVENTORYPROJECTCONSUMPTIONJOURNALGRIDDISPLAYINGDIMENSIONBYDEFAULT>No</ISINVENTORYPROJECTCONSUMPTIONJOURNALGRIDDISPLAYINGDIMENSIONBYDEFAULT><ISINVENTORYTRANSACTIONGRIDDISPLAYINGDIMENSIONBYDEFAULT>No</ISINVENTORYTRANSACTIONGRIDDISPLAYINGDIMENSIONBYDEFAULT><ISINVENTORYTRANSFERJOURNALLINEGRIDDISPLAYINGDIMENSIONBYDEFAULT>No</ISINVENTORYTRANSFERJOURNALLINEGRIDDISPLAYINGDIMENSIONBYDEFAULT><ISITEMARRIVALJOURNALLINEGRIDDISPLAYINGDIMENSIONBYDEFAULT>No</ISITEMARRIVALJOURNALLINEGRIDDISPLAYINGDIMENSIONBYDEFAULT><ISNONCONFORMANCEGRIDDISPLAYINGDIMENSIONBYDEFAULT>No</ISNONCONFORMANCEGRIDDISPLAYINGDIMENSIONBYDEFAULT><ISPRODUCTIONINPUTJOURNALLINEGRIDDISPLAYINGDIMENSIONBYDEFAULT>No</ISPRODUCTIONINPUTJOURNALLINEGRIDDISPLAYINGDIMENSIONBYDEFAULT><ISPRODUCTIONORDERGRIDDISPLAYINGDIMENSIONBYDEFAULT>No</ISPRODUCTIONORDERGRIDDISPLAYINGDIMENSIONBYDEFAULT><ISPRODUCTIONORDERLINEGRIDDISPLAYINGDIMENSIONBYDEFAULT>No</ISPRODUCTIONORDERLINEGRIDDISPLAYINGDIMENSIONBYDEFAULT><ISPRODUCTIONPICKINGLISTJOURNALLINEGRIDDISPLAYINGDIMENSIONBYDEFAULT>No</ISPRODUCTIONPICKINGLISTJOURNALLINEGRIDDISPLAYINGDIMENSIONBYDEFAULT><ISPRODUCTIONREPORTEDASFINISHEDJOURNALLINEGRIDDISPLAYINGDIMENSIONBYDEFAULT>No</ISPRODUCTIONREPORTEDASFINISHEDJOURNALLINEGRIDDISPLAYINGDIMENSIONBYDEFAULT><ISPROJECTQUOTATIONLINEGRIDDISPLAYINGDIMENSIONBYDEFAULT>No</ISPROJECTQUOTATIONLINEGRIDDISPLAYINGDIMENSIONBYDEFAULT><ISPURCHASEORDERLINEGRIDDISPLAYINGDIMENSIONBYDEFAULT>No</ISPURCHASEORDERLINEGRIDDISPLAYINGDIMENSIONBYDEFAULT><ISQUALITYORDERGRIDDISPLAYINGDIMENSIONBYDEFAULT>No</ISQUALITYORDERGRIDDISPLAYINGDIMENSIONBYDEFAULT><ISQUARANTINEORDERGRIDDISPLAYINGDIMENSIONBYDEFAULT>No</ISQUARANTINEORDERGRIDDISPLAYINGDIMENSIONBYDEFAULT><ISSALESORDERLINEGRIDDISPLAYINGDIMENSIONBYDEFAULT>No</ISSALESORDERLINEGRIDDISPLAYINGDIMENSIONBYDEFAULT><ISSALESQUOTATIONLINEGRIDDISPLAYINGDIMENSIONBYDEFAULT>No</ISSALESQUOTATIONLINEGRIDDISPLAYINGDIMENSIONBYDEFAULT><ISTRANSFERORDERLINEGRIDDISPLAYINGDIMENSIONBYDEFAULT>No</ISTRANSFERORDERLINEGRIDDISPLAYINGDIMENSIONBYDEFAULT><ISWAREHOUSEPICKINGLINEGRIDDISPLAYINGDIMENSIONBYDEFAULT>No</ISWAREHOUSEPICKINGLINEGRIDDISPLAYINGDIMENSIONBYDEFAULT></INVENTINVENTORYDIMENSIONSPARAMETERSENTITY><INVENTINVENTORYDIMENSIONSPARAMETERSENTITY><INVENTORYDIMENSIONNAME>InventDimension8</INVENTORYDIMENSIONNAME><ISBILLOFMATERIALSLINEGRIDDISPLAYINGDIMENSIONBYDEFAULT>No</ISBILLOFMATERIALSLINEGRIDDISPLAYINGDIMENSIONBYDEFAULT><ISCERTIFICATEOFANALYSISGRIDDISPLAYINGDIMENSIONBYDEFAULT>No</ISCERTIFICATEOFANALYSISGRIDDISPLAYINGDIMENSIONBYDEFAULT><ISCONSIGNMENTREPLENISHMENTORDERLINEGRIDDISPLAYINGDIMENSIONBYDEFAULT>No</ISCONSIGNMENTREPLENISHMENTORDERLINEGRIDDISPLAYINGDIMENSIONBYDEFAULT><ISINVENTORYADJUSTMENTJOURNALLINEGRIDDISPLAYINGDIMENSIONBYDEFAULT>No</ISINVENTORYADJUSTMENTJOURNALLINEGRIDDISPLAYINGDIMENSIONBYDEFAULT><ISINVENTORYBLOCKINGGRIDDISPLAYINGDIMENSIONBYDEFAULT>No</ISINVENTORYBLOCKINGGRIDDISPLAYINGDIMENSIONBYDEFAULT><ISINVENTORYCOUNTINGJOURNALLINEGRIDDISPLAYINGDIMENSIONBYDEFAULT>No</ISINVENTORYCOUNTINGJOURNALLINEGRIDDISPLAYINGDIMENSIONBYDEFAULT><ISINVENTORYFIXEDASSETTRANSFERJOURNALLINEGRIDDISPLAYINGDIMENSIONBYDEFAULT>No</ISINVENTORYFIXEDASSETTRANSFERJOURNALLINEGRIDDISPLAYINGDIMENSIONBYDEFAULT><ISINVENTORYMOVEMENTJOURNALLINEGRIDDISPLAYINGDIMENSIONBYDEFAULT>No</ISINVENTORYMOVEMENTJOURNALLINEGRIDDISPLAYINGDIMENSIONBYDEFAULT><ISINVENTORYOWNERSHIPCHANGELINEGRIDDISPLAYINGDIMENSIONBYDEFAULT>No</ISINVENTORYOWNERSHIPCHANGELINEGRIDDISPLAYINGDIMENSIONBYDEFAULT><ISINVENTORYPROJECTCONSUMPTIONJOURNALGRIDDISPLAYINGDIMENSIONBYDEFAULT>No</ISINVENTORYPROJECTCONSUMPTIONJOURNALGRIDDISPLAYINGDIMENSIONBYDEFAULT><ISINVENTORYTRANSACTIONGRIDDISPLAYINGDIMENSIONBYDEFAULT>No</ISINVENTORYTRANSACTIONGRIDDISPLAYINGDIMENSIONBYDEFAULT><ISINVENTORYTRANSFERJOURNALLINEGRIDDISPLAYINGDIMENSIONBYDEFAULT>No</ISINVENTORYTRANSFERJOURNALLINEGRIDDISPLAYINGDIMENSIONBYDEFAULT><ISITEMARRIVALJOURNALLINEGRIDDISPLAYINGDIMENSIONBYDEFAULT>No</ISITEMARRIVALJOURNALLINEGRIDDISPLAYINGDIMENSIONBYDEFAULT><ISNONCONFORMANCEGRIDDISPLAYINGDIMENSIONBYDEFAULT>No</ISNONCONFORMANCEGRIDDISPLAYINGDIMENSIONBYDEFAULT><ISPRODUCTIONINPUTJOURNALLINEGRIDDISPLAYINGDIMENSIONBYDEFAULT>No</ISPRODUCTIONINPUTJOURNALLINEGRIDDISPLAYINGDIMENSIONBYDEFAULT><ISPRODUCTIONORDERGRIDDISPLAYINGDIMENSIONBYDEFAULT>No</ISPRODUCTIONORDERGRIDDISPLAYINGDIMENSIONBYDEFAULT><ISPRODUCTIONORDERLINEGRIDDISPLAYINGDIMENSIONBYDEFAULT>No</ISPRODUCTIONORDERLINEGRIDDISPLAYINGDIMENSIONBYDEFAULT><ISPRODUCTIONPICKINGLISTJOURNALLINEGRIDDISPLAYINGDIMENSIONBYDEFAULT>No</ISPRODUCTIONPICKINGLISTJOURNALLINEGRIDDISPLAYINGDIMENSIONBYDEFAULT><ISPRODUCTIONREPORTEDASFINISHEDJOURNALLINEGRIDDISPLAYINGDIMENSIONBYDEFAULT>No</ISPRODUCTIONREPORTEDASFINISHEDJOURNALLINEGRIDDISPLAYINGDIMENSIONBYDEFAULT><ISPROJECTQUOTATIONLINEGRIDDISPLAYINGDIMENSIONBYDEFAULT>No</ISPROJECTQUOTATIONLINEGRIDDISPLAYINGDIMENSIONBYDEFAULT><ISPURCHASEORDERLINEGRIDDISPLAYINGDIMENSIONBYDEFAULT>No</ISPURCHASEORDERLINEGRIDDISPLAYINGDIMENSIONBYDEFAULT><ISQUALITYORDERGRIDDISPLAYINGDIMENSIONBYDEFAULT>No</ISQUALITYORDERGRIDDISPLAYINGDIMENSIONBYDEFAULT><ISQUARANTINEORDERGRIDDISPLAYINGDIMENSIONBYDEFAULT>No</ISQUARANTINEORDERGRIDDISPLAYINGDIMENSIONBYDEFAULT><ISSALESORDERLINEGRIDDISPLAYINGDIMENSIONBYDEFAULT>No</ISSALESORDERLINEGRIDDISPLAYINGDIMENSIONBYDEFAULT><ISSALESQUOTATIONLINEGRIDDISPLAYINGDIMENSIONBYDEFAULT>No</ISSALESQUOTATIONLINEGRIDDISPLAYINGDIMENSIONBYDEFAULT><ISTRANSFERORDERLINEGRIDDISPLAYINGDIMENSIONBYDEFAULT>No</ISTRANSFERORDERLINEGRIDDISPLAYINGDIMENSIONBYDEFAULT><ISWAREHOUSEPICKINGLINEGRIDDISPLAYINGDIMENSIONBYDEFAULT>No</ISWAREHOUSEPICKINGLINEGRIDDISPLAYINGDIMENSIONBYDEFAULT></INVENTINVENTORYDIMENSIONSPARAMETERSENTITY><INVENTINVENTORYDIMENSIONSPARAMETERSENTITY><INVENTORYDIMENSIONNAME>InventDimension9</INVENTORYDIMENSIONNAME><ISBILLOFMATERIALSLINEGRIDDISPLAYINGDIMENSIONBYDEFAULT>No</ISBILLOFMATERIALSLINEGRIDDISPLAYINGDIMENSIONBYDEFAULT><ISCERTIFICATEOFANALYSISGRIDDISPLAYINGDIMENSIONBYDEFAULT>No</ISCERTIFICATEOFANALYSISGRIDDISPLAYINGDIMENSIONBYDEFAULT><ISCONSIGNMENTREPLENISHMENTORDERLINEGRIDDISPLAYINGDIMENSIONBYDEFAULT>No</ISCONSIGNMENTREPLENISHMENTORDERLINEGRIDDISPLAYINGDIMENSIONBYDEFAULT><ISINVENTORYADJUSTMENTJOURNALLINEGRIDDISPLAYINGDIMENSIONBYDEFAULT>No</ISINVENTORYADJUSTMENTJOURNALLINEGRIDDISPLAYINGDIMENSIONBYDEFAULT><ISINVENTORYBLOCKINGGRIDDISPLAYINGDIMENSIONBYDEFAULT>No</ISINVENTORYBLOCKINGGRIDDISPLAYINGDIMENSIONBYDEFAULT><ISINVENTORYCOUNTINGJOURNALLINEGRIDDISPLAYINGDIMENSIONBYDEFAULT>No</ISINVENTORYCOUNTINGJOURNALLINEGRIDDISPLAYINGDIMENSIONBYDEFAULT><ISINVENTORYFIXEDASSETTRANSFERJOURNALLINEGRIDDISPLAYINGDIMENSIONBYDEFAULT>No</ISINVENTORYFIXEDASSETTRANSFERJOURNALLINEGRIDDISPLAYINGDIMENSIONBYDEFAULT><ISINVENTORYMOVEMENTJOURNALLINEGRIDDISPLAYINGDIMENSIONBYDEFAULT>No</ISINVENTORYMOVEMENTJOURNALLINEGRIDDISPLAYINGDIMENSIONBYDEFAULT><ISINVENTORYOWNERSHIPCHANGELINEGRIDDISPLAYINGDIMENSIONBYDEFAULT>No</ISINVENTORYOWNERSHIPCHANGELINEGRIDDISPLAYINGDIMENSIONBYDEFAULT><ISINVENTORYPROJECTCONSUMPTIONJOURNALGRIDDISPLAYINGDIMENSIONBYDEFAULT>No</ISINVENTORYPROJECTCONSUMPTIONJOURNALGRIDDISPLAYINGDIMENSIONBYDEFAULT><ISINVENTORYTRANSACTIONGRIDDISPLAYINGDIMENSIONBYDEFAULT>No</ISINVENTORYTRANSACTIONGRIDDISPLAYINGDIMENSIONBYDEFAULT><ISINVENTORYTRANSFERJOURNALLINEGRIDDISPLAYINGDIMENSIONBYDEFAULT>No</ISINVENTORYTRANSFERJOURNALLINEGRIDDISPLAYINGDIMENSIONBYDEFAULT><ISITEMARRIVALJOURNALLINEGRIDDISPLAYINGDIMENSIONBYDEFAULT>No</ISITEMARRIVALJOURNALLINEGRIDDISPLAYINGDIMENSIONBYDEFAULT><ISNONCONFORMANCEGRIDDISPLAYINGDIMENSIONBYDEFAULT>No</ISNONCONFORMANCEGRIDDISPLAYINGDIMENSIONBYDEFAULT><ISPRODUCTIONINPUTJOURNALLINEGRIDDISPLAYINGDIMENSIONBYDEFAULT>No</ISPRODUCTIONINPUTJOURNALLINEGRIDDISPLAYINGDIMENSIONBYDEFAULT><ISPRODUCTIONORDERGRIDDISPLAYINGDIMENSIONBYDEFAULT>No</ISPRODUCTIONORDERGRIDDISPLAYINGDIMENSIONBYDEFAULT><ISPRODUCTIONORDERLINEGRIDDISPLAYINGDIMENSIONBYDEFAULT>No</ISPRODUCTIONORDERLINEGRIDDISPLAYINGDIMENSIONBYDEFAULT><ISPRODUCTIONPICKINGLISTJOURNALLINEGRIDDISPLAYINGDIMENSIONBYDEFAULT>No</ISPRODUCTIONPICKINGLISTJOURNALLINEGRIDDISPLAYINGDIMENSIONBYDEFAULT><ISPRODUCTIONREPORTEDASFINISHEDJOURNALLINEGRIDDISPLAYINGDIMENSIONBYDEFAULT>No</ISPRODUCTIONREPORTEDASFINISHEDJOURNALLINEGRIDDISPLAYINGDIMENSIONBYDEFAULT><ISPROJECTQUOTATIONLINEGRIDDISPLAYINGDIMENSIONBYDEFAULT>No</ISPROJECTQUOTATIONLINEGRIDDISPLAYINGDIMENSIONBYDEFAULT><ISPURCHASEORDERLINEGRIDDISPLAYINGDIMENSIONBYDEFAULT>No</ISPURCHASEORDERLINEGRIDDISPLAYINGDIMENSIONBYDEFAULT><ISQUALITYORDERGRIDDISPLAYINGDIMENSIONBYDEFAULT>No</ISQUALITYORDERGRIDDISPLAYINGDIMENSIONBYDEFAULT><ISQUARANTINEORDERGRIDDISPLAYINGDIMENSIONBYDEFAULT>No</ISQUARANTINEORDERGRIDDISPLAYINGDIMENSIONBYDEFAULT><ISSALESORDERLINEGRIDDISPLAYINGDIMENSIONBYDEFAULT>No</ISSALESORDERLINEGRIDDISPLAYINGDIMENSIONBYDEFAULT><ISSALESQUOTATIONLINEGRIDDISPLAYINGDIMENSIONBYDEFAULT>No</ISSALESQUOTATIONLINEGRIDDISPLAYINGDIMENSIONBYDEFAULT><ISTRANSFERORDERLINEGRIDDISPLAYINGDIMENSIONBYDEFAULT>No</ISTRANSFERORDERLINEGRIDDISPLAYINGDIMENSIONBYDEFAULT><ISWAREHOUSEPICKINGLINEGRIDDISPLAYINGDIMENSIONBYDEFAULT>No</ISWAREHOUSEPICKINGLINEGRIDDISPLAYINGDIMENSIONBYDEFAULT></INVENTINVENTORYDIMENSIONSPARAMETERSENTITY><INVENTINVENTORYDIMENSIONSPARAMETERSENTITY><INVENTORYDIMENSIONNAME>InventGtdId_RU</INVENTORYDIMENSIONNAME><ISBILLOFMATERIALSLINEGRIDDISPLAYINGDIMENSIONBYDEFAULT>No</ISBILLOFMATERIALSLINEGRIDDISPLAYINGDIMENSIONBYDEFAULT><ISCERTIFICATEOFANALYSISGRIDDISPLAYINGDIMENSIONBYDEFAULT>No</ISCERTIFICATEOFANALYSISGRIDDISPLAYINGDIMENSIONBYDEFAULT><ISCONSIGNMENTREPLENISHMENTORDERLINEGRIDDISPLAYINGDIMENSIONBYDEFAULT>No</ISCONSIGNMENTREPLENISHMENTORDERLINEGRIDDISPLAYINGDIMENSIONBYDEFAULT><ISINVENTORYADJUSTMENTJOURNALLINEGRIDDISPLAYINGDIMENSIONBYDEFAULT>No</ISINVENTORYADJUSTMENTJOURNALLINEGRIDDISPLAYINGDIMENSIONBYDEFAULT><ISINVENTORYBLOCKINGGRIDDISPLAYINGDIMENSIONBYDEFAULT>No</ISINVENTORYBLOCKINGGRIDDISPLAYINGDIMENSIONBYDEFAULT><ISINVENTORYCOUNTINGJOURNALLINEGRIDDISPLAYINGDIMENSIONBYDEFAULT>No</ISINVENTORYCOUNTINGJOURNALLINEGRIDDISPLAYINGDIMENSIONBYDEFAULT><ISINVENTORYFIXEDASSETTRANSFERJOURNALLINEGRIDDISPLAYINGDIMENSIONBYDEFAULT>No</ISINVENTORYFIXEDASSETTRANSFERJOURNALLINEGRIDDISPLAYINGDIMENSIONBYDEFAULT><ISINVENTORYMOVEMENTJOURNALLINEGRIDDISPLAYINGDIMENSIONBYDEFAULT>No</ISINVENTORYMOVEMENTJOURNALLINEGRIDDISPLAYINGDIMENSIONBYDEFAULT><ISINVENTORYOWNERSHIPCHANGELINEGRIDDISPLAYINGDIMENSIONBYDEFAULT>No</ISINVENTORYOWNERSHIPCHANGELINEGRIDDISPLAYINGDIMENSIONBYDEFAULT><ISINVENTORYPROJECTCONSUMPTIONJOURNALGRIDDISPLAYINGDIMENSIONBYDEFAULT>No</ISINVENTORYPROJECTCONSUMPTIONJOURNALGRIDDISPLAYINGDIMENSIONBYDEFAULT><ISINVENTORYTRANSACTIONGRIDDISPLAYINGDIMENSIONBYDEFAULT>No</ISINVENTORYTRANSACTIONGRIDDISPLAYINGDIMENSIONBYDEFAULT><ISINVENTORYTRANSFERJOURNALLINEGRIDDISPLAYINGDIMENSIONBYDEFAULT>No</ISINVENTORYTRANSFERJOURNALLINEGRIDDISPLAYINGDIMENSIONBYDEFAULT><ISITEMARRIVALJOURNALLINEGRIDDISPLAYINGDIMENSIONBYDEFAULT>No</ISITEMARRIVALJOURNALLINEGRIDDISPLAYINGDIMENSIONBYDEFAULT><ISNONCONFORMANCEGRIDDISPLAYINGDIMENSIONBYDEFAULT>No</ISNONCONFORMANCEGRIDDISPLAYINGDIMENSIONBYDEFAULT><ISPRODUCTIONINPUTJOURNALLINEGRIDDISPLAYINGDIMENSIONBYDEFAULT>No</ISPRODUCTIONINPUTJOURNALLINEGRIDDISPLAYINGDIMENSIONBYDEFAULT><ISPRODUCTIONORDERGRIDDISPLAYINGDIMENSIONBYDEFAULT>No</ISPRODUCTIONORDERGRIDDISPLAYINGDIMENSIONBYDEFAULT><ISPRODUCTIONORDERLINEGRIDDISPLAYINGDIMENSIONBYDEFAULT>No</ISPRODUCTIONORDERLINEGRIDDISPLAYINGDIMENSIONBYDEFAULT><ISPRODUCTIONPICKINGLISTJOURNALLINEGRIDDISPLAYINGDIMENSIONBYDEFAULT>No</ISPRODUCTIONPICKINGLISTJOURNALLINEGRIDDISPLAYINGDIMENSIONBYDEFAULT><ISPRODUCTIONREPORTEDASFINISHEDJOURNALLINEGRIDDISPLAYINGDIMENSIONBYDEFAULT>No</ISPRODUCTIONREPORTEDASFINISHEDJOURNALLINEGRIDDISPLAYINGDIMENSIONBYDEFAULT><ISPROJECTQUOTATIONLINEGRIDDISPLAYINGDIMENSIONBYDEFAULT>No</ISPROJECTQUOTATIONLINEGRIDDISPLAYINGDIMENSIONBYDEFAULT><ISPURCHASEORDERLINEGRIDDISPLAYINGDIMENSIONBYDEFAULT>No</ISPURCHASEORDERLINEGRIDDISPLAYINGDIMENSIONBYDEFAULT><ISQUALITYORDERGRIDDISPLAYINGDIMENSIONBYDEFAULT>No</ISQUALITYORDERGRIDDISPLAYINGDIMENSIONBYDEFAULT><ISQUARANTINEORDERGRIDDISPLAYINGDIMENSIONBYDEFAULT>No</ISQUARANTINEORDERGRIDDISPLAYINGDIMENSIONBYDEFAULT><ISSALESORDERLINEGRIDDISPLAYINGDIMENSIONBYDEFAULT>No</ISSALESORDERLINEGRIDDISPLAYINGDIMENSIONBYDEFAULT><ISSALESQUOTATIONLINEGRIDDISPLAYINGDIMENSIONBYDEFAULT>No</ISSALESQUOTATIONLINEGRIDDISPLAYINGDIMENSIONBYDEFAULT><ISTRANSFERORDERLINEGRIDDISPLAYINGDIMENSIONBYDEFAULT>No</ISTRANSFERORDERLINEGRIDDISPLAYINGDIMENSIONBYDEFAULT><ISWAREHOUSEPICKINGLINEGRIDDISPLAYINGDIMENSIONBYDEFAULT>No</ISWAREHOUSEPICKINGLINEGRIDDISPLAYINGDIMENSIONBYDEFAULT></INVENTINVENTORYDIMENSIONSPARAMETERSENTITY><INVENTINVENTORYDIMENSIONSPARAMETERSENTITY><INVENTORYDIMENSIONNAME>InventLocationId</INVENTORYDIMENSIONNAME><ISBILLOFMATERIALSLINEGRIDDISPLAYINGDIMENSIONBYDEFAULT>No</ISBILLOFMATERIALSLINEGRIDDISPLAYINGDIMENSIONBYDEFAULT><ISCERTIFICATEOFANALYSISGRIDDISPLAYINGDIMENSIONBYDEFAULT>No</ISCERTIFICATEOFANALYSISGRIDDISPLAYINGDIMENSIONBYDEFAULT><ISCONSIGNMENTREPLENISHMENTORDERLINEGRIDDISPLAYINGDIMENSIONBYDEFAULT>No</ISCONSIGNMENTREPLENISHMENTORDERLINEGRIDDISPLAYINGDIMENSIONBYDEFAULT><ISINVENTORYADJUSTMENTJOURNALLINEGRIDDISPLAYINGDIMENSIONBYDEFAULT>No</ISINVENTORYADJUSTMENTJOURNALLINEGRIDDISPLAYINGDIMENSIONBYDEFAULT><ISINVENTORYBLOCKINGGRIDDISPLAYINGDIMENSIONBYDEFAULT>No</ISINVENTORYBLOCKINGGRIDDISPLAYINGDIMENSIONBYDEFAULT><ISINVENTORYCOUNTINGJOURNALLINEGRIDDISPLAYINGDIMENSIONBYDEFAULT>No</ISINVENTORYCOUNTINGJOURNALLINEGRIDDISPLAYINGDIMENSIONBYDEFAULT><ISINVENTORYFIXEDASSETTRANSFERJOURNALLINEGRIDDISPLAYINGDIMENSIONBYDEFAULT>No</ISINVENTORYFIXEDASSETTRANSFERJOURNALLINEGRIDDISPLAYINGDIMENSIONBYDEFAULT><ISINVENTORYMOVEMENTJOURNALLINEGRIDDISPLAYINGDIMENSIONBYDEFAULT>No</ISINVENTORYMOVEMENTJOURNALLINEGRIDDISPLAYINGDIMENSIONBYDEFAULT><ISINVENTORYOWNERSHIPCHANGELINEGRIDDISPLAYINGDIMENSIONBYDEFAULT>No</ISINVENTORYOWNERSHIPCHANGELINEGRIDDISPLAYINGDIMENSIONBYDEFAULT><ISINVENTORYPROJECTCONSUMPTIONJOURNALGRIDDISPLAYINGDIMENSIONBYDEFAULT>No</ISINVENTORYPROJECTCONSUMPTIONJOURNALGRIDDISPLAYINGDIMENSIONBYDEFAULT><ISINVENTORYTRANSACTIONGRIDDISPLAYINGDIMENSIONBYDEFAULT>No</ISINVENTORYTRANSACTIONGRIDDISPLAYINGDIMENSIONBYDEFAULT><ISINVENTORYTRANSFERJOURNALLINEGRIDDISPLAYINGDIMENSIONBYDEFAULT>No</ISINVENTORYTRANSFERJOURNALLINEGRIDDISPLAYINGDIMENSIONBYDEFAULT><ISITEMARRIVALJOURNALLINEGRIDDISPLAYINGDIMENSIONBYDEFAULT>No</ISITEMARRIVALJOURNALLINEGRIDDISPLAYINGDIMENSIONBYDEFAULT><ISNONCONFORMANCEGRIDDISPLAYINGDIMENSIONBYDEFAULT>No</ISNONCONFORMANCEGRIDDISPLAYINGDIMENSIONBYDEFAULT><ISPRODUCTIONINPUTJOURNALLINEGRIDDISPLAYINGDIMENSIONBYDEFAULT>No</ISPRODUCTIONINPUTJOURNALLINEGRIDDISPLAYINGDIMENSIONBYDEFAULT><ISPRODUCTIONORDERGRIDDISPLAYINGDIMENSIONBYDEFAULT>No</ISPRODUCTIONORDERGRIDDISPLAYINGDIMENSIONBYDEFAULT><ISPRODUCTIONORDERLINEGRIDDISPLAYINGDIMENSIONBYDEFAULT>No</ISPRODUCTIONORDERLINEGRIDDISPLAYINGDIMENSIONBYDEFAULT><ISPRODUCTIONPICKINGLISTJOURNALLINEGRIDDISPLAYINGDIMENSIONBYDEFAULT>No</ISPRODUCTIONPICKINGLISTJOURNALLINEGRIDDISPLAYINGDIMENSIONBYDEFAULT><ISPRODUCTIONREPORTEDASFINISHEDJOURNALLINEGRIDDISPLAYINGDIMENSIONBYDEFAULT>No</ISPRODUCTIONREPORTEDASFINISHEDJOURNALLINEGRIDDISPLAYINGDIMENSIONBYDEFAULT><ISPROJECTQUOTATIONLINEGRIDDISPLAYINGDIMENSIONBYDEFAULT>No</ISPROJECTQUOTATIONLINEGRIDDISPLAYINGDIMENSIONBYDEFAULT><ISPURCHASEORDERLINEGRIDDISPLAYINGDIMENSIONBYDEFAULT>No</ISPURCHASEORDERLINEGRIDDISPLAYINGDIMENSIONBYDEFAULT><ISQUALITYORDERGRIDDISPLAYINGDIMENSIONBYDEFAULT>No</ISQUALITYORDERGRIDDISPLAYINGDIMENSIONBYDEFAULT><ISQUARANTINEORDERGRIDDISPLAYINGDIMENSIONBYDEFAULT>No</ISQUARANTINEORDERGRIDDISPLAYINGDIMENSIONBYDEFAULT><ISSALESORDERLINEGRIDDISPLAYINGDIMENSIONBYDEFAULT>No</ISSALESORDERLINEGRIDDISPLAYINGDIMENSIONBYDEFAULT><ISSALESQUOTATIONLINEGRIDDISPLAYINGDIMENSIONBYDEFAULT>No</ISSALESQUOTATIONLINEGRIDDISPLAYINGDIMENSIONBYDEFAULT><ISTRANSFERORDERLINEGRIDDISPLAYINGDIMENSIONBYDEFAULT>No</ISTRANSFERORDERLINEGRIDDISPLAYINGDIMENSIONBYDEFAULT><ISWAREHOUSEPICKINGLINEGRIDDISPLAYINGDIMENSIONBYDEFAULT>No</ISWAREHOUSEPICKINGLINEGRIDDISPLAYINGDIMENSIONBYDEFAULT></INVENTINVENTORYDIMENSIONSPARAMETERSENTITY><INVENTINVENTORYDIMENSIONSPARAMETERSENTITY><INVENTORYDIMENSIONNAME>InventOwnerId_RU</INVENTORYDIMENSIONNAME><ISBILLOFMATERIALSLINEGRIDDISPLAYINGDIMENSIONBYDEFAULT>No</ISBILLOFMATERIALSLINEGRIDDISPLAYINGDIMENSIONBYDEFAULT><ISCERTIFICATEOFANALYSISGRIDDISPLAYINGDIMENSIONBYDEFAULT>No</ISCERTIFICATEOFANALYSISGRIDDISPLAYINGDIMENSIONBYDEFAULT><ISCONSIGNMENTREPLENISHMENTORDERLINEGRIDDISPLAYINGDIMENSIONBYDEFAULT>No</ISCONSIGNMENTREPLENISHMENTORDERLINEGRIDDISPLAYINGDIMENSIONBYDEFAULT><ISINVENTORYADJUSTMENTJOURNALLINEGRIDDISPLAYINGDIMENSIONBYDEFAULT>No</ISINVENTORYADJUSTMENTJOURNALLINEGRIDDISPLAYINGDIMENSIONBYDEFAULT><ISINVENTORYBLOCKINGGRIDDISPLAYINGDIMENSIONBYDEFAULT>No</ISINVENTORYBLOCKINGGRIDDISPLAYINGDIMENSIONBYDEFAULT><ISINVENTORYCOUNTINGJOURNALLINEGRIDDISPLAYINGDIMENSIONBYDEFAULT>No</ISINVENTORYCOUNTINGJOURNALLINEGRIDDISPLAYINGDIMENSIONBYDEFAULT><ISINVENTORYFIXEDASSETTRANSFERJOURNALLINEGRIDDISPLAYINGDIMENSIONBYDEFAULT>No</ISINVENTORYFIXEDASSETTRANSFERJOURNALLINEGRIDDISPLAYINGDIMENSIONBYDEFAULT><ISINVENTORYMOVEMENTJOURNALLINEGRIDDISPLAYINGDIMENSIONBYDEFAULT>No</ISINVENTORYMOVEMENTJOURNALLINEGRIDDISPLAYINGDIMENSIONBYDEFAULT><ISINVENTORYOWNERSHIPCHANGELINEGRIDDISPLAYINGDIMENSIONBYDEFAULT>No</ISINVENTORYOWNERSHIPCHANGELINEGRIDDISPLAYINGDIMENSIONBYDEFAULT><ISINVENTORYPROJECTCONSUMPTIONJOURNALGRIDDISPLAYINGDIMENSIONBYDEFAULT>No</ISINVENTORYPROJECTCONSUMPTIONJOURNALGRIDDISPLAYINGDIMENSIONBYDEFAULT><ISINVENTORYTRANSACTIONGRIDDISPLAYINGDIMENSIONBYDEFAULT>No</ISINVENTORYTRANSACTIONGRIDDISPLAYINGDIMENSIONBYDEFAULT><ISINVENTORYTRANSFERJOURNALLINEGRIDDISPLAYINGDIMENSIONBYDEFAULT>No</ISINVENTORYTRANSFERJOURNALLINEGRIDDISPLAYINGDIMENSIONBYDEFAULT><ISITEMARRIVALJOURNALLINEGRIDDISPLAYINGDIMENSIONBYDEFAULT>No</ISITEMARRIVALJOURNALLINEGRIDDISPLAYINGDIMENSIONBYDEFAULT><ISNONCONFORMANCEGRIDDISPLAYINGDIMENSIONBYDEFAULT>No</ISNONCONFORMANCEGRIDDISPLAYINGDIMENSIONBYDEFAULT><ISPRODUCTIONINPUTJOURNALLINEGRIDDISPLAYINGDIMENSIONBYDEFAULT>No</ISPRODUCTIONINPUTJOURNALLINEGRIDDISPLAYINGDIMENSIONBYDEFAULT><ISPRODUCTIONORDERGRIDDISPLAYINGDIMENSIONBYDEFAULT>No</ISPRODUCTIONORDERGRIDDISPLAYINGDIMENSIONBYDEFAULT><ISPRODUCTIONORDERLINEGRIDDISPLAYINGDIMENSIONBYDEFAULT>No</ISPRODUCTIONORDERLINEGRIDDISPLAYINGDIMENSIONBYDEFAULT><ISPRODUCTIONPICKINGLISTJOURNALLINEGRIDDISPLAYINGDIMENSIONBYDEFAULT>No</ISPRODUCTIONPICKINGLISTJOURNALLINEGRIDDISPLAYINGDIMENSIONBYDEFAULT><ISPRODUCTIONREPORTEDASFINISHEDJOURNALLINEGRIDDISPLAYINGDIMENSIONBYDEFAULT>No</ISPRODUCTIONREPORTEDASFINISHEDJOURNALLINEGRIDDISPLAYINGDIMENSIONBYDEFAULT><ISPROJECTQUOTATIONLINEGRIDDISPLAYINGDIMENSIONBYDEFAULT>No</ISPROJECTQUOTATIONLINEGRIDDISPLAYINGDIMENSIONBYDEFAULT><ISPURCHASEORDERLINEGRIDDISPLAYINGDIMENSIONBYDEFAULT>No</ISPURCHASEORDERLINEGRIDDISPLAYINGDIMENSIONBYDEFAULT><ISQUALITYORDERGRIDDISPLAYINGDIMENSIONBYDEFAULT>No</ISQUALITYORDERGRIDDISPLAYINGDIMENSIONBYDEFAULT><ISQUARANTINEORDERGRIDDISPLAYINGDIMENSIONBYDEFAULT>No</ISQUARANTINEORDERGRIDDISPLAYINGDIMENSIONBYDEFAULT><ISSALESORDERLINEGRIDDISPLAYINGDIMENSIONBYDEFAULT>No</ISSALESORDERLINEGRIDDISPLAYINGDIMENSIONBYDEFAULT><ISSALESQUOTATIONLINEGRIDDISPLAYINGDIMENSIONBYDEFAULT>No</ISSALESQUOTATIONLINEGRIDDISPLAYINGDIMENSIONBYDEFAULT><ISTRANSFERORDERLINEGRIDDISPLAYINGDIMENSIONBYDEFAULT>No</ISTRANSFERORDERLINEGRIDDISPLAYINGDIMENSIONBYDEFAULT><ISWAREHOUSEPICKINGLINEGRIDDISPLAYINGDIMENSIONBYDEFAULT>No</ISWAREHOUSEPICKINGLINEGRIDDISPLAYINGDIMENSIONBYDEFAULT></INVENTINVENTORYDIMENSIONSPARAMETERSENTITY><INVENTINVENTORYDIMENSIONSPARAMETERSENTITY><INVENTORYDIMENSIONNAME>InventProfileId_RU</INVENTORYDIMENSIONNAME><ISBILLOFMATERIALSLINEGRIDDISPLAYINGDIMENSIONBYDEFAULT>No</ISBILLOFMATERIALSLINEGRIDDISPLAYINGDIMENSIONBYDEFAULT><ISCERTIFICATEOFANALYSISGRIDDISPLAYINGDIMENSIONBYDEFAULT>No</ISCERTIFICATEOFANALYSISGRIDDISPLAYINGDIMENSIONBYDEFAULT><ISCONSIGNMENTREPLENISHMENTORDERLINEGRIDDISPLAYINGDIMENSIONBYDEFAULT>No</ISCONSIGNMENTREPLENISHMENTORDERLINEGRIDDISPLAYINGDIMENSIONBYDEFAULT><ISINVENTORYADJUSTMENTJOURNALLINEGRIDDISPLAYINGDIMENSIONBYDEFAULT>No</ISINVENTORYADJUSTMENTJOURNALLINEGRIDDISPLAYINGDIMENSIONBYDEFAULT><ISINVENTORYBLOCKINGGRIDDISPLAYINGDIMENSIONBYDEFAULT>No</ISINVENTORYBLOCKINGGRIDDISPLAYINGDIMENSIONBYDEFAULT><ISINVENTORYCOUNTINGJOURNALLINEGRIDDISPLAYINGDIMENSIONBYDEFAULT>No</ISINVENTORYCOUNTINGJOURNALLINEGRIDDISPLAYINGDIMENSIONBYDEFAULT><ISINVENTORYFIXEDASSETTRANSFERJOURNALLINEGRIDDISPLAYINGDIMENSIONBYDEFAULT>No</ISINVENTORYFIXEDASSETTRANSFERJOURNALLINEGRIDDISPLAYINGDIMENSIONBYDEFAULT><ISINVENTORYMOVEMENTJOURNALLINEGRIDDISPLAYINGDIMENSIONBYDEFAULT>No</ISINVENTORYMOVEMENTJOURNALLINEGRIDDISPLAYINGDIMENSIONBYDEFAULT><ISINVENTORYOWNERSHIPCHANGELINEGRIDDISPLAYINGDIMENSIONBYDEFAULT>No</ISINVENTORYOWNERSHIPCHANGELINEGRIDDISPLAYINGDIMENSIONBYDEFAULT><ISINVENTORYPROJECTCONSUMPTIONJOURNALGRIDDISPLAYINGDIMENSIONBYDEFAULT>No</ISINVENTORYPROJECTCONSUMPTIONJOURNALGRIDDISPLAYINGDIMENSIONBYDEFAULT><ISINVENTORYTRANSACTIONGRIDDISPLAYINGDIMENSIONBYDEFAULT>No</ISINVENTORYTRANSACTIONGRIDDISPLAYINGDIMENSIONBYDEFAULT><ISINVENTORYTRANSFERJOURNALLINEGRIDDISPLAYINGDIMENSIONBYDEFAULT>No</ISINVENTORYTRANSFERJOURNALLINEGRIDDISPLAYINGDIMENSIONBYDEFAULT><ISITEMARRIVALJOURNALLINEGRIDDISPLAYINGDIMENSIONBYDEFAULT>No</ISITEMARRIVALJOURNALLINEGRIDDISPLAYINGDIMENSIONBYDEFAULT><ISNONCONFORMANCEGRIDDISPLAYINGDIMENSIONBYDEFAULT>No</ISNONCONFORMANCEGRIDDISPLAYINGDIMENSIONBYDEFAULT><ISPRODUCTIONINPUTJOURNALLINEGRIDDISPLAYINGDIMENSIONBYDEFAULT>No</ISPRODUCTIONINPUTJOURNALLINEGRIDDISPLAYINGDIMENSIONBYDEFAULT><ISPRODUCTIONORDERGRIDDISPLAYINGDIMENSIONBYDEFAULT>No</ISPRODUCTIONORDERGRIDDISPLAYINGDIMENSIONBYDEFAULT><ISPRODUCTIONORDERLINEGRIDDISPLAYINGDIMENSIONBYDEFAULT>No</ISPRODUCTIONORDERLINEGRIDDISPLAYINGDIMENSIONBYDEFAULT><ISPRODUCTIONPICKINGLISTJOURNALLINEGRIDDISPLAYINGDIMENSIONBYDEFAULT>No</ISPRODUCTIONPICKINGLISTJOURNALLINEGRIDDISPLAYINGDIMENSIONBYDEFAULT><ISPRODUCTIONREPORTEDASFINISHEDJOURNALLINEGRIDDISPLAYINGDIMENSIONBYDEFAULT>No</ISPRODUCTIONREPORTEDASFINISHEDJOURNALLINEGRIDDISPLAYINGDIMENSIONBYDEFAULT><ISPROJECTQUOTATIONLINEGRIDDISPLAYINGDIMENSIONBYDEFAULT>No</ISPROJECTQUOTATIONLINEGRIDDISPLAYINGDIMENSIONBYDEFAULT><ISPURCHASEORDERLINEGRIDDISPLAYINGDIMENSIONBYDEFAULT>No</ISPURCHASEORDERLINEGRIDDISPLAYINGDIMENSIONBYDEFAULT><ISQUALITYORDERGRIDDISPLAYINGDIMENSIONBYDEFAULT>No</ISQUALITYORDERGRIDDISPLAYINGDIMENSIONBYDEFAULT><ISQUARANTINEORDERGRIDDISPLAYINGDIMENSIONBYDEFAULT>No</ISQUARANTINEORDERGRIDDISPLAYINGDIMENSIONBYDEFAULT><ISSALESORDERLINEGRIDDISPLAYINGDIMENSIONBYDEFAULT>No</ISSALESORDERLINEGRIDDISPLAYINGDIMENSIONBYDEFAULT><ISSALESQUOTATIONLINEGRIDDISPLAYINGDIMENSIONBYDEFAULT>No</ISSALESQUOTATIONLINEGRIDDISPLAYINGDIMENSIONBYDEFAULT><ISTRANSFERORDERLINEGRIDDISPLAYINGDIMENSIONBYDEFAULT>No</ISTRANSFERORDERLINEGRIDDISPLAYINGDIMENSIONBYDEFAULT><ISWAREHOUSEPICKINGLINEGRIDDISPLAYINGDIMENSIONBYDEFAULT>No</ISWAREHOUSEPICKINGLINEGRIDDISPLAYINGDIMENSIONBYDEFAULT></INVENTINVENTORYDIMENSIONSPARAMETERSENTITY><INVENTINVENTORYDIMENSIONSPARAMETERSENTITY><INVENTORYDIMENSIONNAME>inventSerialId</INVENTORYDIMENSIONNAME><ISBILLOFMATERIALSLINEGRIDDISPLAYINGDIMENSIONBYDEFAULT>No</ISBILLOFMATERIALSLINEGRIDDISPLAYINGDIMENSIONBYDEFAULT><ISCERTIFICATEOFANALYSISGRIDDISPLAYINGDIMENSIONBYDEFAULT>No</ISCERTIFICATEOFANALYSISGRIDDISPLAYINGDIMENSIONBYDEFAULT><ISCONSIGNMENTREPLENISHMENTORDERLINEGRIDDISPLAYINGDIMENSIONBYDEFAULT>No</ISCONSIGNMENTREPLENISHMENTORDERLINEGRIDDISPLAYINGDIMENSIONBYDEFAULT><ISINVENTORYADJUSTMENTJOURNALLINEGRIDDISPLAYINGDIMENSIONBYDEFAULT>No</ISINVENTORYADJUSTMENTJOURNALLINEGRIDDISPLAYINGDIMENSIONBYDEFAULT><ISINVENTORYBLOCKINGGRIDDISPLAYINGDIMENSIONBYDEFAULT>No</ISINVENTORYBLOCKINGGRIDDISPLAYINGDIMENSIONBYDEFAULT><ISINVENTORYCOUNTINGJOURNALLINEGRIDDISPLAYINGDIMENSIONBYDEFAULT>No</ISINVENTORYCOUNTINGJOURNALLINEGRIDDISPLAYINGDIMENSIONBYDEFAULT><ISINVENTORYFIXEDASSETTRANSFERJOURNALLINEGRIDDISPLAYINGDIMENSIONBYDEFAULT>No</ISINVENTORYFIXEDASSETTRANSFERJOURNALLINEGRIDDISPLAYINGDIMENSIONBYDEFAULT><ISINVENTORYMOVEMENTJOURNALLINEGRIDDISPLAYINGDIMENSIONBYDEFAULT>No</ISINVENTORYMOVEMENTJOURNALLINEGRIDDISPLAYINGDIMENSIONBYDEFAULT><ISINVENTORYOWNERSHIPCHANGELINEGRIDDISPLAYINGDIMENSIONBYDEFAULT>No</ISINVENTORYOWNERSHIPCHANGELINEGRIDDISPLAYINGDIMENSIONBYDEFAULT><ISINVENTORYPROJECTCONSUMPTIONJOURNALGRIDDISPLAYINGDIMENSIONBYDEFAULT>No</ISINVENTORYPROJECTCONSUMPTIONJOURNALGRIDDISPLAYINGDIMENSIONBYDEFAULT><ISINVENTORYTRANSACTIONGRIDDISPLAYINGDIMENSIONBYDEFAULT>No</ISINVENTORYTRANSACTIONGRIDDISPLAYINGDIMENSIONBYDEFAULT><ISINVENTORYTRANSFERJOURNALLINEGRIDDISPLAYINGDIMENSIONBYDEFAULT>No</ISINVENTORYTRANSFERJOURNALLINEGRIDDISPLAYINGDIMENSIONBYDEFAULT><ISITEMARRIVALJOURNALLINEGRIDDISPLAYINGDIMENSIONBYDEFAULT>No</ISITEMARRIVALJOURNALLINEGRIDDISPLAYINGDIMENSIONBYDEFAULT><ISNONCONFORMANCEGRIDDISPLAYINGDIMENSIONBYDEFAULT>No</ISNONCONFORMANCEGRIDDISPLAYINGDIMENSIONBYDEFAULT><ISPRODUCTIONINPUTJOURNALLINEGRIDDISPLAYINGDIMENSIONBYDEFAULT>No</ISPRODUCTIONINPUTJOURNALLINEGRIDDISPLAYINGDIMENSIONBYDEFAULT><ISPRODUCTIONORDERGRIDDISPLAYINGDIMENSIONBYDEFAULT>No</ISPRODUCTIONORDERGRIDDISPLAYINGDIMENSIONBYDEFAULT><ISPRODUCTIONORDERLINEGRIDDISPLAYINGDIMENSIONBYDEFAULT>No</ISPRODUCTIONORDERLINEGRIDDISPLAYINGDIMENSIONBYDEFAULT><ISPRODUCTIONPICKINGLISTJOURNALLINEGRIDDISPLAYINGDIMENSIONBYDEFAULT>No</ISPRODUCTIONPICKINGLISTJOURNALLINEGRIDDISPLAYINGDIMENSIONBYDEFAULT><ISPRODUCTIONREPORTEDASFINISHEDJOURNALLINEGRIDDISPLAYINGDIMENSIONBYDEFAULT>No</ISPRODUCTIONREPORTEDASFINISHEDJOURNALLINEGRIDDISPLAYINGDIMENSIONBYDEFAULT><ISPROJECTQUOTATIONLINEGRIDDISPLAYINGDIMENSIONBYDEFAULT>No</ISPROJECTQUOTATIONLINEGRIDDISPLAYINGDIMENSIONBYDEFAULT><ISPURCHASEORDERLINEGRIDDISPLAYINGDIMENSIONBYDEFAULT>No</ISPURCHASEORDERLINEGRIDDISPLAYINGDIMENSIONBYDEFAULT><ISQUALITYORDERGRIDDISPLAYINGDIMENSIONBYDEFAULT>No</ISQUALITYORDERGRIDDISPLAYINGDIMENSIONBYDEFAULT><ISQUARANTINEORDERGRIDDISPLAYINGDIMENSIONBYDEFAULT>No</ISQUARANTINEORDERGRIDDISPLAYINGDIMENSIONBYDEFAULT><ISSALESORDERLINEGRIDDISPLAYINGDIMENSIONBYDEFAULT>No</ISSALESORDERLINEGRIDDISPLAYINGDIMENSIONBYDEFAULT><ISSALESQUOTATIONLINEGRIDDISPLAYINGDIMENSIONBYDEFAULT>No</ISSALESQUOTATIONLINEGRIDDISPLAYINGDIMENSIONBYDEFAULT><ISTRANSFERORDERLINEGRIDDISPLAYINGDIMENSIONBYDEFAULT>No</ISTRANSFERORDERLINEGRIDDISPLAYINGDIMENSIONBYDEFAULT><ISWAREHOUSEPICKINGLINEGRIDDISPLAYINGDIMENSIONBYDEFAULT>No</ISWAREHOUSEPICKINGLINEGRIDDISPLAYINGDIMENSIONBYDEFAULT></INVENTINVENTORYDIMENSIONSPARAMETERSENTITY><INVENTINVENTORYDIMENSIONSPARAMETERSENTITY><INVENTORYDIMENSIONNAME>InventSiteId</INVENTORYDIMENSIONNAME><ISBILLOFMATERIALSLINEGRIDDISPLAYINGDIMENSIONBYDEFAULT>No</ISBILLOFMATERIALSLINEGRIDDISPLAYINGDIMENSIONBYDEFAULT><ISCERTIFICATEOFANALYSISGRIDDISPLAYINGDIMENSIONBYDEFAULT>No</ISCERTIFICATEOFANALYSISGRIDDISPLAYINGDIMENSIONBYDEFAULT><ISCONSIGNMENTREPLENISHMENTORDERLINEGRIDDISPLAYINGDIMENSIONBYDEFAULT>No</ISCONSIGNMENTREPLENISHMENTORDERLINEGRIDDISPLAYINGDIMENSIONBYDEFAULT><ISINVENTORYADJUSTMENTJOURNALLINEGRIDDISPLAYINGDIMENSIONBYDEFAULT>No</ISINVENTORYADJUSTMENTJOURNALLINEGRIDDISPLAYINGDIMENSIONBYDEFAULT><ISINVENTORYBLOCKINGGRIDDISPLAYINGDIMENSIONBYDEFAULT>No</ISINVENTORYBLOCKINGGRIDDISPLAYINGDIMENSIONBYDEFAULT><ISINVENTORYCOUNTINGJOURNALLINEGRIDDISPLAYINGDIMENSIONBYDEFAULT>No</ISINVENTORYCOUNTINGJOURNALLINEGRIDDISPLAYINGDIMENSIONBYDEFAULT><ISINVENTORYFIXEDASSETTRANSFERJOURNALLINEGRIDDISPLAYINGDIMENSIONBYDEFAULT>No</ISINVENTORYFIXEDASSETTRANSFERJOURNALLINEGRIDDISPLAYINGDIMENSIONBYDEFAULT><ISINVENTORYMOVEMENTJOURNALLINEGRIDDISPLAYINGDIMENSIONBYDEFAULT>No</ISINVENTORYMOVEMENTJOURNALLINEGRIDDISPLAYINGDIMENSIONBYDEFAULT><ISINVENTORYOWNERSHIPCHANGELINEGRIDDISPLAYINGDIMENSIONBYDEFAULT>No</ISINVENTORYOWNERSHIPCHANGELINEGRIDDISPLAYINGDIMENSIONBYDEFAULT><ISINVENTORYPROJECTCONSUMPTIONJOURNALGRIDDISPLAYINGDIMENSIONBYDEFAULT>No</ISINVENTORYPROJECTCONSUMPTIONJOURNALGRIDDISPLAYINGDIMENSIONBYDEFAULT><ISINVENTORYTRANSACTIONGRIDDISPLAYINGDIMENSIONBYDEFAULT>No</ISINVENTORYTRANSACTIONGRIDDISPLAYINGDIMENSIONBYDEFAULT><ISINVENTORYTRANSFERJOURNALLINEGRIDDISPLAYINGDIMENSIONBYDEFAULT>No</ISINVENTORYTRANSFERJOURNALLINEGRIDDISPLAYINGDIMENSIONBYDEFAULT><ISITEMARRIVALJOURNALLINEGRIDDISPLAYINGDIMENSIONBYDEFAULT>No</ISITEMARRIVALJOURNALLINEGRIDDISPLAYINGDIMENSIONBYDEFAULT><ISNONCONFORMANCEGRIDDISPLAYINGDIMENSIONBYDEFAULT>No</ISNONCONFORMANCEGRIDDISPLAYINGDIMENSIONBYDEFAULT><ISPRODUCTIONINPUTJOURNALLINEGRIDDISPLAYINGDIMENSIONBYDEFAULT>No</ISPRODUCTIONINPUTJOURNALLINEGRIDDISPLAYINGDIMENSIONBYDEFAULT><ISPRODUCTIONORDERGRIDDISPLAYINGDIMENSIONBYDEFAULT>No</ISPRODUCTIONORDERGRIDDISPLAYINGDIMENSIONBYDEFAULT><ISPRODUCTIONORDERLINEGRIDDISPLAYINGDIMENSIONBYDEFAULT>No</ISPRODUCTIONORDERLINEGRIDDISPLAYINGDIMENSIONBYDEFAULT><ISPRODUCTIONPICKINGLISTJOURNALLINEGRIDDISPLAYINGDIMENSIONBYDEFAULT>No</ISPRODUCTIONPICKINGLISTJOURNALLINEGRIDDISPLAYINGDIMENSIONBYDEFAULT><ISPRODUCTIONREPORTEDASFINISHEDJOURNALLINEGRIDDISPLAYINGDIMENSIONBYDEFAULT>No</ISPRODUCTIONREPORTEDASFINISHEDJOURNALLINEGRIDDISPLAYINGDIMENSIONBYDEFAULT><ISPROJECTQUOTATIONLINEGRIDDISPLAYINGDIMENSIONBYDEFAULT>No</ISPROJECTQUOTATIONLINEGRIDDISPLAYINGDIMENSIONBYDEFAULT><ISPURCHASEORDERLINEGRIDDISPLAYINGDIMENSIONBYDEFAULT>No</ISPURCHASEORDERLINEGRIDDISPLAYINGDIMENSIONBYDEFAULT><ISQUALITYORDERGRIDDISPLAYINGDIMENSIONBYDEFAULT>No</ISQUALITYORDERGRIDDISPLAYINGDIMENSIONBYDEFAULT><ISQUARANTINEORDERGRIDDISPLAYINGDIMENSIONBYDEFAULT>No</ISQUARANTINEORDERGRIDDISPLAYINGDIMENSIONBYDEFAULT><ISSALESORDERLINEGRIDDISPLAYINGDIMENSIONBYDEFAULT>No</ISSALESORDERLINEGRIDDISPLAYINGDIMENSIONBYDEFAULT><ISSALESQUOTATIONLINEGRIDDISPLAYINGDIMENSIONBYDEFAULT>No</ISSALESQUOTATIONLINEGRIDDISPLAYINGDIMENSIONBYDEFAULT><ISTRANSFERORDERLINEGRIDDISPLAYINGDIMENSIONBYDEFAULT>No</ISTRANSFERORDERLINEGRIDDISPLAYINGDIMENSIONBYDEFAULT><ISWAREHOUSEPICKINGLINEGRIDDISPLAYINGDIMENSIONBYDEFAULT>No</ISWAREHOUSEPICKINGLINEGRIDDISPLAYINGDIMENSIONBYDEFAULT></INVENTINVENTORYDIMENSIONSPARAMETERSENTITY><INVENTINVENTORYDIMENSIONSPARAMETERSENTITY><INVENTORYDIMENSIONNAME>InventSizeId</INVENTORYDIMENSIONNAME><ISBILLOFMATERIALSLINEGRIDDISPLAYINGDIMENSIONBYDEFAULT>No</ISBILLOFMATERIALSLINEGRIDDISPLAYINGDIMENSIONBYDEFAULT><ISCERTIFICATEOFANALYSISGRIDDISPLAYINGDIMENSIONBYDEFAULT>No</ISCERTIFICATEOFANALYSISGRIDDISPLAYINGDIMENSIONBYDEFAULT><ISCONSIGNMENTREPLENISHMENTORDERLINEGRIDDISPLAYINGDIMENSIONBYDEFAULT>No</ISCONSIGNMENTREPLENISHMENTORDERLINEGRIDDISPLAYINGDIMENSIONBYDEFAULT><ISINVENTORYADJUSTMENTJOURNALLINEGRIDDISPLAYINGDIMENSIONBYDEFAULT>No</ISINVENTORYADJUSTMENTJOURNALLINEGRIDDISPLAYINGDIMENSIONBYDEFAULT><ISINVENTORYBLOCKINGGRIDDISPLAYINGDIMENSIONBYDEFAULT>No</ISINVENTORYBLOCKINGGRIDDISPLAYINGDIMENSIONBYDEFAULT><ISINVENTORYCOUNTINGJOURNALLINEGRIDDISPLAYINGDIMENSIONBYDEFAULT>No</ISINVENTORYCOUNTINGJOURNALLINEGRIDDISPLAYINGDIMENSIONBYDEFAULT><ISINVENTORYFIXEDASSETTRANSFERJOURNALLINEGRIDDISPLAYINGDIMENSIONBYDEFAULT>No</ISINVENTORYFIXEDASSETTRANSFERJOURNALLINEGRIDDISPLAYINGDIMENSIONBYDEFAULT><ISINVENTORYMOVEMENTJOURNALLINEGRIDDISPLAYINGDIMENSIONBYDEFAULT>No</ISINVENTORYMOVEMENTJOURNALLINEGRIDDISPLAYINGDIMENSIONBYDEFAULT><ISINVENTORYOWNERSHIPCHANGELINEGRIDDISPLAYINGDIMENSIONBYDEFAULT>No</ISINVENTORYOWNERSHIPCHANGELINEGRIDDISPLAYINGDIMENSIONBYDEFAULT><ISINVENTORYPROJECTCONSUMPTIONJOURNALGRIDDISPLAYINGDIMENSIONBYDEFAULT>No</ISINVENTORYPROJECTCONSUMPTIONJOURNALGRIDDISPLAYINGDIMENSIONBYDEFAULT><ISINVENTORYTRANSACTIONGRIDDISPLAYINGDIMENSIONBYDEFAULT>No</ISINVENTORYTRANSACTIONGRIDDISPLAYINGDIMENSIONBYDEFAULT><ISINVENTORYTRANSFERJOURNALLINEGRIDDISPLAYINGDIMENSIONBYDEFAULT>No</ISINVENTORYTRANSFERJOURNALLINEGRIDDISPLAYINGDIMENSIONBYDEFAULT><ISITEMARRIVALJOURNALLINEGRIDDISPLAYINGDIMENSIONBYDEFAULT>No</ISITEMARRIVALJOURNALLINEGRIDDISPLAYINGDIMENSIONBYDEFAULT><ISNONCONFORMANCEGRIDDISPLAYINGDIMENSIONBYDEFAULT>No</ISNONCONFORMANCEGRIDDISPLAYINGDIMENSIONBYDEFAULT><ISPRODUCTIONINPUTJOURNALLINEGRIDDISPLAYINGDIMENSIONBYDEFAULT>No</ISPRODUCTIONINPUTJOURNALLINEGRIDDISPLAYINGDIMENSIONBYDEFAULT><ISPRODUCTIONORDERGRIDDISPLAYINGDIMENSIONBYDEFAULT>No</ISPRODUCTIONORDERGRIDDISPLAYINGDIMENSIONBYDEFAULT><ISPRODUCTIONORDERLINEGRIDDISPLAYINGDIMENSIONBYDEFAULT>No</ISPRODUCTIONORDERLINEGRIDDISPLAYINGDIMENSIONBYDEFAULT><ISPRODUCTIONPICKINGLISTJOURNALLINEGRIDDISPLAYINGDIMENSIONBYDEFAULT>No</ISPRODUCTIONPICKINGLISTJOURNALLINEGRIDDISPLAYINGDIMENSIONBYDEFAULT><ISPRODUCTIONREPORTEDASFINISHEDJOURNALLINEGRIDDISPLAYINGDIMENSIONBYDEFAULT>No</ISPRODUCTIONREPORTEDASFINISHEDJOURNALLINEGRIDDISPLAYINGDIMENSIONBYDEFAULT><ISPROJECTQUOTATIONLINEGRIDDISPLAYINGDIMENSIONBYDEFAULT>No</ISPROJECTQUOTATIONLINEGRIDDISPLAYINGDIMENSIONBYDEFAULT><ISPURCHASEORDERLINEGRIDDISPLAYINGDIMENSIONBYDEFAULT>No</ISPURCHASEORDERLINEGRIDDISPLAYINGDIMENSIONBYDEFAULT><ISQUALITYORDERGRIDDISPLAYINGDIMENSIONBYDEFAULT>No</ISQUALITYORDERGRIDDISPLAYINGDIMENSIONBYDEFAULT><ISQUARANTINEORDERGRIDDISPLAYINGDIMENSIONBYDEFAULT>No</ISQUARANTINEORDERGRIDDISPLAYINGDIMENSIONBYDEFAULT><ISSALESORDERLINEGRIDDISPLAYINGDIMENSIONBYDEFAULT>No</ISSALESORDERLINEGRIDDISPLAYINGDIMENSIONBYDEFAULT><ISSALESQUOTATIONLINEGRIDDISPLAYINGDIMENSIONBYDEFAULT>No</ISSALESQUOTATIONLINEGRIDDISPLAYINGDIMENSIONBYDEFAULT><ISTRANSFERORDERLINEGRIDDISPLAYINGDIMENSIONBYDEFAULT>No</ISTRANSFERORDERLINEGRIDDISPLAYINGDIMENSIONBYDEFAULT><ISWAREHOUSEPICKINGLINEGRIDDISPLAYINGDIMENSIONBYDEFAULT>No</ISWAREHOUSEPICKINGLINEGRIDDISPLAYINGDIMENSIONBYDEFAULT></INVENTINVENTORYDIMENSIONSPARAMETERSENTITY><INVENTINVENTORYDIMENSIONSPARAMETERSENTITY><INVENTORYDIMENSIONNAME>InventStatusId</INVENTORYDIMENSIONNAME><ISBILLOFMATERIALSLINEGRIDDISPLAYINGDIMENSIONBYDEFAULT>No</ISBILLOFMATERIALSLINEGRIDDISPLAYINGDIMENSIONBYDEFAULT><ISCERTIFICATEOFANALYSISGRIDDISPLAYINGDIMENSIONBYDEFAULT>No</ISCERTIFICATEOFANALYSISGRIDDISPLAYINGDIMENSIONBYDEFAULT><ISCONSIGNMENTREPLENISHMENTORDERLINEGRIDDISPLAYINGDIMENSIONBYDEFAULT>No</ISCONSIGNMENTREPLENISHMENTORDERLINEGRIDDISPLAYINGDIMENSIONBYDEFAULT><ISINVENTORYADJUSTMENTJOURNALLINEGRIDDISPLAYINGDIMENSIONBYDEFAULT>No</ISINVENTORYADJUSTMENTJOURNALLINEGRIDDISPLAYINGDIMENSIONBYDEFAULT><ISINVENTORYBLOCKINGGRIDDISPLAYINGDIMENSIONBYDEFAULT>No</ISINVENTORYBLOCKINGGRIDDISPLAYINGDIMENSIONBYDEFAULT><ISINVENTORYCOUNTINGJOURNALLINEGRIDDISPLAYINGDIMENSIONBYDEFAULT>No</ISINVENTORYCOUNTINGJOURNALLINEGRIDDISPLAYINGDIMENSIONBYDEFAULT><ISINVENTORYFIXEDASSETTRANSFERJOURNALLINEGRIDDISPLAYINGDIMENSIONBYDEFAULT>No</ISINVENTORYFIXEDASSETTRANSFERJOURNALLINEGRIDDISPLAYINGDIMENSIONBYDEFAULT><ISINVENTORYMOVEMENTJOURNALLINEGRIDDISPLAYINGDIMENSIONBYDEFAULT>No</ISINVENTORYMOVEMENTJOURNALLINEGRIDDISPLAYINGDIMENSIONBYDEFAULT><ISINVENTORYOWNERSHIPCHANGELINEGRIDDISPLAYINGDIMENSIONBYDEFAULT>No</ISINVENTORYOWNERSHIPCHANGELINEGRIDDISPLAYINGDIMENSIONBYDEFAULT><ISINVENTORYPROJECTCONSUMPTIONJOURNALGRIDDISPLAYINGDIMENSIONBYDEFAULT>No</ISINVENTORYPROJECTCONSUMPTIONJOURNALGRIDDISPLAYINGDIMENSIONBYDEFAULT><ISINVENTORYTRANSACTIONGRIDDISPLAYINGDIMENSIONBYDEFAULT>No</ISINVENTORYTRANSACTIONGRIDDISPLAYINGDIMENSIONBYDEFAULT><ISINVENTORYTRANSFERJOURNALLINEGRIDDISPLAYINGDIMENSIONBYDEFAULT>No</ISINVENTORYTRANSFERJOURNALLINEGRIDDISPLAYINGDIMENSIONBYDEFAULT><ISITEMARRIVALJOURNALLINEGRIDDISPLAYINGDIMENSIONBYDEFAULT>No</ISITEMARRIVALJOURNALLINEGRIDDISPLAYINGDIMENSIONBYDEFAULT><ISNONCONFORMANCEGRIDDISPLAYINGDIMENSIONBYDEFAULT>No</ISNONCONFORMANCEGRIDDISPLAYINGDIMENSIONBYDEFAULT><ISPRODUCTIONINPUTJOURNALLINEGRIDDISPLAYINGDIMENSIONBYDEFAULT>No</ISPRODUCTIONINPUTJOURNALLINEGRIDDISPLAYINGDIMENSIONBYDEFAULT><ISPRODUCTIONORDERGRIDDISPLAYINGDIMENSIONBYDEFAULT>No</ISPRODUCTIONORDERGRIDDISPLAYINGDIMENSIONBYDEFAULT><ISPRODUCTIONORDERLINEGRIDDISPLAYINGDIMENSIONBYDEFAULT>No</ISPRODUCTIONORDERLINEGRIDDISPLAYINGDIMENSIONBYDEFAULT><ISPRODUCTIONPICKINGLISTJOURNALLINEGRIDDISPLAYINGDIMENSIONBYDEFAULT>No</ISPRODUCTIONPICKINGLISTJOURNALLINEGRIDDISPLAYINGDIMENSIONBYDEFAULT><ISPRODUCTIONREPORTEDASFINISHEDJOURNALLINEGRIDDISPLAYINGDIMENSIONBYDEFAULT>No</ISPRODUCTIONREPORTEDASFINISHEDJOURNALLINEGRIDDISPLAYINGDIMENSIONBYDEFAULT><ISPROJECTQUOTATIONLINEGRIDDISPLAYINGDIMENSIONBYDEFAULT>No</ISPROJECTQUOTATIONLINEGRIDDISPLAYINGDIMENSIONBYDEFAULT><ISPURCHASEORDERLINEGRIDDISPLAYINGDIMENSIONBYDEFAULT>No</ISPURCHASEORDERLINEGRIDDISPLAYINGDIMENSIONBYDEFAULT><ISQUALITYORDERGRIDDISPLAYINGDIMENSIONBYDEFAULT>No</ISQUALITYORDERGRIDDISPLAYINGDIMENSIONBYDEFAULT><ISQUARANTINEORDERGRIDDISPLAYINGDIMENSIONBYDEFAULT>No</ISQUARANTINEORDERGRIDDISPLAYINGDIMENSIONBYDEFAULT><ISSALESORDERLINEGRIDDISPLAYINGDIMENSIONBYDEFAULT>No</ISSALESORDERLINEGRIDDISPLAYINGDIMENSIONBYDEFAULT><ISSALESQUOTATIONLINEGRIDDISPLAYINGDIMENSIONBYDEFAULT>No</ISSALESQUOTATIONLINEGRIDDISPLAYINGDIMENSIONBYDEFAULT><ISTRANSFERORDERLINEGRIDDISPLAYINGDIMENSIONBYDEFAULT>No</ISTRANSFERORDERLINEGRIDDISPLAYINGDIMENSIONBYDEFAULT><ISWAREHOUSEPICKINGLINEGRIDDISPLAYINGDIMENSIONBYDEFAULT>No</ISWAREHOUSEPICKINGLINEGRIDDISPLAYINGDIMENSIONBYDEFAULT></INVENTINVENTORYDIMENSIONSPARAMETERSENTITY><INVENTINVENTORYDIMENSIONSPARAMETERSENTITY><INVENTORYDIMENSIONNAME>InventStyleId</INVENTORYDIMENSIONNAME><ISBILLOFMATERIALSLINEGRIDDISPLAYINGDIMENSIONBYDEFAULT>No</ISBILLOFMATERIALSLINEGRIDDISPLAYINGDIMENSIONBYDEFAULT><ISCERTIFICATEOFANALYSISGRIDDISPLAYINGDIMENSIONBYDEFAULT>No</ISCERTIFICATEOFANALYSISGRIDDISPLAYINGDIMENSIONBYDEFAULT><ISCONSIGNMENTREPLENISHMENTORDERLINEGRIDDISPLAYINGDIMENSIONBYDEFAULT>No</ISCONSIGNMENTREPLENISHMENTORDERLINEGRIDDISPLAYINGDIMENSIONBYDEFAULT><ISINVENTORYADJUSTMENTJOURNALLINEGRIDDISPLAYINGDIMENSIONBYDEFAULT>No</ISINVENTORYADJUSTMENTJOURNALLINEGRIDDISPLAYINGDIMENSIONBYDEFAULT><ISINVENTORYBLOCKINGGRIDDISPLAYINGDIMENSIONBYDEFAULT>No</ISINVENTORYBLOCKINGGRIDDISPLAYINGDIMENSIONBYDEFAULT><ISINVENTORYCOUNTINGJOURNALLINEGRIDDISPLAYINGDIMENSIONBYDEFAULT>No</ISINVENTORYCOUNTINGJOURNALLINEGRIDDISPLAYINGDIMENSIONBYDEFAULT><ISINVENTORYFIXEDASSETTRANSFERJOURNALLINEGRIDDISPLAYINGDIMENSIONBYDEFAULT>No</ISINVENTORYFIXEDASSETTRANSFERJOURNALLINEGRIDDISPLAYINGDIMENSIONBYDEFAULT><ISINVENTORYMOVEMENTJOURNALLINEGRIDDISPLAYINGDIMENSIONBYDEFAULT>No</ISINVENTORYMOVEMENTJOURNALLINEGRIDDISPLAYINGDIMENSIONBYDEFAULT><ISINVENTORYOWNERSHIPCHANGELINEGRIDDISPLAYINGDIMENSIONBYDEFAULT>No</ISINVENTORYOWNERSHIPCHANGELINEGRIDDISPLAYINGDIMENSIONBYDEFAULT><ISINVENTORYPROJECTCONSUMPTIONJOURNALGRIDDISPLAYINGDIMENSIONBYDEFAULT>No</ISINVENTORYPROJECTCONSUMPTIONJOURNALGRIDDISPLAYINGDIMENSIONBYDEFAULT><ISINVENTORYTRANSACTIONGRIDDISPLAYINGDIMENSIONBYDEFAULT>No</ISINVENTORYTRANSACTIONGRIDDISPLAYINGDIMENSIONBYDEFAULT><ISINVENTORYTRANSFERJOURNALLINEGRIDDISPLAYINGDIMENSIONBYDEFAULT>No</ISINVENTORYTRANSFERJOURNALLINEGRIDDISPLAYINGDIMENSIONBYDEFAULT><ISITEMARRIVALJOURNALLINEGRIDDISPLAYINGDIMENSIONBYDEFAULT>No</ISITEMARRIVALJOURNALLINEGRIDDISPLAYINGDIMENSIONBYDEFAULT><ISNONCONFORMANCEGRIDDISPLAYINGDIMENSIONBYDEFAULT>No</ISNONCONFORMANCEGRIDDISPLAYINGDIMENSIONBYDEFAULT><ISPRODUCTIONINPUTJOURNALLINEGRIDDISPLAYINGDIMENSIONBYDEFAULT>No</ISPRODUCTIONINPUTJOURNALLINEGRIDDISPLAYINGDIMENSIONBYDEFAULT><ISPRODUCTIONORDERGRIDDISPLAYINGDIMENSIONBYDEFAULT>No</ISPRODUCTIONORDERGRIDDISPLAYINGDIMENSIONBYDEFAULT><ISPRODUCTIONORDERLINEGRIDDISPLAYINGDIMENSIONBYDEFAULT>No</ISPRODUCTIONORDERLINEGRIDDISPLAYINGDIMENSIONBYDEFAULT><ISPRODUCTIONPICKINGLISTJOURNALLINEGRIDDISPLAYINGDIMENSIONBYDEFAULT>No</ISPRODUCTIONPICKINGLISTJOURNALLINEGRIDDISPLAYINGDIMENSIONBYDEFAULT><ISPRODUCTIONREPORTEDASFINISHEDJOURNALLINEGRIDDISPLAYINGDIMENSIONBYDEFAULT>No</ISPRODUCTIONREPORTEDASFINISHEDJOURNALLINEGRIDDISPLAYINGDIMENSIONBYDEFAULT><ISPROJECTQUOTATIONLINEGRIDDISPLAYINGDIMENSIONBYDEFAULT>No</ISPROJECTQUOTATIONLINEGRIDDISPLAYINGDIMENSIONBYDEFAULT><ISPURCHASEORDERLINEGRIDDISPLAYINGDIMENSIONBYDEFAULT>No</ISPURCHASEORDERLINEGRIDDISPLAYINGDIMENSIONBYDEFAULT><ISQUALITYORDERGRIDDISPLAYINGDIMENSIONBYDEFAULT>No</ISQUALITYORDERGRIDDISPLAYINGDIMENSIONBYDEFAULT><ISQUARANTINEORDERGRIDDISPLAYINGDIMENSIONBYDEFAULT>No</ISQUARANTINEORDERGRIDDISPLAYINGDIMENSIONBYDEFAULT><ISSALESORDERLINEGRIDDISPLAYINGDIMENSIONBYDEFAULT>No</ISSALESORDERLINEGRIDDISPLAYINGDIMENSIONBYDEFAULT><ISSALESQUOTATIONLINEGRIDDISPLAYINGDIMENSIONBYDEFAULT>No</ISSALESQUOTATIONLINEGRIDDISPLAYINGDIMENSIONBYDEFAULT><ISTRANSFERORDERLINEGRIDDISPLAYINGDIMENSIONBYDEFAULT>No</ISTRANSFERORDERLINEGRIDDISPLAYINGDIMENSIONBYDEFAULT><ISWAREHOUSEPICKINGLINEGRIDDISPLAYINGDIMENSIONBYDEFAULT>No</ISWAREHOUSEPICKINGLINEGRIDDISPLAYINGDIMENSIONBYDEFAULT></INVENTINVENTORYDIMENSIONSPARAMETERSENTITY><INVENTINVENTORYDIMENSIONSPARAMETERSENTITY><INVENTORYDIMENSIONNAME>InventVersionId</INVENTORYDIMENSIONNAME><ISBILLOFMATERIALSLINEGRIDDISPLAYINGDIMENSIONBYDEFAULT>No</ISBILLOFMATERIALSLINEGRIDDISPLAYINGDIMENSIONBYDEFAULT><ISCERTIFICATEOFANALYSISGRIDDISPLAYINGDIMENSIONBYDEFAULT>No</ISCERTIFICATEOFANALYSISGRIDDISPLAYINGDIMENSIONBYDEFAULT><ISCONSIGNMENTREPLENISHMENTORDERLINEGRIDDISPLAYINGDIMENSIONBYDEFAULT>No</ISCONSIGNMENTREPLENISHMENTORDERLINEGRIDDISPLAYINGDIMENSIONBYDEFAULT><ISINVENTORYADJUSTMENTJOURNALLINEGRIDDISPLAYINGDIMENSIONBYDEFAULT>No</ISINVENTORYADJUSTMENTJOURNALLINEGRIDDISPLAYINGDIMENSIONBYDEFAULT><ISINVENTORYBLOCKINGGRIDDISPLAYINGDIMENSIONBYDEFAULT>No</ISINVENTORYBLOCKINGGRIDDISPLAYINGDIMENSIONBYDEFAULT><ISINVENTORYCOUNTINGJOURNALLINEGRIDDISPLAYINGDIMENSIONBYDEFAULT>No</ISINVENTORYCOUNTINGJOURNALLINEGRIDDISPLAYINGDIMENSIONBYDEFAULT><ISINVENTORYFIXEDASSETTRANSFERJOURNALLINEGRIDDISPLAYINGDIMENSIONBYDEFAULT>No</ISINVENTORYFIXEDASSETTRANSFERJOURNALLINEGRIDDISPLAYINGDIMENSIONBYDEFAULT><ISINVENTORYMOVEMENTJOURNALLINEGRIDDISPLAYINGDIMENSIONBYDEFAULT>No</ISINVENTORYMOVEMENTJOURNALLINEGRIDDISPLAYINGDIMENSIONBYDEFAULT><ISINVENTORYOWNERSHIPCHANGELINEGRIDDISPLAYINGDIMENSIONBYDEFAULT>No</ISINVENTORYOWNERSHIPCHANGELINEGRIDDISPLAYINGDIMENSIONBYDEFAULT><ISINVENTORYPROJECTCONSUMPTIONJOURNALGRIDDISPLAYINGDIMENSIONBYDEFAULT>No</ISINVENTORYPROJECTCONSUMPTIONJOURNALGRIDDISPLAYINGDIMENSIONBYDEFAULT><ISINVENTORYTRANSACTIONGRIDDISPLAYINGDIMENSIONBYDEFAULT>No</ISINVENTORYTRANSACTIONGRIDDISPLAYINGDIMENSIONBYDEFAULT><ISINVENTORYTRANSFERJOURNALLINEGRIDDISPLAYINGDIMENSIONBYDEFAULT>No</ISINVENTORYTRANSFERJOURNALLINEGRIDDISPLAYINGDIMENSIONBYDEFAULT><ISITEMARRIVALJOURNALLINEGRIDDISPLAYINGDIMENSIONBYDEFAULT>No</ISITEMARRIVALJOURNALLINEGRIDDISPLAYINGDIMENSIONBYDEFAULT><ISNONCONFORMANCEGRIDDISPLAYINGDIMENSIONBYDEFAULT>No</ISNONCONFORMANCEGRIDDISPLAYINGDIMENSIONBYDEFAULT><ISPRODUCTIONINPUTJOURNALLINEGRIDDISPLAYINGDIMENSIONBYDEFAULT>No</ISPRODUCTIONINPUTJOURNALLINEGRIDDISPLAYINGDIMENSIONBYDEFAULT><ISPRODUCTIONORDERGRIDDISPLAYINGDIMENSIONBYDEFAULT>No</ISPRODUCTIONORDERGRIDDISPLAYINGDIMENSIONBYDEFAULT><ISPRODUCTIONORDERLINEGRIDDISPLAYINGDIMENSIONBYDEFAULT>No</ISPRODUCTIONORDERLINEGRIDDISPLAYINGDIMENSIONBYDEFAULT><ISPRODUCTIONPICKINGLISTJOURNALLINEGRIDDISPLAYINGDIMENSIONBYDEFAULT>No</ISPRODUCTIONPICKINGLISTJOURNALLINEGRIDDISPLAYINGDIMENSIONBYDEFAULT><ISPRODUCTIONREPORTEDASFINISHEDJOURNALLINEGRIDDISPLAYINGDIMENSIONBYDEFAULT>No</ISPRODUCTIONREPORTEDASFINISHEDJOURNALLINEGRIDDISPLAYINGDIMENSIONBYDEFAULT><ISPROJECTQUOTATIONLINEGRIDDISPLAYINGDIMENSIONBYDEFAULT>No</ISPROJECTQUOTATIONLINEGRIDDISPLAYINGDIMENSIONBYDEFAULT><ISPURCHASEORDERLINEGRIDDISPLAYINGDIMENSIONBYDEFAULT>No</ISPURCHASEORDERLINEGRIDDISPLAYINGDIMENSIONBYDEFAULT><ISQUALITYORDERGRIDDISPLAYINGDIMENSIONBYDEFAULT>No</ISQUALITYORDERGRIDDISPLAYINGDIMENSIONBYDEFAULT><ISQUARANTINEORDERGRIDDISPLAYINGDIMENSIONBYDEFAULT>No</ISQUARANTINEORDERGRIDDISPLAYINGDIMENSIONBYDEFAULT><ISSALESORDERLINEGRIDDISPLAYINGDIMENSIONBYDEFAULT>No</ISSALESORDERLINEGRIDDISPLAYINGDIMENSIONBYDEFAULT><ISSALESQUOTATIONLINEGRIDDISPLAYINGDIMENSIONBYDEFAULT>No</ISSALESQUOTATIONLINEGRIDDISPLAYINGDIMENSIONBYDEFAULT><ISTRANSFERORDERLINEGRIDDISPLAYINGDIMENSIONBYDEFAULT>No</ISTRANSFERORDERLINEGRIDDISPLAYINGDIMENSIONBYDEFAULT><ISWAREHOUSEPICKINGLINEGRIDDISPLAYINGDIMENSIONBYDEFAULT>No</ISWAREHOUSEPICKINGLINEGRIDDISPLAYINGDIMENSIONBYDEFAULT></INVENTINVENTORYDIMENSIONSPARAMETERSENTITY><INVENTINVENTORYDIMENSIONSPARAMETERSENTITY><INVENTORYDIMENSIONNAME>LicensePlateId</INVENTORYDIMENSIONNAME><ISBILLOFMATERIALSLINEGRIDDISPLAYINGDIMENSIONBYDEFAULT>No</ISBILLOFMATERIALSLINEGRIDDISPLAYINGDIMENSIONBYDEFAULT><ISCERTIFICATEOFANALYSISGRIDDISPLAYINGDIMENSIONBYDEFAULT>No</ISCERTIFICATEOFANALYSISGRIDDISPLAYINGDIMENSIONBYDEFAULT><ISCONSIGNMENTREPLENISHMENTORDERLINEGRIDDISPLAYINGDIMENSIONBYDEFAULT>No</ISCONSIGNMENTREPLENISHMENTORDERLINEGRIDDISPLAYINGDIMENSIONBYDEFAULT><ISINVENTORYADJUSTMENTJOURNALLINEGRIDDISPLAYINGDIMENSIONBYDEFAULT>No</ISINVENTORYADJUSTMENTJOURNALLINEGRIDDISPLAYINGDIMENSIONBYDEFAULT><ISINVENTORYBLOCKINGGRIDDISPLAYINGDIMENSIONBYDEFAULT>No</ISINVENTORYBLOCKINGGRIDDISPLAYINGDIMENSIONBYDEFAULT><ISINVENTORYCOUNTINGJOURNALLINEGRIDDISPLAYINGDIMENSIONBYDEFAULT>No</ISINVENTORYCOUNTINGJOURNALLINEGRIDDISPLAYINGDIMENSIONBYDEFAULT><ISINVENTORYFIXEDASSETTRANSFERJOURNALLINEGRIDDISPLAYINGDIMENSIONBYDEFAULT>No</ISINVENTORYFIXEDASSETTRANSFERJOURNALLINEGRIDDISPLAYINGDIMENSIONBYDEFAULT><ISINVENTORYMOVEMENTJOURNALLINEGRIDDISPLAYINGDIMENSIONBYDEFAULT>No</ISINVENTORYMOVEMENTJOURNALLINEGRIDDISPLAYINGDIMENSIONBYDEFAULT><ISINVENTORYOWNERSHIPCHANGELINEGRIDDISPLAYINGDIMENSIONBYDEFAULT>No</ISINVENTORYOWNERSHIPCHANGELINEGRIDDISPLAYINGDIMENSIONBYDEFAULT><ISINVENTORYPROJECTCONSUMPTIONJOURNALGRIDDISPLAYINGDIMENSIONBYDEFAULT>No</ISINVENTORYPROJECTCONSUMPTIONJOURNALGRIDDISPLAYINGDIMENSIONBYDEFAULT><ISINVENTORYTRANSACTIONGRIDDISPLAYINGDIMENSIONBYDEFAULT>No</ISINVENTORYTRANSACTIONGRIDDISPLAYINGDIMENSIONBYDEFAULT><ISINVENTORYTRANSFERJOURNALLINEGRIDDISPLAYINGDIMENSIONBYDEFAULT>No</ISINVENTORYTRANSFERJOURNALLINEGRIDDISPLAYINGDIMENSIONBYDEFAULT><ISITEMARRIVALJOURNALLINEGRIDDISPLAYINGDIMENSIONBYDEFAULT>No</ISITEMARRIVALJOURNALLINEGRIDDISPLAYINGDIMENSIONBYDEFAULT><ISNONCONFORMANCEGRIDDISPLAYINGDIMENSIONBYDEFAULT>No</ISNONCONFORMANCEGRIDDISPLAYINGDIMENSIONBYDEFAULT><ISPRODUCTIONINPUTJOURNALLINEGRIDDISPLAYINGDIMENSIONBYDEFAULT>No</ISPRODUCTIONINPUTJOURNALLINEGRIDDISPLAYINGDIMENSIONBYDEFAULT><ISPRODUCTIONORDERGRIDDISPLAYINGDIMENSIONBYDEFAULT>No</ISPRODUCTIONORDERGRIDDISPLAYINGDIMENSIONBYDEFAULT><ISPRODUCTIONORDERLINEGRIDDISPLAYINGDIMENSIONBYDEFAULT>No</ISPRODUCTIONORDERLINEGRIDDISPLAYINGDIMENSIONBYDEFAULT><ISPRODUCTIONPICKINGLISTJOURNALLINEGRIDDISPLAYINGDIMENSIONBYDEFAULT>No</ISPRODUCTIONPICKINGLISTJOURNALLINEGRIDDISPLAYINGDIMENSIONBYDEFAULT><ISPRODUCTIONREPORTEDASFINISHEDJOURNALLINEGRIDDISPLAYINGDIMENSIONBYDEFAULT>No</ISPRODUCTIONREPORTEDASFINISHEDJOURNALLINEGRIDDISPLAYINGDIMENSIONBYDEFAULT><ISPROJECTQUOTATIONLINEGRIDDISPLAYINGDIMENSIONBYDEFAULT>No</ISPROJECTQUOTATIONLINEGRIDDISPLAYINGDIMENSIONBYDEFAULT><ISPURCHASEORDERLINEGRIDDISPLAYINGDIMENSIONBYDEFAULT>No</ISPURCHASEORDERLINEGRIDDISPLAYINGDIMENSIONBYDEFAULT><ISQUALITYORDERGRIDDISPLAYINGDIMENSIONBYDEFAULT>No</ISQUALITYORDERGRIDDISPLAYINGDIMENSIONBYDEFAULT><ISQUARANTINEORDERGRIDDISPLAYINGDIMENSIONBYDEFAULT>No</ISQUARANTINEORDERGRIDDISPLAYINGDIMENSIONBYDEFAULT><ISSALESORDERLINEGRIDDISPLAYINGDIMENSIONBYDEFAULT>No</ISSALESORDERLINEGRIDDISPLAYINGDIMENSIONBYDEFAULT><ISSALESQUOTATIONLINEGRIDDISPLAYINGDIMENSIONBYDEFAULT>No</ISSALESQUOTATIONLINEGRIDDISPLAYINGDIMENSIONBYDEFAULT><ISTRANSFERORDERLINEGRIDDISPLAYINGDIMENSIONBYDEFAULT>No</ISTRANSFERORDERLINEGRIDDISPLAYINGDIMENSIONBYDEFAULT><ISWAREHOUSEPICKINGLINEGRIDDISPLAYINGDIMENSIONBYDEFAULT>No</ISWAREHOUSEPICKINGLINEGRIDDISPLAYINGDIMENSIONBYDEFAULT></INVENTINVENTORYDIMENSIONSPARAMETERSENTITY><INVENTINVENTORYDIMENSIONSPARAMETERSENTITY><INVENTORYDIMENSIONNAME>wMSLocationId</INVENTORYDIMENSIONNAME><ISBILLOFMATERIALSLINEGRIDDISPLAYINGDIMENSIONBYDEFAULT>No</ISBILLOFMATERIALSLINEGRIDDISPLAYINGDIMENSIONBYDEFAULT><ISCERTIFICATEOFANALYSISGRIDDISPLAYINGDIMENSIONBYDEFAULT>No</ISCERTIFICATEOFANALYSISGRIDDISPLAYINGDIMENSIONBYDEFAULT><ISCONSIGNMENTREPLENISHMENTORDERLINEGRIDDISPLAYINGDIMENSIONBYDEFAULT>No</ISCONSIGNMENTREPLENISHMENTORDERLINEGRIDDISPLAYINGDIMENSIONBYDEFAULT><ISINVENTORYADJUSTMENTJOURNALLINEGRIDDISPLAYINGDIMENSIONBYDEFAULT>No</ISINVENTORYADJUSTMENTJOURNALLINEGRIDDISPLAYINGDIMENSIONBYDEFAULT><ISINVENTORYBLOCKINGGRIDDISPLAYINGDIMENSIONBYDEFAULT>No</ISINVENTORYBLOCKINGGRIDDISPLAYINGDIMENSIONBYDEFAULT><ISINVENTORYCOUNTINGJOURNALLINEGRIDDISPLAYINGDIMENSIONBYDEFAULT>No</ISINVENTORYCOUNTINGJOURNALLINEGRIDDISPLAYINGDIMENSIONBYDEFAULT><ISINVENTORYFIXEDASSETTRANSFERJOURNALLINEGRIDDISPLAYINGDIMENSIONBYDEFAULT>No</ISINVENTORYFIXEDASSETTRANSFERJOURNALLINEGRIDDISPLAYINGDIMENSIONBYDEFAULT><ISINVENTORYMOVEMENTJOURNALLINEGRIDDISPLAYINGDIMENSIONBYDEFAULT>No</ISINVENTORYMOVEMENTJOURNALLINEGRIDDISPLAYINGDIMENSIONBYDEFAULT><ISINVENTORYOWNERSHIPCHANGELINEGRIDDISPLAYINGDIMENSIONBYDEFAULT>No</ISINVENTORYOWNERSHIPCHANGELINEGRIDDISPLAYINGDIMENSIONBYDEFAULT><ISINVENTORYPROJECTCONSUMPTIONJOURNALGRIDDISPLAYINGDIMENSIONBYDEFAULT>No</ISINVENTORYPROJECTCONSUMPTIONJOURNALGRIDDISPLAYINGDIMENSIONBYDEFAULT><ISINVENTORYTRANSACTIONGRIDDISPLAYINGDIMENSIONBYDEFAULT>No</ISINVENTORYTRANSACTIONGRIDDISPLAYINGDIMENSIONBYDEFAULT><ISINVENTORYTRANSFERJOURNALLINEGRIDDISPLAYINGDIMENSIONBYDEFAULT>No</ISINVENTORYTRANSFERJOURNALLINEGRIDDISPLAYINGDIMENSIONBYDEFAULT><ISITEMARRIVALJOURNALLINEGRIDDISPLAYINGDIMENSIONBYDEFAULT>No</ISITEMARRIVALJOURNALLINEGRIDDISPLAYINGDIMENSIONBYDEFAULT><ISNONCONFORMANCEGRIDDISPLAYINGDIMENSIONBYDEFAULT>No</ISNONCONFORMANCEGRIDDISPLAYINGDIMENSIONBYDEFAULT><ISPRODUCTIONINPUTJOURNALLINEGRIDDISPLAYINGDIMENSIONBYDEFAULT>No</ISPRODUCTIONINPUTJOURNALLINEGRIDDISPLAYINGDIMENSIONBYDEFAULT><ISPRODUCTIONORDERGRIDDISPLAYINGDIMENSIONBYDEFAULT>No</ISPRODUCTIONORDERGRIDDISPLAYINGDIMENSIONBYDEFAULT><ISPRODUCTIONORDERLINEGRIDDISPLAYINGDIMENSIONBYDEFAULT>No</ISPRODUCTIONORDERLINEGRIDDISPLAYINGDIMENSIONBYDEFAULT><ISPRODUCTIONPICKINGLISTJOURNALLINEGRIDDISPLAYINGDIMENSIONBYDEFAULT>No</ISPRODUCTIONPICKINGLISTJOURNALLINEGRIDDISPLAYINGDIMENSIONBYDEFAULT><ISPRODUCTIONREPORTEDASFINISHEDJOURNALLINEGRIDDISPLAYINGDIMENSIONBYDEFAULT>No</ISPRODUCTIONREPORTEDASFINISHEDJOURNALLINEGRIDDISPLAYINGDIMENSIONBYDEFAULT><ISPROJECTQUOTATIONLINEGRIDDISPLAYINGDIMENSIONBYDEFAULT>No</ISPROJECTQUOTATIONLINEGRIDDISPLAYINGDIMENSIONBYDEFAULT><ISPURCHASEORDERLINEGRIDDISPLAYINGDIMENSIONBYDEFAULT>No</ISPURCHASEORDERLINEGRIDDISPLAYINGDIMENSIONBYDEFAULT><ISQUALITYORDERGRIDDISPLAYINGDIMENSIONBYDEFAULT>No</ISQUALITYORDERGRIDDISPLAYINGDIMENSIONBYDEFAULT><ISQUARANTINEORDERGRIDDISPLAYINGDIMENSIONBYDEFAULT>No</ISQUARANTINEORDERGRIDDISPLAYINGDIMENSIONBYDEFAULT><ISSALESORDERLINEGRIDDISPLAYINGDIMENSIONBYDEFAULT>No</ISSALESORDERLINEGRIDDISPLAYINGDIMENSIONBYDEFAULT><ISSALESQUOTATIONLINEGRIDDISPLAYINGDIMENSIONBYDEFAULT>No</ISSALESQUOTATIONLINEGRIDDISPLAYINGDIMENSIONBYDEFAULT><ISTRANSFERORDERLINEGRIDDISPLAYINGDIMENSIONBYDEFAULT>No</ISTRANSFERORDERLINEGRIDDISPLAYINGDIMENSIONBYDEFAULT><ISWAREHOUSEPICKINGLINEGRIDDISPLAYINGDIMENSIONBYDEFAULT>No</ISWAREHOUSEPICKINGLINEGRIDDISPLAYINGDIMENSIONBYDEFAULT></INVENTINVENTORYDIMENSIONSPARAMETERSENTITY></Document>