﻿<?xml version="1.0" encoding="utf-8"?><Document><INVENTINVENTORYTRANSFERJOURNALNAMEENTITY><DEFAULTINVENTORYRESERVATIONMETHOD>None</DEFAULTINVENTORYRESERVATIONMETHOD><DEFAULTJOURNALDESCRIPTION>Inventory Transfer</DEFAULTJOURNALDESCRIPTION><DEFAULTPOSTINGSUMMATIONLEVEL>Detail</DEFAULTPOSTINGSUMMATIONLEVEL><DEFAULTPRIVATEUSERGROUPID></DEFAULTPRIVATEUSERGROUPID><DEFAULTVOUCHERNUMBERALLOCATIONRULE>DateChange</DEFAULTVOUCHERNUMBERALLOCATIONRULE><DEFAULTVOUCHERNUMBERSELECTIONRULE>Post</DEFAULTVOUCHERNUMBERSELECTIONRULE><DEFAULTVOUCHERNUMBERSEQUENCECODE>Inve_10</DEFAULTVOUCHERNUMBERSEQUENCECODE><JOURNALNAMEID>ITRF</JOURNALNAMEID><WILLPOSTINGDELETELINESBYDEFAULT>No</WILLPOSTINGDELETELINESBYDEFAULT></INVENTINVENTORYTRANSFERJOURNALNAMEENTITY></Document>