﻿<?xml version="1.0" encoding="utf-8"?><Document><INVENTITEMBATCHENTITY><AREBATCHATTRIBUTESINHERITED /><ARESHELFLIFEDATESINHERITED /><BATCHDESCRIPTION /><BATCHDISPOSITIONCODE /><BATCHEXPIRATIONDATE /><BATCHNUMBER /><BESTBEFOREDATE /><ISBATCHCONSOLIDATED /><ISEXPIRATIONDATEVENDOREXPIRATIONDATE /><ISMANUFACTURINGDATEVENDORBATCHDATE /><ITEMNUMBER /><MANUFACTURINGDATE /><MOSTRECENTTESTDATE /><PRIMARYVENDORORIGINCOUNTRYREGIONID /><SECONDARYVENDORORIGINCOUNTRYREGIONID /><SHELFLIFEADVICEDATE /><VENDORBATCHDATE /><VENDORBATCHNUMBER /><VENDOREXPIRATIONDATE /></INVENTITEMBATCHENTITY></Document>