﻿<?xml version="1.0" encoding="utf-8"?><Document><INVENTPRODUCTGROUPENTITY><DEFAULTFORECASTALLOCATIONKEYID></DEFAULTFORECASTALLOCATIONKEYID><DEFAULTPURCHASESALESTAXITEMGROUPCODE></DEFAULTPURCHASESALESTAXITEMGROUPCODE><DEFAULTSALESSALESTAXITEMGROUPCODE></DEFAULTSALESSALESTAXITEMGROUPCODE><GROUPID>ADVNTGEAR</GROUPID><GROUPNAME>Adventuring Gear</GROUPNAME><ISFILTERCODEDETERMININGWAREHOUSEFILTERGROUP></ISFILTERCODEDETERMININGWAREHOUSEFILTERGROUP><IsFilterCodeDeterminingWarehouseFilterGroup10_></IsFilterCodeDeterminingWarehouseFilterGroup10_><IsFilterCodeDeterminingWarehouseFilterGroup2_></IsFilterCodeDeterminingWarehouseFilterGroup2_><IsFilterCodeDeterminingWarehouseFilterGroup3_></IsFilterCodeDeterminingWarehouseFilterGroup3_><IsFilterCodeDeterminingWarehouseFilterGroup4_></IsFilterCodeDeterminingWarehouseFilterGroup4_><IsFilterCodeDeterminingWarehouseFilterGroup5_></IsFilterCodeDeterminingWarehouseFilterGroup5_><IsFilterCodeDeterminingWarehouseFilterGroup6_></IsFilterCodeDeterminingWarehouseFilterGroup6_><IsFilterCodeDeterminingWarehouseFilterGroup7_></IsFilterCodeDeterminingWarehouseFilterGroup7_><IsFilterCodeDeterminingWarehouseFilterGroup8_></IsFilterCodeDeterminingWarehouseFilterGroup8_><IsFilterCodeDeterminingWarehouseFilterGroup9_></IsFilterCodeDeterminingWarehouseFilterGroup9_><ISWAREHOUSEFILTERCODEREQUIRED></ISWAREHOUSEFILTERCODEREQUIRED><IsWarehouseFilterCodeRequired10_></IsWarehouseFilterCodeRequired10_><IsWarehouseFilterCodeRequired2_></IsWarehouseFilterCodeRequired2_><IsWarehouseFilterCodeRequired3_></IsWarehouseFilterCodeRequired3_><IsWarehouseFilterCodeRequired4_></IsWarehouseFilterCodeRequired4_><IsWarehouseFilterCodeRequired5_></IsWarehouseFilterCodeRequired5_><IsWarehouseFilterCodeRequired6_></IsWarehouseFilterCodeRequired6_><IsWarehouseFilterCodeRequired7_></IsWarehouseFilterCodeRequired7_><IsWarehouseFilterCodeRequired8_></IsWarehouseFilterCodeRequired8_><IsWarehouseFilterCodeRequired9_></IsWarehouseFilterCodeRequired9_><REVRECDEFAULTREVENUERECOGNITIONSCHEDULE></REVRECDEFAULTREVENUERECOGNITIONSCHEDULE><REVRECEXCLUDEFROMCARVEOUT>No</REVRECEXCLUDEFROMCARVEOUT><REVRECMEDIANPRICE>No</REVRECMEDIANPRICE><REVRECMEDIANPRICEMAXIMUMTOLERANCE>0.000000</REVRECMEDIANPRICEMAXIMUMTOLERANCE><REVRECMEDIANPRICEMINIMUMTOLERANCE>0.000000</REVRECMEDIANPRICEMINIMUMTOLERANCE><REVRECREVENUERECOGNITIONENABLED>No</REVRECREVENUERECOGNITIONENABLED><REVRECREVENUETYPE>Essential</REVRECREVENUETYPE><SHIPMENTPHYSICALLOADTEMPLATEID></SHIPMENTPHYSICALLOADTEMPLATEID></INVENTPRODUCTGROUPENTITY><INVENTPRODUCTGROUPENTITY><DEFAULTFORECASTALLOCATIONKEYID></DEFAULTFORECASTALLOCATIONKEYID><DEFAULTPURCHASESALESTAXITEMGROUPCODE></DEFAULTPURCHASESALESTAXITEMGROUPCODE><DEFAULTSALESSALESTAXITEMGROUPCODE></DEFAULTSALESSALESTAXITEMGROUPCODE><GROUPID>ANIMALS</GROUPID><GROUPNAME>Animals</GROUPNAME><ISFILTERCODEDETERMININGWAREHOUSEFILTERGROUP></ISFILTERCODEDETERMININGWAREHOUSEFILTERGROUP><IsFilterCodeDeterminingWarehouseFilterGroup10_></IsFilterCodeDeterminingWarehouseFilterGroup10_><IsFilterCodeDeterminingWarehouseFilterGroup2_></IsFilterCodeDeterminingWarehouseFilterGroup2_><IsFilterCodeDeterminingWarehouseFilterGroup3_></IsFilterCodeDeterminingWarehouseFilterGroup3_><IsFilterCodeDeterminingWarehouseFilterGroup4_></IsFilterCodeDeterminingWarehouseFilterGroup4_><IsFilterCodeDeterminingWarehouseFilterGroup5_></IsFilterCodeDeterminingWarehouseFilterGroup5_><IsFilterCodeDeterminingWarehouseFilterGroup6_></IsFilterCodeDeterminingWarehouseFilterGroup6_><IsFilterCodeDeterminingWarehouseFilterGroup7_></IsFilterCodeDeterminingWarehouseFilterGroup7_><IsFilterCodeDeterminingWarehouseFilterGroup8_></IsFilterCodeDeterminingWarehouseFilterGroup8_><IsFilterCodeDeterminingWarehouseFilterGroup9_></IsFilterCodeDeterminingWarehouseFilterGroup9_><ISWAREHOUSEFILTERCODEREQUIRED></ISWAREHOUSEFILTERCODEREQUIRED><IsWarehouseFilterCodeRequired10_></IsWarehouseFilterCodeRequired10_><IsWarehouseFilterCodeRequired2_></IsWarehouseFilterCodeRequired2_><IsWarehouseFilterCodeRequired3_></IsWarehouseFilterCodeRequired3_><IsWarehouseFilterCodeRequired4_></IsWarehouseFilterCodeRequired4_><IsWarehouseFilterCodeRequired5_></IsWarehouseFilterCodeRequired5_><IsWarehouseFilterCodeRequired6_></IsWarehouseFilterCodeRequired6_><IsWarehouseFilterCodeRequired7_></IsWarehouseFilterCodeRequired7_><IsWarehouseFilterCodeRequired8_></IsWarehouseFilterCodeRequired8_><IsWarehouseFilterCodeRequired9_></IsWarehouseFilterCodeRequired9_><REVRECDEFAULTREVENUERECOGNITIONSCHEDULE></REVRECDEFAULTREVENUERECOGNITIONSCHEDULE><REVRECEXCLUDEFROMCARVEOUT>No</REVRECEXCLUDEFROMCARVEOUT><REVRECMEDIANPRICE>No</REVRECMEDIANPRICE><REVRECMEDIANPRICEMAXIMUMTOLERANCE>0.000000</REVRECMEDIANPRICEMAXIMUMTOLERANCE><REVRECMEDIANPRICEMINIMUMTOLERANCE>0.000000</REVRECMEDIANPRICEMINIMUMTOLERANCE><REVRECREVENUERECOGNITIONENABLED>No</REVRECREVENUERECOGNITIONENABLED><REVRECREVENUETYPE>Essential</REVRECREVENUETYPE><SHIPMENTPHYSICALLOADTEMPLATEID></SHIPMENTPHYSICALLOADTEMPLATEID></INVENTPRODUCTGROUPENTITY><INVENTPRODUCTGROUPENTITY><DEFAULTFORECASTALLOCATIONKEYID></DEFAULTFORECASTALLOCATIONKEYID><DEFAULTPURCHASESALESTAXITEMGROUPCODE></DEFAULTPURCHASESALESTAXITEMGROUPCODE><DEFAULTSALESSALESTAXITEMGROUPCODE></DEFAULTSALESSALESTAXITEMGROUPCODE><GROUPID>ARMOR</GROUPID><GROUPNAME>Armor</GROUPNAME><ISFILTERCODEDETERMININGWAREHOUSEFILTERGROUP></ISFILTERCODEDETERMININGWAREHOUSEFILTERGROUP><IsFilterCodeDeterminingWarehouseFilterGroup10_></IsFilterCodeDeterminingWarehouseFilterGroup10_><IsFilterCodeDeterminingWarehouseFilterGroup2_></IsFilterCodeDeterminingWarehouseFilterGroup2_><IsFilterCodeDeterminingWarehouseFilterGroup3_></IsFilterCodeDeterminingWarehouseFilterGroup3_><IsFilterCodeDeterminingWarehouseFilterGroup4_></IsFilterCodeDeterminingWarehouseFilterGroup4_><IsFilterCodeDeterminingWarehouseFilterGroup5_></IsFilterCodeDeterminingWarehouseFilterGroup5_><IsFilterCodeDeterminingWarehouseFilterGroup6_></IsFilterCodeDeterminingWarehouseFilterGroup6_><IsFilterCodeDeterminingWarehouseFilterGroup7_></IsFilterCodeDeterminingWarehouseFilterGroup7_><IsFilterCodeDeterminingWarehouseFilterGroup8_></IsFilterCodeDeterminingWarehouseFilterGroup8_><IsFilterCodeDeterminingWarehouseFilterGroup9_></IsFilterCodeDeterminingWarehouseFilterGroup9_><ISWAREHOUSEFILTERCODEREQUIRED></ISWAREHOUSEFILTERCODEREQUIRED><IsWarehouseFilterCodeRequired10_></IsWarehouseFilterCodeRequired10_><IsWarehouseFilterCodeRequired2_></IsWarehouseFilterCodeRequired2_><IsWarehouseFilterCodeRequired3_></IsWarehouseFilterCodeRequired3_><IsWarehouseFilterCodeRequired4_></IsWarehouseFilterCodeRequired4_><IsWarehouseFilterCodeRequired5_></IsWarehouseFilterCodeRequired5_><IsWarehouseFilterCodeRequired6_></IsWarehouseFilterCodeRequired6_><IsWarehouseFilterCodeRequired7_></IsWarehouseFilterCodeRequired7_><IsWarehouseFilterCodeRequired8_></IsWarehouseFilterCodeRequired8_><IsWarehouseFilterCodeRequired9_></IsWarehouseFilterCodeRequired9_><REVRECDEFAULTREVENUERECOGNITIONSCHEDULE></REVRECDEFAULTREVENUERECOGNITIONSCHEDULE><REVRECEXCLUDEFROMCARVEOUT>No</REVRECEXCLUDEFROMCARVEOUT><REVRECMEDIANPRICE>No</REVRECMEDIANPRICE><REVRECMEDIANPRICEMAXIMUMTOLERANCE>0.000000</REVRECMEDIANPRICEMAXIMUMTOLERANCE><REVRECMEDIANPRICEMINIMUMTOLERANCE>0.000000</REVRECMEDIANPRICEMINIMUMTOLERANCE><REVRECREVENUERECOGNITIONENABLED>No</REVRECREVENUERECOGNITIONENABLED><REVRECREVENUETYPE>Essential</REVRECREVENUETYPE><SHIPMENTPHYSICALLOADTEMPLATEID></SHIPMENTPHYSICALLOADTEMPLATEID></INVENTPRODUCTGROUPENTITY><INVENTPRODUCTGROUPENTITY><DEFAULTFORECASTALLOCATIONKEYID></DEFAULTFORECASTALLOCATIONKEYID><DEFAULTPURCHASESALESTAXITEMGROUPCODE></DEFAULTPURCHASESALESTAXITEMGROUPCODE><DEFAULTSALESSALESTAXITEMGROUPCODE></DEFAULTSALESSALESTAXITEMGROUPCODE><GROUPID>ARTWORK</GROUPID><GROUPNAME>Artwork</GROUPNAME><ISFILTERCODEDETERMININGWAREHOUSEFILTERGROUP></ISFILTERCODEDETERMININGWAREHOUSEFILTERGROUP><IsFilterCodeDeterminingWarehouseFilterGroup10_></IsFilterCodeDeterminingWarehouseFilterGroup10_><IsFilterCodeDeterminingWarehouseFilterGroup2_></IsFilterCodeDeterminingWarehouseFilterGroup2_><IsFilterCodeDeterminingWarehouseFilterGroup3_></IsFilterCodeDeterminingWarehouseFilterGroup3_><IsFilterCodeDeterminingWarehouseFilterGroup4_></IsFilterCodeDeterminingWarehouseFilterGroup4_><IsFilterCodeDeterminingWarehouseFilterGroup5_></IsFilterCodeDeterminingWarehouseFilterGroup5_><IsFilterCodeDeterminingWarehouseFilterGroup6_></IsFilterCodeDeterminingWarehouseFilterGroup6_><IsFilterCodeDeterminingWarehouseFilterGroup7_></IsFilterCodeDeterminingWarehouseFilterGroup7_><IsFilterCodeDeterminingWarehouseFilterGroup8_></IsFilterCodeDeterminingWarehouseFilterGroup8_><IsFilterCodeDeterminingWarehouseFilterGroup9_></IsFilterCodeDeterminingWarehouseFilterGroup9_><ISWAREHOUSEFILTERCODEREQUIRED></ISWAREHOUSEFILTERCODEREQUIRED><IsWarehouseFilterCodeRequired10_></IsWarehouseFilterCodeRequired10_><IsWarehouseFilterCodeRequired2_></IsWarehouseFilterCodeRequired2_><IsWarehouseFilterCodeRequired3_></IsWarehouseFilterCodeRequired3_><IsWarehouseFilterCodeRequired4_></IsWarehouseFilterCodeRequired4_><IsWarehouseFilterCodeRequired5_></IsWarehouseFilterCodeRequired5_><IsWarehouseFilterCodeRequired6_></IsWarehouseFilterCodeRequired6_><IsWarehouseFilterCodeRequired7_></IsWarehouseFilterCodeRequired7_><IsWarehouseFilterCodeRequired8_></IsWarehouseFilterCodeRequired8_><IsWarehouseFilterCodeRequired9_></IsWarehouseFilterCodeRequired9_><REVRECDEFAULTREVENUERECOGNITIONSCHEDULE></REVRECDEFAULTREVENUERECOGNITIONSCHEDULE><REVRECEXCLUDEFROMCARVEOUT>No</REVRECEXCLUDEFROMCARVEOUT><REVRECMEDIANPRICE>No</REVRECMEDIANPRICE><REVRECMEDIANPRICEMAXIMUMTOLERANCE>0.000000</REVRECMEDIANPRICEMAXIMUMTOLERANCE><REVRECMEDIANPRICEMINIMUMTOLERANCE>0.000000</REVRECMEDIANPRICEMINIMUMTOLERANCE><REVRECREVENUERECOGNITIONENABLED>No</REVRECREVENUERECOGNITIONENABLED><REVRECREVENUETYPE>Essential</REVRECREVENUETYPE><SHIPMENTPHYSICALLOADTEMPLATEID></SHIPMENTPHYSICALLOADTEMPLATEID></INVENTPRODUCTGROUPENTITY><INVENTPRODUCTGROUPENTITY><DEFAULTFORECASTALLOCATIONKEYID></DEFAULTFORECASTALLOCATIONKEYID><DEFAULTPURCHASESALESTAXITEMGROUPCODE></DEFAULTPURCHASESALESTAXITEMGROUPCODE><DEFAULTSALESSALESTAXITEMGROUPCODE></DEFAULTSALESSALESTAXITEMGROUPCODE><GROUPID>BARDSCVS</GROUPID><GROUPNAME>Bard Services</GROUPNAME><ISFILTERCODEDETERMININGWAREHOUSEFILTERGROUP></ISFILTERCODEDETERMININGWAREHOUSEFILTERGROUP><IsFilterCodeDeterminingWarehouseFilterGroup10_></IsFilterCodeDeterminingWarehouseFilterGroup10_><IsFilterCodeDeterminingWarehouseFilterGroup2_></IsFilterCodeDeterminingWarehouseFilterGroup2_><IsFilterCodeDeterminingWarehouseFilterGroup3_></IsFilterCodeDeterminingWarehouseFilterGroup3_><IsFilterCodeDeterminingWarehouseFilterGroup4_></IsFilterCodeDeterminingWarehouseFilterGroup4_><IsFilterCodeDeterminingWarehouseFilterGroup5_></IsFilterCodeDeterminingWarehouseFilterGroup5_><IsFilterCodeDeterminingWarehouseFilterGroup6_></IsFilterCodeDeterminingWarehouseFilterGroup6_><IsFilterCodeDeterminingWarehouseFilterGroup7_></IsFilterCodeDeterminingWarehouseFilterGroup7_><IsFilterCodeDeterminingWarehouseFilterGroup8_></IsFilterCodeDeterminingWarehouseFilterGroup8_><IsFilterCodeDeterminingWarehouseFilterGroup9_></IsFilterCodeDeterminingWarehouseFilterGroup9_><ISWAREHOUSEFILTERCODEREQUIRED></ISWAREHOUSEFILTERCODEREQUIRED><IsWarehouseFilterCodeRequired10_></IsWarehouseFilterCodeRequired10_><IsWarehouseFilterCodeRequired2_></IsWarehouseFilterCodeRequired2_><IsWarehouseFilterCodeRequired3_></IsWarehouseFilterCodeRequired3_><IsWarehouseFilterCodeRequired4_></IsWarehouseFilterCodeRequired4_><IsWarehouseFilterCodeRequired5_></IsWarehouseFilterCodeRequired5_><IsWarehouseFilterCodeRequired6_></IsWarehouseFilterCodeRequired6_><IsWarehouseFilterCodeRequired7_></IsWarehouseFilterCodeRequired7_><IsWarehouseFilterCodeRequired8_></IsWarehouseFilterCodeRequired8_><IsWarehouseFilterCodeRequired9_></IsWarehouseFilterCodeRequired9_><REVRECDEFAULTREVENUERECOGNITIONSCHEDULE></REVRECDEFAULTREVENUERECOGNITIONSCHEDULE><REVRECEXCLUDEFROMCARVEOUT>No</REVRECEXCLUDEFROMCARVEOUT><REVRECMEDIANPRICE>No</REVRECMEDIANPRICE><REVRECMEDIANPRICEMAXIMUMTOLERANCE>0.000000</REVRECMEDIANPRICEMAXIMUMTOLERANCE><REVRECMEDIANPRICEMINIMUMTOLERANCE>0.000000</REVRECMEDIANPRICEMINIMUMTOLERANCE><REVRECREVENUERECOGNITIONENABLED>No</REVRECREVENUERECOGNITIONENABLED><REVRECREVENUETYPE>Essential</REVRECREVENUETYPE><SHIPMENTPHYSICALLOADTEMPLATEID></SHIPMENTPHYSICALLOADTEMPLATEID></INVENTPRODUCTGROUPENTITY><INVENTPRODUCTGROUPENTITY><DEFAULTFORECASTALLOCATIONKEYID></DEFAULTFORECASTALLOCATIONKEYID><DEFAULTPURCHASESALESTAXITEMGROUPCODE></DEFAULTPURCHASESALESTAXITEMGROUPCODE><DEFAULTSALESSALESTAXITEMGROUPCODE></DEFAULTSALESSALESTAXITEMGROUPCODE><GROUPID>CARCASSES</GROUPID><GROUPNAME>Carcasses</GROUPNAME><ISFILTERCODEDETERMININGWAREHOUSEFILTERGROUP></ISFILTERCODEDETERMININGWAREHOUSEFILTERGROUP><IsFilterCodeDeterminingWarehouseFilterGroup10_></IsFilterCodeDeterminingWarehouseFilterGroup10_><IsFilterCodeDeterminingWarehouseFilterGroup2_></IsFilterCodeDeterminingWarehouseFilterGroup2_><IsFilterCodeDeterminingWarehouseFilterGroup3_></IsFilterCodeDeterminingWarehouseFilterGroup3_><IsFilterCodeDeterminingWarehouseFilterGroup4_></IsFilterCodeDeterminingWarehouseFilterGroup4_><IsFilterCodeDeterminingWarehouseFilterGroup5_></IsFilterCodeDeterminingWarehouseFilterGroup5_><IsFilterCodeDeterminingWarehouseFilterGroup6_></IsFilterCodeDeterminingWarehouseFilterGroup6_><IsFilterCodeDeterminingWarehouseFilterGroup7_></IsFilterCodeDeterminingWarehouseFilterGroup7_><IsFilterCodeDeterminingWarehouseFilterGroup8_></IsFilterCodeDeterminingWarehouseFilterGroup8_><IsFilterCodeDeterminingWarehouseFilterGroup9_></IsFilterCodeDeterminingWarehouseFilterGroup9_><ISWAREHOUSEFILTERCODEREQUIRED></ISWAREHOUSEFILTERCODEREQUIRED><IsWarehouseFilterCodeRequired10_></IsWarehouseFilterCodeRequired10_><IsWarehouseFilterCodeRequired2_></IsWarehouseFilterCodeRequired2_><IsWarehouseFilterCodeRequired3_></IsWarehouseFilterCodeRequired3_><IsWarehouseFilterCodeRequired4_></IsWarehouseFilterCodeRequired4_><IsWarehouseFilterCodeRequired5_></IsWarehouseFilterCodeRequired5_><IsWarehouseFilterCodeRequired6_></IsWarehouseFilterCodeRequired6_><IsWarehouseFilterCodeRequired7_></IsWarehouseFilterCodeRequired7_><IsWarehouseFilterCodeRequired8_></IsWarehouseFilterCodeRequired8_><IsWarehouseFilterCodeRequired9_></IsWarehouseFilterCodeRequired9_><REVRECDEFAULTREVENUERECOGNITIONSCHEDULE></REVRECDEFAULTREVENUERECOGNITIONSCHEDULE><REVRECEXCLUDEFROMCARVEOUT>No</REVRECEXCLUDEFROMCARVEOUT><REVRECMEDIANPRICE>No</REVRECMEDIANPRICE><REVRECMEDIANPRICEMAXIMUMTOLERANCE>0.000000</REVRECMEDIANPRICEMAXIMUMTOLERANCE><REVRECMEDIANPRICEMINIMUMTOLERANCE>0.000000</REVRECMEDIANPRICEMINIMUMTOLERANCE><REVRECREVENUERECOGNITIONENABLED>No</REVRECREVENUERECOGNITIONENABLED><REVRECREVENUETYPE>Essential</REVRECREVENUETYPE><SHIPMENTPHYSICALLOADTEMPLATEID></SHIPMENTPHYSICALLOADTEMPLATEID></INVENTPRODUCTGROUPENTITY><INVENTPRODUCTGROUPENTITY><DEFAULTFORECASTALLOCATIONKEYID></DEFAULTFORECASTALLOCATIONKEYID><DEFAULTPURCHASESALESTAXITEMGROUPCODE></DEFAULTPURCHASESALESTAXITEMGROUPCODE><DEFAULTSALESSALESTAXITEMGROUPCODE></DEFAULTSALESSALESTAXITEMGROUPCODE><GROUPID>CLOTHING</GROUPID><GROUPNAME>Clothing</GROUPNAME><ISFILTERCODEDETERMININGWAREHOUSEFILTERGROUP></ISFILTERCODEDETERMININGWAREHOUSEFILTERGROUP><IsFilterCodeDeterminingWarehouseFilterGroup10_></IsFilterCodeDeterminingWarehouseFilterGroup10_><IsFilterCodeDeterminingWarehouseFilterGroup2_></IsFilterCodeDeterminingWarehouseFilterGroup2_><IsFilterCodeDeterminingWarehouseFilterGroup3_></IsFilterCodeDeterminingWarehouseFilterGroup3_><IsFilterCodeDeterminingWarehouseFilterGroup4_></IsFilterCodeDeterminingWarehouseFilterGroup4_><IsFilterCodeDeterminingWarehouseFilterGroup5_></IsFilterCodeDeterminingWarehouseFilterGroup5_><IsFilterCodeDeterminingWarehouseFilterGroup6_></IsFilterCodeDeterminingWarehouseFilterGroup6_><IsFilterCodeDeterminingWarehouseFilterGroup7_></IsFilterCodeDeterminingWarehouseFilterGroup7_><IsFilterCodeDeterminingWarehouseFilterGroup8_></IsFilterCodeDeterminingWarehouseFilterGroup8_><IsFilterCodeDeterminingWarehouseFilterGroup9_></IsFilterCodeDeterminingWarehouseFilterGroup9_><ISWAREHOUSEFILTERCODEREQUIRED></ISWAREHOUSEFILTERCODEREQUIRED><IsWarehouseFilterCodeRequired10_></IsWarehouseFilterCodeRequired10_><IsWarehouseFilterCodeRequired2_></IsWarehouseFilterCodeRequired2_><IsWarehouseFilterCodeRequired3_></IsWarehouseFilterCodeRequired3_><IsWarehouseFilterCodeRequired4_></IsWarehouseFilterCodeRequired4_><IsWarehouseFilterCodeRequired5_></IsWarehouseFilterCodeRequired5_><IsWarehouseFilterCodeRequired6_></IsWarehouseFilterCodeRequired6_><IsWarehouseFilterCodeRequired7_></IsWarehouseFilterCodeRequired7_><IsWarehouseFilterCodeRequired8_></IsWarehouseFilterCodeRequired8_><IsWarehouseFilterCodeRequired9_></IsWarehouseFilterCodeRequired9_><REVRECDEFAULTREVENUERECOGNITIONSCHEDULE></REVRECDEFAULTREVENUERECOGNITIONSCHEDULE><REVRECEXCLUDEFROMCARVEOUT>No</REVRECEXCLUDEFROMCARVEOUT><REVRECMEDIANPRICE>No</REVRECMEDIANPRICE><REVRECMEDIANPRICEMAXIMUMTOLERANCE>0.000000</REVRECMEDIANPRICEMAXIMUMTOLERANCE><REVRECMEDIANPRICEMINIMUMTOLERANCE>0.000000</REVRECMEDIANPRICEMINIMUMTOLERANCE><REVRECREVENUERECOGNITIONENABLED>No</REVRECREVENUERECOGNITIONENABLED><REVRECREVENUETYPE>Essential</REVRECREVENUETYPE><SHIPMENTPHYSICALLOADTEMPLATEID></SHIPMENTPHYSICALLOADTEMPLATEID></INVENTPRODUCTGROUPENTITY><INVENTPRODUCTGROUPENTITY><DEFAULTFORECASTALLOCATIONKEYID></DEFAULTFORECASTALLOCATIONKEYID><DEFAULTPURCHASESALESTAXITEMGROUPCODE></DEFAULTPURCHASESALESTAXITEMGROUPCODE><DEFAULTSALESSALESTAXITEMGROUPCODE></DEFAULTSALESSALESTAXITEMGROUPCODE><GROUPID>CONSTRUCTN</GROUPID><GROUPNAME>Construction</GROUPNAME><ISFILTERCODEDETERMININGWAREHOUSEFILTERGROUP></ISFILTERCODEDETERMININGWAREHOUSEFILTERGROUP><IsFilterCodeDeterminingWarehouseFilterGroup10_></IsFilterCodeDeterminingWarehouseFilterGroup10_><IsFilterCodeDeterminingWarehouseFilterGroup2_></IsFilterCodeDeterminingWarehouseFilterGroup2_><IsFilterCodeDeterminingWarehouseFilterGroup3_></IsFilterCodeDeterminingWarehouseFilterGroup3_><IsFilterCodeDeterminingWarehouseFilterGroup4_></IsFilterCodeDeterminingWarehouseFilterGroup4_><IsFilterCodeDeterminingWarehouseFilterGroup5_></IsFilterCodeDeterminingWarehouseFilterGroup5_><IsFilterCodeDeterminingWarehouseFilterGroup6_></IsFilterCodeDeterminingWarehouseFilterGroup6_><IsFilterCodeDeterminingWarehouseFilterGroup7_></IsFilterCodeDeterminingWarehouseFilterGroup7_><IsFilterCodeDeterminingWarehouseFilterGroup8_></IsFilterCodeDeterminingWarehouseFilterGroup8_><IsFilterCodeDeterminingWarehouseFilterGroup9_></IsFilterCodeDeterminingWarehouseFilterGroup9_><ISWAREHOUSEFILTERCODEREQUIRED></ISWAREHOUSEFILTERCODEREQUIRED><IsWarehouseFilterCodeRequired10_></IsWarehouseFilterCodeRequired10_><IsWarehouseFilterCodeRequired2_></IsWarehouseFilterCodeRequired2_><IsWarehouseFilterCodeRequired3_></IsWarehouseFilterCodeRequired3_><IsWarehouseFilterCodeRequired4_></IsWarehouseFilterCodeRequired4_><IsWarehouseFilterCodeRequired5_></IsWarehouseFilterCodeRequired5_><IsWarehouseFilterCodeRequired6_></IsWarehouseFilterCodeRequired6_><IsWarehouseFilterCodeRequired7_></IsWarehouseFilterCodeRequired7_><IsWarehouseFilterCodeRequired8_></IsWarehouseFilterCodeRequired8_><IsWarehouseFilterCodeRequired9_></IsWarehouseFilterCodeRequired9_><REVRECDEFAULTREVENUERECOGNITIONSCHEDULE></REVRECDEFAULTREVENUERECOGNITIONSCHEDULE><REVRECEXCLUDEFROMCARVEOUT>No</REVRECEXCLUDEFROMCARVEOUT><REVRECMEDIANPRICE>No</REVRECMEDIANPRICE><REVRECMEDIANPRICEMAXIMUMTOLERANCE>0.000000</REVRECMEDIANPRICEMAXIMUMTOLERANCE><REVRECMEDIANPRICEMINIMUMTOLERANCE>0.000000</REVRECMEDIANPRICEMINIMUMTOLERANCE><REVRECREVENUERECOGNITIONENABLED>No</REVRECREVENUERECOGNITIONENABLED><REVRECREVENUETYPE>Essential</REVRECREVENUETYPE><SHIPMENTPHYSICALLOADTEMPLATEID></SHIPMENTPHYSICALLOADTEMPLATEID></INVENTPRODUCTGROUPENTITY><INVENTPRODUCTGROUPENTITY><DEFAULTFORECASTALLOCATIONKEYID></DEFAULTFORECASTALLOCATIONKEYID><DEFAULTPURCHASESALESTAXITEMGROUPCODE></DEFAULTPURCHASESALESTAXITEMGROUPCODE><DEFAULTSALESSALESTAXITEMGROUPCODE></DEFAULTSALESSALESTAXITEMGROUPCODE><GROUPID>CRTRPARTS</GROUPID><GROUPNAME>Creature Parts</GROUPNAME><ISFILTERCODEDETERMININGWAREHOUSEFILTERGROUP></ISFILTERCODEDETERMININGWAREHOUSEFILTERGROUP><IsFilterCodeDeterminingWarehouseFilterGroup10_></IsFilterCodeDeterminingWarehouseFilterGroup10_><IsFilterCodeDeterminingWarehouseFilterGroup2_></IsFilterCodeDeterminingWarehouseFilterGroup2_><IsFilterCodeDeterminingWarehouseFilterGroup3_></IsFilterCodeDeterminingWarehouseFilterGroup3_><IsFilterCodeDeterminingWarehouseFilterGroup4_></IsFilterCodeDeterminingWarehouseFilterGroup4_><IsFilterCodeDeterminingWarehouseFilterGroup5_></IsFilterCodeDeterminingWarehouseFilterGroup5_><IsFilterCodeDeterminingWarehouseFilterGroup6_></IsFilterCodeDeterminingWarehouseFilterGroup6_><IsFilterCodeDeterminingWarehouseFilterGroup7_></IsFilterCodeDeterminingWarehouseFilterGroup7_><IsFilterCodeDeterminingWarehouseFilterGroup8_></IsFilterCodeDeterminingWarehouseFilterGroup8_><IsFilterCodeDeterminingWarehouseFilterGroup9_></IsFilterCodeDeterminingWarehouseFilterGroup9_><ISWAREHOUSEFILTERCODEREQUIRED></ISWAREHOUSEFILTERCODEREQUIRED><IsWarehouseFilterCodeRequired10_></IsWarehouseFilterCodeRequired10_><IsWarehouseFilterCodeRequired2_></IsWarehouseFilterCodeRequired2_><IsWarehouseFilterCodeRequired3_></IsWarehouseFilterCodeRequired3_><IsWarehouseFilterCodeRequired4_></IsWarehouseFilterCodeRequired4_><IsWarehouseFilterCodeRequired5_></IsWarehouseFilterCodeRequired5_><IsWarehouseFilterCodeRequired6_></IsWarehouseFilterCodeRequired6_><IsWarehouseFilterCodeRequired7_></IsWarehouseFilterCodeRequired7_><IsWarehouseFilterCodeRequired8_></IsWarehouseFilterCodeRequired8_><IsWarehouseFilterCodeRequired9_></IsWarehouseFilterCodeRequired9_><REVRECDEFAULTREVENUERECOGNITIONSCHEDULE></REVRECDEFAULTREVENUERECOGNITIONSCHEDULE><REVRECEXCLUDEFROMCARVEOUT>No</REVRECEXCLUDEFROMCARVEOUT><REVRECMEDIANPRICE>No</REVRECMEDIANPRICE><REVRECMEDIANPRICEMAXIMUMTOLERANCE>0.000000</REVRECMEDIANPRICEMAXIMUMTOLERANCE><REVRECMEDIANPRICEMINIMUMTOLERANCE>0.000000</REVRECMEDIANPRICEMINIMUMTOLERANCE><REVRECREVENUERECOGNITIONENABLED>No</REVRECREVENUERECOGNITIONENABLED><REVRECREVENUETYPE>Essential</REVRECREVENUETYPE><SHIPMENTPHYSICALLOADTEMPLATEID></SHIPMENTPHYSICALLOADTEMPLATEID></INVENTPRODUCTGROUPENTITY><INVENTPRODUCTGROUPENTITY><DEFAULTFORECASTALLOCATIONKEYID></DEFAULTFORECASTALLOCATIONKEYID><DEFAULTPURCHASESALESTAXITEMGROUPCODE></DEFAULTPURCHASESALESTAXITEMGROUPCODE><DEFAULTSALESSALESTAXITEMGROUPCODE></DEFAULTSALESSALESTAXITEMGROUPCODE><GROUPID>DEFAULT</GROUPID><GROUPNAME>Default Item Group</GROUPNAME><ISFILTERCODEDETERMININGWAREHOUSEFILTERGROUP></ISFILTERCODEDETERMININGWAREHOUSEFILTERGROUP><IsFilterCodeDeterminingWarehouseFilterGroup10_></IsFilterCodeDeterminingWarehouseFilterGroup10_><IsFilterCodeDeterminingWarehouseFilterGroup2_></IsFilterCodeDeterminingWarehouseFilterGroup2_><IsFilterCodeDeterminingWarehouseFilterGroup3_></IsFilterCodeDeterminingWarehouseFilterGroup3_><IsFilterCodeDeterminingWarehouseFilterGroup4_></IsFilterCodeDeterminingWarehouseFilterGroup4_><IsFilterCodeDeterminingWarehouseFilterGroup5_></IsFilterCodeDeterminingWarehouseFilterGroup5_><IsFilterCodeDeterminingWarehouseFilterGroup6_></IsFilterCodeDeterminingWarehouseFilterGroup6_><IsFilterCodeDeterminingWarehouseFilterGroup7_></IsFilterCodeDeterminingWarehouseFilterGroup7_><IsFilterCodeDeterminingWarehouseFilterGroup8_></IsFilterCodeDeterminingWarehouseFilterGroup8_><IsFilterCodeDeterminingWarehouseFilterGroup9_></IsFilterCodeDeterminingWarehouseFilterGroup9_><ISWAREHOUSEFILTERCODEREQUIRED></ISWAREHOUSEFILTERCODEREQUIRED><IsWarehouseFilterCodeRequired10_></IsWarehouseFilterCodeRequired10_><IsWarehouseFilterCodeRequired2_></IsWarehouseFilterCodeRequired2_><IsWarehouseFilterCodeRequired3_></IsWarehouseFilterCodeRequired3_><IsWarehouseFilterCodeRequired4_></IsWarehouseFilterCodeRequired4_><IsWarehouseFilterCodeRequired5_></IsWarehouseFilterCodeRequired5_><IsWarehouseFilterCodeRequired6_></IsWarehouseFilterCodeRequired6_><IsWarehouseFilterCodeRequired7_></IsWarehouseFilterCodeRequired7_><IsWarehouseFilterCodeRequired8_></IsWarehouseFilterCodeRequired8_><IsWarehouseFilterCodeRequired9_></IsWarehouseFilterCodeRequired9_><REVRECDEFAULTREVENUERECOGNITIONSCHEDULE></REVRECDEFAULTREVENUERECOGNITIONSCHEDULE><REVRECEXCLUDEFROMCARVEOUT>No</REVRECEXCLUDEFROMCARVEOUT><REVRECMEDIANPRICE>No</REVRECMEDIANPRICE><REVRECMEDIANPRICEMAXIMUMTOLERANCE>0.000000</REVRECMEDIANPRICEMAXIMUMTOLERANCE><REVRECMEDIANPRICEMINIMUMTOLERANCE>0.000000</REVRECMEDIANPRICEMINIMUMTOLERANCE><REVRECREVENUERECOGNITIONENABLED>No</REVRECREVENUERECOGNITIONENABLED><REVRECREVENUETYPE>Essential</REVRECREVENUETYPE><SHIPMENTPHYSICALLOADTEMPLATEID></SHIPMENTPHYSICALLOADTEMPLATEID></INVENTPRODUCTGROUPENTITY><INVENTPRODUCTGROUPENTITY><DEFAULTFORECASTALLOCATIONKEYID></DEFAULTFORECASTALLOCATIONKEYID><DEFAULTPURCHASESALESTAXITEMGROUPCODE></DEFAULTPURCHASESALESTAXITEMGROUPCODE><DEFAULTSALESSALESTAXITEMGROUPCODE></DEFAULTSALESSALESTAXITEMGROUPCODE><GROUPID>EGGYNGSTD</GROUPID><GROUPNAME><![CDATA[Eggs, Young & Steeds]]></GROUPNAME><ISFILTERCODEDETERMININGWAREHOUSEFILTERGROUP></ISFILTERCODEDETERMININGWAREHOUSEFILTERGROUP><IsFilterCodeDeterminingWarehouseFilterGroup10_></IsFilterCodeDeterminingWarehouseFilterGroup10_><IsFilterCodeDeterminingWarehouseFilterGroup2_></IsFilterCodeDeterminingWarehouseFilterGroup2_><IsFilterCodeDeterminingWarehouseFilterGroup3_></IsFilterCodeDeterminingWarehouseFilterGroup3_><IsFilterCodeDeterminingWarehouseFilterGroup4_></IsFilterCodeDeterminingWarehouseFilterGroup4_><IsFilterCodeDeterminingWarehouseFilterGroup5_></IsFilterCodeDeterminingWarehouseFilterGroup5_><IsFilterCodeDeterminingWarehouseFilterGroup6_></IsFilterCodeDeterminingWarehouseFilterGroup6_><IsFilterCodeDeterminingWarehouseFilterGroup7_></IsFilterCodeDeterminingWarehouseFilterGroup7_><IsFilterCodeDeterminingWarehouseFilterGroup8_></IsFilterCodeDeterminingWarehouseFilterGroup8_><IsFilterCodeDeterminingWarehouseFilterGroup9_></IsFilterCodeDeterminingWarehouseFilterGroup9_><ISWAREHOUSEFILTERCODEREQUIRED></ISWAREHOUSEFILTERCODEREQUIRED><IsWarehouseFilterCodeRequired10_></IsWarehouseFilterCodeRequired10_><IsWarehouseFilterCodeRequired2_></IsWarehouseFilterCodeRequired2_><IsWarehouseFilterCodeRequired3_></IsWarehouseFilterCodeRequired3_><IsWarehouseFilterCodeRequired4_></IsWarehouseFilterCodeRequired4_><IsWarehouseFilterCodeRequired5_></IsWarehouseFilterCodeRequired5_><IsWarehouseFilterCodeRequired6_></IsWarehouseFilterCodeRequired6_><IsWarehouseFilterCodeRequired7_></IsWarehouseFilterCodeRequired7_><IsWarehouseFilterCodeRequired8_></IsWarehouseFilterCodeRequired8_><IsWarehouseFilterCodeRequired9_></IsWarehouseFilterCodeRequired9_><REVRECDEFAULTREVENUERECOGNITIONSCHEDULE></REVRECDEFAULTREVENUERECOGNITIONSCHEDULE><REVRECEXCLUDEFROMCARVEOUT>No</REVRECEXCLUDEFROMCARVEOUT><REVRECMEDIANPRICE>No</REVRECMEDIANPRICE><REVRECMEDIANPRICEMAXIMUMTOLERANCE>0.000000</REVRECMEDIANPRICEMAXIMUMTOLERANCE><REVRECMEDIANPRICEMINIMUMTOLERANCE>0.000000</REVRECMEDIANPRICEMINIMUMTOLERANCE><REVRECREVENUERECOGNITIONENABLED>No</REVRECREVENUERECOGNITIONENABLED><REVRECREVENUETYPE>Essential</REVRECREVENUETYPE><SHIPMENTPHYSICALLOADTEMPLATEID></SHIPMENTPHYSICALLOADTEMPLATEID></INVENTPRODUCTGROUPENTITY><INVENTPRODUCTGROUPENTITY><DEFAULTFORECASTALLOCATIONKEYID></DEFAULTFORECASTALLOCATIONKEYID><DEFAULTPURCHASESALESTAXITEMGROUPCODE></DEFAULTPURCHASESALESTAXITEMGROUPCODE><DEFAULTSALESSALESTAXITEMGROUPCODE></DEFAULTSALESSALESTAXITEMGROUPCODE><GROUPID>FABRICS</GROUPID><GROUPNAME>Fabrics</GROUPNAME><ISFILTERCODEDETERMININGWAREHOUSEFILTERGROUP></ISFILTERCODEDETERMININGWAREHOUSEFILTERGROUP><IsFilterCodeDeterminingWarehouseFilterGroup10_></IsFilterCodeDeterminingWarehouseFilterGroup10_><IsFilterCodeDeterminingWarehouseFilterGroup2_></IsFilterCodeDeterminingWarehouseFilterGroup2_><IsFilterCodeDeterminingWarehouseFilterGroup3_></IsFilterCodeDeterminingWarehouseFilterGroup3_><IsFilterCodeDeterminingWarehouseFilterGroup4_></IsFilterCodeDeterminingWarehouseFilterGroup4_><IsFilterCodeDeterminingWarehouseFilterGroup5_></IsFilterCodeDeterminingWarehouseFilterGroup5_><IsFilterCodeDeterminingWarehouseFilterGroup6_></IsFilterCodeDeterminingWarehouseFilterGroup6_><IsFilterCodeDeterminingWarehouseFilterGroup7_></IsFilterCodeDeterminingWarehouseFilterGroup7_><IsFilterCodeDeterminingWarehouseFilterGroup8_></IsFilterCodeDeterminingWarehouseFilterGroup8_><IsFilterCodeDeterminingWarehouseFilterGroup9_></IsFilterCodeDeterminingWarehouseFilterGroup9_><ISWAREHOUSEFILTERCODEREQUIRED></ISWAREHOUSEFILTERCODEREQUIRED><IsWarehouseFilterCodeRequired10_></IsWarehouseFilterCodeRequired10_><IsWarehouseFilterCodeRequired2_></IsWarehouseFilterCodeRequired2_><IsWarehouseFilterCodeRequired3_></IsWarehouseFilterCodeRequired3_><IsWarehouseFilterCodeRequired4_></IsWarehouseFilterCodeRequired4_><IsWarehouseFilterCodeRequired5_></IsWarehouseFilterCodeRequired5_><IsWarehouseFilterCodeRequired6_></IsWarehouseFilterCodeRequired6_><IsWarehouseFilterCodeRequired7_></IsWarehouseFilterCodeRequired7_><IsWarehouseFilterCodeRequired8_></IsWarehouseFilterCodeRequired8_><IsWarehouseFilterCodeRequired9_></IsWarehouseFilterCodeRequired9_><REVRECDEFAULTREVENUERECOGNITIONSCHEDULE></REVRECDEFAULTREVENUERECOGNITIONSCHEDULE><REVRECEXCLUDEFROMCARVEOUT>No</REVRECEXCLUDEFROMCARVEOUT><REVRECMEDIANPRICE>No</REVRECMEDIANPRICE><REVRECMEDIANPRICEMAXIMUMTOLERANCE>0.000000</REVRECMEDIANPRICEMAXIMUMTOLERANCE><REVRECMEDIANPRICEMINIMUMTOLERANCE>0.000000</REVRECMEDIANPRICEMINIMUMTOLERANCE><REVRECREVENUERECOGNITIONENABLED>No</REVRECREVENUERECOGNITIONENABLED><REVRECREVENUETYPE>Essential</REVRECREVENUETYPE><SHIPMENTPHYSICALLOADTEMPLATEID></SHIPMENTPHYSICALLOADTEMPLATEID></INVENTPRODUCTGROUPENTITY><INVENTPRODUCTGROUPENTITY><DEFAULTFORECASTALLOCATIONKEYID></DEFAULTFORECASTALLOCATIONKEYID><DEFAULTPURCHASESALESTAXITEMGROUPCODE></DEFAULTPURCHASESALESTAXITEMGROUPCODE><DEFAULTSALESSALESTAXITEMGROUPCODE></DEFAULTSALESSALESTAXITEMGROUPCODE><GROUPID>FINESPNLTY</GROUPID><GROUPNAME><![CDATA[Fines & Penalties]]></GROUPNAME><ISFILTERCODEDETERMININGWAREHOUSEFILTERGROUP></ISFILTERCODEDETERMININGWAREHOUSEFILTERGROUP><IsFilterCodeDeterminingWarehouseFilterGroup10_></IsFilterCodeDeterminingWarehouseFilterGroup10_><IsFilterCodeDeterminingWarehouseFilterGroup2_></IsFilterCodeDeterminingWarehouseFilterGroup2_><IsFilterCodeDeterminingWarehouseFilterGroup3_></IsFilterCodeDeterminingWarehouseFilterGroup3_><IsFilterCodeDeterminingWarehouseFilterGroup4_></IsFilterCodeDeterminingWarehouseFilterGroup4_><IsFilterCodeDeterminingWarehouseFilterGroup5_></IsFilterCodeDeterminingWarehouseFilterGroup5_><IsFilterCodeDeterminingWarehouseFilterGroup6_></IsFilterCodeDeterminingWarehouseFilterGroup6_><IsFilterCodeDeterminingWarehouseFilterGroup7_></IsFilterCodeDeterminingWarehouseFilterGroup7_><IsFilterCodeDeterminingWarehouseFilterGroup8_></IsFilterCodeDeterminingWarehouseFilterGroup8_><IsFilterCodeDeterminingWarehouseFilterGroup9_></IsFilterCodeDeterminingWarehouseFilterGroup9_><ISWAREHOUSEFILTERCODEREQUIRED></ISWAREHOUSEFILTERCODEREQUIRED><IsWarehouseFilterCodeRequired10_></IsWarehouseFilterCodeRequired10_><IsWarehouseFilterCodeRequired2_></IsWarehouseFilterCodeRequired2_><IsWarehouseFilterCodeRequired3_></IsWarehouseFilterCodeRequired3_><IsWarehouseFilterCodeRequired4_></IsWarehouseFilterCodeRequired4_><IsWarehouseFilterCodeRequired5_></IsWarehouseFilterCodeRequired5_><IsWarehouseFilterCodeRequired6_></IsWarehouseFilterCodeRequired6_><IsWarehouseFilterCodeRequired7_></IsWarehouseFilterCodeRequired7_><IsWarehouseFilterCodeRequired8_></IsWarehouseFilterCodeRequired8_><IsWarehouseFilterCodeRequired9_></IsWarehouseFilterCodeRequired9_><REVRECDEFAULTREVENUERECOGNITIONSCHEDULE></REVRECDEFAULTREVENUERECOGNITIONSCHEDULE><REVRECEXCLUDEFROMCARVEOUT>No</REVRECEXCLUDEFROMCARVEOUT><REVRECMEDIANPRICE>No</REVRECMEDIANPRICE><REVRECMEDIANPRICEMAXIMUMTOLERANCE>0.000000</REVRECMEDIANPRICEMAXIMUMTOLERANCE><REVRECMEDIANPRICEMINIMUMTOLERANCE>0.000000</REVRECMEDIANPRICEMINIMUMTOLERANCE><REVRECREVENUERECOGNITIONENABLED>No</REVRECREVENUERECOGNITIONENABLED><REVRECREVENUETYPE>Essential</REVRECREVENUETYPE><SHIPMENTPHYSICALLOADTEMPLATEID></SHIPMENTPHYSICALLOADTEMPLATEID></INVENTPRODUCTGROUPENTITY><INVENTPRODUCTGROUPENTITY><DEFAULTFORECASTALLOCATIONKEYID></DEFAULTFORECASTALLOCATIONKEYID><DEFAULTPURCHASESALESTAXITEMGROUPCODE></DEFAULTPURCHASESALESTAXITEMGROUPCODE><DEFAULTSALESSALESTAXITEMGROUPCODE></DEFAULTSALESSALESTAXITEMGROUPCODE><GROUPID>FOODSTUFF</GROUPID><GROUPNAME>Foodstuff</GROUPNAME><ISFILTERCODEDETERMININGWAREHOUSEFILTERGROUP></ISFILTERCODEDETERMININGWAREHOUSEFILTERGROUP><IsFilterCodeDeterminingWarehouseFilterGroup10_></IsFilterCodeDeterminingWarehouseFilterGroup10_><IsFilterCodeDeterminingWarehouseFilterGroup2_></IsFilterCodeDeterminingWarehouseFilterGroup2_><IsFilterCodeDeterminingWarehouseFilterGroup3_></IsFilterCodeDeterminingWarehouseFilterGroup3_><IsFilterCodeDeterminingWarehouseFilterGroup4_></IsFilterCodeDeterminingWarehouseFilterGroup4_><IsFilterCodeDeterminingWarehouseFilterGroup5_></IsFilterCodeDeterminingWarehouseFilterGroup5_><IsFilterCodeDeterminingWarehouseFilterGroup6_></IsFilterCodeDeterminingWarehouseFilterGroup6_><IsFilterCodeDeterminingWarehouseFilterGroup7_></IsFilterCodeDeterminingWarehouseFilterGroup7_><IsFilterCodeDeterminingWarehouseFilterGroup8_></IsFilterCodeDeterminingWarehouseFilterGroup8_><IsFilterCodeDeterminingWarehouseFilterGroup9_></IsFilterCodeDeterminingWarehouseFilterGroup9_><ISWAREHOUSEFILTERCODEREQUIRED></ISWAREHOUSEFILTERCODEREQUIRED><IsWarehouseFilterCodeRequired10_></IsWarehouseFilterCodeRequired10_><IsWarehouseFilterCodeRequired2_></IsWarehouseFilterCodeRequired2_><IsWarehouseFilterCodeRequired3_></IsWarehouseFilterCodeRequired3_><IsWarehouseFilterCodeRequired4_></IsWarehouseFilterCodeRequired4_><IsWarehouseFilterCodeRequired5_></IsWarehouseFilterCodeRequired5_><IsWarehouseFilterCodeRequired6_></IsWarehouseFilterCodeRequired6_><IsWarehouseFilterCodeRequired7_></IsWarehouseFilterCodeRequired7_><IsWarehouseFilterCodeRequired8_></IsWarehouseFilterCodeRequired8_><IsWarehouseFilterCodeRequired9_></IsWarehouseFilterCodeRequired9_><REVRECDEFAULTREVENUERECOGNITIONSCHEDULE></REVRECDEFAULTREVENUERECOGNITIONSCHEDULE><REVRECEXCLUDEFROMCARVEOUT>No</REVRECEXCLUDEFROMCARVEOUT><REVRECMEDIANPRICE>No</REVRECMEDIANPRICE><REVRECMEDIANPRICEMAXIMUMTOLERANCE>0.000000</REVRECMEDIANPRICEMAXIMUMTOLERANCE><REVRECMEDIANPRICEMINIMUMTOLERANCE>0.000000</REVRECMEDIANPRICEMINIMUMTOLERANCE><REVRECREVENUERECOGNITIONENABLED>No</REVRECREVENUERECOGNITIONENABLED><REVRECREVENUETYPE>Essential</REVRECREVENUETYPE><SHIPMENTPHYSICALLOADTEMPLATEID></SHIPMENTPHYSICALLOADTEMPLATEID></INVENTPRODUCTGROUPENTITY><INVENTPRODUCTGROUPENTITY><DEFAULTFORECASTALLOCATIONKEYID></DEFAULTFORECASTALLOCATIONKEYID><DEFAULTPURCHASESALESTAXITEMGROUPCODE></DEFAULTPURCHASESALESTAXITEMGROUPCODE><DEFAULTSALESSALESTAXITEMGROUPCODE></DEFAULTSALESSALESTAXITEMGROUPCODE><GROUPID>FURNISHING</GROUPID><GROUPNAME>Furnishings</GROUPNAME><ISFILTERCODEDETERMININGWAREHOUSEFILTERGROUP></ISFILTERCODEDETERMININGWAREHOUSEFILTERGROUP><IsFilterCodeDeterminingWarehouseFilterGroup10_></IsFilterCodeDeterminingWarehouseFilterGroup10_><IsFilterCodeDeterminingWarehouseFilterGroup2_></IsFilterCodeDeterminingWarehouseFilterGroup2_><IsFilterCodeDeterminingWarehouseFilterGroup3_></IsFilterCodeDeterminingWarehouseFilterGroup3_><IsFilterCodeDeterminingWarehouseFilterGroup4_></IsFilterCodeDeterminingWarehouseFilterGroup4_><IsFilterCodeDeterminingWarehouseFilterGroup5_></IsFilterCodeDeterminingWarehouseFilterGroup5_><IsFilterCodeDeterminingWarehouseFilterGroup6_></IsFilterCodeDeterminingWarehouseFilterGroup6_><IsFilterCodeDeterminingWarehouseFilterGroup7_></IsFilterCodeDeterminingWarehouseFilterGroup7_><IsFilterCodeDeterminingWarehouseFilterGroup8_></IsFilterCodeDeterminingWarehouseFilterGroup8_><IsFilterCodeDeterminingWarehouseFilterGroup9_></IsFilterCodeDeterminingWarehouseFilterGroup9_><ISWAREHOUSEFILTERCODEREQUIRED></ISWAREHOUSEFILTERCODEREQUIRED><IsWarehouseFilterCodeRequired10_></IsWarehouseFilterCodeRequired10_><IsWarehouseFilterCodeRequired2_></IsWarehouseFilterCodeRequired2_><IsWarehouseFilterCodeRequired3_></IsWarehouseFilterCodeRequired3_><IsWarehouseFilterCodeRequired4_></IsWarehouseFilterCodeRequired4_><IsWarehouseFilterCodeRequired5_></IsWarehouseFilterCodeRequired5_><IsWarehouseFilterCodeRequired6_></IsWarehouseFilterCodeRequired6_><IsWarehouseFilterCodeRequired7_></IsWarehouseFilterCodeRequired7_><IsWarehouseFilterCodeRequired8_></IsWarehouseFilterCodeRequired8_><IsWarehouseFilterCodeRequired9_></IsWarehouseFilterCodeRequired9_><REVRECDEFAULTREVENUERECOGNITIONSCHEDULE></REVRECDEFAULTREVENUERECOGNITIONSCHEDULE><REVRECEXCLUDEFROMCARVEOUT>No</REVRECEXCLUDEFROMCARVEOUT><REVRECMEDIANPRICE>No</REVRECMEDIANPRICE><REVRECMEDIANPRICEMAXIMUMTOLERANCE>0.000000</REVRECMEDIANPRICEMAXIMUMTOLERANCE><REVRECMEDIANPRICEMINIMUMTOLERANCE>0.000000</REVRECMEDIANPRICEMINIMUMTOLERANCE><REVRECREVENUERECOGNITIONENABLED>No</REVRECREVENUERECOGNITIONENABLED><REVRECREVENUETYPE>Essential</REVRECREVENUETYPE><SHIPMENTPHYSICALLOADTEMPLATEID></SHIPMENTPHYSICALLOADTEMPLATEID></INVENTPRODUCTGROUPENTITY><INVENTPRODUCTGROUPENTITY><DEFAULTFORECASTALLOCATIONKEYID></DEFAULTFORECASTALLOCATIONKEYID><DEFAULTPURCHASESALESTAXITEMGROUPCODE></DEFAULTPURCHASESALESTAXITEMGROUPCODE><DEFAULTSALESSALESTAXITEMGROUPCODE></DEFAULTSALESSALESTAXITEMGROUPCODE><GROUPID>FURS</GROUPID><GROUPNAME>Furs</GROUPNAME><ISFILTERCODEDETERMININGWAREHOUSEFILTERGROUP></ISFILTERCODEDETERMININGWAREHOUSEFILTERGROUP><IsFilterCodeDeterminingWarehouseFilterGroup10_></IsFilterCodeDeterminingWarehouseFilterGroup10_><IsFilterCodeDeterminingWarehouseFilterGroup2_></IsFilterCodeDeterminingWarehouseFilterGroup2_><IsFilterCodeDeterminingWarehouseFilterGroup3_></IsFilterCodeDeterminingWarehouseFilterGroup3_><IsFilterCodeDeterminingWarehouseFilterGroup4_></IsFilterCodeDeterminingWarehouseFilterGroup4_><IsFilterCodeDeterminingWarehouseFilterGroup5_></IsFilterCodeDeterminingWarehouseFilterGroup5_><IsFilterCodeDeterminingWarehouseFilterGroup6_></IsFilterCodeDeterminingWarehouseFilterGroup6_><IsFilterCodeDeterminingWarehouseFilterGroup7_></IsFilterCodeDeterminingWarehouseFilterGroup7_><IsFilterCodeDeterminingWarehouseFilterGroup8_></IsFilterCodeDeterminingWarehouseFilterGroup8_><IsFilterCodeDeterminingWarehouseFilterGroup9_></IsFilterCodeDeterminingWarehouseFilterGroup9_><ISWAREHOUSEFILTERCODEREQUIRED></ISWAREHOUSEFILTERCODEREQUIRED><IsWarehouseFilterCodeRequired10_></IsWarehouseFilterCodeRequired10_><IsWarehouseFilterCodeRequired2_></IsWarehouseFilterCodeRequired2_><IsWarehouseFilterCodeRequired3_></IsWarehouseFilterCodeRequired3_><IsWarehouseFilterCodeRequired4_></IsWarehouseFilterCodeRequired4_><IsWarehouseFilterCodeRequired5_></IsWarehouseFilterCodeRequired5_><IsWarehouseFilterCodeRequired6_></IsWarehouseFilterCodeRequired6_><IsWarehouseFilterCodeRequired7_></IsWarehouseFilterCodeRequired7_><IsWarehouseFilterCodeRequired8_></IsWarehouseFilterCodeRequired8_><IsWarehouseFilterCodeRequired9_></IsWarehouseFilterCodeRequired9_><REVRECDEFAULTREVENUERECOGNITIONSCHEDULE></REVRECDEFAULTREVENUERECOGNITIONSCHEDULE><REVRECEXCLUDEFROMCARVEOUT>No</REVRECEXCLUDEFROMCARVEOUT><REVRECMEDIANPRICE>No</REVRECMEDIANPRICE><REVRECMEDIANPRICEMAXIMUMTOLERANCE>0.000000</REVRECMEDIANPRICEMAXIMUMTOLERANCE><REVRECMEDIANPRICEMINIMUMTOLERANCE>0.000000</REVRECMEDIANPRICEMINIMUMTOLERANCE><REVRECREVENUERECOGNITIONENABLED>No</REVRECREVENUERECOGNITIONENABLED><REVRECREVENUETYPE>Essential</REVRECREVENUETYPE><SHIPMENTPHYSICALLOADTEMPLATEID></SHIPMENTPHYSICALLOADTEMPLATEID></INVENTPRODUCTGROUPENTITY><INVENTPRODUCTGROUPENTITY><DEFAULTFORECASTALLOCATIONKEYID></DEFAULTFORECASTALLOCATIONKEYID><DEFAULTPURCHASESALESTAXITEMGROUPCODE></DEFAULTPURCHASESALESTAXITEMGROUPCODE><DEFAULTSALESSALESTAXITEMGROUPCODE></DEFAULTSALESSALESTAXITEMGROUPCODE><GROUPID>ILLUMINATN</GROUPID><GROUPNAME>Illuminations</GROUPNAME><ISFILTERCODEDETERMININGWAREHOUSEFILTERGROUP></ISFILTERCODEDETERMININGWAREHOUSEFILTERGROUP><IsFilterCodeDeterminingWarehouseFilterGroup10_></IsFilterCodeDeterminingWarehouseFilterGroup10_><IsFilterCodeDeterminingWarehouseFilterGroup2_></IsFilterCodeDeterminingWarehouseFilterGroup2_><IsFilterCodeDeterminingWarehouseFilterGroup3_></IsFilterCodeDeterminingWarehouseFilterGroup3_><IsFilterCodeDeterminingWarehouseFilterGroup4_></IsFilterCodeDeterminingWarehouseFilterGroup4_><IsFilterCodeDeterminingWarehouseFilterGroup5_></IsFilterCodeDeterminingWarehouseFilterGroup5_><IsFilterCodeDeterminingWarehouseFilterGroup6_></IsFilterCodeDeterminingWarehouseFilterGroup6_><IsFilterCodeDeterminingWarehouseFilterGroup7_></IsFilterCodeDeterminingWarehouseFilterGroup7_><IsFilterCodeDeterminingWarehouseFilterGroup8_></IsFilterCodeDeterminingWarehouseFilterGroup8_><IsFilterCodeDeterminingWarehouseFilterGroup9_></IsFilterCodeDeterminingWarehouseFilterGroup9_><ISWAREHOUSEFILTERCODEREQUIRED></ISWAREHOUSEFILTERCODEREQUIRED><IsWarehouseFilterCodeRequired10_></IsWarehouseFilterCodeRequired10_><IsWarehouseFilterCodeRequired2_></IsWarehouseFilterCodeRequired2_><IsWarehouseFilterCodeRequired3_></IsWarehouseFilterCodeRequired3_><IsWarehouseFilterCodeRequired4_></IsWarehouseFilterCodeRequired4_><IsWarehouseFilterCodeRequired5_></IsWarehouseFilterCodeRequired5_><IsWarehouseFilterCodeRequired6_></IsWarehouseFilterCodeRequired6_><IsWarehouseFilterCodeRequired7_></IsWarehouseFilterCodeRequired7_><IsWarehouseFilterCodeRequired8_></IsWarehouseFilterCodeRequired8_><IsWarehouseFilterCodeRequired9_></IsWarehouseFilterCodeRequired9_><REVRECDEFAULTREVENUERECOGNITIONSCHEDULE></REVRECDEFAULTREVENUERECOGNITIONSCHEDULE><REVRECEXCLUDEFROMCARVEOUT>No</REVRECEXCLUDEFROMCARVEOUT><REVRECMEDIANPRICE>No</REVRECMEDIANPRICE><REVRECMEDIANPRICEMAXIMUMTOLERANCE>0.000000</REVRECMEDIANPRICEMAXIMUMTOLERANCE><REVRECMEDIANPRICEMINIMUMTOLERANCE>0.000000</REVRECMEDIANPRICEMINIMUMTOLERANCE><REVRECREVENUERECOGNITIONENABLED>No</REVRECREVENUERECOGNITIONENABLED><REVRECREVENUETYPE>Essential</REVRECREVENUETYPE><SHIPMENTPHYSICALLOADTEMPLATEID></SHIPMENTPHYSICALLOADTEMPLATEID></INVENTPRODUCTGROUPENTITY><INVENTPRODUCTGROUPENTITY><DEFAULTFORECASTALLOCATIONKEYID></DEFAULTFORECASTALLOCATIONKEYID><DEFAULTPURCHASESALESTAXITEMGROUPCODE></DEFAULTPURCHASESALESTAXITEMGROUPCODE><DEFAULTSALESSALESTAXITEMGROUPCODE></DEFAULTSALESSALESTAXITEMGROUPCODE><GROUPID>LAB</GROUPID><GROUPNAME>Lab Equipment</GROUPNAME><ISFILTERCODEDETERMININGWAREHOUSEFILTERGROUP></ISFILTERCODEDETERMININGWAREHOUSEFILTERGROUP><IsFilterCodeDeterminingWarehouseFilterGroup10_></IsFilterCodeDeterminingWarehouseFilterGroup10_><IsFilterCodeDeterminingWarehouseFilterGroup2_></IsFilterCodeDeterminingWarehouseFilterGroup2_><IsFilterCodeDeterminingWarehouseFilterGroup3_></IsFilterCodeDeterminingWarehouseFilterGroup3_><IsFilterCodeDeterminingWarehouseFilterGroup4_></IsFilterCodeDeterminingWarehouseFilterGroup4_><IsFilterCodeDeterminingWarehouseFilterGroup5_></IsFilterCodeDeterminingWarehouseFilterGroup5_><IsFilterCodeDeterminingWarehouseFilterGroup6_></IsFilterCodeDeterminingWarehouseFilterGroup6_><IsFilterCodeDeterminingWarehouseFilterGroup7_></IsFilterCodeDeterminingWarehouseFilterGroup7_><IsFilterCodeDeterminingWarehouseFilterGroup8_></IsFilterCodeDeterminingWarehouseFilterGroup8_><IsFilterCodeDeterminingWarehouseFilterGroup9_></IsFilterCodeDeterminingWarehouseFilterGroup9_><ISWAREHOUSEFILTERCODEREQUIRED></ISWAREHOUSEFILTERCODEREQUIRED><IsWarehouseFilterCodeRequired10_></IsWarehouseFilterCodeRequired10_><IsWarehouseFilterCodeRequired2_></IsWarehouseFilterCodeRequired2_><IsWarehouseFilterCodeRequired3_></IsWarehouseFilterCodeRequired3_><IsWarehouseFilterCodeRequired4_></IsWarehouseFilterCodeRequired4_><IsWarehouseFilterCodeRequired5_></IsWarehouseFilterCodeRequired5_><IsWarehouseFilterCodeRequired6_></IsWarehouseFilterCodeRequired6_><IsWarehouseFilterCodeRequired7_></IsWarehouseFilterCodeRequired7_><IsWarehouseFilterCodeRequired8_></IsWarehouseFilterCodeRequired8_><IsWarehouseFilterCodeRequired9_></IsWarehouseFilterCodeRequired9_><REVRECDEFAULTREVENUERECOGNITIONSCHEDULE></REVRECDEFAULTREVENUERECOGNITIONSCHEDULE><REVRECEXCLUDEFROMCARVEOUT>No</REVRECEXCLUDEFROMCARVEOUT><REVRECMEDIANPRICE>No</REVRECMEDIANPRICE><REVRECMEDIANPRICEMAXIMUMTOLERANCE>0.000000</REVRECMEDIANPRICEMAXIMUMTOLERANCE><REVRECMEDIANPRICEMINIMUMTOLERANCE>0.000000</REVRECMEDIANPRICEMINIMUMTOLERANCE><REVRECREVENUERECOGNITIONENABLED>No</REVRECREVENUERECOGNITIONENABLED><REVRECREVENUETYPE>Essential</REVRECREVENUETYPE><SHIPMENTPHYSICALLOADTEMPLATEID></SHIPMENTPHYSICALLOADTEMPLATEID></INVENTPRODUCTGROUPENTITY><INVENTPRODUCTGROUPENTITY><DEFAULTFORECASTALLOCATIONKEYID></DEFAULTFORECASTALLOCATIONKEYID><DEFAULTPURCHASESALESTAXITEMGROUPCODE></DEFAULTPURCHASESALESTAXITEMGROUPCODE><DEFAULTSALESSALESTAXITEMGROUPCODE></DEFAULTSALESSALESTAXITEMGROUPCODE><GROUPID>MISC</GROUPID><GROUPNAME>Miscellaneous</GROUPNAME><ISFILTERCODEDETERMININGWAREHOUSEFILTERGROUP></ISFILTERCODEDETERMININGWAREHOUSEFILTERGROUP><IsFilterCodeDeterminingWarehouseFilterGroup10_></IsFilterCodeDeterminingWarehouseFilterGroup10_><IsFilterCodeDeterminingWarehouseFilterGroup2_></IsFilterCodeDeterminingWarehouseFilterGroup2_><IsFilterCodeDeterminingWarehouseFilterGroup3_></IsFilterCodeDeterminingWarehouseFilterGroup3_><IsFilterCodeDeterminingWarehouseFilterGroup4_></IsFilterCodeDeterminingWarehouseFilterGroup4_><IsFilterCodeDeterminingWarehouseFilterGroup5_></IsFilterCodeDeterminingWarehouseFilterGroup5_><IsFilterCodeDeterminingWarehouseFilterGroup6_></IsFilterCodeDeterminingWarehouseFilterGroup6_><IsFilterCodeDeterminingWarehouseFilterGroup7_></IsFilterCodeDeterminingWarehouseFilterGroup7_><IsFilterCodeDeterminingWarehouseFilterGroup8_></IsFilterCodeDeterminingWarehouseFilterGroup8_><IsFilterCodeDeterminingWarehouseFilterGroup9_></IsFilterCodeDeterminingWarehouseFilterGroup9_><ISWAREHOUSEFILTERCODEREQUIRED></ISWAREHOUSEFILTERCODEREQUIRED><IsWarehouseFilterCodeRequired10_></IsWarehouseFilterCodeRequired10_><IsWarehouseFilterCodeRequired2_></IsWarehouseFilterCodeRequired2_><IsWarehouseFilterCodeRequired3_></IsWarehouseFilterCodeRequired3_><IsWarehouseFilterCodeRequired4_></IsWarehouseFilterCodeRequired4_><IsWarehouseFilterCodeRequired5_></IsWarehouseFilterCodeRequired5_><IsWarehouseFilterCodeRequired6_></IsWarehouseFilterCodeRequired6_><IsWarehouseFilterCodeRequired7_></IsWarehouseFilterCodeRequired7_><IsWarehouseFilterCodeRequired8_></IsWarehouseFilterCodeRequired8_><IsWarehouseFilterCodeRequired9_></IsWarehouseFilterCodeRequired9_><REVRECDEFAULTREVENUERECOGNITIONSCHEDULE></REVRECDEFAULTREVENUERECOGNITIONSCHEDULE><REVRECEXCLUDEFROMCARVEOUT>No</REVRECEXCLUDEFROMCARVEOUT><REVRECMEDIANPRICE>No</REVRECMEDIANPRICE><REVRECMEDIANPRICEMAXIMUMTOLERANCE>0.000000</REVRECMEDIANPRICEMAXIMUMTOLERANCE><REVRECMEDIANPRICEMINIMUMTOLERANCE>0.000000</REVRECMEDIANPRICEMINIMUMTOLERANCE><REVRECREVENUERECOGNITIONENABLED>No</REVRECREVENUERECOGNITIONENABLED><REVRECREVENUETYPE>Essential</REVRECREVENUETYPE><SHIPMENTPHYSICALLOADTEMPLATEID></SHIPMENTPHYSICALLOADTEMPLATEID></INVENTPRODUCTGROUPENTITY><INVENTPRODUCTGROUPENTITY><DEFAULTFORECASTALLOCATIONKEYID></DEFAULTFORECASTALLOCATIONKEYID><DEFAULTPURCHASESALESTAXITEMGROUPCODE></DEFAULTPURCHASESALESTAXITEMGROUPCODE><DEFAULTSALESSALESTAXITEMGROUPCODE></DEFAULTSALESSALESTAXITEMGROUPCODE><GROUPID>PTNSELIXR</GROUPID><GROUPNAME><![CDATA[Portions & Elixers]]></GROUPNAME><ISFILTERCODEDETERMININGWAREHOUSEFILTERGROUP></ISFILTERCODEDETERMININGWAREHOUSEFILTERGROUP><IsFilterCodeDeterminingWarehouseFilterGroup10_></IsFilterCodeDeterminingWarehouseFilterGroup10_><IsFilterCodeDeterminingWarehouseFilterGroup2_></IsFilterCodeDeterminingWarehouseFilterGroup2_><IsFilterCodeDeterminingWarehouseFilterGroup3_></IsFilterCodeDeterminingWarehouseFilterGroup3_><IsFilterCodeDeterminingWarehouseFilterGroup4_></IsFilterCodeDeterminingWarehouseFilterGroup4_><IsFilterCodeDeterminingWarehouseFilterGroup5_></IsFilterCodeDeterminingWarehouseFilterGroup5_><IsFilterCodeDeterminingWarehouseFilterGroup6_></IsFilterCodeDeterminingWarehouseFilterGroup6_><IsFilterCodeDeterminingWarehouseFilterGroup7_></IsFilterCodeDeterminingWarehouseFilterGroup7_><IsFilterCodeDeterminingWarehouseFilterGroup8_></IsFilterCodeDeterminingWarehouseFilterGroup8_><IsFilterCodeDeterminingWarehouseFilterGroup9_></IsFilterCodeDeterminingWarehouseFilterGroup9_><ISWAREHOUSEFILTERCODEREQUIRED></ISWAREHOUSEFILTERCODEREQUIRED><IsWarehouseFilterCodeRequired10_></IsWarehouseFilterCodeRequired10_><IsWarehouseFilterCodeRequired2_></IsWarehouseFilterCodeRequired2_><IsWarehouseFilterCodeRequired3_></IsWarehouseFilterCodeRequired3_><IsWarehouseFilterCodeRequired4_></IsWarehouseFilterCodeRequired4_><IsWarehouseFilterCodeRequired5_></IsWarehouseFilterCodeRequired5_><IsWarehouseFilterCodeRequired6_></IsWarehouseFilterCodeRequired6_><IsWarehouseFilterCodeRequired7_></IsWarehouseFilterCodeRequired7_><IsWarehouseFilterCodeRequired8_></IsWarehouseFilterCodeRequired8_><IsWarehouseFilterCodeRequired9_></IsWarehouseFilterCodeRequired9_><REVRECDEFAULTREVENUERECOGNITIONSCHEDULE></REVRECDEFAULTREVENUERECOGNITIONSCHEDULE><REVRECEXCLUDEFROMCARVEOUT>No</REVRECEXCLUDEFROMCARVEOUT><REVRECMEDIANPRICE>No</REVRECMEDIANPRICE><REVRECMEDIANPRICEMAXIMUMTOLERANCE>0.000000</REVRECMEDIANPRICEMAXIMUMTOLERANCE><REVRECMEDIANPRICEMINIMUMTOLERANCE>0.000000</REVRECMEDIANPRICEMINIMUMTOLERANCE><REVRECREVENUERECOGNITIONENABLED>No</REVRECREVENUERECOGNITIONENABLED><REVRECREVENUETYPE>Essential</REVRECREVENUETYPE><SHIPMENTPHYSICALLOADTEMPLATEID></SHIPMENTPHYSICALLOADTEMPLATEID></INVENTPRODUCTGROUPENTITY><INVENTPRODUCTGROUPENTITY><DEFAULTFORECASTALLOCATIONKEYID></DEFAULTFORECASTALLOCATIONKEYID><DEFAULTPURCHASESALESTAXITEMGROUPCODE></DEFAULTPURCHASESALESTAXITEMGROUPCODE><DEFAULTSALESSALESTAXITEMGROUPCODE></DEFAULTSALESSALESTAXITEMGROUPCODE><GROUPID>SCRIBEEQP</GROUPID><GROUPNAME>Scribe Equipment</GROUPNAME><ISFILTERCODEDETERMININGWAREHOUSEFILTERGROUP></ISFILTERCODEDETERMININGWAREHOUSEFILTERGROUP><IsFilterCodeDeterminingWarehouseFilterGroup10_></IsFilterCodeDeterminingWarehouseFilterGroup10_><IsFilterCodeDeterminingWarehouseFilterGroup2_></IsFilterCodeDeterminingWarehouseFilterGroup2_><IsFilterCodeDeterminingWarehouseFilterGroup3_></IsFilterCodeDeterminingWarehouseFilterGroup3_><IsFilterCodeDeterminingWarehouseFilterGroup4_></IsFilterCodeDeterminingWarehouseFilterGroup4_><IsFilterCodeDeterminingWarehouseFilterGroup5_></IsFilterCodeDeterminingWarehouseFilterGroup5_><IsFilterCodeDeterminingWarehouseFilterGroup6_></IsFilterCodeDeterminingWarehouseFilterGroup6_><IsFilterCodeDeterminingWarehouseFilterGroup7_></IsFilterCodeDeterminingWarehouseFilterGroup7_><IsFilterCodeDeterminingWarehouseFilterGroup8_></IsFilterCodeDeterminingWarehouseFilterGroup8_><IsFilterCodeDeterminingWarehouseFilterGroup9_></IsFilterCodeDeterminingWarehouseFilterGroup9_><ISWAREHOUSEFILTERCODEREQUIRED></ISWAREHOUSEFILTERCODEREQUIRED><IsWarehouseFilterCodeRequired10_></IsWarehouseFilterCodeRequired10_><IsWarehouseFilterCodeRequired2_></IsWarehouseFilterCodeRequired2_><IsWarehouseFilterCodeRequired3_></IsWarehouseFilterCodeRequired3_><IsWarehouseFilterCodeRequired4_></IsWarehouseFilterCodeRequired4_><IsWarehouseFilterCodeRequired5_></IsWarehouseFilterCodeRequired5_><IsWarehouseFilterCodeRequired6_></IsWarehouseFilterCodeRequired6_><IsWarehouseFilterCodeRequired7_></IsWarehouseFilterCodeRequired7_><IsWarehouseFilterCodeRequired8_></IsWarehouseFilterCodeRequired8_><IsWarehouseFilterCodeRequired9_></IsWarehouseFilterCodeRequired9_><REVRECDEFAULTREVENUERECOGNITIONSCHEDULE></REVRECDEFAULTREVENUERECOGNITIONSCHEDULE><REVRECEXCLUDEFROMCARVEOUT>No</REVRECEXCLUDEFROMCARVEOUT><REVRECMEDIANPRICE>No</REVRECMEDIANPRICE><REVRECMEDIANPRICEMAXIMUMTOLERANCE>0.000000</REVRECMEDIANPRICEMAXIMUMTOLERANCE><REVRECMEDIANPRICEMINIMUMTOLERANCE>0.000000</REVRECMEDIANPRICEMINIMUMTOLERANCE><REVRECREVENUERECOGNITIONENABLED>No</REVRECREVENUERECOGNITIONENABLED><REVRECREVENUETYPE>Essential</REVRECREVENUETYPE><SHIPMENTPHYSICALLOADTEMPLATEID></SHIPMENTPHYSICALLOADTEMPLATEID></INVENTPRODUCTGROUPENTITY><INVENTPRODUCTGROUPENTITY><DEFAULTFORECASTALLOCATIONKEYID></DEFAULTFORECASTALLOCATIONKEYID><DEFAULTPURCHASESALESTAXITEMGROUPCODE></DEFAULTPURCHASESALESTAXITEMGROUPCODE><DEFAULTSALESSALESTAXITEMGROUPCODE></DEFAULTSALESSALESTAXITEMGROUPCODE><GROUPID>SERVICES</GROUPID><GROUPNAME>Services</GROUPNAME><ISFILTERCODEDETERMININGWAREHOUSEFILTERGROUP></ISFILTERCODEDETERMININGWAREHOUSEFILTERGROUP><IsFilterCodeDeterminingWarehouseFilterGroup10_></IsFilterCodeDeterminingWarehouseFilterGroup10_><IsFilterCodeDeterminingWarehouseFilterGroup2_></IsFilterCodeDeterminingWarehouseFilterGroup2_><IsFilterCodeDeterminingWarehouseFilterGroup3_></IsFilterCodeDeterminingWarehouseFilterGroup3_><IsFilterCodeDeterminingWarehouseFilterGroup4_></IsFilterCodeDeterminingWarehouseFilterGroup4_><IsFilterCodeDeterminingWarehouseFilterGroup5_></IsFilterCodeDeterminingWarehouseFilterGroup5_><IsFilterCodeDeterminingWarehouseFilterGroup6_></IsFilterCodeDeterminingWarehouseFilterGroup6_><IsFilterCodeDeterminingWarehouseFilterGroup7_></IsFilterCodeDeterminingWarehouseFilterGroup7_><IsFilterCodeDeterminingWarehouseFilterGroup8_></IsFilterCodeDeterminingWarehouseFilterGroup8_><IsFilterCodeDeterminingWarehouseFilterGroup9_></IsFilterCodeDeterminingWarehouseFilterGroup9_><ISWAREHOUSEFILTERCODEREQUIRED></ISWAREHOUSEFILTERCODEREQUIRED><IsWarehouseFilterCodeRequired10_></IsWarehouseFilterCodeRequired10_><IsWarehouseFilterCodeRequired2_></IsWarehouseFilterCodeRequired2_><IsWarehouseFilterCodeRequired3_></IsWarehouseFilterCodeRequired3_><IsWarehouseFilterCodeRequired4_></IsWarehouseFilterCodeRequired4_><IsWarehouseFilterCodeRequired5_></IsWarehouseFilterCodeRequired5_><IsWarehouseFilterCodeRequired6_></IsWarehouseFilterCodeRequired6_><IsWarehouseFilterCodeRequired7_></IsWarehouseFilterCodeRequired7_><IsWarehouseFilterCodeRequired8_></IsWarehouseFilterCodeRequired8_><IsWarehouseFilterCodeRequired9_></IsWarehouseFilterCodeRequired9_><REVRECDEFAULTREVENUERECOGNITIONSCHEDULE></REVRECDEFAULTREVENUERECOGNITIONSCHEDULE><REVRECEXCLUDEFROMCARVEOUT>No</REVRECEXCLUDEFROMCARVEOUT><REVRECMEDIANPRICE>No</REVRECMEDIANPRICE><REVRECMEDIANPRICEMAXIMUMTOLERANCE>0.000000</REVRECMEDIANPRICEMAXIMUMTOLERANCE><REVRECMEDIANPRICEMINIMUMTOLERANCE>0.000000</REVRECMEDIANPRICEMINIMUMTOLERANCE><REVRECREVENUERECOGNITIONENABLED>No</REVRECREVENUERECOGNITIONENABLED><REVRECREVENUETYPE>Essential</REVRECREVENUETYPE><SHIPMENTPHYSICALLOADTEMPLATEID></SHIPMENTPHYSICALLOADTEMPLATEID></INVENTPRODUCTGROUPENTITY><INVENTPRODUCTGROUPENTITY><DEFAULTFORECASTALLOCATIONKEYID></DEFAULTFORECASTALLOCATIONKEYID><DEFAULTPURCHASESALESTAXITEMGROUPCODE></DEFAULTPURCHASESALESTAXITEMGROUPCODE><DEFAULTSALESSALESTAXITEMGROUPCODE></DEFAULTSALESSALESTAXITEMGROUPCODE><GROUPID>SKINS</GROUPID><GROUPNAME>Skins</GROUPNAME><ISFILTERCODEDETERMININGWAREHOUSEFILTERGROUP></ISFILTERCODEDETERMININGWAREHOUSEFILTERGROUP><IsFilterCodeDeterminingWarehouseFilterGroup10_></IsFilterCodeDeterminingWarehouseFilterGroup10_><IsFilterCodeDeterminingWarehouseFilterGroup2_></IsFilterCodeDeterminingWarehouseFilterGroup2_><IsFilterCodeDeterminingWarehouseFilterGroup3_></IsFilterCodeDeterminingWarehouseFilterGroup3_><IsFilterCodeDeterminingWarehouseFilterGroup4_></IsFilterCodeDeterminingWarehouseFilterGroup4_><IsFilterCodeDeterminingWarehouseFilterGroup5_></IsFilterCodeDeterminingWarehouseFilterGroup5_><IsFilterCodeDeterminingWarehouseFilterGroup6_></IsFilterCodeDeterminingWarehouseFilterGroup6_><IsFilterCodeDeterminingWarehouseFilterGroup7_></IsFilterCodeDeterminingWarehouseFilterGroup7_><IsFilterCodeDeterminingWarehouseFilterGroup8_></IsFilterCodeDeterminingWarehouseFilterGroup8_><IsFilterCodeDeterminingWarehouseFilterGroup9_></IsFilterCodeDeterminingWarehouseFilterGroup9_><ISWAREHOUSEFILTERCODEREQUIRED></ISWAREHOUSEFILTERCODEREQUIRED><IsWarehouseFilterCodeRequired10_></IsWarehouseFilterCodeRequired10_><IsWarehouseFilterCodeRequired2_></IsWarehouseFilterCodeRequired2_><IsWarehouseFilterCodeRequired3_></IsWarehouseFilterCodeRequired3_><IsWarehouseFilterCodeRequired4_></IsWarehouseFilterCodeRequired4_><IsWarehouseFilterCodeRequired5_></IsWarehouseFilterCodeRequired5_><IsWarehouseFilterCodeRequired6_></IsWarehouseFilterCodeRequired6_><IsWarehouseFilterCodeRequired7_></IsWarehouseFilterCodeRequired7_><IsWarehouseFilterCodeRequired8_></IsWarehouseFilterCodeRequired8_><IsWarehouseFilterCodeRequired9_></IsWarehouseFilterCodeRequired9_><REVRECDEFAULTREVENUERECOGNITIONSCHEDULE></REVRECDEFAULTREVENUERECOGNITIONSCHEDULE><REVRECEXCLUDEFROMCARVEOUT>No</REVRECEXCLUDEFROMCARVEOUT><REVRECMEDIANPRICE>No</REVRECMEDIANPRICE><REVRECMEDIANPRICEMAXIMUMTOLERANCE>0.000000</REVRECMEDIANPRICEMAXIMUMTOLERANCE><REVRECMEDIANPRICEMINIMUMTOLERANCE>0.000000</REVRECMEDIANPRICEMINIMUMTOLERANCE><REVRECREVENUERECOGNITIONENABLED>No</REVRECREVENUERECOGNITIONENABLED><REVRECREVENUETYPE>Essential</REVRECREVENUETYPE><SHIPMENTPHYSICALLOADTEMPLATEID></SHIPMENTPHYSICALLOADTEMPLATEID></INVENTPRODUCTGROUPENTITY><INVENTPRODUCTGROUPENTITY><DEFAULTFORECASTALLOCATIONKEYID></DEFAULTFORECASTALLOCATIONKEYID><DEFAULTPURCHASESALESTAXITEMGROUPCODE></DEFAULTPURCHASESALESTAXITEMGROUPCODE><DEFAULTSALESSALESTAXITEMGROUPCODE></DEFAULTSALESSALESTAXITEMGROUPCODE><GROUPID>SPELLCST</GROUPID><GROUPNAME>Spellcasting</GROUPNAME><ISFILTERCODEDETERMININGWAREHOUSEFILTERGROUP></ISFILTERCODEDETERMININGWAREHOUSEFILTERGROUP><IsFilterCodeDeterminingWarehouseFilterGroup10_></IsFilterCodeDeterminingWarehouseFilterGroup10_><IsFilterCodeDeterminingWarehouseFilterGroup2_></IsFilterCodeDeterminingWarehouseFilterGroup2_><IsFilterCodeDeterminingWarehouseFilterGroup3_></IsFilterCodeDeterminingWarehouseFilterGroup3_><IsFilterCodeDeterminingWarehouseFilterGroup4_></IsFilterCodeDeterminingWarehouseFilterGroup4_><IsFilterCodeDeterminingWarehouseFilterGroup5_></IsFilterCodeDeterminingWarehouseFilterGroup5_><IsFilterCodeDeterminingWarehouseFilterGroup6_></IsFilterCodeDeterminingWarehouseFilterGroup6_><IsFilterCodeDeterminingWarehouseFilterGroup7_></IsFilterCodeDeterminingWarehouseFilterGroup7_><IsFilterCodeDeterminingWarehouseFilterGroup8_></IsFilterCodeDeterminingWarehouseFilterGroup8_><IsFilterCodeDeterminingWarehouseFilterGroup9_></IsFilterCodeDeterminingWarehouseFilterGroup9_><ISWAREHOUSEFILTERCODEREQUIRED></ISWAREHOUSEFILTERCODEREQUIRED><IsWarehouseFilterCodeRequired10_></IsWarehouseFilterCodeRequired10_><IsWarehouseFilterCodeRequired2_></IsWarehouseFilterCodeRequired2_><IsWarehouseFilterCodeRequired3_></IsWarehouseFilterCodeRequired3_><IsWarehouseFilterCodeRequired4_></IsWarehouseFilterCodeRequired4_><IsWarehouseFilterCodeRequired5_></IsWarehouseFilterCodeRequired5_><IsWarehouseFilterCodeRequired6_></IsWarehouseFilterCodeRequired6_><IsWarehouseFilterCodeRequired7_></IsWarehouseFilterCodeRequired7_><IsWarehouseFilterCodeRequired8_></IsWarehouseFilterCodeRequired8_><IsWarehouseFilterCodeRequired9_></IsWarehouseFilterCodeRequired9_><REVRECDEFAULTREVENUERECOGNITIONSCHEDULE></REVRECDEFAULTREVENUERECOGNITIONSCHEDULE><REVRECEXCLUDEFROMCARVEOUT>No</REVRECEXCLUDEFROMCARVEOUT><REVRECMEDIANPRICE>No</REVRECMEDIANPRICE><REVRECMEDIANPRICEMAXIMUMTOLERANCE>0.000000</REVRECMEDIANPRICEMAXIMUMTOLERANCE><REVRECMEDIANPRICEMINIMUMTOLERANCE>0.000000</REVRECMEDIANPRICEMINIMUMTOLERANCE><REVRECREVENUERECOGNITIONENABLED>No</REVRECREVENUERECOGNITIONENABLED><REVRECREVENUETYPE>Essential</REVRECREVENUETYPE><SHIPMENTPHYSICALLOADTEMPLATEID></SHIPMENTPHYSICALLOADTEMPLATEID></INVENTPRODUCTGROUPENTITY><INVENTPRODUCTGROUPENTITY><DEFAULTFORECASTALLOCATIONKEYID></DEFAULTFORECASTALLOCATIONKEYID><DEFAULTPURCHASESALESTAXITEMGROUPCODE></DEFAULTPURCHASESALESTAXITEMGROUPCODE><DEFAULTSALESSALESTAXITEMGROUPCODE></DEFAULTSALESSALESTAXITEMGROUPCODE><GROUPID>STORAGE</GROUPID><GROUPNAME>Storage Item Group</GROUPNAME><ISFILTERCODEDETERMININGWAREHOUSEFILTERGROUP></ISFILTERCODEDETERMININGWAREHOUSEFILTERGROUP><IsFilterCodeDeterminingWarehouseFilterGroup10_></IsFilterCodeDeterminingWarehouseFilterGroup10_><IsFilterCodeDeterminingWarehouseFilterGroup2_></IsFilterCodeDeterminingWarehouseFilterGroup2_><IsFilterCodeDeterminingWarehouseFilterGroup3_></IsFilterCodeDeterminingWarehouseFilterGroup3_><IsFilterCodeDeterminingWarehouseFilterGroup4_></IsFilterCodeDeterminingWarehouseFilterGroup4_><IsFilterCodeDeterminingWarehouseFilterGroup5_></IsFilterCodeDeterminingWarehouseFilterGroup5_><IsFilterCodeDeterminingWarehouseFilterGroup6_></IsFilterCodeDeterminingWarehouseFilterGroup6_><IsFilterCodeDeterminingWarehouseFilterGroup7_></IsFilterCodeDeterminingWarehouseFilterGroup7_><IsFilterCodeDeterminingWarehouseFilterGroup8_></IsFilterCodeDeterminingWarehouseFilterGroup8_><IsFilterCodeDeterminingWarehouseFilterGroup9_></IsFilterCodeDeterminingWarehouseFilterGroup9_><ISWAREHOUSEFILTERCODEREQUIRED></ISWAREHOUSEFILTERCODEREQUIRED><IsWarehouseFilterCodeRequired10_></IsWarehouseFilterCodeRequired10_><IsWarehouseFilterCodeRequired2_></IsWarehouseFilterCodeRequired2_><IsWarehouseFilterCodeRequired3_></IsWarehouseFilterCodeRequired3_><IsWarehouseFilterCodeRequired4_></IsWarehouseFilterCodeRequired4_><IsWarehouseFilterCodeRequired5_></IsWarehouseFilterCodeRequired5_><IsWarehouseFilterCodeRequired6_></IsWarehouseFilterCodeRequired6_><IsWarehouseFilterCodeRequired7_></IsWarehouseFilterCodeRequired7_><IsWarehouseFilterCodeRequired8_></IsWarehouseFilterCodeRequired8_><IsWarehouseFilterCodeRequired9_></IsWarehouseFilterCodeRequired9_><REVRECDEFAULTREVENUERECOGNITIONSCHEDULE></REVRECDEFAULTREVENUERECOGNITIONSCHEDULE><REVRECEXCLUDEFROMCARVEOUT>No</REVRECEXCLUDEFROMCARVEOUT><REVRECMEDIANPRICE>No</REVRECMEDIANPRICE><REVRECMEDIANPRICEMAXIMUMTOLERANCE>0.000000</REVRECMEDIANPRICEMAXIMUMTOLERANCE><REVRECMEDIANPRICEMINIMUMTOLERANCE>0.000000</REVRECMEDIANPRICEMINIMUMTOLERANCE><REVRECREVENUERECOGNITIONENABLED>No</REVRECREVENUERECOGNITIONENABLED><REVRECREVENUETYPE>Essential</REVRECREVENUETYPE><SHIPMENTPHYSICALLOADTEMPLATEID></SHIPMENTPHYSICALLOADTEMPLATEID></INVENTPRODUCTGROUPENTITY><INVENTPRODUCTGROUPENTITY><DEFAULTFORECASTALLOCATIONKEYID></DEFAULTFORECASTALLOCATIONKEYID><DEFAULTPURCHASESALESTAXITEMGROUPCODE></DEFAULTPURCHASESALESTAXITEMGROUPCODE><DEFAULTSALESSALESTAXITEMGROUPCODE></DEFAULTSALESSALESTAXITEMGROUPCODE><GROUPID>TACKHRNSS</GROUPID><GROUPNAME><![CDATA[Tack & Harness]]></GROUPNAME><ISFILTERCODEDETERMININGWAREHOUSEFILTERGROUP></ISFILTERCODEDETERMININGWAREHOUSEFILTERGROUP><IsFilterCodeDeterminingWarehouseFilterGroup10_></IsFilterCodeDeterminingWarehouseFilterGroup10_><IsFilterCodeDeterminingWarehouseFilterGroup2_></IsFilterCodeDeterminingWarehouseFilterGroup2_><IsFilterCodeDeterminingWarehouseFilterGroup3_></IsFilterCodeDeterminingWarehouseFilterGroup3_><IsFilterCodeDeterminingWarehouseFilterGroup4_></IsFilterCodeDeterminingWarehouseFilterGroup4_><IsFilterCodeDeterminingWarehouseFilterGroup5_></IsFilterCodeDeterminingWarehouseFilterGroup5_><IsFilterCodeDeterminingWarehouseFilterGroup6_></IsFilterCodeDeterminingWarehouseFilterGroup6_><IsFilterCodeDeterminingWarehouseFilterGroup7_></IsFilterCodeDeterminingWarehouseFilterGroup7_><IsFilterCodeDeterminingWarehouseFilterGroup8_></IsFilterCodeDeterminingWarehouseFilterGroup8_><IsFilterCodeDeterminingWarehouseFilterGroup9_></IsFilterCodeDeterminingWarehouseFilterGroup9_><ISWAREHOUSEFILTERCODEREQUIRED></ISWAREHOUSEFILTERCODEREQUIRED><IsWarehouseFilterCodeRequired10_></IsWarehouseFilterCodeRequired10_><IsWarehouseFilterCodeRequired2_></IsWarehouseFilterCodeRequired2_><IsWarehouseFilterCodeRequired3_></IsWarehouseFilterCodeRequired3_><IsWarehouseFilterCodeRequired4_></IsWarehouseFilterCodeRequired4_><IsWarehouseFilterCodeRequired5_></IsWarehouseFilterCodeRequired5_><IsWarehouseFilterCodeRequired6_></IsWarehouseFilterCodeRequired6_><IsWarehouseFilterCodeRequired7_></IsWarehouseFilterCodeRequired7_><IsWarehouseFilterCodeRequired8_></IsWarehouseFilterCodeRequired8_><IsWarehouseFilterCodeRequired9_></IsWarehouseFilterCodeRequired9_><REVRECDEFAULTREVENUERECOGNITIONSCHEDULE></REVRECDEFAULTREVENUERECOGNITIONSCHEDULE><REVRECEXCLUDEFROMCARVEOUT>No</REVRECEXCLUDEFROMCARVEOUT><REVRECMEDIANPRICE>No</REVRECMEDIANPRICE><REVRECMEDIANPRICEMAXIMUMTOLERANCE>0.000000</REVRECMEDIANPRICEMAXIMUMTOLERANCE><REVRECMEDIANPRICEMINIMUMTOLERANCE>0.000000</REVRECMEDIANPRICEMINIMUMTOLERANCE><REVRECREVENUERECOGNITIONENABLED>No</REVRECREVENUERECOGNITIONENABLED><REVRECREVENUETYPE>Essential</REVRECREVENUETYPE><SHIPMENTPHYSICALLOADTEMPLATEID></SHIPMENTPHYSICALLOADTEMPLATEID></INVENTPRODUCTGROUPENTITY><INVENTPRODUCTGROUPENTITY><DEFAULTFORECASTALLOCATIONKEYID></DEFAULTFORECASTALLOCATIONKEYID><DEFAULTPURCHASESALESTAXITEMGROUPCODE></DEFAULTPURCHASESALESTAXITEMGROUPCODE><DEFAULTSALESSALESTAXITEMGROUPCODE></DEFAULTSALESSALESTAXITEMGROUPCODE><GROUPID>TAVERN</GROUPID><GROUPNAME><![CDATA[Tavern & Inn]]></GROUPNAME><ISFILTERCODEDETERMININGWAREHOUSEFILTERGROUP></ISFILTERCODEDETERMININGWAREHOUSEFILTERGROUP><IsFilterCodeDeterminingWarehouseFilterGroup10_></IsFilterCodeDeterminingWarehouseFilterGroup10_><IsFilterCodeDeterminingWarehouseFilterGroup2_></IsFilterCodeDeterminingWarehouseFilterGroup2_><IsFilterCodeDeterminingWarehouseFilterGroup3_></IsFilterCodeDeterminingWarehouseFilterGroup3_><IsFilterCodeDeterminingWarehouseFilterGroup4_></IsFilterCodeDeterminingWarehouseFilterGroup4_><IsFilterCodeDeterminingWarehouseFilterGroup5_></IsFilterCodeDeterminingWarehouseFilterGroup5_><IsFilterCodeDeterminingWarehouseFilterGroup6_></IsFilterCodeDeterminingWarehouseFilterGroup6_><IsFilterCodeDeterminingWarehouseFilterGroup7_></IsFilterCodeDeterminingWarehouseFilterGroup7_><IsFilterCodeDeterminingWarehouseFilterGroup8_></IsFilterCodeDeterminingWarehouseFilterGroup8_><IsFilterCodeDeterminingWarehouseFilterGroup9_></IsFilterCodeDeterminingWarehouseFilterGroup9_><ISWAREHOUSEFILTERCODEREQUIRED></ISWAREHOUSEFILTERCODEREQUIRED><IsWarehouseFilterCodeRequired10_></IsWarehouseFilterCodeRequired10_><IsWarehouseFilterCodeRequired2_></IsWarehouseFilterCodeRequired2_><IsWarehouseFilterCodeRequired3_></IsWarehouseFilterCodeRequired3_><IsWarehouseFilterCodeRequired4_></IsWarehouseFilterCodeRequired4_><IsWarehouseFilterCodeRequired5_></IsWarehouseFilterCodeRequired5_><IsWarehouseFilterCodeRequired6_></IsWarehouseFilterCodeRequired6_><IsWarehouseFilterCodeRequired7_></IsWarehouseFilterCodeRequired7_><IsWarehouseFilterCodeRequired8_></IsWarehouseFilterCodeRequired8_><IsWarehouseFilterCodeRequired9_></IsWarehouseFilterCodeRequired9_><REVRECDEFAULTREVENUERECOGNITIONSCHEDULE></REVRECDEFAULTREVENUERECOGNITIONSCHEDULE><REVRECEXCLUDEFROMCARVEOUT>No</REVRECEXCLUDEFROMCARVEOUT><REVRECMEDIANPRICE>No</REVRECMEDIANPRICE><REVRECMEDIANPRICEMAXIMUMTOLERANCE>0.000000</REVRECMEDIANPRICEMAXIMUMTOLERANCE><REVRECMEDIANPRICEMINIMUMTOLERANCE>0.000000</REVRECMEDIANPRICEMINIMUMTOLERANCE><REVRECREVENUERECOGNITIONENABLED>No</REVRECREVENUERECOGNITIONENABLED><REVRECREVENUETYPE>Essential</REVRECREVENUETYPE><SHIPMENTPHYSICALLOADTEMPLATEID></SHIPMENTPHYSICALLOADTEMPLATEID></INVENTPRODUCTGROUPENTITY><INVENTPRODUCTGROUPENTITY><DEFAULTFORECASTALLOCATIONKEYID></DEFAULTFORECASTALLOCATIONKEYID><DEFAULTPURCHASESALESTAXITEMGROUPCODE></DEFAULTPURCHASESALESTAXITEMGROUPCODE><DEFAULTSALESSALESTAXITEMGROUPCODE></DEFAULTSALESSALESTAXITEMGROUPCODE><GROUPID>TOOLS</GROUPID><GROUPNAME>Tools</GROUPNAME><ISFILTERCODEDETERMININGWAREHOUSEFILTERGROUP></ISFILTERCODEDETERMININGWAREHOUSEFILTERGROUP><IsFilterCodeDeterminingWarehouseFilterGroup10_></IsFilterCodeDeterminingWarehouseFilterGroup10_><IsFilterCodeDeterminingWarehouseFilterGroup2_></IsFilterCodeDeterminingWarehouseFilterGroup2_><IsFilterCodeDeterminingWarehouseFilterGroup3_></IsFilterCodeDeterminingWarehouseFilterGroup3_><IsFilterCodeDeterminingWarehouseFilterGroup4_></IsFilterCodeDeterminingWarehouseFilterGroup4_><IsFilterCodeDeterminingWarehouseFilterGroup5_></IsFilterCodeDeterminingWarehouseFilterGroup5_><IsFilterCodeDeterminingWarehouseFilterGroup6_></IsFilterCodeDeterminingWarehouseFilterGroup6_><IsFilterCodeDeterminingWarehouseFilterGroup7_></IsFilterCodeDeterminingWarehouseFilterGroup7_><IsFilterCodeDeterminingWarehouseFilterGroup8_></IsFilterCodeDeterminingWarehouseFilterGroup8_><IsFilterCodeDeterminingWarehouseFilterGroup9_></IsFilterCodeDeterminingWarehouseFilterGroup9_><ISWAREHOUSEFILTERCODEREQUIRED></ISWAREHOUSEFILTERCODEREQUIRED><IsWarehouseFilterCodeRequired10_></IsWarehouseFilterCodeRequired10_><IsWarehouseFilterCodeRequired2_></IsWarehouseFilterCodeRequired2_><IsWarehouseFilterCodeRequired3_></IsWarehouseFilterCodeRequired3_><IsWarehouseFilterCodeRequired4_></IsWarehouseFilterCodeRequired4_><IsWarehouseFilterCodeRequired5_></IsWarehouseFilterCodeRequired5_><IsWarehouseFilterCodeRequired6_></IsWarehouseFilterCodeRequired6_><IsWarehouseFilterCodeRequired7_></IsWarehouseFilterCodeRequired7_><IsWarehouseFilterCodeRequired8_></IsWarehouseFilterCodeRequired8_><IsWarehouseFilterCodeRequired9_></IsWarehouseFilterCodeRequired9_><REVRECDEFAULTREVENUERECOGNITIONSCHEDULE></REVRECDEFAULTREVENUERECOGNITIONSCHEDULE><REVRECEXCLUDEFROMCARVEOUT>No</REVRECEXCLUDEFROMCARVEOUT><REVRECMEDIANPRICE>No</REVRECMEDIANPRICE><REVRECMEDIANPRICEMAXIMUMTOLERANCE>0.000000</REVRECMEDIANPRICEMAXIMUMTOLERANCE><REVRECMEDIANPRICEMINIMUMTOLERANCE>0.000000</REVRECMEDIANPRICEMINIMUMTOLERANCE><REVRECREVENUERECOGNITIONENABLED>No</REVRECREVENUERECOGNITIONENABLED><REVRECREVENUETYPE>Essential</REVRECREVENUETYPE><SHIPMENTPHYSICALLOADTEMPLATEID></SHIPMENTPHYSICALLOADTEMPLATEID></INVENTPRODUCTGROUPENTITY><INVENTPRODUCTGROUPENTITY><DEFAULTFORECASTALLOCATIONKEYID></DEFAULTFORECASTALLOCATIONKEYID><DEFAULTPURCHASESALESTAXITEMGROUPCODE></DEFAULTPURCHASESALESTAXITEMGROUPCODE><DEFAULTSALESSALESTAXITEMGROUPCODE></DEFAULTSALESSALESTAXITEMGROUPCODE><GROUPID>TRANSPORT</GROUPID><GROUPNAME>Transportation</GROUPNAME><ISFILTERCODEDETERMININGWAREHOUSEFILTERGROUP></ISFILTERCODEDETERMININGWAREHOUSEFILTERGROUP><IsFilterCodeDeterminingWarehouseFilterGroup10_></IsFilterCodeDeterminingWarehouseFilterGroup10_><IsFilterCodeDeterminingWarehouseFilterGroup2_></IsFilterCodeDeterminingWarehouseFilterGroup2_><IsFilterCodeDeterminingWarehouseFilterGroup3_></IsFilterCodeDeterminingWarehouseFilterGroup3_><IsFilterCodeDeterminingWarehouseFilterGroup4_></IsFilterCodeDeterminingWarehouseFilterGroup4_><IsFilterCodeDeterminingWarehouseFilterGroup5_></IsFilterCodeDeterminingWarehouseFilterGroup5_><IsFilterCodeDeterminingWarehouseFilterGroup6_></IsFilterCodeDeterminingWarehouseFilterGroup6_><IsFilterCodeDeterminingWarehouseFilterGroup7_></IsFilterCodeDeterminingWarehouseFilterGroup7_><IsFilterCodeDeterminingWarehouseFilterGroup8_></IsFilterCodeDeterminingWarehouseFilterGroup8_><IsFilterCodeDeterminingWarehouseFilterGroup9_></IsFilterCodeDeterminingWarehouseFilterGroup9_><ISWAREHOUSEFILTERCODEREQUIRED></ISWAREHOUSEFILTERCODEREQUIRED><IsWarehouseFilterCodeRequired10_></IsWarehouseFilterCodeRequired10_><IsWarehouseFilterCodeRequired2_></IsWarehouseFilterCodeRequired2_><IsWarehouseFilterCodeRequired3_></IsWarehouseFilterCodeRequired3_><IsWarehouseFilterCodeRequired4_></IsWarehouseFilterCodeRequired4_><IsWarehouseFilterCodeRequired5_></IsWarehouseFilterCodeRequired5_><IsWarehouseFilterCodeRequired6_></IsWarehouseFilterCodeRequired6_><IsWarehouseFilterCodeRequired7_></IsWarehouseFilterCodeRequired7_><IsWarehouseFilterCodeRequired8_></IsWarehouseFilterCodeRequired8_><IsWarehouseFilterCodeRequired9_></IsWarehouseFilterCodeRequired9_><REVRECDEFAULTREVENUERECOGNITIONSCHEDULE></REVRECDEFAULTREVENUERECOGNITIONSCHEDULE><REVRECEXCLUDEFROMCARVEOUT>No</REVRECEXCLUDEFROMCARVEOUT><REVRECMEDIANPRICE>No</REVRECMEDIANPRICE><REVRECMEDIANPRICEMAXIMUMTOLERANCE>0.000000</REVRECMEDIANPRICEMAXIMUMTOLERANCE><REVRECMEDIANPRICEMINIMUMTOLERANCE>0.000000</REVRECMEDIANPRICEMINIMUMTOLERANCE><REVRECREVENUERECOGNITIONENABLED>No</REVRECREVENUERECOGNITIONENABLED><REVRECREVENUETYPE>Essential</REVRECREVENUETYPE><SHIPMENTPHYSICALLOADTEMPLATEID></SHIPMENTPHYSICALLOADTEMPLATEID></INVENTPRODUCTGROUPENTITY><INVENTPRODUCTGROUPENTITY><DEFAULTFORECASTALLOCATIONKEYID></DEFAULTFORECASTALLOCATIONKEYID><DEFAULTPURCHASESALESTAXITEMGROUPCODE></DEFAULTPURCHASESALESTAXITEMGROUPCODE><DEFAULTSALESSALESTAXITEMGROUPCODE></DEFAULTSALESSALESTAXITEMGROUPCODE><GROUPID>WEAPONS</GROUPID><GROUPNAME>Weapons</GROUPNAME><ISFILTERCODEDETERMININGWAREHOUSEFILTERGROUP></ISFILTERCODEDETERMININGWAREHOUSEFILTERGROUP><IsFilterCodeDeterminingWarehouseFilterGroup10_></IsFilterCodeDeterminingWarehouseFilterGroup10_><IsFilterCodeDeterminingWarehouseFilterGroup2_></IsFilterCodeDeterminingWarehouseFilterGroup2_><IsFilterCodeDeterminingWarehouseFilterGroup3_></IsFilterCodeDeterminingWarehouseFilterGroup3_><IsFilterCodeDeterminingWarehouseFilterGroup4_></IsFilterCodeDeterminingWarehouseFilterGroup4_><IsFilterCodeDeterminingWarehouseFilterGroup5_></IsFilterCodeDeterminingWarehouseFilterGroup5_><IsFilterCodeDeterminingWarehouseFilterGroup6_></IsFilterCodeDeterminingWarehouseFilterGroup6_><IsFilterCodeDeterminingWarehouseFilterGroup7_></IsFilterCodeDeterminingWarehouseFilterGroup7_><IsFilterCodeDeterminingWarehouseFilterGroup8_></IsFilterCodeDeterminingWarehouseFilterGroup8_><IsFilterCodeDeterminingWarehouseFilterGroup9_></IsFilterCodeDeterminingWarehouseFilterGroup9_><ISWAREHOUSEFILTERCODEREQUIRED></ISWAREHOUSEFILTERCODEREQUIRED><IsWarehouseFilterCodeRequired10_></IsWarehouseFilterCodeRequired10_><IsWarehouseFilterCodeRequired2_></IsWarehouseFilterCodeRequired2_><IsWarehouseFilterCodeRequired3_></IsWarehouseFilterCodeRequired3_><IsWarehouseFilterCodeRequired4_></IsWarehouseFilterCodeRequired4_><IsWarehouseFilterCodeRequired5_></IsWarehouseFilterCodeRequired5_><IsWarehouseFilterCodeRequired6_></IsWarehouseFilterCodeRequired6_><IsWarehouseFilterCodeRequired7_></IsWarehouseFilterCodeRequired7_><IsWarehouseFilterCodeRequired8_></IsWarehouseFilterCodeRequired8_><IsWarehouseFilterCodeRequired9_></IsWarehouseFilterCodeRequired9_><REVRECDEFAULTREVENUERECOGNITIONSCHEDULE></REVRECDEFAULTREVENUERECOGNITIONSCHEDULE><REVRECEXCLUDEFROMCARVEOUT>No</REVRECEXCLUDEFROMCARVEOUT><REVRECMEDIANPRICE>No</REVRECMEDIANPRICE><REVRECMEDIANPRICEMAXIMUMTOLERANCE>0.000000</REVRECMEDIANPRICEMAXIMUMTOLERANCE><REVRECMEDIANPRICEMINIMUMTOLERANCE>0.000000</REVRECMEDIANPRICEMINIMUMTOLERANCE><REVRECREVENUERECOGNITIONENABLED>No</REVRECREVENUERECOGNITIONENABLED><REVRECREVENUETYPE>Essential</REVRECREVENUETYPE><SHIPMENTPHYSICALLOADTEMPLATEID></SHIPMENTPHYSICALLOADTEMPLATEID></INVENTPRODUCTGROUPENTITY></Document>