﻿<?xml version="1.0" encoding="utf-8"?><Document><REQMASTERPLANNINGPRODUCTCOVERAGEGROUPENTITY><ACTIONBASISDATETYPE>ReqDate</ACTIONBASISDATETYPE><ACTIONTIMEFENCEDAYS>100</ACTIONTIMEFENCEDAYS><APPROVEDREQUISITIONTIMEFENCEDAYS>0</APPROVEDREQUISITIONTIMEFENCEDAYS><AREDERIVEDACTIONSENABLED>Yes</AREDERIVEDACTIONSENABLED><AUTOMATICFIRMINGTIMEFENCEDAYS>0</AUTOMATICFIRMINGTIMEFENCEDAYS><AVERAGEDAILYUSAGEBASEDON>Past</AVERAGEDAILYUSAGEBASEDON><AVERAGEDAILYUSAGEFORECASTMODELID></AVERAGEDAILYUSAGEFORECASTMODELID><AVERAGEDAILYUSAGEFORWARDPERIOD>10</AVERAGEDAILYUSAGEFORWARDPERIOD><AVERAGEDAILYUSAGEPASTPERIOD>10</AVERAGEDAILYUSAGEPASTPERIOD><BOMORFORMULAEXPLOSIONTIMEFENCEDAYS>100</BOMORFORMULAEXPLOSIONTIMEFENCEDAYS><CALCULATEDELAYTIMEFENCEDAYS>100</CALCULATEDELAYTIMEFENCEDAYS><CAPACITYSCHEDULINGTIMEFENCEDAYS>100</CAPACITYSCHEDULINGTIMEFENCEDAYS><COVERAGEMETHOD>Req</COVERAGEMETHOD><COVERAGEPERIODDAYS>0</COVERAGEPERIODDAYS><COVERAGETIMEFENCEDAYS>100</COVERAGETIMEFENCEDAYS><DECOUPLINGPOINTPERIODLENGTH>Daily</DECOUPLINGPOINTPERIODLENGTH><FORECASTDEMANDPLANTIMEFENCEDAYS>100</FORECASTDEMANDPLANTIMEFENCEDAYS><FORECASTREDUCTIONKEYID></FORECASTREDUCTIONKEYID><FORECASTREDUCTIONMETHOD>Orders</FORECASTREDUCTIONMETHOD><FREEZETIMEFENCEDAYS>0</FREEZETIMEFENCEDAYS><GROUPID>Group</GROUPID><GROUPNAME>Default</GROUPNAME><ISACTIONDECREASEENABLED>Yes</ISACTIONDECREASEENABLED><ISACTIONINCREASEENABLED>Yes</ISACTIONINCREASEENABLED><ISACTIONMESSAGEENABLED>Yes</ISACTIONMESSAGEENABLED><ISADVANCEACTIONENABLED>Yes</ISADVANCEACTIONENABLED><ISDELAYCALCULATIONENABLED>Yes</ISDELAYCALCULATIONENABLED><ISPOSTPONEACTIONENABLED>Yes</ISPOSTPONEACTIONENABLED><ISSUESAFETYMARGINDAYS>0</ISSUESAFETYMARGINDAYS><LEADTIMEFACTOR>1.000000</LEADTIMEFACTOR><MAXIMUMADVANCEMARGINDAYS>0</MAXIMUMADVANCEMARGINDAYS><MAXIMUMPOSTPONEMARGINDAYS>0</MAXIMUMPOSTPONEMARGINDAYS><MUSTUSELATESTPOSSIBLESUPPLYFIRST>No</MUSTUSELATESTPOSSIBLESUPPLYFIRST><NEGATIVEDAYS>2</NEGATIVEDAYS><ONHANDINVENTORYCONSUMPTIONSTRATEGY>BeforeAllOtherSupply</ONHANDINVENTORYCONSUMPTIONSTRATEGY><POSITIVEDAYS>100</POSITIVEDAYS><RECEIPTSAFETYMARGINDAYS>0</RECEIPTSAFETYMARGINDAYS><RELATIVEWEIGHTOFFORWARDPERIODFORBLENDEDADU>50.000000</RELATIVEWEIGHTOFFORWARDPERIODFORBLENDEDADU><RELATIVEWEIGHTOFPASTPERIODFORBLENDEDADU>50.000000</RELATIVEWEIGHTOFPASTPERIODFORBLENDEDADU><REORDERSAFETYMARGINDAY>0</REORDERSAFETYMARGINDAY><REQUESTEDPRODUCTIONSTATUS>Scheduled</REQUESTEDPRODUCTIONSTATUS><USESPECIFIEDBOMORFORMULAVERSION>No</USESPECIFIEDBOMORFORMULAVERSION><USESPECIFIEDROUTEVERSION>No</USESPECIFIEDROUTEVERSION><VARIABILITYFACTOR>1.000000</VARIABILITYFACTOR><WILLDEMANDFORECASTINCLUDECUSTOMERFORECAST>No</WILLDEMANDFORECASTINCLUDECUSTOMERFORECAST><WILLDEMANDFORECASTINCLUDEINTERCOMPANYORDERS>Yes</WILLDEMANDFORECASTINCLUDEINTERCOMPANYORDERS><WORKCALENDARID></WORKCALENDARID></REQMASTERPLANNINGPRODUCTCOVERAGEGROUPENTITY></Document>