﻿<?xml version="1.0" encoding="utf-8"?><Document><REQITEMCOVERAGESETTINGSV2ENTITY><APPROVEDREQUISITIONTIMEFENCEDAYS /><ARECOVERAGEGROUPSETTINGSOVERRIDDEN /><AREGENERALSETTINGSOVERRIDDEN /><ARETIMEFENCESOVERRIDDEN /><AUTOMATICFIRMINGTIMEFENCEDAYS /><AVERAGEDAILYUSAGE /><BOMORFORMULAEXPLOSIONTIMEFENCEDAYS /><CAPACITYSCHEDULINGTIMEFENCEDAYS /><CONSUMEONHANDINVENTORYMETHOD /><COVERAGEINVENTORYDIMENSIONID /><COVERAGEINVENTORYSTATUSID /><COVERAGEITEMBATCHNUMBER /><COVERAGEITEMSERIALNUMBER /><COVERAGEMETHOD /><COVERAGEPERIODDAYS /><COVERAGEPRODUCTCOLORID /><COVERAGEPRODUCTCONFIGURATIONID /><COVERAGEPRODUCTSIZEID /><COVERAGEPRODUCTSTYLEID /><COVERAGEPRODUCTVERSIONID /><COVERAGESITEID /><COVERAGETIMEFENCEDAYS /><COVERAGEWAREHOUSEID /><COVERAGEWAREHOUSELOCATIONID /><CURRENTPLANNINGFORMULAPRIORITY /><DEFAULTPLANNEDTRANSFERORDERFROMWAREHOUSEID /><DEFAULTPLANNINGFORMULAPRIORITY /><DISTRIBUTIONBASEDADUENABLED /><FREEZETIMEFENCEDAYS /><ISCONSUMEONHANDOVERRIDDEN /><ISMINIMUMONHANDSAFETYPERIODUSED /><ISPLANNEDORDERTYPEOVERRIDDEN /><ISPROCUMENTLEADTIMEUSINGWORKINGDAYS /><ISPROCUREMENTLEADTIMEOVERRIDDEN /><ISPRODUCTIONLEADTIMEOVERRIDDEN /><ISPRODUCTIONLEADTIMEUSINGWORKINGDAYS /><ISTRANSFERLEADTIMEOVERRIDDEN /><ISTRANSFERLEADTIMEUSINGWORKINGDAYS /><ITEMNUMBER /><LASTPLANNINGFORMULAPRIORITYCHANGEDDATE /><MAXIMUMONHANDINVENTORYQUANTITY /><MAXIMUMONHANDINVENTORYSAFETYKEYID /><MINIMUMONHANDFULFILLMENTMETHOD /><MINIMUMONHANDINVENTORYQUANTITY /><MINIMUMONHANDINVENTORYSAFETYKEYID /><MUSTUSELATESTPOSSIBLESUPPLYFIRST /><NEGATIVEDAYS /><ORDERCYCLE /><ORDERSPIKETHRESHOLD /><PLANNEDORDERTYPE /><PLANNINGFORMULAITEMNUMBER /><POSITIVEDAYS /><PROCUREMENTLEADTIMEDAYS /><PRODUCTCOVERAGEGROUPID /><PRODUCTIONLEADTIMEDAYS /><REORDERPOINT /><TRANSFERLEADTIMEDAYS /><USEDECOUPLINGPOINTPERIODSETTINGS /><VENDORACCOUNTNUMBER /></REQITEMCOVERAGESETTINGSV2ENTITY></Document>