﻿<?xml version="1.0" encoding="utf-8"?><Document><INVENTINVENTORYPOLICYENTITY><APPROVEDVENDORCHECKMETHOD>WarningOnly</APPROVEDVENDORCHECKMETHOD><AREQUARANTINEMANAGEMENTPROCESSESENABLED>No</AREQUARANTINEMANAGEMENTPROCESSESENABLED><BATCHDISPOSITIONCODE></BATCHDISPOSITIONCODE><DEFAULTSALESRESERVATIONMODE>SalesDefault</DEFAULTSALESRESERVATIONMODE><FEFODATECONTROLLEDINVENTORYRESERVATIONCRITERIA>ExpiryDate</FEFODATECONTROLLEDINVENTORYRESERVATIONCRITERIA><ISDEDUCTIONREQUIRED>No</ISDEDUCTIONREQUIRED><ISNEGATIVEFINANCIALINVENTORYALLOWED>Yes</ISNEGATIVEFINANCIALINVENTORYALLOWED><ISNEGATIVEPHYSICALINVENTORYALLOWED>No</ISNEGATIVEPHYSICALINVENTORYALLOWED><ISPICKINGREQUIRED>No</ISPICKINGREQUIRED><ISRECEIVINGREQUIRED>No</ISRECEIVINGREQUIRED><ISREGISTRATIONREQUIRED>No</ISREGISTRATIONREQUIRED><PICKINGLISTBATCHEXPIRATIONCHECKRULE>ProductionScheduledEndDate</PICKINGLISTBATCHEXPIRATIONCHECKRULE><POLICYID>EXPENSED</POLICYID><SHOULDCONSOLIDATESAMEBATCHRESERVATIONS>No</SHOULDCONSOLIDATESAMEBATCHRESERVATIONS><SHOULDFIFODATERESERVEBACKWARDS>No</SHOULDFIFODATERESERVEBACKWARDS><WILLINVENTORYRESERVATIONRESERVESAMEBATCH>No</WILLINVENTORYRESERVATIONRESERVESAMEBATCH><WILLINVENTORYRESERVATIONUSEFEFORESERVATION>No</WILLINVENTORYRESERVATIONUSEFEFORESERVATION><WILLINVENTORYRESERVATIONUSEFIFORESERVATION>No</WILLINVENTORYRESERVATIONUSEFIFORESERVATION><WILLREGISTRATIONPROVIDEVENDORBATCHDETAILS>No</WILLREGISTRATIONPROVIDEVENDORBATCHDETAILS></INVENTINVENTORYPOLICYENTITY><INVENTINVENTORYPOLICYENTITY><APPROVEDVENDORCHECKMETHOD>WarningOnly</APPROVEDVENDORCHECKMETHOD><AREQUARANTINEMANAGEMENTPROCESSESENABLED>No</AREQUARANTINEMANAGEMENTPROCESSESENABLED><BATCHDISPOSITIONCODE></BATCHDISPOSITIONCODE><DEFAULTSALESRESERVATIONMODE>SalesDefault</DEFAULTSALESRESERVATIONMODE><FEFODATECONTROLLEDINVENTORYRESERVATIONCRITERIA>ExpiryDate</FEFODATECONTROLLEDINVENTORYRESERVATIONCRITERIA><ISDEDUCTIONREQUIRED>No</ISDEDUCTIONREQUIRED><ISNEGATIVEFINANCIALINVENTORYALLOWED>Yes</ISNEGATIVEFINANCIALINVENTORYALLOWED><ISNEGATIVEPHYSICALINVENTORYALLOWED>No</ISNEGATIVEPHYSICALINVENTORYALLOWED><ISPICKINGREQUIRED>No</ISPICKINGREQUIRED><ISRECEIVINGREQUIRED>No</ISRECEIVINGREQUIRED><ISREGISTRATIONREQUIRED>No</ISREGISTRATIONREQUIRED><PICKINGLISTBATCHEXPIRATIONCHECKRULE>ProductionScheduledEndDate</PICKINGLISTBATCHEXPIRATIONCHECKRULE><POLICYID>FIFOCOST</POLICYID><SHOULDCONSOLIDATESAMEBATCHRESERVATIONS>No</SHOULDCONSOLIDATESAMEBATCHRESERVATIONS><SHOULDFIFODATERESERVEBACKWARDS>No</SHOULDFIFODATERESERVEBACKWARDS><WILLINVENTORYRESERVATIONRESERVESAMEBATCH>No</WILLINVENTORYRESERVATIONRESERVESAMEBATCH><WILLINVENTORYRESERVATIONUSEFEFORESERVATION>No</WILLINVENTORYRESERVATIONUSEFEFORESERVATION><WILLINVENTORYRESERVATIONUSEFIFORESERVATION>No</WILLINVENTORYRESERVATIONUSEFIFORESERVATION><WILLREGISTRATIONPROVIDEVENDORBATCHDETAILS>No</WILLREGISTRATIONPROVIDEVENDORBATCHDETAILS></INVENTINVENTORYPOLICYENTITY><INVENTINVENTORYPOLICYENTITY><APPROVEDVENDORCHECKMETHOD>WarningOnly</APPROVEDVENDORCHECKMETHOD><AREQUARANTINEMANAGEMENTPROCESSESENABLED>No</AREQUARANTINEMANAGEMENTPROCESSESENABLED><BATCHDISPOSITIONCODE></BATCHDISPOSITIONCODE><DEFAULTSALESRESERVATIONMODE>SalesDefault</DEFAULTSALESRESERVATIONMODE><FEFODATECONTROLLEDINVENTORYRESERVATIONCRITERIA>ExpiryDate</FEFODATECONTROLLEDINVENTORYRESERVATIONCRITERIA><ISDEDUCTIONREQUIRED>No</ISDEDUCTIONREQUIRED><ISNEGATIVEFINANCIALINVENTORYALLOWED>Yes</ISNEGATIVEFINANCIALINVENTORYALLOWED><ISNEGATIVEPHYSICALINVENTORYALLOWED>No</ISNEGATIVEPHYSICALINVENTORYALLOWED><ISPICKINGREQUIRED>No</ISPICKINGREQUIRED><ISRECEIVINGREQUIRED>No</ISRECEIVINGREQUIRED><ISREGISTRATIONREQUIRED>No</ISREGISTRATIONREQUIRED><PICKINGLISTBATCHEXPIRATIONCHECKRULE>ProductionScheduledEndDate</PICKINGLISTBATCHEXPIRATIONCHECKRULE><POLICYID>STDCOST</POLICYID><SHOULDCONSOLIDATESAMEBATCHRESERVATIONS>No</SHOULDCONSOLIDATESAMEBATCHRESERVATIONS><SHOULDFIFODATERESERVEBACKWARDS>No</SHOULDFIFODATERESERVEBACKWARDS><WILLINVENTORYRESERVATIONRESERVESAMEBATCH>No</WILLINVENTORYRESERVATIONRESERVESAMEBATCH><WILLINVENTORYRESERVATIONUSEFEFORESERVATION>No</WILLINVENTORYRESERVATIONUSEFEFORESERVATION><WILLINVENTORYRESERVATIONUSEFIFORESERVATION>No</WILLINVENTORYRESERVATIONUSEFIFORESERVATION><WILLREGISTRATIONPROVIDEVENDORBATCHDETAILS>No</WILLREGISTRATIONPROVIDEVENDORBATCHDETAILS></INVENTINVENTORYPOLICYENTITY></Document>