﻿<?xml version="1.0" encoding="utf-8"?><Document><SMMLEADRATINGENTITY><RATINGDESCRIPTION>Unkown</RATINGDESCRIPTION><RATINGID>0</RATINGID></SMMLEADRATINGENTITY><SMMLEADRATINGENTITY><RATINGDESCRIPTION>Bad</RATINGDESCRIPTION><RATINGID>1</RATINGID></SMMLEADRATINGENTITY><SMMLEADRATINGENTITY><RATINGDESCRIPTION>OK</RATINGDESCRIPTION><RATINGID>2</RATINGID></SMMLEADRATINGENTITY><SMMLEADRATINGENTITY><RATINGDESCRIPTION>Good</RATINGDESCRIPTION><RATINGID>3</RATINGID></SMMLEADRATINGENTITY><SMMLEADRATINGENTITY><RATINGDESCRIPTION>Great</RATINGDESCRIPTION><RATINGID>4</RATINGID></SMMLEADRATINGENTITY><SMMLEADRATINGENTITY><RATINGDESCRIPTION>Excellent</RATINGDESCRIPTION><RATINGID>5</RATINGID></SMMLEADRATINGENTITY></Document>