﻿<?xml version="1.0" encoding="utf-8"?><Document><SMMLEADTYPEENTITY><TYPEDESCRIPTION>Advertising</TYPEDESCRIPTION><TYPEID>ADVERTISING</TYPEID></SMMLEADTYPEENTITY><SMMLEADTYPEENTITY><TYPEDESCRIPTION>Blog</TYPEDESCRIPTION><TYPEID>BLOG</TYPEID></SMMLEADTYPEENTITY><SMMLEADTYPEENTITY><TYPEDESCRIPTION>Business Card</TYPEDESCRIPTION><TYPEID>BUSINESS CARD</TYPEID></SMMLEADTYPEENTITY><SMMLEADTYPEENTITY><TYPEDESCRIPTION>Customer</TYPEDESCRIPTION><TYPEID>CUSTOMER</TYPEID></SMMLEADTYPEENTITY><SMMLEADTYPEENTITY><TYPEDESCRIPTION>Email</TYPEDESCRIPTION><TYPEID>EMAIL</TYPEID></SMMLEADTYPEENTITY><SMMLEADTYPEENTITY><TYPEDESCRIPTION>LinkedIn</TYPEDESCRIPTION><TYPEID>LINKEDIN</TYPEID></SMMLEADTYPEENTITY><SMMLEADTYPEENTITY><TYPEDESCRIPTION>Prospect</TYPEDESCRIPTION><TYPEID>PROSPECT</TYPEID></SMMLEADTYPEENTITY><SMMLEADTYPEENTITY><TYPEDESCRIPTION>Referral</TYPEDESCRIPTION><TYPEID>REFERRAL</TYPEID></SMMLEADTYPEENTITY><SMMLEADTYPEENTITY><TYPEDESCRIPTION>Research</TYPEDESCRIPTION><TYPEID>RESEARCH</TYPEID></SMMLEADTYPEENTITY><SMMLEADTYPEENTITY><TYPEDESCRIPTION>Self Referral</TYPEDESCRIPTION><TYPEID>SELF REFERRAL</TYPEID></SMMLEADTYPEENTITY><SMMLEADTYPEENTITY><TYPEDESCRIPTION>Trade Show</TYPEDESCRIPTION><TYPEID>TRADE SHOW</TYPEID></SMMLEADTYPEENTITY><SMMLEADTYPEENTITY><TYPEDESCRIPTION>Tritter</TYPEDESCRIPTION><TYPEID>TRITTER</TYPEID></SMMLEADTYPEENTITY><SMMLEADTYPEENTITY><TYPEDESCRIPTION>Vendor List</TYPEDESCRIPTION><TYPEID>VENDOR LIST</TYPEID></SMMLEADTYPEENTITY><SMMLEADTYPEENTITY><TYPEDESCRIPTION>Website</TYPEDESCRIPTION><TYPEID>WEBSITE</TYPEID></SMMLEADTYPEENTITY></Document>