﻿<?xml version="1.0" encoding="utf-8"?><Document><SMMLEADPRIORITYENTITY><PRIORITYCODE>HIGH</PRIORITYCODE><PRIORITYDESCRIPTION>High Priority</PRIORITYDESCRIPTION><WILLCUSTOMERSERVICEISSUEHOTALERT>No</WILLCUSTOMERSERVICEISSUEHOTALERT></SMMLEADPRIORITYENTITY><SMMLEADPRIORITYENTITY><PRIORITYCODE>LOW</PRIORITYCODE><PRIORITYDESCRIPTION>Low Priority</PRIORITYDESCRIPTION><WILLCUSTOMERSERVICEISSUEHOTALERT>No</WILLCUSTOMERSERVICEISSUEHOTALERT></SMMLEADPRIORITYENTITY><SMMLEADPRIORITYENTITY><PRIORITYCODE>MEDIUM</PRIORITYCODE><PRIORITYDESCRIPTION>Medium Priority</PRIORITYDESCRIPTION><WILLCUSTOMERSERVICEISSUEHOTALERT>No</WILLCUSTOMERSERVICEISSUEHOTALERT></SMMLEADPRIORITYENTITY><SMMLEADPRIORITYENTITY><PRIORITYCODE>TOP</PRIORITYCODE><PRIORITYDESCRIPTION>Top Priority</PRIORITYDESCRIPTION><WILLCUSTOMERSERVICEISSUEHOTALERT>Yes</WILLCUSTOMERSERVICEISSUEHOTALERT></SMMLEADPRIORITYENTITY><SMMLEADPRIORITYENTITY><PRIORITYCODE>UNKNOWN</PRIORITYCODE><PRIORITYDESCRIPTION>Unknown</PRIORITYDESCRIPTION><WILLCUSTOMERSERVICEISSUEHOTALERT>No</WILLCUSTOMERSERVICEISSUEHOTALERT></SMMLEADPRIORITYENTITY></Document>