﻿<?xml version="1.0" encoding="utf-8"?><Document><INVENTSALESLEDGERPOSTINGDEFINITIONENTITY><CUSTOMERACCOUNTNUMBER></CUSTOMERACCOUNTNUMBER><CUSTOMERGROUPID></CUSTOMERGROUPID><INVENTORYACCOUNTTYPE>PackingSlip</INVENTORYACCOUNTTYPE><ITEMNUMBER></ITEMNUMBER><MAINACCOUNTIDDISPLAYVALUE>5000</MAINACCOUNTIDDISPLAYVALUE><PRODUCTCATEGORYNAME></PRODUCTCATEGORYNAME><PRODUCTGROUPID>WEAPONS</PRODUCTGROUPID><SALESTAXGROUPCODE></SALESTAXGROUPCODE></INVENTSALESLEDGERPOSTINGDEFINITIONENTITY><INVENTSALESLEDGERPOSTINGDEFINITIONENTITY><CUSTOMERACCOUNTNUMBER></CUSTOMERACCOUNTNUMBER><CUSTOMERGROUPID></CUSTOMERGROUPID><INVENTORYACCOUNTTYPE>PackingSlipOffsetAccount</INVENTORYACCOUNTTYPE><ITEMNUMBER></ITEMNUMBER><MAINACCOUNTIDDISPLAYVALUE>5000</MAINACCOUNTIDDISPLAYVALUE><PRODUCTCATEGORYNAME></PRODUCTCATEGORYNAME><PRODUCTGROUPID>WEAPONS</PRODUCTGROUPID><SALESTAXGROUPCODE></SALESTAXGROUPCODE></INVENTSALESLEDGERPOSTINGDEFINITIONENTITY><INVENTSALESLEDGERPOSTINGDEFINITIONENTITY><CUSTOMERACCOUNTNUMBER></CUSTOMERACCOUNTNUMBER><CUSTOMERGROUPID></CUSTOMERGROUPID><INVENTORYACCOUNTTYPE>Issue</INVENTORYACCOUNTTYPE><ITEMNUMBER></ITEMNUMBER><MAINACCOUNTIDDISPLAYVALUE>5000</MAINACCOUNTIDDISPLAYVALUE><PRODUCTCATEGORYNAME></PRODUCTCATEGORYNAME><PRODUCTGROUPID>WEAPONS</PRODUCTGROUPID><SALESTAXGROUPCODE></SALESTAXGROUPCODE></INVENTSALESLEDGERPOSTINGDEFINITIONENTITY><INVENTSALESLEDGERPOSTINGDEFINITIONENTITY><CUSTOMERACCOUNTNUMBER></CUSTOMERACCOUNTNUMBER><CUSTOMERGROUPID></CUSTOMERGROUPID><INVENTORYACCOUNTTYPE>Consumption</INVENTORYACCOUNTTYPE><ITEMNUMBER></ITEMNUMBER><MAINACCOUNTIDDISPLAYVALUE>5000</MAINACCOUNTIDDISPLAYVALUE><PRODUCTCATEGORYNAME></PRODUCTCATEGORYNAME><PRODUCTGROUPID>WEAPONS</PRODUCTGROUPID><SALESTAXGROUPCODE></SALESTAXGROUPCODE></INVENTSALESLEDGERPOSTINGDEFINITIONENTITY><INVENTSALESLEDGERPOSTINGDEFINITIONENTITY><CUSTOMERACCOUNTNUMBER></CUSTOMERACCOUNTNUMBER><CUSTOMERGROUPID></CUSTOMERGROUPID><INVENTORYACCOUNTTYPE>Revenue</INVENTORYACCOUNTTYPE><ITEMNUMBER></ITEMNUMBER><MAINACCOUNTIDDISPLAYVALUE>4000</MAINACCOUNTIDDISPLAYVALUE><PRODUCTCATEGORYNAME></PRODUCTCATEGORYNAME><PRODUCTGROUPID>DEFAULT</PRODUCTGROUPID><SALESTAXGROUPCODE></SALESTAXGROUPCODE></INVENTSALESLEDGERPOSTINGDEFINITIONENTITY><INVENTSALESLEDGERPOSTINGDEFINITIONENTITY><CUSTOMERACCOUNTNUMBER></CUSTOMERACCOUNTNUMBER><CUSTOMERGROUPID></CUSTOMERGROUPID><INVENTORYACCOUNTTYPE>Revenue</INVENTORYACCOUNTTYPE><ITEMNUMBER></ITEMNUMBER><MAINACCOUNTIDDISPLAYVALUE>4000</MAINACCOUNTIDDISPLAYVALUE><PRODUCTCATEGORYNAME></PRODUCTCATEGORYNAME><PRODUCTGROUPID>STORAGE</PRODUCTGROUPID><SALESTAXGROUPCODE></SALESTAXGROUPCODE></INVENTSALESLEDGERPOSTINGDEFINITIONENTITY></Document>