﻿<?xml version="1.0" encoding="utf-8"?><Document><PRICEDISCLINEDISCOUNTPRODUCTGROUPENTITY><GROUPCODE>HIGH</GROUPCODE><GROUPNAME>High Margin Line Discount Group</GROUPNAME></PRICEDISCLINEDISCOUNTPRODUCTGROUPENTITY><PRICEDISCLINEDISCOUNTPRODUCTGROUPENTITY><GROUPCODE>LOW</GROUPCODE><GROUPNAME>Low Margin Line Discount Group</GROUPNAME></PRICEDISCLINEDISCOUNTPRODUCTGROUPENTITY><PRICEDISCLINEDISCOUNTPRODUCTGROUPENTITY><GROUPCODE>MEDIUM</GROUPCODE><GROUPNAME>Medium Margin Line Discount Group</GROUPNAME></PRICEDISCLINEDISCOUNTPRODUCTGROUPENTITY></Document>