﻿<?xml version="1.0" encoding="utf-8"?><Document><SMMMARKETINGMAILPOLICYENTITY><DEFAULTMAILINGFILEFOLDER></DEFAULTMAILINGFILEFOLDER><DOCUMENTAGELIMITDAYS>365</DOCUMENTAGELIMITDAYS><FILEDOCUMENTATTACHMENTTYPECODE>File</FILEDOCUMENTATTACHMENTTYPECODE><GROUPEMAILRECIPIENTTYPE>None</GROUPEMAILRECIPIENTTYPE><INCOMINGEMAILDOCUMENTATTACHMENTTYPECODE>File</INCOMINGEMAILDOCUMENTATTACHMENTTYPECODE><OUTGOINGEMAILDOCUMENTATTACHMENTTYPECODE>File</OUTGOINGEMAILDOCUMENTATTACHMENTTYPECODE></SMMMARKETINGMAILPOLICYENTITY></Document>