﻿<?xml version="1.0" encoding="utf-8"?><Document><SMMOPPORTUNITYREASONCODEENTITY><REASONCODE>CANCELLED</REASONCODE><REASONDESCRIPTION>Cancelled</REASONDESCRIPTION></SMMOPPORTUNITYREASONCODEENTITY><SMMOPPORTUNITYREASONCODEENTITY><REASONCODE>FUNCTIONALITY</REASONCODE><REASONDESCRIPTION>Functionality</REASONDESCRIPTION></SMMOPPORTUNITYREASONCODEENTITY><SMMOPPORTUNITYREASONCODEENTITY><REASONCODE>OUTSOLD</REASONCODE><REASONDESCRIPTION>Outsold</REASONDESCRIPTION></SMMOPPORTUNITYREASONCODEENTITY><SMMOPPORTUNITYREASONCODEENTITY><REASONCODE>PRICE</REASONCODE><REASONDESCRIPTION>Price</REASONDESCRIPTION></SMMOPPORTUNITYREASONCODEENTITY></Document>