﻿<?xml version="1.0" encoding="utf-8"?><Document><SALESOPPORTUNITYSOURCETYPEENTITY><ISFREEFORMTEXTALLOWED>No</ISFREEFORMTEXTALLOWED><SOURCETYPE>Campaign</SOURCETYPE><USERDEFINEDSOURCETYPEDESCRIPTION></USERDEFINEDSOURCETYPEDESCRIPTION><USERDEFINEDSOURCETYPENAME></USERDEFINEDSOURCETYPENAME></SALESOPPORTUNITYSOURCETYPEENTITY><SALESOPPORTUNITYSOURCETYPEENTITY><ISFREEFORMTEXTALLOWED>No</ISFREEFORMTEXTALLOWED><SOURCETYPE>Customer</SOURCETYPE><USERDEFINEDSOURCETYPEDESCRIPTION></USERDEFINEDSOURCETYPEDESCRIPTION><USERDEFINEDSOURCETYPENAME></USERDEFINEDSOURCETYPENAME></SALESOPPORTUNITYSOURCETYPEENTITY><SALESOPPORTUNITYSOURCETYPEENTITY><ISFREEFORMTEXTALLOWED>No</ISFREEFORMTEXTALLOWED><SOURCETYPE>Employee</SOURCETYPE><USERDEFINEDSOURCETYPEDESCRIPTION></USERDEFINEDSOURCETYPEDESCRIPTION><USERDEFINEDSOURCETYPENAME></USERDEFINEDSOURCETYPENAME></SALESOPPORTUNITYSOURCETYPEENTITY><SALESOPPORTUNITYSOURCETYPEENTITY><ISFREEFORMTEXTALLOWED>No</ISFREEFORMTEXTALLOWED><SOURCETYPE>Prospect</SOURCETYPE><USERDEFINEDSOURCETYPEDESCRIPTION></USERDEFINEDSOURCETYPEDESCRIPTION><USERDEFINEDSOURCETYPENAME></USERDEFINEDSOURCETYPENAME></SALESOPPORTUNITYSOURCETYPEENTITY><SALESOPPORTUNITYSOURCETYPEENTITY><ISFREEFORMTEXTALLOWED>No</ISFREEFORMTEXTALLOWED><SOURCETYPE>Vendor</SOURCETYPE><USERDEFINEDSOURCETYPEDESCRIPTION></USERDEFINEDSOURCETYPEDESCRIPTION><USERDEFINEDSOURCETYPENAME></USERDEFINEDSOURCETYPENAME></SALESOPPORTUNITYSOURCETYPEENTITY><SALESOPPORTUNITYSOURCETYPEENTITY><ISFREEFORMTEXTALLOWED>No</ISFREEFORMTEXTALLOWED><SOURCETYPE>Activity</SOURCETYPE><USERDEFINEDSOURCETYPEDESCRIPTION></USERDEFINEDSOURCETYPEDESCRIPTION><USERDEFINEDSOURCETYPENAME></USERDEFINEDSOURCETYPENAME></SALESOPPORTUNITYSOURCETYPEENTITY></Document>