﻿<?xml version="1.0" encoding="utf-8"?><Document><SMMOPPORTUNITYPROBABILITYRATEENTITY><PROBABILITYDESCRIPTION>Prequalification</PROBABILITYDESCRIPTION><PROBABILITYPERCENTAGE>10</PROBABILITYPERCENTAGE></SMMOPPORTUNITYPROBABILITYRATEENTITY><SMMOPPORTUNITYPROBABILITYRATEENTITY><PROBABILITYDESCRIPTION>Initial Meeting</PROBABILITYDESCRIPTION><PROBABILITYPERCENTAGE>20</PROBABILITYPERCENTAGE></SMMOPPORTUNITYPROBABILITYRATEENTITY><SMMOPPORTUNITYPROBABILITYRATEENTITY><PROBABILITYDESCRIPTION>Qualified</PROBABILITYDESCRIPTION><PROBABILITYPERCENTAGE>30</PROBABILITYPERCENTAGE></SMMOPPORTUNITYPROBABILITYRATEENTITY><SMMOPPORTUNITYPROBABILITYRATEENTITY><PROBABILITYDESCRIPTION>Demonstration/Presentation</PROBABILITYDESCRIPTION><PROBABILITYPERCENTAGE>40</PROBABILITYPERCENTAGE></SMMOPPORTUNITYPROBABILITYRATEENTITY><SMMOPPORTUNITYPROBABILITYRATEENTITY><PROBABILITYDESCRIPTION>Quotation or Proposal</PROBABILITYDESCRIPTION><PROBABILITYPERCENTAGE>60</PROBABILITYPERCENTAGE></SMMOPPORTUNITYPROBABILITYRATEENTITY><SMMOPPORTUNITYPROBABILITYRATEENTITY><PROBABILITYDESCRIPTION>Negotiation</PROBABILITYDESCRIPTION><PROBABILITYPERCENTAGE>75</PROBABILITYPERCENTAGE></SMMOPPORTUNITYPROBABILITYRATEENTITY><SMMOPPORTUNITYPROBABILITYRATEENTITY><PROBABILITYDESCRIPTION>Verbal Approval</PROBABILITYDESCRIPTION><PROBABILITYPERCENTAGE>85</PROBABILITYPERCENTAGE></SMMOPPORTUNITYPROBABILITYRATEENTITY><SMMOPPORTUNITYPROBABILITYRATEENTITY><PROBABILITYDESCRIPTION>Purchase Order Received</PROBABILITYDESCRIPTION><PROBABILITYPERCENTAGE>95</PROBABILITYPERCENTAGE></SMMOPPORTUNITYPROBABILITYRATEENTITY><SMMOPPORTUNITYPROBABILITYRATEENTITY><PROBABILITYDESCRIPTION>Closed</PROBABILITYDESCRIPTION><PROBABILITYPERCENTAGE>100</PROBABILITYPERCENTAGE></SMMOPPORTUNITYPROBABILITYRATEENTITY></Document>