﻿<?xml version="1.0" encoding="utf-8"?><Document><SMMOPPORTUNITYMAINTENANCEPOLICYENTITY><PROJECTQUOTATIONOPPORTUNITYCREATIONRULE>Prompt</PROJECTQUOTATIONOPPORTUNITYCREATIONRULE><PROJECTQUOTATIONOPPORTUNITYMODIFICATIONRULE>Prompt</PROJECTQUOTATIONOPPORTUNITYMODIFICATIONRULE><SALESQUOTATIONOPPORTUNITYCREATIONRULE>Prompt</SALESQUOTATIONOPPORTUNITYCREATIONRULE><SALESQUOTATIONOPPORTUNITYMODIFICATIONRULE>Prompt</SALESQUOTATIONOPPORTUNITYMODIFICATIONRULE></SMMOPPORTUNITYMAINTENANCEPOLICYENTITY></Document>