﻿<?xml version="1.0" encoding="utf-8"?><Document><SALESFORMLETTERPACKINGSLIPFORMPRINTINGCONFIGURATIONENTITY><ARESHIPPINGDETAILSDISPLAYED>No</ARESHIPPINGDETAILSDISPLAYED><BACKORDERTRACKINGDISPLAYRULE>NoTracking</BACKORDERTRACKINGDISPLAYRULE><DISPLAYEDDOCUMENTATTACHMENTTYPECODE></DISPLAYEDDOCUMENTATTACHMENTTYPECODE><DOCUMENTATTACHMENTDISPLAYRULE></DOCUMENTATTACHMENTDISPLAYRULE><ISDISPLAYEDPACKINGSLIPARCHIVED>No</ISDISPLAYEDPACKINGSLIPARCHIVED><ISFIRSTSHIPPINGLINEDISPLAYEDONLY>No</ISFIRSTSHIPPINGLINEDISPLAYEDONLY><ISINVENTORYSTATUSIDDISPLAYED>No</ISINVENTORYSTATUSIDDISPLAYED><ISITEMBATCHNUMBERDISPLAYED>No</ISITEMBATCHNUMBERDISPLAYED><ISITEMSERIALNUMBERDISPLAYED>No</ISITEMSERIALNUMBERDISPLAYED><ISLICENSEPLATENUMBERDISPLAYED>No</ISLICENSEPLATENUMBERDISPLAYED><ISPRODUCTCOLORIDDISPLAYED>No</ISPRODUCTCOLORIDDISPLAYED><ISPRODUCTCONFIGURATIONIDDISPLAYED>No</ISPRODUCTCONFIGURATIONIDDISPLAYED><ISPRODUCTSIZEIDDISPLAYED>No</ISPRODUCTSIZEIDDISPLAYED><ISPRODUCTSTYLEIDDISPLAYED>No</ISPRODUCTSTYLEIDDISPLAYED><ISPRODUCTVERSIONIDDISPLAYED>No</ISPRODUCTVERSIONIDDISPLAYED><ISSHIPPINGSITEIDDISPLAYED>No</ISSHIPPINGSITEIDDISPLAYED><ISSHIPPINGWAREHOUSEIDDISPLAYED>No</ISSHIPPINGWAREHOUSEIDDISPLAYED><ISSHIPPINGWAREHOUSELOCATIONIDDISPLAYED>No</ISSHIPPINGWAREHOUSELOCATIONIDDISPLAYED><PAPERFORMAT>BlankPaper</PAPERFORMAT></SALESFORMLETTERPACKINGSLIPFORMPRINTINGCONFIGURATIONENTITY></Document>