﻿<?xml version="1.0" encoding="utf-8"?><Document><SMMPERSONALCHARACTERTYPEENTITY><TYPEDESCRIPTION>Chaotic Evil</TYPEDESCRIPTION><TYPENAME>Chaotic Evil</TYPENAME></SMMPERSONALCHARACTERTYPEENTITY><SMMPERSONALCHARACTERTYPEENTITY><TYPEDESCRIPTION>Chaotic Good</TYPEDESCRIPTION><TYPENAME>Chaotic Good</TYPENAME></SMMPERSONALCHARACTERTYPEENTITY><SMMPERSONALCHARACTERTYPEENTITY><TYPEDESCRIPTION>Chaotic Neutral</TYPEDESCRIPTION><TYPENAME>Chaotic Neutral</TYPENAME></SMMPERSONALCHARACTERTYPEENTITY><SMMPERSONALCHARACTERTYPEENTITY><TYPEDESCRIPTION>Lawful Evil</TYPEDESCRIPTION><TYPENAME>Lawful Evil</TYPENAME></SMMPERSONALCHARACTERTYPEENTITY><SMMPERSONALCHARACTERTYPEENTITY><TYPEDESCRIPTION>Lawful Good</TYPEDESCRIPTION><TYPENAME>Lawful Good</TYPENAME></SMMPERSONALCHARACTERTYPEENTITY><SMMPERSONALCHARACTERTYPEENTITY><TYPEDESCRIPTION>Lawful Neutral</TYPEDESCRIPTION><TYPENAME>Lawful Neutral</TYPENAME></SMMPERSONALCHARACTERTYPEENTITY><SMMPERSONALCHARACTERTYPEENTITY><TYPEDESCRIPTION>Neutral</TYPEDESCRIPTION><TYPENAME>Neutral</TYPENAME></SMMPERSONALCHARACTERTYPEENTITY><SMMPERSONALCHARACTERTYPEENTITY><TYPEDESCRIPTION>Neutral Evil</TYPEDESCRIPTION><TYPENAME>Neutral Evil</TYPENAME></SMMPERSONALCHARACTERTYPEENTITY><SMMPERSONALCHARACTERTYPEENTITY><TYPEDESCRIPTION>Neutral Good</TYPEDESCRIPTION><TYPENAME>Neutral Good</TYPENAME></SMMPERSONALCHARACTERTYPEENTITY><SMMPERSONALCHARACTERTYPEENTITY><TYPEDESCRIPTION>Unaligned</TYPEDESCRIPTION><TYPENAME>Unaligned</TYPENAME></SMMPERSONALCHARACTERTYPEENTITY></Document>