﻿<?xml version="1.0" encoding="utf-8"?><Document><SALESFORMLETTERWAREHOUSEPICKINGLISTFORMPRINTINGCONFIGURATIONENTITY><DISPLAYEDDOCUMENTATTACHMENTTYPECODE></DISPLAYEDDOCUMENTATTACHMENTTYPECODE><DOCUMENTATTACHMENTDISPLAYRULE></DOCUMENTATTACHMENTDISPLAYRULE><ISINVENTORYSTATUSIDDISPLAYED>No</ISINVENTORYSTATUSIDDISPLAYED><ISITEMBATCHNUMBERDISPLAYED>No</ISITEMBATCHNUMBERDISPLAYED><ISITEMSERIALNUMBERDISPLAYED>No</ISITEMSERIALNUMBERDISPLAYED><ISLICENSEPLATENUMBERDISPLAYED>No</ISLICENSEPLATENUMBERDISPLAYED><ISPICKINGSITEIDDISPLAYED>No</ISPICKINGSITEIDDISPLAYED><ISPICKINGWAREHOUSEIDDISPLAYED>No</ISPICKINGWAREHOUSEIDDISPLAYED><ISPICKINGWAREHOUSELOCATIONIDDISPLAYED>No</ISPICKINGWAREHOUSELOCATIONIDDISPLAYED><ISPRODUCTCOLORIDDISPLAYED>No</ISPRODUCTCOLORIDDISPLAYED><ISPRODUCTCONFIGURATIONIDDISPLAYED>No</ISPRODUCTCONFIGURATIONIDDISPLAYED><ISPRODUCTSIZEIDDISPLAYED>No</ISPRODUCTSIZEIDDISPLAYED><ISPRODUCTSTYLEIDDISPLAYED>No</ISPRODUCTSTYLEIDDISPLAYED><ISPRODUCTVERSIONIDDISPLAYED>No</ISPRODUCTVERSIONIDDISPLAYED></SALESFORMLETTERWAREHOUSEPICKINGLISTFORMPRINTINGCONFIGURATIONENTITY></Document>