﻿<?xml version="1.0" encoding="utf-8"?><Document><PURCHPROCUREMENTCHARGEENTITY><CHARGECODE>FREIGHT</CHARGECODE><CHARGEDESCRIPTION>Freight</CHARGEDESCRIPTION><CREDITPOSTINGMAINACCOUNTIDDISPLAYVALUE>4600</CREDITPOSTINGMAINACCOUNTIDDISPLAYVALUE><CREDITPOSTINGMETHOD>LedgerAccount</CREDITPOSTINGMETHOD><CREDITPOSTINGTYPE>SalesFreight</CREDITPOSTINGTYPE><DEBITPOSTINGMAINACCOUNTIDDISPLAYVALUE></DEBITPOSTINGMAINACCOUNTIDDISPLAYVALUE><DEBITPOSTINGMETHOD>CustVend</DEBITPOSTINGMETHOD><DEBITPOSTINGTYPE>None</DEBITPOSTINGTYPE><MAXIMUMALLOWEDPURCHASEORDERCHARGEAMOUNT>0.000000</MAXIMUMALLOWEDPURCHASEORDERCHARGEAMOUNT><SALESTAXITEMGROUPCODE></SALESTAXITEMGROUPCODE><TAXRATETYPENAME></TAXRATETYPENAME><WILLINTRASTATINVOICEVALUEINCLUDECHARGEAMOUNTS>No</WILLINTRASTATINVOICEVALUEINCLUDECHARGEAMOUNTS><WILLINTRASTATSTATISTICALVALUEINCLUDECHARGEAMOUNTS>No</WILLINTRASTATSTATISTICALVALUEINCLUDECHARGEAMOUNTS><WILLPURCHASEDOCUMENTCOMPARISONINCLUDECHARGE>Yes</WILLPURCHASEDOCUMENTCOMPARISONINCLUDECHARGE></PURCHPROCUREMENTCHARGEENTITY><PURCHPROCUREMENTCHARGEENTITY><CHARGECODE>HANDLING</CHARGECODE><CHARGEDESCRIPTION>Handling Charges</CHARGEDESCRIPTION><CREDITPOSTINGMAINACCOUNTIDDISPLAYVALUE>4900</CREDITPOSTINGMAINACCOUNTIDDISPLAYVALUE><CREDITPOSTINGMETHOD>LedgerAccount</CREDITPOSTINGMETHOD><CREDITPOSTINGTYPE>SalesFee</CREDITPOSTINGTYPE><DEBITPOSTINGMAINACCOUNTIDDISPLAYVALUE></DEBITPOSTINGMAINACCOUNTIDDISPLAYVALUE><DEBITPOSTINGMETHOD>CustVend</DEBITPOSTINGMETHOD><DEBITPOSTINGTYPE>None</DEBITPOSTINGTYPE><MAXIMUMALLOWEDPURCHASEORDERCHARGEAMOUNT>0.000000</MAXIMUMALLOWEDPURCHASEORDERCHARGEAMOUNT><SALESTAXITEMGROUPCODE></SALESTAXITEMGROUPCODE><TAXRATETYPENAME></TAXRATETYPENAME><WILLINTRASTATINVOICEVALUEINCLUDECHARGEAMOUNTS>No</WILLINTRASTATINVOICEVALUEINCLUDECHARGEAMOUNTS><WILLINTRASTATSTATISTICALVALUEINCLUDECHARGEAMOUNTS>No</WILLINTRASTATSTATISTICALVALUEINCLUDECHARGEAMOUNTS><WILLPURCHASEDOCUMENTCOMPARISONINCLUDECHARGE>Yes</WILLPURCHASEDOCUMENTCOMPARISONINCLUDECHARGE></PURCHPROCUREMENTCHARGEENTITY><PURCHPROCUREMENTCHARGEENTITY><CHARGECODE>OTHER</CHARGECODE><CHARGEDESCRIPTION>Other Misc. Charges</CHARGEDESCRIPTION><CREDITPOSTINGMAINACCOUNTIDDISPLAYVALUE>4900</CREDITPOSTINGMAINACCOUNTIDDISPLAYVALUE><CREDITPOSTINGMETHOD>LedgerAccount</CREDITPOSTINGMETHOD><CREDITPOSTINGTYPE>SalesFee</CREDITPOSTINGTYPE><DEBITPOSTINGMAINACCOUNTIDDISPLAYVALUE></DEBITPOSTINGMAINACCOUNTIDDISPLAYVALUE><DEBITPOSTINGMETHOD>CustVend</DEBITPOSTINGMETHOD><DEBITPOSTINGTYPE>None</DEBITPOSTINGTYPE><MAXIMUMALLOWEDPURCHASEORDERCHARGEAMOUNT>0.000000</MAXIMUMALLOWEDPURCHASEORDERCHARGEAMOUNT><SALESTAXITEMGROUPCODE></SALESTAXITEMGROUPCODE><TAXRATETYPENAME></TAXRATETYPENAME><WILLINTRASTATINVOICEVALUEINCLUDECHARGEAMOUNTS>No</WILLINTRASTATINVOICEVALUEINCLUDECHARGEAMOUNTS><WILLINTRASTATSTATISTICALVALUEINCLUDECHARGEAMOUNTS>No</WILLINTRASTATSTATISTICALVALUEINCLUDECHARGEAMOUNTS><WILLPURCHASEDOCUMENTCOMPARISONINCLUDECHARGE>Yes</WILLPURCHASEDOCUMENTCOMPARISONINCLUDECHARGE></PURCHPROCUREMENTCHARGEENTITY></Document>