﻿<?xml version="1.0" encoding="utf-8"?><Document><PURCHPROCUREMENTDOCUMENTENTRYPOLICYENTITY><AREFACTBOXESAUTOMATICALLYRECALCULATED>No</AREFACTBOXESAUTOMATICALLYRECALCULATED><INVOICEDPURCHASEORDERMAINTENANCERULE>None</INVOICEDPURCHASEORDERMAINTENANCERULE><ISCHANGEMANAGEMENTACTIVATED>No</ISCHANGEMANAGEMENTACTIVATED><ISCHANGEMANAGEMENTACTIVATIONOVERRIDABLE>No</ISCHANGEMANAGEMENTACTIVATIONOVERRIDABLE><ISINTERCOMPANYPURCHASEORDERLINEAGREEMENTLINEMATCHED>No</ISINTERCOMPANYPURCHASEORDERLINEAGREEMENTLINEMATCHED><ISSENTRFQLOCKED>No</ISSENTRFQLOCKED><ISVENDORINFORMATIONTRANSFERBEINGPROMPTED>No</ISVENDORINFORMATIONTRANSFERBEINGPROMPTED><LINELEVELDISCOUNTCALCULATIONRULE>Linie</LINELEVELDISCOUNTCALCULATIONRULE><PRICEMARGINTHRESHOLDRULE>Optimistic</PRICEMARGINTHRESHOLDRULE><TRADEAGREEMENTSEARCHDATETYPE>DeliveryDate</TRADEAGREEMENTSEARCHDATETYPE><WILLDOCUMENTENTRYAUTOMATICALLYALLOCATEHEADERLEVELCHARGES>Yes</WILLDOCUMENTENTRYAUTOMATICALLYALLOCATEHEADERLEVELCHARGES><WILLDOCUMENTENTRYAUTOMATICALLYALLOCATELINELEVELCHARGES>Yes</WILLDOCUMENTENTRYAUTOMATICALLYALLOCATELINELEVELCHARGES><WILLDOCUMENTENTRYDISPLAYPRICEMARGINALERTS>No</WILLDOCUMENTENTRYDISPLAYPRICEMARGINALERTS><WILLDOCUMENTENTRYRECORDPRICEDETAILS>Yes</WILLDOCUMENTENTRYRECORDPRICEDETAILS></PURCHPROCUREMENTDOCUMENTENTRYPOLICYENTITY></Document>