﻿<?xml version="1.0" encoding="utf-8"?><Document><PURCHPROCUREMENTDOCUMENTDEFAULTSENTITY><AREPURCHASEORDERAMOUNTSPRINTEDBYDEFAULT>No</AREPURCHASEORDERAMOUNTSPRINTEDBYDEFAULT><DEFAULTPURCHASEORDERPOOLID></DEFAULTPURCHASEORDERPOOLID><DEFAULTPURCHASEORDERTYPE>Purch</DEFAULTPURCHASEORDERTYPE><DEFAULTRETURNORDERRETURNACTIONID></DEFAULTRETURNORDERRETURNACTIONID><DEFAULTRFQDELIVERYMODECODE></DEFAULTRFQDELIVERYMODECODE><DEFAULTRFQDELIVERYTERMSCODE></DEFAULTRFQDELIVERYTERMSCODE><DEFAULTRFQEXPIRATIONTIME>00:00:00</DEFAULTRFQEXPIRATIONTIME><DEFAULTRFQPAYMENTTERMSNAME></DEFAULTRFQPAYMENTTERMSNAME><DEFAULTRFQPURCHASEDOCUMENTTYPE>Purch</DEFAULTRFQPURCHASEDOCUMENTTYPE><DEFAULTRFQSOLICITATIONTYPENAME></DEFAULTRFQSOLICITATIONTYPENAME><DEFAULTRFQVALIDITYPERIODDAYS>0</DEFAULTRFQVALIDITYPERIODDAYS><ISQUOTATIONREPLYHEADERCURRENCYCODEDISPLAYEDBYDEFAULT>No</ISQUOTATIONREPLYHEADERCURRENCYCODEDISPLAYEDBYDEFAULT><ISQUOTATIONREPLYHEADERDELIVERYDATEDISPLAYEDBYDEFAULT>No</ISQUOTATIONREPLYHEADERDELIVERYDATEDISPLAYEDBYDEFAULT><ISQUOTATIONREPLYHEADERDELIVERYTERMSDISPLAYEDBYDEFAULT>No</ISQUOTATIONREPLYHEADERDELIVERYTERMSDISPLAYEDBYDEFAULT><ISQUOTATIONREPLYHEADERDOCUMENTATIONDISPLAYEDBYDEFAULT>No</ISQUOTATIONREPLYHEADERDOCUMENTATIONDISPLAYEDBYDEFAULT><ISQUOTATIONREPLYHEADERPAYMENTTERMSDISPLAYEDBYDEFAULT>No</ISQUOTATIONREPLYHEADERPAYMENTTERMSDISPLAYEDBYDEFAULT><ISQUOTATIONREPLYHEADERPURCHASECHARGEDISPLAYEDBYDEFAULT>No</ISQUOTATIONREPLYHEADERPURCHASECHARGEDISPLAYEDBYDEFAULT><ISQUOTATIONREPLYHEADERTOTALDISCOUNTPERCENTAGEDISPLAYEDBYDEFAULT>No</ISQUOTATIONREPLYHEADERTOTALDISCOUNTPERCENTAGEDISPLAYEDBYDEFAULT><ISQUOTATIONREPLYHEADERVALIDFROMDATEDISPLAYEDBYDEFAULT>No</ISQUOTATIONREPLYHEADERVALIDFROMDATEDISPLAYEDBYDEFAULT><ISQUOTATIONREPLYHEADERVALIDTODATEDISPLAYEDBYDEFAULT>No</ISQUOTATIONREPLYHEADERVALIDTODATEDISPLAYEDBYDEFAULT><ISQUOTATIONREPLYHEADERVENDREFERENCEDISPLAYEDBYDEFAULT>No</ISQUOTATIONREPLYHEADERVENDREFERENCEDISPLAYEDBYDEFAULT><ISQUOTATIONREPLYLINEDELIVERYDATEDISPLAYEDBYDEFAULT>No</ISQUOTATIONREPLYLINEDELIVERYDATEDISPLAYEDBYDEFAULT><ISQUOTATIONREPLYLINEDOCUMENTATIONDISPLAYEDBYDEFAULT>No</ISQUOTATIONREPLYLINEDOCUMENTATIONDISPLAYEDBYDEFAULT><ISQUOTATIONREPLYLINEEXTERNALITEMDESCRIPTIONDISPLAYEDBYDEFAULT>No</ISQUOTATIONREPLYLINEEXTERNALITEMDESCRIPTIONDISPLAYEDBYDEFAULT><ISQUOTATIONREPLYLINEEXTERNALITEMNUMBERDISPLAYEDBYDEFAULT>No</ISQUOTATIONREPLYLINEEXTERNALITEMNUMBERDISPLAYEDBYDEFAULT><ISQUOTATIONREPLYLINELEADTIMEDISPLAYEDBYDEFAULT>No</ISQUOTATIONREPLYLINELEADTIMEDISPLAYEDBYDEFAULT><ISQUOTATIONREPLYLINELINEDISCOUNTAMOUNTDISPLAYEDBYDEFAULT>No</ISQUOTATIONREPLYLINELINEDISCOUNTAMOUNTDISPLAYEDBYDEFAULT><ISQUOTATIONREPLYLINELINEDISCOUNTPERCENTDISPLAYEDBYDEFAULT>No</ISQUOTATIONREPLYLINELINEDISCOUNTPERCENTDISPLAYEDBYDEFAULT><ISQUOTATIONREPLYLINEMULTILINEDISCOUNTAMOUNTDISPLAYEDBYDEFAULT>No</ISQUOTATIONREPLYLINEMULTILINEDISCOUNTAMOUNTDISPLAYEDBYDEFAULT><ISQUOTATIONREPLYLINEMULTILINEDISCOUNTPERCENTAGEDISPLAYEDBYDEFAULT>No</ISQUOTATIONREPLYLINEMULTILINEDISCOUNTPERCENTAGEDISPLAYEDBYDEFAULT><ISQUOTATIONREPLYLINEPRICEQUANTITYDISPLAYEDBYDEFAULT>No</ISQUOTATIONREPLYLINEPRICEQUANTITYDISPLAYEDBYDEFAULT><ISQUOTATIONREPLYLINEPURCHASECHARGEDISPLAYEDBYDEFAULT>No</ISQUOTATIONREPLYLINEPURCHASECHARGEDISPLAYEDBYDEFAULT><ISQUOTATIONREPLYLINEQUANTITYDISPLAYEDBYDEFAULT>No</ISQUOTATIONREPLYLINEQUANTITYDISPLAYEDBYDEFAULT><ISQUOTATIONREPLYLINEUNITSYMBOLDISPLAYEDBYDEFAULT>No</ISQUOTATIONREPLYLINEUNITSYMBOLDISPLAYEDBYDEFAULT><ISQUOTATIONREPLYLINEVALIDFROMDATEDISPLAYEDBYDEFAULT>No</ISQUOTATIONREPLYLINEVALIDFROMDATEDISPLAYEDBYDEFAULT><ISQUOTATIONREPLYLINEVALIDTODATEDISPLAYEDBYDEFAULT>No</ISQUOTATIONREPLYLINEVALIDTODATEDISPLAYEDBYDEFAULT><ISQUOTATIONREPLYLINEWORKINGDAYSDISPLAYEDBYDEFAULT>No</ISQUOTATIONREPLYLINEWORKINGDAYSDISPLAYEDBYDEFAULT><ISRFQVALIDITYPERIODUSINGWORKINGDAYS>No</ISRFQVALIDITYPERIODUSINGWORKINGDAYS><ISRFQVENDREPLYLINEDELIVERYDATEENABLED>Yes</ISRFQVENDREPLYLINEDELIVERYDATEENABLED><ISRFQVENDREPLYLINELINEAMOUNTENABLED>Yes</ISRFQVENDREPLYLINELINEAMOUNTENABLED><ISRFQVENDREPLYLINELINEDISCOUNTENABLED>Yes</ISRFQVENDREPLYLINELINEDISCOUNTENABLED><ISRFQVENDREPLYLINELINEPERCENTAGEENABLED>Yes</ISRFQVENDREPLYLINELINEPERCENTAGEENABLED><ISRFQVENDREPLYLINEMULTILINEDISCOUNTENABLED>Yes</ISRFQVENDREPLYLINEMULTILINEDISCOUNTENABLED><ISRFQVENDREPLYLINEMULTILINEPERCENTAGEENABLED>Yes</ISRFQVENDREPLYLINEMULTILINEPERCENTAGEENABLED><ISRFQVENDREPLYLINEPURCHASECHARGESENABLED>Yes</ISRFQVENDREPLYLINEPURCHASECHARGESENABLED><ISRFQVENDREPLYLINEQUANTITYENABLED>Yes</ISRFQVENDREPLYLINEQUANTITYENABLED><ISRFQVENDREPLYLINEUNITENABLED>Yes</ISRFQVENDREPLYLINEUNITENABLED><ISRFQVENDREPLYLINEUNITPRICEENABLED>Yes</ISRFQVENDREPLYLINEUNITPRICEENABLED></PURCHPROCUREMENTDOCUMENTDEFAULTSENTITY></Document>