﻿<?xml version="1.0" encoding="utf-8"?><Document><PURCHPROCUREMENTDOCUMENTPROCESSINGPOLICYENTITY><ARETHREEWAYMATCHEDPURCHASEORDERLINESDECENTRALLYRECEIVEDONLY>No</ARETHREEWAYMATCHEDPURCHASEORDERLINESDECENTRALLYRECEIVEDONLY><DEFAULTSUMMARYUPDATEMETHOD>None</DEFAULTSUMMARYUPDATEMETHOD><DUPLICATEPRODUCTRECEIPTNUMBERVALIDATIONRULE>NoDuplicate</DUPLICATEPRODUCTRECEIPTNUMBERVALIDATIONRULE><ISQUANTITYSELECTIONBEINGPROMPTED>Yes</ISQUANTITYSELECTIONBEINGPROMPTED><MAXIMUMPARALLELDOCUMENTPROCESSINGBATCHTASKSIZE>5</MAXIMUMPARALLELDOCUMENTPROCESSINGBATCHTASKSIZE><ORDERSUMMARYUPDATETYPEDISCREPANCYRULE>Accept</ORDERSUMMARYUPDATETYPEDISCREPANCYRULE><RECEIVEDQUOTATIONTRADEAGREEMENTJOURNALNAME></RECEIVEDQUOTATIONTRADEAGREEMENTJOURNALNAME><RFQAMENDMENTNOTIFICATIONEMAILMETHOD>SSRSReport</RFQAMENDMENTNOTIFICATIONEMAILMETHOD><RFQAMENDMENTNOTIFICATIONEMAILTEMPLATEID></RFQAMENDMENTNOTIFICATIONEMAILTEMPLATEID><RFQCANCELLATIONNOTIFICATIONEMAILMETHOD>SSRSReport</RFQCANCELLATIONNOTIFICATIONEMAILMETHOD><RFQCANCELLATIONNOTIFICATIONEMAILTEMPLATEID></RFQCANCELLATIONNOTIFICATIONEMAILTEMPLATEID><WILLDOCUMENTPROCESSINGAUTOMATICALLYCALCULATETOTALDISCOUNT>Yes</WILLDOCUMENTPROCESSINGAUTOMATICALLYCALCULATETOTALDISCOUNT><WILLPROCUMENTPROCESSESACCEPTOVERDELIVERY>Yes</WILLPROCUMENTPROCESSESACCEPTOVERDELIVERY><WILLPROCUMENTPROCESSESACCEPTUNDERDELIVERY>Yes</WILLPROCUMENTPROCESSESACCEPTUNDERDELIVERY><WILLPRODUCTRECEIPTPROCESSACCOUNTCHARGES>No</WILLPRODUCTRECEIPTPROCESSACCOUNTCHARGES><WILLSALESORDERPREPAYMENTAUTOMATICALLYCREATEDROPSHIPMENT>No</WILLSALESORDERPREPAYMENTAUTOMATICALLYCREATEDROPSHIPMENT></PURCHPROCUREMENTDOCUMENTPROCESSINGPOLICYENTITY></Document>