﻿<?xml version="1.0" encoding="utf-8"?><Document><ECORESPRODUCTCATEGORYHIERARCHYROLEENTITY><HIERARCHYROLE>Traceability</HIERARCHYROLE><PRODUCTCATEGORYHIERARCHYNAME><![CDATA[Global Product & Service Hierarchy]]></PRODUCTCATEGORYHIERARCHYNAME></ECORESPRODUCTCATEGORYHIERARCHYROLEENTITY><ECORESPRODUCTCATEGORYHIERARCHYROLEENTITY><HIERARCHYROLE>Procurement</HIERARCHYROLE><PRODUCTCATEGORYHIERARCHYNAME><![CDATA[Global Product & Service Hierarchy]]></PRODUCTCATEGORYHIERARCHYNAME></ECORESPRODUCTCATEGORYHIERARCHYROLEENTITY><ECORESPRODUCTCATEGORYHIERARCHYROLEENTITY><HIERARCHYROLE>Sales</HIERARCHYROLE><PRODUCTCATEGORYHIERARCHYNAME><![CDATA[Global Product & Service Hierarchy]]></PRODUCTCATEGORYHIERARCHYNAME></ECORESPRODUCTCATEGORYHIERARCHYROLEENTITY><ECORESPRODUCTCATEGORYHIERARCHYROLEENTITY><HIERARCHYROLE>Retail</HIERARCHYROLE><PRODUCTCATEGORYHIERARCHYNAME><![CDATA[Global Product & Service Hierarchy]]></PRODUCTCATEGORYHIERARCHYNAME></ECORESPRODUCTCATEGORYHIERARCHYROLEENTITY><ECORESPRODUCTCATEGORYHIERARCHYROLEENTITY><HIERARCHYROLE>Commodity</HIERARCHYROLE><PRODUCTCATEGORYHIERARCHYNAME><![CDATA[Global Product & Service Hierarchy]]></PRODUCTCATEGORYHIERARCHYNAME></ECORESPRODUCTCATEGORYHIERARCHYROLEENTITY><ECORESPRODUCTCATEGORYHIERARCHYROLEENTITY><HIERARCHYROLE>RetailSpecialGroup</HIERARCHYROLE><PRODUCTCATEGORYHIERARCHYNAME>TAGS</PRODUCTCATEGORYHIERARCHYNAME></ECORESPRODUCTCATEGORYHIERARCHYROLEENTITY></Document>