﻿<?xml version="1.0" encoding="utf-8"?><Document><ECORESPRODUCTATTRIBUTEENUMERATIONVALUETYPETRANSLATIONV2ENTITY><LANGUAGEID>en-US</LANGUAGEID><PRODUCTATTRIBUTEENUMERATIONNAME>DamageType</PRODUCTATTRIBUTEENUMERATIONNAME><PRODUCTATTRIBUTEENUMERATIONNAMEUNIQUEID>1</PRODUCTATTRIBUTEENUMERATIONNAMEUNIQUEID><PRODUCTATTRIBUTEENUMERATIONVALUE>Bludgeoning</PRODUCTATTRIBUTEENUMERATIONVALUE><TRANSLATEDENUMERATIONVALUE>Bludgeoning</TRANSLATEDENUMERATIONVALUE></ECORESPRODUCTATTRIBUTEENUMERATIONVALUETYPETRANSLATIONV2ENTITY><ECORESPRODUCTATTRIBUTEENUMERATIONVALUETYPETRANSLATIONV2ENTITY><LANGUAGEID>en-US</LANGUAGEID><PRODUCTATTRIBUTEENUMERATIONNAME>DamageType</PRODUCTATTRIBUTEENUMERATIONNAME><PRODUCTATTRIBUTEENUMERATIONNAMEUNIQUEID>2</PRODUCTATTRIBUTEENUMERATIONNAMEUNIQUEID><PRODUCTATTRIBUTEENUMERATIONVALUE>Piercing</PRODUCTATTRIBUTEENUMERATIONVALUE><TRANSLATEDENUMERATIONVALUE>Piercing</TRANSLATEDENUMERATIONVALUE></ECORESPRODUCTATTRIBUTEENUMERATIONVALUETYPETRANSLATIONV2ENTITY><ECORESPRODUCTATTRIBUTEENUMERATIONVALUETYPETRANSLATIONV2ENTITY><LANGUAGEID>en-US</LANGUAGEID><PRODUCTATTRIBUTEENUMERATIONNAME>DamageType</PRODUCTATTRIBUTEENUMERATIONNAME><PRODUCTATTRIBUTEENUMERATIONNAMEUNIQUEID>3</PRODUCTATTRIBUTEENUMERATIONNAMEUNIQUEID><PRODUCTATTRIBUTEENUMERATIONVALUE>Slashing</PRODUCTATTRIBUTEENUMERATIONVALUE><TRANSLATEDENUMERATIONVALUE>Slashing</TRANSLATEDENUMERATIONVALUE></ECORESPRODUCTATTRIBUTEENUMERATIONVALUETYPETRANSLATIONV2ENTITY><ECORESPRODUCTATTRIBUTEENUMERATIONVALUETYPETRANSLATIONV2ENTITY><LANGUAGEID>en-US</LANGUAGEID><PRODUCTATTRIBUTEENUMERATIONNAME>RollType</PRODUCTATTRIBUTEENUMERATIONNAME><PRODUCTATTRIBUTEENUMERATIONNAMEUNIQUEID>1</PRODUCTATTRIBUTEENUMERATIONNAMEUNIQUEID><PRODUCTATTRIBUTEENUMERATIONVALUE>1d4</PRODUCTATTRIBUTEENUMERATIONVALUE><TRANSLATEDENUMERATIONVALUE>1d4</TRANSLATEDENUMERATIONVALUE></ECORESPRODUCTATTRIBUTEENUMERATIONVALUETYPETRANSLATIONV2ENTITY><ECORESPRODUCTATTRIBUTEENUMERATIONVALUETYPETRANSLATIONV2ENTITY><LANGUAGEID>en-US</LANGUAGEID><PRODUCTATTRIBUTEENUMERATIONNAME>RollType</PRODUCTATTRIBUTEENUMERATIONNAME><PRODUCTATTRIBUTEENUMERATIONNAMEUNIQUEID>2</PRODUCTATTRIBUTEENUMERATIONNAMEUNIQUEID><PRODUCTATTRIBUTEENUMERATIONVALUE>1d6</PRODUCTATTRIBUTEENUMERATIONVALUE><TRANSLATEDENUMERATIONVALUE>1d6</TRANSLATEDENUMERATIONVALUE></ECORESPRODUCTATTRIBUTEENUMERATIONVALUETYPETRANSLATIONV2ENTITY><ECORESPRODUCTATTRIBUTEENUMERATIONVALUETYPETRANSLATIONV2ENTITY><LANGUAGEID>en-US</LANGUAGEID><PRODUCTATTRIBUTEENUMERATIONNAME>RollType</PRODUCTATTRIBUTEENUMERATIONNAME><PRODUCTATTRIBUTEENUMERATIONNAMEUNIQUEID>3</PRODUCTATTRIBUTEENUMERATIONNAMEUNIQUEID><PRODUCTATTRIBUTEENUMERATIONVALUE>1d8</PRODUCTATTRIBUTEENUMERATIONVALUE><TRANSLATEDENUMERATIONVALUE>1d8</TRANSLATEDENUMERATIONVALUE></ECORESPRODUCTATTRIBUTEENUMERATIONVALUETYPETRANSLATIONV2ENTITY><ECORESPRODUCTATTRIBUTEENUMERATIONVALUETYPETRANSLATIONV2ENTITY><LANGUAGEID>en-US</LANGUAGEID><PRODUCTATTRIBUTEENUMERATIONNAME>RollType</PRODUCTATTRIBUTEENUMERATIONNAME><PRODUCTATTRIBUTEENUMERATIONNAMEUNIQUEID>4</PRODUCTATTRIBUTEENUMERATIONNAMEUNIQUEID><PRODUCTATTRIBUTEENUMERATIONVALUE>1d10</PRODUCTATTRIBUTEENUMERATIONVALUE><TRANSLATEDENUMERATIONVALUE>1d10</TRANSLATEDENUMERATIONVALUE></ECORESPRODUCTATTRIBUTEENUMERATIONVALUETYPETRANSLATIONV2ENTITY><ECORESPRODUCTATTRIBUTEENUMERATIONVALUETYPETRANSLATIONV2ENTITY><LANGUAGEID>en-US</LANGUAGEID><PRODUCTATTRIBUTEENUMERATIONNAME>RollType</PRODUCTATTRIBUTEENUMERATIONNAME><PRODUCTATTRIBUTEENUMERATIONNAMEUNIQUEID>5</PRODUCTATTRIBUTEENUMERATIONNAMEUNIQUEID><PRODUCTATTRIBUTEENUMERATIONVALUE>1d20</PRODUCTATTRIBUTEENUMERATIONVALUE><TRANSLATEDENUMERATIONVALUE>1d20</TRANSLATEDENUMERATIONVALUE></ECORESPRODUCTATTRIBUTEENUMERATIONVALUETYPETRANSLATIONV2ENTITY><ECORESPRODUCTATTRIBUTEENUMERATIONVALUETYPETRANSLATIONV2ENTITY><LANGUAGEID>en-US</LANGUAGEID><PRODUCTATTRIBUTEENUMERATIONNAME>WeaponType</PRODUCTATTRIBUTEENUMERATIONNAME><PRODUCTATTRIBUTEENUMERATIONNAMEUNIQUEID>1</PRODUCTATTRIBUTEENUMERATIONNAMEUNIQUEID><PRODUCTATTRIBUTEENUMERATIONVALUE>Light</PRODUCTATTRIBUTEENUMERATIONVALUE><TRANSLATEDENUMERATIONVALUE>Light</TRANSLATEDENUMERATIONVALUE></ECORESPRODUCTATTRIBUTEENUMERATIONVALUETYPETRANSLATIONV2ENTITY><ECORESPRODUCTATTRIBUTEENUMERATIONVALUETYPETRANSLATIONV2ENTITY><LANGUAGEID>en-US</LANGUAGEID><PRODUCTATTRIBUTEENUMERATIONNAME>WeaponType</PRODUCTATTRIBUTEENUMERATIONNAME><PRODUCTATTRIBUTEENUMERATIONNAMEUNIQUEID>2</PRODUCTATTRIBUTEENUMERATIONNAMEUNIQUEID><PRODUCTATTRIBUTEENUMERATIONVALUE>Two Handed</PRODUCTATTRIBUTEENUMERATIONVALUE><TRANSLATEDENUMERATIONVALUE>Two Handed</TRANSLATEDENUMERATIONVALUE></ECORESPRODUCTATTRIBUTEENUMERATIONVALUETYPETRANSLATIONV2ENTITY><ECORESPRODUCTATTRIBUTEENUMERATIONVALUETYPETRANSLATIONV2ENTITY><LANGUAGEID>en-US</LANGUAGEID><PRODUCTATTRIBUTEENUMERATIONNAME>WeaponType</PRODUCTATTRIBUTEENUMERATIONNAME><PRODUCTATTRIBUTEENUMERATIONNAMEUNIQUEID>3</PRODUCTATTRIBUTEENUMERATIONNAMEUNIQUEID><PRODUCTATTRIBUTEENUMERATIONVALUE>Thrown</PRODUCTATTRIBUTEENUMERATIONVALUE><TRANSLATEDENUMERATIONVALUE>Thrown</TRANSLATEDENUMERATIONVALUE></ECORESPRODUCTATTRIBUTEENUMERATIONVALUETYPETRANSLATIONV2ENTITY><ECORESPRODUCTATTRIBUTEENUMERATIONVALUETYPETRANSLATIONV2ENTITY><LANGUAGEID>en-US</LANGUAGEID><PRODUCTATTRIBUTEENUMERATIONNAME>WeaponType</PRODUCTATTRIBUTEENUMERATIONNAME><PRODUCTATTRIBUTEENUMERATIONNAMEUNIQUEID>4</PRODUCTATTRIBUTEENUMERATIONNAMEUNIQUEID><PRODUCTATTRIBUTEENUMERATIONVALUE>Versatile</PRODUCTATTRIBUTEENUMERATIONVALUE><TRANSLATEDENUMERATIONVALUE>Versatile</TRANSLATEDENUMERATIONVALUE></ECORESPRODUCTATTRIBUTEENUMERATIONVALUETYPETRANSLATIONV2ENTITY></Document>