﻿<?xml version="1.0" encoding="utf-8"?><Document><ECORESPRODUCTSTYLEGROUPLINEENTITY><BARCODENUMBER></BARCODENUMBER><DISPLAYORDER>0.000000</DISPLAYORDER><PRODUCTSTYLEGROUPID>FLAVOR</PRODUCTSTYLEGROUPID><PRODUCTSTYLEID>APPLE</PRODUCTSTYLEID><REPLENISHMENTWEIGHT>0</REPLENISHMENTWEIGHT><STYLEDESCRIPTION>apple</STYLEDESCRIPTION><STYLENAME>Apple</STYLENAME></ECORESPRODUCTSTYLEGROUPLINEENTITY><ECORESPRODUCTSTYLEGROUPLINEENTITY><BARCODENUMBER></BARCODENUMBER><DISPLAYORDER>0.000000</DISPLAYORDER><PRODUCTSTYLEGROUPID>FLAVOR</PRODUCTSTYLEGROUPID><PRODUCTSTYLEID>BLACKBERRY</PRODUCTSTYLEID><REPLENISHMENTWEIGHT>0</REPLENISHMENTWEIGHT><STYLEDESCRIPTION>blackberry</STYLEDESCRIPTION><STYLENAME>Blackberry</STYLENAME></ECORESPRODUCTSTYLEGROUPLINEENTITY><ECORESPRODUCTSTYLEGROUPLINEENTITY><BARCODENUMBER></BARCODENUMBER><DISPLAYORDER>0.000000</DISPLAYORDER><PRODUCTSTYLEGROUPID>FLAVOR</PRODUCTSTYLEGROUPID><PRODUCTSTYLEID>ELDERBERRY</PRODUCTSTYLEID><REPLENISHMENTWEIGHT>0</REPLENISHMENTWEIGHT><STYLEDESCRIPTION>elderberry</STYLEDESCRIPTION><STYLENAME>Elderberry</STYLENAME></ECORESPRODUCTSTYLEGROUPLINEENTITY><ECORESPRODUCTSTYLEGROUPLINEENTITY><BARCODENUMBER></BARCODENUMBER><DISPLAYORDER>0.000000</DISPLAYORDER><PRODUCTSTYLEGROUPID>FLAVOR</PRODUCTSTYLEGROUPID><PRODUCTSTYLEID>GOOSEBERRY</PRODUCTSTYLEID><REPLENISHMENTWEIGHT>0</REPLENISHMENTWEIGHT><STYLEDESCRIPTION>gooseberry</STYLEDESCRIPTION><STYLENAME>Gooseberry</STYLENAME></ECORESPRODUCTSTYLEGROUPLINEENTITY><ECORESPRODUCTSTYLEGROUPLINEENTITY><BARCODENUMBER></BARCODENUMBER><DISPLAYORDER>0.000000</DISPLAYORDER><PRODUCTSTYLEGROUPID>FLAVOR</PRODUCTSTYLEGROUPID><PRODUCTSTYLEID>GRAPE</PRODUCTSTYLEID><REPLENISHMENTWEIGHT>0</REPLENISHMENTWEIGHT><STYLEDESCRIPTION>grape</STYLEDESCRIPTION><STYLENAME>Grape</STYLENAME></ECORESPRODUCTSTYLEGROUPLINEENTITY><ECORESPRODUCTSTYLEGROUPLINEENTITY><BARCODENUMBER></BARCODENUMBER><DISPLAYORDER>0.000000</DISPLAYORDER><PRODUCTSTYLEGROUPID>FLAVOR</PRODUCTSTYLEGROUPID><PRODUCTSTYLEID>LEMON</PRODUCTSTYLEID><REPLENISHMENTWEIGHT>0</REPLENISHMENTWEIGHT><STYLEDESCRIPTION>lemon</STYLEDESCRIPTION><STYLENAME>Lemon</STYLENAME></ECORESPRODUCTSTYLEGROUPLINEENTITY><ECORESPRODUCTSTYLEGROUPLINEENTITY><BARCODENUMBER></BARCODENUMBER><DISPLAYORDER>0.000000</DISPLAYORDER><PRODUCTSTYLEGROUPID>FLAVOR</PRODUCTSTYLEGROUPID><PRODUCTSTYLEID>MINT</PRODUCTSTYLEID><REPLENISHMENTWEIGHT>0</REPLENISHMENTWEIGHT><STYLEDESCRIPTION>mint</STYLEDESCRIPTION><STYLENAME>Mint</STYLENAME></ECORESPRODUCTSTYLEGROUPLINEENTITY><ECORESPRODUCTSTYLEGROUPLINEENTITY><BARCODENUMBER></BARCODENUMBER><DISPLAYORDER>0.000000</DISPLAYORDER><PRODUCTSTYLEGROUPID>FLAVOR</PRODUCTSTYLEGROUPID><PRODUCTSTYLEID>ORANGE</PRODUCTSTYLEID><REPLENISHMENTWEIGHT>0</REPLENISHMENTWEIGHT><STYLEDESCRIPTION>orange</STYLEDESCRIPTION><STYLENAME>Orange</STYLENAME></ECORESPRODUCTSTYLEGROUPLINEENTITY><ECORESPRODUCTSTYLEGROUPLINEENTITY><BARCODENUMBER></BARCODENUMBER><DISPLAYORDER>0.000000</DISPLAYORDER><PRODUCTSTYLEGROUPID>FLAVOR</PRODUCTSTYLEGROUPID><PRODUCTSTYLEID>PLUM</PRODUCTSTYLEID><REPLENISHMENTWEIGHT>0</REPLENISHMENTWEIGHT><STYLEDESCRIPTION>plum</STYLEDESCRIPTION><STYLENAME>Plum</STYLENAME></ECORESPRODUCTSTYLEGROUPLINEENTITY><ECORESPRODUCTSTYLEGROUPLINEENTITY><BARCODENUMBER></BARCODENUMBER><DISPLAYORDER>0.000000</DISPLAYORDER><PRODUCTSTYLEGROUPID>FLAVOR</PRODUCTSTYLEGROUPID><PRODUCTSTYLEID>STRAWBERRY</PRODUCTSTYLEID><REPLENISHMENTWEIGHT>0</REPLENISHMENTWEIGHT><STYLEDESCRIPTION>strawberry</STYLEDESCRIPTION><STYLENAME>Strawberry</STYLENAME></ECORESPRODUCTSTYLEGROUPLINEENTITY><ECORESPRODUCTSTYLEGROUPLINEENTITY><BARCODENUMBER></BARCODENUMBER><DISPLAYORDER>0.000000</DISPLAYORDER><PRODUCTSTYLEGROUPID>FLAVOR</PRODUCTSTYLEGROUPID><PRODUCTSTYLEID>TOMATO</PRODUCTSTYLEID><REPLENISHMENTWEIGHT>0</REPLENISHMENTWEIGHT><STYLEDESCRIPTION>tomato</STYLEDESCRIPTION><STYLENAME>Tomato</STYLENAME></ECORESPRODUCTSTYLEGROUPLINEENTITY><ECORESPRODUCTSTYLEGROUPLINEENTITY><BARCODENUMBER></BARCODENUMBER><DISPLAYORDER>0.000000</DISPLAYORDER><PRODUCTSTYLEGROUPID>GRAIN</PRODUCTSTYLEGROUPID><PRODUCTSTYLEID>BARLEY</PRODUCTSTYLEID><REPLENISHMENTWEIGHT>0</REPLENISHMENTWEIGHT><STYLEDESCRIPTION>barley</STYLEDESCRIPTION><STYLENAME>Barley</STYLENAME></ECORESPRODUCTSTYLEGROUPLINEENTITY><ECORESPRODUCTSTYLEGROUPLINEENTITY><BARCODENUMBER></BARCODENUMBER><DISPLAYORDER>0.000000</DISPLAYORDER><PRODUCTSTYLEGROUPID>GRAIN</PRODUCTSTYLEGROUPID><PRODUCTSTYLEID>CORN</PRODUCTSTYLEID><REPLENISHMENTWEIGHT>0</REPLENISHMENTWEIGHT><STYLEDESCRIPTION>corn</STYLEDESCRIPTION><STYLENAME>Corn</STYLENAME></ECORESPRODUCTSTYLEGROUPLINEENTITY><ECORESPRODUCTSTYLEGROUPLINEENTITY><BARCODENUMBER></BARCODENUMBER><DISPLAYORDER>0.000000</DISPLAYORDER><PRODUCTSTYLEGROUPID>GRAIN</PRODUCTSTYLEGROUPID><PRODUCTSTYLEID>RYE</PRODUCTSTYLEID><REPLENISHMENTWEIGHT>0</REPLENISHMENTWEIGHT><STYLEDESCRIPTION>rye</STYLEDESCRIPTION><STYLENAME>Rye</STYLENAME></ECORESPRODUCTSTYLEGROUPLINEENTITY><ECORESPRODUCTSTYLEGROUPLINEENTITY><BARCODENUMBER></BARCODENUMBER><DISPLAYORDER>0.000000</DISPLAYORDER><PRODUCTSTYLEGROUPID>GRAIN</PRODUCTSTYLEGROUPID><PRODUCTSTYLEID>WHEAT</PRODUCTSTYLEID><REPLENISHMENTWEIGHT>0</REPLENISHMENTWEIGHT><STYLEDESCRIPTION>wheat</STYLEDESCRIPTION><STYLENAME>Wheat</STYLENAME></ECORESPRODUCTSTYLEGROUPLINEENTITY><ECORESPRODUCTSTYLEGROUPLINEENTITY><BARCODENUMBER></BARCODENUMBER><DISPLAYORDER>0.000000</DISPLAYORDER><PRODUCTSTYLEGROUPID>MATERIAL</PRODUCTSTYLEGROUPID><PRODUCTSTYLEID>CANVAS</PRODUCTSTYLEID><REPLENISHMENTWEIGHT>0</REPLENISHMENTWEIGHT><STYLEDESCRIPTION>Canvas</STYLEDESCRIPTION><STYLENAME>CANVAS</STYLENAME></ECORESPRODUCTSTYLEGROUPLINEENTITY><ECORESPRODUCTSTYLEGROUPLINEENTITY><BARCODENUMBER></BARCODENUMBER><DISPLAYORDER>0.000000</DISPLAYORDER><PRODUCTSTYLEGROUPID>MATERIAL</PRODUCTSTYLEGROUPID><PRODUCTSTYLEID>CERAMIC</PRODUCTSTYLEID><REPLENISHMENTWEIGHT>0</REPLENISHMENTWEIGHT><STYLEDESCRIPTION>Ceramic</STYLEDESCRIPTION><STYLENAME>CERAMIC</STYLENAME></ECORESPRODUCTSTYLEGROUPLINEENTITY><ECORESPRODUCTSTYLEGROUPLINEENTITY><BARCODENUMBER></BARCODENUMBER><DISPLAYORDER>0.000000</DISPLAYORDER><PRODUCTSTYLEGROUPID>MATERIAL</PRODUCTSTYLEGROUPID><PRODUCTSTYLEID>COTTON</PRODUCTSTYLEID><REPLENISHMENTWEIGHT>0</REPLENISHMENTWEIGHT><STYLEDESCRIPTION>Cotton</STYLEDESCRIPTION><STYLENAME>COTTON</STYLENAME></ECORESPRODUCTSTYLEGROUPLINEENTITY><ECORESPRODUCTSTYLEGROUPLINEENTITY><BARCODENUMBER></BARCODENUMBER><DISPLAYORDER>0.000000</DISPLAYORDER><PRODUCTSTYLEGROUPID>MATERIAL</PRODUCTSTYLEGROUPID><PRODUCTSTYLEID>CRYSTAL</PRODUCTSTYLEID><REPLENISHMENTWEIGHT>0</REPLENISHMENTWEIGHT><STYLEDESCRIPTION>Crystal</STYLEDESCRIPTION><STYLENAME>CRYSTAL</STYLENAME></ECORESPRODUCTSTYLEGROUPLINEENTITY><ECORESPRODUCTSTYLEGROUPLINEENTITY><BARCODENUMBER></BARCODENUMBER><DISPLAYORDER>0.000000</DISPLAYORDER><PRODUCTSTYLEGROUPID>MATERIAL</PRODUCTSTYLEGROUPID><PRODUCTSTYLEID>GLASS</PRODUCTSTYLEID><REPLENISHMENTWEIGHT>0</REPLENISHMENTWEIGHT><STYLEDESCRIPTION>Glass</STYLEDESCRIPTION><STYLENAME>GLASS</STYLENAME></ECORESPRODUCTSTYLEGROUPLINEENTITY><ECORESPRODUCTSTYLEGROUPLINEENTITY><BARCODENUMBER></BARCODENUMBER><DISPLAYORDER>0.000000</DISPLAYORDER><PRODUCTSTYLEGROUPID>MATERIAL</PRODUCTSTYLEGROUPID><PRODUCTSTYLEID>LEATHER</PRODUCTSTYLEID><REPLENISHMENTWEIGHT>0</REPLENISHMENTWEIGHT><STYLEDESCRIPTION>Leather</STYLEDESCRIPTION><STYLENAME>LEATHER</STYLENAME></ECORESPRODUCTSTYLEGROUPLINEENTITY><ECORESPRODUCTSTYLEGROUPLINEENTITY><BARCODENUMBER></BARCODENUMBER><DISPLAYORDER>0.000000</DISPLAYORDER><PRODUCTSTYLEGROUPID>MATERIAL</PRODUCTSTYLEGROUPID><PRODUCTSTYLEID>METAL</PRODUCTSTYLEID><REPLENISHMENTWEIGHT>0</REPLENISHMENTWEIGHT><STYLEDESCRIPTION>Metal</STYLEDESCRIPTION><STYLENAME>METAL</STYLENAME></ECORESPRODUCTSTYLEGROUPLINEENTITY><ECORESPRODUCTSTYLEGROUPLINEENTITY><BARCODENUMBER></BARCODENUMBER><DISPLAYORDER>0.000000</DISPLAYORDER><PRODUCTSTYLEGROUPID>MATERIAL</PRODUCTSTYLEGROUPID><PRODUCTSTYLEID>STEEL</PRODUCTSTYLEID><REPLENISHMENTWEIGHT>0</REPLENISHMENTWEIGHT><STYLEDESCRIPTION>Steel</STYLEDESCRIPTION><STYLENAME>STEEL</STYLENAME></ECORESPRODUCTSTYLEGROUPLINEENTITY><ECORESPRODUCTSTYLEGROUPLINEENTITY><BARCODENUMBER></BARCODENUMBER><DISPLAYORDER>0.000000</DISPLAYORDER><PRODUCTSTYLEGROUPID>MATERIAL</PRODUCTSTYLEGROUPID><PRODUCTSTYLEID>WICKER</PRODUCTSTYLEID><REPLENISHMENTWEIGHT>0</REPLENISHMENTWEIGHT><STYLEDESCRIPTION>Wicker</STYLEDESCRIPTION><STYLENAME>WICKER</STYLENAME></ECORESPRODUCTSTYLEGROUPLINEENTITY><ECORESPRODUCTSTYLEGROUPLINEENTITY><BARCODENUMBER></BARCODENUMBER><DISPLAYORDER>0.000000</DISPLAYORDER><PRODUCTSTYLEGROUPID>MATERIAL</PRODUCTSTYLEGROUPID><PRODUCTSTYLEID>WOODEN</PRODUCTSTYLEID><REPLENISHMENTWEIGHT>0</REPLENISHMENTWEIGHT><STYLEDESCRIPTION>Wooden</STYLEDESCRIPTION><STYLENAME>WOODEN</STYLENAME></ECORESPRODUCTSTYLEGROUPLINEENTITY><ECORESPRODUCTSTYLEGROUPLINEENTITY><BARCODENUMBER></BARCODENUMBER><DISPLAYORDER>0.000000</DISPLAYORDER><PRODUCTSTYLEGROUPID>RATION</PRODUCTSTYLEGROUPID><PRODUCTSTYLEID>STANDARD</PRODUCTSTYLEID><REPLENISHMENTWEIGHT>0</REPLENISHMENTWEIGHT><STYLEDESCRIPTION>standard</STYLEDESCRIPTION><STYLENAME>Standard</STYLENAME></ECORESPRODUCTSTYLEGROUPLINEENTITY><ECORESPRODUCTSTYLEGROUPLINEENTITY><BARCODENUMBER></BARCODENUMBER><DISPLAYORDER>0.000000</DISPLAYORDER><PRODUCTSTYLEGROUPID>TRADE</PRODUCTSTYLEGROUPID><PRODUCTSTYLEID>BURGLAR</PRODUCTSTYLEID><REPLENISHMENTWEIGHT>0</REPLENISHMENTWEIGHT><STYLEDESCRIPTION>Burglar</STYLEDESCRIPTION><STYLENAME>Burglar</STYLENAME></ECORESPRODUCTSTYLEGROUPLINEENTITY><ECORESPRODUCTSTYLEGROUPLINEENTITY><BARCODENUMBER></BARCODENUMBER><DISPLAYORDER>0.000000</DISPLAYORDER><PRODUCTSTYLEGROUPID>TRADE</PRODUCTSTYLEGROUPID><PRODUCTSTYLEID>DIPLOMAT</PRODUCTSTYLEID><REPLENISHMENTWEIGHT>0</REPLENISHMENTWEIGHT><STYLEDESCRIPTION>Diplamat</STYLEDESCRIPTION><STYLENAME>Diplomat</STYLENAME></ECORESPRODUCTSTYLEGROUPLINEENTITY></Document>