﻿<?xml version="1.0" encoding="utf-8"?><Document><ECORESPRODUCTCOLORGROUPLINEENTITY><BARCODENUMBER></BARCODENUMBER><COLORDESCRIPTION>red</COLORDESCRIPTION><COLORNAME>Red</COLORNAME><DISPLAYORDER>0.000000</DISPLAYORDER><PRODUCTCOLORGROUPID>COLOR</PRODUCTCOLORGROUPID><PRODUCTCOLORID>RED</PRODUCTCOLORID><REPLENISHMENTWEIGHT>0</REPLENISHMENTWEIGHT></ECORESPRODUCTCOLORGROUPLINEENTITY><ECORESPRODUCTCOLORGROUPLINEENTITY><BARCODENUMBER></BARCODENUMBER><COLORDESCRIPTION>white</COLORDESCRIPTION><COLORNAME>White</COLORNAME><DISPLAYORDER>0.000000</DISPLAYORDER><PRODUCTCOLORGROUPID>COLOR</PRODUCTCOLORGROUPID><PRODUCTCOLORID>WHITE</PRODUCTCOLORID><REPLENISHMENTWEIGHT>0</REPLENISHMENTWEIGHT></ECORESPRODUCTCOLORGROUPLINEENTITY></Document>