﻿<?xml version="1.0" encoding="utf-8"?><Document><ECORESPRODUCTCATEGORYENTITY><PRODUCTCATEGORYHIERARCHYNAME><![CDATA[Global Product & Service Hierarchy]]></PRODUCTCATEGORYHIERARCHYNAME><CATEGORYNAME>Adventuring Gear</CATEGORYNAME><CATEGORYCODE>ADVENTURINGGEAR</CATEGORYCODE><CATEGORYDESCRIPTION>Gear and equipment used by adventurers, such as ropes, lanterns, and backpacks.</CATEGORYDESCRIPTION><CATEGORYKEYWORDS></CATEGORYKEYWORDS><CATEGORYRECORDID>5637144591</CATEGORYRECORDID><DEFAULTPROJECTGLOBALCATEGORYID></DEFAULTPROJECTGLOBALCATEGORYID><EXTERNALID>00000000-0000-0000-0000-000000000000</EXTERNALID><FRIENDLYCATEGORYNAME>Equipment for Adventurers</FRIENDLYCATEGORYNAME><ISCATEGORYINHERITINGPARENTCATEGORYATTRIBUTES>No</ISCATEGORYINHERITINGPARENTCATEGORYATTRIBUTES><ISCATEGORYINHERITINGPARENTPRODUCTATTRIBUTES>No</ISCATEGORYINHERITINGPARENTPRODUCTATTRIBUTES><ISTANGIBLEPRODUCT>No</ISTANGIBLEPRODUCT><PARENTPRODUCTCATEGORYCODE>ALL</PARENTPRODUCTCATEGORYCODE><PARENTPRODUCTCATEGORYHIERARCHYNAME><![CDATA[Global Product & Service Hierarchy]]></PARENTPRODUCTCATEGORYHIERARCHYNAME><PARENTPRODUCTCATEGORYNAME><![CDATA[All Products & Services]]></PARENTPRODUCTCATEGORYNAME><PROJECTCATEGORYNAME></PROJECTCATEGORYNAME></ECORESPRODUCTCATEGORYENTITY><ECORESPRODUCTCATEGORYENTITY><PRODUCTCATEGORYHIERARCHYNAME><![CDATA[Global Product & Service Hierarchy]]></PRODUCTCATEGORYHIERARCHYNAME><CATEGORYNAME><![CDATA[All Products & Services]]></CATEGORYNAME><CATEGORYCODE>ALL</CATEGORYCODE><CATEGORYDESCRIPTION><![CDATA[All Products & Services]]></CATEGORYDESCRIPTION><CATEGORYKEYWORDS></CATEGORYKEYWORDS><CATEGORYRECORDID>5637144576</CATEGORYRECORDID><DEFAULTPROJECTGLOBALCATEGORYID></DEFAULTPROJECTGLOBALCATEGORYID><EXTERNALID>00000000-0000-0000-0000-000000000000</EXTERNALID><FRIENDLYCATEGORYNAME><![CDATA[All Products & Services]]></FRIENDLYCATEGORYNAME><ISCATEGORYINHERITINGPARENTCATEGORYATTRIBUTES>No</ISCATEGORYINHERITINGPARENTCATEGORYATTRIBUTES><ISCATEGORYINHERITINGPARENTPRODUCTATTRIBUTES>No</ISCATEGORYINHERITINGPARENTPRODUCTATTRIBUTES><ISTANGIBLEPRODUCT>No</ISTANGIBLEPRODUCT><PARENTPRODUCTCATEGORYCODE></PARENTPRODUCTCATEGORYCODE><PARENTPRODUCTCATEGORYHIERARCHYNAME></PARENTPRODUCTCATEGORYHIERARCHYNAME><PARENTPRODUCTCATEGORYNAME></PARENTPRODUCTCATEGORYNAME><PROJECTCATEGORYNAME></PROJECTCATEGORYNAME></ECORESPRODUCTCATEGORYENTITY><ECORESPRODUCTCATEGORYENTITY><PRODUCTCATEGORYHIERARCHYNAME><![CDATA[Global Product & Service Hierarchy]]></PRODUCTCATEGORYHIERARCHYNAME><CATEGORYNAME>Animals</CATEGORYNAME><CATEGORYCODE>ANIMALS</CATEGORYCODE><CATEGORYDESCRIPTION>Various animals, including livestock and pets, for sale or trade.</CATEGORYDESCRIPTION><CATEGORYKEYWORDS></CATEGORYKEYWORDS><CATEGORYRECORDID>5637144589</CATEGORYRECORDID><DEFAULTPROJECTGLOBALCATEGORYID></DEFAULTPROJECTGLOBALCATEGORYID><EXTERNALID>00000000-0000-0000-0000-000000000000</EXTERNALID><FRIENDLYCATEGORYNAME>Livestock and Pets</FRIENDLYCATEGORYNAME><ISCATEGORYINHERITINGPARENTCATEGORYATTRIBUTES>No</ISCATEGORYINHERITINGPARENTCATEGORYATTRIBUTES><ISCATEGORYINHERITINGPARENTPRODUCTATTRIBUTES>No</ISCATEGORYINHERITINGPARENTPRODUCTATTRIBUTES><ISTANGIBLEPRODUCT>No</ISTANGIBLEPRODUCT><PARENTPRODUCTCATEGORYCODE>ALL</PARENTPRODUCTCATEGORYCODE><PARENTPRODUCTCATEGORYHIERARCHYNAME><![CDATA[Global Product & Service Hierarchy]]></PARENTPRODUCTCATEGORYHIERARCHYNAME><PARENTPRODUCTCATEGORYNAME><![CDATA[All Products & Services]]></PARENTPRODUCTCATEGORYNAME><PROJECTCATEGORYNAME></PROJECTCATEGORYNAME></ECORESPRODUCTCATEGORYENTITY><ECORESPRODUCTCATEGORYENTITY><PRODUCTCATEGORYHIERARCHYNAME><![CDATA[Global Product & Service Hierarchy]]></PRODUCTCATEGORYHIERARCHYNAME><CATEGORYNAME>Armor</CATEGORYNAME><CATEGORYCODE>ARMOR</CATEGORYCODE><CATEGORYDESCRIPTION>Different types of armor for protection in combat.</CATEGORYDESCRIPTION><CATEGORYKEYWORDS></CATEGORYKEYWORDS><CATEGORYRECORDID>5637144606</CATEGORYRECORDID><DEFAULTPROJECTGLOBALCATEGORYID></DEFAULTPROJECTGLOBALCATEGORYID><EXTERNALID>00000000-0000-0000-0000-000000000000</EXTERNALID><FRIENDLYCATEGORYNAME>Protective Gear</FRIENDLYCATEGORYNAME><ISCATEGORYINHERITINGPARENTCATEGORYATTRIBUTES>No</ISCATEGORYINHERITINGPARENTCATEGORYATTRIBUTES><ISCATEGORYINHERITINGPARENTPRODUCTATTRIBUTES>No</ISCATEGORYINHERITINGPARENTPRODUCTATTRIBUTES><ISTANGIBLEPRODUCT>No</ISTANGIBLEPRODUCT><PARENTPRODUCTCATEGORYCODE>ALL</PARENTPRODUCTCATEGORYCODE><PARENTPRODUCTCATEGORYHIERARCHYNAME><![CDATA[Global Product & Service Hierarchy]]></PARENTPRODUCTCATEGORYHIERARCHYNAME><PARENTPRODUCTCATEGORYNAME><![CDATA[All Products & Services]]></PARENTPRODUCTCATEGORYNAME><PROJECTCATEGORYNAME></PROJECTCATEGORYNAME></ECORESPRODUCTCATEGORYENTITY><ECORESPRODUCTCATEGORYENTITY><PRODUCTCATEGORYHIERARCHYNAME><![CDATA[Global Product & Service Hierarchy]]></PRODUCTCATEGORYHIERARCHYNAME><CATEGORYNAME>Artwork</CATEGORYNAME><CATEGORYCODE>ARTWORK</CATEGORYCODE><CATEGORYDESCRIPTION>Various artworks, including paintings, sculptures, and other creations.</CATEGORYDESCRIPTION><CATEGORYKEYWORDS>Artistic Creations</CATEGORYKEYWORDS><CATEGORYRECORDID>5637144603</CATEGORYRECORDID><DEFAULTPROJECTGLOBALCATEGORYID></DEFAULTPROJECTGLOBALCATEGORYID><EXTERNALID>00000000-0000-0000-0000-000000000000</EXTERNALID><FRIENDLYCATEGORYNAME>New category</FRIENDLYCATEGORYNAME><ISCATEGORYINHERITINGPARENTCATEGORYATTRIBUTES>No</ISCATEGORYINHERITINGPARENTCATEGORYATTRIBUTES><ISCATEGORYINHERITINGPARENTPRODUCTATTRIBUTES>No</ISCATEGORYINHERITINGPARENTPRODUCTATTRIBUTES><ISTANGIBLEPRODUCT>No</ISTANGIBLEPRODUCT><PARENTPRODUCTCATEGORYCODE>ALL</PARENTPRODUCTCATEGORYCODE><PARENTPRODUCTCATEGORYHIERARCHYNAME><![CDATA[Global Product & Service Hierarchy]]></PARENTPRODUCTCATEGORYHIERARCHYNAME><PARENTPRODUCTCATEGORYNAME><![CDATA[All Products & Services]]></PARENTPRODUCTCATEGORYNAME><PROJECTCATEGORYNAME></PROJECTCATEGORYNAME></ECORESPRODUCTCATEGORYENTITY><ECORESPRODUCTCATEGORYENTITY><PRODUCTCATEGORYHIERARCHYNAME><![CDATA[Global Product & Service Hierarchy]]></PRODUCTCATEGORYHIERARCHYNAME><CATEGORYNAME>Bard Services</CATEGORYNAME><CATEGORYCODE>BARDSERVICES</CATEGORYCODE><CATEGORYDESCRIPTION>Items related to music and performance, including instruments and costumes.</CATEGORYDESCRIPTION><CATEGORYKEYWORDS></CATEGORYKEYWORDS><CATEGORYRECORDID>5637144602</CATEGORYRECORDID><DEFAULTPROJECTGLOBALCATEGORYID></DEFAULTPROJECTGLOBALCATEGORYID><EXTERNALID>00000000-0000-0000-0000-000000000000</EXTERNALID><FRIENDLYCATEGORYNAME>Musical and Performance</FRIENDLYCATEGORYNAME><ISCATEGORYINHERITINGPARENTCATEGORYATTRIBUTES>No</ISCATEGORYINHERITINGPARENTCATEGORYATTRIBUTES><ISCATEGORYINHERITINGPARENTPRODUCTATTRIBUTES>No</ISCATEGORYINHERITINGPARENTPRODUCTATTRIBUTES><ISTANGIBLEPRODUCT>No</ISTANGIBLEPRODUCT><PARENTPRODUCTCATEGORYCODE>ALL</PARENTPRODUCTCATEGORYCODE><PARENTPRODUCTCATEGORYHIERARCHYNAME><![CDATA[Global Product & Service Hierarchy]]></PARENTPRODUCTCATEGORYHIERARCHYNAME><PARENTPRODUCTCATEGORYNAME><![CDATA[All Products & Services]]></PARENTPRODUCTCATEGORYNAME><PROJECTCATEGORYNAME></PROJECTCATEGORYNAME></ECORESPRODUCTCATEGORYENTITY><ECORESPRODUCTCATEGORYENTITY><PRODUCTCATEGORYHIERARCHYNAME><![CDATA[Global Product & Service Hierarchy]]></PRODUCTCATEGORYHIERARCHYNAME><CATEGORYNAME>Carcasses</CATEGORYNAME><CATEGORYCODE>CARCASSES</CATEGORYCODE><CATEGORYDESCRIPTION>Carcasses of various creatures, used for meat, bones, and other resources.</CATEGORYDESCRIPTION><CATEGORYKEYWORDS></CATEGORYKEYWORDS><CATEGORYRECORDID>5637144588</CATEGORYRECORDID><DEFAULTPROJECTGLOBALCATEGORYID></DEFAULTPROJECTGLOBALCATEGORYID><EXTERNALID>00000000-0000-0000-0000-000000000000</EXTERNALID><FRIENDLYCATEGORYNAME>Dead Animal Bodies</FRIENDLYCATEGORYNAME><ISCATEGORYINHERITINGPARENTCATEGORYATTRIBUTES>No</ISCATEGORYINHERITINGPARENTCATEGORYATTRIBUTES><ISCATEGORYINHERITINGPARENTPRODUCTATTRIBUTES>No</ISCATEGORYINHERITINGPARENTPRODUCTATTRIBUTES><ISTANGIBLEPRODUCT>No</ISTANGIBLEPRODUCT><PARENTPRODUCTCATEGORYCODE>ALL</PARENTPRODUCTCATEGORYCODE><PARENTPRODUCTCATEGORYHIERARCHYNAME><![CDATA[Global Product & Service Hierarchy]]></PARENTPRODUCTCATEGORYHIERARCHYNAME><PARENTPRODUCTCATEGORYNAME><![CDATA[All Products & Services]]></PARENTPRODUCTCATEGORYNAME><PROJECTCATEGORYNAME></PROJECTCATEGORYNAME></ECORESPRODUCTCATEGORYENTITY><ECORESPRODUCTCATEGORYENTITY><PRODUCTCATEGORYHIERARCHYNAME><![CDATA[Global Product & Service Hierarchy]]></PRODUCTCATEGORYHIERARCHYNAME><CATEGORYNAME>Clothing</CATEGORYNAME><CATEGORYCODE>CLOTHING</CATEGORYCODE><CATEGORYDESCRIPTION>Various types of clothing, including casual, formal, and protective gear.</CATEGORYDESCRIPTION><CATEGORYKEYWORDS></CATEGORYKEYWORDS><CATEGORYRECORDID>5637144578</CATEGORYRECORDID><DEFAULTPROJECTGLOBALCATEGORYID></DEFAULTPROJECTGLOBALCATEGORYID><EXTERNALID>00000000-0000-0000-0000-000000000000</EXTERNALID><FRIENDLYCATEGORYNAME>Garments and Apparel</FRIENDLYCATEGORYNAME><ISCATEGORYINHERITINGPARENTCATEGORYATTRIBUTES>No</ISCATEGORYINHERITINGPARENTCATEGORYATTRIBUTES><ISCATEGORYINHERITINGPARENTPRODUCTATTRIBUTES>No</ISCATEGORYINHERITINGPARENTPRODUCTATTRIBUTES><ISTANGIBLEPRODUCT>No</ISTANGIBLEPRODUCT><PARENTPRODUCTCATEGORYCODE>ALL</PARENTPRODUCTCATEGORYCODE><PARENTPRODUCTCATEGORYHIERARCHYNAME><![CDATA[Global Product & Service Hierarchy]]></PARENTPRODUCTCATEGORYHIERARCHYNAME><PARENTPRODUCTCATEGORYNAME><![CDATA[All Products & Services]]></PARENTPRODUCTCATEGORYNAME><PROJECTCATEGORYNAME></PROJECTCATEGORYNAME></ECORESPRODUCTCATEGORYENTITY><ECORESPRODUCTCATEGORYENTITY><PRODUCTCATEGORYHIERARCHYNAME><![CDATA[Global Product & Service Hierarchy]]></PRODUCTCATEGORYHIERARCHYNAME><CATEGORYNAME>Construction</CATEGORYNAME><CATEGORYCODE>CONSTRUCTION</CATEGORYCODE><CATEGORYDESCRIPTION>Materials and components used in construction.</CATEGORYDESCRIPTION><CATEGORYKEYWORDS></CATEGORYKEYWORDS><CATEGORYRECORDID>5637144601</CATEGORYRECORDID><DEFAULTPROJECTGLOBALCATEGORYID></DEFAULTPROJECTGLOBALCATEGORYID><EXTERNALID>00000000-0000-0000-0000-000000000000</EXTERNALID><FRIENDLYCATEGORYNAME>Building Materials</FRIENDLYCATEGORYNAME><ISCATEGORYINHERITINGPARENTCATEGORYATTRIBUTES>No</ISCATEGORYINHERITINGPARENTCATEGORYATTRIBUTES><ISCATEGORYINHERITINGPARENTPRODUCTATTRIBUTES>No</ISCATEGORYINHERITINGPARENTPRODUCTATTRIBUTES><ISTANGIBLEPRODUCT>No</ISTANGIBLEPRODUCT><PARENTPRODUCTCATEGORYCODE>ALL</PARENTPRODUCTCATEGORYCODE><PARENTPRODUCTCATEGORYHIERARCHYNAME><![CDATA[Global Product & Service Hierarchy]]></PARENTPRODUCTCATEGORYHIERARCHYNAME><PARENTPRODUCTCATEGORYNAME><![CDATA[All Products & Services]]></PARENTPRODUCTCATEGORYNAME><PROJECTCATEGORYNAME></PROJECTCATEGORYNAME></ECORESPRODUCTCATEGORYENTITY><ECORESPRODUCTCATEGORYENTITY><PRODUCTCATEGORYHIERARCHYNAME><![CDATA[Global Product & Service Hierarchy]]></PRODUCTCATEGORYHIERARCHYNAME><CATEGORYNAME>Creature Parts</CATEGORYNAME><CATEGORYCODE>CREATUREPARTS</CATEGORYCODE><CATEGORYDESCRIPTION>Parts from various creatures, used for alchemy, crafting, and magical purposes.</CATEGORYDESCRIPTION><CATEGORYKEYWORDS></CATEGORYKEYWORDS><CATEGORYRECORDID>5637144582</CATEGORYRECORDID><DEFAULTPROJECTGLOBALCATEGORYID></DEFAULTPROJECTGLOBALCATEGORYID><EXTERNALID>00000000-0000-0000-0000-000000000000</EXTERNALID><FRIENDLYCATEGORYNAME>Components from Creatures</FRIENDLYCATEGORYNAME><ISCATEGORYINHERITINGPARENTCATEGORYATTRIBUTES>No</ISCATEGORYINHERITINGPARENTCATEGORYATTRIBUTES><ISCATEGORYINHERITINGPARENTPRODUCTATTRIBUTES>No</ISCATEGORYINHERITINGPARENTPRODUCTATTRIBUTES><ISTANGIBLEPRODUCT>No</ISTANGIBLEPRODUCT><PARENTPRODUCTCATEGORYCODE>ALL</PARENTPRODUCTCATEGORYCODE><PARENTPRODUCTCATEGORYHIERARCHYNAME><![CDATA[Global Product & Service Hierarchy]]></PARENTPRODUCTCATEGORYHIERARCHYNAME><PARENTPRODUCTCATEGORYNAME><![CDATA[All Products & Services]]></PARENTPRODUCTCATEGORYNAME><PROJECTCATEGORYNAME></PROJECTCATEGORYNAME></ECORESPRODUCTCATEGORYENTITY><ECORESPRODUCTCATEGORYENTITY><PRODUCTCATEGORYHIERARCHYNAME><![CDATA[Global Product & Service Hierarchy]]></PRODUCTCATEGORYHIERARCHYNAME><CATEGORYNAME><![CDATA[Eggs, Young & Steed]]></CATEGORYNAME><CATEGORYCODE>EGGSYOUNGSTEED</CATEGORYCODE><CATEGORYDESCRIPTION>Eggs and young creatures for breeding or magical purposes.</CATEGORYDESCRIPTION><CATEGORYKEYWORDS></CATEGORYKEYWORDS><CATEGORYRECORDID>5637144586</CATEGORYRECORDID><DEFAULTPROJECTGLOBALCATEGORYID></DEFAULTPROJECTGLOBALCATEGORYID><EXTERNALID>00000000-0000-0000-0000-000000000000</EXTERNALID><FRIENDLYCATEGORYNAME>Young Creatures and Eggs</FRIENDLYCATEGORYNAME><ISCATEGORYINHERITINGPARENTCATEGORYATTRIBUTES>No</ISCATEGORYINHERITINGPARENTCATEGORYATTRIBUTES><ISCATEGORYINHERITINGPARENTPRODUCTATTRIBUTES>No</ISCATEGORYINHERITINGPARENTPRODUCTATTRIBUTES><ISTANGIBLEPRODUCT>No</ISTANGIBLEPRODUCT><PARENTPRODUCTCATEGORYCODE>ALL</PARENTPRODUCTCATEGORYCODE><PARENTPRODUCTCATEGORYHIERARCHYNAME><![CDATA[Global Product & Service Hierarchy]]></PARENTPRODUCTCATEGORYHIERARCHYNAME><PARENTPRODUCTCATEGORYNAME><![CDATA[All Products & Services]]></PARENTPRODUCTCATEGORYNAME><PROJECTCATEGORYNAME></PROJECTCATEGORYNAME></ECORESPRODUCTCATEGORYENTITY><ECORESPRODUCTCATEGORYENTITY><PRODUCTCATEGORYHIERARCHYNAME><![CDATA[Global Product & Service Hierarchy]]></PRODUCTCATEGORYHIERARCHYNAME><CATEGORYNAME>Fabric</CATEGORYNAME><CATEGORYCODE>Fabric</CATEGORYCODE><CATEGORYDESCRIPTION>Different types of fabrics, including wool, cotton, and silk.</CATEGORYDESCRIPTION><CATEGORYKEYWORDS></CATEGORYKEYWORDS><CATEGORYRECORDID>5637144590</CATEGORYRECORDID><DEFAULTPROJECTGLOBALCATEGORYID></DEFAULTPROJECTGLOBALCATEGORYID><EXTERNALID>00000000-0000-0000-0000-000000000000</EXTERNALID><FRIENDLYCATEGORYNAME>Textile Materials</FRIENDLYCATEGORYNAME><ISCATEGORYINHERITINGPARENTCATEGORYATTRIBUTES>No</ISCATEGORYINHERITINGPARENTCATEGORYATTRIBUTES><ISCATEGORYINHERITINGPARENTPRODUCTATTRIBUTES>No</ISCATEGORYINHERITINGPARENTPRODUCTATTRIBUTES><ISTANGIBLEPRODUCT>No</ISTANGIBLEPRODUCT><PARENTPRODUCTCATEGORYCODE>ALL</PARENTPRODUCTCATEGORYCODE><PARENTPRODUCTCATEGORYHIERARCHYNAME><![CDATA[Global Product & Service Hierarchy]]></PARENTPRODUCTCATEGORYHIERARCHYNAME><PARENTPRODUCTCATEGORYNAME><![CDATA[All Products & Services]]></PARENTPRODUCTCATEGORYNAME><PROJECTCATEGORYNAME></PROJECTCATEGORYNAME></ECORESPRODUCTCATEGORYENTITY><ECORESPRODUCTCATEGORYENTITY><PRODUCTCATEGORYHIERARCHYNAME><![CDATA[Global Product & Service Hierarchy]]></PRODUCTCATEGORYHIERARCHYNAME><CATEGORYNAME><![CDATA[Fines & Penalties]]></CATEGORYNAME><CATEGORYCODE>FINESPENALTIES</CATEGORYCODE><CATEGORYDESCRIPTION>Fines and penalties for various crimes and infractions.</CATEGORYDESCRIPTION><CATEGORYKEYWORDS></CATEGORYKEYWORDS><CATEGORYRECORDID>5637144599</CATEGORYRECORDID><DEFAULTPROJECTGLOBALCATEGORYID></DEFAULTPROJECTGLOBALCATEGORYID><EXTERNALID>00000000-0000-0000-0000-000000000000</EXTERNALID><FRIENDLYCATEGORYNAME>Penalties</FRIENDLYCATEGORYNAME><ISCATEGORYINHERITINGPARENTCATEGORYATTRIBUTES>No</ISCATEGORYINHERITINGPARENTCATEGORYATTRIBUTES><ISCATEGORYINHERITINGPARENTPRODUCTATTRIBUTES>No</ISCATEGORYINHERITINGPARENTPRODUCTATTRIBUTES><ISTANGIBLEPRODUCT>No</ISTANGIBLEPRODUCT><PARENTPRODUCTCATEGORYCODE>ALL</PARENTPRODUCTCATEGORYCODE><PARENTPRODUCTCATEGORYHIERARCHYNAME><![CDATA[Global Product & Service Hierarchy]]></PARENTPRODUCTCATEGORYHIERARCHYNAME><PARENTPRODUCTCATEGORYNAME><![CDATA[All Products & Services]]></PARENTPRODUCTCATEGORYNAME><PROJECTCATEGORYNAME></PROJECTCATEGORYNAME></ECORESPRODUCTCATEGORYENTITY><ECORESPRODUCTCATEGORYENTITY><PRODUCTCATEGORYHIERARCHYNAME><![CDATA[Global Product & Service Hierarchy]]></PRODUCTCATEGORYHIERARCHYNAME><CATEGORYNAME>Foodstuff</CATEGORYNAME><CATEGORYCODE>FOODSTUFF</CATEGORYCODE><CATEGORYDESCRIPTION>Various food items, including fresh produce, preserved foods, and beverages.</CATEGORYDESCRIPTION><CATEGORYKEYWORDS></CATEGORYKEYWORDS><CATEGORYRECORDID>5637144580</CATEGORYRECORDID><DEFAULTPROJECTGLOBALCATEGORYID></DEFAULTPROJECTGLOBALCATEGORYID><EXTERNALID>00000000-0000-0000-0000-000000000000</EXTERNALID><FRIENDLYCATEGORYNAME>Edible Goods</FRIENDLYCATEGORYNAME><ISCATEGORYINHERITINGPARENTCATEGORYATTRIBUTES>No</ISCATEGORYINHERITINGPARENTCATEGORYATTRIBUTES><ISCATEGORYINHERITINGPARENTPRODUCTATTRIBUTES>No</ISCATEGORYINHERITINGPARENTPRODUCTATTRIBUTES><ISTANGIBLEPRODUCT>No</ISTANGIBLEPRODUCT><PARENTPRODUCTCATEGORYCODE>ALL</PARENTPRODUCTCATEGORYCODE><PARENTPRODUCTCATEGORYHIERARCHYNAME><![CDATA[Global Product & Service Hierarchy]]></PARENTPRODUCTCATEGORYHIERARCHYNAME><PARENTPRODUCTCATEGORYNAME><![CDATA[All Products & Services]]></PARENTPRODUCTCATEGORYNAME><PROJECTCATEGORYNAME></PROJECTCATEGORYNAME></ECORESPRODUCTCATEGORYENTITY><ECORESPRODUCTCATEGORYENTITY><PRODUCTCATEGORYHIERARCHYNAME><![CDATA[Global Product & Service Hierarchy]]></PRODUCTCATEGORYHIERARCHYNAME><CATEGORYNAME>Furnishings</CATEGORYNAME><CATEGORYCODE>FURNISHINGS</CATEGORYCODE><CATEGORYDESCRIPTION>Furniture and decorative items for homes and businesses.</CATEGORYDESCRIPTION><CATEGORYKEYWORDS></CATEGORYKEYWORDS><CATEGORYRECORDID>5637144587</CATEGORYRECORDID><DEFAULTPROJECTGLOBALCATEGORYID></DEFAULTPROJECTGLOBALCATEGORYID><EXTERNALID>00000000-0000-0000-0000-000000000000</EXTERNALID><FRIENDLYCATEGORYNAME>Furniture and Decor</FRIENDLYCATEGORYNAME><ISCATEGORYINHERITINGPARENTCATEGORYATTRIBUTES>No</ISCATEGORYINHERITINGPARENTCATEGORYATTRIBUTES><ISCATEGORYINHERITINGPARENTPRODUCTATTRIBUTES>No</ISCATEGORYINHERITINGPARENTPRODUCTATTRIBUTES><ISTANGIBLEPRODUCT>No</ISTANGIBLEPRODUCT><PARENTPRODUCTCATEGORYCODE>ALL</PARENTPRODUCTCATEGORYCODE><PARENTPRODUCTCATEGORYHIERARCHYNAME><![CDATA[Global Product & Service Hierarchy]]></PARENTPRODUCTCATEGORYHIERARCHYNAME><PARENTPRODUCTCATEGORYNAME><![CDATA[All Products & Services]]></PARENTPRODUCTCATEGORYNAME><PROJECTCATEGORYNAME></PROJECTCATEGORYNAME></ECORESPRODUCTCATEGORYENTITY><ECORESPRODUCTCATEGORYENTITY><PRODUCTCATEGORYHIERARCHYNAME><![CDATA[Global Product & Service Hierarchy]]></PRODUCTCATEGORYHIERARCHYNAME><CATEGORYNAME>Furs</CATEGORYNAME><CATEGORYCODE>FURS</CATEGORYCODE><CATEGORYDESCRIPTION>Fur from different animals, used for clothing and other products.</CATEGORYDESCRIPTION><CATEGORYKEYWORDS></CATEGORYKEYWORDS><CATEGORYRECORDID>5637144585</CATEGORYRECORDID><DEFAULTPROJECTGLOBALCATEGORYID></DEFAULTPROJECTGLOBALCATEGORYID><EXTERNALID>00000000-0000-0000-0000-000000000000</EXTERNALID><FRIENDLYCATEGORYNAME>Fur Products</FRIENDLYCATEGORYNAME><ISCATEGORYINHERITINGPARENTCATEGORYATTRIBUTES>No</ISCATEGORYINHERITINGPARENTCATEGORYATTRIBUTES><ISCATEGORYINHERITINGPARENTPRODUCTATTRIBUTES>No</ISCATEGORYINHERITINGPARENTPRODUCTATTRIBUTES><ISTANGIBLEPRODUCT>No</ISTANGIBLEPRODUCT><PARENTPRODUCTCATEGORYCODE>ALL</PARENTPRODUCTCATEGORYCODE><PARENTPRODUCTCATEGORYHIERARCHYNAME><![CDATA[Global Product & Service Hierarchy]]></PARENTPRODUCTCATEGORYHIERARCHYNAME><PARENTPRODUCTCATEGORYNAME><![CDATA[All Products & Services]]></PARENTPRODUCTCATEGORYNAME><PROJECTCATEGORYNAME></PROJECTCATEGORYNAME></ECORESPRODUCTCATEGORYENTITY><ECORESPRODUCTCATEGORYENTITY><PRODUCTCATEGORYHIERARCHYNAME><![CDATA[Global Product & Service Hierarchy]]></PRODUCTCATEGORYHIERARCHYNAME><CATEGORYNAME>Golems</CATEGORYNAME><CATEGORYCODE>GOLEMS</CATEGORYCODE><CATEGORYDESCRIPTION>Golems and other magical constructs used for various purposes.</CATEGORYDESCRIPTION><CATEGORYKEYWORDS></CATEGORYKEYWORDS><CATEGORYRECORDID>5637144608</CATEGORYRECORDID><DEFAULTPROJECTGLOBALCATEGORYID></DEFAULTPROJECTGLOBALCATEGORYID><EXTERNALID>00000000-0000-0000-0000-000000000000</EXTERNALID><FRIENDLYCATEGORYNAME>Constructed Creatures</FRIENDLYCATEGORYNAME><ISCATEGORYINHERITINGPARENTCATEGORYATTRIBUTES>No</ISCATEGORYINHERITINGPARENTCATEGORYATTRIBUTES><ISCATEGORYINHERITINGPARENTPRODUCTATTRIBUTES>No</ISCATEGORYINHERITINGPARENTPRODUCTATTRIBUTES><ISTANGIBLEPRODUCT>No</ISTANGIBLEPRODUCT><PARENTPRODUCTCATEGORYCODE>ALL</PARENTPRODUCTCATEGORYCODE><PARENTPRODUCTCATEGORYHIERARCHYNAME><![CDATA[Global Product & Service Hierarchy]]></PARENTPRODUCTCATEGORYHIERARCHYNAME><PARENTPRODUCTCATEGORYNAME><![CDATA[All Products & Services]]></PARENTPRODUCTCATEGORYNAME><PROJECTCATEGORYNAME></PROJECTCATEGORYNAME></ECORESPRODUCTCATEGORYENTITY><ECORESPRODUCTCATEGORYENTITY><PRODUCTCATEGORYHIERARCHYNAME><![CDATA[Global Product & Service Hierarchy]]></PRODUCTCATEGORYHIERARCHYNAME><CATEGORYNAME>Illuminations</CATEGORYNAME><CATEGORYCODE>ILLUMINATIONS</CATEGORYCODE><CATEGORYDESCRIPTION>Items used for illumination, including lamps, torches, and magical lights.</CATEGORYDESCRIPTION><CATEGORYKEYWORDS></CATEGORYKEYWORDS><CATEGORYRECORDID>5637144597</CATEGORYRECORDID><DEFAULTPROJECTGLOBALCATEGORYID></DEFAULTPROJECTGLOBALCATEGORYID><EXTERNALID>00000000-0000-0000-0000-000000000000</EXTERNALID><FRIENDLYCATEGORYNAME>Lighting Solutions</FRIENDLYCATEGORYNAME><ISCATEGORYINHERITINGPARENTCATEGORYATTRIBUTES>No</ISCATEGORYINHERITINGPARENTCATEGORYATTRIBUTES><ISCATEGORYINHERITINGPARENTPRODUCTATTRIBUTES>No</ISCATEGORYINHERITINGPARENTPRODUCTATTRIBUTES><ISTANGIBLEPRODUCT>No</ISTANGIBLEPRODUCT><PARENTPRODUCTCATEGORYCODE>ALL</PARENTPRODUCTCATEGORYCODE><PARENTPRODUCTCATEGORYHIERARCHYNAME><![CDATA[Global Product & Service Hierarchy]]></PARENTPRODUCTCATEGORYHIERARCHYNAME><PARENTPRODUCTCATEGORYNAME><![CDATA[All Products & Services]]></PARENTPRODUCTCATEGORYNAME><PROJECTCATEGORYNAME></PROJECTCATEGORYNAME></ECORESPRODUCTCATEGORYENTITY><ECORESPRODUCTCATEGORYENTITY><PRODUCTCATEGORYHIERARCHYNAME><![CDATA[Global Product & Service Hierarchy]]></PRODUCTCATEGORYHIERARCHYNAME><CATEGORYNAME>Lab</CATEGORYNAME><CATEGORYCODE>LAB</CATEGORYCODE><CATEGORYDESCRIPTION>Equipment and supplies for laboratories, used in alchemy and research.</CATEGORYDESCRIPTION><CATEGORYKEYWORDS></CATEGORYKEYWORDS><CATEGORYRECORDID>5637144592</CATEGORYRECORDID><DEFAULTPROJECTGLOBALCATEGORYID></DEFAULTPROJECTGLOBALCATEGORYID><EXTERNALID>00000000-0000-0000-0000-000000000000</EXTERNALID><FRIENDLYCATEGORYNAME>Laboratory Supplies</FRIENDLYCATEGORYNAME><ISCATEGORYINHERITINGPARENTCATEGORYATTRIBUTES>No</ISCATEGORYINHERITINGPARENTCATEGORYATTRIBUTES><ISCATEGORYINHERITINGPARENTPRODUCTATTRIBUTES>No</ISCATEGORYINHERITINGPARENTPRODUCTATTRIBUTES><ISTANGIBLEPRODUCT>No</ISTANGIBLEPRODUCT><PARENTPRODUCTCATEGORYCODE>ALL</PARENTPRODUCTCATEGORYCODE><PARENTPRODUCTCATEGORYHIERARCHYNAME><![CDATA[Global Product & Service Hierarchy]]></PARENTPRODUCTCATEGORYHIERARCHYNAME><PARENTPRODUCTCATEGORYNAME><![CDATA[All Products & Services]]></PARENTPRODUCTCATEGORYNAME><PROJECTCATEGORYNAME></PROJECTCATEGORYNAME></ECORESPRODUCTCATEGORYENTITY><ECORESPRODUCTCATEGORYENTITY><PRODUCTCATEGORYHIERARCHYNAME><![CDATA[Global Product & Service Hierarchy]]></PRODUCTCATEGORYHIERARCHYNAME><CATEGORYNAME>Materials (Raw)</CATEGORYNAME><CATEGORYCODE>MATERIALSRAW</CATEGORYCODE><CATEGORYDESCRIPTION>Various raw materials used in crafting and construction.</CATEGORYDESCRIPTION><CATEGORYKEYWORDS></CATEGORYKEYWORDS><CATEGORYRECORDID>5637144594</CATEGORYRECORDID><DEFAULTPROJECTGLOBALCATEGORYID></DEFAULTPROJECTGLOBALCATEGORYID><EXTERNALID>00000000-0000-0000-0000-000000000000</EXTERNALID><FRIENDLYCATEGORYNAME>Raw Materials</FRIENDLYCATEGORYNAME><ISCATEGORYINHERITINGPARENTCATEGORYATTRIBUTES>No</ISCATEGORYINHERITINGPARENTCATEGORYATTRIBUTES><ISCATEGORYINHERITINGPARENTPRODUCTATTRIBUTES>No</ISCATEGORYINHERITINGPARENTPRODUCTATTRIBUTES><ISTANGIBLEPRODUCT>No</ISTANGIBLEPRODUCT><PARENTPRODUCTCATEGORYCODE>ALL</PARENTPRODUCTCATEGORYCODE><PARENTPRODUCTCATEGORYHIERARCHYNAME><![CDATA[Global Product & Service Hierarchy]]></PARENTPRODUCTCATEGORYHIERARCHYNAME><PARENTPRODUCTCATEGORYNAME><![CDATA[All Products & Services]]></PARENTPRODUCTCATEGORYNAME><PROJECTCATEGORYNAME></PROJECTCATEGORYNAME></ECORESPRODUCTCATEGORYENTITY><ECORESPRODUCTCATEGORYENTITY><PRODUCTCATEGORYHIERARCHYNAME><![CDATA[Global Product & Service Hierarchy]]></PRODUCTCATEGORYHIERARCHYNAME><CATEGORYNAME>Miscellaneous Equipment</CATEGORYNAME><CATEGORYCODE>MISCEQUIPMENT</CATEGORYCODE><CATEGORYDESCRIPTION><![CDATA[A variety of equipment that doesn't fit into other categories.]]></CATEGORYDESCRIPTION><CATEGORYKEYWORDS></CATEGORYKEYWORDS><CATEGORYRECORDID>5637144598</CATEGORYRECORDID><DEFAULTPROJECTGLOBALCATEGORYID></DEFAULTPROJECTGLOBALCATEGORYID><EXTERNALID>00000000-0000-0000-0000-000000000000</EXTERNALID><FRIENDLYCATEGORYNAME>Various Equipment</FRIENDLYCATEGORYNAME><ISCATEGORYINHERITINGPARENTCATEGORYATTRIBUTES>No</ISCATEGORYINHERITINGPARENTCATEGORYATTRIBUTES><ISCATEGORYINHERITINGPARENTPRODUCTATTRIBUTES>No</ISCATEGORYINHERITINGPARENTPRODUCTATTRIBUTES><ISTANGIBLEPRODUCT>No</ISTANGIBLEPRODUCT><PARENTPRODUCTCATEGORYCODE>ALL</PARENTPRODUCTCATEGORYCODE><PARENTPRODUCTCATEGORYHIERARCHYNAME><![CDATA[Global Product & Service Hierarchy]]></PARENTPRODUCTCATEGORYHIERARCHYNAME><PARENTPRODUCTCATEGORYNAME><![CDATA[All Products & Services]]></PARENTPRODUCTCATEGORYNAME><PROJECTCATEGORYNAME></PROJECTCATEGORYNAME></ECORESPRODUCTCATEGORYENTITY><ECORESPRODUCTCATEGORYENTITY><PRODUCTCATEGORYHIERARCHYNAME><![CDATA[Global Product & Service Hierarchy]]></PRODUCTCATEGORYHIERARCHYNAME><CATEGORYNAME><![CDATA[Potions & Elixers]]></CATEGORYNAME><CATEGORYCODE>POTIONSELIXERS</CATEGORYCODE><CATEGORYDESCRIPTION>Various potions used for healing, enhancing abilities, and other effects.</CATEGORYDESCRIPTION><CATEGORYKEYWORDS></CATEGORYKEYWORDS><CATEGORYRECORDID>5637144607</CATEGORYRECORDID><DEFAULTPROJECTGLOBALCATEGORYID></DEFAULTPROJECTGLOBALCATEGORYID><EXTERNALID>00000000-0000-0000-0000-000000000000</EXTERNALID><FRIENDLYCATEGORYNAME>Alchemical Mixtures</FRIENDLYCATEGORYNAME><ISCATEGORYINHERITINGPARENTCATEGORYATTRIBUTES>No</ISCATEGORYINHERITINGPARENTCATEGORYATTRIBUTES><ISCATEGORYINHERITINGPARENTPRODUCTATTRIBUTES>No</ISCATEGORYINHERITINGPARENTPRODUCTATTRIBUTES><ISTANGIBLEPRODUCT>No</ISTANGIBLEPRODUCT><PARENTPRODUCTCATEGORYCODE>ALL</PARENTPRODUCTCATEGORYCODE><PARENTPRODUCTCATEGORYHIERARCHYNAME><![CDATA[Global Product & Service Hierarchy]]></PARENTPRODUCTCATEGORYHIERARCHYNAME><PARENTPRODUCTCATEGORYNAME><![CDATA[All Products & Services]]></PARENTPRODUCTCATEGORYNAME><PROJECTCATEGORYNAME></PROJECTCATEGORYNAME></ECORESPRODUCTCATEGORYENTITY><ECORESPRODUCTCATEGORYENTITY><PRODUCTCATEGORYHIERARCHYNAME><![CDATA[Global Product & Service Hierarchy]]></PRODUCTCATEGORYHIERARCHYNAME><CATEGORYNAME>Scribes Equipment</CATEGORYNAME><CATEGORYCODE>SCRIBESEWQUIPMENT</CATEGORYCODE><CATEGORYDESCRIPTION>Tools and materials for writing and scribing, including ink, parchment, and quills.</CATEGORYDESCRIPTION><CATEGORYKEYWORDS></CATEGORYKEYWORDS><CATEGORYRECORDID>5637144593</CATEGORYRECORDID><DEFAULTPROJECTGLOBALCATEGORYID></DEFAULTPROJECTGLOBALCATEGORYID><EXTERNALID>00000000-0000-0000-0000-000000000000</EXTERNALID><FRIENDLYCATEGORYNAME>Writing and Scribing Tools</FRIENDLYCATEGORYNAME><ISCATEGORYINHERITINGPARENTCATEGORYATTRIBUTES>No</ISCATEGORYINHERITINGPARENTCATEGORYATTRIBUTES><ISCATEGORYINHERITINGPARENTPRODUCTATTRIBUTES>No</ISCATEGORYINHERITINGPARENTPRODUCTATTRIBUTES><ISTANGIBLEPRODUCT>No</ISTANGIBLEPRODUCT><PARENTPRODUCTCATEGORYCODE>ALL</PARENTPRODUCTCATEGORYCODE><PARENTPRODUCTCATEGORYHIERARCHYNAME><![CDATA[Global Product & Service Hierarchy]]></PARENTPRODUCTCATEGORYHIERARCHYNAME><PARENTPRODUCTCATEGORYNAME><![CDATA[All Products & Services]]></PARENTPRODUCTCATEGORYNAME><PROJECTCATEGORYNAME></PROJECTCATEGORYNAME></ECORESPRODUCTCATEGORYENTITY><ECORESPRODUCTCATEGORYENTITY><PRODUCTCATEGORYHIERARCHYNAME><![CDATA[Global Product & Service Hierarchy]]></PRODUCTCATEGORYHIERARCHYNAME><CATEGORYNAME>Seige Weapons</CATEGORYNAME><CATEGORYCODE>SIEGEWEAPONS</CATEGORYCODE><CATEGORYDESCRIPTION>Large weapons used in sieges and battles, including catapults and battering rams.</CATEGORYDESCRIPTION><CATEGORYKEYWORDS></CATEGORYKEYWORDS><CATEGORYRECORDID>5637144604</CATEGORYRECORDID><DEFAULTPROJECTGLOBALCATEGORYID></DEFAULTPROJECTGLOBALCATEGORYID><EXTERNALID>00000000-0000-0000-0000-000000000000</EXTERNALID><FRIENDLYCATEGORYNAME>Large Weapons</FRIENDLYCATEGORYNAME><ISCATEGORYINHERITINGPARENTCATEGORYATTRIBUTES>No</ISCATEGORYINHERITINGPARENTCATEGORYATTRIBUTES><ISCATEGORYINHERITINGPARENTPRODUCTATTRIBUTES>No</ISCATEGORYINHERITINGPARENTPRODUCTATTRIBUTES><ISTANGIBLEPRODUCT>No</ISTANGIBLEPRODUCT><PARENTPRODUCTCATEGORYCODE>ALL</PARENTPRODUCTCATEGORYCODE><PARENTPRODUCTCATEGORYHIERARCHYNAME><![CDATA[Global Product & Service Hierarchy]]></PARENTPRODUCTCATEGORYHIERARCHYNAME><PARENTPRODUCTCATEGORYNAME><![CDATA[All Products & Services]]></PARENTPRODUCTCATEGORYNAME><PROJECTCATEGORYNAME></PROJECTCATEGORYNAME></ECORESPRODUCTCATEGORYENTITY><ECORESPRODUCTCATEGORYENTITY><PRODUCTCATEGORYHIERARCHYNAME><![CDATA[Global Product & Service Hierarchy]]></PRODUCTCATEGORYHIERARCHYNAME><CATEGORYNAME><![CDATA[Services & Wages]]></CATEGORYNAME><CATEGORYCODE>SERVICESANDWAGES</CATEGORYCODE><CATEGORYDESCRIPTION>Various services provided by workers, including labor and professional services.</CATEGORYDESCRIPTION><CATEGORYKEYWORDS></CATEGORYKEYWORDS><CATEGORYRECORDID>5637144595</CATEGORYRECORDID><DEFAULTPROJECTGLOBALCATEGORYID></DEFAULTPROJECTGLOBALCATEGORYID><EXTERNALID>00000000-0000-0000-0000-000000000000</EXTERNALID><FRIENDLYCATEGORYNAME>Labor and Services</FRIENDLYCATEGORYNAME><ISCATEGORYINHERITINGPARENTCATEGORYATTRIBUTES>No</ISCATEGORYINHERITINGPARENTCATEGORYATTRIBUTES><ISCATEGORYINHERITINGPARENTPRODUCTATTRIBUTES>No</ISCATEGORYINHERITINGPARENTPRODUCTATTRIBUTES><ISTANGIBLEPRODUCT>No</ISTANGIBLEPRODUCT><PARENTPRODUCTCATEGORYCODE>ALL</PARENTPRODUCTCATEGORYCODE><PARENTPRODUCTCATEGORYHIERARCHYNAME><![CDATA[Global Product & Service Hierarchy]]></PARENTPRODUCTCATEGORYHIERARCHYNAME><PARENTPRODUCTCATEGORYNAME><![CDATA[All Products & Services]]></PARENTPRODUCTCATEGORYNAME><PROJECTCATEGORYNAME></PROJECTCATEGORYNAME></ECORESPRODUCTCATEGORYENTITY><ECORESPRODUCTCATEGORYENTITY><PRODUCTCATEGORYHIERARCHYNAME><![CDATA[Global Product & Service Hierarchy]]></PRODUCTCATEGORYHIERARCHYNAME><CATEGORYNAME>Skins</CATEGORYNAME><CATEGORYCODE>SKINS</CATEGORYCODE><CATEGORYDESCRIPTION>Skins and hides from various creatures, used for crafting and trade.</CATEGORYDESCRIPTION><CATEGORYKEYWORDS></CATEGORYKEYWORDS><CATEGORYRECORDID>5637144581</CATEGORYRECORDID><DEFAULTPROJECTGLOBALCATEGORYID></DEFAULTPROJECTGLOBALCATEGORYID><EXTERNALID>00000000-0000-0000-0000-000000000000</EXTERNALID><FRIENDLYCATEGORYNAME>Animal Hides</FRIENDLYCATEGORYNAME><ISCATEGORYINHERITINGPARENTCATEGORYATTRIBUTES>No</ISCATEGORYINHERITINGPARENTCATEGORYATTRIBUTES><ISCATEGORYINHERITINGPARENTPRODUCTATTRIBUTES>No</ISCATEGORYINHERITINGPARENTPRODUCTATTRIBUTES><ISTANGIBLEPRODUCT>No</ISTANGIBLEPRODUCT><PARENTPRODUCTCATEGORYCODE>ALL</PARENTPRODUCTCATEGORYCODE><PARENTPRODUCTCATEGORYHIERARCHYNAME><![CDATA[Global Product & Service Hierarchy]]></PARENTPRODUCTCATEGORYHIERARCHYNAME><PARENTPRODUCTCATEGORYNAME><![CDATA[All Products & Services]]></PARENTPRODUCTCATEGORYNAME><PROJECTCATEGORYNAME></PROJECTCATEGORYNAME></ECORESPRODUCTCATEGORYENTITY><ECORESPRODUCTCATEGORYENTITY><PRODUCTCATEGORYHIERARCHYNAME><![CDATA[Global Product & Service Hierarchy]]></PRODUCTCATEGORYHIERARCHYNAME><CATEGORYNAME>Spellcasting</CATEGORYNAME><CATEGORYCODE>SPELLCASTING</CATEGORYCODE><CATEGORYDESCRIPTION>Services related to the casting of spells, including hiring mages.</CATEGORYDESCRIPTION><CATEGORYKEYWORDS></CATEGORYKEYWORDS><CATEGORYRECORDID>5637144600</CATEGORYRECORDID><DEFAULTPROJECTGLOBALCATEGORYID></DEFAULTPROJECTGLOBALCATEGORYID><EXTERNALID>00000000-0000-0000-0000-000000000000</EXTERNALID><FRIENDLYCATEGORYNAME>Magical Services</FRIENDLYCATEGORYNAME><ISCATEGORYINHERITINGPARENTCATEGORYATTRIBUTES>No</ISCATEGORYINHERITINGPARENTCATEGORYATTRIBUTES><ISCATEGORYINHERITINGPARENTPRODUCTATTRIBUTES>No</ISCATEGORYINHERITINGPARENTPRODUCTATTRIBUTES><ISTANGIBLEPRODUCT>No</ISTANGIBLEPRODUCT><PARENTPRODUCTCATEGORYCODE>ALL</PARENTPRODUCTCATEGORYCODE><PARENTPRODUCTCATEGORYHIERARCHYNAME><![CDATA[Global Product & Service Hierarchy]]></PARENTPRODUCTCATEGORYHIERARCHYNAME><PARENTPRODUCTCATEGORYNAME><![CDATA[All Products & Services]]></PARENTPRODUCTCATEGORYNAME><PROJECTCATEGORYNAME></PROJECTCATEGORYNAME></ECORESPRODUCTCATEGORYENTITY><ECORESPRODUCTCATEGORYENTITY><PRODUCTCATEGORYHIERARCHYNAME><![CDATA[Global Product & Service Hierarchy]]></PRODUCTCATEGORYHIERARCHYNAME><CATEGORYNAME>Storage Products</CATEGORYNAME><CATEGORYCODE>STORAGE</CATEGORYCODE><CATEGORYDESCRIPTION>Storage Products</CATEGORYDESCRIPTION><CATEGORYKEYWORDS></CATEGORYKEYWORDS><CATEGORYRECORDID>5637144577</CATEGORYRECORDID><DEFAULTPROJECTGLOBALCATEGORYID></DEFAULTPROJECTGLOBALCATEGORYID><EXTERNALID>00000000-0000-0000-0000-000000000000</EXTERNALID><FRIENDLYCATEGORYNAME>Storage Products</FRIENDLYCATEGORYNAME><ISCATEGORYINHERITINGPARENTCATEGORYATTRIBUTES>No</ISCATEGORYINHERITINGPARENTCATEGORYATTRIBUTES><ISCATEGORYINHERITINGPARENTPRODUCTATTRIBUTES>No</ISCATEGORYINHERITINGPARENTPRODUCTATTRIBUTES><ISTANGIBLEPRODUCT>No</ISTANGIBLEPRODUCT><PARENTPRODUCTCATEGORYCODE>ALL</PARENTPRODUCTCATEGORYCODE><PARENTPRODUCTCATEGORYHIERARCHYNAME><![CDATA[Global Product & Service Hierarchy]]></PARENTPRODUCTCATEGORYHIERARCHYNAME><PARENTPRODUCTCATEGORYNAME><![CDATA[All Products & Services]]></PARENTPRODUCTCATEGORYNAME><PROJECTCATEGORYNAME></PROJECTCATEGORYNAME></ECORESPRODUCTCATEGORYENTITY><ECORESPRODUCTCATEGORYENTITY><PRODUCTCATEGORYHIERARCHYNAME><![CDATA[Global Product & Service Hierarchy]]></PRODUCTCATEGORYHIERARCHYNAME><CATEGORYNAME><![CDATA[Tack & Harness]]></CATEGORYNAME><CATEGORYCODE>TACKHARNESS</CATEGORYCODE><CATEGORYDESCRIPTION>Equipment used for riding and controlling mounts.</CATEGORYDESCRIPTION><CATEGORYKEYWORDS></CATEGORYKEYWORDS><CATEGORYRECORDID>5637144584</CATEGORYRECORDID><DEFAULTPROJECTGLOBALCATEGORYID></DEFAULTPROJECTGLOBALCATEGORYID><EXTERNALID>00000000-0000-0000-0000-000000000000</EXTERNALID><FRIENDLYCATEGORYNAME>Riding Equipment</FRIENDLYCATEGORYNAME><ISCATEGORYINHERITINGPARENTCATEGORYATTRIBUTES>No</ISCATEGORYINHERITINGPARENTCATEGORYATTRIBUTES><ISCATEGORYINHERITINGPARENTPRODUCTATTRIBUTES>No</ISCATEGORYINHERITINGPARENTPRODUCTATTRIBUTES><ISTANGIBLEPRODUCT>No</ISTANGIBLEPRODUCT><PARENTPRODUCTCATEGORYCODE>ALL</PARENTPRODUCTCATEGORYCODE><PARENTPRODUCTCATEGORYHIERARCHYNAME><![CDATA[Global Product & Service Hierarchy]]></PARENTPRODUCTCATEGORYHIERARCHYNAME><PARENTPRODUCTCATEGORYNAME><![CDATA[All Products & Services]]></PARENTPRODUCTCATEGORYNAME><PROJECTCATEGORYNAME></PROJECTCATEGORYNAME></ECORESPRODUCTCATEGORYENTITY><ECORESPRODUCTCATEGORYENTITY><PRODUCTCATEGORYHIERARCHYNAME><![CDATA[Global Product & Service Hierarchy]]></PRODUCTCATEGORYHIERARCHYNAME><CATEGORYNAME><![CDATA[Tavern & Inn]]></CATEGORYNAME><CATEGORYCODE>TAVERNINN</CATEGORYCODE><CATEGORYDESCRIPTION>Services related to inns and taverns, including lodging and meals.</CATEGORYDESCRIPTION><CATEGORYKEYWORDS></CATEGORYKEYWORDS><CATEGORYRECORDID>5637144579</CATEGORYRECORDID><DEFAULTPROJECTGLOBALCATEGORYID></DEFAULTPROJECTGLOBALCATEGORYID><EXTERNALID>00000000-0000-0000-0000-000000000000</EXTERNALID><FRIENDLYCATEGORYNAME>Hospitality Services</FRIENDLYCATEGORYNAME><ISCATEGORYINHERITINGPARENTCATEGORYATTRIBUTES>No</ISCATEGORYINHERITINGPARENTCATEGORYATTRIBUTES><ISCATEGORYINHERITINGPARENTPRODUCTATTRIBUTES>No</ISCATEGORYINHERITINGPARENTPRODUCTATTRIBUTES><ISTANGIBLEPRODUCT>No</ISTANGIBLEPRODUCT><PARENTPRODUCTCATEGORYCODE>ALL</PARENTPRODUCTCATEGORYCODE><PARENTPRODUCTCATEGORYHIERARCHYNAME><![CDATA[Global Product & Service Hierarchy]]></PARENTPRODUCTCATEGORYHIERARCHYNAME><PARENTPRODUCTCATEGORYNAME><![CDATA[All Products & Services]]></PARENTPRODUCTCATEGORYNAME><PROJECTCATEGORYNAME></PROJECTCATEGORYNAME></ECORESPRODUCTCATEGORYENTITY><ECORESPRODUCTCATEGORYENTITY><PRODUCTCATEGORYHIERARCHYNAME><![CDATA[Global Product & Service Hierarchy]]></PRODUCTCATEGORYHIERARCHYNAME><CATEGORYNAME>Tools</CATEGORYNAME><CATEGORYCODE>TOOLS</CATEGORYCODE><CATEGORYDESCRIPTION>Various tools used in crafting, construction, and other activities.</CATEGORYDESCRIPTION><CATEGORYKEYWORDS></CATEGORYKEYWORDS><CATEGORYRECORDID>5637144596</CATEGORYRECORDID><DEFAULTPROJECTGLOBALCATEGORYID></DEFAULTPROJECTGLOBALCATEGORYID><EXTERNALID>00000000-0000-0000-0000-000000000000</EXTERNALID><FRIENDLYCATEGORYNAME>Hand Tools and Implements</FRIENDLYCATEGORYNAME><ISCATEGORYINHERITINGPARENTCATEGORYATTRIBUTES>No</ISCATEGORYINHERITINGPARENTCATEGORYATTRIBUTES><ISCATEGORYINHERITINGPARENTPRODUCTATTRIBUTES>No</ISCATEGORYINHERITINGPARENTPRODUCTATTRIBUTES><ISTANGIBLEPRODUCT>No</ISTANGIBLEPRODUCT><PARENTPRODUCTCATEGORYCODE>ALL</PARENTPRODUCTCATEGORYCODE><PARENTPRODUCTCATEGORYHIERARCHYNAME><![CDATA[Global Product & Service Hierarchy]]></PARENTPRODUCTCATEGORYHIERARCHYNAME><PARENTPRODUCTCATEGORYNAME><![CDATA[All Products & Services]]></PARENTPRODUCTCATEGORYNAME><PROJECTCATEGORYNAME></PROJECTCATEGORYNAME></ECORESPRODUCTCATEGORYENTITY><ECORESPRODUCTCATEGORYENTITY><PRODUCTCATEGORYHIERARCHYNAME><![CDATA[Global Product & Service Hierarchy]]></PRODUCTCATEGORYHIERARCHYNAME><CATEGORYNAME>Transportation</CATEGORYNAME><CATEGORYCODE>TRANSPORATAION</CATEGORYCODE><CATEGORYDESCRIPTION>Various means of transportation, including vehicles and riding animals.</CATEGORYDESCRIPTION><CATEGORYKEYWORDS></CATEGORYKEYWORDS><CATEGORYRECORDID>5637144583</CATEGORYRECORDID><DEFAULTPROJECTGLOBALCATEGORYID></DEFAULTPROJECTGLOBALCATEGORYID><EXTERNALID>00000000-0000-0000-0000-000000000000</EXTERNALID><FRIENDLYCATEGORYNAME>Vehicles and Mounts</FRIENDLYCATEGORYNAME><ISCATEGORYINHERITINGPARENTCATEGORYATTRIBUTES>No</ISCATEGORYINHERITINGPARENTCATEGORYATTRIBUTES><ISCATEGORYINHERITINGPARENTPRODUCTATTRIBUTES>No</ISCATEGORYINHERITINGPARENTPRODUCTATTRIBUTES><ISTANGIBLEPRODUCT>No</ISTANGIBLEPRODUCT><PARENTPRODUCTCATEGORYCODE>ALL</PARENTPRODUCTCATEGORYCODE><PARENTPRODUCTCATEGORYHIERARCHYNAME><![CDATA[Global Product & Service Hierarchy]]></PARENTPRODUCTCATEGORYHIERARCHYNAME><PARENTPRODUCTCATEGORYNAME><![CDATA[All Products & Services]]></PARENTPRODUCTCATEGORYNAME><PROJECTCATEGORYNAME></PROJECTCATEGORYNAME></ECORESPRODUCTCATEGORYENTITY><ECORESPRODUCTCATEGORYENTITY><PRODUCTCATEGORYHIERARCHYNAME><![CDATA[Global Product & Service Hierarchy]]></PRODUCTCATEGORYHIERARCHYNAME><CATEGORYNAME>Weapons</CATEGORYNAME><CATEGORYCODE>WEAPONS</CATEGORYCODE><CATEGORYDESCRIPTION>Various weapons, including swords, bows, and magical weapons.</CATEGORYDESCRIPTION><CATEGORYKEYWORDS></CATEGORYKEYWORDS><CATEGORYRECORDID>5637144605</CATEGORYRECORDID><DEFAULTPROJECTGLOBALCATEGORYID></DEFAULTPROJECTGLOBALCATEGORYID><EXTERNALID>00000000-0000-0000-0000-000000000000</EXTERNALID><FRIENDLYCATEGORYNAME>Arms</FRIENDLYCATEGORYNAME><ISCATEGORYINHERITINGPARENTCATEGORYATTRIBUTES>No</ISCATEGORYINHERITINGPARENTCATEGORYATTRIBUTES><ISCATEGORYINHERITINGPARENTPRODUCTATTRIBUTES>No</ISCATEGORYINHERITINGPARENTPRODUCTATTRIBUTES><ISTANGIBLEPRODUCT>No</ISTANGIBLEPRODUCT><PARENTPRODUCTCATEGORYCODE>ALL</PARENTPRODUCTCATEGORYCODE><PARENTPRODUCTCATEGORYHIERARCHYNAME><![CDATA[Global Product & Service Hierarchy]]></PARENTPRODUCTCATEGORYHIERARCHYNAME><PARENTPRODUCTCATEGORYNAME><![CDATA[All Products & Services]]></PARENTPRODUCTCATEGORYNAME><PROJECTCATEGORYNAME></PROJECTCATEGORYNAME></ECORESPRODUCTCATEGORYENTITY><ECORESPRODUCTCATEGORYENTITY><PRODUCTCATEGORYHIERARCHYNAME>TAGS</PRODUCTCATEGORYHIERARCHYNAME><CATEGORYNAME>All Tags</CATEGORYNAME><CATEGORYCODE>ALL</CATEGORYCODE><CATEGORYDESCRIPTION></CATEGORYDESCRIPTION><CATEGORYKEYWORDS></CATEGORYKEYWORDS><CATEGORYRECORDID>5637145330</CATEGORYRECORDID><DEFAULTPROJECTGLOBALCATEGORYID></DEFAULTPROJECTGLOBALCATEGORYID><EXTERNALID>00000000-0000-0000-0000-000000000000</EXTERNALID><FRIENDLYCATEGORYNAME>All Tags</FRIENDLYCATEGORYNAME><ISCATEGORYINHERITINGPARENTCATEGORYATTRIBUTES>No</ISCATEGORYINHERITINGPARENTCATEGORYATTRIBUTES><ISCATEGORYINHERITINGPARENTPRODUCTATTRIBUTES>No</ISCATEGORYINHERITINGPARENTPRODUCTATTRIBUTES><ISTANGIBLEPRODUCT>No</ISTANGIBLEPRODUCT><PARENTPRODUCTCATEGORYCODE></PARENTPRODUCTCATEGORYCODE><PARENTPRODUCTCATEGORYHIERARCHYNAME></PARENTPRODUCTCATEGORYHIERARCHYNAME><PARENTPRODUCTCATEGORYNAME></PARENTPRODUCTCATEGORYNAME><PROJECTCATEGORYNAME></PROJECTCATEGORYNAME></ECORESPRODUCTCATEGORYENTITY><ECORESPRODUCTCATEGORYENTITY><PRODUCTCATEGORYHIERARCHYNAME>TAGS</PRODUCTCATEGORYHIERARCHYNAME><CATEGORYNAME>Combat</CATEGORYNAME><CATEGORYCODE>COMBAT</CATEGORYCODE><CATEGORYDESCRIPTION></CATEGORYDESCRIPTION><CATEGORYKEYWORDS></CATEGORYKEYWORDS><CATEGORYRECORDID>5637145334</CATEGORYRECORDID><DEFAULTPROJECTGLOBALCATEGORYID></DEFAULTPROJECTGLOBALCATEGORYID><EXTERNALID>00000000-0000-0000-0000-000000000000</EXTERNALID><FRIENDLYCATEGORYNAME>Combat</FRIENDLYCATEGORYNAME><ISCATEGORYINHERITINGPARENTCATEGORYATTRIBUTES>No</ISCATEGORYINHERITINGPARENTCATEGORYATTRIBUTES><ISCATEGORYINHERITINGPARENTPRODUCTATTRIBUTES>No</ISCATEGORYINHERITINGPARENTPRODUCTATTRIBUTES><ISTANGIBLEPRODUCT>No</ISTANGIBLEPRODUCT><PARENTPRODUCTCATEGORYCODE>ALL</PARENTPRODUCTCATEGORYCODE><PARENTPRODUCTCATEGORYHIERARCHYNAME>TAGS</PARENTPRODUCTCATEGORYHIERARCHYNAME><PARENTPRODUCTCATEGORYNAME>All Tags</PARENTPRODUCTCATEGORYNAME><PROJECTCATEGORYNAME></PROJECTCATEGORYNAME></ECORESPRODUCTCATEGORYENTITY><ECORESPRODUCTCATEGORYENTITY><PRODUCTCATEGORYHIERARCHYNAME>TAGS</PRODUCTCATEGORYHIERARCHYNAME><CATEGORYNAME>Communication</CATEGORYNAME><CATEGORYCODE>COMMUNICATION</CATEGORYCODE><CATEGORYDESCRIPTION></CATEGORYDESCRIPTION><CATEGORYKEYWORDS></CATEGORYKEYWORDS><CATEGORYRECORDID>5637145331</CATEGORYRECORDID><DEFAULTPROJECTGLOBALCATEGORYID></DEFAULTPROJECTGLOBALCATEGORYID><EXTERNALID>00000000-0000-0000-0000-000000000000</EXTERNALID><FRIENDLYCATEGORYNAME>Communication</FRIENDLYCATEGORYNAME><ISCATEGORYINHERITINGPARENTCATEGORYATTRIBUTES>No</ISCATEGORYINHERITINGPARENTCATEGORYATTRIBUTES><ISCATEGORYINHERITINGPARENTPRODUCTATTRIBUTES>No</ISCATEGORYINHERITINGPARENTPRODUCTATTRIBUTES><ISTANGIBLEPRODUCT>No</ISTANGIBLEPRODUCT><PARENTPRODUCTCATEGORYCODE>ALL</PARENTPRODUCTCATEGORYCODE><PARENTPRODUCTCATEGORYHIERARCHYNAME>TAGS</PARENTPRODUCTCATEGORYHIERARCHYNAME><PARENTPRODUCTCATEGORYNAME>All Tags</PARENTPRODUCTCATEGORYNAME><PROJECTCATEGORYNAME></PROJECTCATEGORYNAME></ECORESPRODUCTCATEGORYENTITY><ECORESPRODUCTCATEGORYENTITY><PRODUCTCATEGORYHIERARCHYNAME>TAGS</PRODUCTCATEGORYHIERARCHYNAME><CATEGORYNAME>Container</CATEGORYNAME><CATEGORYCODE>CONTAINER</CATEGORYCODE><CATEGORYDESCRIPTION></CATEGORYDESCRIPTION><CATEGORYKEYWORDS></CATEGORYKEYWORDS><CATEGORYRECORDID>5637145335</CATEGORYRECORDID><DEFAULTPROJECTGLOBALCATEGORYID></DEFAULTPROJECTGLOBALCATEGORYID><EXTERNALID>00000000-0000-0000-0000-000000000000</EXTERNALID><FRIENDLYCATEGORYNAME>Container</FRIENDLYCATEGORYNAME><ISCATEGORYINHERITINGPARENTCATEGORYATTRIBUTES>No</ISCATEGORYINHERITINGPARENTCATEGORYATTRIBUTES><ISCATEGORYINHERITINGPARENTPRODUCTATTRIBUTES>No</ISCATEGORYINHERITINGPARENTPRODUCTATTRIBUTES><ISTANGIBLEPRODUCT>No</ISTANGIBLEPRODUCT><PARENTPRODUCTCATEGORYCODE>ALL</PARENTPRODUCTCATEGORYCODE><PARENTPRODUCTCATEGORYHIERARCHYNAME>TAGS</PARENTPRODUCTCATEGORYHIERARCHYNAME><PARENTPRODUCTCATEGORYNAME>All Tags</PARENTPRODUCTCATEGORYNAME><PROJECTCATEGORYNAME></PROJECTCATEGORYNAME></ECORESPRODUCTCATEGORYENTITY><ECORESPRODUCTCATEGORYENTITY><PRODUCTCATEGORYHIERARCHYNAME>TAGS</PRODUCTCATEGORYHIERARCHYNAME><CATEGORYNAME>Damage</CATEGORYNAME><CATEGORYCODE>DAMMAGE</CATEGORYCODE><CATEGORYDESCRIPTION></CATEGORYDESCRIPTION><CATEGORYKEYWORDS></CATEGORYKEYWORDS><CATEGORYRECORDID>5637145333</CATEGORYRECORDID><DEFAULTPROJECTGLOBALCATEGORYID></DEFAULTPROJECTGLOBALCATEGORYID><EXTERNALID>00000000-0000-0000-0000-000000000000</EXTERNALID><FRIENDLYCATEGORYNAME>Damage</FRIENDLYCATEGORYNAME><ISCATEGORYINHERITINGPARENTCATEGORYATTRIBUTES>No</ISCATEGORYINHERITINGPARENTCATEGORYATTRIBUTES><ISCATEGORYINHERITINGPARENTPRODUCTATTRIBUTES>No</ISCATEGORYINHERITINGPARENTPRODUCTATTRIBUTES><ISTANGIBLEPRODUCT>No</ISTANGIBLEPRODUCT><PARENTPRODUCTCATEGORYCODE>ALL</PARENTPRODUCTCATEGORYCODE><PARENTPRODUCTCATEGORYHIERARCHYNAME>TAGS</PARENTPRODUCTCATEGORYHIERARCHYNAME><PARENTPRODUCTCATEGORYNAME>All Tags</PARENTPRODUCTCATEGORYNAME><PROJECTCATEGORYNAME></PROJECTCATEGORYNAME></ECORESPRODUCTCATEGORYENTITY><ECORESPRODUCTCATEGORYENTITY><PRODUCTCATEGORYHIERARCHYNAME>TAGS</PRODUCTCATEGORYHIERARCHYNAME><CATEGORYNAME>Utility</CATEGORYNAME><CATEGORYCODE>UTILITY</CATEGORYCODE><CATEGORYDESCRIPTION></CATEGORYDESCRIPTION><CATEGORYKEYWORDS></CATEGORYKEYWORDS><CATEGORYRECORDID>5637145332</CATEGORYRECORDID><DEFAULTPROJECTGLOBALCATEGORYID></DEFAULTPROJECTGLOBALCATEGORYID><EXTERNALID>00000000-0000-0000-0000-000000000000</EXTERNALID><FRIENDLYCATEGORYNAME>Utility</FRIENDLYCATEGORYNAME><ISCATEGORYINHERITINGPARENTCATEGORYATTRIBUTES>No</ISCATEGORYINHERITINGPARENTCATEGORYATTRIBUTES><ISCATEGORYINHERITINGPARENTPRODUCTATTRIBUTES>No</ISCATEGORYINHERITINGPARENTPRODUCTATTRIBUTES><ISTANGIBLEPRODUCT>No</ISTANGIBLEPRODUCT><PARENTPRODUCTCATEGORYCODE>ALL</PARENTPRODUCTCATEGORYCODE><PARENTPRODUCTCATEGORYHIERARCHYNAME>TAGS</PARENTPRODUCTCATEGORYHIERARCHYNAME><PARENTPRODUCTCATEGORYNAME>All Tags</PARENTPRODUCTCATEGORYNAME><PROJECTCATEGORYNAME></PROJECTCATEGORYNAME></ECORESPRODUCTCATEGORYENTITY></Document>