﻿<?xml version="1.0" encoding="utf-8"?><Document><ECORESPRODUCTMASTERSIZETRANSLATIONENTITY><LANGUAGEID>en-US</LANGUAGEID><PRODUCTMASTERNUMBER>BACKPACK</PRODUCTMASTERNUMBER><PRODUCTMASTERSIZEID>150GP</PRODUCTMASTERSIZEID><TRANSLATEDSIZEDESCRIPTION>150gp</TRANSLATEDSIZEDESCRIPTION><TRANSLATEDSIZENAME>150gp</TRANSLATEDSIZENAME></ECORESPRODUCTMASTERSIZETRANSLATIONENTITY><ECORESPRODUCTMASTERSIZETRANSLATIONENTITY><LANGUAGEID>en-US</LANGUAGEID><PRODUCTMASTERNUMBER>BACKPACK</PRODUCTMASTERNUMBER><PRODUCTMASTERSIZEID>450GP</PRODUCTMASTERSIZEID><TRANSLATEDSIZEDESCRIPTION>450gp</TRANSLATEDSIZEDESCRIPTION><TRANSLATEDSIZENAME>450gp</TRANSLATEDSIZENAME></ECORESPRODUCTMASTERSIZETRANSLATIONENTITY><ECORESPRODUCTMASTERSIZETRANSLATIONENTITY><LANGUAGEID>en-US</LANGUAGEID><PRODUCTMASTERNUMBER>BACKPACK</PRODUCTMASTERNUMBER><PRODUCTMASTERSIZEID>LRG</PRODUCTMASTERSIZEID><TRANSLATEDSIZEDESCRIPTION>large</TRANSLATEDSIZEDESCRIPTION><TRANSLATEDSIZENAME>Large</TRANSLATEDSIZENAME></ECORESPRODUCTMASTERSIZETRANSLATIONENTITY><ECORESPRODUCTMASTERSIZETRANSLATIONENTITY><LANGUAGEID>en-US</LANGUAGEID><PRODUCTMASTERNUMBER>BACKPACK</PRODUCTMASTERNUMBER><PRODUCTMASTERSIZEID>MED</PRODUCTMASTERSIZEID><TRANSLATEDSIZEDESCRIPTION>medium</TRANSLATEDSIZEDESCRIPTION><TRANSLATEDSIZENAME>Medium</TRANSLATEDSIZENAME></ECORESPRODUCTMASTERSIZETRANSLATIONENTITY><ECORESPRODUCTMASTERSIZETRANSLATIONENTITY><LANGUAGEID>en-US</LANGUAGEID><PRODUCTMASTERNUMBER>BACKPACK</PRODUCTMASTERNUMBER><PRODUCTMASTERSIZEID>SML</PRODUCTMASTERSIZEID><TRANSLATEDSIZEDESCRIPTION>small</TRANSLATEDSIZEDESCRIPTION><TRANSLATEDSIZENAME>Small</TRANSLATEDSIZENAME></ECORESPRODUCTMASTERSIZETRANSLATIONENTITY><ECORESPRODUCTMASTERSIZETRANSLATIONENTITY><LANGUAGEID>en-US</LANGUAGEID><PRODUCTMASTERNUMBER>BACKPACK</PRODUCTMASTERNUMBER><PRODUCTMASTERSIZEID>STD</PRODUCTMASTERSIZEID><TRANSLATEDSIZEDESCRIPTION>standard</TRANSLATEDSIZEDESCRIPTION><TRANSLATEDSIZENAME>Standard</TRANSLATEDSIZENAME></ECORESPRODUCTMASTERSIZETRANSLATIONENTITY><ECORESPRODUCTMASTERSIZETRANSLATIONENTITY><LANGUAGEID>en-US</LANGUAGEID><PRODUCTMASTERNUMBER>BACKPACK</PRODUCTMASTERNUMBER><PRODUCTMASTERSIZEID>XLG</PRODUCTMASTERSIZEID><TRANSLATEDSIZEDESCRIPTION>extra large</TRANSLATEDSIZEDESCRIPTION><TRANSLATEDSIZENAME>Extra Large</TRANSLATEDSIZENAME></ECORESPRODUCTMASTERSIZETRANSLATIONENTITY><ECORESPRODUCTMASTERSIZETRANSLATIONENTITY><LANGUAGEID>en-US</LANGUAGEID><PRODUCTMASTERNUMBER>BACKPACK</PRODUCTMASTERNUMBER><PRODUCTMASTERSIZEID>XSM</PRODUCTMASTERSIZEID><TRANSLATEDSIZEDESCRIPTION>extra small</TRANSLATEDSIZEDESCRIPTION><TRANSLATEDSIZENAME>Extra Small</TRANSLATEDSIZENAME></ECORESPRODUCTMASTERSIZETRANSLATIONENTITY><ECORESPRODUCTMASTERSIZETRANSLATIONENTITY><LANGUAGEID>en-US</LANGUAGEID><PRODUCTMASTERNUMBER>BACKPACK</PRODUCTMASTERNUMBER><PRODUCTMASTERSIZEID>XXL</PRODUCTMASTERSIZEID><TRANSLATEDSIZEDESCRIPTION>double extra large</TRANSLATEDSIZEDESCRIPTION><TRANSLATEDSIZENAME>Double Extra Large</TRANSLATEDSIZENAME></ECORESPRODUCTMASTERSIZETRANSLATIONENTITY><ECORESPRODUCTMASTERSIZETRANSLATIONENTITY><LANGUAGEID>en-US</LANGUAGEID><PRODUCTMASTERNUMBER>BALLBEARING</PRODUCTMASTERNUMBER><PRODUCTMASTERSIZEID>LRG</PRODUCTMASTERSIZEID><TRANSLATEDSIZEDESCRIPTION>large</TRANSLATEDSIZEDESCRIPTION><TRANSLATEDSIZENAME>Large</TRANSLATEDSIZENAME></ECORESPRODUCTMASTERSIZETRANSLATIONENTITY><ECORESPRODUCTMASTERSIZETRANSLATIONENTITY><LANGUAGEID>en-US</LANGUAGEID><PRODUCTMASTERNUMBER>BALLBEARING</PRODUCTMASTERNUMBER><PRODUCTMASTERSIZEID>MED</PRODUCTMASTERSIZEID><TRANSLATEDSIZEDESCRIPTION>medium</TRANSLATEDSIZEDESCRIPTION><TRANSLATEDSIZENAME>Medium</TRANSLATEDSIZENAME></ECORESPRODUCTMASTERSIZETRANSLATIONENTITY><ECORESPRODUCTMASTERSIZETRANSLATIONENTITY><LANGUAGEID>en-US</LANGUAGEID><PRODUCTMASTERNUMBER>BALLBEARING</PRODUCTMASTERNUMBER><PRODUCTMASTERSIZEID>SML</PRODUCTMASTERSIZEID><TRANSLATEDSIZEDESCRIPTION>small</TRANSLATEDSIZEDESCRIPTION><TRANSLATEDSIZENAME>Small</TRANSLATEDSIZENAME></ECORESPRODUCTMASTERSIZETRANSLATIONENTITY><ECORESPRODUCTMASTERSIZETRANSLATIONENTITY><LANGUAGEID>en-US</LANGUAGEID><PRODUCTMASTERNUMBER>BALLBEARING</PRODUCTMASTERNUMBER><PRODUCTMASTERSIZEID>STD</PRODUCTMASTERSIZEID><TRANSLATEDSIZEDESCRIPTION>standard</TRANSLATEDSIZEDESCRIPTION><TRANSLATEDSIZENAME>Standard</TRANSLATEDSIZENAME></ECORESPRODUCTMASTERSIZETRANSLATIONENTITY><ECORESPRODUCTMASTERSIZETRANSLATIONENTITY><LANGUAGEID>en-US</LANGUAGEID><PRODUCTMASTERNUMBER>BALLBEARING</PRODUCTMASTERNUMBER><PRODUCTMASTERSIZEID>XLG</PRODUCTMASTERSIZEID><TRANSLATEDSIZEDESCRIPTION>extra large</TRANSLATEDSIZEDESCRIPTION><TRANSLATEDSIZENAME>Extra Large</TRANSLATEDSIZENAME></ECORESPRODUCTMASTERSIZETRANSLATIONENTITY><ECORESPRODUCTMASTERSIZETRANSLATIONENTITY><LANGUAGEID>en-US</LANGUAGEID><PRODUCTMASTERNUMBER>BALLBEARING</PRODUCTMASTERNUMBER><PRODUCTMASTERSIZEID>XSM</PRODUCTMASTERSIZEID><TRANSLATEDSIZEDESCRIPTION>extra small</TRANSLATEDSIZEDESCRIPTION><TRANSLATEDSIZENAME>Extra Small</TRANSLATEDSIZENAME></ECORESPRODUCTMASTERSIZETRANSLATIONENTITY><ECORESPRODUCTMASTERSIZETRANSLATIONENTITY><LANGUAGEID>en-US</LANGUAGEID><PRODUCTMASTERNUMBER>BALLBEARING</PRODUCTMASTERNUMBER><PRODUCTMASTERSIZEID>XXL</PRODUCTMASTERSIZEID><TRANSLATEDSIZEDESCRIPTION>double extra large</TRANSLATEDSIZEDESCRIPTION><TRANSLATEDSIZENAME>Double Extra Large</TRANSLATEDSIZENAME></ECORESPRODUCTMASTERSIZETRANSLATIONENTITY><ECORESPRODUCTMASTERSIZETRANSLATIONENTITY><LANGUAGEID>en-US</LANGUAGEID><PRODUCTMASTERNUMBER>BARREL</PRODUCTMASTERNUMBER><PRODUCTMASTERSIZEID>30 GAL</PRODUCTMASTERSIZEID><TRANSLATEDSIZEDESCRIPTION>Small, 30 Gallon</TRANSLATEDSIZEDESCRIPTION><TRANSLATEDSIZENAME>SMALL, 30 GAL</TRANSLATEDSIZENAME></ECORESPRODUCTMASTERSIZETRANSLATIONENTITY><ECORESPRODUCTMASTERSIZETRANSLATIONENTITY><LANGUAGEID>en-US</LANGUAGEID><PRODUCTMASTERNUMBER>BARREL</PRODUCTMASTERNUMBER><PRODUCTMASTERSIZEID>40 GAL</PRODUCTMASTERSIZEID><TRANSLATEDSIZEDESCRIPTION>Medium, 40 Gallon</TRANSLATEDSIZEDESCRIPTION><TRANSLATEDSIZENAME>MEDIUM, 40 GAL</TRANSLATEDSIZENAME></ECORESPRODUCTMASTERSIZETRANSLATIONENTITY><ECORESPRODUCTMASTERSIZETRANSLATIONENTITY><LANGUAGEID>en-US</LANGUAGEID><PRODUCTMASTERNUMBER>BARREL</PRODUCTMASTERNUMBER><PRODUCTMASTERSIZEID>5 GAL</PRODUCTMASTERSIZEID><TRANSLATEDSIZEDESCRIPTION>Small, 5 Gallon</TRANSLATEDSIZEDESCRIPTION><TRANSLATEDSIZENAME>SMALL, 5 GAL</TRANSLATEDSIZENAME></ECORESPRODUCTMASTERSIZETRANSLATIONENTITY><ECORESPRODUCTMASTERSIZETRANSLATIONENTITY><LANGUAGEID>en-US</LANGUAGEID><PRODUCTMASTERNUMBER>BARREL</PRODUCTMASTERNUMBER><PRODUCTMASTERSIZEID>50 GAL</PRODUCTMASTERSIZEID><TRANSLATEDSIZEDESCRIPTION>Large, 50 Gallon</TRANSLATEDSIZEDESCRIPTION><TRANSLATEDSIZENAME>LARGE, 50 GAL</TRANSLATEDSIZENAME></ECORESPRODUCTMASTERSIZETRANSLATIONENTITY><ECORESPRODUCTMASTERSIZETRANSLATIONENTITY><LANGUAGEID>en-US</LANGUAGEID><PRODUCTMASTERNUMBER>BARREL</PRODUCTMASTERNUMBER><PRODUCTMASTERSIZEID>60 GAL</PRODUCTMASTERSIZEID><TRANSLATEDSIZEDESCRIPTION>Large, 60 Gallon</TRANSLATEDSIZEDESCRIPTION><TRANSLATEDSIZENAME>LARGE, 60 GAL</TRANSLATEDSIZENAME></ECORESPRODUCTMASTERSIZETRANSLATIONENTITY><ECORESPRODUCTMASTERSIZETRANSLATIONENTITY><LANGUAGEID>en-US</LANGUAGEID><PRODUCTMASTERNUMBER>BELL</PRODUCTMASTERNUMBER><PRODUCTMASTERSIZEID>LRG</PRODUCTMASTERSIZEID><TRANSLATEDSIZEDESCRIPTION>large</TRANSLATEDSIZEDESCRIPTION><TRANSLATEDSIZENAME>Large</TRANSLATEDSIZENAME></ECORESPRODUCTMASTERSIZETRANSLATIONENTITY><ECORESPRODUCTMASTERSIZETRANSLATIONENTITY><LANGUAGEID>en-US</LANGUAGEID><PRODUCTMASTERNUMBER>BELL</PRODUCTMASTERNUMBER><PRODUCTMASTERSIZEID>MED</PRODUCTMASTERSIZEID><TRANSLATEDSIZEDESCRIPTION>medium</TRANSLATEDSIZEDESCRIPTION><TRANSLATEDSIZENAME>Medium</TRANSLATEDSIZENAME></ECORESPRODUCTMASTERSIZETRANSLATIONENTITY><ECORESPRODUCTMASTERSIZETRANSLATIONENTITY><LANGUAGEID>en-US</LANGUAGEID><PRODUCTMASTERNUMBER>BELL</PRODUCTMASTERNUMBER><PRODUCTMASTERSIZEID>SML</PRODUCTMASTERSIZEID><TRANSLATEDSIZEDESCRIPTION>small</TRANSLATEDSIZEDESCRIPTION><TRANSLATEDSIZENAME>Small</TRANSLATEDSIZENAME></ECORESPRODUCTMASTERSIZETRANSLATIONENTITY><ECORESPRODUCTMASTERSIZETRANSLATIONENTITY><LANGUAGEID>en-US</LANGUAGEID><PRODUCTMASTERNUMBER>BELL</PRODUCTMASTERNUMBER><PRODUCTMASTERSIZEID>STD</PRODUCTMASTERSIZEID><TRANSLATEDSIZEDESCRIPTION>standard</TRANSLATEDSIZEDESCRIPTION><TRANSLATEDSIZENAME>Standard</TRANSLATEDSIZENAME></ECORESPRODUCTMASTERSIZETRANSLATIONENTITY><ECORESPRODUCTMASTERSIZETRANSLATIONENTITY><LANGUAGEID>en-US</LANGUAGEID><PRODUCTMASTERNUMBER>BELL</PRODUCTMASTERNUMBER><PRODUCTMASTERSIZEID>XLG</PRODUCTMASTERSIZEID><TRANSLATEDSIZEDESCRIPTION>extra large</TRANSLATEDSIZEDESCRIPTION><TRANSLATEDSIZENAME>Extra Large</TRANSLATEDSIZENAME></ECORESPRODUCTMASTERSIZETRANSLATIONENTITY><ECORESPRODUCTMASTERSIZETRANSLATIONENTITY><LANGUAGEID>en-US</LANGUAGEID><PRODUCTMASTERNUMBER>BELL</PRODUCTMASTERNUMBER><PRODUCTMASTERSIZEID>XSM</PRODUCTMASTERSIZEID><TRANSLATEDSIZEDESCRIPTION>extra small</TRANSLATEDSIZEDESCRIPTION><TRANSLATEDSIZENAME>Extra Small</TRANSLATEDSIZENAME></ECORESPRODUCTMASTERSIZETRANSLATIONENTITY><ECORESPRODUCTMASTERSIZETRANSLATIONENTITY><LANGUAGEID>en-US</LANGUAGEID><PRODUCTMASTERNUMBER>BELL</PRODUCTMASTERNUMBER><PRODUCTMASTERSIZEID>XXL</PRODUCTMASTERSIZEID><TRANSLATEDSIZEDESCRIPTION>double extra large</TRANSLATEDSIZEDESCRIPTION><TRANSLATEDSIZENAME>Double Extra Large</TRANSLATEDSIZENAME></ECORESPRODUCTMASTERSIZETRANSLATIONENTITY><ECORESPRODUCTMASTERSIZETRANSLATIONENTITY><LANGUAGEID>en-US</LANGUAGEID><PRODUCTMASTERNUMBER>BOTTLE</PRODUCTMASTERNUMBER><PRODUCTMASTERSIZEID>LRG</PRODUCTMASTERSIZEID><TRANSLATEDSIZEDESCRIPTION>large</TRANSLATEDSIZEDESCRIPTION><TRANSLATEDSIZENAME>Large</TRANSLATEDSIZENAME></ECORESPRODUCTMASTERSIZETRANSLATIONENTITY><ECORESPRODUCTMASTERSIZETRANSLATIONENTITY><LANGUAGEID>en-US</LANGUAGEID><PRODUCTMASTERNUMBER>BOTTLE</PRODUCTMASTERNUMBER><PRODUCTMASTERSIZEID>MED</PRODUCTMASTERSIZEID><TRANSLATEDSIZEDESCRIPTION>medium</TRANSLATEDSIZEDESCRIPTION><TRANSLATEDSIZENAME>Medium</TRANSLATEDSIZENAME></ECORESPRODUCTMASTERSIZETRANSLATIONENTITY><ECORESPRODUCTMASTERSIZETRANSLATIONENTITY><LANGUAGEID>en-US</LANGUAGEID><PRODUCTMASTERNUMBER>BOTTLE</PRODUCTMASTERNUMBER><PRODUCTMASTERSIZEID>SML</PRODUCTMASTERSIZEID><TRANSLATEDSIZEDESCRIPTION>small</TRANSLATEDSIZEDESCRIPTION><TRANSLATEDSIZENAME>Small</TRANSLATEDSIZENAME></ECORESPRODUCTMASTERSIZETRANSLATIONENTITY><ECORESPRODUCTMASTERSIZETRANSLATIONENTITY><LANGUAGEID>en-US</LANGUAGEID><PRODUCTMASTERNUMBER>BOTTLE</PRODUCTMASTERNUMBER><PRODUCTMASTERSIZEID>STD</PRODUCTMASTERSIZEID><TRANSLATEDSIZEDESCRIPTION>standard</TRANSLATEDSIZEDESCRIPTION><TRANSLATEDSIZENAME>Standard</TRANSLATEDSIZENAME></ECORESPRODUCTMASTERSIZETRANSLATIONENTITY><ECORESPRODUCTMASTERSIZETRANSLATIONENTITY><LANGUAGEID>en-US</LANGUAGEID><PRODUCTMASTERNUMBER>BOTTLE</PRODUCTMASTERNUMBER><PRODUCTMASTERSIZEID>XSM</PRODUCTMASTERSIZEID><TRANSLATEDSIZEDESCRIPTION>Extra Small</TRANSLATEDSIZEDESCRIPTION><TRANSLATEDSIZENAME>Extra Small</TRANSLATEDSIZENAME></ECORESPRODUCTMASTERSIZETRANSLATIONENTITY><ECORESPRODUCTMASTERSIZETRANSLATIONENTITY><LANGUAGEID>en-US</LANGUAGEID><PRODUCTMASTERNUMBER>BURGLARPACK</PRODUCTMASTERNUMBER><PRODUCTMASTERSIZEID>LRG</PRODUCTMASTERSIZEID><TRANSLATEDSIZEDESCRIPTION>large</TRANSLATEDSIZEDESCRIPTION><TRANSLATEDSIZENAME>Large</TRANSLATEDSIZENAME></ECORESPRODUCTMASTERSIZETRANSLATIONENTITY><ECORESPRODUCTMASTERSIZETRANSLATIONENTITY><LANGUAGEID>en-US</LANGUAGEID><PRODUCTMASTERNUMBER>BURGLARPACK</PRODUCTMASTERNUMBER><PRODUCTMASTERSIZEID>MED</PRODUCTMASTERSIZEID><TRANSLATEDSIZEDESCRIPTION>medium</TRANSLATEDSIZEDESCRIPTION><TRANSLATEDSIZENAME>Medium</TRANSLATEDSIZENAME></ECORESPRODUCTMASTERSIZETRANSLATIONENTITY><ECORESPRODUCTMASTERSIZETRANSLATIONENTITY><LANGUAGEID>en-US</LANGUAGEID><PRODUCTMASTERNUMBER>BURGLARPACK</PRODUCTMASTERNUMBER><PRODUCTMASTERSIZEID>SML</PRODUCTMASTERSIZEID><TRANSLATEDSIZEDESCRIPTION>small</TRANSLATEDSIZEDESCRIPTION><TRANSLATEDSIZENAME>Small</TRANSLATEDSIZENAME></ECORESPRODUCTMASTERSIZETRANSLATIONENTITY><ECORESPRODUCTMASTERSIZETRANSLATIONENTITY><LANGUAGEID>en-US</LANGUAGEID><PRODUCTMASTERNUMBER>BURGLARPACK</PRODUCTMASTERNUMBER><PRODUCTMASTERSIZEID>STD</PRODUCTMASTERSIZEID><TRANSLATEDSIZEDESCRIPTION>standard</TRANSLATEDSIZEDESCRIPTION><TRANSLATEDSIZENAME>Standard</TRANSLATEDSIZENAME></ECORESPRODUCTMASTERSIZETRANSLATIONENTITY><ECORESPRODUCTMASTERSIZETRANSLATIONENTITY><LANGUAGEID>en-US</LANGUAGEID><PRODUCTMASTERNUMBER>BURGLARPACK</PRODUCTMASTERNUMBER><PRODUCTMASTERSIZEID>XLG</PRODUCTMASTERSIZEID><TRANSLATEDSIZEDESCRIPTION>extra large</TRANSLATEDSIZEDESCRIPTION><TRANSLATEDSIZENAME>Extra Large</TRANSLATEDSIZENAME></ECORESPRODUCTMASTERSIZETRANSLATIONENTITY><ECORESPRODUCTMASTERSIZETRANSLATIONENTITY><LANGUAGEID>en-US</LANGUAGEID><PRODUCTMASTERNUMBER>BURGLARPACK</PRODUCTMASTERNUMBER><PRODUCTMASTERSIZEID>XSM</PRODUCTMASTERSIZEID><TRANSLATEDSIZEDESCRIPTION>extra small</TRANSLATEDSIZEDESCRIPTION><TRANSLATEDSIZENAME>Extra Small</TRANSLATEDSIZENAME></ECORESPRODUCTMASTERSIZETRANSLATIONENTITY><ECORESPRODUCTMASTERSIZETRANSLATIONENTITY><LANGUAGEID>en-US</LANGUAGEID><PRODUCTMASTERNUMBER>BURGLARPACK</PRODUCTMASTERNUMBER><PRODUCTMASTERSIZEID>XXL</PRODUCTMASTERSIZEID><TRANSLATEDSIZEDESCRIPTION>double extra large</TRANSLATEDSIZEDESCRIPTION><TRANSLATEDSIZENAME>Double Extra Large</TRANSLATEDSIZENAME></ECORESPRODUCTMASTERSIZETRANSLATIONENTITY><ECORESPRODUCTMASTERSIZETRANSLATIONENTITY><LANGUAGEID>en-US</LANGUAGEID><PRODUCTMASTERNUMBER>CANDLE</PRODUCTMASTERNUMBER><PRODUCTMASTERSIZEID>LRG</PRODUCTMASTERSIZEID><TRANSLATEDSIZEDESCRIPTION>large</TRANSLATEDSIZEDESCRIPTION><TRANSLATEDSIZENAME>Large</TRANSLATEDSIZENAME></ECORESPRODUCTMASTERSIZETRANSLATIONENTITY><ECORESPRODUCTMASTERSIZETRANSLATIONENTITY><LANGUAGEID>en-US</LANGUAGEID><PRODUCTMASTERNUMBER>CANDLE</PRODUCTMASTERNUMBER><PRODUCTMASTERSIZEID>MED</PRODUCTMASTERSIZEID><TRANSLATEDSIZEDESCRIPTION>medium</TRANSLATEDSIZEDESCRIPTION><TRANSLATEDSIZENAME>Medium</TRANSLATEDSIZENAME></ECORESPRODUCTMASTERSIZETRANSLATIONENTITY><ECORESPRODUCTMASTERSIZETRANSLATIONENTITY><LANGUAGEID>en-US</LANGUAGEID><PRODUCTMASTERNUMBER>CANDLE</PRODUCTMASTERNUMBER><PRODUCTMASTERSIZEID>SML</PRODUCTMASTERSIZEID><TRANSLATEDSIZEDESCRIPTION>small</TRANSLATEDSIZEDESCRIPTION><TRANSLATEDSIZENAME>Small</TRANSLATEDSIZENAME></ECORESPRODUCTMASTERSIZETRANSLATIONENTITY><ECORESPRODUCTMASTERSIZETRANSLATIONENTITY><LANGUAGEID>en-US</LANGUAGEID><PRODUCTMASTERNUMBER>CANDLE</PRODUCTMASTERNUMBER><PRODUCTMASTERSIZEID>STD</PRODUCTMASTERSIZEID><TRANSLATEDSIZEDESCRIPTION>standard</TRANSLATEDSIZEDESCRIPTION><TRANSLATEDSIZENAME>Standard</TRANSLATEDSIZENAME></ECORESPRODUCTMASTERSIZETRANSLATIONENTITY><ECORESPRODUCTMASTERSIZETRANSLATIONENTITY><LANGUAGEID>en-US</LANGUAGEID><PRODUCTMASTERNUMBER>CANDLE</PRODUCTMASTERNUMBER><PRODUCTMASTERSIZEID>XLG</PRODUCTMASTERSIZEID><TRANSLATEDSIZEDESCRIPTION>extra large</TRANSLATEDSIZEDESCRIPTION><TRANSLATEDSIZENAME>Extra Large</TRANSLATEDSIZENAME></ECORESPRODUCTMASTERSIZETRANSLATIONENTITY><ECORESPRODUCTMASTERSIZETRANSLATIONENTITY><LANGUAGEID>en-US</LANGUAGEID><PRODUCTMASTERNUMBER>CANDLE</PRODUCTMASTERNUMBER><PRODUCTMASTERSIZEID>XSM</PRODUCTMASTERSIZEID><TRANSLATEDSIZEDESCRIPTION>extra small</TRANSLATEDSIZEDESCRIPTION><TRANSLATEDSIZENAME>Extra Small</TRANSLATEDSIZENAME></ECORESPRODUCTMASTERSIZETRANSLATIONENTITY><ECORESPRODUCTMASTERSIZETRANSLATIONENTITY><LANGUAGEID>en-US</LANGUAGEID><PRODUCTMASTERNUMBER>CANDLE</PRODUCTMASTERNUMBER><PRODUCTMASTERSIZEID>XXL</PRODUCTMASTERSIZEID><TRANSLATEDSIZEDESCRIPTION>double extra large</TRANSLATEDSIZEDESCRIPTION><TRANSLATEDSIZENAME>Double Extra Large</TRANSLATEDSIZENAME></ECORESPRODUCTMASTERSIZETRANSLATIONENTITY><ECORESPRODUCTMASTERSIZETRANSLATIONENTITY><LANGUAGEID>en-US</LANGUAGEID><PRODUCTMASTERNUMBER>CROWBAR</PRODUCTMASTERNUMBER><PRODUCTMASTERSIZEID>LRG</PRODUCTMASTERSIZEID><TRANSLATEDSIZEDESCRIPTION>large</TRANSLATEDSIZEDESCRIPTION><TRANSLATEDSIZENAME>Large</TRANSLATEDSIZENAME></ECORESPRODUCTMASTERSIZETRANSLATIONENTITY><ECORESPRODUCTMASTERSIZETRANSLATIONENTITY><LANGUAGEID>en-US</LANGUAGEID><PRODUCTMASTERNUMBER>CROWBAR</PRODUCTMASTERNUMBER><PRODUCTMASTERSIZEID>MED</PRODUCTMASTERSIZEID><TRANSLATEDSIZEDESCRIPTION>medium</TRANSLATEDSIZEDESCRIPTION><TRANSLATEDSIZENAME>Medium</TRANSLATEDSIZENAME></ECORESPRODUCTMASTERSIZETRANSLATIONENTITY><ECORESPRODUCTMASTERSIZETRANSLATIONENTITY><LANGUAGEID>en-US</LANGUAGEID><PRODUCTMASTERNUMBER>CROWBAR</PRODUCTMASTERNUMBER><PRODUCTMASTERSIZEID>SML</PRODUCTMASTERSIZEID><TRANSLATEDSIZEDESCRIPTION>small</TRANSLATEDSIZEDESCRIPTION><TRANSLATEDSIZENAME>Small</TRANSLATEDSIZENAME></ECORESPRODUCTMASTERSIZETRANSLATIONENTITY><ECORESPRODUCTMASTERSIZETRANSLATIONENTITY><LANGUAGEID>en-US</LANGUAGEID><PRODUCTMASTERNUMBER>CROWBAR</PRODUCTMASTERNUMBER><PRODUCTMASTERSIZEID>STD</PRODUCTMASTERSIZEID><TRANSLATEDSIZEDESCRIPTION>standard</TRANSLATEDSIZEDESCRIPTION><TRANSLATEDSIZENAME>Standard</TRANSLATEDSIZENAME></ECORESPRODUCTMASTERSIZETRANSLATIONENTITY><ECORESPRODUCTMASTERSIZETRANSLATIONENTITY><LANGUAGEID>en-US</LANGUAGEID><PRODUCTMASTERNUMBER>CROWBAR</PRODUCTMASTERNUMBER><PRODUCTMASTERSIZEID>XLG</PRODUCTMASTERSIZEID><TRANSLATEDSIZEDESCRIPTION>extra large</TRANSLATEDSIZEDESCRIPTION><TRANSLATEDSIZENAME>Extra Large</TRANSLATEDSIZENAME></ECORESPRODUCTMASTERSIZETRANSLATIONENTITY><ECORESPRODUCTMASTERSIZETRANSLATIONENTITY><LANGUAGEID>en-US</LANGUAGEID><PRODUCTMASTERNUMBER>CROWBAR</PRODUCTMASTERNUMBER><PRODUCTMASTERSIZEID>XSM</PRODUCTMASTERSIZEID><TRANSLATEDSIZEDESCRIPTION>extra small</TRANSLATEDSIZEDESCRIPTION><TRANSLATEDSIZENAME>Extra Small</TRANSLATEDSIZENAME></ECORESPRODUCTMASTERSIZETRANSLATIONENTITY><ECORESPRODUCTMASTERSIZETRANSLATIONENTITY><LANGUAGEID>en-US</LANGUAGEID><PRODUCTMASTERNUMBER>CROWBAR</PRODUCTMASTERNUMBER><PRODUCTMASTERSIZEID>XXL</PRODUCTMASTERSIZEID><TRANSLATEDSIZEDESCRIPTION>double extra large</TRANSLATEDSIZEDESCRIPTION><TRANSLATEDSIZENAME>Double Extra Large</TRANSLATEDSIZENAME></ECORESPRODUCTMASTERSIZETRANSLATIONENTITY><ECORESPRODUCTMASTERSIZETRANSLATIONENTITY><LANGUAGEID>en-US</LANGUAGEID><PRODUCTMASTERNUMBER>EQUIPMENTPACK</PRODUCTMASTERNUMBER><PRODUCTMASTERSIZEID>LRG</PRODUCTMASTERSIZEID><TRANSLATEDSIZEDESCRIPTION>large</TRANSLATEDSIZEDESCRIPTION><TRANSLATEDSIZENAME>Large</TRANSLATEDSIZENAME></ECORESPRODUCTMASTERSIZETRANSLATIONENTITY><ECORESPRODUCTMASTERSIZETRANSLATIONENTITY><LANGUAGEID>en-US</LANGUAGEID><PRODUCTMASTERNUMBER>EQUIPMENTPACK</PRODUCTMASTERNUMBER><PRODUCTMASTERSIZEID>MED</PRODUCTMASTERSIZEID><TRANSLATEDSIZEDESCRIPTION>medium</TRANSLATEDSIZEDESCRIPTION><TRANSLATEDSIZENAME>Medium</TRANSLATEDSIZENAME></ECORESPRODUCTMASTERSIZETRANSLATIONENTITY><ECORESPRODUCTMASTERSIZETRANSLATIONENTITY><LANGUAGEID>en-US</LANGUAGEID><PRODUCTMASTERNUMBER>EQUIPMENTPACK</PRODUCTMASTERNUMBER><PRODUCTMASTERSIZEID>SML</PRODUCTMASTERSIZEID><TRANSLATEDSIZEDESCRIPTION>small</TRANSLATEDSIZEDESCRIPTION><TRANSLATEDSIZENAME>Small</TRANSLATEDSIZENAME></ECORESPRODUCTMASTERSIZETRANSLATIONENTITY><ECORESPRODUCTMASTERSIZETRANSLATIONENTITY><LANGUAGEID>en-US</LANGUAGEID><PRODUCTMASTERNUMBER>EQUIPMENTPACK</PRODUCTMASTERNUMBER><PRODUCTMASTERSIZEID>STD</PRODUCTMASTERSIZEID><TRANSLATEDSIZEDESCRIPTION>standard</TRANSLATEDSIZEDESCRIPTION><TRANSLATEDSIZENAME>Standard</TRANSLATEDSIZENAME></ECORESPRODUCTMASTERSIZETRANSLATIONENTITY><ECORESPRODUCTMASTERSIZETRANSLATIONENTITY><LANGUAGEID>en-US</LANGUAGEID><PRODUCTMASTERNUMBER>EQUIPMENTPACK</PRODUCTMASTERNUMBER><PRODUCTMASTERSIZEID>XLG</PRODUCTMASTERSIZEID><TRANSLATEDSIZEDESCRIPTION>extra large</TRANSLATEDSIZEDESCRIPTION><TRANSLATEDSIZENAME>Extra Large</TRANSLATEDSIZENAME></ECORESPRODUCTMASTERSIZETRANSLATIONENTITY><ECORESPRODUCTMASTERSIZETRANSLATIONENTITY><LANGUAGEID>en-US</LANGUAGEID><PRODUCTMASTERNUMBER>EQUIPMENTPACK</PRODUCTMASTERNUMBER><PRODUCTMASTERSIZEID>XSM</PRODUCTMASTERSIZEID><TRANSLATEDSIZEDESCRIPTION>extra small</TRANSLATEDSIZEDESCRIPTION><TRANSLATEDSIZENAME>Extra Small</TRANSLATEDSIZENAME></ECORESPRODUCTMASTERSIZETRANSLATIONENTITY><ECORESPRODUCTMASTERSIZETRANSLATIONENTITY><LANGUAGEID>en-US</LANGUAGEID><PRODUCTMASTERNUMBER>EQUIPMENTPACK</PRODUCTMASTERNUMBER><PRODUCTMASTERSIZEID>XXL</PRODUCTMASTERSIZEID><TRANSLATEDSIZEDESCRIPTION>double extra large</TRANSLATEDSIZEDESCRIPTION><TRANSLATEDSIZENAME>Double Extra Large</TRANSLATEDSIZENAME></ECORESPRODUCTMASTERSIZETRANSLATIONENTITY><ECORESPRODUCTMASTERSIZETRANSLATIONENTITY><LANGUAGEID>en-US</LANGUAGEID><PRODUCTMASTERNUMBER>HAMMER</PRODUCTMASTERNUMBER><PRODUCTMASTERSIZEID>LRG</PRODUCTMASTERSIZEID><TRANSLATEDSIZEDESCRIPTION>large</TRANSLATEDSIZEDESCRIPTION><TRANSLATEDSIZENAME>Large</TRANSLATEDSIZENAME></ECORESPRODUCTMASTERSIZETRANSLATIONENTITY><ECORESPRODUCTMASTERSIZETRANSLATIONENTITY><LANGUAGEID>en-US</LANGUAGEID><PRODUCTMASTERNUMBER>HAMMER</PRODUCTMASTERNUMBER><PRODUCTMASTERSIZEID>MED</PRODUCTMASTERSIZEID><TRANSLATEDSIZEDESCRIPTION>medium</TRANSLATEDSIZEDESCRIPTION><TRANSLATEDSIZENAME>Medium</TRANSLATEDSIZENAME></ECORESPRODUCTMASTERSIZETRANSLATIONENTITY><ECORESPRODUCTMASTERSIZETRANSLATIONENTITY><LANGUAGEID>en-US</LANGUAGEID><PRODUCTMASTERNUMBER>HAMMER</PRODUCTMASTERNUMBER><PRODUCTMASTERSIZEID>SML</PRODUCTMASTERSIZEID><TRANSLATEDSIZEDESCRIPTION>small</TRANSLATEDSIZEDESCRIPTION><TRANSLATEDSIZENAME>Small</TRANSLATEDSIZENAME></ECORESPRODUCTMASTERSIZETRANSLATIONENTITY><ECORESPRODUCTMASTERSIZETRANSLATIONENTITY><LANGUAGEID>en-US</LANGUAGEID><PRODUCTMASTERNUMBER>HAMMER</PRODUCTMASTERNUMBER><PRODUCTMASTERSIZEID>STD</PRODUCTMASTERSIZEID><TRANSLATEDSIZEDESCRIPTION>standard</TRANSLATEDSIZEDESCRIPTION><TRANSLATEDSIZENAME>Standard</TRANSLATEDSIZENAME></ECORESPRODUCTMASTERSIZETRANSLATIONENTITY><ECORESPRODUCTMASTERSIZETRANSLATIONENTITY><LANGUAGEID>en-US</LANGUAGEID><PRODUCTMASTERNUMBER>HAMMER</PRODUCTMASTERNUMBER><PRODUCTMASTERSIZEID>XLG</PRODUCTMASTERSIZEID><TRANSLATEDSIZEDESCRIPTION>extra large</TRANSLATEDSIZEDESCRIPTION><TRANSLATEDSIZENAME>Extra Large</TRANSLATEDSIZENAME></ECORESPRODUCTMASTERSIZETRANSLATIONENTITY><ECORESPRODUCTMASTERSIZETRANSLATIONENTITY><LANGUAGEID>en-US</LANGUAGEID><PRODUCTMASTERNUMBER>HAMMER</PRODUCTMASTERNUMBER><PRODUCTMASTERSIZEID>XSM</PRODUCTMASTERSIZEID><TRANSLATEDSIZEDESCRIPTION>extra small</TRANSLATEDSIZEDESCRIPTION><TRANSLATEDSIZENAME>Extra Small</TRANSLATEDSIZENAME></ECORESPRODUCTMASTERSIZETRANSLATIONENTITY><ECORESPRODUCTMASTERSIZETRANSLATIONENTITY><LANGUAGEID>en-US</LANGUAGEID><PRODUCTMASTERNUMBER>HAMMER</PRODUCTMASTERNUMBER><PRODUCTMASTERSIZEID>XXL</PRODUCTMASTERSIZEID><TRANSLATEDSIZEDESCRIPTION>double extra large</TRANSLATEDSIZEDESCRIPTION><TRANSLATEDSIZENAME>Double Extra Large</TRANSLATEDSIZENAME></ECORESPRODUCTMASTERSIZETRANSLATIONENTITY><ECORESPRODUCTMASTERSIZETRANSLATIONENTITY><LANGUAGEID>en-US</LANGUAGEID><PRODUCTMASTERNUMBER>RATIONS</PRODUCTMASTERNUMBER><PRODUCTMASTERSIZEID>LRG</PRODUCTMASTERSIZEID><TRANSLATEDSIZEDESCRIPTION>large</TRANSLATEDSIZEDESCRIPTION><TRANSLATEDSIZENAME>Large</TRANSLATEDSIZENAME></ECORESPRODUCTMASTERSIZETRANSLATIONENTITY><ECORESPRODUCTMASTERSIZETRANSLATIONENTITY><LANGUAGEID>en-US</LANGUAGEID><PRODUCTMASTERNUMBER>RATIONS</PRODUCTMASTERNUMBER><PRODUCTMASTERSIZEID>MED</PRODUCTMASTERSIZEID><TRANSLATEDSIZEDESCRIPTION>medium</TRANSLATEDSIZEDESCRIPTION><TRANSLATEDSIZENAME>Medium</TRANSLATEDSIZENAME></ECORESPRODUCTMASTERSIZETRANSLATIONENTITY><ECORESPRODUCTMASTERSIZETRANSLATIONENTITY><LANGUAGEID>en-US</LANGUAGEID><PRODUCTMASTERNUMBER>RATIONS</PRODUCTMASTERNUMBER><PRODUCTMASTERSIZEID>SML</PRODUCTMASTERSIZEID><TRANSLATEDSIZEDESCRIPTION>small</TRANSLATEDSIZEDESCRIPTION><TRANSLATEDSIZENAME>Small</TRANSLATEDSIZENAME></ECORESPRODUCTMASTERSIZETRANSLATIONENTITY><ECORESPRODUCTMASTERSIZETRANSLATIONENTITY><LANGUAGEID>en-US</LANGUAGEID><PRODUCTMASTERNUMBER>RATIONS</PRODUCTMASTERNUMBER><PRODUCTMASTERSIZEID>STD</PRODUCTMASTERSIZEID><TRANSLATEDSIZEDESCRIPTION>standard</TRANSLATEDSIZEDESCRIPTION><TRANSLATEDSIZENAME>Standard</TRANSLATEDSIZENAME></ECORESPRODUCTMASTERSIZETRANSLATIONENTITY><ECORESPRODUCTMASTERSIZETRANSLATIONENTITY><LANGUAGEID>en-US</LANGUAGEID><PRODUCTMASTERNUMBER>RATIONS</PRODUCTMASTERNUMBER><PRODUCTMASTERSIZEID>XLG</PRODUCTMASTERSIZEID><TRANSLATEDSIZEDESCRIPTION>extra large</TRANSLATEDSIZEDESCRIPTION><TRANSLATEDSIZENAME>Extra Large</TRANSLATEDSIZENAME></ECORESPRODUCTMASTERSIZETRANSLATIONENTITY><ECORESPRODUCTMASTERSIZETRANSLATIONENTITY><LANGUAGEID>en-US</LANGUAGEID><PRODUCTMASTERNUMBER>RATIONS</PRODUCTMASTERNUMBER><PRODUCTMASTERSIZEID>XSM</PRODUCTMASTERSIZEID><TRANSLATEDSIZEDESCRIPTION>extra small</TRANSLATEDSIZEDESCRIPTION><TRANSLATEDSIZENAME>Extra Small</TRANSLATEDSIZENAME></ECORESPRODUCTMASTERSIZETRANSLATIONENTITY><ECORESPRODUCTMASTERSIZETRANSLATIONENTITY><LANGUAGEID>en-US</LANGUAGEID><PRODUCTMASTERNUMBER>RATIONS</PRODUCTMASTERNUMBER><PRODUCTMASTERSIZEID>XXL</PRODUCTMASTERSIZEID><TRANSLATEDSIZEDESCRIPTION>double extra large</TRANSLATEDSIZEDESCRIPTION><TRANSLATEDSIZENAME>Double Extra Large</TRANSLATEDSIZENAME></ECORESPRODUCTMASTERSIZETRANSLATIONENTITY><ECORESPRODUCTMASTERSIZETRANSLATIONENTITY><LANGUAGEID>en-US</LANGUAGEID><PRODUCTMASTERNUMBER>STRING</PRODUCTMASTERNUMBER><PRODUCTMASTERSIZEID>THICK</PRODUCTMASTERSIZEID><TRANSLATEDSIZEDESCRIPTION>Thick</TRANSLATEDSIZEDESCRIPTION><TRANSLATEDSIZENAME>THICK</TRANSLATEDSIZENAME></ECORESPRODUCTMASTERSIZETRANSLATIONENTITY><ECORESPRODUCTMASTERSIZETRANSLATIONENTITY><LANGUAGEID>en-US</LANGUAGEID><PRODUCTMASTERNUMBER>STRING</PRODUCTMASTERNUMBER><PRODUCTMASTERSIZEID>THIN</PRODUCTMASTERSIZEID><TRANSLATEDSIZEDESCRIPTION>Thin</TRANSLATEDSIZEDESCRIPTION><TRANSLATEDSIZENAME>THIN</TRANSLATEDSIZENAME></ECORESPRODUCTMASTERSIZETRANSLATIONENTITY></Document>