﻿<?xml version="1.0" encoding="utf-8"?><Document><ECORESPRODUCTATTRIBUTEGROUPATTRIBUTEASSIGNMENTENTITY><BOOLEANVALUE></BOOLEANVALUE><CURRENCYCODE></CURRENCYCODE><CURRENCYVALUE></CURRENCYVALUE><DATETIMEVALUE></DATETIMEVALUE><DECIMALVALUE></DECIMALVALUE><INTEGERVALUE></INTEGERVALUE><PRODUCTATTRIBUTEGROUPNAME>Armor attributes</PRODUCTATTRIBUTEGROUPNAME><PRODUCTATTRIBUTENAME>Armor Class</PRODUCTATTRIBUTENAME><PRODUCTATTRIBUTERETAILDISPLAYORDER>0.000000</PRODUCTATTRIBUTERETAILDISPLAYORDER><PRODUCTATTRIBUTETYPENAME>ArmorClass</PRODUCTATTRIBUTETYPENAME><TEXTVALUE></TEXTVALUE></ECORESPRODUCTATTRIBUTEGROUPATTRIBUTEASSIGNMENTENTITY><ECORESPRODUCTATTRIBUTEGROUPATTRIBUTEASSIGNMENTENTITY><BOOLEANVALUE></BOOLEANVALUE><CURRENCYCODE></CURRENCYCODE><CURRENCYVALUE></CURRENCYVALUE><DATETIMEVALUE></DATETIMEVALUE><DECIMALVALUE></DECIMALVALUE><INTEGERVALUE></INTEGERVALUE><PRODUCTATTRIBUTEGROUPNAME>Weapon attributes</PRODUCTATTRIBUTEGROUPNAME><PRODUCTATTRIBUTENAME>Damage Type</PRODUCTATTRIBUTENAME><PRODUCTATTRIBUTERETAILDISPLAYORDER>0.000000</PRODUCTATTRIBUTERETAILDISPLAYORDER><PRODUCTATTRIBUTETYPENAME>DamageType</PRODUCTATTRIBUTETYPENAME><TEXTVALUE>Bludgeoning</TEXTVALUE></ECORESPRODUCTATTRIBUTEGROUPATTRIBUTEASSIGNMENTENTITY><ECORESPRODUCTATTRIBUTEGROUPATTRIBUTEASSIGNMENTENTITY><BOOLEANVALUE></BOOLEANVALUE><CURRENCYCODE></CURRENCYCODE><CURRENCYVALUE></CURRENCYVALUE><DATETIMEVALUE></DATETIMEVALUE><DECIMALVALUE></DECIMALVALUE><INTEGERVALUE></INTEGERVALUE><PRODUCTATTRIBUTEGROUPNAME>Weapon attributes</PRODUCTATTRIBUTEGROUPNAME><PRODUCTATTRIBUTENAME>Damage</PRODUCTATTRIBUTENAME><PRODUCTATTRIBUTERETAILDISPLAYORDER>0.000000</PRODUCTATTRIBUTERETAILDISPLAYORDER><PRODUCTATTRIBUTETYPENAME>RollType</PRODUCTATTRIBUTETYPENAME><TEXTVALUE>1d4</TEXTVALUE></ECORESPRODUCTATTRIBUTEGROUPATTRIBUTEASSIGNMENTENTITY><ECORESPRODUCTATTRIBUTEGROUPATTRIBUTEASSIGNMENTENTITY><BOOLEANVALUE></BOOLEANVALUE><CURRENCYCODE></CURRENCYCODE><CURRENCYVALUE></CURRENCYVALUE><DATETIMEVALUE></DATETIMEVALUE><DECIMALVALUE></DECIMALVALUE><INTEGERVALUE></INTEGERVALUE><PRODUCTATTRIBUTEGROUPNAME>Weapon attributes</PRODUCTATTRIBUTEGROUPNAME><PRODUCTATTRIBUTENAME>Weapon Type</PRODUCTATTRIBUTENAME><PRODUCTATTRIBUTERETAILDISPLAYORDER>0.000000</PRODUCTATTRIBUTERETAILDISPLAYORDER><PRODUCTATTRIBUTETYPENAME>WeaponType</PRODUCTATTRIBUTETYPENAME><TEXTVALUE>Light</TEXTVALUE></ECORESPRODUCTATTRIBUTEGROUPATTRIBUTEASSIGNMENTENTITY></Document>