﻿<?xml version="1.0" encoding="utf-8"?><Document><ECORESPRODUCTMASTERSTYLETRANSLATIONENTITY><LANGUAGEID>en-US</LANGUAGEID><PRODUCTMASTERNUMBER>BACKPACK</PRODUCTMASTERNUMBER><PRODUCTMASTERSTYLEID>LEATHER</PRODUCTMASTERSTYLEID><TRANSLATEDSTYLEDESCRIPTION>leather</TRANSLATEDSTYLEDESCRIPTION><TRANSLATEDSTYLENAME>Leather</TRANSLATEDSTYLENAME></ECORESPRODUCTMASTERSTYLETRANSLATIONENTITY><ECORESPRODUCTMASTERSTYLETRANSLATIONENTITY><LANGUAGEID>en-US</LANGUAGEID><PRODUCTMASTERNUMBER>BACKPACK</PRODUCTMASTERNUMBER><PRODUCTMASTERSTYLEID>WICKER</PRODUCTMASTERSTYLEID><TRANSLATEDSTYLEDESCRIPTION>wicker</TRANSLATEDSTYLEDESCRIPTION><TRANSLATEDSTYLENAME>Wicker</TRANSLATEDSTYLENAME></ECORESPRODUCTMASTERSTYLETRANSLATIONENTITY><ECORESPRODUCTMASTERSTYLETRANSLATIONENTITY><LANGUAGEID>en-US</LANGUAGEID><PRODUCTMASTERNUMBER>BALLBEARING</PRODUCTMASTERNUMBER><PRODUCTMASTERSTYLEID>CANVAS</PRODUCTMASTERSTYLEID><TRANSLATEDSTYLEDESCRIPTION>Canvas</TRANSLATEDSTYLEDESCRIPTION><TRANSLATEDSTYLENAME>CANVAS</TRANSLATEDSTYLENAME></ECORESPRODUCTMASTERSTYLETRANSLATIONENTITY><ECORESPRODUCTMASTERSTYLETRANSLATIONENTITY><LANGUAGEID>en-US</LANGUAGEID><PRODUCTMASTERNUMBER>BALLBEARING</PRODUCTMASTERNUMBER><PRODUCTMASTERSTYLEID>CERAMIC</PRODUCTMASTERSTYLEID><TRANSLATEDSTYLEDESCRIPTION>Ceramic</TRANSLATEDSTYLEDESCRIPTION><TRANSLATEDSTYLENAME>CERAMIC</TRANSLATEDSTYLENAME></ECORESPRODUCTMASTERSTYLETRANSLATIONENTITY><ECORESPRODUCTMASTERSTYLETRANSLATIONENTITY><LANGUAGEID>en-US</LANGUAGEID><PRODUCTMASTERNUMBER>BALLBEARING</PRODUCTMASTERNUMBER><PRODUCTMASTERSTYLEID>COTTON</PRODUCTMASTERSTYLEID><TRANSLATEDSTYLEDESCRIPTION>Cotton</TRANSLATEDSTYLEDESCRIPTION><TRANSLATEDSTYLENAME>COTTON</TRANSLATEDSTYLENAME></ECORESPRODUCTMASTERSTYLETRANSLATIONENTITY><ECORESPRODUCTMASTERSTYLETRANSLATIONENTITY><LANGUAGEID>en-US</LANGUAGEID><PRODUCTMASTERNUMBER>BALLBEARING</PRODUCTMASTERNUMBER><PRODUCTMASTERSTYLEID>CRYSTAL</PRODUCTMASTERSTYLEID><TRANSLATEDSTYLEDESCRIPTION>Crystal</TRANSLATEDSTYLEDESCRIPTION><TRANSLATEDSTYLENAME>CRYSTAL</TRANSLATEDSTYLENAME></ECORESPRODUCTMASTERSTYLETRANSLATIONENTITY><ECORESPRODUCTMASTERSTYLETRANSLATIONENTITY><LANGUAGEID>en-US</LANGUAGEID><PRODUCTMASTERNUMBER>BALLBEARING</PRODUCTMASTERNUMBER><PRODUCTMASTERSTYLEID>GLASS</PRODUCTMASTERSTYLEID><TRANSLATEDSTYLEDESCRIPTION>Glass</TRANSLATEDSTYLEDESCRIPTION><TRANSLATEDSTYLENAME>GLASS</TRANSLATEDSTYLENAME></ECORESPRODUCTMASTERSTYLETRANSLATIONENTITY><ECORESPRODUCTMASTERSTYLETRANSLATIONENTITY><LANGUAGEID>en-US</LANGUAGEID><PRODUCTMASTERNUMBER>BALLBEARING</PRODUCTMASTERNUMBER><PRODUCTMASTERSTYLEID>LEATHER</PRODUCTMASTERSTYLEID><TRANSLATEDSTYLEDESCRIPTION>Leather</TRANSLATEDSTYLEDESCRIPTION><TRANSLATEDSTYLENAME>LEATHER</TRANSLATEDSTYLENAME></ECORESPRODUCTMASTERSTYLETRANSLATIONENTITY><ECORESPRODUCTMASTERSTYLETRANSLATIONENTITY><LANGUAGEID>en-US</LANGUAGEID><PRODUCTMASTERNUMBER>BALLBEARING</PRODUCTMASTERNUMBER><PRODUCTMASTERSTYLEID>METAL</PRODUCTMASTERSTYLEID><TRANSLATEDSTYLEDESCRIPTION>Metal</TRANSLATEDSTYLEDESCRIPTION><TRANSLATEDSTYLENAME>METAL</TRANSLATEDSTYLENAME></ECORESPRODUCTMASTERSTYLETRANSLATIONENTITY><ECORESPRODUCTMASTERSTYLETRANSLATIONENTITY><LANGUAGEID>en-US</LANGUAGEID><PRODUCTMASTERNUMBER>BALLBEARING</PRODUCTMASTERNUMBER><PRODUCTMASTERSTYLEID>STEEL</PRODUCTMASTERSTYLEID><TRANSLATEDSTYLEDESCRIPTION>Steel</TRANSLATEDSTYLEDESCRIPTION><TRANSLATEDSTYLENAME>STEEL</TRANSLATEDSTYLENAME></ECORESPRODUCTMASTERSTYLETRANSLATIONENTITY><ECORESPRODUCTMASTERSTYLETRANSLATIONENTITY><LANGUAGEID>en-US</LANGUAGEID><PRODUCTMASTERNUMBER>BALLBEARING</PRODUCTMASTERNUMBER><PRODUCTMASTERSTYLEID>WICKER</PRODUCTMASTERSTYLEID><TRANSLATEDSTYLEDESCRIPTION>Wicker</TRANSLATEDSTYLEDESCRIPTION><TRANSLATEDSTYLENAME>WICKER</TRANSLATEDSTYLENAME></ECORESPRODUCTMASTERSTYLETRANSLATIONENTITY><ECORESPRODUCTMASTERSTYLETRANSLATIONENTITY><LANGUAGEID>en-US</LANGUAGEID><PRODUCTMASTERNUMBER>BALLBEARING</PRODUCTMASTERNUMBER><PRODUCTMASTERSTYLEID>WOODEN</PRODUCTMASTERSTYLEID><TRANSLATEDSTYLEDESCRIPTION>Wooden</TRANSLATEDSTYLEDESCRIPTION><TRANSLATEDSTYLENAME>WOODEN</TRANSLATEDSTYLENAME></ECORESPRODUCTMASTERSTYLETRANSLATIONENTITY><ECORESPRODUCTMASTERSTYLETRANSLATIONENTITY><LANGUAGEID>en-US</LANGUAGEID><PRODUCTMASTERNUMBER>BARREL</PRODUCTMASTERNUMBER><PRODUCTMASTERSTYLEID>WOODEN</PRODUCTMASTERSTYLEID><TRANSLATEDSTYLEDESCRIPTION>Wooden</TRANSLATEDSTYLEDESCRIPTION><TRANSLATEDSTYLENAME>Wooden</TRANSLATEDSTYLENAME></ECORESPRODUCTMASTERSTYLETRANSLATIONENTITY><ECORESPRODUCTMASTERSTYLETRANSLATIONENTITY><LANGUAGEID>en-US</LANGUAGEID><PRODUCTMASTERNUMBER>BELL</PRODUCTMASTERNUMBER><PRODUCTMASTERSTYLEID>BRASS</PRODUCTMASTERSTYLEID><TRANSLATEDSTYLEDESCRIPTION>Brass</TRANSLATEDSTYLEDESCRIPTION><TRANSLATEDSTYLENAME>BRASS</TRANSLATEDSTYLENAME></ECORESPRODUCTMASTERSTYLETRANSLATIONENTITY><ECORESPRODUCTMASTERSTYLETRANSLATIONENTITY><LANGUAGEID>en-US</LANGUAGEID><PRODUCTMASTERNUMBER>BELL</PRODUCTMASTERNUMBER><PRODUCTMASTERSTYLEID>BRONZE</PRODUCTMASTERSTYLEID><TRANSLATEDSTYLEDESCRIPTION>Bronze</TRANSLATEDSTYLEDESCRIPTION><TRANSLATEDSTYLENAME>BRONZE</TRANSLATEDSTYLENAME></ECORESPRODUCTMASTERSTYLETRANSLATIONENTITY><ECORESPRODUCTMASTERSTYLETRANSLATIONENTITY><LANGUAGEID>en-US</LANGUAGEID><PRODUCTMASTERNUMBER>BELL</PRODUCTMASTERNUMBER><PRODUCTMASTERSTYLEID>IRON</PRODUCTMASTERSTYLEID><TRANSLATEDSTYLEDESCRIPTION>Iron</TRANSLATEDSTYLEDESCRIPTION><TRANSLATEDSTYLENAME>IRON</TRANSLATEDSTYLENAME></ECORESPRODUCTMASTERSTYLETRANSLATIONENTITY><ECORESPRODUCTMASTERSTYLETRANSLATIONENTITY><LANGUAGEID>en-US</LANGUAGEID><PRODUCTMASTERNUMBER>BELL</PRODUCTMASTERNUMBER><PRODUCTMASTERSTYLEID>METAL</PRODUCTMASTERSTYLEID><TRANSLATEDSTYLEDESCRIPTION>Metal</TRANSLATEDSTYLEDESCRIPTION><TRANSLATEDSTYLENAME>METAL</TRANSLATEDSTYLENAME></ECORESPRODUCTMASTERSTYLETRANSLATIONENTITY><ECORESPRODUCTMASTERSTYLETRANSLATIONENTITY><LANGUAGEID>en-US</LANGUAGEID><PRODUCTMASTERNUMBER>BOTTLE</PRODUCTMASTERNUMBER><PRODUCTMASTERSTYLEID>CERAMIC</PRODUCTMASTERSTYLEID><TRANSLATEDSTYLEDESCRIPTION>ceramic</TRANSLATEDSTYLEDESCRIPTION><TRANSLATEDSTYLENAME>Ceramic</TRANSLATEDSTYLENAME></ECORESPRODUCTMASTERSTYLETRANSLATIONENTITY><ECORESPRODUCTMASTERSTYLETRANSLATIONENTITY><LANGUAGEID>en-US</LANGUAGEID><PRODUCTMASTERNUMBER>BOTTLE</PRODUCTMASTERNUMBER><PRODUCTMASTERSTYLEID>CRYSTAL</PRODUCTMASTERSTYLEID><TRANSLATEDSTYLEDESCRIPTION>crystal</TRANSLATEDSTYLEDESCRIPTION><TRANSLATEDSTYLENAME>Crystal</TRANSLATEDSTYLENAME></ECORESPRODUCTMASTERSTYLETRANSLATIONENTITY><ECORESPRODUCTMASTERSTYLETRANSLATIONENTITY><LANGUAGEID>en-US</LANGUAGEID><PRODUCTMASTERNUMBER>BOTTLE</PRODUCTMASTERNUMBER><PRODUCTMASTERSTYLEID>GLASS</PRODUCTMASTERSTYLEID><TRANSLATEDSTYLEDESCRIPTION>glass</TRANSLATEDSTYLEDESCRIPTION><TRANSLATEDSTYLENAME>Glass</TRANSLATEDSTYLENAME></ECORESPRODUCTMASTERSTYLETRANSLATIONENTITY><ECORESPRODUCTMASTERSTYLETRANSLATIONENTITY><LANGUAGEID>en-US</LANGUAGEID><PRODUCTMASTERNUMBER>BOTTLE</PRODUCTMASTERNUMBER><PRODUCTMASTERSTYLEID>SILVER</PRODUCTMASTERSTYLEID><TRANSLATEDSTYLEDESCRIPTION>silver</TRANSLATEDSTYLEDESCRIPTION><TRANSLATEDSTYLENAME>Silver</TRANSLATEDSTYLENAME></ECORESPRODUCTMASTERSTYLETRANSLATIONENTITY><ECORESPRODUCTMASTERSTYLETRANSLATIONENTITY><LANGUAGEID>en-US</LANGUAGEID><PRODUCTMASTERNUMBER>BOTTLE</PRODUCTMASTERNUMBER><PRODUCTMASTERSTYLEID>STEEL</PRODUCTMASTERSTYLEID><TRANSLATEDSTYLEDESCRIPTION>steel</TRANSLATEDSTYLEDESCRIPTION><TRANSLATEDSTYLENAME>Steel</TRANSLATEDSTYLENAME></ECORESPRODUCTMASTERSTYLETRANSLATIONENTITY><ECORESPRODUCTMASTERSTYLETRANSLATIONENTITY><LANGUAGEID>en-US</LANGUAGEID><PRODUCTMASTERNUMBER>BURGLARPACK</PRODUCTMASTERNUMBER><PRODUCTMASTERSTYLEID>CANVAS</PRODUCTMASTERSTYLEID><TRANSLATEDSTYLEDESCRIPTION>Canvas</TRANSLATEDSTYLEDESCRIPTION><TRANSLATEDSTYLENAME>CANVAS</TRANSLATEDSTYLENAME></ECORESPRODUCTMASTERSTYLETRANSLATIONENTITY><ECORESPRODUCTMASTERSTYLETRANSLATIONENTITY><LANGUAGEID>en-US</LANGUAGEID><PRODUCTMASTERNUMBER>BURGLARPACK</PRODUCTMASTERNUMBER><PRODUCTMASTERSTYLEID>CERAMIC</PRODUCTMASTERSTYLEID><TRANSLATEDSTYLEDESCRIPTION>Ceramic</TRANSLATEDSTYLEDESCRIPTION><TRANSLATEDSTYLENAME>CERAMIC</TRANSLATEDSTYLENAME></ECORESPRODUCTMASTERSTYLETRANSLATIONENTITY><ECORESPRODUCTMASTERSTYLETRANSLATIONENTITY><LANGUAGEID>en-US</LANGUAGEID><PRODUCTMASTERNUMBER>BURGLARPACK</PRODUCTMASTERNUMBER><PRODUCTMASTERSTYLEID>COTTON</PRODUCTMASTERSTYLEID><TRANSLATEDSTYLEDESCRIPTION>Cotton</TRANSLATEDSTYLEDESCRIPTION><TRANSLATEDSTYLENAME>COTTON</TRANSLATEDSTYLENAME></ECORESPRODUCTMASTERSTYLETRANSLATIONENTITY><ECORESPRODUCTMASTERSTYLETRANSLATIONENTITY><LANGUAGEID>en-US</LANGUAGEID><PRODUCTMASTERNUMBER>BURGLARPACK</PRODUCTMASTERNUMBER><PRODUCTMASTERSTYLEID>CRYSTAL</PRODUCTMASTERSTYLEID><TRANSLATEDSTYLEDESCRIPTION>Crystal</TRANSLATEDSTYLEDESCRIPTION><TRANSLATEDSTYLENAME>CRYSTAL</TRANSLATEDSTYLENAME></ECORESPRODUCTMASTERSTYLETRANSLATIONENTITY><ECORESPRODUCTMASTERSTYLETRANSLATIONENTITY><LANGUAGEID>en-US</LANGUAGEID><PRODUCTMASTERNUMBER>BURGLARPACK</PRODUCTMASTERNUMBER><PRODUCTMASTERSTYLEID>GLASS</PRODUCTMASTERSTYLEID><TRANSLATEDSTYLEDESCRIPTION>Glass</TRANSLATEDSTYLEDESCRIPTION><TRANSLATEDSTYLENAME>GLASS</TRANSLATEDSTYLENAME></ECORESPRODUCTMASTERSTYLETRANSLATIONENTITY><ECORESPRODUCTMASTERSTYLETRANSLATIONENTITY><LANGUAGEID>en-US</LANGUAGEID><PRODUCTMASTERNUMBER>BURGLARPACK</PRODUCTMASTERNUMBER><PRODUCTMASTERSTYLEID>LEATHER</PRODUCTMASTERSTYLEID><TRANSLATEDSTYLEDESCRIPTION>Leather</TRANSLATEDSTYLEDESCRIPTION><TRANSLATEDSTYLENAME>LEATHER</TRANSLATEDSTYLENAME></ECORESPRODUCTMASTERSTYLETRANSLATIONENTITY><ECORESPRODUCTMASTERSTYLETRANSLATIONENTITY><LANGUAGEID>en-US</LANGUAGEID><PRODUCTMASTERNUMBER>BURGLARPACK</PRODUCTMASTERNUMBER><PRODUCTMASTERSTYLEID>METAL</PRODUCTMASTERSTYLEID><TRANSLATEDSTYLEDESCRIPTION>Metal</TRANSLATEDSTYLEDESCRIPTION><TRANSLATEDSTYLENAME>METAL</TRANSLATEDSTYLENAME></ECORESPRODUCTMASTERSTYLETRANSLATIONENTITY><ECORESPRODUCTMASTERSTYLETRANSLATIONENTITY><LANGUAGEID>en-US</LANGUAGEID><PRODUCTMASTERNUMBER>BURGLARPACK</PRODUCTMASTERNUMBER><PRODUCTMASTERSTYLEID>STEEL</PRODUCTMASTERSTYLEID><TRANSLATEDSTYLEDESCRIPTION>Steel</TRANSLATEDSTYLEDESCRIPTION><TRANSLATEDSTYLENAME>STEEL</TRANSLATEDSTYLENAME></ECORESPRODUCTMASTERSTYLETRANSLATIONENTITY><ECORESPRODUCTMASTERSTYLETRANSLATIONENTITY><LANGUAGEID>en-US</LANGUAGEID><PRODUCTMASTERNUMBER>BURGLARPACK</PRODUCTMASTERNUMBER><PRODUCTMASTERSTYLEID>WICKER</PRODUCTMASTERSTYLEID><TRANSLATEDSTYLEDESCRIPTION>Wicker</TRANSLATEDSTYLEDESCRIPTION><TRANSLATEDSTYLENAME>WICKER</TRANSLATEDSTYLENAME></ECORESPRODUCTMASTERSTYLETRANSLATIONENTITY><ECORESPRODUCTMASTERSTYLETRANSLATIONENTITY><LANGUAGEID>en-US</LANGUAGEID><PRODUCTMASTERNUMBER>BURGLARPACK</PRODUCTMASTERNUMBER><PRODUCTMASTERSTYLEID>WOODEN</PRODUCTMASTERSTYLEID><TRANSLATEDSTYLEDESCRIPTION>Wooden</TRANSLATEDSTYLEDESCRIPTION><TRANSLATEDSTYLENAME>WOODEN</TRANSLATEDSTYLENAME></ECORESPRODUCTMASTERSTYLETRANSLATIONENTITY><ECORESPRODUCTMASTERSTYLETRANSLATIONENTITY><LANGUAGEID>en-US</LANGUAGEID><PRODUCTMASTERNUMBER>CANDLE</PRODUCTMASTERNUMBER><PRODUCTMASTERSTYLEID>BEESWAX</PRODUCTMASTERSTYLEID><TRANSLATEDSTYLEDESCRIPTION>beeswax</TRANSLATEDSTYLEDESCRIPTION><TRANSLATEDSTYLENAME>Beeswax</TRANSLATEDSTYLENAME></ECORESPRODUCTMASTERSTYLETRANSLATIONENTITY><ECORESPRODUCTMASTERSTYLETRANSLATIONENTITY><LANGUAGEID>en-US</LANGUAGEID><PRODUCTMASTERNUMBER>EQUIPMENTPACK</PRODUCTMASTERNUMBER><PRODUCTMASTERSTYLEID>BURGLAR</PRODUCTMASTERSTYLEID><TRANSLATEDSTYLEDESCRIPTION>Burglar</TRANSLATEDSTYLEDESCRIPTION><TRANSLATEDSTYLENAME>Burglar</TRANSLATEDSTYLENAME></ECORESPRODUCTMASTERSTYLETRANSLATIONENTITY><ECORESPRODUCTMASTERSTYLETRANSLATIONENTITY><LANGUAGEID>en-US</LANGUAGEID><PRODUCTMASTERNUMBER>EQUIPMENTPACK</PRODUCTMASTERNUMBER><PRODUCTMASTERSTYLEID>DIPLOMAT</PRODUCTMASTERSTYLEID><TRANSLATEDSTYLEDESCRIPTION>Diplamat</TRANSLATEDSTYLEDESCRIPTION><TRANSLATEDSTYLENAME>Diplomat</TRANSLATEDSTYLENAME></ECORESPRODUCTMASTERSTYLETRANSLATIONENTITY><ECORESPRODUCTMASTERSTYLETRANSLATIONENTITY><LANGUAGEID>en-US</LANGUAGEID><PRODUCTMASTERNUMBER>HAMMER</PRODUCTMASTERNUMBER><PRODUCTMASTERSTYLEID>CANVAS</PRODUCTMASTERSTYLEID><TRANSLATEDSTYLEDESCRIPTION>Canvas</TRANSLATEDSTYLEDESCRIPTION><TRANSLATEDSTYLENAME>CANVAS</TRANSLATEDSTYLENAME></ECORESPRODUCTMASTERSTYLETRANSLATIONENTITY><ECORESPRODUCTMASTERSTYLETRANSLATIONENTITY><LANGUAGEID>en-US</LANGUAGEID><PRODUCTMASTERNUMBER>HAMMER</PRODUCTMASTERNUMBER><PRODUCTMASTERSTYLEID>CERAMIC</PRODUCTMASTERSTYLEID><TRANSLATEDSTYLEDESCRIPTION>Ceramic</TRANSLATEDSTYLEDESCRIPTION><TRANSLATEDSTYLENAME>CERAMIC</TRANSLATEDSTYLENAME></ECORESPRODUCTMASTERSTYLETRANSLATIONENTITY><ECORESPRODUCTMASTERSTYLETRANSLATIONENTITY><LANGUAGEID>en-US</LANGUAGEID><PRODUCTMASTERNUMBER>HAMMER</PRODUCTMASTERNUMBER><PRODUCTMASTERSTYLEID>COTTON</PRODUCTMASTERSTYLEID><TRANSLATEDSTYLEDESCRIPTION>Cotton</TRANSLATEDSTYLEDESCRIPTION><TRANSLATEDSTYLENAME>COTTON</TRANSLATEDSTYLENAME></ECORESPRODUCTMASTERSTYLETRANSLATIONENTITY><ECORESPRODUCTMASTERSTYLETRANSLATIONENTITY><LANGUAGEID>en-US</LANGUAGEID><PRODUCTMASTERNUMBER>HAMMER</PRODUCTMASTERNUMBER><PRODUCTMASTERSTYLEID>CRYSTAL</PRODUCTMASTERSTYLEID><TRANSLATEDSTYLEDESCRIPTION>Crystal</TRANSLATEDSTYLEDESCRIPTION><TRANSLATEDSTYLENAME>CRYSTAL</TRANSLATEDSTYLENAME></ECORESPRODUCTMASTERSTYLETRANSLATIONENTITY><ECORESPRODUCTMASTERSTYLETRANSLATIONENTITY><LANGUAGEID>en-US</LANGUAGEID><PRODUCTMASTERNUMBER>HAMMER</PRODUCTMASTERNUMBER><PRODUCTMASTERSTYLEID>GLASS</PRODUCTMASTERSTYLEID><TRANSLATEDSTYLEDESCRIPTION>Glass</TRANSLATEDSTYLEDESCRIPTION><TRANSLATEDSTYLENAME>GLASS</TRANSLATEDSTYLENAME></ECORESPRODUCTMASTERSTYLETRANSLATIONENTITY><ECORESPRODUCTMASTERSTYLETRANSLATIONENTITY><LANGUAGEID>en-US</LANGUAGEID><PRODUCTMASTERNUMBER>HAMMER</PRODUCTMASTERNUMBER><PRODUCTMASTERSTYLEID>LEATHER</PRODUCTMASTERSTYLEID><TRANSLATEDSTYLEDESCRIPTION>Leather</TRANSLATEDSTYLEDESCRIPTION><TRANSLATEDSTYLENAME>LEATHER</TRANSLATEDSTYLENAME></ECORESPRODUCTMASTERSTYLETRANSLATIONENTITY><ECORESPRODUCTMASTERSTYLETRANSLATIONENTITY><LANGUAGEID>en-US</LANGUAGEID><PRODUCTMASTERNUMBER>HAMMER</PRODUCTMASTERNUMBER><PRODUCTMASTERSTYLEID>METAL</PRODUCTMASTERSTYLEID><TRANSLATEDSTYLEDESCRIPTION>Metal</TRANSLATEDSTYLEDESCRIPTION><TRANSLATEDSTYLENAME>METAL</TRANSLATEDSTYLENAME></ECORESPRODUCTMASTERSTYLETRANSLATIONENTITY><ECORESPRODUCTMASTERSTYLETRANSLATIONENTITY><LANGUAGEID>en-US</LANGUAGEID><PRODUCTMASTERNUMBER>HAMMER</PRODUCTMASTERNUMBER><PRODUCTMASTERSTYLEID>STEEL</PRODUCTMASTERSTYLEID><TRANSLATEDSTYLEDESCRIPTION>Steel</TRANSLATEDSTYLEDESCRIPTION><TRANSLATEDSTYLENAME>STEEL</TRANSLATEDSTYLENAME></ECORESPRODUCTMASTERSTYLETRANSLATIONENTITY><ECORESPRODUCTMASTERSTYLETRANSLATIONENTITY><LANGUAGEID>en-US</LANGUAGEID><PRODUCTMASTERNUMBER>HAMMER</PRODUCTMASTERNUMBER><PRODUCTMASTERSTYLEID>WICKER</PRODUCTMASTERSTYLEID><TRANSLATEDSTYLEDESCRIPTION>Wicker</TRANSLATEDSTYLEDESCRIPTION><TRANSLATEDSTYLENAME>WICKER</TRANSLATEDSTYLENAME></ECORESPRODUCTMASTERSTYLETRANSLATIONENTITY><ECORESPRODUCTMASTERSTYLETRANSLATIONENTITY><LANGUAGEID>en-US</LANGUAGEID><PRODUCTMASTERNUMBER>HAMMER</PRODUCTMASTERNUMBER><PRODUCTMASTERSTYLEID>WOODEN</PRODUCTMASTERSTYLEID><TRANSLATEDSTYLEDESCRIPTION>Wooden</TRANSLATEDSTYLEDESCRIPTION><TRANSLATEDSTYLENAME>WOODEN</TRANSLATEDSTYLENAME></ECORESPRODUCTMASTERSTYLETRANSLATIONENTITY><ECORESPRODUCTMASTERSTYLETRANSLATIONENTITY><LANGUAGEID>en-US</LANGUAGEID><PRODUCTMASTERNUMBER>RATIONS</PRODUCTMASTERNUMBER><PRODUCTMASTERSTYLEID>STANDARD</PRODUCTMASTERSTYLEID><TRANSLATEDSTYLEDESCRIPTION>standard</TRANSLATEDSTYLEDESCRIPTION><TRANSLATEDSTYLENAME>Standard</TRANSLATEDSTYLENAME></ECORESPRODUCTMASTERSTYLETRANSLATIONENTITY><ECORESPRODUCTMASTERSTYLETRANSLATIONENTITY><LANGUAGEID>en-US</LANGUAGEID><PRODUCTMASTERNUMBER>STRING</PRODUCTMASTERNUMBER><PRODUCTMASTERSTYLEID>CANVAS</PRODUCTMASTERSTYLEID><TRANSLATEDSTYLEDESCRIPTION>Canvas</TRANSLATEDSTYLEDESCRIPTION><TRANSLATEDSTYLENAME>CANVAS</TRANSLATEDSTYLENAME></ECORESPRODUCTMASTERSTYLETRANSLATIONENTITY><ECORESPRODUCTMASTERSTYLETRANSLATIONENTITY><LANGUAGEID>en-US</LANGUAGEID><PRODUCTMASTERNUMBER>STRING</PRODUCTMASTERNUMBER><PRODUCTMASTERSTYLEID>CERAMIC</PRODUCTMASTERSTYLEID><TRANSLATEDSTYLEDESCRIPTION>Ceramic</TRANSLATEDSTYLEDESCRIPTION><TRANSLATEDSTYLENAME>CERAMIC</TRANSLATEDSTYLENAME></ECORESPRODUCTMASTERSTYLETRANSLATIONENTITY><ECORESPRODUCTMASTERSTYLETRANSLATIONENTITY><LANGUAGEID>en-US</LANGUAGEID><PRODUCTMASTERNUMBER>STRING</PRODUCTMASTERNUMBER><PRODUCTMASTERSTYLEID>COTTON</PRODUCTMASTERSTYLEID><TRANSLATEDSTYLEDESCRIPTION>Cotton</TRANSLATEDSTYLEDESCRIPTION><TRANSLATEDSTYLENAME>COTTON</TRANSLATEDSTYLENAME></ECORESPRODUCTMASTERSTYLETRANSLATIONENTITY><ECORESPRODUCTMASTERSTYLETRANSLATIONENTITY><LANGUAGEID>en-US</LANGUAGEID><PRODUCTMASTERNUMBER>STRING</PRODUCTMASTERNUMBER><PRODUCTMASTERSTYLEID>CRYSTAL</PRODUCTMASTERSTYLEID><TRANSLATEDSTYLEDESCRIPTION>Crystal</TRANSLATEDSTYLEDESCRIPTION><TRANSLATEDSTYLENAME>CRYSTAL</TRANSLATEDSTYLENAME></ECORESPRODUCTMASTERSTYLETRANSLATIONENTITY><ECORESPRODUCTMASTERSTYLETRANSLATIONENTITY><LANGUAGEID>en-US</LANGUAGEID><PRODUCTMASTERNUMBER>STRING</PRODUCTMASTERNUMBER><PRODUCTMASTERSTYLEID>GLASS</PRODUCTMASTERSTYLEID><TRANSLATEDSTYLEDESCRIPTION>Glass</TRANSLATEDSTYLEDESCRIPTION><TRANSLATEDSTYLENAME>GLASS</TRANSLATEDSTYLENAME></ECORESPRODUCTMASTERSTYLETRANSLATIONENTITY><ECORESPRODUCTMASTERSTYLETRANSLATIONENTITY><LANGUAGEID>en-US</LANGUAGEID><PRODUCTMASTERNUMBER>STRING</PRODUCTMASTERNUMBER><PRODUCTMASTERSTYLEID>LEATHER</PRODUCTMASTERSTYLEID><TRANSLATEDSTYLEDESCRIPTION>Leather</TRANSLATEDSTYLEDESCRIPTION><TRANSLATEDSTYLENAME>LEATHER</TRANSLATEDSTYLENAME></ECORESPRODUCTMASTERSTYLETRANSLATIONENTITY><ECORESPRODUCTMASTERSTYLETRANSLATIONENTITY><LANGUAGEID>en-US</LANGUAGEID><PRODUCTMASTERNUMBER>STRING</PRODUCTMASTERNUMBER><PRODUCTMASTERSTYLEID>METAL</PRODUCTMASTERSTYLEID><TRANSLATEDSTYLEDESCRIPTION>Metal</TRANSLATEDSTYLEDESCRIPTION><TRANSLATEDSTYLENAME>METAL</TRANSLATEDSTYLENAME></ECORESPRODUCTMASTERSTYLETRANSLATIONENTITY><ECORESPRODUCTMASTERSTYLETRANSLATIONENTITY><LANGUAGEID>en-US</LANGUAGEID><PRODUCTMASTERNUMBER>STRING</PRODUCTMASTERNUMBER><PRODUCTMASTERSTYLEID>STEEL</PRODUCTMASTERSTYLEID><TRANSLATEDSTYLEDESCRIPTION>Steel</TRANSLATEDSTYLEDESCRIPTION><TRANSLATEDSTYLENAME>STEEL</TRANSLATEDSTYLENAME></ECORESPRODUCTMASTERSTYLETRANSLATIONENTITY><ECORESPRODUCTMASTERSTYLETRANSLATIONENTITY><LANGUAGEID>en-US</LANGUAGEID><PRODUCTMASTERNUMBER>STRING</PRODUCTMASTERNUMBER><PRODUCTMASTERSTYLEID>WICKER</PRODUCTMASTERSTYLEID><TRANSLATEDSTYLEDESCRIPTION>Wicker</TRANSLATEDSTYLEDESCRIPTION><TRANSLATEDSTYLENAME>WICKER</TRANSLATEDSTYLENAME></ECORESPRODUCTMASTERSTYLETRANSLATIONENTITY><ECORESPRODUCTMASTERSTYLETRANSLATIONENTITY><LANGUAGEID>en-US</LANGUAGEID><PRODUCTMASTERNUMBER>STRING</PRODUCTMASTERNUMBER><PRODUCTMASTERSTYLEID>WOODEN</PRODUCTMASTERSTYLEID><TRANSLATEDSTYLEDESCRIPTION>Wooden</TRANSLATEDSTYLEDESCRIPTION><TRANSLATEDSTYLENAME>WOODEN</TRANSLATEDSTYLENAME></ECORESPRODUCTMASTERSTYLETRANSLATIONENTITY></Document>