﻿<?xml version="1.0" encoding="utf-8"?><Document><ECORESPRODUCTATTRIBUTEENTITY><ATTRIBUTEDESCRIPTION>Armor Class is a number representing the difficulty to hit a character or monster. For Players it is typically between 10 and 20. AC is determined by the armor worn, plus any modifiers.</ATTRIBUTEDESCRIPTION><ATTRIBUTEHELPTEXT>or example, a Rogue with an armor class of 15 is attacked by a Goblin. The goblin attacks and rolls a 12. It gets a +2 bonus to hit due to his Dexterity bonus, for a total of 14. Since 14 is below the Rogues Armor Class, this is a miss.</ATTRIBUTEHELPTEXT><ATTRIBUTENAME>Armor Class</ATTRIBUTENAME><DATATYPE>Integer</DATATYPE><DEFAULTBOOLEANVALUE></DEFAULTBOOLEANVALUE><DEFAULTCURRENCYCODE></DEFAULTCURRENCYCODE><DEFAULTCURRENCYVALUE></DEFAULTCURRENCYVALUE><DEFAULTDATETIMEVALUE></DEFAULTDATETIMEVALUE><DEFAULTDECIMALVALUE></DEFAULTDECIMALVALUE><DEFAULTINTEGERVALUE></DEFAULTINTEGERVALUE><DEFAULTTEXTVALUE></DEFAULTTEXTVALUE><FRIENDLYATTRIBUTENAME>Armor Class</FRIENDLYATTRIBUTENAME><ISENABLEDASPRICINGATTRIBUTE></ISENABLEDASPRICINGATTRIBUTE><PRODUCTATTRIBUTETYPENAME>ArmorClass</PRODUCTATTRIBUTETYPENAME></ECORESPRODUCTATTRIBUTEENTITY><ECORESPRODUCTATTRIBUTEENTITY><ATTRIBUTEDESCRIPTION></ATTRIBUTEDESCRIPTION><ATTRIBUTEHELPTEXT></ATTRIBUTEHELPTEXT><ATTRIBUTENAME>Damage Type</ATTRIBUTENAME><DATATYPE>Text</DATATYPE><DEFAULTBOOLEANVALUE></DEFAULTBOOLEANVALUE><DEFAULTCURRENCYCODE></DEFAULTCURRENCYCODE><DEFAULTCURRENCYVALUE></DEFAULTCURRENCYVALUE><DEFAULTDATETIMEVALUE></DEFAULTDATETIMEVALUE><DEFAULTDECIMALVALUE></DEFAULTDECIMALVALUE><DEFAULTINTEGERVALUE></DEFAULTINTEGERVALUE><DEFAULTTEXTVALUE>Bludgeoning</DEFAULTTEXTVALUE><FRIENDLYATTRIBUTENAME>Damage Type</FRIENDLYATTRIBUTENAME><ISENABLEDASPRICINGATTRIBUTE></ISENABLEDASPRICINGATTRIBUTE><PRODUCTATTRIBUTETYPENAME>DamageType</PRODUCTATTRIBUTETYPENAME></ECORESPRODUCTATTRIBUTEENTITY><ECORESPRODUCTATTRIBUTEENTITY><ATTRIBUTEDESCRIPTION></ATTRIBUTEDESCRIPTION><ATTRIBUTEHELPTEXT></ATTRIBUTEHELPTEXT><ATTRIBUTENAME>Damage</ATTRIBUTENAME><DATATYPE>Text</DATATYPE><DEFAULTBOOLEANVALUE></DEFAULTBOOLEANVALUE><DEFAULTCURRENCYCODE></DEFAULTCURRENCYCODE><DEFAULTCURRENCYVALUE></DEFAULTCURRENCYVALUE><DEFAULTDATETIMEVALUE></DEFAULTDATETIMEVALUE><DEFAULTDECIMALVALUE></DEFAULTDECIMALVALUE><DEFAULTINTEGERVALUE></DEFAULTINTEGERVALUE><DEFAULTTEXTVALUE>1d4</DEFAULTTEXTVALUE><FRIENDLYATTRIBUTENAME>Damage</FRIENDLYATTRIBUTENAME><ISENABLEDASPRICINGATTRIBUTE></ISENABLEDASPRICINGATTRIBUTE><PRODUCTATTRIBUTETYPENAME>RollType</PRODUCTATTRIBUTETYPENAME></ECORESPRODUCTATTRIBUTEENTITY><ECORESPRODUCTATTRIBUTEENTITY><ATTRIBUTEDESCRIPTION></ATTRIBUTEDESCRIPTION><ATTRIBUTEHELPTEXT></ATTRIBUTEHELPTEXT><ATTRIBUTENAME>Weapon Type</ATTRIBUTENAME><DATATYPE>Text</DATATYPE><DEFAULTBOOLEANVALUE></DEFAULTBOOLEANVALUE><DEFAULTCURRENCYCODE></DEFAULTCURRENCYCODE><DEFAULTCURRENCYVALUE></DEFAULTCURRENCYVALUE><DEFAULTDATETIMEVALUE></DEFAULTDATETIMEVALUE><DEFAULTDECIMALVALUE></DEFAULTDECIMALVALUE><DEFAULTINTEGERVALUE></DEFAULTINTEGERVALUE><DEFAULTTEXTVALUE>Light</DEFAULTTEXTVALUE><FRIENDLYATTRIBUTENAME>Weapon Type</FRIENDLYATTRIBUTENAME><ISENABLEDASPRICINGATTRIBUTE></ISENABLEDASPRICINGATTRIBUTE><PRODUCTATTRIBUTETYPENAME>WeaponType</PRODUCTATTRIBUTETYPENAME></ECORESPRODUCTATTRIBUTEENTITY></Document>