﻿<?xml version="1.0" encoding="utf-8"?><Document><ECORESPRODUCTCOLORGROUPLINETRANSLATIONENTITY><LANGUAGEID>en-US</LANGUAGEID><PRODUCTCOLORGROUPID>COLOR</PRODUCTCOLORGROUPID><PRODUCTCOLORID>RED</PRODUCTCOLORID><TRANSLATEDCOLORDESCRIPTION>red</TRANSLATEDCOLORDESCRIPTION><TRANSLATEDCOLORNAME>Red</TRANSLATEDCOLORNAME></ECORESPRODUCTCOLORGROUPLINETRANSLATIONENTITY><ECORESPRODUCTCOLORGROUPLINETRANSLATIONENTITY><LANGUAGEID>en-US</LANGUAGEID><PRODUCTCOLORGROUPID>COLOR</PRODUCTCOLORGROUPID><PRODUCTCOLORID>WHITE</PRODUCTCOLORID><TRANSLATEDCOLORDESCRIPTION>white</TRANSLATEDCOLORDESCRIPTION><TRANSLATEDCOLORNAME>White</TRANSLATEDCOLORNAME></ECORESPRODUCTCOLORGROUPLINETRANSLATIONENTITY></Document>