﻿<?xml version="1.0" encoding="utf-8"?><Document><ECORESPRODUCTCATEGORYHIERARCHYENTITY><HIERARCHYDESCRIPTION><![CDATA[The Global Product & Service Hierarchy is comprehensive and will be used universally across all types of products and services within the organization. It is broad enough to encompass everything while clearly conveying its purpose.]]></HIERARCHYDESCRIPTION><HIERARCHYNAME><![CDATA[Global Product & Service Hierarchy]]></HIERARCHYNAME></ECORESPRODUCTCATEGORYHIERARCHYENTITY><ECORESPRODUCTCATEGORYHIERARCHYENTITY><HIERARCHYDESCRIPTION>Tags</HIERARCHYDESCRIPTION><HIERARCHYNAME>TAGS</HIERARCHYNAME></ECORESPRODUCTCATEGORYHIERARCHYENTITY></Document>