﻿<?xml version="1.0" encoding="utf-8"?><Document><ECORESPRODUCTMASTERSTYLEENTITY><DISPLAYSEQUENCENUMBER>0.000000</DISPLAYSEQUENCENUMBER><PRODUCTMASTERNUMBER>BACKPACK</PRODUCTMASTERNUMBER><PRODUCTSTYLEID>LEATHER</PRODUCTSTYLEID><REPLENISHMENTWEIGHT>0</REPLENISHMENTWEIGHT></ECORESPRODUCTMASTERSTYLEENTITY><ECORESPRODUCTMASTERSTYLEENTITY><DISPLAYSEQUENCENUMBER>0.000000</DISPLAYSEQUENCENUMBER><PRODUCTMASTERNUMBER>BACKPACK</PRODUCTMASTERNUMBER><PRODUCTSTYLEID>WICKER</PRODUCTSTYLEID><REPLENISHMENTWEIGHT>0</REPLENISHMENTWEIGHT></ECORESPRODUCTMASTERSTYLEENTITY><ECORESPRODUCTMASTERSTYLEENTITY><DISPLAYSEQUENCENUMBER>0.000000</DISPLAYSEQUENCENUMBER><PRODUCTMASTERNUMBER>BALLBEARING</PRODUCTMASTERNUMBER><PRODUCTSTYLEID>CANVAS</PRODUCTSTYLEID><REPLENISHMENTWEIGHT>0</REPLENISHMENTWEIGHT></ECORESPRODUCTMASTERSTYLEENTITY><ECORESPRODUCTMASTERSTYLEENTITY><DISPLAYSEQUENCENUMBER>0.000000</DISPLAYSEQUENCENUMBER><PRODUCTMASTERNUMBER>BALLBEARING</PRODUCTMASTERNUMBER><PRODUCTSTYLEID>CERAMIC</PRODUCTSTYLEID><REPLENISHMENTWEIGHT>0</REPLENISHMENTWEIGHT></ECORESPRODUCTMASTERSTYLEENTITY><ECORESPRODUCTMASTERSTYLEENTITY><DISPLAYSEQUENCENUMBER>0.000000</DISPLAYSEQUENCENUMBER><PRODUCTMASTERNUMBER>BALLBEARING</PRODUCTMASTERNUMBER><PRODUCTSTYLEID>COTTON</PRODUCTSTYLEID><REPLENISHMENTWEIGHT>0</REPLENISHMENTWEIGHT></ECORESPRODUCTMASTERSTYLEENTITY><ECORESPRODUCTMASTERSTYLEENTITY><DISPLAYSEQUENCENUMBER>0.000000</DISPLAYSEQUENCENUMBER><PRODUCTMASTERNUMBER>BALLBEARING</PRODUCTMASTERNUMBER><PRODUCTSTYLEID>CRYSTAL</PRODUCTSTYLEID><REPLENISHMENTWEIGHT>0</REPLENISHMENTWEIGHT></ECORESPRODUCTMASTERSTYLEENTITY><ECORESPRODUCTMASTERSTYLEENTITY><DISPLAYSEQUENCENUMBER>0.000000</DISPLAYSEQUENCENUMBER><PRODUCTMASTERNUMBER>BALLBEARING</PRODUCTMASTERNUMBER><PRODUCTSTYLEID>GLASS</PRODUCTSTYLEID><REPLENISHMENTWEIGHT>0</REPLENISHMENTWEIGHT></ECORESPRODUCTMASTERSTYLEENTITY><ECORESPRODUCTMASTERSTYLEENTITY><DISPLAYSEQUENCENUMBER>0.000000</DISPLAYSEQUENCENUMBER><PRODUCTMASTERNUMBER>BALLBEARING</PRODUCTMASTERNUMBER><PRODUCTSTYLEID>LEATHER</PRODUCTSTYLEID><REPLENISHMENTWEIGHT>0</REPLENISHMENTWEIGHT></ECORESPRODUCTMASTERSTYLEENTITY><ECORESPRODUCTMASTERSTYLEENTITY><DISPLAYSEQUENCENUMBER>0.000000</DISPLAYSEQUENCENUMBER><PRODUCTMASTERNUMBER>BALLBEARING</PRODUCTMASTERNUMBER><PRODUCTSTYLEID>METAL</PRODUCTSTYLEID><REPLENISHMENTWEIGHT>0</REPLENISHMENTWEIGHT></ECORESPRODUCTMASTERSTYLEENTITY><ECORESPRODUCTMASTERSTYLEENTITY><DISPLAYSEQUENCENUMBER>0.000000</DISPLAYSEQUENCENUMBER><PRODUCTMASTERNUMBER>BALLBEARING</PRODUCTMASTERNUMBER><PRODUCTSTYLEID>STEEL</PRODUCTSTYLEID><REPLENISHMENTWEIGHT>0</REPLENISHMENTWEIGHT></ECORESPRODUCTMASTERSTYLEENTITY><ECORESPRODUCTMASTERSTYLEENTITY><DISPLAYSEQUENCENUMBER>0.000000</DISPLAYSEQUENCENUMBER><PRODUCTMASTERNUMBER>BALLBEARING</PRODUCTMASTERNUMBER><PRODUCTSTYLEID>WICKER</PRODUCTSTYLEID><REPLENISHMENTWEIGHT>0</REPLENISHMENTWEIGHT></ECORESPRODUCTMASTERSTYLEENTITY><ECORESPRODUCTMASTERSTYLEENTITY><DISPLAYSEQUENCENUMBER>0.000000</DISPLAYSEQUENCENUMBER><PRODUCTMASTERNUMBER>BALLBEARING</PRODUCTMASTERNUMBER><PRODUCTSTYLEID>WOODEN</PRODUCTSTYLEID><REPLENISHMENTWEIGHT>0</REPLENISHMENTWEIGHT></ECORESPRODUCTMASTERSTYLEENTITY><ECORESPRODUCTMASTERSTYLEENTITY><DISPLAYSEQUENCENUMBER>0.000000</DISPLAYSEQUENCENUMBER><PRODUCTMASTERNUMBER>BARREL</PRODUCTMASTERNUMBER><PRODUCTSTYLEID>WOODEN</PRODUCTSTYLEID><REPLENISHMENTWEIGHT>0</REPLENISHMENTWEIGHT></ECORESPRODUCTMASTERSTYLEENTITY><ECORESPRODUCTMASTERSTYLEENTITY><DISPLAYSEQUENCENUMBER>0.000000</DISPLAYSEQUENCENUMBER><PRODUCTMASTERNUMBER>BELL</PRODUCTMASTERNUMBER><PRODUCTSTYLEID>BRASS</PRODUCTSTYLEID><REPLENISHMENTWEIGHT>0</REPLENISHMENTWEIGHT></ECORESPRODUCTMASTERSTYLEENTITY><ECORESPRODUCTMASTERSTYLEENTITY><DISPLAYSEQUENCENUMBER>0.000000</DISPLAYSEQUENCENUMBER><PRODUCTMASTERNUMBER>BELL</PRODUCTMASTERNUMBER><PRODUCTSTYLEID>BRONZE</PRODUCTSTYLEID><REPLENISHMENTWEIGHT>0</REPLENISHMENTWEIGHT></ECORESPRODUCTMASTERSTYLEENTITY><ECORESPRODUCTMASTERSTYLEENTITY><DISPLAYSEQUENCENUMBER>0.000000</DISPLAYSEQUENCENUMBER><PRODUCTMASTERNUMBER>BELL</PRODUCTMASTERNUMBER><PRODUCTSTYLEID>IRON</PRODUCTSTYLEID><REPLENISHMENTWEIGHT>0</REPLENISHMENTWEIGHT></ECORESPRODUCTMASTERSTYLEENTITY><ECORESPRODUCTMASTERSTYLEENTITY><DISPLAYSEQUENCENUMBER>0.000000</DISPLAYSEQUENCENUMBER><PRODUCTMASTERNUMBER>BELL</PRODUCTMASTERNUMBER><PRODUCTSTYLEID>METAL</PRODUCTSTYLEID><REPLENISHMENTWEIGHT>0</REPLENISHMENTWEIGHT></ECORESPRODUCTMASTERSTYLEENTITY><ECORESPRODUCTMASTERSTYLEENTITY><DISPLAYSEQUENCENUMBER>0.000000</DISPLAYSEQUENCENUMBER><PRODUCTMASTERNUMBER>BOTTLE</PRODUCTMASTERNUMBER><PRODUCTSTYLEID>CERAMIC</PRODUCTSTYLEID><REPLENISHMENTWEIGHT>0</REPLENISHMENTWEIGHT></ECORESPRODUCTMASTERSTYLEENTITY><ECORESPRODUCTMASTERSTYLEENTITY><DISPLAYSEQUENCENUMBER>0.000000</DISPLAYSEQUENCENUMBER><PRODUCTMASTERNUMBER>BOTTLE</PRODUCTMASTERNUMBER><PRODUCTSTYLEID>CRYSTAL</PRODUCTSTYLEID><REPLENISHMENTWEIGHT>0</REPLENISHMENTWEIGHT></ECORESPRODUCTMASTERSTYLEENTITY><ECORESPRODUCTMASTERSTYLEENTITY><DISPLAYSEQUENCENUMBER>0.000000</DISPLAYSEQUENCENUMBER><PRODUCTMASTERNUMBER>BOTTLE</PRODUCTMASTERNUMBER><PRODUCTSTYLEID>GLASS</PRODUCTSTYLEID><REPLENISHMENTWEIGHT>0</REPLENISHMENTWEIGHT></ECORESPRODUCTMASTERSTYLEENTITY><ECORESPRODUCTMASTERSTYLEENTITY><DISPLAYSEQUENCENUMBER>0.000000</DISPLAYSEQUENCENUMBER><PRODUCTMASTERNUMBER>BOTTLE</PRODUCTMASTERNUMBER><PRODUCTSTYLEID>SILVER</PRODUCTSTYLEID><REPLENISHMENTWEIGHT>0</REPLENISHMENTWEIGHT></ECORESPRODUCTMASTERSTYLEENTITY><ECORESPRODUCTMASTERSTYLEENTITY><DISPLAYSEQUENCENUMBER>0.000000</DISPLAYSEQUENCENUMBER><PRODUCTMASTERNUMBER>BOTTLE</PRODUCTMASTERNUMBER><PRODUCTSTYLEID>STEEL</PRODUCTSTYLEID><REPLENISHMENTWEIGHT>0</REPLENISHMENTWEIGHT></ECORESPRODUCTMASTERSTYLEENTITY><ECORESPRODUCTMASTERSTYLEENTITY><DISPLAYSEQUENCENUMBER>0.000000</DISPLAYSEQUENCENUMBER><PRODUCTMASTERNUMBER>BURGLARPACK</PRODUCTMASTERNUMBER><PRODUCTSTYLEID>CANVAS</PRODUCTSTYLEID><REPLENISHMENTWEIGHT>0</REPLENISHMENTWEIGHT></ECORESPRODUCTMASTERSTYLEENTITY><ECORESPRODUCTMASTERSTYLEENTITY><DISPLAYSEQUENCENUMBER>0.000000</DISPLAYSEQUENCENUMBER><PRODUCTMASTERNUMBER>BURGLARPACK</PRODUCTMASTERNUMBER><PRODUCTSTYLEID>CERAMIC</PRODUCTSTYLEID><REPLENISHMENTWEIGHT>0</REPLENISHMENTWEIGHT></ECORESPRODUCTMASTERSTYLEENTITY><ECORESPRODUCTMASTERSTYLEENTITY><DISPLAYSEQUENCENUMBER>0.000000</DISPLAYSEQUENCENUMBER><PRODUCTMASTERNUMBER>BURGLARPACK</PRODUCTMASTERNUMBER><PRODUCTSTYLEID>COTTON</PRODUCTSTYLEID><REPLENISHMENTWEIGHT>0</REPLENISHMENTWEIGHT></ECORESPRODUCTMASTERSTYLEENTITY><ECORESPRODUCTMASTERSTYLEENTITY><DISPLAYSEQUENCENUMBER>0.000000</DISPLAYSEQUENCENUMBER><PRODUCTMASTERNUMBER>BURGLARPACK</PRODUCTMASTERNUMBER><PRODUCTSTYLEID>CRYSTAL</PRODUCTSTYLEID><REPLENISHMENTWEIGHT>0</REPLENISHMENTWEIGHT></ECORESPRODUCTMASTERSTYLEENTITY><ECORESPRODUCTMASTERSTYLEENTITY><DISPLAYSEQUENCENUMBER>0.000000</DISPLAYSEQUENCENUMBER><PRODUCTMASTERNUMBER>BURGLARPACK</PRODUCTMASTERNUMBER><PRODUCTSTYLEID>GLASS</PRODUCTSTYLEID><REPLENISHMENTWEIGHT>0</REPLENISHMENTWEIGHT></ECORESPRODUCTMASTERSTYLEENTITY><ECORESPRODUCTMASTERSTYLEENTITY><DISPLAYSEQUENCENUMBER>0.000000</DISPLAYSEQUENCENUMBER><PRODUCTMASTERNUMBER>BURGLARPACK</PRODUCTMASTERNUMBER><PRODUCTSTYLEID>LEATHER</PRODUCTSTYLEID><REPLENISHMENTWEIGHT>0</REPLENISHMENTWEIGHT></ECORESPRODUCTMASTERSTYLEENTITY><ECORESPRODUCTMASTERSTYLEENTITY><DISPLAYSEQUENCENUMBER>0.000000</DISPLAYSEQUENCENUMBER><PRODUCTMASTERNUMBER>BURGLARPACK</PRODUCTMASTERNUMBER><PRODUCTSTYLEID>METAL</PRODUCTSTYLEID><REPLENISHMENTWEIGHT>0</REPLENISHMENTWEIGHT></ECORESPRODUCTMASTERSTYLEENTITY><ECORESPRODUCTMASTERSTYLEENTITY><DISPLAYSEQUENCENUMBER>0.000000</DISPLAYSEQUENCENUMBER><PRODUCTMASTERNUMBER>BURGLARPACK</PRODUCTMASTERNUMBER><PRODUCTSTYLEID>STEEL</PRODUCTSTYLEID><REPLENISHMENTWEIGHT>0</REPLENISHMENTWEIGHT></ECORESPRODUCTMASTERSTYLEENTITY><ECORESPRODUCTMASTERSTYLEENTITY><DISPLAYSEQUENCENUMBER>0.000000</DISPLAYSEQUENCENUMBER><PRODUCTMASTERNUMBER>BURGLARPACK</PRODUCTMASTERNUMBER><PRODUCTSTYLEID>WICKER</PRODUCTSTYLEID><REPLENISHMENTWEIGHT>0</REPLENISHMENTWEIGHT></ECORESPRODUCTMASTERSTYLEENTITY><ECORESPRODUCTMASTERSTYLEENTITY><DISPLAYSEQUENCENUMBER>0.000000</DISPLAYSEQUENCENUMBER><PRODUCTMASTERNUMBER>BURGLARPACK</PRODUCTMASTERNUMBER><PRODUCTSTYLEID>WOODEN</PRODUCTSTYLEID><REPLENISHMENTWEIGHT>0</REPLENISHMENTWEIGHT></ECORESPRODUCTMASTERSTYLEENTITY><ECORESPRODUCTMASTERSTYLEENTITY><DISPLAYSEQUENCENUMBER>0.000000</DISPLAYSEQUENCENUMBER><PRODUCTMASTERNUMBER>CANDLE</PRODUCTMASTERNUMBER><PRODUCTSTYLEID>BEESWAX</PRODUCTSTYLEID><REPLENISHMENTWEIGHT>0</REPLENISHMENTWEIGHT></ECORESPRODUCTMASTERSTYLEENTITY><ECORESPRODUCTMASTERSTYLEENTITY><DISPLAYSEQUENCENUMBER>0.000000</DISPLAYSEQUENCENUMBER><PRODUCTMASTERNUMBER>EQUIPMENTPACK</PRODUCTMASTERNUMBER><PRODUCTSTYLEID>BURGLAR</PRODUCTSTYLEID><REPLENISHMENTWEIGHT>0</REPLENISHMENTWEIGHT></ECORESPRODUCTMASTERSTYLEENTITY><ECORESPRODUCTMASTERSTYLEENTITY><DISPLAYSEQUENCENUMBER>0.000000</DISPLAYSEQUENCENUMBER><PRODUCTMASTERNUMBER>EQUIPMENTPACK</PRODUCTMASTERNUMBER><PRODUCTSTYLEID>DIPLOMAT</PRODUCTSTYLEID><REPLENISHMENTWEIGHT>0</REPLENISHMENTWEIGHT></ECORESPRODUCTMASTERSTYLEENTITY><ECORESPRODUCTMASTERSTYLEENTITY><DISPLAYSEQUENCENUMBER>0.000000</DISPLAYSEQUENCENUMBER><PRODUCTMASTERNUMBER>HAMMER</PRODUCTMASTERNUMBER><PRODUCTSTYLEID>CANVAS</PRODUCTSTYLEID><REPLENISHMENTWEIGHT>0</REPLENISHMENTWEIGHT></ECORESPRODUCTMASTERSTYLEENTITY><ECORESPRODUCTMASTERSTYLEENTITY><DISPLAYSEQUENCENUMBER>0.000000</DISPLAYSEQUENCENUMBER><PRODUCTMASTERNUMBER>HAMMER</PRODUCTMASTERNUMBER><PRODUCTSTYLEID>CERAMIC</PRODUCTSTYLEID><REPLENISHMENTWEIGHT>0</REPLENISHMENTWEIGHT></ECORESPRODUCTMASTERSTYLEENTITY><ECORESPRODUCTMASTERSTYLEENTITY><DISPLAYSEQUENCENUMBER>0.000000</DISPLAYSEQUENCENUMBER><PRODUCTMASTERNUMBER>HAMMER</PRODUCTMASTERNUMBER><PRODUCTSTYLEID>COTTON</PRODUCTSTYLEID><REPLENISHMENTWEIGHT>0</REPLENISHMENTWEIGHT></ECORESPRODUCTMASTERSTYLEENTITY><ECORESPRODUCTMASTERSTYLEENTITY><DISPLAYSEQUENCENUMBER>0.000000</DISPLAYSEQUENCENUMBER><PRODUCTMASTERNUMBER>HAMMER</PRODUCTMASTERNUMBER><PRODUCTSTYLEID>CRYSTAL</PRODUCTSTYLEID><REPLENISHMENTWEIGHT>0</REPLENISHMENTWEIGHT></ECORESPRODUCTMASTERSTYLEENTITY><ECORESPRODUCTMASTERSTYLEENTITY><DISPLAYSEQUENCENUMBER>0.000000</DISPLAYSEQUENCENUMBER><PRODUCTMASTERNUMBER>HAMMER</PRODUCTMASTERNUMBER><PRODUCTSTYLEID>GLASS</PRODUCTSTYLEID><REPLENISHMENTWEIGHT>0</REPLENISHMENTWEIGHT></ECORESPRODUCTMASTERSTYLEENTITY><ECORESPRODUCTMASTERSTYLEENTITY><DISPLAYSEQUENCENUMBER>0.000000</DISPLAYSEQUENCENUMBER><PRODUCTMASTERNUMBER>HAMMER</PRODUCTMASTERNUMBER><PRODUCTSTYLEID>LEATHER</PRODUCTSTYLEID><REPLENISHMENTWEIGHT>0</REPLENISHMENTWEIGHT></ECORESPRODUCTMASTERSTYLEENTITY><ECORESPRODUCTMASTERSTYLEENTITY><DISPLAYSEQUENCENUMBER>0.000000</DISPLAYSEQUENCENUMBER><PRODUCTMASTERNUMBER>HAMMER</PRODUCTMASTERNUMBER><PRODUCTSTYLEID>METAL</PRODUCTSTYLEID><REPLENISHMENTWEIGHT>0</REPLENISHMENTWEIGHT></ECORESPRODUCTMASTERSTYLEENTITY><ECORESPRODUCTMASTERSTYLEENTITY><DISPLAYSEQUENCENUMBER>0.000000</DISPLAYSEQUENCENUMBER><PRODUCTMASTERNUMBER>HAMMER</PRODUCTMASTERNUMBER><PRODUCTSTYLEID>STEEL</PRODUCTSTYLEID><REPLENISHMENTWEIGHT>0</REPLENISHMENTWEIGHT></ECORESPRODUCTMASTERSTYLEENTITY><ECORESPRODUCTMASTERSTYLEENTITY><DISPLAYSEQUENCENUMBER>0.000000</DISPLAYSEQUENCENUMBER><PRODUCTMASTERNUMBER>HAMMER</PRODUCTMASTERNUMBER><PRODUCTSTYLEID>WICKER</PRODUCTSTYLEID><REPLENISHMENTWEIGHT>0</REPLENISHMENTWEIGHT></ECORESPRODUCTMASTERSTYLEENTITY><ECORESPRODUCTMASTERSTYLEENTITY><DISPLAYSEQUENCENUMBER>0.000000</DISPLAYSEQUENCENUMBER><PRODUCTMASTERNUMBER>HAMMER</PRODUCTMASTERNUMBER><PRODUCTSTYLEID>WOODEN</PRODUCTSTYLEID><REPLENISHMENTWEIGHT>0</REPLENISHMENTWEIGHT></ECORESPRODUCTMASTERSTYLEENTITY><ECORESPRODUCTMASTERSTYLEENTITY><DISPLAYSEQUENCENUMBER>0.000000</DISPLAYSEQUENCENUMBER><PRODUCTMASTERNUMBER>RATIONS</PRODUCTMASTERNUMBER><PRODUCTSTYLEID>STANDARD</PRODUCTSTYLEID><REPLENISHMENTWEIGHT>0</REPLENISHMENTWEIGHT></ECORESPRODUCTMASTERSTYLEENTITY><ECORESPRODUCTMASTERSTYLEENTITY><DISPLAYSEQUENCENUMBER>0.000000</DISPLAYSEQUENCENUMBER><PRODUCTMASTERNUMBER>STRING</PRODUCTMASTERNUMBER><PRODUCTSTYLEID>CANVAS</PRODUCTSTYLEID><REPLENISHMENTWEIGHT>0</REPLENISHMENTWEIGHT></ECORESPRODUCTMASTERSTYLEENTITY><ECORESPRODUCTMASTERSTYLEENTITY><DISPLAYSEQUENCENUMBER>0.000000</DISPLAYSEQUENCENUMBER><PRODUCTMASTERNUMBER>STRING</PRODUCTMASTERNUMBER><PRODUCTSTYLEID>CERAMIC</PRODUCTSTYLEID><REPLENISHMENTWEIGHT>0</REPLENISHMENTWEIGHT></ECORESPRODUCTMASTERSTYLEENTITY><ECORESPRODUCTMASTERSTYLEENTITY><DISPLAYSEQUENCENUMBER>0.000000</DISPLAYSEQUENCENUMBER><PRODUCTMASTERNUMBER>STRING</PRODUCTMASTERNUMBER><PRODUCTSTYLEID>COTTON</PRODUCTSTYLEID><REPLENISHMENTWEIGHT>0</REPLENISHMENTWEIGHT></ECORESPRODUCTMASTERSTYLEENTITY><ECORESPRODUCTMASTERSTYLEENTITY><DISPLAYSEQUENCENUMBER>0.000000</DISPLAYSEQUENCENUMBER><PRODUCTMASTERNUMBER>STRING</PRODUCTMASTERNUMBER><PRODUCTSTYLEID>CRYSTAL</PRODUCTSTYLEID><REPLENISHMENTWEIGHT>0</REPLENISHMENTWEIGHT></ECORESPRODUCTMASTERSTYLEENTITY><ECORESPRODUCTMASTERSTYLEENTITY><DISPLAYSEQUENCENUMBER>0.000000</DISPLAYSEQUENCENUMBER><PRODUCTMASTERNUMBER>STRING</PRODUCTMASTERNUMBER><PRODUCTSTYLEID>GLASS</PRODUCTSTYLEID><REPLENISHMENTWEIGHT>0</REPLENISHMENTWEIGHT></ECORESPRODUCTMASTERSTYLEENTITY><ECORESPRODUCTMASTERSTYLEENTITY><DISPLAYSEQUENCENUMBER>0.000000</DISPLAYSEQUENCENUMBER><PRODUCTMASTERNUMBER>STRING</PRODUCTMASTERNUMBER><PRODUCTSTYLEID>LEATHER</PRODUCTSTYLEID><REPLENISHMENTWEIGHT>0</REPLENISHMENTWEIGHT></ECORESPRODUCTMASTERSTYLEENTITY><ECORESPRODUCTMASTERSTYLEENTITY><DISPLAYSEQUENCENUMBER>0.000000</DISPLAYSEQUENCENUMBER><PRODUCTMASTERNUMBER>STRING</PRODUCTMASTERNUMBER><PRODUCTSTYLEID>METAL</PRODUCTSTYLEID><REPLENISHMENTWEIGHT>0</REPLENISHMENTWEIGHT></ECORESPRODUCTMASTERSTYLEENTITY><ECORESPRODUCTMASTERSTYLEENTITY><DISPLAYSEQUENCENUMBER>0.000000</DISPLAYSEQUENCENUMBER><PRODUCTMASTERNUMBER>STRING</PRODUCTMASTERNUMBER><PRODUCTSTYLEID>STEEL</PRODUCTSTYLEID><REPLENISHMENTWEIGHT>0</REPLENISHMENTWEIGHT></ECORESPRODUCTMASTERSTYLEENTITY><ECORESPRODUCTMASTERSTYLEENTITY><DISPLAYSEQUENCENUMBER>0.000000</DISPLAYSEQUENCENUMBER><PRODUCTMASTERNUMBER>STRING</PRODUCTMASTERNUMBER><PRODUCTSTYLEID>WICKER</PRODUCTSTYLEID><REPLENISHMENTWEIGHT>0</REPLENISHMENTWEIGHT></ECORESPRODUCTMASTERSTYLEENTITY><ECORESPRODUCTMASTERSTYLEENTITY><DISPLAYSEQUENCENUMBER>0.000000</DISPLAYSEQUENCENUMBER><PRODUCTMASTERNUMBER>STRING</PRODUCTMASTERNUMBER><PRODUCTSTYLEID>WOODEN</PRODUCTSTYLEID><REPLENISHMENTWEIGHT>0</REPLENISHMENTWEIGHT></ECORESPRODUCTMASTERSTYLEENTITY></Document>