﻿<?xml version="1.0" encoding="utf-8"?><Document><ECORESPRODUCTSIZEGROUPLINEENTITY><BARCODENUMBER></BARCODENUMBER><DISPLAYORDER>0.000000</DISPLAYORDER><PRODUCTSIZEGROUPID>DIAMETER</PRODUCTSIZEGROUPID><PRODUCTSIZEID>THICK</PRODUCTSIZEID><REPLENISHMENTWEIGHT>0</REPLENISHMENTWEIGHT><SIZEDESCRIPTION>Thick</SIZEDESCRIPTION><SIZENAME>THICK</SIZENAME></ECORESPRODUCTSIZEGROUPLINEENTITY><ECORESPRODUCTSIZEGROUPLINEENTITY><BARCODENUMBER></BARCODENUMBER><DISPLAYORDER>0.000000</DISPLAYORDER><PRODUCTSIZEGROUPID>DIAMETER</PRODUCTSIZEGROUPID><PRODUCTSIZEID>THIN</PRODUCTSIZEID><REPLENISHMENTWEIGHT>0</REPLENISHMENTWEIGHT><SIZEDESCRIPTION>Thin</SIZEDESCRIPTION><SIZENAME>THIN</SIZENAME></ECORESPRODUCTSIZEGROUPLINEENTITY><ECORESPRODUCTSIZEGROUPLINEENTITY><BARCODENUMBER></BARCODENUMBER><DISPLAYORDER>5.000000</DISPLAYORDER><PRODUCTSIZEGROUPID>SIZE</PRODUCTSIZEGROUPID><PRODUCTSIZEID>LRG</PRODUCTSIZEID><REPLENISHMENTWEIGHT>0</REPLENISHMENTWEIGHT><SIZEDESCRIPTION>large</SIZEDESCRIPTION><SIZENAME>Large</SIZENAME></ECORESPRODUCTSIZEGROUPLINEENTITY><ECORESPRODUCTSIZEGROUPLINEENTITY><BARCODENUMBER></BARCODENUMBER><DISPLAYORDER>3.000000</DISPLAYORDER><PRODUCTSIZEGROUPID>SIZE</PRODUCTSIZEGROUPID><PRODUCTSIZEID>MED</PRODUCTSIZEID><REPLENISHMENTWEIGHT>0</REPLENISHMENTWEIGHT><SIZEDESCRIPTION>medium</SIZEDESCRIPTION><SIZENAME>Medium</SIZENAME></ECORESPRODUCTSIZEGROUPLINEENTITY><ECORESPRODUCTSIZEGROUPLINEENTITY><BARCODENUMBER></BARCODENUMBER><DISPLAYORDER>2.000000</DISPLAYORDER><PRODUCTSIZEGROUPID>SIZE</PRODUCTSIZEGROUPID><PRODUCTSIZEID>SML</PRODUCTSIZEID><REPLENISHMENTWEIGHT>0</REPLENISHMENTWEIGHT><SIZEDESCRIPTION>small</SIZEDESCRIPTION><SIZENAME>Small</SIZENAME></ECORESPRODUCTSIZEGROUPLINEENTITY><ECORESPRODUCTSIZEGROUPLINEENTITY><BARCODENUMBER></BARCODENUMBER><DISPLAYORDER>4.000000</DISPLAYORDER><PRODUCTSIZEGROUPID>SIZE</PRODUCTSIZEGROUPID><PRODUCTSIZEID>STD</PRODUCTSIZEID><REPLENISHMENTWEIGHT>0</REPLENISHMENTWEIGHT><SIZEDESCRIPTION>standard</SIZEDESCRIPTION><SIZENAME>Standard</SIZENAME></ECORESPRODUCTSIZEGROUPLINEENTITY><ECORESPRODUCTSIZEGROUPLINEENTITY><BARCODENUMBER></BARCODENUMBER><DISPLAYORDER>6.000000</DISPLAYORDER><PRODUCTSIZEGROUPID>SIZE</PRODUCTSIZEGROUPID><PRODUCTSIZEID>XLG</PRODUCTSIZEID><REPLENISHMENTWEIGHT>0</REPLENISHMENTWEIGHT><SIZEDESCRIPTION>extra large</SIZEDESCRIPTION><SIZENAME>Extra Large</SIZENAME></ECORESPRODUCTSIZEGROUPLINEENTITY><ECORESPRODUCTSIZEGROUPLINEENTITY><BARCODENUMBER></BARCODENUMBER><DISPLAYORDER>1.000000</DISPLAYORDER><PRODUCTSIZEGROUPID>SIZE</PRODUCTSIZEGROUPID><PRODUCTSIZEID>XSM</PRODUCTSIZEID><REPLENISHMENTWEIGHT>0</REPLENISHMENTWEIGHT><SIZEDESCRIPTION>extra small</SIZEDESCRIPTION><SIZENAME>Extra Small</SIZENAME></ECORESPRODUCTSIZEGROUPLINEENTITY><ECORESPRODUCTSIZEGROUPLINEENTITY><BARCODENUMBER></BARCODENUMBER><DISPLAYORDER>7.000000</DISPLAYORDER><PRODUCTSIZEGROUPID>SIZE</PRODUCTSIZEGROUPID><PRODUCTSIZEID>XXL</PRODUCTSIZEID><REPLENISHMENTWEIGHT>0</REPLENISHMENTWEIGHT><SIZEDESCRIPTION>double extra large</SIZEDESCRIPTION><SIZENAME>Double Extra Large</SIZENAME></ECORESPRODUCTSIZEGROUPLINEENTITY><ECORESPRODUCTSIZEGROUPLINEENTITY><BARCODENUMBER></BARCODENUMBER><DISPLAYORDER>0.000000</DISPLAYORDER><PRODUCTSIZEGROUPID>THICKNESS</PRODUCTSIZEGROUPID><PRODUCTSIZEID>THREAD</PRODUCTSIZEID><REPLENISHMENTWEIGHT>0</REPLENISHMENTWEIGHT><SIZEDESCRIPTION>Thread</SIZEDESCRIPTION><SIZENAME>THREAD</SIZENAME></ECORESPRODUCTSIZEGROUPLINEENTITY><ECORESPRODUCTSIZEGROUPLINEENTITY><BARCODENUMBER></BARCODENUMBER><DISPLAYORDER>0.000000</DISPLAYORDER><PRODUCTSIZEGROUPID>THICKNESS</PRODUCTSIZEGROUPID><PRODUCTSIZEID>TWINE</PRODUCTSIZEID><REPLENISHMENTWEIGHT>0</REPLENISHMENTWEIGHT><SIZEDESCRIPTION>Twine</SIZEDESCRIPTION><SIZENAME>TWINE</SIZENAME></ECORESPRODUCTSIZEGROUPLINEENTITY></Document>