﻿<?xml version="1.0" encoding="utf-8"?><Document><INVENTPRODUCTCOMPLIANCEPARAMETERSENTITY><ANNUALCALCULATIONBASISENDDATE>1900-01-01T00:00:00</ANNUALCALCULATIONBASISENDDATE><ANNUALCALCULATIONBASISSTARTDATE>1900-01-01T00:00:00</ANNUALCALCULATIONBASISSTARTDATE><DEFAULTEXPIRYADVICEDAYS>0</DEFAULTEXPIRYADVICEDAYS><DEFAULTPRODUCTDATASHEETVALIDITYDAYS>0</DEFAULTPRODUCTDATASHEETVALIDITYDAYS><EFFECTIVEDAYBASISTYPE>CurrentDate</EFFECTIVEDAYBASISTYPE><PRODUCTCOMPLIANCEADMINISTRATORUSERID></PRODUCTCOMPLIANCEADMINISTRATORUSERID><WILLEXPIREDPRODUCTSAFETYDATASHEETPREVENTSALESPACKINGSLIPPROCESSING>No</WILLEXPIREDPRODUCTSAFETYDATASHEETPREVENTSALESPACKINGSLIPPROCESSING><WILLPRODUCTSAFETYDATASHEETMODIFICATIONREQUIREREASONENTRY>No</WILLPRODUCTSAFETYDATASHEETMODIFICATIONREQUIREREASONENTRY><WILLPURCHASEORDERENTRYISSUEREGULATIONWARNING>No</WILLPURCHASEORDERENTRYISSUEREGULATIONWARNING><WILLPURCHASEPROCESSESCREATEEXPIREDPRODUCTSAFETYDATASHEETALERTS>No</WILLPURCHASEPROCESSESCREATEEXPIREDPRODUCTSAFETYDATASHEETALERTS><WILLPURCHASEPROCESSESCREATEEXPIRYADVICEPERIODPRODUCTSAFETYDATASHEETALERTS>No</WILLPURCHASEPROCESSESCREATEEXPIRYADVICEPERIODPRODUCTSAFETYDATASHEETALERTS><WILLSALESORDERENTRYISSUEREGULATIONWARNING>No</WILLSALESORDERENTRYISSUEREGULATIONWARNING><WILLSALESPACKINGSLIPPOSTINGISSUEREGULATIONWARNING>No</WILLSALESPACKINGSLIPPOSTINGISSUEREGULATIONWARNING><WILLSALESPACKINGSLIPPRINTINGINCLUDEPRODUCTSAFETYDATASHEET>No</WILLSALESPACKINGSLIPPRINTINGINCLUDEPRODUCTSAFETYDATASHEET><WILLSALESPROCESSESCREATEEXPIREDPRODUCTSAFETYDATASHEETALERTS>No</WILLSALESPROCESSESCREATEEXPIREDPRODUCTSAFETYDATASHEETALERTS><WILLSALESPROCESSESCREATEEXPIRYADVICEPERIODPRODUCTSAFETYDATASHEETALERTS>No</WILLSALESPROCESSESCREATEEXPIRYADVICEPERIODPRODUCTSAFETYDATASHEETALERTS></INVENTPRODUCTCOMPLIANCEPARAMETERSENTITY></Document>