﻿<?xml version="1.0" encoding="utf-8"?><Document><ECORESPRODUCTSIZEGROUPLINETRANSLATIONENTITY><LANGUAGEID>en-US</LANGUAGEID><PRODUCTSIZEGROUPID>DIAMETER</PRODUCTSIZEGROUPID><PRODUCTSIZEID>THICK</PRODUCTSIZEID><TRANSLATEDSIZEDESCRIPTION>Thick</TRANSLATEDSIZEDESCRIPTION><TRANSLATEDSIZENAME>THICK</TRANSLATEDSIZENAME></ECORESPRODUCTSIZEGROUPLINETRANSLATIONENTITY><ECORESPRODUCTSIZEGROUPLINETRANSLATIONENTITY><LANGUAGEID>en-US</LANGUAGEID><PRODUCTSIZEGROUPID>DIAMETER</PRODUCTSIZEGROUPID><PRODUCTSIZEID>THIN</PRODUCTSIZEID><TRANSLATEDSIZEDESCRIPTION>Thin</TRANSLATEDSIZEDESCRIPTION><TRANSLATEDSIZENAME>THIN</TRANSLATEDSIZENAME></ECORESPRODUCTSIZEGROUPLINETRANSLATIONENTITY><ECORESPRODUCTSIZEGROUPLINETRANSLATIONENTITY><LANGUAGEID>en-US</LANGUAGEID><PRODUCTSIZEGROUPID>SIZE</PRODUCTSIZEGROUPID><PRODUCTSIZEID>LRG</PRODUCTSIZEID><TRANSLATEDSIZEDESCRIPTION>large</TRANSLATEDSIZEDESCRIPTION><TRANSLATEDSIZENAME>Large</TRANSLATEDSIZENAME></ECORESPRODUCTSIZEGROUPLINETRANSLATIONENTITY><ECORESPRODUCTSIZEGROUPLINETRANSLATIONENTITY><LANGUAGEID>en-US</LANGUAGEID><PRODUCTSIZEGROUPID>SIZE</PRODUCTSIZEGROUPID><PRODUCTSIZEID>MED</PRODUCTSIZEID><TRANSLATEDSIZEDESCRIPTION>medium</TRANSLATEDSIZEDESCRIPTION><TRANSLATEDSIZENAME>Medium</TRANSLATEDSIZENAME></ECORESPRODUCTSIZEGROUPLINETRANSLATIONENTITY><ECORESPRODUCTSIZEGROUPLINETRANSLATIONENTITY><LANGUAGEID>en-US</LANGUAGEID><PRODUCTSIZEGROUPID>SIZE</PRODUCTSIZEGROUPID><PRODUCTSIZEID>SML</PRODUCTSIZEID><TRANSLATEDSIZEDESCRIPTION>small</TRANSLATEDSIZEDESCRIPTION><TRANSLATEDSIZENAME>Small</TRANSLATEDSIZENAME></ECORESPRODUCTSIZEGROUPLINETRANSLATIONENTITY><ECORESPRODUCTSIZEGROUPLINETRANSLATIONENTITY><LANGUAGEID>en-US</LANGUAGEID><PRODUCTSIZEGROUPID>SIZE</PRODUCTSIZEGROUPID><PRODUCTSIZEID>STD</PRODUCTSIZEID><TRANSLATEDSIZEDESCRIPTION>standard</TRANSLATEDSIZEDESCRIPTION><TRANSLATEDSIZENAME>Standard</TRANSLATEDSIZENAME></ECORESPRODUCTSIZEGROUPLINETRANSLATIONENTITY><ECORESPRODUCTSIZEGROUPLINETRANSLATIONENTITY><LANGUAGEID>en-US</LANGUAGEID><PRODUCTSIZEGROUPID>SIZE</PRODUCTSIZEGROUPID><PRODUCTSIZEID>XLG</PRODUCTSIZEID><TRANSLATEDSIZEDESCRIPTION>extra large</TRANSLATEDSIZEDESCRIPTION><TRANSLATEDSIZENAME>Extra Large</TRANSLATEDSIZENAME></ECORESPRODUCTSIZEGROUPLINETRANSLATIONENTITY><ECORESPRODUCTSIZEGROUPLINETRANSLATIONENTITY><LANGUAGEID>en-US</LANGUAGEID><PRODUCTSIZEGROUPID>SIZE</PRODUCTSIZEGROUPID><PRODUCTSIZEID>XSM</PRODUCTSIZEID><TRANSLATEDSIZEDESCRIPTION>extra small</TRANSLATEDSIZEDESCRIPTION><TRANSLATEDSIZENAME>Extra Small</TRANSLATEDSIZENAME></ECORESPRODUCTSIZEGROUPLINETRANSLATIONENTITY><ECORESPRODUCTSIZEGROUPLINETRANSLATIONENTITY><LANGUAGEID>en-US</LANGUAGEID><PRODUCTSIZEGROUPID>SIZE</PRODUCTSIZEGROUPID><PRODUCTSIZEID>XXL</PRODUCTSIZEID><TRANSLATEDSIZEDESCRIPTION>double extra large</TRANSLATEDSIZEDESCRIPTION><TRANSLATEDSIZENAME>Double Extra Large</TRANSLATEDSIZENAME></ECORESPRODUCTSIZEGROUPLINETRANSLATIONENTITY><ECORESPRODUCTSIZEGROUPLINETRANSLATIONENTITY><LANGUAGEID>en-US</LANGUAGEID><PRODUCTSIZEGROUPID>THICKNESS</PRODUCTSIZEGROUPID><PRODUCTSIZEID>THREAD</PRODUCTSIZEID><TRANSLATEDSIZEDESCRIPTION>Thread</TRANSLATEDSIZEDESCRIPTION><TRANSLATEDSIZENAME>THREAD</TRANSLATEDSIZENAME></ECORESPRODUCTSIZEGROUPLINETRANSLATIONENTITY><ECORESPRODUCTSIZEGROUPLINETRANSLATIONENTITY><LANGUAGEID>en-US</LANGUAGEID><PRODUCTSIZEGROUPID>THICKNESS</PRODUCTSIZEGROUPID><PRODUCTSIZEID>TWINE</PRODUCTSIZEID><TRANSLATEDSIZEDESCRIPTION>Twine</TRANSLATEDSIZEDESCRIPTION><TRANSLATEDSIZENAME>TWINE</TRANSLATEDSIZENAME></ECORESPRODUCTSIZEGROUPLINETRANSLATIONENTITY></Document>