﻿<?xml version="1.0" encoding="utf-8"?><Document><ECORESPRODUCTSTYLEGROUPLINETRANSLATIONENTITY><LANGUAGEID>en-US</LANGUAGEID><PRODUCTSTYLEGROUPID>FLAVOR</PRODUCTSTYLEGROUPID><PRODUCTSTYLEID>APPLE</PRODUCTSTYLEID><TRANSLATEDSTYLEDESCRIPTION>apple</TRANSLATEDSTYLEDESCRIPTION><TRANSLATEDSTYLENAME>Apple</TRANSLATEDSTYLENAME></ECORESPRODUCTSTYLEGROUPLINETRANSLATIONENTITY><ECORESPRODUCTSTYLEGROUPLINETRANSLATIONENTITY><LANGUAGEID>en-US</LANGUAGEID><PRODUCTSTYLEGROUPID>FLAVOR</PRODUCTSTYLEGROUPID><PRODUCTSTYLEID>BLACKBERRY</PRODUCTSTYLEID><TRANSLATEDSTYLEDESCRIPTION>blackberry</TRANSLATEDSTYLEDESCRIPTION><TRANSLATEDSTYLENAME>Blackberry</TRANSLATEDSTYLENAME></ECORESPRODUCTSTYLEGROUPLINETRANSLATIONENTITY><ECORESPRODUCTSTYLEGROUPLINETRANSLATIONENTITY><LANGUAGEID>en-US</LANGUAGEID><PRODUCTSTYLEGROUPID>FLAVOR</PRODUCTSTYLEGROUPID><PRODUCTSTYLEID>ELDERBERRY</PRODUCTSTYLEID><TRANSLATEDSTYLEDESCRIPTION>elderberry</TRANSLATEDSTYLEDESCRIPTION><TRANSLATEDSTYLENAME>Elderberry</TRANSLATEDSTYLENAME></ECORESPRODUCTSTYLEGROUPLINETRANSLATIONENTITY><ECORESPRODUCTSTYLEGROUPLINETRANSLATIONENTITY><LANGUAGEID>en-US</LANGUAGEID><PRODUCTSTYLEGROUPID>FLAVOR</PRODUCTSTYLEGROUPID><PRODUCTSTYLEID>GOOSEBERRY</PRODUCTSTYLEID><TRANSLATEDSTYLEDESCRIPTION>gooseberry</TRANSLATEDSTYLEDESCRIPTION><TRANSLATEDSTYLENAME>Gooseberry</TRANSLATEDSTYLENAME></ECORESPRODUCTSTYLEGROUPLINETRANSLATIONENTITY><ECORESPRODUCTSTYLEGROUPLINETRANSLATIONENTITY><LANGUAGEID>en-US</LANGUAGEID><PRODUCTSTYLEGROUPID>FLAVOR</PRODUCTSTYLEGROUPID><PRODUCTSTYLEID>GRAPE</PRODUCTSTYLEID><TRANSLATEDSTYLEDESCRIPTION>grape</TRANSLATEDSTYLEDESCRIPTION><TRANSLATEDSTYLENAME>Grape</TRANSLATEDSTYLENAME></ECORESPRODUCTSTYLEGROUPLINETRANSLATIONENTITY><ECORESPRODUCTSTYLEGROUPLINETRANSLATIONENTITY><LANGUAGEID>en-US</LANGUAGEID><PRODUCTSTYLEGROUPID>FLAVOR</PRODUCTSTYLEGROUPID><PRODUCTSTYLEID>LEMON</PRODUCTSTYLEID><TRANSLATEDSTYLEDESCRIPTION>lemon</TRANSLATEDSTYLEDESCRIPTION><TRANSLATEDSTYLENAME>Lemon</TRANSLATEDSTYLENAME></ECORESPRODUCTSTYLEGROUPLINETRANSLATIONENTITY><ECORESPRODUCTSTYLEGROUPLINETRANSLATIONENTITY><LANGUAGEID>en-US</LANGUAGEID><PRODUCTSTYLEGROUPID>FLAVOR</PRODUCTSTYLEGROUPID><PRODUCTSTYLEID>MINT</PRODUCTSTYLEID><TRANSLATEDSTYLEDESCRIPTION>mint</TRANSLATEDSTYLEDESCRIPTION><TRANSLATEDSTYLENAME>Mint</TRANSLATEDSTYLENAME></ECORESPRODUCTSTYLEGROUPLINETRANSLATIONENTITY><ECORESPRODUCTSTYLEGROUPLINETRANSLATIONENTITY><LANGUAGEID>en-US</LANGUAGEID><PRODUCTSTYLEGROUPID>FLAVOR</PRODUCTSTYLEGROUPID><PRODUCTSTYLEID>ORANGE</PRODUCTSTYLEID><TRANSLATEDSTYLEDESCRIPTION>orange</TRANSLATEDSTYLEDESCRIPTION><TRANSLATEDSTYLENAME>Orange</TRANSLATEDSTYLENAME></ECORESPRODUCTSTYLEGROUPLINETRANSLATIONENTITY><ECORESPRODUCTSTYLEGROUPLINETRANSLATIONENTITY><LANGUAGEID>en-US</LANGUAGEID><PRODUCTSTYLEGROUPID>FLAVOR</PRODUCTSTYLEGROUPID><PRODUCTSTYLEID>PLUM</PRODUCTSTYLEID><TRANSLATEDSTYLEDESCRIPTION>plum</TRANSLATEDSTYLEDESCRIPTION><TRANSLATEDSTYLENAME>Plum</TRANSLATEDSTYLENAME></ECORESPRODUCTSTYLEGROUPLINETRANSLATIONENTITY><ECORESPRODUCTSTYLEGROUPLINETRANSLATIONENTITY><LANGUAGEID>en-US</LANGUAGEID><PRODUCTSTYLEGROUPID>FLAVOR</PRODUCTSTYLEGROUPID><PRODUCTSTYLEID>STRAWBERRY</PRODUCTSTYLEID><TRANSLATEDSTYLEDESCRIPTION>strawberry</TRANSLATEDSTYLEDESCRIPTION><TRANSLATEDSTYLENAME>Strawberry</TRANSLATEDSTYLENAME></ECORESPRODUCTSTYLEGROUPLINETRANSLATIONENTITY><ECORESPRODUCTSTYLEGROUPLINETRANSLATIONENTITY><LANGUAGEID>en-US</LANGUAGEID><PRODUCTSTYLEGROUPID>FLAVOR</PRODUCTSTYLEGROUPID><PRODUCTSTYLEID>TOMATO</PRODUCTSTYLEID><TRANSLATEDSTYLEDESCRIPTION>tomato</TRANSLATEDSTYLEDESCRIPTION><TRANSLATEDSTYLENAME>Tomato</TRANSLATEDSTYLENAME></ECORESPRODUCTSTYLEGROUPLINETRANSLATIONENTITY><ECORESPRODUCTSTYLEGROUPLINETRANSLATIONENTITY><LANGUAGEID>en-US</LANGUAGEID><PRODUCTSTYLEGROUPID>GRAIN</PRODUCTSTYLEGROUPID><PRODUCTSTYLEID>BARLEY</PRODUCTSTYLEID><TRANSLATEDSTYLEDESCRIPTION>barley</TRANSLATEDSTYLEDESCRIPTION><TRANSLATEDSTYLENAME>Barley</TRANSLATEDSTYLENAME></ECORESPRODUCTSTYLEGROUPLINETRANSLATIONENTITY><ECORESPRODUCTSTYLEGROUPLINETRANSLATIONENTITY><LANGUAGEID>en-US</LANGUAGEID><PRODUCTSTYLEGROUPID>GRAIN</PRODUCTSTYLEGROUPID><PRODUCTSTYLEID>CORN</PRODUCTSTYLEID><TRANSLATEDSTYLEDESCRIPTION>corn</TRANSLATEDSTYLEDESCRIPTION><TRANSLATEDSTYLENAME>Corn</TRANSLATEDSTYLENAME></ECORESPRODUCTSTYLEGROUPLINETRANSLATIONENTITY><ECORESPRODUCTSTYLEGROUPLINETRANSLATIONENTITY><LANGUAGEID>en-US</LANGUAGEID><PRODUCTSTYLEGROUPID>GRAIN</PRODUCTSTYLEGROUPID><PRODUCTSTYLEID>RYE</PRODUCTSTYLEID><TRANSLATEDSTYLEDESCRIPTION>rye</TRANSLATEDSTYLEDESCRIPTION><TRANSLATEDSTYLENAME>Rye</TRANSLATEDSTYLENAME></ECORESPRODUCTSTYLEGROUPLINETRANSLATIONENTITY><ECORESPRODUCTSTYLEGROUPLINETRANSLATIONENTITY><LANGUAGEID>en-US</LANGUAGEID><PRODUCTSTYLEGROUPID>GRAIN</PRODUCTSTYLEGROUPID><PRODUCTSTYLEID>WHEAT</PRODUCTSTYLEID><TRANSLATEDSTYLEDESCRIPTION>wheat</TRANSLATEDSTYLEDESCRIPTION><TRANSLATEDSTYLENAME>Wheat</TRANSLATEDSTYLENAME></ECORESPRODUCTSTYLEGROUPLINETRANSLATIONENTITY><ECORESPRODUCTSTYLEGROUPLINETRANSLATIONENTITY><LANGUAGEID>en-US</LANGUAGEID><PRODUCTSTYLEGROUPID>MATERIAL</PRODUCTSTYLEGROUPID><PRODUCTSTYLEID>CANVAS</PRODUCTSTYLEID><TRANSLATEDSTYLEDESCRIPTION>Canvas</TRANSLATEDSTYLEDESCRIPTION><TRANSLATEDSTYLENAME>CANVAS</TRANSLATEDSTYLENAME></ECORESPRODUCTSTYLEGROUPLINETRANSLATIONENTITY><ECORESPRODUCTSTYLEGROUPLINETRANSLATIONENTITY><LANGUAGEID>en-US</LANGUAGEID><PRODUCTSTYLEGROUPID>MATERIAL</PRODUCTSTYLEGROUPID><PRODUCTSTYLEID>CERAMIC</PRODUCTSTYLEID><TRANSLATEDSTYLEDESCRIPTION>Ceramic</TRANSLATEDSTYLEDESCRIPTION><TRANSLATEDSTYLENAME>CERAMIC</TRANSLATEDSTYLENAME></ECORESPRODUCTSTYLEGROUPLINETRANSLATIONENTITY><ECORESPRODUCTSTYLEGROUPLINETRANSLATIONENTITY><LANGUAGEID>en-US</LANGUAGEID><PRODUCTSTYLEGROUPID>MATERIAL</PRODUCTSTYLEGROUPID><PRODUCTSTYLEID>COTTON</PRODUCTSTYLEID><TRANSLATEDSTYLEDESCRIPTION>Cotton</TRANSLATEDSTYLEDESCRIPTION><TRANSLATEDSTYLENAME>COTTON</TRANSLATEDSTYLENAME></ECORESPRODUCTSTYLEGROUPLINETRANSLATIONENTITY><ECORESPRODUCTSTYLEGROUPLINETRANSLATIONENTITY><LANGUAGEID>en-US</LANGUAGEID><PRODUCTSTYLEGROUPID>MATERIAL</PRODUCTSTYLEGROUPID><PRODUCTSTYLEID>CRYSTAL</PRODUCTSTYLEID><TRANSLATEDSTYLEDESCRIPTION>Crystal</TRANSLATEDSTYLEDESCRIPTION><TRANSLATEDSTYLENAME>CRYSTAL</TRANSLATEDSTYLENAME></ECORESPRODUCTSTYLEGROUPLINETRANSLATIONENTITY><ECORESPRODUCTSTYLEGROUPLINETRANSLATIONENTITY><LANGUAGEID>en-US</LANGUAGEID><PRODUCTSTYLEGROUPID>MATERIAL</PRODUCTSTYLEGROUPID><PRODUCTSTYLEID>GLASS</PRODUCTSTYLEID><TRANSLATEDSTYLEDESCRIPTION>Glass</TRANSLATEDSTYLEDESCRIPTION><TRANSLATEDSTYLENAME>GLASS</TRANSLATEDSTYLENAME></ECORESPRODUCTSTYLEGROUPLINETRANSLATIONENTITY><ECORESPRODUCTSTYLEGROUPLINETRANSLATIONENTITY><LANGUAGEID>en-US</LANGUAGEID><PRODUCTSTYLEGROUPID>MATERIAL</PRODUCTSTYLEGROUPID><PRODUCTSTYLEID>LEATHER</PRODUCTSTYLEID><TRANSLATEDSTYLEDESCRIPTION>Leather</TRANSLATEDSTYLEDESCRIPTION><TRANSLATEDSTYLENAME>LEATHER</TRANSLATEDSTYLENAME></ECORESPRODUCTSTYLEGROUPLINETRANSLATIONENTITY><ECORESPRODUCTSTYLEGROUPLINETRANSLATIONENTITY><LANGUAGEID>en-US</LANGUAGEID><PRODUCTSTYLEGROUPID>MATERIAL</PRODUCTSTYLEGROUPID><PRODUCTSTYLEID>METAL</PRODUCTSTYLEID><TRANSLATEDSTYLEDESCRIPTION>Metal</TRANSLATEDSTYLEDESCRIPTION><TRANSLATEDSTYLENAME>METAL</TRANSLATEDSTYLENAME></ECORESPRODUCTSTYLEGROUPLINETRANSLATIONENTITY><ECORESPRODUCTSTYLEGROUPLINETRANSLATIONENTITY><LANGUAGEID>en-US</LANGUAGEID><PRODUCTSTYLEGROUPID>MATERIAL</PRODUCTSTYLEGROUPID><PRODUCTSTYLEID>STEEL</PRODUCTSTYLEID><TRANSLATEDSTYLEDESCRIPTION>Steel</TRANSLATEDSTYLEDESCRIPTION><TRANSLATEDSTYLENAME>STEEL</TRANSLATEDSTYLENAME></ECORESPRODUCTSTYLEGROUPLINETRANSLATIONENTITY><ECORESPRODUCTSTYLEGROUPLINETRANSLATIONENTITY><LANGUAGEID>en-US</LANGUAGEID><PRODUCTSTYLEGROUPID>MATERIAL</PRODUCTSTYLEGROUPID><PRODUCTSTYLEID>WICKER</PRODUCTSTYLEID><TRANSLATEDSTYLEDESCRIPTION>Wicker</TRANSLATEDSTYLEDESCRIPTION><TRANSLATEDSTYLENAME>WICKER</TRANSLATEDSTYLENAME></ECORESPRODUCTSTYLEGROUPLINETRANSLATIONENTITY><ECORESPRODUCTSTYLEGROUPLINETRANSLATIONENTITY><LANGUAGEID>en-US</LANGUAGEID><PRODUCTSTYLEGROUPID>MATERIAL</PRODUCTSTYLEGROUPID><PRODUCTSTYLEID>WOODEN</PRODUCTSTYLEID><TRANSLATEDSTYLEDESCRIPTION>Wooden</TRANSLATEDSTYLEDESCRIPTION><TRANSLATEDSTYLENAME>WOODEN</TRANSLATEDSTYLENAME></ECORESPRODUCTSTYLEGROUPLINETRANSLATIONENTITY><ECORESPRODUCTSTYLEGROUPLINETRANSLATIONENTITY><LANGUAGEID>en-US</LANGUAGEID><PRODUCTSTYLEGROUPID>RATION</PRODUCTSTYLEGROUPID><PRODUCTSTYLEID>STANDARD</PRODUCTSTYLEID><TRANSLATEDSTYLEDESCRIPTION>standard</TRANSLATEDSTYLEDESCRIPTION><TRANSLATEDSTYLENAME>Standard</TRANSLATEDSTYLENAME></ECORESPRODUCTSTYLEGROUPLINETRANSLATIONENTITY><ECORESPRODUCTSTYLEGROUPLINETRANSLATIONENTITY><LANGUAGEID>en-US</LANGUAGEID><PRODUCTSTYLEGROUPID>TRADE</PRODUCTSTYLEGROUPID><PRODUCTSTYLEID>BURGLAR</PRODUCTSTYLEID><TRANSLATEDSTYLEDESCRIPTION>Burglar</TRANSLATEDSTYLEDESCRIPTION><TRANSLATEDSTYLENAME>Burglar</TRANSLATEDSTYLENAME></ECORESPRODUCTSTYLEGROUPLINETRANSLATIONENTITY><ECORESPRODUCTSTYLEGROUPLINETRANSLATIONENTITY><LANGUAGEID>en-US</LANGUAGEID><PRODUCTSTYLEGROUPID>TRADE</PRODUCTSTYLEGROUPID><PRODUCTSTYLEID>DIPLOMAT</PRODUCTSTYLEID><TRANSLATEDSTYLEDESCRIPTION>Diplamat</TRANSLATEDSTYLEDESCRIPTION><TRANSLATEDSTYLENAME>Diplomat</TRANSLATEDSTYLENAME></ECORESPRODUCTSTYLEGROUPLINETRANSLATIONENTITY></Document>