﻿<?xml version="1.0" encoding="utf-8"?><Document><ECORESPRODUCTTRANSLATIONENTITY><DESCRIPTION></DESCRIPTION><LANGUAGEID>en-US</LANGUAGEID><PRODUCTNAME>Backpack</PRODUCTNAME><PRODUCTNUMBER>BACKPACK</PRODUCTNUMBER></ECORESPRODUCTTRANSLATIONENTITY><ECORESPRODUCTTRANSLATIONENTITY><DESCRIPTION>150gp Wicker</DESCRIPTION><LANGUAGEID>en-US</LANGUAGEID><PRODUCTNAME>Backpack, Wicker, holds 150gp</PRODUCTNAME><PRODUCTNUMBER>BACKPACK :  : 150GP :  : WICKER :</PRODUCTNUMBER></ECORESPRODUCTTRANSLATIONENTITY><ECORESPRODUCTTRANSLATIONENTITY><DESCRIPTION>450gp Leather</DESCRIPTION><LANGUAGEID>en-US</LANGUAGEID><PRODUCTNAME>Backpack, Leather, holds 450gp</PRODUCTNAME><PRODUCTNUMBER>BACKPACK :  : 450GP :  : LEATHER :</PRODUCTNUMBER></ECORESPRODUCTTRANSLATIONENTITY><ECORESPRODUCTTRANSLATIONENTITY><DESCRIPTION>LARGE Leather</DESCRIPTION><LANGUAGEID>en-US</LANGUAGEID><PRODUCTNAME>Backpack</PRODUCTNAME><PRODUCTNUMBER>BACKPACK :  : LRG :  : LEATHER :</PRODUCTNUMBER></ECORESPRODUCTTRANSLATIONENTITY><ECORESPRODUCTTRANSLATIONENTITY><DESCRIPTION>MEDIUM Wicker</DESCRIPTION><LANGUAGEID>en-US</LANGUAGEID><PRODUCTNAME>Backpack</PRODUCTNAME><PRODUCTNUMBER>BACKPACK :  : MED :  : WICKER :</PRODUCTNUMBER></ECORESPRODUCTTRANSLATIONENTITY><ECORESPRODUCTTRANSLATIONENTITY><DESCRIPTION></DESCRIPTION><LANGUAGEID>en-US</LANGUAGEID><PRODUCTNAME>Backpack, Leather, Large</PRODUCTNAME><PRODUCTNUMBER>BACKPACK-LTH-LRG</PRODUCTNUMBER></ECORESPRODUCTTRANSLATIONENTITY><ECORESPRODUCTTRANSLATIONENTITY><DESCRIPTION></DESCRIPTION><LANGUAGEID>en-US</LANGUAGEID><PRODUCTNAME>Backpack, Wicker, Medium</PRODUCTNAME><PRODUCTNUMBER>BACKPACK-WKR-ED</PRODUCTNUMBER></ECORESPRODUCTTRANSLATIONENTITY><ECORESPRODUCTTRANSLATIONENTITY><DESCRIPTION></DESCRIPTION><LANGUAGEID>en-US</LANGUAGEID><PRODUCTNAME>Bag</PRODUCTNAME><PRODUCTNUMBER>BAG</PRODUCTNUMBER></ECORESPRODUCTTRANSLATIONENTITY><ECORESPRODUCTTRANSLATIONENTITY><DESCRIPTION>Ball Bearing</DESCRIPTION><LANGUAGEID>en-US</LANGUAGEID><PRODUCTNAME>Ball Bearing</PRODUCTNAME><PRODUCTNUMBER>Ball Bearing, Steel</PRODUCTNUMBER></ECORESPRODUCTTRANSLATIONENTITY><ECORESPRODUCTTRANSLATIONENTITY><DESCRIPTION>Ball Bearing</DESCRIPTION><LANGUAGEID>en-US</LANGUAGEID><PRODUCTNAME>Ball Bearing</PRODUCTNAME><PRODUCTNUMBER>BALLBEARING</PRODUCTNUMBER></ECORESPRODUCTTRANSLATIONENTITY><ECORESPRODUCTTRANSLATIONENTITY><DESCRIPTION>A barrel can hold 40 gallons of liquid, or 4 cubic feet of solid material.</DESCRIPTION><LANGUAGEID>en-US</LANGUAGEID><PRODUCTNAME>Barrel</PRODUCTNAME><PRODUCTNUMBER>BARREL</PRODUCTNUMBER></ECORESPRODUCTTRANSLATIONENTITY><ECORESPRODUCTTRANSLATIONENTITY><DESCRIPTION>SMALL, 30 GAL Wooden</DESCRIPTION><LANGUAGEID>en-US</LANGUAGEID><PRODUCTNAME>Barrel</PRODUCTNAME><PRODUCTNUMBER>BARREL :  : 30 GAL :  : WOODEN :</PRODUCTNUMBER></ECORESPRODUCTTRANSLATIONENTITY><ECORESPRODUCTTRANSLATIONENTITY><DESCRIPTION>MEDIUM, 40 GAL Wooden</DESCRIPTION><LANGUAGEID>en-US</LANGUAGEID><PRODUCTNAME>Barrel</PRODUCTNAME><PRODUCTNUMBER>BARREL :  : 40 GAL :  : WOODEN :</PRODUCTNUMBER></ECORESPRODUCTTRANSLATIONENTITY><ECORESPRODUCTTRANSLATIONENTITY><DESCRIPTION>SMALL, 5 GAL Wooden</DESCRIPTION><LANGUAGEID>en-US</LANGUAGEID><PRODUCTNAME>Barrel</PRODUCTNAME><PRODUCTNUMBER>BARREL :  : 5 GAL :  : WOODEN :</PRODUCTNUMBER></ECORESPRODUCTTRANSLATIONENTITY><ECORESPRODUCTTRANSLATIONENTITY><DESCRIPTION>LARGE, 50 GAL Wooden</DESCRIPTION><LANGUAGEID>en-US</LANGUAGEID><PRODUCTNAME>Barrel</PRODUCTNAME><PRODUCTNUMBER>BARREL :  : 50 GAL :  : WOODEN :</PRODUCTNUMBER></ECORESPRODUCTTRANSLATIONENTITY><ECORESPRODUCTTRANSLATIONENTITY><DESCRIPTION>LARGE, 60 GAL Wooden</DESCRIPTION><LANGUAGEID>en-US</LANGUAGEID><PRODUCTNAME>Barrel</PRODUCTNAME><PRODUCTNUMBER>BARREL :  : 60 GAL :  : WOODEN :</PRODUCTNUMBER></ECORESPRODUCTTRANSLATIONENTITY><ECORESPRODUCTTRANSLATIONENTITY><DESCRIPTION></DESCRIPTION><LANGUAGEID>en-US</LANGUAGEID><PRODUCTNAME>Basket</PRODUCTNAME><PRODUCTNUMBER>BASKET</PRODUCTNUMBER></ECORESPRODUCTTRANSLATIONENTITY><ECORESPRODUCTTRANSLATIONENTITY><DESCRIPTION></DESCRIPTION><LANGUAGEID>en-US</LANGUAGEID><PRODUCTNAME>Bell</PRODUCTNAME><PRODUCTNUMBER>BELL</PRODUCTNUMBER></ECORESPRODUCTTRANSLATIONENTITY><ECORESPRODUCTTRANSLATIONENTITY><DESCRIPTION>Small METAL</DESCRIPTION><LANGUAGEID>en-US</LANGUAGEID><PRODUCTNAME>Bell, Metal, Small</PRODUCTNAME><PRODUCTNUMBER>BELL,METAL,SMALL</PRODUCTNUMBER></ECORESPRODUCTTRANSLATIONENTITY><ECORESPRODUCTTRANSLATIONENTITY><DESCRIPTION>Large BRASS</DESCRIPTION><LANGUAGEID>en-US</LANGUAGEID><PRODUCTNAME>Bell (BRASS,Large)</PRODUCTNAME><PRODUCTNUMBER>BELLBRASSLARGE</PRODUCTNUMBER></ECORESPRODUCTTRANSLATIONENTITY><ECORESPRODUCTTRANSLATIONENTITY><DESCRIPTION>BRASS, SMALL</DESCRIPTION><LANGUAGEID>en-US</LANGUAGEID><PRODUCTNAME>Bell (Brass, Small)</PRODUCTNAME><PRODUCTNUMBER>BELLBRASSSMALL</PRODUCTNUMBER></ECORESPRODUCTTRANSLATIONENTITY><ECORESPRODUCTTRANSLATIONENTITY><DESCRIPTION>Bottle</DESCRIPTION><LANGUAGEID>en-US</LANGUAGEID><PRODUCTNAME>Bottle</PRODUCTNAME><PRODUCTNUMBER>BOTTLE</PRODUCTNUMBER></ECORESPRODUCTTRANSLATIONENTITY><ECORESPRODUCTTRANSLATIONENTITY><DESCRIPTION>Small Glass</DESCRIPTION><LANGUAGEID>en-US</LANGUAGEID><PRODUCTNAME>Bottle</PRODUCTNAME><PRODUCTNUMBER>Bottle, Glass, Small</PRODUCTNUMBER></ECORESPRODUCTTRANSLATIONENTITY><ECORESPRODUCTTRANSLATIONENTITY><DESCRIPTION></DESCRIPTION><LANGUAGEID>en-US</LANGUAGEID><PRODUCTNAME>Box</PRODUCTNAME><PRODUCTNUMBER>BOX</PRODUCTNUMBER></ECORESPRODUCTTRANSLATIONENTITY><ECORESPRODUCTTRANSLATIONENTITY><DESCRIPTION></DESCRIPTION><LANGUAGEID>en-US</LANGUAGEID><PRODUCTNAME>Bucket</PRODUCTNAME><PRODUCTNUMBER>BUCKET</PRODUCTNUMBER></ECORESPRODUCTTRANSLATIONENTITY><ECORESPRODUCTTRANSLATIONENTITY><DESCRIPTION></DESCRIPTION><LANGUAGEID>en-US</LANGUAGEID><PRODUCTNAME>Burglar Pack</PRODUCTNAME><PRODUCTNUMBER>Burglar Pack (Leather)</PRODUCTNUMBER></ECORESPRODUCTTRANSLATIONENTITY><ECORESPRODUCTTRANSLATIONENTITY><DESCRIPTION></DESCRIPTION><LANGUAGEID>en-US</LANGUAGEID><PRODUCTNAME>Burglar Pack</PRODUCTNAME><PRODUCTNUMBER>BURGLARPACK</PRODUCTNUMBER></ECORESPRODUCTTRANSLATIONENTITY><ECORESPRODUCTTRANSLATIONENTITY><DESCRIPTION></DESCRIPTION><LANGUAGEID>en-US</LANGUAGEID><PRODUCTNAME>Candle</PRODUCTNAME><PRODUCTNUMBER>CANDLE</PRODUCTNUMBER></ECORESPRODUCTTRANSLATIONENTITY><ECORESPRODUCTTRANSLATIONENTITY><DESCRIPTION>White Beeswax</DESCRIPTION><LANGUAGEID>en-US</LANGUAGEID><PRODUCTNAME>Candle (Beeswax, White)</PRODUCTNAME><PRODUCTNUMBER>CANDLEBEESWAXWHITE</PRODUCTNUMBER></ECORESPRODUCTTRANSLATIONENTITY><ECORESPRODUCTTRANSLATIONENTITY><DESCRIPTION></DESCRIPTION><LANGUAGEID>en-US</LANGUAGEID><PRODUCTNAME>Cask</PRODUCTNAME><PRODUCTNUMBER>CASK</PRODUCTNUMBER></ECORESPRODUCTTRANSLATIONENTITY><ECORESPRODUCTTRANSLATIONENTITY><DESCRIPTION></DESCRIPTION><LANGUAGEID>en-US</LANGUAGEID><PRODUCTNAME>Crowbar</PRODUCTNAME><PRODUCTNUMBER>CROWBAR</PRODUCTNUMBER></ECORESPRODUCTTRANSLATIONENTITY><ECORESPRODUCTTRANSLATIONENTITY><DESCRIPTION></DESCRIPTION><LANGUAGEID>en-US</LANGUAGEID><PRODUCTNAME>Crowbar</PRODUCTNAME><PRODUCTNUMBER>CROWBAR-STANDARD</PRODUCTNUMBER></ECORESPRODUCTTRANSLATIONENTITY><ECORESPRODUCTTRANSLATIONENTITY><DESCRIPTION>Standard Burglar</DESCRIPTION><LANGUAGEID>en-US</LANGUAGEID><PRODUCTNAME>Equipment Pack</PRODUCTNAME><PRODUCTNUMBER>Equipment Pack, Burglar</PRODUCTNUMBER></ECORESPRODUCTTRANSLATIONENTITY><ECORESPRODUCTTRANSLATIONENTITY><DESCRIPTION>Equipment Pack</DESCRIPTION><LANGUAGEID>en-US</LANGUAGEID><PRODUCTNAME>Equipment Pack</PRODUCTNAME><PRODUCTNUMBER>EQUIPMENTPACK</PRODUCTNUMBER></ECORESPRODUCTTRANSLATIONENTITY><ECORESPRODUCTTRANSLATIONENTITY><DESCRIPTION></DESCRIPTION><LANGUAGEID>en-US</LANGUAGEID><PRODUCTNAME>Hammer</PRODUCTNAME><PRODUCTNUMBER>HAMMER</PRODUCTNUMBER></ECORESPRODUCTTRANSLATIONENTITY><ECORESPRODUCTTRANSLATIONENTITY><DESCRIPTION></DESCRIPTION><LANGUAGEID>en-US</LANGUAGEID><PRODUCTNAME>Hammer (Metal)</PRODUCTNAME><PRODUCTNUMBER>HAMMER-METAL-STD</PRODUCTNUMBER></ECORESPRODUCTTRANSLATIONENTITY><ECORESPRODUCTTRANSLATIONENTITY><DESCRIPTION></DESCRIPTION><LANGUAGEID>en-US</LANGUAGEID><PRODUCTNAME>Jars</PRODUCTNAME><PRODUCTNUMBER>JAR</PRODUCTNUMBER></ECORESPRODUCTTRANSLATIONENTITY><ECORESPRODUCTTRANSLATIONENTITY><DESCRIPTION></DESCRIPTION><LANGUAGEID>en-US</LANGUAGEID><PRODUCTNAME>Jug</PRODUCTNAME><PRODUCTNUMBER>JUG</PRODUCTNUMBER></ECORESPRODUCTTRANSLATIONENTITY><ECORESPRODUCTTRANSLATIONENTITY><DESCRIPTION></DESCRIPTION><LANGUAGEID>en-US</LANGUAGEID><PRODUCTNAME>Keg</PRODUCTNAME><PRODUCTNUMBER>KEG</PRODUCTNUMBER></ECORESPRODUCTTRANSLATIONENTITY><ECORESPRODUCTTRANSLATIONENTITY><DESCRIPTION></DESCRIPTION><LANGUAGEID>en-US</LANGUAGEID><PRODUCTNAME>Lantern</PRODUCTNAME><PRODUCTNUMBER>LANTERN</PRODUCTNUMBER></ECORESPRODUCTTRANSLATIONENTITY><ECORESPRODUCTTRANSLATIONENTITY><DESCRIPTION></DESCRIPTION><LANGUAGEID>en-US</LANGUAGEID><PRODUCTNAME>Nettle</PRODUCTNAME><PRODUCTNUMBER>NETTLE</PRODUCTNUMBER></ECORESPRODUCTTRANSLATIONENTITY><ECORESPRODUCTTRANSLATIONENTITY><DESCRIPTION></DESCRIPTION><LANGUAGEID>en-US</LANGUAGEID><PRODUCTNAME>Oil</PRODUCTNAME><PRODUCTNUMBER>OIL</PRODUCTNUMBER></ECORESPRODUCTTRANSLATIONENTITY><ECORESPRODUCTTRANSLATIONENTITY><DESCRIPTION></DESCRIPTION><LANGUAGEID>en-US</LANGUAGEID><PRODUCTNAME>Pail</PRODUCTNAME><PRODUCTNUMBER>PAIL</PRODUCTNUMBER></ECORESPRODUCTTRANSLATIONENTITY><ECORESPRODUCTTRANSLATIONENTITY><DESCRIPTION></DESCRIPTION><LANGUAGEID>en-US</LANGUAGEID><PRODUCTNAME>Pitons</PRODUCTNAME><PRODUCTNUMBER>PITONS</PRODUCTNUMBER></ECORESPRODUCTTRANSLATIONENTITY><ECORESPRODUCTTRANSLATIONENTITY><DESCRIPTION></DESCRIPTION><LANGUAGEID>en-US</LANGUAGEID><PRODUCTNAME>Potion</PRODUCTNAME><PRODUCTNUMBER>POTION</PRODUCTNUMBER></ECORESPRODUCTTRANSLATIONENTITY><ECORESPRODUCTTRANSLATIONENTITY><DESCRIPTION></DESCRIPTION><LANGUAGEID>en-US</LANGUAGEID><PRODUCTNAME>Potion, Cure Boils</PRODUCTNAME><PRODUCTNUMBER>POTIONCUREBOILS</PRODUCTNUMBER></ECORESPRODUCTTRANSLATIONENTITY><ECORESPRODUCTTRANSLATIONENTITY><DESCRIPTION></DESCRIPTION><LANGUAGEID>en-US</LANGUAGEID><PRODUCTNAME>Potion, Truth Serum</PRODUCTNAME><PRODUCTNUMBER>POTIONTRUTHSERUM</PRODUCTNUMBER></ECORESPRODUCTTRANSLATIONENTITY><ECORESPRODUCTTRANSLATIONENTITY><DESCRIPTION></DESCRIPTION><LANGUAGEID>en-US</LANGUAGEID><PRODUCTNAME>Pouch</PRODUCTNAME><PRODUCTNUMBER>POUCH</PRODUCTNUMBER></ECORESPRODUCTTRANSLATIONENTITY><ECORESPRODUCTTRANSLATIONENTITY><DESCRIPTION></DESCRIPTION><LANGUAGEID>en-US</LANGUAGEID><PRODUCTNAME>Quill, Porcupine</PRODUCTNAME><PRODUCTNUMBER>QUILLPROCUPINE</PRODUCTNUMBER></ECORESPRODUCTTRANSLATIONENTITY><ECORESPRODUCTTRANSLATIONENTITY><DESCRIPTION></DESCRIPTION><LANGUAGEID>en-US</LANGUAGEID><PRODUCTNAME>Quiver</PRODUCTNAME><PRODUCTNUMBER>QUIVER</PRODUCTNUMBER></ECORESPRODUCTTRANSLATIONENTITY><ECORESPRODUCTTRANSLATIONENTITY><DESCRIPTION>Rations consist of dry foods suitable for extended travel, including jerky, dried fruit, hardtack, and nuts.</DESCRIPTION><LANGUAGEID>en-US</LANGUAGEID><PRODUCTNAME>Rations</PRODUCTNAME><PRODUCTNUMBER>RATIONS</PRODUCTNUMBER></ECORESPRODUCTTRANSLATIONENTITY><ECORESPRODUCTTRANSLATIONENTITY><DESCRIPTION>Rations are made up of dried provisions fit for long journeys, such as salted meats, dried fruits, hard biscuits, and nuts.</DESCRIPTION><LANGUAGEID>fae-cm</LANGUAGEID><PRODUCTNAME>Rations</PRODUCTNAME><PRODUCTNUMBER>RATIONS</PRODUCTNUMBER></ECORESPRODUCTTRANSLATIONENTITY><ECORESPRODUCTTRANSLATIONENTITY><DESCRIPTION>ᚱᚨᛏᛁᛟᚾᛋ ᛗᚨᛞᛖ ᛟᚠ ᛞᚱᛁᛖᛞ ᛈᚱᛟᚢᛁᛋᛁᛟᚾᛋ ᚠᛁᛏ ᚠᛟᚱ ᛚᛟᚾᚷ ᛃᛟᚢᚱᚾᛖᚣᛋ, ᛋᚢᚲᚻ ᚨᛋ ᛋᚨᛚᛏᛖᛞ ᛗᛖᚨᛏᛋ, ᛞᚱᛁᛖᛞ ᚠᚱᚢᛁᛏᛋ, ᚻᚨᚱᛞ ᛒᛁᛋᚲᚢᛁᛏᛋ, ᚨᚾᛞ ᚾᚢᛏᛋ.</DESCRIPTION><LANGUAGEID>fae-dwf</LANGUAGEID><PRODUCTNAME>ᚱᚨᛏᛁᛟᚾᛋ</PRODUCTNAME><PRODUCTNUMBER>RATIONS</PRODUCTNUMBER></ECORESPRODUCTTRANSLATIONENTITY><ECORESPRODUCTTRANSLATIONENTITY><DESCRIPTION>Rations úva nanwen far aulëa lendë, sina ne nérë, iquëla yávë, tárië massë, ar quelë peróni.</DESCRIPTION><LANGUAGEID>fae-elf</LANGUAGEID><PRODUCTNAME>Rations</PRODUCTNAME><PRODUCTNUMBER>RATIONS</PRODUCTNUMBER></ECORESPRODUCTTRANSLATIONENTITY><ECORESPRODUCTTRANSLATIONENTITY><DESCRIPTION>Rations consist of dry foods suitable for extended travel, including jerky, dried fruit, hardtack, and nuts.</DESCRIPTION><LANGUAGEID>en-US</LANGUAGEID><PRODUCTNAME>Rations</PRODUCTNAME><PRODUCTNUMBER>Rations (Standard,Standard)</PRODUCTNUMBER></ECORESPRODUCTTRANSLATIONENTITY><ECORESPRODUCTTRANSLATIONENTITY><DESCRIPTION>Rations are made up of dried provisions fit for long journeys, such as salted meats, dried fruits, hard biscuits, and nuts.</DESCRIPTION><LANGUAGEID>fae-cm</LANGUAGEID><PRODUCTNAME>Rations</PRODUCTNAME><PRODUCTNUMBER>Rations (Standard,Standard)</PRODUCTNUMBER></ECORESPRODUCTTRANSLATIONENTITY><ECORESPRODUCTTRANSLATIONENTITY><DESCRIPTION>ᚱᚨᛏᛁᛟᚾᛋ ᛗᚨᛞᛖ ᛟᚠ ᛞᚱᛁᛖᛞ ᛈᚱᛟᚢᛁᛋᛁᛟᚾᛋ ᚠᛁᛏ ᚠᛟᚱ ᛚᛟᚾᚷ ᛃᛟᚢᚱᚾᛖᚣᛋ, ᛋᚢᚲᚻ ᚨᛋ ᛋᚨᛚᛏᛖᛞ ᛗᛖᚨᛏᛋ, ᛞᚱᛁᛖᛞ ᚠᚱᚢᛁᛏᛋ, ᚻᚨᚱᛞ ᛒᛁᛋᚲᚢᛁᛏᛋ, ᚨᚾᛞ ᚾᚢᛏᛋ.</DESCRIPTION><LANGUAGEID>fae-dwf</LANGUAGEID><PRODUCTNAME>ᚱᚨᛏᛁᛟᚾᛋ</PRODUCTNAME><PRODUCTNUMBER>Rations (Standard,Standard)</PRODUCTNUMBER></ECORESPRODUCTTRANSLATIONENTITY><ECORESPRODUCTTRANSLATIONENTITY><DESCRIPTION>Rations úva nanwen far aulëa lendë, sina ne nérë, iquëla yávë, tárië massë, ar quelë peróni.</DESCRIPTION><LANGUAGEID>fae-elf</LANGUAGEID><PRODUCTNAME>Rations</PRODUCTNAME><PRODUCTNUMBER>Rations (Standard,Standard)</PRODUCTNUMBER></ECORESPRODUCTTRANSLATIONENTITY><ECORESPRODUCTTRANSLATIONENTITY><DESCRIPTION>Rope, whether made of hemp or silk, has 2 hit points and can be burst with a DC 17 Strength check.</DESCRIPTION><LANGUAGEID>en-US</LANGUAGEID><PRODUCTNAME>Rope</PRODUCTNAME><PRODUCTNUMBER>ROPE</PRODUCTNUMBER></ECORESPRODUCTTRANSLATIONENTITY><ECORESPRODUCTTRANSLATIONENTITY><DESCRIPTION></DESCRIPTION><LANGUAGEID>en-US</LANGUAGEID><PRODUCTNAME>Rucksack</PRODUCTNAME><PRODUCTNUMBER>RUCKSACK</PRODUCTNUMBER></ECORESPRODUCTTRANSLATIONENTITY><ECORESPRODUCTTRANSLATIONENTITY><DESCRIPTION></DESCRIPTION><LANGUAGEID>en-US</LANGUAGEID><PRODUCTNAME>Sack</PRODUCTNAME><PRODUCTNUMBER>SACK</PRODUCTNUMBER></ECORESPRODUCTTRANSLATIONENTITY><ECORESPRODUCTTRANSLATIONENTITY><DESCRIPTION></DESCRIPTION><LANGUAGEID>en-US</LANGUAGEID><PRODUCTNAME>Scabbard</PRODUCTNAME><PRODUCTNUMBER>SCABBARD</PRODUCTNUMBER></ECORESPRODUCTTRANSLATIONENTITY><ECORESPRODUCTTRANSLATIONENTITY><DESCRIPTION></DESCRIPTION><LANGUAGEID>en-US</LANGUAGEID><PRODUCTNAME>Slug, Horned</PRODUCTNAME><PRODUCTNUMBER>SLUGHORNED</PRODUCTNUMBER></ECORESPRODUCTTRANSLATIONENTITY><ECORESPRODUCTTRANSLATIONENTITY><DESCRIPTION></DESCRIPTION><LANGUAGEID>en-US</LANGUAGEID><PRODUCTNAME>Snake Fang</PRODUCTNAME><PRODUCTNUMBER>SNAKEFANG</PRODUCTNUMBER></ECORESPRODUCTTRANSLATIONENTITY><ECORESPRODUCTTRANSLATIONENTITY><DESCRIPTION></DESCRIPTION><LANGUAGEID>en-US</LANGUAGEID><PRODUCTNAME>STRING</PRODUCTNAME><PRODUCTNUMBER>STRING</PRODUCTNUMBER></ECORESPRODUCTTRANSLATIONENTITY><ECORESPRODUCTTRANSLATIONENTITY><DESCRIPTION>THIN COTTON</DESCRIPTION><LANGUAGEID>en-US</LANGUAGEID><PRODUCTNAME>STRING</PRODUCTNAME><PRODUCTNUMBER>STRING,COTTON,THIN</PRODUCTNUMBER></ECORESPRODUCTTRANSLATIONENTITY><ECORESPRODUCTTRANSLATIONENTITY><DESCRIPTION></DESCRIPTION><LANGUAGEID>en-US</LANGUAGEID><PRODUCTNAME>Sword</PRODUCTNAME><PRODUCTNUMBER>SWORD</PRODUCTNUMBER></ECORESPRODUCTTRANSLATIONENTITY><ECORESPRODUCTTRANSLATIONENTITY><DESCRIPTION></DESCRIPTION><LANGUAGEID>en-US</LANGUAGEID><PRODUCTNAME>Tinder Box</PRODUCTNAME><PRODUCTNUMBER>TINDERBOX</PRODUCTNUMBER></ECORESPRODUCTTRANSLATIONENTITY><ECORESPRODUCTTRANSLATIONENTITY><DESCRIPTION></DESCRIPTION><LANGUAGEID>en-US</LANGUAGEID><PRODUCTNAME>Waterskin</PRODUCTNAME><PRODUCTNUMBER>WATERSKIN</PRODUCTNUMBER></ECORESPRODUCTTRANSLATIONENTITY></Document>