﻿<?xml version="1.0" encoding="utf-8"?><Document><ECORESPRODUCTATTRIBUTEENUMERATIONVALUETYPEV3ENTITY><ENUMERATIONNAME>DamageType</ENUMERATIONNAME><ENUMERATIONNAMEUNIQUEID>1</ENUMERATIONNAMEUNIQUEID><ENUMERATIONVALUE>Bludgeoning</ENUMERATIONVALUE></ECORESPRODUCTATTRIBUTEENUMERATIONVALUETYPEV3ENTITY><ECORESPRODUCTATTRIBUTEENUMERATIONVALUETYPEV3ENTITY><ENUMERATIONNAME>DamageType</ENUMERATIONNAME><ENUMERATIONNAMEUNIQUEID>2</ENUMERATIONNAMEUNIQUEID><ENUMERATIONVALUE>Piercing</ENUMERATIONVALUE></ECORESPRODUCTATTRIBUTEENUMERATIONVALUETYPEV3ENTITY><ECORESPRODUCTATTRIBUTEENUMERATIONVALUETYPEV3ENTITY><ENUMERATIONNAME>DamageType</ENUMERATIONNAME><ENUMERATIONNAMEUNIQUEID>3</ENUMERATIONNAMEUNIQUEID><ENUMERATIONVALUE>Slashing</ENUMERATIONVALUE></ECORESPRODUCTATTRIBUTEENUMERATIONVALUETYPEV3ENTITY><ECORESPRODUCTATTRIBUTEENUMERATIONVALUETYPEV3ENTITY><ENUMERATIONNAME>RollType</ENUMERATIONNAME><ENUMERATIONNAMEUNIQUEID>1</ENUMERATIONNAMEUNIQUEID><ENUMERATIONVALUE>1d4</ENUMERATIONVALUE></ECORESPRODUCTATTRIBUTEENUMERATIONVALUETYPEV3ENTITY><ECORESPRODUCTATTRIBUTEENUMERATIONVALUETYPEV3ENTITY><ENUMERATIONNAME>RollType</ENUMERATIONNAME><ENUMERATIONNAMEUNIQUEID>2</ENUMERATIONNAMEUNIQUEID><ENUMERATIONVALUE>1d6</ENUMERATIONVALUE></ECORESPRODUCTATTRIBUTEENUMERATIONVALUETYPEV3ENTITY><ECORESPRODUCTATTRIBUTEENUMERATIONVALUETYPEV3ENTITY><ENUMERATIONNAME>RollType</ENUMERATIONNAME><ENUMERATIONNAMEUNIQUEID>3</ENUMERATIONNAMEUNIQUEID><ENUMERATIONVALUE>1d8</ENUMERATIONVALUE></ECORESPRODUCTATTRIBUTEENUMERATIONVALUETYPEV3ENTITY><ECORESPRODUCTATTRIBUTEENUMERATIONVALUETYPEV3ENTITY><ENUMERATIONNAME>RollType</ENUMERATIONNAME><ENUMERATIONNAMEUNIQUEID>4</ENUMERATIONNAMEUNIQUEID><ENUMERATIONVALUE>1d10</ENUMERATIONVALUE></ECORESPRODUCTATTRIBUTEENUMERATIONVALUETYPEV3ENTITY><ECORESPRODUCTATTRIBUTEENUMERATIONVALUETYPEV3ENTITY><ENUMERATIONNAME>RollType</ENUMERATIONNAME><ENUMERATIONNAMEUNIQUEID>5</ENUMERATIONNAMEUNIQUEID><ENUMERATIONVALUE>1d20</ENUMERATIONVALUE></ECORESPRODUCTATTRIBUTEENUMERATIONVALUETYPEV3ENTITY><ECORESPRODUCTATTRIBUTEENUMERATIONVALUETYPEV3ENTITY><ENUMERATIONNAME>WeaponType</ENUMERATIONNAME><ENUMERATIONNAMEUNIQUEID>1</ENUMERATIONNAMEUNIQUEID><ENUMERATIONVALUE>Light</ENUMERATIONVALUE></ECORESPRODUCTATTRIBUTEENUMERATIONVALUETYPEV3ENTITY><ECORESPRODUCTATTRIBUTEENUMERATIONVALUETYPEV3ENTITY><ENUMERATIONNAME>WeaponType</ENUMERATIONNAME><ENUMERATIONNAMEUNIQUEID>2</ENUMERATIONNAMEUNIQUEID><ENUMERATIONVALUE>Two Handed</ENUMERATIONVALUE></ECORESPRODUCTATTRIBUTEENUMERATIONVALUETYPEV3ENTITY><ECORESPRODUCTATTRIBUTEENUMERATIONVALUETYPEV3ENTITY><ENUMERATIONNAME>WeaponType</ENUMERATIONNAME><ENUMERATIONNAMEUNIQUEID>3</ENUMERATIONNAMEUNIQUEID><ENUMERATIONVALUE>Thrown</ENUMERATIONVALUE></ECORESPRODUCTATTRIBUTEENUMERATIONVALUETYPEV3ENTITY><ECORESPRODUCTATTRIBUTEENUMERATIONVALUETYPEV3ENTITY><ENUMERATIONNAME>WeaponType</ENUMERATIONNAME><ENUMERATIONNAMEUNIQUEID>4</ENUMERATIONNAMEUNIQUEID><ENUMERATIONVALUE>Versatile</ENUMERATIONVALUE></ECORESPRODUCTATTRIBUTEENUMERATIONVALUETYPEV3ENTITY></Document>