﻿<?xml version="1.0" encoding="utf-8"?><Document><ECORESPRODUCTSTYLEGROUPENTITY><GROUPDESCRIPTION>Flavor</GROUPDESCRIPTION><GROUPID>FLAVOR</GROUPID></ECORESPRODUCTSTYLEGROUPENTITY><ECORESPRODUCTSTYLEGROUPENTITY><GROUPDESCRIPTION>Grain</GROUPDESCRIPTION><GROUPID>GRAIN</GROUPID></ECORESPRODUCTSTYLEGROUPENTITY><ECORESPRODUCTSTYLEGROUPENTITY><GROUPDESCRIPTION>Material</GROUPDESCRIPTION><GROUPID>MATERIAL</GROUPID></ECORESPRODUCTSTYLEGROUPENTITY><ECORESPRODUCTSTYLEGROUPENTITY><GROUPDESCRIPTION>Ration</GROUPDESCRIPTION><GROUPID>RATION</GROUPID></ECORESPRODUCTSTYLEGROUPENTITY><ECORESPRODUCTSTYLEGROUPENTITY><GROUPDESCRIPTION>Trade</GROUPDESCRIPTION><GROUPID>TRADE</GROUPID></ECORESPRODUCTSTYLEGROUPENTITY></Document>