﻿<?xml version="1.0" encoding="utf-8"?><Document><ECORESPRODUCTMASTERCOLORENTITY><DISPLAYSEQUENCENUMBER>0.000000</DISPLAYSEQUENCENUMBER><PRODUCTCOLORID>RED</PRODUCTCOLORID><PRODUCTMASTERNUMBER>CANDLE</PRODUCTMASTERNUMBER><REPLENISHMENTWEIGHT>0</REPLENISHMENTWEIGHT></ECORESPRODUCTMASTERCOLORENTITY><ECORESPRODUCTMASTERCOLORENTITY><DISPLAYSEQUENCENUMBER>0.000000</DISPLAYSEQUENCENUMBER><PRODUCTCOLORID>WHITE</PRODUCTCOLORID><PRODUCTMASTERNUMBER>CANDLE</PRODUCTMASTERNUMBER><REPLENISHMENTWEIGHT>0</REPLENISHMENTWEIGHT></ECORESPRODUCTMASTERCOLORENTITY></Document>