﻿<?xml version="1.0" encoding="utf-8"?><Document><ECORESPRODUCTV2ENTITY><AREIDENTICALCONFIGURATIONSALLOWED>No</AREIDENTICALCONFIGURATIONSALLOWED><ENGCHGPRODUCTCATEGORYDETAILSNAME></ENGCHGPRODUCTCATEGORYDETAILSNAME><ENGCHGPRODUCTOWNERID></ENGCHGPRODUCTOWNERID><ENGCHGPRODUCTREADINESSPOLICYNAME></ENGCHGPRODUCTREADINESSPOLICYNAME><ENGCHGPRODUCTRELEASEPOLICYNAME></ENGCHGPRODUCTRELEASEPOLICYNAME><HARMONIZEDSYSTEMCODE></HARMONIZEDSYSTEMCODE><ISAUTOMATICVARIANTGENERATIONENABLED>No</ISAUTOMATICVARIANTGENERATIONENABLED><ISCATCHWEIGHTPRODUCT>No</ISCATCHWEIGHTPRODUCT><ISPRODUCTKIT>No</ISPRODUCTKIT><ISPRODUCTVARIANTUNITCONVERSIONENABLED>No</ISPRODUCTVARIANTUNITCONVERSIONENABLED><NMFCCODE></NMFCCODE><PRODUCTCOLORGROUPID></PRODUCTCOLORGROUPID><PRODUCTDESCRIPTION></PRODUCTDESCRIPTION><PRODUCTDIMENSIONGROUPNAME>STYLE+SIZE</PRODUCTDIMENSIONGROUPNAME><PRODUCTNAME>Backpack</PRODUCTNAME><PRODUCTNUMBER>BACKPACK</PRODUCTNUMBER><PRODUCTSEARCHNAME>BACKPACK</PRODUCTSEARCHNAME><PRODUCTSIZEGROUPID></PRODUCTSIZEGROUPID><PRODUCTSTYLEGROUPID></PRODUCTSTYLEGROUPID><PRODUCTSUBTYPE>ProductMaster</PRODUCTSUBTYPE><PRODUCTTYPE>Item</PRODUCTTYPE><PRODUCTVARIANTNAMENOMENCLATURENAME></PRODUCTVARIANTNAMENOMENCLATURENAME><PRODUCTVARIANTNUMBERNOMENCLATURENAME></PRODUCTVARIANTNUMBERNOMENCLATURENAME><RETAILPRODUCTCATEGORYNAME>Storage Products</RETAILPRODUCTCATEGORYNAME><SERVICETYPE>NotSpecified</SERVICETYPE><STCCCODE></STCCCODE><STORAGEDIMENSIONGROUPNAME>LOCATION</STORAGEDIMENSIONGROUPNAME><TRACKINGDIMENSIONGROUPNAME>NONE</TRACKINGDIMENSIONGROUPNAME><VARIANTCONFIGURATIONTECHNOLOGY>PredefinedVariants</VARIANTCONFIGURATIONTECHNOLOGY><WARRANTYDURATIONTIME></WARRANTYDURATIONTIME><WARRANTYDURATIONTIMEUNIT></WARRANTYDURATIONTIMEUNIT></ECORESPRODUCTV2ENTITY><ECORESPRODUCTV2ENTITY><AREIDENTICALCONFIGURATIONSALLOWED></AREIDENTICALCONFIGURATIONSALLOWED><ENGCHGPRODUCTCATEGORYDETAILSNAME></ENGCHGPRODUCTCATEGORYDETAILSNAME><ENGCHGPRODUCTOWNERID></ENGCHGPRODUCTOWNERID><ENGCHGPRODUCTREADINESSPOLICYNAME></ENGCHGPRODUCTREADINESSPOLICYNAME><ENGCHGPRODUCTRELEASEPOLICYNAME></ENGCHGPRODUCTRELEASEPOLICYNAME><HARMONIZEDSYSTEMCODE></HARMONIZEDSYSTEMCODE><ISAUTOMATICVARIANTGENERATIONENABLED></ISAUTOMATICVARIANTGENERATIONENABLED><ISCATCHWEIGHTPRODUCT>No</ISCATCHWEIGHTPRODUCT><ISPRODUCTKIT>No</ISPRODUCTKIT><ISPRODUCTVARIANTUNITCONVERSIONENABLED></ISPRODUCTVARIANTUNITCONVERSIONENABLED><NMFCCODE></NMFCCODE><PRODUCTCOLORGROUPID></PRODUCTCOLORGROUPID><PRODUCTDESCRIPTION></PRODUCTDESCRIPTION><PRODUCTDIMENSIONGROUPNAME></PRODUCTDIMENSIONGROUPNAME><PRODUCTNAME>Backpack, Leather, Large</PRODUCTNAME><PRODUCTNUMBER>BACKPACK-LTH-LRG</PRODUCTNUMBER><PRODUCTSEARCHNAME>BACKPACKLEATHERLARGE</PRODUCTSEARCHNAME><PRODUCTSIZEGROUPID></PRODUCTSIZEGROUPID><PRODUCTSTYLEGROUPID></PRODUCTSTYLEGROUPID><PRODUCTSUBTYPE>Product</PRODUCTSUBTYPE><PRODUCTTYPE>Item</PRODUCTTYPE><PRODUCTVARIANTNAMENOMENCLATURENAME></PRODUCTVARIANTNAMENOMENCLATURENAME><PRODUCTVARIANTNUMBERNOMENCLATURENAME></PRODUCTVARIANTNUMBERNOMENCLATURENAME><RETAILPRODUCTCATEGORYNAME>Adventuring Gear</RETAILPRODUCTCATEGORYNAME><SERVICETYPE>NotSpecified</SERVICETYPE><STCCCODE></STCCCODE><STORAGEDIMENSIONGROUPNAME></STORAGEDIMENSIONGROUPNAME><TRACKINGDIMENSIONGROUPNAME></TRACKINGDIMENSIONGROUPNAME><VARIANTCONFIGURATIONTECHNOLOGY></VARIANTCONFIGURATIONTECHNOLOGY><WARRANTYDURATIONTIME></WARRANTYDURATIONTIME><WARRANTYDURATIONTIMEUNIT></WARRANTYDURATIONTIMEUNIT></ECORESPRODUCTV2ENTITY><ECORESPRODUCTV2ENTITY><AREIDENTICALCONFIGURATIONSALLOWED></AREIDENTICALCONFIGURATIONSALLOWED><ENGCHGPRODUCTCATEGORYDETAILSNAME></ENGCHGPRODUCTCATEGORYDETAILSNAME><ENGCHGPRODUCTOWNERID></ENGCHGPRODUCTOWNERID><ENGCHGPRODUCTREADINESSPOLICYNAME></ENGCHGPRODUCTREADINESSPOLICYNAME><ENGCHGPRODUCTRELEASEPOLICYNAME></ENGCHGPRODUCTRELEASEPOLICYNAME><HARMONIZEDSYSTEMCODE></HARMONIZEDSYSTEMCODE><ISAUTOMATICVARIANTGENERATIONENABLED></ISAUTOMATICVARIANTGENERATIONENABLED><ISCATCHWEIGHTPRODUCT>No</ISCATCHWEIGHTPRODUCT><ISPRODUCTKIT>No</ISPRODUCTKIT><ISPRODUCTVARIANTUNITCONVERSIONENABLED></ISPRODUCTVARIANTUNITCONVERSIONENABLED><NMFCCODE></NMFCCODE><PRODUCTCOLORGROUPID></PRODUCTCOLORGROUPID><PRODUCTDESCRIPTION></PRODUCTDESCRIPTION><PRODUCTDIMENSIONGROUPNAME></PRODUCTDIMENSIONGROUPNAME><PRODUCTNAME>Backpack, Wicker, Medium</PRODUCTNAME><PRODUCTNUMBER>BACKPACK-WKR-ED</PRODUCTNUMBER><PRODUCTSEARCHNAME>BackpackWickerMedium</PRODUCTSEARCHNAME><PRODUCTSIZEGROUPID></PRODUCTSIZEGROUPID><PRODUCTSTYLEGROUPID></PRODUCTSTYLEGROUPID><PRODUCTSUBTYPE>Product</PRODUCTSUBTYPE><PRODUCTTYPE>Item</PRODUCTTYPE><PRODUCTVARIANTNAMENOMENCLATURENAME></PRODUCTVARIANTNAMENOMENCLATURENAME><PRODUCTVARIANTNUMBERNOMENCLATURENAME></PRODUCTVARIANTNUMBERNOMENCLATURENAME><RETAILPRODUCTCATEGORYNAME></RETAILPRODUCTCATEGORYNAME><SERVICETYPE>NotSpecified</SERVICETYPE><STCCCODE></STCCCODE><STORAGEDIMENSIONGROUPNAME></STORAGEDIMENSIONGROUPNAME><TRACKINGDIMENSIONGROUPNAME></TRACKINGDIMENSIONGROUPNAME><VARIANTCONFIGURATIONTECHNOLOGY></VARIANTCONFIGURATIONTECHNOLOGY><WARRANTYDURATIONTIME></WARRANTYDURATIONTIME><WARRANTYDURATIONTIMEUNIT></WARRANTYDURATIONTIMEUNIT></ECORESPRODUCTV2ENTITY><ECORESPRODUCTV2ENTITY><AREIDENTICALCONFIGURATIONSALLOWED>No</AREIDENTICALCONFIGURATIONSALLOWED><ENGCHGPRODUCTCATEGORYDETAILSNAME></ENGCHGPRODUCTCATEGORYDETAILSNAME><ENGCHGPRODUCTOWNERID></ENGCHGPRODUCTOWNERID><ENGCHGPRODUCTREADINESSPOLICYNAME></ENGCHGPRODUCTREADINESSPOLICYNAME><ENGCHGPRODUCTRELEASEPOLICYNAME></ENGCHGPRODUCTRELEASEPOLICYNAME><HARMONIZEDSYSTEMCODE></HARMONIZEDSYSTEMCODE><ISAUTOMATICVARIANTGENERATIONENABLED>No</ISAUTOMATICVARIANTGENERATIONENABLED><ISCATCHWEIGHTPRODUCT>No</ISCATCHWEIGHTPRODUCT><ISPRODUCTKIT>No</ISPRODUCTKIT><ISPRODUCTVARIANTUNITCONVERSIONENABLED>No</ISPRODUCTVARIANTUNITCONVERSIONENABLED><NMFCCODE></NMFCCODE><PRODUCTCOLORGROUPID></PRODUCTCOLORGROUPID><PRODUCTDESCRIPTION></PRODUCTDESCRIPTION><PRODUCTDIMENSIONGROUPNAME>STYLE+SIZE</PRODUCTDIMENSIONGROUPNAME><PRODUCTNAME>Bag</PRODUCTNAME><PRODUCTNUMBER>BAG</PRODUCTNUMBER><PRODUCTSEARCHNAME>BAG</PRODUCTSEARCHNAME><PRODUCTSIZEGROUPID></PRODUCTSIZEGROUPID><PRODUCTSTYLEGROUPID></PRODUCTSTYLEGROUPID><PRODUCTSUBTYPE>ProductMaster</PRODUCTSUBTYPE><PRODUCTTYPE>Item</PRODUCTTYPE><PRODUCTVARIANTNAMENOMENCLATURENAME></PRODUCTVARIANTNAMENOMENCLATURENAME><PRODUCTVARIANTNUMBERNOMENCLATURENAME></PRODUCTVARIANTNUMBERNOMENCLATURENAME><RETAILPRODUCTCATEGORYNAME></RETAILPRODUCTCATEGORYNAME><SERVICETYPE>NotSpecified</SERVICETYPE><STCCCODE></STCCCODE><STORAGEDIMENSIONGROUPNAME></STORAGEDIMENSIONGROUPNAME><TRACKINGDIMENSIONGROUPNAME></TRACKINGDIMENSIONGROUPNAME><VARIANTCONFIGURATIONTECHNOLOGY>PredefinedVariants</VARIANTCONFIGURATIONTECHNOLOGY><WARRANTYDURATIONTIME></WARRANTYDURATIONTIME><WARRANTYDURATIONTIMEUNIT></WARRANTYDURATIONTIMEUNIT></ECORESPRODUCTV2ENTITY><ECORESPRODUCTV2ENTITY><AREIDENTICALCONFIGURATIONSALLOWED>No</AREIDENTICALCONFIGURATIONSALLOWED><ENGCHGPRODUCTCATEGORYDETAILSNAME></ENGCHGPRODUCTCATEGORYDETAILSNAME><ENGCHGPRODUCTOWNERID>Administrator</ENGCHGPRODUCTOWNERID><ENGCHGPRODUCTREADINESSPOLICYNAME></ENGCHGPRODUCTREADINESSPOLICYNAME><ENGCHGPRODUCTRELEASEPOLICYNAME></ENGCHGPRODUCTRELEASEPOLICYNAME><HARMONIZEDSYSTEMCODE></HARMONIZEDSYSTEMCODE><ISAUTOMATICVARIANTGENERATIONENABLED>No</ISAUTOMATICVARIANTGENERATIONENABLED><ISCATCHWEIGHTPRODUCT>No</ISCATCHWEIGHTPRODUCT><ISPRODUCTKIT>No</ISPRODUCTKIT><ISPRODUCTVARIANTUNITCONVERSIONENABLED>No</ISPRODUCTVARIANTUNITCONVERSIONENABLED><NMFCCODE></NMFCCODE><PRODUCTCOLORGROUPID></PRODUCTCOLORGROUPID><PRODUCTDESCRIPTION>Ball Bearing</PRODUCTDESCRIPTION><PRODUCTDIMENSIONGROUPNAME>STYLE+SIZE</PRODUCTDIMENSIONGROUPNAME><PRODUCTNAME>Ball Bearing</PRODUCTNAME><PRODUCTNUMBER>BALLBEARING</PRODUCTNUMBER><PRODUCTSEARCHNAME>BALLBEARING</PRODUCTSEARCHNAME><PRODUCTSIZEGROUPID>SIZE</PRODUCTSIZEGROUPID><PRODUCTSTYLEGROUPID>MATERIAL</PRODUCTSTYLEGROUPID><PRODUCTSUBTYPE>ProductMaster</PRODUCTSUBTYPE><PRODUCTTYPE>Item</PRODUCTTYPE><PRODUCTVARIANTNAMENOMENCLATURENAME></PRODUCTVARIANTNAMENOMENCLATURENAME><PRODUCTVARIANTNUMBERNOMENCLATURENAME></PRODUCTVARIANTNUMBERNOMENCLATURENAME><RETAILPRODUCTCATEGORYNAME></RETAILPRODUCTCATEGORYNAME><SERVICETYPE>NotSpecified</SERVICETYPE><STCCCODE></STCCCODE><STORAGEDIMENSIONGROUPNAME></STORAGEDIMENSIONGROUPNAME><TRACKINGDIMENSIONGROUPNAME></TRACKINGDIMENSIONGROUPNAME><VARIANTCONFIGURATIONTECHNOLOGY>PredefinedVariants</VARIANTCONFIGURATIONTECHNOLOGY><WARRANTYDURATIONTIME></WARRANTYDURATIONTIME><WARRANTYDURATIONTIMEUNIT></WARRANTYDURATIONTIMEUNIT></ECORESPRODUCTV2ENTITY><ECORESPRODUCTV2ENTITY><AREIDENTICALCONFIGURATIONSALLOWED>No</AREIDENTICALCONFIGURATIONSALLOWED><ENGCHGPRODUCTCATEGORYDETAILSNAME></ENGCHGPRODUCTCATEGORYDETAILSNAME><ENGCHGPRODUCTOWNERID></ENGCHGPRODUCTOWNERID><ENGCHGPRODUCTREADINESSPOLICYNAME></ENGCHGPRODUCTREADINESSPOLICYNAME><ENGCHGPRODUCTRELEASEPOLICYNAME></ENGCHGPRODUCTRELEASEPOLICYNAME><HARMONIZEDSYSTEMCODE></HARMONIZEDSYSTEMCODE><ISAUTOMATICVARIANTGENERATIONENABLED>No</ISAUTOMATICVARIANTGENERATIONENABLED><ISCATCHWEIGHTPRODUCT>No</ISCATCHWEIGHTPRODUCT><ISPRODUCTKIT>No</ISPRODUCTKIT><ISPRODUCTVARIANTUNITCONVERSIONENABLED>No</ISPRODUCTVARIANTUNITCONVERSIONENABLED><NMFCCODE></NMFCCODE><PRODUCTCOLORGROUPID></PRODUCTCOLORGROUPID><PRODUCTDESCRIPTION>A barrel can hold 40 gallons of liquid, or 4 cubic feet of solid material.</PRODUCTDESCRIPTION><PRODUCTDIMENSIONGROUPNAME>STYLE+SIZE</PRODUCTDIMENSIONGROUPNAME><PRODUCTNAME>Barrel</PRODUCTNAME><PRODUCTNUMBER>BARREL</PRODUCTNUMBER><PRODUCTSEARCHNAME>BARREL</PRODUCTSEARCHNAME><PRODUCTSIZEGROUPID></PRODUCTSIZEGROUPID><PRODUCTSTYLEGROUPID></PRODUCTSTYLEGROUPID><PRODUCTSUBTYPE>ProductMaster</PRODUCTSUBTYPE><PRODUCTTYPE>Item</PRODUCTTYPE><PRODUCTVARIANTNAMENOMENCLATURENAME></PRODUCTVARIANTNAMENOMENCLATURENAME><PRODUCTVARIANTNUMBERNOMENCLATURENAME></PRODUCTVARIANTNUMBERNOMENCLATURENAME><RETAILPRODUCTCATEGORYNAME>Storage Products</RETAILPRODUCTCATEGORYNAME><SERVICETYPE>NotSpecified</SERVICETYPE><STCCCODE></STCCCODE><STORAGEDIMENSIONGROUPNAME></STORAGEDIMENSIONGROUPNAME><TRACKINGDIMENSIONGROUPNAME></TRACKINGDIMENSIONGROUPNAME><VARIANTCONFIGURATIONTECHNOLOGY>PredefinedVariants</VARIANTCONFIGURATIONTECHNOLOGY><WARRANTYDURATIONTIME></WARRANTYDURATIONTIME><WARRANTYDURATIONTIMEUNIT></WARRANTYDURATIONTIMEUNIT></ECORESPRODUCTV2ENTITY><ECORESPRODUCTV2ENTITY><AREIDENTICALCONFIGURATIONSALLOWED>No</AREIDENTICALCONFIGURATIONSALLOWED><ENGCHGPRODUCTCATEGORYDETAILSNAME></ENGCHGPRODUCTCATEGORYDETAILSNAME><ENGCHGPRODUCTOWNERID></ENGCHGPRODUCTOWNERID><ENGCHGPRODUCTREADINESSPOLICYNAME></ENGCHGPRODUCTREADINESSPOLICYNAME><ENGCHGPRODUCTRELEASEPOLICYNAME></ENGCHGPRODUCTRELEASEPOLICYNAME><HARMONIZEDSYSTEMCODE></HARMONIZEDSYSTEMCODE><ISAUTOMATICVARIANTGENERATIONENABLED>No</ISAUTOMATICVARIANTGENERATIONENABLED><ISCATCHWEIGHTPRODUCT>No</ISCATCHWEIGHTPRODUCT><ISPRODUCTKIT>No</ISPRODUCTKIT><ISPRODUCTVARIANTUNITCONVERSIONENABLED>No</ISPRODUCTVARIANTUNITCONVERSIONENABLED><NMFCCODE></NMFCCODE><PRODUCTCOLORGROUPID></PRODUCTCOLORGROUPID><PRODUCTDESCRIPTION></PRODUCTDESCRIPTION><PRODUCTDIMENSIONGROUPNAME>STYLE+SIZE</PRODUCTDIMENSIONGROUPNAME><PRODUCTNAME>Basket</PRODUCTNAME><PRODUCTNUMBER>BASKET</PRODUCTNUMBER><PRODUCTSEARCHNAME>BASKET</PRODUCTSEARCHNAME><PRODUCTSIZEGROUPID></PRODUCTSIZEGROUPID><PRODUCTSTYLEGROUPID></PRODUCTSTYLEGROUPID><PRODUCTSUBTYPE>ProductMaster</PRODUCTSUBTYPE><PRODUCTTYPE>Item</PRODUCTTYPE><PRODUCTVARIANTNAMENOMENCLATURENAME></PRODUCTVARIANTNAMENOMENCLATURENAME><PRODUCTVARIANTNUMBERNOMENCLATURENAME></PRODUCTVARIANTNUMBERNOMENCLATURENAME><RETAILPRODUCTCATEGORYNAME></RETAILPRODUCTCATEGORYNAME><SERVICETYPE>NotSpecified</SERVICETYPE><STCCCODE></STCCCODE><STORAGEDIMENSIONGROUPNAME></STORAGEDIMENSIONGROUPNAME><TRACKINGDIMENSIONGROUPNAME></TRACKINGDIMENSIONGROUPNAME><VARIANTCONFIGURATIONTECHNOLOGY>PredefinedVariants</VARIANTCONFIGURATIONTECHNOLOGY><WARRANTYDURATIONTIME></WARRANTYDURATIONTIME><WARRANTYDURATIONTIMEUNIT></WARRANTYDURATIONTIMEUNIT></ECORESPRODUCTV2ENTITY><ECORESPRODUCTV2ENTITY><AREIDENTICALCONFIGURATIONSALLOWED>No</AREIDENTICALCONFIGURATIONSALLOWED><ENGCHGPRODUCTCATEGORYDETAILSNAME></ENGCHGPRODUCTCATEGORYDETAILSNAME><ENGCHGPRODUCTOWNERID>Administrator</ENGCHGPRODUCTOWNERID><ENGCHGPRODUCTREADINESSPOLICYNAME></ENGCHGPRODUCTREADINESSPOLICYNAME><ENGCHGPRODUCTRELEASEPOLICYNAME></ENGCHGPRODUCTRELEASEPOLICYNAME><HARMONIZEDSYSTEMCODE></HARMONIZEDSYSTEMCODE><ISAUTOMATICVARIANTGENERATIONENABLED>No</ISAUTOMATICVARIANTGENERATIONENABLED><ISCATCHWEIGHTPRODUCT>No</ISCATCHWEIGHTPRODUCT><ISPRODUCTKIT>No</ISPRODUCTKIT><ISPRODUCTVARIANTUNITCONVERSIONENABLED>No</ISPRODUCTVARIANTUNITCONVERSIONENABLED><NMFCCODE></NMFCCODE><PRODUCTCOLORGROUPID></PRODUCTCOLORGROUPID><PRODUCTDESCRIPTION></PRODUCTDESCRIPTION><PRODUCTDIMENSIONGROUPNAME>STYLE+SIZE</PRODUCTDIMENSIONGROUPNAME><PRODUCTNAME>Bell</PRODUCTNAME><PRODUCTNUMBER>BELL</PRODUCTNUMBER><PRODUCTSEARCHNAME>BELL</PRODUCTSEARCHNAME><PRODUCTSIZEGROUPID>SIZE</PRODUCTSIZEGROUPID><PRODUCTSTYLEGROUPID></PRODUCTSTYLEGROUPID><PRODUCTSUBTYPE>ProductMaster</PRODUCTSUBTYPE><PRODUCTTYPE>Item</PRODUCTTYPE><PRODUCTVARIANTNAMENOMENCLATURENAME>NAME, STYLE, SIZE</PRODUCTVARIANTNAMENOMENCLATURENAME><PRODUCTVARIANTNUMBERNOMENCLATURENAME></PRODUCTVARIANTNUMBERNOMENCLATURENAME><RETAILPRODUCTCATEGORYNAME>Adventuring Gear</RETAILPRODUCTCATEGORYNAME><SERVICETYPE>NotSpecified</SERVICETYPE><STCCCODE></STCCCODE><STORAGEDIMENSIONGROUPNAME></STORAGEDIMENSIONGROUPNAME><TRACKINGDIMENSIONGROUPNAME></TRACKINGDIMENSIONGROUPNAME><VARIANTCONFIGURATIONTECHNOLOGY>PredefinedVariants</VARIANTCONFIGURATIONTECHNOLOGY><WARRANTYDURATIONTIME></WARRANTYDURATIONTIME><WARRANTYDURATIONTIMEUNIT></WARRANTYDURATIONTIMEUNIT></ECORESPRODUCTV2ENTITY><ECORESPRODUCTV2ENTITY><AREIDENTICALCONFIGURATIONSALLOWED>No</AREIDENTICALCONFIGURATIONSALLOWED><ENGCHGPRODUCTCATEGORYDETAILSNAME></ENGCHGPRODUCTCATEGORYDETAILSNAME><ENGCHGPRODUCTOWNERID>Administrator</ENGCHGPRODUCTOWNERID><ENGCHGPRODUCTREADINESSPOLICYNAME></ENGCHGPRODUCTREADINESSPOLICYNAME><ENGCHGPRODUCTRELEASEPOLICYNAME></ENGCHGPRODUCTRELEASEPOLICYNAME><HARMONIZEDSYSTEMCODE></HARMONIZEDSYSTEMCODE><ISAUTOMATICVARIANTGENERATIONENABLED>No</ISAUTOMATICVARIANTGENERATIONENABLED><ISCATCHWEIGHTPRODUCT>No</ISCATCHWEIGHTPRODUCT><ISPRODUCTKIT>No</ISPRODUCTKIT><ISPRODUCTVARIANTUNITCONVERSIONENABLED>No</ISPRODUCTVARIANTUNITCONVERSIONENABLED><NMFCCODE></NMFCCODE><PRODUCTCOLORGROUPID></PRODUCTCOLORGROUPID><PRODUCTDESCRIPTION>Bottle</PRODUCTDESCRIPTION><PRODUCTDIMENSIONGROUPNAME>STYLE+SIZE</PRODUCTDIMENSIONGROUPNAME><PRODUCTNAME>Bottle</PRODUCTNAME><PRODUCTNUMBER>BOTTLE</PRODUCTNUMBER><PRODUCTSEARCHNAME>BOTTLE</PRODUCTSEARCHNAME><PRODUCTSIZEGROUPID></PRODUCTSIZEGROUPID><PRODUCTSTYLEGROUPID></PRODUCTSTYLEGROUPID><PRODUCTSUBTYPE>ProductMaster</PRODUCTSUBTYPE><PRODUCTTYPE>Item</PRODUCTTYPE><PRODUCTVARIANTNAMENOMENCLATURENAME></PRODUCTVARIANTNAMENOMENCLATURENAME><PRODUCTVARIANTNUMBERNOMENCLATURENAME></PRODUCTVARIANTNUMBERNOMENCLATURENAME><RETAILPRODUCTCATEGORYNAME></RETAILPRODUCTCATEGORYNAME><SERVICETYPE>NotSpecified</SERVICETYPE><STCCCODE></STCCCODE><STORAGEDIMENSIONGROUPNAME></STORAGEDIMENSIONGROUPNAME><TRACKINGDIMENSIONGROUPNAME></TRACKINGDIMENSIONGROUPNAME><VARIANTCONFIGURATIONTECHNOLOGY>PredefinedVariants</VARIANTCONFIGURATIONTECHNOLOGY><WARRANTYDURATIONTIME></WARRANTYDURATIONTIME><WARRANTYDURATIONTIMEUNIT></WARRANTYDURATIONTIMEUNIT></ECORESPRODUCTV2ENTITY><ECORESPRODUCTV2ENTITY><AREIDENTICALCONFIGURATIONSALLOWED>No</AREIDENTICALCONFIGURATIONSALLOWED><ENGCHGPRODUCTCATEGORYDETAILSNAME></ENGCHGPRODUCTCATEGORYDETAILSNAME><ENGCHGPRODUCTOWNERID></ENGCHGPRODUCTOWNERID><ENGCHGPRODUCTREADINESSPOLICYNAME></ENGCHGPRODUCTREADINESSPOLICYNAME><ENGCHGPRODUCTRELEASEPOLICYNAME></ENGCHGPRODUCTRELEASEPOLICYNAME><HARMONIZEDSYSTEMCODE></HARMONIZEDSYSTEMCODE><ISAUTOMATICVARIANTGENERATIONENABLED>No</ISAUTOMATICVARIANTGENERATIONENABLED><ISCATCHWEIGHTPRODUCT>No</ISCATCHWEIGHTPRODUCT><ISPRODUCTKIT>No</ISPRODUCTKIT><ISPRODUCTVARIANTUNITCONVERSIONENABLED>No</ISPRODUCTVARIANTUNITCONVERSIONENABLED><NMFCCODE></NMFCCODE><PRODUCTCOLORGROUPID></PRODUCTCOLORGROUPID><PRODUCTDESCRIPTION></PRODUCTDESCRIPTION><PRODUCTDIMENSIONGROUPNAME>STYLE+SIZE</PRODUCTDIMENSIONGROUPNAME><PRODUCTNAME>Box</PRODUCTNAME><PRODUCTNUMBER>BOX</PRODUCTNUMBER><PRODUCTSEARCHNAME>BOX</PRODUCTSEARCHNAME><PRODUCTSIZEGROUPID></PRODUCTSIZEGROUPID><PRODUCTSTYLEGROUPID></PRODUCTSTYLEGROUPID><PRODUCTSUBTYPE>ProductMaster</PRODUCTSUBTYPE><PRODUCTTYPE>Item</PRODUCTTYPE><PRODUCTVARIANTNAMENOMENCLATURENAME></PRODUCTVARIANTNAMENOMENCLATURENAME><PRODUCTVARIANTNUMBERNOMENCLATURENAME></PRODUCTVARIANTNUMBERNOMENCLATURENAME><RETAILPRODUCTCATEGORYNAME></RETAILPRODUCTCATEGORYNAME><SERVICETYPE>NotSpecified</SERVICETYPE><STCCCODE></STCCCODE><STORAGEDIMENSIONGROUPNAME></STORAGEDIMENSIONGROUPNAME><TRACKINGDIMENSIONGROUPNAME></TRACKINGDIMENSIONGROUPNAME><VARIANTCONFIGURATIONTECHNOLOGY>PredefinedVariants</VARIANTCONFIGURATIONTECHNOLOGY><WARRANTYDURATIONTIME></WARRANTYDURATIONTIME><WARRANTYDURATIONTIMEUNIT></WARRANTYDURATIONTIMEUNIT></ECORESPRODUCTV2ENTITY><ECORESPRODUCTV2ENTITY><AREIDENTICALCONFIGURATIONSALLOWED>No</AREIDENTICALCONFIGURATIONSALLOWED><ENGCHGPRODUCTCATEGORYDETAILSNAME></ENGCHGPRODUCTCATEGORYDETAILSNAME><ENGCHGPRODUCTOWNERID></ENGCHGPRODUCTOWNERID><ENGCHGPRODUCTREADINESSPOLICYNAME></ENGCHGPRODUCTREADINESSPOLICYNAME><ENGCHGPRODUCTRELEASEPOLICYNAME></ENGCHGPRODUCTRELEASEPOLICYNAME><HARMONIZEDSYSTEMCODE></HARMONIZEDSYSTEMCODE><ISAUTOMATICVARIANTGENERATIONENABLED>No</ISAUTOMATICVARIANTGENERATIONENABLED><ISCATCHWEIGHTPRODUCT>No</ISCATCHWEIGHTPRODUCT><ISPRODUCTKIT>No</ISPRODUCTKIT><ISPRODUCTVARIANTUNITCONVERSIONENABLED>No</ISPRODUCTVARIANTUNITCONVERSIONENABLED><NMFCCODE></NMFCCODE><PRODUCTCOLORGROUPID></PRODUCTCOLORGROUPID><PRODUCTDESCRIPTION></PRODUCTDESCRIPTION><PRODUCTDIMENSIONGROUPNAME>STYLE+SIZE</PRODUCTDIMENSIONGROUPNAME><PRODUCTNAME>Bucket</PRODUCTNAME><PRODUCTNUMBER>BUCKET</PRODUCTNUMBER><PRODUCTSEARCHNAME>BUCKET</PRODUCTSEARCHNAME><PRODUCTSIZEGROUPID></PRODUCTSIZEGROUPID><PRODUCTSTYLEGROUPID></PRODUCTSTYLEGROUPID><PRODUCTSUBTYPE>ProductMaster</PRODUCTSUBTYPE><PRODUCTTYPE>Item</PRODUCTTYPE><PRODUCTVARIANTNAMENOMENCLATURENAME></PRODUCTVARIANTNAMENOMENCLATURENAME><PRODUCTVARIANTNUMBERNOMENCLATURENAME></PRODUCTVARIANTNUMBERNOMENCLATURENAME><RETAILPRODUCTCATEGORYNAME></RETAILPRODUCTCATEGORYNAME><SERVICETYPE>NotSpecified</SERVICETYPE><STCCCODE></STCCCODE><STORAGEDIMENSIONGROUPNAME></STORAGEDIMENSIONGROUPNAME><TRACKINGDIMENSIONGROUPNAME></TRACKINGDIMENSIONGROUPNAME><VARIANTCONFIGURATIONTECHNOLOGY>PredefinedVariants</VARIANTCONFIGURATIONTECHNOLOGY><WARRANTYDURATIONTIME></WARRANTYDURATIONTIME><WARRANTYDURATIONTIMEUNIT></WARRANTYDURATIONTIMEUNIT></ECORESPRODUCTV2ENTITY><ECORESPRODUCTV2ENTITY><AREIDENTICALCONFIGURATIONSALLOWED>No</AREIDENTICALCONFIGURATIONSALLOWED><ENGCHGPRODUCTCATEGORYDETAILSNAME></ENGCHGPRODUCTCATEGORYDETAILSNAME><ENGCHGPRODUCTOWNERID></ENGCHGPRODUCTOWNERID><ENGCHGPRODUCTREADINESSPOLICYNAME></ENGCHGPRODUCTREADINESSPOLICYNAME><ENGCHGPRODUCTRELEASEPOLICYNAME></ENGCHGPRODUCTRELEASEPOLICYNAME><HARMONIZEDSYSTEMCODE></HARMONIZEDSYSTEMCODE><ISAUTOMATICVARIANTGENERATIONENABLED>No</ISAUTOMATICVARIANTGENERATIONENABLED><ISCATCHWEIGHTPRODUCT>No</ISCATCHWEIGHTPRODUCT><ISPRODUCTKIT>No</ISPRODUCTKIT><ISPRODUCTVARIANTUNITCONVERSIONENABLED>No</ISPRODUCTVARIANTUNITCONVERSIONENABLED><NMFCCODE></NMFCCODE><PRODUCTCOLORGROUPID></PRODUCTCOLORGROUPID><PRODUCTDESCRIPTION></PRODUCTDESCRIPTION><PRODUCTDIMENSIONGROUPNAME>STYLE+SIZE</PRODUCTDIMENSIONGROUPNAME><PRODUCTNAME>Burglar Pack</PRODUCTNAME><PRODUCTNUMBER>BURGLARPACK</PRODUCTNUMBER><PRODUCTSEARCHNAME>BURGLARPACK</PRODUCTSEARCHNAME><PRODUCTSIZEGROUPID>SIZE</PRODUCTSIZEGROUPID><PRODUCTSTYLEGROUPID>MATERIAL</PRODUCTSTYLEGROUPID><PRODUCTSUBTYPE>ProductMaster</PRODUCTSUBTYPE><PRODUCTTYPE>Item</PRODUCTTYPE><PRODUCTVARIANTNAMENOMENCLATURENAME></PRODUCTVARIANTNAMENOMENCLATURENAME><PRODUCTVARIANTNUMBERNOMENCLATURENAME></PRODUCTVARIANTNUMBERNOMENCLATURENAME><RETAILPRODUCTCATEGORYNAME></RETAILPRODUCTCATEGORYNAME><SERVICETYPE>NotSpecified</SERVICETYPE><STCCCODE></STCCCODE><STORAGEDIMENSIONGROUPNAME></STORAGEDIMENSIONGROUPNAME><TRACKINGDIMENSIONGROUPNAME></TRACKINGDIMENSIONGROUPNAME><VARIANTCONFIGURATIONTECHNOLOGY>PredefinedVariants</VARIANTCONFIGURATIONTECHNOLOGY><WARRANTYDURATIONTIME></WARRANTYDURATIONTIME><WARRANTYDURATIONTIMEUNIT></WARRANTYDURATIONTIMEUNIT></ECORESPRODUCTV2ENTITY><ECORESPRODUCTV2ENTITY><AREIDENTICALCONFIGURATIONSALLOWED>No</AREIDENTICALCONFIGURATIONSALLOWED><ENGCHGPRODUCTCATEGORYDETAILSNAME></ENGCHGPRODUCTCATEGORYDETAILSNAME><ENGCHGPRODUCTOWNERID></ENGCHGPRODUCTOWNERID><ENGCHGPRODUCTREADINESSPOLICYNAME></ENGCHGPRODUCTREADINESSPOLICYNAME><ENGCHGPRODUCTRELEASEPOLICYNAME></ENGCHGPRODUCTRELEASEPOLICYNAME><HARMONIZEDSYSTEMCODE></HARMONIZEDSYSTEMCODE><ISAUTOMATICVARIANTGENERATIONENABLED>No</ISAUTOMATICVARIANTGENERATIONENABLED><ISCATCHWEIGHTPRODUCT>No</ISCATCHWEIGHTPRODUCT><ISPRODUCTKIT>No</ISPRODUCTKIT><ISPRODUCTVARIANTUNITCONVERSIONENABLED>No</ISPRODUCTVARIANTUNITCONVERSIONENABLED><NMFCCODE></NMFCCODE><PRODUCTCOLORGROUPID>COLOR</PRODUCTCOLORGROUPID><PRODUCTDESCRIPTION></PRODUCTDESCRIPTION><PRODUCTDIMENSIONGROUPNAME>STY+COL+SZ</PRODUCTDIMENSIONGROUPNAME><PRODUCTNAME>Candle</PRODUCTNAME><PRODUCTNUMBER>CANDLE</PRODUCTNUMBER><PRODUCTSEARCHNAME>CANDLE</PRODUCTSEARCHNAME><PRODUCTSIZEGROUPID>SIZE</PRODUCTSIZEGROUPID><PRODUCTSTYLEGROUPID></PRODUCTSTYLEGROUPID><PRODUCTSUBTYPE>ProductMaster</PRODUCTSUBTYPE><PRODUCTTYPE>Item</PRODUCTTYPE><PRODUCTVARIANTNAMENOMENCLATURENAME>NAME, STYLE, COLOR, SIZE</PRODUCTVARIANTNAMENOMENCLATURENAME><PRODUCTVARIANTNUMBERNOMENCLATURENAME></PRODUCTVARIANTNUMBERNOMENCLATURENAME><RETAILPRODUCTCATEGORYNAME></RETAILPRODUCTCATEGORYNAME><SERVICETYPE>NotSpecified</SERVICETYPE><STCCCODE></STCCCODE><STORAGEDIMENSIONGROUPNAME>WM</STORAGEDIMENSIONGROUPNAME><TRACKINGDIMENSIONGROUPNAME>NONE</TRACKINGDIMENSIONGROUPNAME><VARIANTCONFIGURATIONTECHNOLOGY>PredefinedVariants</VARIANTCONFIGURATIONTECHNOLOGY><WARRANTYDURATIONTIME></WARRANTYDURATIONTIME><WARRANTYDURATIONTIMEUNIT></WARRANTYDURATIONTIMEUNIT></ECORESPRODUCTV2ENTITY><ECORESPRODUCTV2ENTITY><AREIDENTICALCONFIGURATIONSALLOWED>No</AREIDENTICALCONFIGURATIONSALLOWED><ENGCHGPRODUCTCATEGORYDETAILSNAME></ENGCHGPRODUCTCATEGORYDETAILSNAME><ENGCHGPRODUCTOWNERID></ENGCHGPRODUCTOWNERID><ENGCHGPRODUCTREADINESSPOLICYNAME></ENGCHGPRODUCTREADINESSPOLICYNAME><ENGCHGPRODUCTRELEASEPOLICYNAME></ENGCHGPRODUCTRELEASEPOLICYNAME><HARMONIZEDSYSTEMCODE></HARMONIZEDSYSTEMCODE><ISAUTOMATICVARIANTGENERATIONENABLED>No</ISAUTOMATICVARIANTGENERATIONENABLED><ISCATCHWEIGHTPRODUCT>No</ISCATCHWEIGHTPRODUCT><ISPRODUCTKIT>No</ISPRODUCTKIT><ISPRODUCTVARIANTUNITCONVERSIONENABLED>No</ISPRODUCTVARIANTUNITCONVERSIONENABLED><NMFCCODE></NMFCCODE><PRODUCTCOLORGROUPID></PRODUCTCOLORGROUPID><PRODUCTDESCRIPTION></PRODUCTDESCRIPTION><PRODUCTDIMENSIONGROUPNAME>STYLE+SIZE</PRODUCTDIMENSIONGROUPNAME><PRODUCTNAME>Cask</PRODUCTNAME><PRODUCTNUMBER>CASK</PRODUCTNUMBER><PRODUCTSEARCHNAME>CASK</PRODUCTSEARCHNAME><PRODUCTSIZEGROUPID></PRODUCTSIZEGROUPID><PRODUCTSTYLEGROUPID></PRODUCTSTYLEGROUPID><PRODUCTSUBTYPE>ProductMaster</PRODUCTSUBTYPE><PRODUCTTYPE>Item</PRODUCTTYPE><PRODUCTVARIANTNAMENOMENCLATURENAME></PRODUCTVARIANTNAMENOMENCLATURENAME><PRODUCTVARIANTNUMBERNOMENCLATURENAME></PRODUCTVARIANTNUMBERNOMENCLATURENAME><RETAILPRODUCTCATEGORYNAME></RETAILPRODUCTCATEGORYNAME><SERVICETYPE>NotSpecified</SERVICETYPE><STCCCODE></STCCCODE><STORAGEDIMENSIONGROUPNAME></STORAGEDIMENSIONGROUPNAME><TRACKINGDIMENSIONGROUPNAME></TRACKINGDIMENSIONGROUPNAME><VARIANTCONFIGURATIONTECHNOLOGY>PredefinedVariants</VARIANTCONFIGURATIONTECHNOLOGY><WARRANTYDURATIONTIME></WARRANTYDURATIONTIME><WARRANTYDURATIONTIMEUNIT></WARRANTYDURATIONTIMEUNIT></ECORESPRODUCTV2ENTITY><ECORESPRODUCTV2ENTITY><AREIDENTICALCONFIGURATIONSALLOWED>No</AREIDENTICALCONFIGURATIONSALLOWED><ENGCHGPRODUCTCATEGORYDETAILSNAME></ENGCHGPRODUCTCATEGORYDETAILSNAME><ENGCHGPRODUCTOWNERID></ENGCHGPRODUCTOWNERID><ENGCHGPRODUCTREADINESSPOLICYNAME></ENGCHGPRODUCTREADINESSPOLICYNAME><ENGCHGPRODUCTRELEASEPOLICYNAME></ENGCHGPRODUCTRELEASEPOLICYNAME><HARMONIZEDSYSTEMCODE></HARMONIZEDSYSTEMCODE><ISAUTOMATICVARIANTGENERATIONENABLED>No</ISAUTOMATICVARIANTGENERATIONENABLED><ISCATCHWEIGHTPRODUCT>No</ISCATCHWEIGHTPRODUCT><ISPRODUCTKIT>No</ISPRODUCTKIT><ISPRODUCTVARIANTUNITCONVERSIONENABLED>No</ISPRODUCTVARIANTUNITCONVERSIONENABLED><NMFCCODE></NMFCCODE><PRODUCTCOLORGROUPID></PRODUCTCOLORGROUPID><PRODUCTDESCRIPTION></PRODUCTDESCRIPTION><PRODUCTDIMENSIONGROUPNAME>SIZE</PRODUCTDIMENSIONGROUPNAME><PRODUCTNAME>Crowbar</PRODUCTNAME><PRODUCTNUMBER>CROWBAR</PRODUCTNUMBER><PRODUCTSEARCHNAME>CROWBAR</PRODUCTSEARCHNAME><PRODUCTSIZEGROUPID>SIZE</PRODUCTSIZEGROUPID><PRODUCTSTYLEGROUPID></PRODUCTSTYLEGROUPID><PRODUCTSUBTYPE>ProductMaster</PRODUCTSUBTYPE><PRODUCTTYPE>Item</PRODUCTTYPE><PRODUCTVARIANTNAMENOMENCLATURENAME></PRODUCTVARIANTNAMENOMENCLATURENAME><PRODUCTVARIANTNUMBERNOMENCLATURENAME></PRODUCTVARIANTNUMBERNOMENCLATURENAME><RETAILPRODUCTCATEGORYNAME></RETAILPRODUCTCATEGORYNAME><SERVICETYPE>NotSpecified</SERVICETYPE><STCCCODE></STCCCODE><STORAGEDIMENSIONGROUPNAME>WM</STORAGEDIMENSIONGROUPNAME><TRACKINGDIMENSIONGROUPNAME>NONE</TRACKINGDIMENSIONGROUPNAME><VARIANTCONFIGURATIONTECHNOLOGY>PredefinedVariants</VARIANTCONFIGURATIONTECHNOLOGY><WARRANTYDURATIONTIME></WARRANTYDURATIONTIME><WARRANTYDURATIONTIMEUNIT></WARRANTYDURATIONTIMEUNIT></ECORESPRODUCTV2ENTITY><ECORESPRODUCTV2ENTITY><AREIDENTICALCONFIGURATIONSALLOWED>No</AREIDENTICALCONFIGURATIONSALLOWED><ENGCHGPRODUCTCATEGORYDETAILSNAME></ENGCHGPRODUCTCATEGORYDETAILSNAME><ENGCHGPRODUCTOWNERID>Administrator</ENGCHGPRODUCTOWNERID><ENGCHGPRODUCTREADINESSPOLICYNAME></ENGCHGPRODUCTREADINESSPOLICYNAME><ENGCHGPRODUCTRELEASEPOLICYNAME></ENGCHGPRODUCTRELEASEPOLICYNAME><HARMONIZEDSYSTEMCODE></HARMONIZEDSYSTEMCODE><ISAUTOMATICVARIANTGENERATIONENABLED>No</ISAUTOMATICVARIANTGENERATIONENABLED><ISCATCHWEIGHTPRODUCT>No</ISCATCHWEIGHTPRODUCT><ISPRODUCTKIT>No</ISPRODUCTKIT><ISPRODUCTVARIANTUNITCONVERSIONENABLED>No</ISPRODUCTVARIANTUNITCONVERSIONENABLED><NMFCCODE></NMFCCODE><PRODUCTCOLORGROUPID></PRODUCTCOLORGROUPID><PRODUCTDESCRIPTION>Equipment Pack</PRODUCTDESCRIPTION><PRODUCTDIMENSIONGROUPNAME>STYLE+SIZE</PRODUCTDIMENSIONGROUPNAME><PRODUCTNAME>Equipment Pack</PRODUCTNAME><PRODUCTNUMBER>EQUIPMENTPACK</PRODUCTNUMBER><PRODUCTSEARCHNAME>EQUIPMENTPACK</PRODUCTSEARCHNAME><PRODUCTSIZEGROUPID>SIZE</PRODUCTSIZEGROUPID><PRODUCTSTYLEGROUPID>TRADE</PRODUCTSTYLEGROUPID><PRODUCTSUBTYPE>ProductMaster</PRODUCTSUBTYPE><PRODUCTTYPE>Item</PRODUCTTYPE><PRODUCTVARIANTNAMENOMENCLATURENAME>NAME, STYLE, SIZE</PRODUCTVARIANTNAMENOMENCLATURENAME><PRODUCTVARIANTNUMBERNOMENCLATURENAME></PRODUCTVARIANTNUMBERNOMENCLATURENAME><RETAILPRODUCTCATEGORYNAME>Adventuring Gear</RETAILPRODUCTCATEGORYNAME><SERVICETYPE>NotSpecified</SERVICETYPE><STCCCODE></STCCCODE><STORAGEDIMENSIONGROUPNAME>LOCATION</STORAGEDIMENSIONGROUPNAME><TRACKINGDIMENSIONGROUPNAME>NONE</TRACKINGDIMENSIONGROUPNAME><VARIANTCONFIGURATIONTECHNOLOGY>PredefinedVariants</VARIANTCONFIGURATIONTECHNOLOGY><WARRANTYDURATIONTIME></WARRANTYDURATIONTIME><WARRANTYDURATIONTIMEUNIT></WARRANTYDURATIONTIMEUNIT></ECORESPRODUCTV2ENTITY><ECORESPRODUCTV2ENTITY><AREIDENTICALCONFIGURATIONSALLOWED>No</AREIDENTICALCONFIGURATIONSALLOWED><ENGCHGPRODUCTCATEGORYDETAILSNAME></ENGCHGPRODUCTCATEGORYDETAILSNAME><ENGCHGPRODUCTOWNERID></ENGCHGPRODUCTOWNERID><ENGCHGPRODUCTREADINESSPOLICYNAME></ENGCHGPRODUCTREADINESSPOLICYNAME><ENGCHGPRODUCTRELEASEPOLICYNAME></ENGCHGPRODUCTRELEASEPOLICYNAME><HARMONIZEDSYSTEMCODE></HARMONIZEDSYSTEMCODE><ISAUTOMATICVARIANTGENERATIONENABLED>No</ISAUTOMATICVARIANTGENERATIONENABLED><ISCATCHWEIGHTPRODUCT>No</ISCATCHWEIGHTPRODUCT><ISPRODUCTKIT>No</ISPRODUCTKIT><ISPRODUCTVARIANTUNITCONVERSIONENABLED>Yes</ISPRODUCTVARIANTUNITCONVERSIONENABLED><NMFCCODE></NMFCCODE><PRODUCTCOLORGROUPID></PRODUCTCOLORGROUPID><PRODUCTDESCRIPTION></PRODUCTDESCRIPTION><PRODUCTDIMENSIONGROUPNAME>STYLE+SIZE</PRODUCTDIMENSIONGROUPNAME><PRODUCTNAME>Hammer</PRODUCTNAME><PRODUCTNUMBER>HAMMER</PRODUCTNUMBER><PRODUCTSEARCHNAME>HAMMER</PRODUCTSEARCHNAME><PRODUCTSIZEGROUPID>SIZE</PRODUCTSIZEGROUPID><PRODUCTSTYLEGROUPID>MATERIAL</PRODUCTSTYLEGROUPID><PRODUCTSUBTYPE>ProductMaster</PRODUCTSUBTYPE><PRODUCTTYPE>Item</PRODUCTTYPE><PRODUCTVARIANTNAMENOMENCLATURENAME>NAME, STYLE, SIZE</PRODUCTVARIANTNAMENOMENCLATURENAME><PRODUCTVARIANTNUMBERNOMENCLATURENAME>NUMBER-STYLE-SIZE</PRODUCTVARIANTNUMBERNOMENCLATURENAME><RETAILPRODUCTCATEGORYNAME></RETAILPRODUCTCATEGORYNAME><SERVICETYPE>NotSpecified</SERVICETYPE><STCCCODE></STCCCODE><STORAGEDIMENSIONGROUPNAME>WM</STORAGEDIMENSIONGROUPNAME><TRACKINGDIMENSIONGROUPNAME>NONE</TRACKINGDIMENSIONGROUPNAME><VARIANTCONFIGURATIONTECHNOLOGY>PredefinedVariants</VARIANTCONFIGURATIONTECHNOLOGY><WARRANTYDURATIONTIME></WARRANTYDURATIONTIME><WARRANTYDURATIONTIMEUNIT></WARRANTYDURATIONTIMEUNIT></ECORESPRODUCTV2ENTITY><ECORESPRODUCTV2ENTITY><AREIDENTICALCONFIGURATIONSALLOWED>No</AREIDENTICALCONFIGURATIONSALLOWED><ENGCHGPRODUCTCATEGORYDETAILSNAME></ENGCHGPRODUCTCATEGORYDETAILSNAME><ENGCHGPRODUCTOWNERID></ENGCHGPRODUCTOWNERID><ENGCHGPRODUCTREADINESSPOLICYNAME></ENGCHGPRODUCTREADINESSPOLICYNAME><ENGCHGPRODUCTRELEASEPOLICYNAME></ENGCHGPRODUCTRELEASEPOLICYNAME><HARMONIZEDSYSTEMCODE></HARMONIZEDSYSTEMCODE><ISAUTOMATICVARIANTGENERATIONENABLED>No</ISAUTOMATICVARIANTGENERATIONENABLED><ISCATCHWEIGHTPRODUCT>No</ISCATCHWEIGHTPRODUCT><ISPRODUCTKIT>No</ISPRODUCTKIT><ISPRODUCTVARIANTUNITCONVERSIONENABLED>No</ISPRODUCTVARIANTUNITCONVERSIONENABLED><NMFCCODE></NMFCCODE><PRODUCTCOLORGROUPID></PRODUCTCOLORGROUPID><PRODUCTDESCRIPTION></PRODUCTDESCRIPTION><PRODUCTDIMENSIONGROUPNAME>STYLE+SIZE</PRODUCTDIMENSIONGROUPNAME><PRODUCTNAME>Jars</PRODUCTNAME><PRODUCTNUMBER>JAR</PRODUCTNUMBER><PRODUCTSEARCHNAME>JAR</PRODUCTSEARCHNAME><PRODUCTSIZEGROUPID></PRODUCTSIZEGROUPID><PRODUCTSTYLEGROUPID></PRODUCTSTYLEGROUPID><PRODUCTSUBTYPE>ProductMaster</PRODUCTSUBTYPE><PRODUCTTYPE>Item</PRODUCTTYPE><PRODUCTVARIANTNAMENOMENCLATURENAME></PRODUCTVARIANTNAMENOMENCLATURENAME><PRODUCTVARIANTNUMBERNOMENCLATURENAME></PRODUCTVARIANTNUMBERNOMENCLATURENAME><RETAILPRODUCTCATEGORYNAME></RETAILPRODUCTCATEGORYNAME><SERVICETYPE>NotSpecified</SERVICETYPE><STCCCODE></STCCCODE><STORAGEDIMENSIONGROUPNAME></STORAGEDIMENSIONGROUPNAME><TRACKINGDIMENSIONGROUPNAME></TRACKINGDIMENSIONGROUPNAME><VARIANTCONFIGURATIONTECHNOLOGY>PredefinedVariants</VARIANTCONFIGURATIONTECHNOLOGY><WARRANTYDURATIONTIME></WARRANTYDURATIONTIME><WARRANTYDURATIONTIMEUNIT></WARRANTYDURATIONTIMEUNIT></ECORESPRODUCTV2ENTITY><ECORESPRODUCTV2ENTITY><AREIDENTICALCONFIGURATIONSALLOWED>No</AREIDENTICALCONFIGURATIONSALLOWED><ENGCHGPRODUCTCATEGORYDETAILSNAME></ENGCHGPRODUCTCATEGORYDETAILSNAME><ENGCHGPRODUCTOWNERID></ENGCHGPRODUCTOWNERID><ENGCHGPRODUCTREADINESSPOLICYNAME></ENGCHGPRODUCTREADINESSPOLICYNAME><ENGCHGPRODUCTRELEASEPOLICYNAME></ENGCHGPRODUCTRELEASEPOLICYNAME><HARMONIZEDSYSTEMCODE></HARMONIZEDSYSTEMCODE><ISAUTOMATICVARIANTGENERATIONENABLED>No</ISAUTOMATICVARIANTGENERATIONENABLED><ISCATCHWEIGHTPRODUCT>No</ISCATCHWEIGHTPRODUCT><ISPRODUCTKIT>No</ISPRODUCTKIT><ISPRODUCTVARIANTUNITCONVERSIONENABLED>No</ISPRODUCTVARIANTUNITCONVERSIONENABLED><NMFCCODE></NMFCCODE><PRODUCTCOLORGROUPID></PRODUCTCOLORGROUPID><PRODUCTDESCRIPTION></PRODUCTDESCRIPTION><PRODUCTDIMENSIONGROUPNAME>STYLE+SIZE</PRODUCTDIMENSIONGROUPNAME><PRODUCTNAME>Jug</PRODUCTNAME><PRODUCTNUMBER>JUG</PRODUCTNUMBER><PRODUCTSEARCHNAME>JUG</PRODUCTSEARCHNAME><PRODUCTSIZEGROUPID></PRODUCTSIZEGROUPID><PRODUCTSTYLEGROUPID></PRODUCTSTYLEGROUPID><PRODUCTSUBTYPE>ProductMaster</PRODUCTSUBTYPE><PRODUCTTYPE>Item</PRODUCTTYPE><PRODUCTVARIANTNAMENOMENCLATURENAME></PRODUCTVARIANTNAMENOMENCLATURENAME><PRODUCTVARIANTNUMBERNOMENCLATURENAME></PRODUCTVARIANTNUMBERNOMENCLATURENAME><RETAILPRODUCTCATEGORYNAME></RETAILPRODUCTCATEGORYNAME><SERVICETYPE>NotSpecified</SERVICETYPE><STCCCODE></STCCCODE><STORAGEDIMENSIONGROUPNAME></STORAGEDIMENSIONGROUPNAME><TRACKINGDIMENSIONGROUPNAME></TRACKINGDIMENSIONGROUPNAME><VARIANTCONFIGURATIONTECHNOLOGY>PredefinedVariants</VARIANTCONFIGURATIONTECHNOLOGY><WARRANTYDURATIONTIME></WARRANTYDURATIONTIME><WARRANTYDURATIONTIMEUNIT></WARRANTYDURATIONTIMEUNIT></ECORESPRODUCTV2ENTITY><ECORESPRODUCTV2ENTITY><AREIDENTICALCONFIGURATIONSALLOWED>No</AREIDENTICALCONFIGURATIONSALLOWED><ENGCHGPRODUCTCATEGORYDETAILSNAME></ENGCHGPRODUCTCATEGORYDETAILSNAME><ENGCHGPRODUCTOWNERID></ENGCHGPRODUCTOWNERID><ENGCHGPRODUCTREADINESSPOLICYNAME></ENGCHGPRODUCTREADINESSPOLICYNAME><ENGCHGPRODUCTRELEASEPOLICYNAME></ENGCHGPRODUCTRELEASEPOLICYNAME><HARMONIZEDSYSTEMCODE></HARMONIZEDSYSTEMCODE><ISAUTOMATICVARIANTGENERATIONENABLED>No</ISAUTOMATICVARIANTGENERATIONENABLED><ISCATCHWEIGHTPRODUCT>No</ISCATCHWEIGHTPRODUCT><ISPRODUCTKIT>No</ISPRODUCTKIT><ISPRODUCTVARIANTUNITCONVERSIONENABLED>No</ISPRODUCTVARIANTUNITCONVERSIONENABLED><NMFCCODE></NMFCCODE><PRODUCTCOLORGROUPID></PRODUCTCOLORGROUPID><PRODUCTDESCRIPTION></PRODUCTDESCRIPTION><PRODUCTDIMENSIONGROUPNAME>STYLE+SIZE</PRODUCTDIMENSIONGROUPNAME><PRODUCTNAME>Keg</PRODUCTNAME><PRODUCTNUMBER>KEG</PRODUCTNUMBER><PRODUCTSEARCHNAME>KEG</PRODUCTSEARCHNAME><PRODUCTSIZEGROUPID></PRODUCTSIZEGROUPID><PRODUCTSTYLEGROUPID></PRODUCTSTYLEGROUPID><PRODUCTSUBTYPE>ProductMaster</PRODUCTSUBTYPE><PRODUCTTYPE>Item</PRODUCTTYPE><PRODUCTVARIANTNAMENOMENCLATURENAME></PRODUCTVARIANTNAMENOMENCLATURENAME><PRODUCTVARIANTNUMBERNOMENCLATURENAME></PRODUCTVARIANTNUMBERNOMENCLATURENAME><RETAILPRODUCTCATEGORYNAME></RETAILPRODUCTCATEGORYNAME><SERVICETYPE>NotSpecified</SERVICETYPE><STCCCODE></STCCCODE><STORAGEDIMENSIONGROUPNAME></STORAGEDIMENSIONGROUPNAME><TRACKINGDIMENSIONGROUPNAME></TRACKINGDIMENSIONGROUPNAME><VARIANTCONFIGURATIONTECHNOLOGY>PredefinedVariants</VARIANTCONFIGURATIONTECHNOLOGY><WARRANTYDURATIONTIME></WARRANTYDURATIONTIME><WARRANTYDURATIONTIMEUNIT></WARRANTYDURATIONTIMEUNIT></ECORESPRODUCTV2ENTITY><ECORESPRODUCTV2ENTITY><AREIDENTICALCONFIGURATIONSALLOWED>No</AREIDENTICALCONFIGURATIONSALLOWED><ENGCHGPRODUCTCATEGORYDETAILSNAME></ENGCHGPRODUCTCATEGORYDETAILSNAME><ENGCHGPRODUCTOWNERID></ENGCHGPRODUCTOWNERID><ENGCHGPRODUCTREADINESSPOLICYNAME></ENGCHGPRODUCTREADINESSPOLICYNAME><ENGCHGPRODUCTRELEASEPOLICYNAME></ENGCHGPRODUCTRELEASEPOLICYNAME><HARMONIZEDSYSTEMCODE></HARMONIZEDSYSTEMCODE><ISAUTOMATICVARIANTGENERATIONENABLED>No</ISAUTOMATICVARIANTGENERATIONENABLED><ISCATCHWEIGHTPRODUCT>No</ISCATCHWEIGHTPRODUCT><ISPRODUCTKIT>No</ISPRODUCTKIT><ISPRODUCTVARIANTUNITCONVERSIONENABLED>No</ISPRODUCTVARIANTUNITCONVERSIONENABLED><NMFCCODE></NMFCCODE><PRODUCTCOLORGROUPID></PRODUCTCOLORGROUPID><PRODUCTDESCRIPTION></PRODUCTDESCRIPTION><PRODUCTDIMENSIONGROUPNAME>STYLE+SIZE</PRODUCTDIMENSIONGROUPNAME><PRODUCTNAME>Lantern</PRODUCTNAME><PRODUCTNUMBER>LANTERN</PRODUCTNUMBER><PRODUCTSEARCHNAME>LANTERN</PRODUCTSEARCHNAME><PRODUCTSIZEGROUPID></PRODUCTSIZEGROUPID><PRODUCTSTYLEGROUPID></PRODUCTSTYLEGROUPID><PRODUCTSUBTYPE>ProductMaster</PRODUCTSUBTYPE><PRODUCTTYPE>Item</PRODUCTTYPE><PRODUCTVARIANTNAMENOMENCLATURENAME></PRODUCTVARIANTNAMENOMENCLATURENAME><PRODUCTVARIANTNUMBERNOMENCLATURENAME></PRODUCTVARIANTNUMBERNOMENCLATURENAME><RETAILPRODUCTCATEGORYNAME></RETAILPRODUCTCATEGORYNAME><SERVICETYPE>NotSpecified</SERVICETYPE><STCCCODE></STCCCODE><STORAGEDIMENSIONGROUPNAME>WM</STORAGEDIMENSIONGROUPNAME><TRACKINGDIMENSIONGROUPNAME>NONE</TRACKINGDIMENSIONGROUPNAME><VARIANTCONFIGURATIONTECHNOLOGY>PredefinedVariants</VARIANTCONFIGURATIONTECHNOLOGY><WARRANTYDURATIONTIME></WARRANTYDURATIONTIME><WARRANTYDURATIONTIMEUNIT></WARRANTYDURATIONTIMEUNIT></ECORESPRODUCTV2ENTITY><ECORESPRODUCTV2ENTITY><AREIDENTICALCONFIGURATIONSALLOWED></AREIDENTICALCONFIGURATIONSALLOWED><ENGCHGPRODUCTCATEGORYDETAILSNAME></ENGCHGPRODUCTCATEGORYDETAILSNAME><ENGCHGPRODUCTOWNERID></ENGCHGPRODUCTOWNERID><ENGCHGPRODUCTREADINESSPOLICYNAME></ENGCHGPRODUCTREADINESSPOLICYNAME><ENGCHGPRODUCTRELEASEPOLICYNAME></ENGCHGPRODUCTRELEASEPOLICYNAME><HARMONIZEDSYSTEMCODE></HARMONIZEDSYSTEMCODE><ISAUTOMATICVARIANTGENERATIONENABLED></ISAUTOMATICVARIANTGENERATIONENABLED><ISCATCHWEIGHTPRODUCT>No</ISCATCHWEIGHTPRODUCT><ISPRODUCTKIT>No</ISPRODUCTKIT><ISPRODUCTVARIANTUNITCONVERSIONENABLED></ISPRODUCTVARIANTUNITCONVERSIONENABLED><NMFCCODE></NMFCCODE><PRODUCTCOLORGROUPID></PRODUCTCOLORGROUPID><PRODUCTDESCRIPTION></PRODUCTDESCRIPTION><PRODUCTDIMENSIONGROUPNAME></PRODUCTDIMENSIONGROUPNAME><PRODUCTNAME>Nettle</PRODUCTNAME><PRODUCTNUMBER>NETTLE</PRODUCTNUMBER><PRODUCTSEARCHNAME>NETTLE</PRODUCTSEARCHNAME><PRODUCTSIZEGROUPID></PRODUCTSIZEGROUPID><PRODUCTSTYLEGROUPID></PRODUCTSTYLEGROUPID><PRODUCTSUBTYPE>Product</PRODUCTSUBTYPE><PRODUCTTYPE>Item</PRODUCTTYPE><PRODUCTVARIANTNAMENOMENCLATURENAME></PRODUCTVARIANTNAMENOMENCLATURENAME><PRODUCTVARIANTNUMBERNOMENCLATURENAME></PRODUCTVARIANTNUMBERNOMENCLATURENAME><RETAILPRODUCTCATEGORYNAME></RETAILPRODUCTCATEGORYNAME><SERVICETYPE>NotSpecified</SERVICETYPE><STCCCODE></STCCCODE><STORAGEDIMENSIONGROUPNAME></STORAGEDIMENSIONGROUPNAME><TRACKINGDIMENSIONGROUPNAME></TRACKINGDIMENSIONGROUPNAME><VARIANTCONFIGURATIONTECHNOLOGY></VARIANTCONFIGURATIONTECHNOLOGY><WARRANTYDURATIONTIME></WARRANTYDURATIONTIME><WARRANTYDURATIONTIMEUNIT></WARRANTYDURATIONTIMEUNIT></ECORESPRODUCTV2ENTITY><ECORESPRODUCTV2ENTITY><AREIDENTICALCONFIGURATIONSALLOWED>No</AREIDENTICALCONFIGURATIONSALLOWED><ENGCHGPRODUCTCATEGORYDETAILSNAME></ENGCHGPRODUCTCATEGORYDETAILSNAME><ENGCHGPRODUCTOWNERID></ENGCHGPRODUCTOWNERID><ENGCHGPRODUCTREADINESSPOLICYNAME></ENGCHGPRODUCTREADINESSPOLICYNAME><ENGCHGPRODUCTRELEASEPOLICYNAME></ENGCHGPRODUCTRELEASEPOLICYNAME><HARMONIZEDSYSTEMCODE></HARMONIZEDSYSTEMCODE><ISAUTOMATICVARIANTGENERATIONENABLED>No</ISAUTOMATICVARIANTGENERATIONENABLED><ISCATCHWEIGHTPRODUCT>No</ISCATCHWEIGHTPRODUCT><ISPRODUCTKIT>No</ISPRODUCTKIT><ISPRODUCTVARIANTUNITCONVERSIONENABLED>No</ISPRODUCTVARIANTUNITCONVERSIONENABLED><NMFCCODE></NMFCCODE><PRODUCTCOLORGROUPID></PRODUCTCOLORGROUPID><PRODUCTDESCRIPTION></PRODUCTDESCRIPTION><PRODUCTDIMENSIONGROUPNAME>SIZE</PRODUCTDIMENSIONGROUPNAME><PRODUCTNAME>Oil</PRODUCTNAME><PRODUCTNUMBER>OIL</PRODUCTNUMBER><PRODUCTSEARCHNAME>Oil</PRODUCTSEARCHNAME><PRODUCTSIZEGROUPID></PRODUCTSIZEGROUPID><PRODUCTSTYLEGROUPID></PRODUCTSTYLEGROUPID><PRODUCTSUBTYPE>ProductMaster</PRODUCTSUBTYPE><PRODUCTTYPE>Item</PRODUCTTYPE><PRODUCTVARIANTNAMENOMENCLATURENAME></PRODUCTVARIANTNAMENOMENCLATURENAME><PRODUCTVARIANTNUMBERNOMENCLATURENAME></PRODUCTVARIANTNUMBERNOMENCLATURENAME><RETAILPRODUCTCATEGORYNAME></RETAILPRODUCTCATEGORYNAME><SERVICETYPE>NotSpecified</SERVICETYPE><STCCCODE></STCCCODE><STORAGEDIMENSIONGROUPNAME></STORAGEDIMENSIONGROUPNAME><TRACKINGDIMENSIONGROUPNAME></TRACKINGDIMENSIONGROUPNAME><VARIANTCONFIGURATIONTECHNOLOGY>PredefinedVariants</VARIANTCONFIGURATIONTECHNOLOGY><WARRANTYDURATIONTIME></WARRANTYDURATIONTIME><WARRANTYDURATIONTIMEUNIT></WARRANTYDURATIONTIMEUNIT></ECORESPRODUCTV2ENTITY><ECORESPRODUCTV2ENTITY><AREIDENTICALCONFIGURATIONSALLOWED>No</AREIDENTICALCONFIGURATIONSALLOWED><ENGCHGPRODUCTCATEGORYDETAILSNAME></ENGCHGPRODUCTCATEGORYDETAILSNAME><ENGCHGPRODUCTOWNERID></ENGCHGPRODUCTOWNERID><ENGCHGPRODUCTREADINESSPOLICYNAME></ENGCHGPRODUCTREADINESSPOLICYNAME><ENGCHGPRODUCTRELEASEPOLICYNAME></ENGCHGPRODUCTRELEASEPOLICYNAME><HARMONIZEDSYSTEMCODE></HARMONIZEDSYSTEMCODE><ISAUTOMATICVARIANTGENERATIONENABLED>No</ISAUTOMATICVARIANTGENERATIONENABLED><ISCATCHWEIGHTPRODUCT>No</ISCATCHWEIGHTPRODUCT><ISPRODUCTKIT>No</ISPRODUCTKIT><ISPRODUCTVARIANTUNITCONVERSIONENABLED>No</ISPRODUCTVARIANTUNITCONVERSIONENABLED><NMFCCODE></NMFCCODE><PRODUCTCOLORGROUPID></PRODUCTCOLORGROUPID><PRODUCTDESCRIPTION></PRODUCTDESCRIPTION><PRODUCTDIMENSIONGROUPNAME>STYLE+SIZE</PRODUCTDIMENSIONGROUPNAME><PRODUCTNAME>Pail</PRODUCTNAME><PRODUCTNUMBER>PAIL</PRODUCTNUMBER><PRODUCTSEARCHNAME>PAIL</PRODUCTSEARCHNAME><PRODUCTSIZEGROUPID></PRODUCTSIZEGROUPID><PRODUCTSTYLEGROUPID></PRODUCTSTYLEGROUPID><PRODUCTSUBTYPE>ProductMaster</PRODUCTSUBTYPE><PRODUCTTYPE>Item</PRODUCTTYPE><PRODUCTVARIANTNAMENOMENCLATURENAME></PRODUCTVARIANTNAMENOMENCLATURENAME><PRODUCTVARIANTNUMBERNOMENCLATURENAME></PRODUCTVARIANTNUMBERNOMENCLATURENAME><RETAILPRODUCTCATEGORYNAME></RETAILPRODUCTCATEGORYNAME><SERVICETYPE>NotSpecified</SERVICETYPE><STCCCODE></STCCCODE><STORAGEDIMENSIONGROUPNAME></STORAGEDIMENSIONGROUPNAME><TRACKINGDIMENSIONGROUPNAME></TRACKINGDIMENSIONGROUPNAME><VARIANTCONFIGURATIONTECHNOLOGY>PredefinedVariants</VARIANTCONFIGURATIONTECHNOLOGY><WARRANTYDURATIONTIME></WARRANTYDURATIONTIME><WARRANTYDURATIONTIMEUNIT></WARRANTYDURATIONTIMEUNIT></ECORESPRODUCTV2ENTITY><ECORESPRODUCTV2ENTITY><AREIDENTICALCONFIGURATIONSALLOWED>No</AREIDENTICALCONFIGURATIONSALLOWED><ENGCHGPRODUCTCATEGORYDETAILSNAME></ENGCHGPRODUCTCATEGORYDETAILSNAME><ENGCHGPRODUCTOWNERID></ENGCHGPRODUCTOWNERID><ENGCHGPRODUCTREADINESSPOLICYNAME></ENGCHGPRODUCTREADINESSPOLICYNAME><ENGCHGPRODUCTRELEASEPOLICYNAME></ENGCHGPRODUCTRELEASEPOLICYNAME><HARMONIZEDSYSTEMCODE></HARMONIZEDSYSTEMCODE><ISAUTOMATICVARIANTGENERATIONENABLED>No</ISAUTOMATICVARIANTGENERATIONENABLED><ISCATCHWEIGHTPRODUCT>No</ISCATCHWEIGHTPRODUCT><ISPRODUCTKIT>No</ISPRODUCTKIT><ISPRODUCTVARIANTUNITCONVERSIONENABLED>No</ISPRODUCTVARIANTUNITCONVERSIONENABLED><NMFCCODE></NMFCCODE><PRODUCTCOLORGROUPID></PRODUCTCOLORGROUPID><PRODUCTDESCRIPTION></PRODUCTDESCRIPTION><PRODUCTDIMENSIONGROUPNAME>STYLE+SIZE</PRODUCTDIMENSIONGROUPNAME><PRODUCTNAME>Pitons</PRODUCTNAME><PRODUCTNUMBER>PITONS</PRODUCTNUMBER><PRODUCTSEARCHNAME>PITONS</PRODUCTSEARCHNAME><PRODUCTSIZEGROUPID></PRODUCTSIZEGROUPID><PRODUCTSTYLEGROUPID></PRODUCTSTYLEGROUPID><PRODUCTSUBTYPE>ProductMaster</PRODUCTSUBTYPE><PRODUCTTYPE>Item</PRODUCTTYPE><PRODUCTVARIANTNAMENOMENCLATURENAME></PRODUCTVARIANTNAMENOMENCLATURENAME><PRODUCTVARIANTNUMBERNOMENCLATURENAME></PRODUCTVARIANTNUMBERNOMENCLATURENAME><RETAILPRODUCTCATEGORYNAME></RETAILPRODUCTCATEGORYNAME><SERVICETYPE>NotSpecified</SERVICETYPE><STCCCODE></STCCCODE><STORAGEDIMENSIONGROUPNAME>WM</STORAGEDIMENSIONGROUPNAME><TRACKINGDIMENSIONGROUPNAME>NONE</TRACKINGDIMENSIONGROUPNAME><VARIANTCONFIGURATIONTECHNOLOGY>PredefinedVariants</VARIANTCONFIGURATIONTECHNOLOGY><WARRANTYDURATIONTIME></WARRANTYDURATIONTIME><WARRANTYDURATIONTIMEUNIT></WARRANTYDURATIONTIMEUNIT></ECORESPRODUCTV2ENTITY><ECORESPRODUCTV2ENTITY><AREIDENTICALCONFIGURATIONSALLOWED>No</AREIDENTICALCONFIGURATIONSALLOWED><ENGCHGPRODUCTCATEGORYDETAILSNAME></ENGCHGPRODUCTCATEGORYDETAILSNAME><ENGCHGPRODUCTOWNERID></ENGCHGPRODUCTOWNERID><ENGCHGPRODUCTREADINESSPOLICYNAME></ENGCHGPRODUCTREADINESSPOLICYNAME><ENGCHGPRODUCTRELEASEPOLICYNAME></ENGCHGPRODUCTRELEASEPOLICYNAME><HARMONIZEDSYSTEMCODE></HARMONIZEDSYSTEMCODE><ISAUTOMATICVARIANTGENERATIONENABLED>No</ISAUTOMATICVARIANTGENERATIONENABLED><ISCATCHWEIGHTPRODUCT>No</ISCATCHWEIGHTPRODUCT><ISPRODUCTKIT>No</ISPRODUCTKIT><ISPRODUCTVARIANTUNITCONVERSIONENABLED>No</ISPRODUCTVARIANTUNITCONVERSIONENABLED><NMFCCODE></NMFCCODE><PRODUCTCOLORGROUPID></PRODUCTCOLORGROUPID><PRODUCTDESCRIPTION></PRODUCTDESCRIPTION><PRODUCTDIMENSIONGROUPNAME>STYLE+SIZE</PRODUCTDIMENSIONGROUPNAME><PRODUCTNAME>Potion</PRODUCTNAME><PRODUCTNUMBER>POTION</PRODUCTNUMBER><PRODUCTSEARCHNAME>POTION</PRODUCTSEARCHNAME><PRODUCTSIZEGROUPID></PRODUCTSIZEGROUPID><PRODUCTSTYLEGROUPID></PRODUCTSTYLEGROUPID><PRODUCTSUBTYPE>ProductMaster</PRODUCTSUBTYPE><PRODUCTTYPE>Item</PRODUCTTYPE><PRODUCTVARIANTNAMENOMENCLATURENAME></PRODUCTVARIANTNAMENOMENCLATURENAME><PRODUCTVARIANTNUMBERNOMENCLATURENAME></PRODUCTVARIANTNUMBERNOMENCLATURENAME><RETAILPRODUCTCATEGORYNAME></RETAILPRODUCTCATEGORYNAME><SERVICETYPE>NotSpecified</SERVICETYPE><STCCCODE></STCCCODE><STORAGEDIMENSIONGROUPNAME></STORAGEDIMENSIONGROUPNAME><TRACKINGDIMENSIONGROUPNAME></TRACKINGDIMENSIONGROUPNAME><VARIANTCONFIGURATIONTECHNOLOGY>PredefinedVariants</VARIANTCONFIGURATIONTECHNOLOGY><WARRANTYDURATIONTIME></WARRANTYDURATIONTIME><WARRANTYDURATIONTIMEUNIT></WARRANTYDURATIONTIMEUNIT></ECORESPRODUCTV2ENTITY><ECORESPRODUCTV2ENTITY><AREIDENTICALCONFIGURATIONSALLOWED></AREIDENTICALCONFIGURATIONSALLOWED><ENGCHGPRODUCTCATEGORYDETAILSNAME></ENGCHGPRODUCTCATEGORYDETAILSNAME><ENGCHGPRODUCTOWNERID></ENGCHGPRODUCTOWNERID><ENGCHGPRODUCTREADINESSPOLICYNAME></ENGCHGPRODUCTREADINESSPOLICYNAME><ENGCHGPRODUCTRELEASEPOLICYNAME></ENGCHGPRODUCTRELEASEPOLICYNAME><HARMONIZEDSYSTEMCODE></HARMONIZEDSYSTEMCODE><ISAUTOMATICVARIANTGENERATIONENABLED></ISAUTOMATICVARIANTGENERATIONENABLED><ISCATCHWEIGHTPRODUCT>No</ISCATCHWEIGHTPRODUCT><ISPRODUCTKIT>No</ISPRODUCTKIT><ISPRODUCTVARIANTUNITCONVERSIONENABLED></ISPRODUCTVARIANTUNITCONVERSIONENABLED><NMFCCODE></NMFCCODE><PRODUCTCOLORGROUPID></PRODUCTCOLORGROUPID><PRODUCTDESCRIPTION></PRODUCTDESCRIPTION><PRODUCTDIMENSIONGROUPNAME></PRODUCTDIMENSIONGROUPNAME><PRODUCTNAME>Potion, Cure Boils</PRODUCTNAME><PRODUCTNUMBER>POTIONCUREBOILS</PRODUCTNUMBER><PRODUCTSEARCHNAME>POTIONCUREBOILS</PRODUCTSEARCHNAME><PRODUCTSIZEGROUPID></PRODUCTSIZEGROUPID><PRODUCTSTYLEGROUPID></PRODUCTSTYLEGROUPID><PRODUCTSUBTYPE>Product</PRODUCTSUBTYPE><PRODUCTTYPE>Item</PRODUCTTYPE><PRODUCTVARIANTNAMENOMENCLATURENAME></PRODUCTVARIANTNAMENOMENCLATURENAME><PRODUCTVARIANTNUMBERNOMENCLATURENAME></PRODUCTVARIANTNUMBERNOMENCLATURENAME><RETAILPRODUCTCATEGORYNAME></RETAILPRODUCTCATEGORYNAME><SERVICETYPE>NotSpecified</SERVICETYPE><STCCCODE></STCCCODE><STORAGEDIMENSIONGROUPNAME></STORAGEDIMENSIONGROUPNAME><TRACKINGDIMENSIONGROUPNAME></TRACKINGDIMENSIONGROUPNAME><VARIANTCONFIGURATIONTECHNOLOGY></VARIANTCONFIGURATIONTECHNOLOGY><WARRANTYDURATIONTIME></WARRANTYDURATIONTIME><WARRANTYDURATIONTIMEUNIT></WARRANTYDURATIONTIMEUNIT></ECORESPRODUCTV2ENTITY><ECORESPRODUCTV2ENTITY><AREIDENTICALCONFIGURATIONSALLOWED></AREIDENTICALCONFIGURATIONSALLOWED><ENGCHGPRODUCTCATEGORYDETAILSNAME></ENGCHGPRODUCTCATEGORYDETAILSNAME><ENGCHGPRODUCTOWNERID></ENGCHGPRODUCTOWNERID><ENGCHGPRODUCTREADINESSPOLICYNAME></ENGCHGPRODUCTREADINESSPOLICYNAME><ENGCHGPRODUCTRELEASEPOLICYNAME></ENGCHGPRODUCTRELEASEPOLICYNAME><HARMONIZEDSYSTEMCODE></HARMONIZEDSYSTEMCODE><ISAUTOMATICVARIANTGENERATIONENABLED></ISAUTOMATICVARIANTGENERATIONENABLED><ISCATCHWEIGHTPRODUCT>No</ISCATCHWEIGHTPRODUCT><ISPRODUCTKIT>No</ISPRODUCTKIT><ISPRODUCTVARIANTUNITCONVERSIONENABLED></ISPRODUCTVARIANTUNITCONVERSIONENABLED><NMFCCODE></NMFCCODE><PRODUCTCOLORGROUPID></PRODUCTCOLORGROUPID><PRODUCTDESCRIPTION></PRODUCTDESCRIPTION><PRODUCTDIMENSIONGROUPNAME></PRODUCTDIMENSIONGROUPNAME><PRODUCTNAME>Potion, Truth Serum</PRODUCTNAME><PRODUCTNUMBER>POTIONTRUTHSERUM</PRODUCTNUMBER><PRODUCTSEARCHNAME>POTIONTRUTHSERUM</PRODUCTSEARCHNAME><PRODUCTSIZEGROUPID></PRODUCTSIZEGROUPID><PRODUCTSTYLEGROUPID></PRODUCTSTYLEGROUPID><PRODUCTSUBTYPE>Product</PRODUCTSUBTYPE><PRODUCTTYPE>Item</PRODUCTTYPE><PRODUCTVARIANTNAMENOMENCLATURENAME></PRODUCTVARIANTNAMENOMENCLATURENAME><PRODUCTVARIANTNUMBERNOMENCLATURENAME></PRODUCTVARIANTNUMBERNOMENCLATURENAME><RETAILPRODUCTCATEGORYNAME></RETAILPRODUCTCATEGORYNAME><SERVICETYPE>NotSpecified</SERVICETYPE><STCCCODE></STCCCODE><STORAGEDIMENSIONGROUPNAME></STORAGEDIMENSIONGROUPNAME><TRACKINGDIMENSIONGROUPNAME></TRACKINGDIMENSIONGROUPNAME><VARIANTCONFIGURATIONTECHNOLOGY></VARIANTCONFIGURATIONTECHNOLOGY><WARRANTYDURATIONTIME></WARRANTYDURATIONTIME><WARRANTYDURATIONTIMEUNIT></WARRANTYDURATIONTIMEUNIT></ECORESPRODUCTV2ENTITY><ECORESPRODUCTV2ENTITY><AREIDENTICALCONFIGURATIONSALLOWED>No</AREIDENTICALCONFIGURATIONSALLOWED><ENGCHGPRODUCTCATEGORYDETAILSNAME></ENGCHGPRODUCTCATEGORYDETAILSNAME><ENGCHGPRODUCTOWNERID></ENGCHGPRODUCTOWNERID><ENGCHGPRODUCTREADINESSPOLICYNAME></ENGCHGPRODUCTREADINESSPOLICYNAME><ENGCHGPRODUCTRELEASEPOLICYNAME></ENGCHGPRODUCTRELEASEPOLICYNAME><HARMONIZEDSYSTEMCODE></HARMONIZEDSYSTEMCODE><ISAUTOMATICVARIANTGENERATIONENABLED>No</ISAUTOMATICVARIANTGENERATIONENABLED><ISCATCHWEIGHTPRODUCT>No</ISCATCHWEIGHTPRODUCT><ISPRODUCTKIT>No</ISPRODUCTKIT><ISPRODUCTVARIANTUNITCONVERSIONENABLED>No</ISPRODUCTVARIANTUNITCONVERSIONENABLED><NMFCCODE></NMFCCODE><PRODUCTCOLORGROUPID></PRODUCTCOLORGROUPID><PRODUCTDESCRIPTION></PRODUCTDESCRIPTION><PRODUCTDIMENSIONGROUPNAME>STYLE+SIZE</PRODUCTDIMENSIONGROUPNAME><PRODUCTNAME>Pouch</PRODUCTNAME><PRODUCTNUMBER>POUCH</PRODUCTNUMBER><PRODUCTSEARCHNAME>POUCH</PRODUCTSEARCHNAME><PRODUCTSIZEGROUPID></PRODUCTSIZEGROUPID><PRODUCTSTYLEGROUPID></PRODUCTSTYLEGROUPID><PRODUCTSUBTYPE>ProductMaster</PRODUCTSUBTYPE><PRODUCTTYPE>Item</PRODUCTTYPE><PRODUCTVARIANTNAMENOMENCLATURENAME></PRODUCTVARIANTNAMENOMENCLATURENAME><PRODUCTVARIANTNUMBERNOMENCLATURENAME></PRODUCTVARIANTNUMBERNOMENCLATURENAME><RETAILPRODUCTCATEGORYNAME></RETAILPRODUCTCATEGORYNAME><SERVICETYPE>NotSpecified</SERVICETYPE><STCCCODE></STCCCODE><STORAGEDIMENSIONGROUPNAME></STORAGEDIMENSIONGROUPNAME><TRACKINGDIMENSIONGROUPNAME></TRACKINGDIMENSIONGROUPNAME><VARIANTCONFIGURATIONTECHNOLOGY>PredefinedVariants</VARIANTCONFIGURATIONTECHNOLOGY><WARRANTYDURATIONTIME></WARRANTYDURATIONTIME><WARRANTYDURATIONTIMEUNIT></WARRANTYDURATIONTIMEUNIT></ECORESPRODUCTV2ENTITY><ECORESPRODUCTV2ENTITY><AREIDENTICALCONFIGURATIONSALLOWED></AREIDENTICALCONFIGURATIONSALLOWED><ENGCHGPRODUCTCATEGORYDETAILSNAME></ENGCHGPRODUCTCATEGORYDETAILSNAME><ENGCHGPRODUCTOWNERID></ENGCHGPRODUCTOWNERID><ENGCHGPRODUCTREADINESSPOLICYNAME></ENGCHGPRODUCTREADINESSPOLICYNAME><ENGCHGPRODUCTRELEASEPOLICYNAME></ENGCHGPRODUCTRELEASEPOLICYNAME><HARMONIZEDSYSTEMCODE></HARMONIZEDSYSTEMCODE><ISAUTOMATICVARIANTGENERATIONENABLED></ISAUTOMATICVARIANTGENERATIONENABLED><ISCATCHWEIGHTPRODUCT>No</ISCATCHWEIGHTPRODUCT><ISPRODUCTKIT>No</ISPRODUCTKIT><ISPRODUCTVARIANTUNITCONVERSIONENABLED></ISPRODUCTVARIANTUNITCONVERSIONENABLED><NMFCCODE></NMFCCODE><PRODUCTCOLORGROUPID></PRODUCTCOLORGROUPID><PRODUCTDESCRIPTION></PRODUCTDESCRIPTION><PRODUCTDIMENSIONGROUPNAME></PRODUCTDIMENSIONGROUPNAME><PRODUCTNAME>Quill, Porcupine</PRODUCTNAME><PRODUCTNUMBER>QUILLPROCUPINE</PRODUCTNUMBER><PRODUCTSEARCHNAME>QUILLPROCUPINE</PRODUCTSEARCHNAME><PRODUCTSIZEGROUPID></PRODUCTSIZEGROUPID><PRODUCTSTYLEGROUPID></PRODUCTSTYLEGROUPID><PRODUCTSUBTYPE>Product</PRODUCTSUBTYPE><PRODUCTTYPE>Item</PRODUCTTYPE><PRODUCTVARIANTNAMENOMENCLATURENAME></PRODUCTVARIANTNAMENOMENCLATURENAME><PRODUCTVARIANTNUMBERNOMENCLATURENAME></PRODUCTVARIANTNUMBERNOMENCLATURENAME><RETAILPRODUCTCATEGORYNAME></RETAILPRODUCTCATEGORYNAME><SERVICETYPE>NotSpecified</SERVICETYPE><STCCCODE></STCCCODE><STORAGEDIMENSIONGROUPNAME></STORAGEDIMENSIONGROUPNAME><TRACKINGDIMENSIONGROUPNAME></TRACKINGDIMENSIONGROUPNAME><VARIANTCONFIGURATIONTECHNOLOGY></VARIANTCONFIGURATIONTECHNOLOGY><WARRANTYDURATIONTIME></WARRANTYDURATIONTIME><WARRANTYDURATIONTIMEUNIT></WARRANTYDURATIONTIMEUNIT></ECORESPRODUCTV2ENTITY><ECORESPRODUCTV2ENTITY><AREIDENTICALCONFIGURATIONSALLOWED>No</AREIDENTICALCONFIGURATIONSALLOWED><ENGCHGPRODUCTCATEGORYDETAILSNAME></ENGCHGPRODUCTCATEGORYDETAILSNAME><ENGCHGPRODUCTOWNERID></ENGCHGPRODUCTOWNERID><ENGCHGPRODUCTREADINESSPOLICYNAME></ENGCHGPRODUCTREADINESSPOLICYNAME><ENGCHGPRODUCTRELEASEPOLICYNAME></ENGCHGPRODUCTRELEASEPOLICYNAME><HARMONIZEDSYSTEMCODE></HARMONIZEDSYSTEMCODE><ISAUTOMATICVARIANTGENERATIONENABLED>No</ISAUTOMATICVARIANTGENERATIONENABLED><ISCATCHWEIGHTPRODUCT>No</ISCATCHWEIGHTPRODUCT><ISPRODUCTKIT>No</ISPRODUCTKIT><ISPRODUCTVARIANTUNITCONVERSIONENABLED>No</ISPRODUCTVARIANTUNITCONVERSIONENABLED><NMFCCODE></NMFCCODE><PRODUCTCOLORGROUPID></PRODUCTCOLORGROUPID><PRODUCTDESCRIPTION></PRODUCTDESCRIPTION><PRODUCTDIMENSIONGROUPNAME>STYLE+SIZE</PRODUCTDIMENSIONGROUPNAME><PRODUCTNAME>Quiver</PRODUCTNAME><PRODUCTNUMBER>QUIVER</PRODUCTNUMBER><PRODUCTSEARCHNAME>QUIVER</PRODUCTSEARCHNAME><PRODUCTSIZEGROUPID></PRODUCTSIZEGROUPID><PRODUCTSTYLEGROUPID></PRODUCTSTYLEGROUPID><PRODUCTSUBTYPE>ProductMaster</PRODUCTSUBTYPE><PRODUCTTYPE>Item</PRODUCTTYPE><PRODUCTVARIANTNAMENOMENCLATURENAME></PRODUCTVARIANTNAMENOMENCLATURENAME><PRODUCTVARIANTNUMBERNOMENCLATURENAME></PRODUCTVARIANTNUMBERNOMENCLATURENAME><RETAILPRODUCTCATEGORYNAME></RETAILPRODUCTCATEGORYNAME><SERVICETYPE>NotSpecified</SERVICETYPE><STCCCODE></STCCCODE><STORAGEDIMENSIONGROUPNAME></STORAGEDIMENSIONGROUPNAME><TRACKINGDIMENSIONGROUPNAME></TRACKINGDIMENSIONGROUPNAME><VARIANTCONFIGURATIONTECHNOLOGY>PredefinedVariants</VARIANTCONFIGURATIONTECHNOLOGY><WARRANTYDURATIONTIME></WARRANTYDURATIONTIME><WARRANTYDURATIONTIMEUNIT></WARRANTYDURATIONTIMEUNIT></ECORESPRODUCTV2ENTITY><ECORESPRODUCTV2ENTITY><AREIDENTICALCONFIGURATIONSALLOWED>No</AREIDENTICALCONFIGURATIONSALLOWED><ENGCHGPRODUCTCATEGORYDETAILSNAME></ENGCHGPRODUCTCATEGORYDETAILSNAME><ENGCHGPRODUCTOWNERID></ENGCHGPRODUCTOWNERID><ENGCHGPRODUCTREADINESSPOLICYNAME></ENGCHGPRODUCTREADINESSPOLICYNAME><ENGCHGPRODUCTRELEASEPOLICYNAME></ENGCHGPRODUCTRELEASEPOLICYNAME><HARMONIZEDSYSTEMCODE></HARMONIZEDSYSTEMCODE><ISAUTOMATICVARIANTGENERATIONENABLED>No</ISAUTOMATICVARIANTGENERATIONENABLED><ISCATCHWEIGHTPRODUCT>No</ISCATCHWEIGHTPRODUCT><ISPRODUCTKIT>No</ISPRODUCTKIT><ISPRODUCTVARIANTUNITCONVERSIONENABLED>No</ISPRODUCTVARIANTUNITCONVERSIONENABLED><NMFCCODE></NMFCCODE><PRODUCTCOLORGROUPID></PRODUCTCOLORGROUPID><PRODUCTDESCRIPTION>Rations consist of dry foods suitable for extended travel, including jerky, dried fruit, hardtack, and nuts.</PRODUCTDESCRIPTION><PRODUCTDIMENSIONGROUPNAME>STYLE+SIZE</PRODUCTDIMENSIONGROUPNAME><PRODUCTNAME>Rations</PRODUCTNAME><PRODUCTNUMBER>RATIONS</PRODUCTNUMBER><PRODUCTSEARCHNAME>RATIONS</PRODUCTSEARCHNAME><PRODUCTSIZEGROUPID>SIZE</PRODUCTSIZEGROUPID><PRODUCTSTYLEGROUPID>RATION</PRODUCTSTYLEGROUPID><PRODUCTSUBTYPE>ProductMaster</PRODUCTSUBTYPE><PRODUCTTYPE>Item</PRODUCTTYPE><PRODUCTVARIANTNAMENOMENCLATURENAME></PRODUCTVARIANTNAMENOMENCLATURENAME><PRODUCTVARIANTNUMBERNOMENCLATURENAME></PRODUCTVARIANTNUMBERNOMENCLATURENAME><RETAILPRODUCTCATEGORYNAME></RETAILPRODUCTCATEGORYNAME><SERVICETYPE>NotSpecified</SERVICETYPE><STCCCODE></STCCCODE><STORAGEDIMENSIONGROUPNAME>WM</STORAGEDIMENSIONGROUPNAME><TRACKINGDIMENSIONGROUPNAME>BATCH</TRACKINGDIMENSIONGROUPNAME><VARIANTCONFIGURATIONTECHNOLOGY>PredefinedVariants</VARIANTCONFIGURATIONTECHNOLOGY><WARRANTYDURATIONTIME></WARRANTYDURATIONTIME><WARRANTYDURATIONTIMEUNIT></WARRANTYDURATIONTIMEUNIT></ECORESPRODUCTV2ENTITY><ECORESPRODUCTV2ENTITY><AREIDENTICALCONFIGURATIONSALLOWED>No</AREIDENTICALCONFIGURATIONSALLOWED><ENGCHGPRODUCTCATEGORYDETAILSNAME></ENGCHGPRODUCTCATEGORYDETAILSNAME><ENGCHGPRODUCTOWNERID></ENGCHGPRODUCTOWNERID><ENGCHGPRODUCTREADINESSPOLICYNAME></ENGCHGPRODUCTREADINESSPOLICYNAME><ENGCHGPRODUCTRELEASEPOLICYNAME></ENGCHGPRODUCTRELEASEPOLICYNAME><HARMONIZEDSYSTEMCODE></HARMONIZEDSYSTEMCODE><ISAUTOMATICVARIANTGENERATIONENABLED>No</ISAUTOMATICVARIANTGENERATIONENABLED><ISCATCHWEIGHTPRODUCT>No</ISCATCHWEIGHTPRODUCT><ISPRODUCTKIT>No</ISPRODUCTKIT><ISPRODUCTVARIANTUNITCONVERSIONENABLED>No</ISPRODUCTVARIANTUNITCONVERSIONENABLED><NMFCCODE></NMFCCODE><PRODUCTCOLORGROUPID></PRODUCTCOLORGROUPID><PRODUCTDESCRIPTION>Rope, whether made of hemp or silk, has 2 hit points and can be burst with a DC 17 Strength check.</PRODUCTDESCRIPTION><PRODUCTDIMENSIONGROUPNAME>COLOR+SIZE</PRODUCTDIMENSIONGROUPNAME><PRODUCTNAME>Rope</PRODUCTNAME><PRODUCTNUMBER>ROPE</PRODUCTNUMBER><PRODUCTSEARCHNAME>ROPE</PRODUCTSEARCHNAME><PRODUCTSIZEGROUPID></PRODUCTSIZEGROUPID><PRODUCTSTYLEGROUPID></PRODUCTSTYLEGROUPID><PRODUCTSUBTYPE>ProductMaster</PRODUCTSUBTYPE><PRODUCTTYPE>Item</PRODUCTTYPE><PRODUCTVARIANTNAMENOMENCLATURENAME></PRODUCTVARIANTNAMENOMENCLATURENAME><PRODUCTVARIANTNUMBERNOMENCLATURENAME></PRODUCTVARIANTNUMBERNOMENCLATURENAME><RETAILPRODUCTCATEGORYNAME></RETAILPRODUCTCATEGORYNAME><SERVICETYPE>NotSpecified</SERVICETYPE><STCCCODE></STCCCODE><STORAGEDIMENSIONGROUPNAME></STORAGEDIMENSIONGROUPNAME><TRACKINGDIMENSIONGROUPNAME></TRACKINGDIMENSIONGROUPNAME><VARIANTCONFIGURATIONTECHNOLOGY>PredefinedVariants</VARIANTCONFIGURATIONTECHNOLOGY><WARRANTYDURATIONTIME></WARRANTYDURATIONTIME><WARRANTYDURATIONTIMEUNIT></WARRANTYDURATIONTIMEUNIT></ECORESPRODUCTV2ENTITY><ECORESPRODUCTV2ENTITY><AREIDENTICALCONFIGURATIONSALLOWED>No</AREIDENTICALCONFIGURATIONSALLOWED><ENGCHGPRODUCTCATEGORYDETAILSNAME></ENGCHGPRODUCTCATEGORYDETAILSNAME><ENGCHGPRODUCTOWNERID></ENGCHGPRODUCTOWNERID><ENGCHGPRODUCTREADINESSPOLICYNAME></ENGCHGPRODUCTREADINESSPOLICYNAME><ENGCHGPRODUCTRELEASEPOLICYNAME></ENGCHGPRODUCTRELEASEPOLICYNAME><HARMONIZEDSYSTEMCODE></HARMONIZEDSYSTEMCODE><ISAUTOMATICVARIANTGENERATIONENABLED>No</ISAUTOMATICVARIANTGENERATIONENABLED><ISCATCHWEIGHTPRODUCT>No</ISCATCHWEIGHTPRODUCT><ISPRODUCTKIT>No</ISPRODUCTKIT><ISPRODUCTVARIANTUNITCONVERSIONENABLED>No</ISPRODUCTVARIANTUNITCONVERSIONENABLED><NMFCCODE></NMFCCODE><PRODUCTCOLORGROUPID></PRODUCTCOLORGROUPID><PRODUCTDESCRIPTION></PRODUCTDESCRIPTION><PRODUCTDIMENSIONGROUPNAME>STYLE+SIZE</PRODUCTDIMENSIONGROUPNAME><PRODUCTNAME>Rucksack</PRODUCTNAME><PRODUCTNUMBER>RUCKSACK</PRODUCTNUMBER><PRODUCTSEARCHNAME>RUCKSACK</PRODUCTSEARCHNAME><PRODUCTSIZEGROUPID></PRODUCTSIZEGROUPID><PRODUCTSTYLEGROUPID></PRODUCTSTYLEGROUPID><PRODUCTSUBTYPE>ProductMaster</PRODUCTSUBTYPE><PRODUCTTYPE>Item</PRODUCTTYPE><PRODUCTVARIANTNAMENOMENCLATURENAME></PRODUCTVARIANTNAMENOMENCLATURENAME><PRODUCTVARIANTNUMBERNOMENCLATURENAME></PRODUCTVARIANTNUMBERNOMENCLATURENAME><RETAILPRODUCTCATEGORYNAME></RETAILPRODUCTCATEGORYNAME><SERVICETYPE>NotSpecified</SERVICETYPE><STCCCODE></STCCCODE><STORAGEDIMENSIONGROUPNAME></STORAGEDIMENSIONGROUPNAME><TRACKINGDIMENSIONGROUPNAME></TRACKINGDIMENSIONGROUPNAME><VARIANTCONFIGURATIONTECHNOLOGY>PredefinedVariants</VARIANTCONFIGURATIONTECHNOLOGY><WARRANTYDURATIONTIME></WARRANTYDURATIONTIME><WARRANTYDURATIONTIMEUNIT></WARRANTYDURATIONTIMEUNIT></ECORESPRODUCTV2ENTITY><ECORESPRODUCTV2ENTITY><AREIDENTICALCONFIGURATIONSALLOWED>No</AREIDENTICALCONFIGURATIONSALLOWED><ENGCHGPRODUCTCATEGORYDETAILSNAME></ENGCHGPRODUCTCATEGORYDETAILSNAME><ENGCHGPRODUCTOWNERID></ENGCHGPRODUCTOWNERID><ENGCHGPRODUCTREADINESSPOLICYNAME></ENGCHGPRODUCTREADINESSPOLICYNAME><ENGCHGPRODUCTRELEASEPOLICYNAME></ENGCHGPRODUCTRELEASEPOLICYNAME><HARMONIZEDSYSTEMCODE></HARMONIZEDSYSTEMCODE><ISAUTOMATICVARIANTGENERATIONENABLED>No</ISAUTOMATICVARIANTGENERATIONENABLED><ISCATCHWEIGHTPRODUCT>No</ISCATCHWEIGHTPRODUCT><ISPRODUCTKIT>No</ISPRODUCTKIT><ISPRODUCTVARIANTUNITCONVERSIONENABLED>No</ISPRODUCTVARIANTUNITCONVERSIONENABLED><NMFCCODE></NMFCCODE><PRODUCTCOLORGROUPID></PRODUCTCOLORGROUPID><PRODUCTDESCRIPTION></PRODUCTDESCRIPTION><PRODUCTDIMENSIONGROUPNAME>STYLE+SIZE</PRODUCTDIMENSIONGROUPNAME><PRODUCTNAME>Sack</PRODUCTNAME><PRODUCTNUMBER>SACK</PRODUCTNUMBER><PRODUCTSEARCHNAME>SACK</PRODUCTSEARCHNAME><PRODUCTSIZEGROUPID></PRODUCTSIZEGROUPID><PRODUCTSTYLEGROUPID></PRODUCTSTYLEGROUPID><PRODUCTSUBTYPE>ProductMaster</PRODUCTSUBTYPE><PRODUCTTYPE>Item</PRODUCTTYPE><PRODUCTVARIANTNAMENOMENCLATURENAME></PRODUCTVARIANTNAMENOMENCLATURENAME><PRODUCTVARIANTNUMBERNOMENCLATURENAME></PRODUCTVARIANTNUMBERNOMENCLATURENAME><RETAILPRODUCTCATEGORYNAME></RETAILPRODUCTCATEGORYNAME><SERVICETYPE>NotSpecified</SERVICETYPE><STCCCODE></STCCCODE><STORAGEDIMENSIONGROUPNAME></STORAGEDIMENSIONGROUPNAME><TRACKINGDIMENSIONGROUPNAME></TRACKINGDIMENSIONGROUPNAME><VARIANTCONFIGURATIONTECHNOLOGY>PredefinedVariants</VARIANTCONFIGURATIONTECHNOLOGY><WARRANTYDURATIONTIME></WARRANTYDURATIONTIME><WARRANTYDURATIONTIMEUNIT></WARRANTYDURATIONTIMEUNIT></ECORESPRODUCTV2ENTITY><ECORESPRODUCTV2ENTITY><AREIDENTICALCONFIGURATIONSALLOWED>No</AREIDENTICALCONFIGURATIONSALLOWED><ENGCHGPRODUCTCATEGORYDETAILSNAME></ENGCHGPRODUCTCATEGORYDETAILSNAME><ENGCHGPRODUCTOWNERID></ENGCHGPRODUCTOWNERID><ENGCHGPRODUCTREADINESSPOLICYNAME></ENGCHGPRODUCTREADINESSPOLICYNAME><ENGCHGPRODUCTRELEASEPOLICYNAME></ENGCHGPRODUCTRELEASEPOLICYNAME><HARMONIZEDSYSTEMCODE></HARMONIZEDSYSTEMCODE><ISAUTOMATICVARIANTGENERATIONENABLED>No</ISAUTOMATICVARIANTGENERATIONENABLED><ISCATCHWEIGHTPRODUCT>No</ISCATCHWEIGHTPRODUCT><ISPRODUCTKIT>No</ISPRODUCTKIT><ISPRODUCTVARIANTUNITCONVERSIONENABLED>No</ISPRODUCTVARIANTUNITCONVERSIONENABLED><NMFCCODE></NMFCCODE><PRODUCTCOLORGROUPID></PRODUCTCOLORGROUPID><PRODUCTDESCRIPTION></PRODUCTDESCRIPTION><PRODUCTDIMENSIONGROUPNAME>STYLE+SIZE</PRODUCTDIMENSIONGROUPNAME><PRODUCTNAME>Scabbard</PRODUCTNAME><PRODUCTNUMBER>SCABBARD</PRODUCTNUMBER><PRODUCTSEARCHNAME>SCABBARD</PRODUCTSEARCHNAME><PRODUCTSIZEGROUPID></PRODUCTSIZEGROUPID><PRODUCTSTYLEGROUPID></PRODUCTSTYLEGROUPID><PRODUCTSUBTYPE>ProductMaster</PRODUCTSUBTYPE><PRODUCTTYPE>Item</PRODUCTTYPE><PRODUCTVARIANTNAMENOMENCLATURENAME></PRODUCTVARIANTNAMENOMENCLATURENAME><PRODUCTVARIANTNUMBERNOMENCLATURENAME></PRODUCTVARIANTNUMBERNOMENCLATURENAME><RETAILPRODUCTCATEGORYNAME></RETAILPRODUCTCATEGORYNAME><SERVICETYPE>NotSpecified</SERVICETYPE><STCCCODE></STCCCODE><STORAGEDIMENSIONGROUPNAME></STORAGEDIMENSIONGROUPNAME><TRACKINGDIMENSIONGROUPNAME></TRACKINGDIMENSIONGROUPNAME><VARIANTCONFIGURATIONTECHNOLOGY>PredefinedVariants</VARIANTCONFIGURATIONTECHNOLOGY><WARRANTYDURATIONTIME></WARRANTYDURATIONTIME><WARRANTYDURATIONTIMEUNIT></WARRANTYDURATIONTIMEUNIT></ECORESPRODUCTV2ENTITY><ECORESPRODUCTV2ENTITY><AREIDENTICALCONFIGURATIONSALLOWED></AREIDENTICALCONFIGURATIONSALLOWED><ENGCHGPRODUCTCATEGORYDETAILSNAME></ENGCHGPRODUCTCATEGORYDETAILSNAME><ENGCHGPRODUCTOWNERID></ENGCHGPRODUCTOWNERID><ENGCHGPRODUCTREADINESSPOLICYNAME></ENGCHGPRODUCTREADINESSPOLICYNAME><ENGCHGPRODUCTRELEASEPOLICYNAME></ENGCHGPRODUCTRELEASEPOLICYNAME><HARMONIZEDSYSTEMCODE></HARMONIZEDSYSTEMCODE><ISAUTOMATICVARIANTGENERATIONENABLED></ISAUTOMATICVARIANTGENERATIONENABLED><ISCATCHWEIGHTPRODUCT>No</ISCATCHWEIGHTPRODUCT><ISPRODUCTKIT>No</ISPRODUCTKIT><ISPRODUCTVARIANTUNITCONVERSIONENABLED></ISPRODUCTVARIANTUNITCONVERSIONENABLED><NMFCCODE></NMFCCODE><PRODUCTCOLORGROUPID></PRODUCTCOLORGROUPID><PRODUCTDESCRIPTION></PRODUCTDESCRIPTION><PRODUCTDIMENSIONGROUPNAME></PRODUCTDIMENSIONGROUPNAME><PRODUCTNAME>Slug, Horned</PRODUCTNAME><PRODUCTNUMBER>SLUGHORNED</PRODUCTNUMBER><PRODUCTSEARCHNAME>SLUGHORNED</PRODUCTSEARCHNAME><PRODUCTSIZEGROUPID></PRODUCTSIZEGROUPID><PRODUCTSTYLEGROUPID></PRODUCTSTYLEGROUPID><PRODUCTSUBTYPE>Product</PRODUCTSUBTYPE><PRODUCTTYPE>Item</PRODUCTTYPE><PRODUCTVARIANTNAMENOMENCLATURENAME></PRODUCTVARIANTNAMENOMENCLATURENAME><PRODUCTVARIANTNUMBERNOMENCLATURENAME></PRODUCTVARIANTNUMBERNOMENCLATURENAME><RETAILPRODUCTCATEGORYNAME></RETAILPRODUCTCATEGORYNAME><SERVICETYPE>NotSpecified</SERVICETYPE><STCCCODE></STCCCODE><STORAGEDIMENSIONGROUPNAME></STORAGEDIMENSIONGROUPNAME><TRACKINGDIMENSIONGROUPNAME></TRACKINGDIMENSIONGROUPNAME><VARIANTCONFIGURATIONTECHNOLOGY></VARIANTCONFIGURATIONTECHNOLOGY><WARRANTYDURATIONTIME></WARRANTYDURATIONTIME><WARRANTYDURATIONTIMEUNIT></WARRANTYDURATIONTIMEUNIT></ECORESPRODUCTV2ENTITY><ECORESPRODUCTV2ENTITY><AREIDENTICALCONFIGURATIONSALLOWED></AREIDENTICALCONFIGURATIONSALLOWED><ENGCHGPRODUCTCATEGORYDETAILSNAME></ENGCHGPRODUCTCATEGORYDETAILSNAME><ENGCHGPRODUCTOWNERID></ENGCHGPRODUCTOWNERID><ENGCHGPRODUCTREADINESSPOLICYNAME></ENGCHGPRODUCTREADINESSPOLICYNAME><ENGCHGPRODUCTRELEASEPOLICYNAME></ENGCHGPRODUCTRELEASEPOLICYNAME><HARMONIZEDSYSTEMCODE></HARMONIZEDSYSTEMCODE><ISAUTOMATICVARIANTGENERATIONENABLED></ISAUTOMATICVARIANTGENERATIONENABLED><ISCATCHWEIGHTPRODUCT>No</ISCATCHWEIGHTPRODUCT><ISPRODUCTKIT>No</ISPRODUCTKIT><ISPRODUCTVARIANTUNITCONVERSIONENABLED></ISPRODUCTVARIANTUNITCONVERSIONENABLED><NMFCCODE></NMFCCODE><PRODUCTCOLORGROUPID></PRODUCTCOLORGROUPID><PRODUCTDESCRIPTION></PRODUCTDESCRIPTION><PRODUCTDIMENSIONGROUPNAME></PRODUCTDIMENSIONGROUPNAME><PRODUCTNAME>Snake Fang</PRODUCTNAME><PRODUCTNUMBER>SNAKEFANG</PRODUCTNUMBER><PRODUCTSEARCHNAME>SNAKEFANG</PRODUCTSEARCHNAME><PRODUCTSIZEGROUPID></PRODUCTSIZEGROUPID><PRODUCTSTYLEGROUPID></PRODUCTSTYLEGROUPID><PRODUCTSUBTYPE>Product</PRODUCTSUBTYPE><PRODUCTTYPE>Item</PRODUCTTYPE><PRODUCTVARIANTNAMENOMENCLATURENAME></PRODUCTVARIANTNAMENOMENCLATURENAME><PRODUCTVARIANTNUMBERNOMENCLATURENAME></PRODUCTVARIANTNUMBERNOMENCLATURENAME><RETAILPRODUCTCATEGORYNAME></RETAILPRODUCTCATEGORYNAME><SERVICETYPE>NotSpecified</SERVICETYPE><STCCCODE></STCCCODE><STORAGEDIMENSIONGROUPNAME></STORAGEDIMENSIONGROUPNAME><TRACKINGDIMENSIONGROUPNAME></TRACKINGDIMENSIONGROUPNAME><VARIANTCONFIGURATIONTECHNOLOGY></VARIANTCONFIGURATIONTECHNOLOGY><WARRANTYDURATIONTIME></WARRANTYDURATIONTIME><WARRANTYDURATIONTIMEUNIT></WARRANTYDURATIONTIMEUNIT></ECORESPRODUCTV2ENTITY><ECORESPRODUCTV2ENTITY><AREIDENTICALCONFIGURATIONSALLOWED>No</AREIDENTICALCONFIGURATIONSALLOWED><ENGCHGPRODUCTCATEGORYDETAILSNAME></ENGCHGPRODUCTCATEGORYDETAILSNAME><ENGCHGPRODUCTOWNERID></ENGCHGPRODUCTOWNERID><ENGCHGPRODUCTREADINESSPOLICYNAME></ENGCHGPRODUCTREADINESSPOLICYNAME><ENGCHGPRODUCTRELEASEPOLICYNAME></ENGCHGPRODUCTRELEASEPOLICYNAME><HARMONIZEDSYSTEMCODE></HARMONIZEDSYSTEMCODE><ISAUTOMATICVARIANTGENERATIONENABLED>No</ISAUTOMATICVARIANTGENERATIONENABLED><ISCATCHWEIGHTPRODUCT>No</ISCATCHWEIGHTPRODUCT><ISPRODUCTKIT>No</ISPRODUCTKIT><ISPRODUCTVARIANTUNITCONVERSIONENABLED>No</ISPRODUCTVARIANTUNITCONVERSIONENABLED><NMFCCODE></NMFCCODE><PRODUCTCOLORGROUPID></PRODUCTCOLORGROUPID><PRODUCTDESCRIPTION></PRODUCTDESCRIPTION><PRODUCTDIMENSIONGROUPNAME>STYLE+SIZE</PRODUCTDIMENSIONGROUPNAME><PRODUCTNAME>STRING</PRODUCTNAME><PRODUCTNUMBER>STRING</PRODUCTNUMBER><PRODUCTSEARCHNAME>STRING</PRODUCTSEARCHNAME><PRODUCTSIZEGROUPID>DIAMETER</PRODUCTSIZEGROUPID><PRODUCTSTYLEGROUPID>MATERIAL</PRODUCTSTYLEGROUPID><PRODUCTSUBTYPE>ProductMaster</PRODUCTSUBTYPE><PRODUCTTYPE>Item</PRODUCTTYPE><PRODUCTVARIANTNAMENOMENCLATURENAME></PRODUCTVARIANTNAMENOMENCLATURENAME><PRODUCTVARIANTNUMBERNOMENCLATURENAME></PRODUCTVARIANTNUMBERNOMENCLATURENAME><RETAILPRODUCTCATEGORYNAME></RETAILPRODUCTCATEGORYNAME><SERVICETYPE>NotSpecified</SERVICETYPE><STCCCODE></STCCCODE><STORAGEDIMENSIONGROUPNAME></STORAGEDIMENSIONGROUPNAME><TRACKINGDIMENSIONGROUPNAME></TRACKINGDIMENSIONGROUPNAME><VARIANTCONFIGURATIONTECHNOLOGY>PredefinedVariants</VARIANTCONFIGURATIONTECHNOLOGY><WARRANTYDURATIONTIME></WARRANTYDURATIONTIME><WARRANTYDURATIONTIMEUNIT></WARRANTYDURATIONTIMEUNIT></ECORESPRODUCTV2ENTITY><ECORESPRODUCTV2ENTITY><AREIDENTICALCONFIGURATIONSALLOWED></AREIDENTICALCONFIGURATIONSALLOWED><ENGCHGPRODUCTCATEGORYDETAILSNAME></ENGCHGPRODUCTCATEGORYDETAILSNAME><ENGCHGPRODUCTOWNERID></ENGCHGPRODUCTOWNERID><ENGCHGPRODUCTREADINESSPOLICYNAME></ENGCHGPRODUCTREADINESSPOLICYNAME><ENGCHGPRODUCTRELEASEPOLICYNAME></ENGCHGPRODUCTRELEASEPOLICYNAME><HARMONIZEDSYSTEMCODE></HARMONIZEDSYSTEMCODE><ISAUTOMATICVARIANTGENERATIONENABLED></ISAUTOMATICVARIANTGENERATIONENABLED><ISCATCHWEIGHTPRODUCT>No</ISCATCHWEIGHTPRODUCT><ISPRODUCTKIT>No</ISPRODUCTKIT><ISPRODUCTVARIANTUNITCONVERSIONENABLED></ISPRODUCTVARIANTUNITCONVERSIONENABLED><NMFCCODE></NMFCCODE><PRODUCTCOLORGROUPID></PRODUCTCOLORGROUPID><PRODUCTDESCRIPTION></PRODUCTDESCRIPTION><PRODUCTDIMENSIONGROUPNAME></PRODUCTDIMENSIONGROUPNAME><PRODUCTNAME>Sword</PRODUCTNAME><PRODUCTNUMBER>SWORD</PRODUCTNUMBER><PRODUCTSEARCHNAME>Sword</PRODUCTSEARCHNAME><PRODUCTSIZEGROUPID></PRODUCTSIZEGROUPID><PRODUCTSTYLEGROUPID></PRODUCTSTYLEGROUPID><PRODUCTSUBTYPE>Product</PRODUCTSUBTYPE><PRODUCTTYPE>Item</PRODUCTTYPE><PRODUCTVARIANTNAMENOMENCLATURENAME></PRODUCTVARIANTNAMENOMENCLATURENAME><PRODUCTVARIANTNUMBERNOMENCLATURENAME></PRODUCTVARIANTNUMBERNOMENCLATURENAME><RETAILPRODUCTCATEGORYNAME>Weapons</RETAILPRODUCTCATEGORYNAME><SERVICETYPE>NotSpecified</SERVICETYPE><STCCCODE></STCCCODE><STORAGEDIMENSIONGROUPNAME></STORAGEDIMENSIONGROUPNAME><TRACKINGDIMENSIONGROUPNAME></TRACKINGDIMENSIONGROUPNAME><VARIANTCONFIGURATIONTECHNOLOGY></VARIANTCONFIGURATIONTECHNOLOGY><WARRANTYDURATIONTIME></WARRANTYDURATIONTIME><WARRANTYDURATIONTIMEUNIT></WARRANTYDURATIONTIMEUNIT></ECORESPRODUCTV2ENTITY><ECORESPRODUCTV2ENTITY><AREIDENTICALCONFIGURATIONSALLOWED>No</AREIDENTICALCONFIGURATIONSALLOWED><ENGCHGPRODUCTCATEGORYDETAILSNAME></ENGCHGPRODUCTCATEGORYDETAILSNAME><ENGCHGPRODUCTOWNERID></ENGCHGPRODUCTOWNERID><ENGCHGPRODUCTREADINESSPOLICYNAME></ENGCHGPRODUCTREADINESSPOLICYNAME><ENGCHGPRODUCTRELEASEPOLICYNAME></ENGCHGPRODUCTRELEASEPOLICYNAME><HARMONIZEDSYSTEMCODE></HARMONIZEDSYSTEMCODE><ISAUTOMATICVARIANTGENERATIONENABLED>No</ISAUTOMATICVARIANTGENERATIONENABLED><ISCATCHWEIGHTPRODUCT>No</ISCATCHWEIGHTPRODUCT><ISPRODUCTKIT>No</ISPRODUCTKIT><ISPRODUCTVARIANTUNITCONVERSIONENABLED>No</ISPRODUCTVARIANTUNITCONVERSIONENABLED><NMFCCODE></NMFCCODE><PRODUCTCOLORGROUPID></PRODUCTCOLORGROUPID><PRODUCTDESCRIPTION></PRODUCTDESCRIPTION><PRODUCTDIMENSIONGROUPNAME>STYLE</PRODUCTDIMENSIONGROUPNAME><PRODUCTNAME>Tinder Box</PRODUCTNAME><PRODUCTNUMBER>TINDERBOX</PRODUCTNUMBER><PRODUCTSEARCHNAME>TINDERBOX</PRODUCTSEARCHNAME><PRODUCTSIZEGROUPID></PRODUCTSIZEGROUPID><PRODUCTSTYLEGROUPID></PRODUCTSTYLEGROUPID><PRODUCTSUBTYPE>ProductMaster</PRODUCTSUBTYPE><PRODUCTTYPE>Item</PRODUCTTYPE><PRODUCTVARIANTNAMENOMENCLATURENAME></PRODUCTVARIANTNAMENOMENCLATURENAME><PRODUCTVARIANTNUMBERNOMENCLATURENAME></PRODUCTVARIANTNUMBERNOMENCLATURENAME><RETAILPRODUCTCATEGORYNAME></RETAILPRODUCTCATEGORYNAME><SERVICETYPE>NotSpecified</SERVICETYPE><STCCCODE></STCCCODE><STORAGEDIMENSIONGROUPNAME></STORAGEDIMENSIONGROUPNAME><TRACKINGDIMENSIONGROUPNAME></TRACKINGDIMENSIONGROUPNAME><VARIANTCONFIGURATIONTECHNOLOGY>PredefinedVariants</VARIANTCONFIGURATIONTECHNOLOGY><WARRANTYDURATIONTIME></WARRANTYDURATIONTIME><WARRANTYDURATIONTIMEUNIT></WARRANTYDURATIONTIMEUNIT></ECORESPRODUCTV2ENTITY><ECORESPRODUCTV2ENTITY><AREIDENTICALCONFIGURATIONSALLOWED>No</AREIDENTICALCONFIGURATIONSALLOWED><ENGCHGPRODUCTCATEGORYDETAILSNAME></ENGCHGPRODUCTCATEGORYDETAILSNAME><ENGCHGPRODUCTOWNERID></ENGCHGPRODUCTOWNERID><ENGCHGPRODUCTREADINESSPOLICYNAME></ENGCHGPRODUCTREADINESSPOLICYNAME><ENGCHGPRODUCTRELEASEPOLICYNAME></ENGCHGPRODUCTRELEASEPOLICYNAME><HARMONIZEDSYSTEMCODE></HARMONIZEDSYSTEMCODE><ISAUTOMATICVARIANTGENERATIONENABLED>No</ISAUTOMATICVARIANTGENERATIONENABLED><ISCATCHWEIGHTPRODUCT>No</ISCATCHWEIGHTPRODUCT><ISPRODUCTKIT>No</ISPRODUCTKIT><ISPRODUCTVARIANTUNITCONVERSIONENABLED>No</ISPRODUCTVARIANTUNITCONVERSIONENABLED><NMFCCODE></NMFCCODE><PRODUCTCOLORGROUPID></PRODUCTCOLORGROUPID><PRODUCTDESCRIPTION></PRODUCTDESCRIPTION><PRODUCTDIMENSIONGROUPNAME>SIZE</PRODUCTDIMENSIONGROUPNAME><PRODUCTNAME>Waterskin</PRODUCTNAME><PRODUCTNUMBER>WATERSKIN</PRODUCTNUMBER><PRODUCTSEARCHNAME>WATERSKIN</PRODUCTSEARCHNAME><PRODUCTSIZEGROUPID></PRODUCTSIZEGROUPID><PRODUCTSTYLEGROUPID></PRODUCTSTYLEGROUPID><PRODUCTSUBTYPE>ProductMaster</PRODUCTSUBTYPE><PRODUCTTYPE>Item</PRODUCTTYPE><PRODUCTVARIANTNAMENOMENCLATURENAME></PRODUCTVARIANTNAMENOMENCLATURENAME><PRODUCTVARIANTNUMBERNOMENCLATURENAME></PRODUCTVARIANTNUMBERNOMENCLATURENAME><RETAILPRODUCTCATEGORYNAME></RETAILPRODUCTCATEGORYNAME><SERVICETYPE>NotSpecified</SERVICETYPE><STCCCODE></STCCCODE><STORAGEDIMENSIONGROUPNAME></STORAGEDIMENSIONGROUPNAME><TRACKINGDIMENSIONGROUPNAME></TRACKINGDIMENSIONGROUPNAME><VARIANTCONFIGURATIONTECHNOLOGY>PredefinedVariants</VARIANTCONFIGURATIONTECHNOLOGY><WARRANTYDURATIONTIME></WARRANTYDURATIONTIME><WARRANTYDURATIONTIMEUNIT></WARRANTYDURATIONTIMEUNIT></ECORESPRODUCTV2ENTITY></Document>