﻿<?xml version="1.0" encoding="utf-8"?><Document><ECORESPRODUCTATTRIBUTEGROUPTRANSLATIONENTITY><LANGUAGEID>en-US</LANGUAGEID><PRODUCTATTRIBUTEGROUPNAME>Armor attributes</PRODUCTATTRIBUTEGROUPNAME><TRANSLATEDFRIENDLYGROUPNAME>Armor attributes</TRANSLATEDFRIENDLYGROUPNAME><TRANSLATEDGROUPDESCRIPTION>Armor attributes</TRANSLATEDGROUPDESCRIPTION><TRANSLATEDGROUPHELPTEXT></TRANSLATEDGROUPHELPTEXT></ECORESPRODUCTATTRIBUTEGROUPTRANSLATIONENTITY><ECORESPRODUCTATTRIBUTEGROUPTRANSLATIONENTITY><LANGUAGEID>en-US</LANGUAGEID><PRODUCTATTRIBUTEGROUPNAME>Weapon attributes</PRODUCTATTRIBUTEGROUPNAME><TRANSLATEDFRIENDLYGROUPNAME>Weapon attributes</TRANSLATEDFRIENDLYGROUPNAME><TRANSLATEDGROUPDESCRIPTION>Weapon attributes</TRANSLATEDGROUPDESCRIPTION><TRANSLATEDGROUPHELPTEXT></TRANSLATEDGROUPHELPTEXT></ECORESPRODUCTATTRIBUTEGROUPTRANSLATIONENTITY></Document>