﻿<?xml version="1.0" encoding="utf-8"?><Document><ECORESPRODUCTATTRIBUTEVALUETYPEENTITY><CURRENCYCODE></CURRENCYCODE><LOWERCURRENCYVALUE></LOWERCURRENCYVALUE><LOWERDATETIMEVALUE></LOWERDATETIMEVALUE><LOWERDECIMALVALUE></LOWERDECIMALVALUE><LOWERINTEGERVALUE></LOWERINTEGERVALUE><PRODUCTATTRIBUTETYPENAME>AbilityScore</PRODUCTATTRIBUTETYPENAME><UNITSYMBOL></UNITSYMBOL><UPPERCURRENCYVALUE></UPPERCURRENCYVALUE><UPPERDATETIMEVALUE></UPPERDATETIMEVALUE><UPPERDECIMALVALUE></UPPERDECIMALVALUE><UPPERINTEGERVALUE></UPPERINTEGERVALUE><VALUETYPE>Integer</VALUETYPE></ECORESPRODUCTATTRIBUTEVALUETYPEENTITY><ECORESPRODUCTATTRIBUTEVALUETYPEENTITY><CURRENCYCODE></CURRENCYCODE><LOWERCURRENCYVALUE></LOWERCURRENCYVALUE><LOWERDATETIMEVALUE></LOWERDATETIMEVALUE><LOWERDECIMALVALUE></LOWERDECIMALVALUE><LOWERINTEGERVALUE></LOWERINTEGERVALUE><PRODUCTATTRIBUTETYPENAME>ArmorClass</PRODUCTATTRIBUTETYPENAME><UNITSYMBOL></UNITSYMBOL><UPPERCURRENCYVALUE></UPPERCURRENCYVALUE><UPPERDATETIMEVALUE></UPPERDATETIMEVALUE><UPPERDECIMALVALUE></UPPERDECIMALVALUE><UPPERINTEGERVALUE></UPPERINTEGERVALUE><VALUETYPE>Integer</VALUETYPE></ECORESPRODUCTATTRIBUTEVALUETYPEENTITY><ECORESPRODUCTATTRIBUTEVALUETYPEENTITY><CURRENCYCODE></CURRENCYCODE><LOWERCURRENCYVALUE></LOWERCURRENCYVALUE><LOWERDATETIMEVALUE></LOWERDATETIMEVALUE><LOWERDECIMALVALUE></LOWERDECIMALVALUE><LOWERINTEGERVALUE></LOWERINTEGERVALUE><PRODUCTATTRIBUTETYPENAME>Boolean</PRODUCTATTRIBUTETYPENAME><UNITSYMBOL></UNITSYMBOL><UPPERCURRENCYVALUE></UPPERCURRENCYVALUE><UPPERDATETIMEVALUE></UPPERDATETIMEVALUE><UPPERDECIMALVALUE></UPPERDECIMALVALUE><UPPERINTEGERVALUE></UPPERINTEGERVALUE><VALUETYPE>TrueFalse</VALUETYPE></ECORESPRODUCTATTRIBUTEVALUETYPEENTITY><ECORESPRODUCTATTRIBUTEVALUETYPEENTITY><CURRENCYCODE></CURRENCYCODE><LOWERCURRENCYVALUE></LOWERCURRENCYVALUE><LOWERDATETIMEVALUE></LOWERDATETIMEVALUE><LOWERDECIMALVALUE></LOWERDECIMALVALUE><LOWERINTEGERVALUE></LOWERINTEGERVALUE><PRODUCTATTRIBUTETYPENAME>DateTime</PRODUCTATTRIBUTETYPENAME><UNITSYMBOL></UNITSYMBOL><UPPERCURRENCYVALUE></UPPERCURRENCYVALUE><UPPERDATETIMEVALUE></UPPERDATETIMEVALUE><UPPERDECIMALVALUE></UPPERDECIMALVALUE><UPPERINTEGERVALUE></UPPERINTEGERVALUE><VALUETYPE>DateTime</VALUETYPE></ECORESPRODUCTATTRIBUTEVALUETYPEENTITY><ECORESPRODUCTATTRIBUTEVALUETYPEENTITY><CURRENCYCODE></CURRENCYCODE><LOWERCURRENCYVALUE></LOWERCURRENCYVALUE><LOWERDATETIMEVALUE></LOWERDATETIMEVALUE><LOWERDECIMALVALUE></LOWERDECIMALVALUE><LOWERINTEGERVALUE></LOWERINTEGERVALUE><PRODUCTATTRIBUTETYPENAME>Modifer</PRODUCTATTRIBUTETYPENAME><UNITSYMBOL></UNITSYMBOL><UPPERCURRENCYVALUE></UPPERCURRENCYVALUE><UPPERDATETIMEVALUE></UPPERDATETIMEVALUE><UPPERDECIMALVALUE></UPPERDECIMALVALUE><UPPERINTEGERVALUE></UPPERINTEGERVALUE><VALUETYPE>Integer</VALUETYPE></ECORESPRODUCTATTRIBUTEVALUETYPEENTITY></Document>