﻿<?xml version="1.0" encoding="utf-8"?><Document><ECORESPRODUCTMASTERSIZEENTITY><DISPLAYSEQUENCENUMBER>0.000000</DISPLAYSEQUENCENUMBER><PRODUCTMASTERNUMBER>BACKPACK</PRODUCTMASTERNUMBER><PRODUCTSIZEID>150GP</PRODUCTSIZEID><REPLENISHMENTWEIGHT>0</REPLENISHMENTWEIGHT></ECORESPRODUCTMASTERSIZEENTITY><ECORESPRODUCTMASTERSIZEENTITY><DISPLAYSEQUENCENUMBER>0.000000</DISPLAYSEQUENCENUMBER><PRODUCTMASTERNUMBER>BACKPACK</PRODUCTMASTERNUMBER><PRODUCTSIZEID>450GP</PRODUCTSIZEID><REPLENISHMENTWEIGHT>0</REPLENISHMENTWEIGHT></ECORESPRODUCTMASTERSIZEENTITY><ECORESPRODUCTMASTERSIZEENTITY><DISPLAYSEQUENCENUMBER>0.000000</DISPLAYSEQUENCENUMBER><PRODUCTMASTERNUMBER>BACKPACK</PRODUCTMASTERNUMBER><PRODUCTSIZEID>LRG</PRODUCTSIZEID><REPLENISHMENTWEIGHT>0</REPLENISHMENTWEIGHT></ECORESPRODUCTMASTERSIZEENTITY><ECORESPRODUCTMASTERSIZEENTITY><DISPLAYSEQUENCENUMBER>0.000000</DISPLAYSEQUENCENUMBER><PRODUCTMASTERNUMBER>BACKPACK</PRODUCTMASTERNUMBER><PRODUCTSIZEID>MED</PRODUCTSIZEID><REPLENISHMENTWEIGHT>0</REPLENISHMENTWEIGHT></ECORESPRODUCTMASTERSIZEENTITY><ECORESPRODUCTMASTERSIZEENTITY><DISPLAYSEQUENCENUMBER>0.000000</DISPLAYSEQUENCENUMBER><PRODUCTMASTERNUMBER>BACKPACK</PRODUCTMASTERNUMBER><PRODUCTSIZEID>SML</PRODUCTSIZEID><REPLENISHMENTWEIGHT>0</REPLENISHMENTWEIGHT></ECORESPRODUCTMASTERSIZEENTITY><ECORESPRODUCTMASTERSIZEENTITY><DISPLAYSEQUENCENUMBER>0.000000</DISPLAYSEQUENCENUMBER><PRODUCTMASTERNUMBER>BACKPACK</PRODUCTMASTERNUMBER><PRODUCTSIZEID>STD</PRODUCTSIZEID><REPLENISHMENTWEIGHT>0</REPLENISHMENTWEIGHT></ECORESPRODUCTMASTERSIZEENTITY><ECORESPRODUCTMASTERSIZEENTITY><DISPLAYSEQUENCENUMBER>0.000000</DISPLAYSEQUENCENUMBER><PRODUCTMASTERNUMBER>BACKPACK</PRODUCTMASTERNUMBER><PRODUCTSIZEID>XLG</PRODUCTSIZEID><REPLENISHMENTWEIGHT>0</REPLENISHMENTWEIGHT></ECORESPRODUCTMASTERSIZEENTITY><ECORESPRODUCTMASTERSIZEENTITY><DISPLAYSEQUENCENUMBER>0.000000</DISPLAYSEQUENCENUMBER><PRODUCTMASTERNUMBER>BACKPACK</PRODUCTMASTERNUMBER><PRODUCTSIZEID>XSM</PRODUCTSIZEID><REPLENISHMENTWEIGHT>0</REPLENISHMENTWEIGHT></ECORESPRODUCTMASTERSIZEENTITY><ECORESPRODUCTMASTERSIZEENTITY><DISPLAYSEQUENCENUMBER>0.000000</DISPLAYSEQUENCENUMBER><PRODUCTMASTERNUMBER>BACKPACK</PRODUCTMASTERNUMBER><PRODUCTSIZEID>XXL</PRODUCTSIZEID><REPLENISHMENTWEIGHT>0</REPLENISHMENTWEIGHT></ECORESPRODUCTMASTERSIZEENTITY><ECORESPRODUCTMASTERSIZEENTITY><DISPLAYSEQUENCENUMBER>5.000000</DISPLAYSEQUENCENUMBER><PRODUCTMASTERNUMBER>BALLBEARING</PRODUCTMASTERNUMBER><PRODUCTSIZEID>LRG</PRODUCTSIZEID><REPLENISHMENTWEIGHT>0</REPLENISHMENTWEIGHT></ECORESPRODUCTMASTERSIZEENTITY><ECORESPRODUCTMASTERSIZEENTITY><DISPLAYSEQUENCENUMBER>3.000000</DISPLAYSEQUENCENUMBER><PRODUCTMASTERNUMBER>BALLBEARING</PRODUCTMASTERNUMBER><PRODUCTSIZEID>MED</PRODUCTSIZEID><REPLENISHMENTWEIGHT>0</REPLENISHMENTWEIGHT></ECORESPRODUCTMASTERSIZEENTITY><ECORESPRODUCTMASTERSIZEENTITY><DISPLAYSEQUENCENUMBER>2.000000</DISPLAYSEQUENCENUMBER><PRODUCTMASTERNUMBER>BALLBEARING</PRODUCTMASTERNUMBER><PRODUCTSIZEID>SML</PRODUCTSIZEID><REPLENISHMENTWEIGHT>0</REPLENISHMENTWEIGHT></ECORESPRODUCTMASTERSIZEENTITY><ECORESPRODUCTMASTERSIZEENTITY><DISPLAYSEQUENCENUMBER>4.000000</DISPLAYSEQUENCENUMBER><PRODUCTMASTERNUMBER>BALLBEARING</PRODUCTMASTERNUMBER><PRODUCTSIZEID>STD</PRODUCTSIZEID><REPLENISHMENTWEIGHT>0</REPLENISHMENTWEIGHT></ECORESPRODUCTMASTERSIZEENTITY><ECORESPRODUCTMASTERSIZEENTITY><DISPLAYSEQUENCENUMBER>6.000000</DISPLAYSEQUENCENUMBER><PRODUCTMASTERNUMBER>BALLBEARING</PRODUCTMASTERNUMBER><PRODUCTSIZEID>XLG</PRODUCTSIZEID><REPLENISHMENTWEIGHT>0</REPLENISHMENTWEIGHT></ECORESPRODUCTMASTERSIZEENTITY><ECORESPRODUCTMASTERSIZEENTITY><DISPLAYSEQUENCENUMBER>1.000000</DISPLAYSEQUENCENUMBER><PRODUCTMASTERNUMBER>BALLBEARING</PRODUCTMASTERNUMBER><PRODUCTSIZEID>XSM</PRODUCTSIZEID><REPLENISHMENTWEIGHT>0</REPLENISHMENTWEIGHT></ECORESPRODUCTMASTERSIZEENTITY><ECORESPRODUCTMASTERSIZEENTITY><DISPLAYSEQUENCENUMBER>7.000000</DISPLAYSEQUENCENUMBER><PRODUCTMASTERNUMBER>BALLBEARING</PRODUCTMASTERNUMBER><PRODUCTSIZEID>XXL</PRODUCTSIZEID><REPLENISHMENTWEIGHT>0</REPLENISHMENTWEIGHT></ECORESPRODUCTMASTERSIZEENTITY><ECORESPRODUCTMASTERSIZEENTITY><DISPLAYSEQUENCENUMBER>0.000000</DISPLAYSEQUENCENUMBER><PRODUCTMASTERNUMBER>BARREL</PRODUCTMASTERNUMBER><PRODUCTSIZEID>30 GAL</PRODUCTSIZEID><REPLENISHMENTWEIGHT>0</REPLENISHMENTWEIGHT></ECORESPRODUCTMASTERSIZEENTITY><ECORESPRODUCTMASTERSIZEENTITY><DISPLAYSEQUENCENUMBER>0.000000</DISPLAYSEQUENCENUMBER><PRODUCTMASTERNUMBER>BARREL</PRODUCTMASTERNUMBER><PRODUCTSIZEID>40 GAL</PRODUCTSIZEID><REPLENISHMENTWEIGHT>0</REPLENISHMENTWEIGHT></ECORESPRODUCTMASTERSIZEENTITY><ECORESPRODUCTMASTERSIZEENTITY><DISPLAYSEQUENCENUMBER>0.000000</DISPLAYSEQUENCENUMBER><PRODUCTMASTERNUMBER>BARREL</PRODUCTMASTERNUMBER><PRODUCTSIZEID>5 GAL</PRODUCTSIZEID><REPLENISHMENTWEIGHT>0</REPLENISHMENTWEIGHT></ECORESPRODUCTMASTERSIZEENTITY><ECORESPRODUCTMASTERSIZEENTITY><DISPLAYSEQUENCENUMBER>0.000000</DISPLAYSEQUENCENUMBER><PRODUCTMASTERNUMBER>BARREL</PRODUCTMASTERNUMBER><PRODUCTSIZEID>50 GAL</PRODUCTSIZEID><REPLENISHMENTWEIGHT>0</REPLENISHMENTWEIGHT></ECORESPRODUCTMASTERSIZEENTITY><ECORESPRODUCTMASTERSIZEENTITY><DISPLAYSEQUENCENUMBER>0.000000</DISPLAYSEQUENCENUMBER><PRODUCTMASTERNUMBER>BARREL</PRODUCTMASTERNUMBER><PRODUCTSIZEID>60 GAL</PRODUCTSIZEID><REPLENISHMENTWEIGHT>0</REPLENISHMENTWEIGHT></ECORESPRODUCTMASTERSIZEENTITY><ECORESPRODUCTMASTERSIZEENTITY><DISPLAYSEQUENCENUMBER>5.000000</DISPLAYSEQUENCENUMBER><PRODUCTMASTERNUMBER>BELL</PRODUCTMASTERNUMBER><PRODUCTSIZEID>LRG</PRODUCTSIZEID><REPLENISHMENTWEIGHT>0</REPLENISHMENTWEIGHT></ECORESPRODUCTMASTERSIZEENTITY><ECORESPRODUCTMASTERSIZEENTITY><DISPLAYSEQUENCENUMBER>3.000000</DISPLAYSEQUENCENUMBER><PRODUCTMASTERNUMBER>BELL</PRODUCTMASTERNUMBER><PRODUCTSIZEID>MED</PRODUCTSIZEID><REPLENISHMENTWEIGHT>0</REPLENISHMENTWEIGHT></ECORESPRODUCTMASTERSIZEENTITY><ECORESPRODUCTMASTERSIZEENTITY><DISPLAYSEQUENCENUMBER>2.000000</DISPLAYSEQUENCENUMBER><PRODUCTMASTERNUMBER>BELL</PRODUCTMASTERNUMBER><PRODUCTSIZEID>SML</PRODUCTSIZEID><REPLENISHMENTWEIGHT>0</REPLENISHMENTWEIGHT></ECORESPRODUCTMASTERSIZEENTITY><ECORESPRODUCTMASTERSIZEENTITY><DISPLAYSEQUENCENUMBER>4.000000</DISPLAYSEQUENCENUMBER><PRODUCTMASTERNUMBER>BELL</PRODUCTMASTERNUMBER><PRODUCTSIZEID>STD</PRODUCTSIZEID><REPLENISHMENTWEIGHT>0</REPLENISHMENTWEIGHT></ECORESPRODUCTMASTERSIZEENTITY><ECORESPRODUCTMASTERSIZEENTITY><DISPLAYSEQUENCENUMBER>6.000000</DISPLAYSEQUENCENUMBER><PRODUCTMASTERNUMBER>BELL</PRODUCTMASTERNUMBER><PRODUCTSIZEID>XLG</PRODUCTSIZEID><REPLENISHMENTWEIGHT>0</REPLENISHMENTWEIGHT></ECORESPRODUCTMASTERSIZEENTITY><ECORESPRODUCTMASTERSIZEENTITY><DISPLAYSEQUENCENUMBER>1.000000</DISPLAYSEQUENCENUMBER><PRODUCTMASTERNUMBER>BELL</PRODUCTMASTERNUMBER><PRODUCTSIZEID>XSM</PRODUCTSIZEID><REPLENISHMENTWEIGHT>0</REPLENISHMENTWEIGHT></ECORESPRODUCTMASTERSIZEENTITY><ECORESPRODUCTMASTERSIZEENTITY><DISPLAYSEQUENCENUMBER>7.000000</DISPLAYSEQUENCENUMBER><PRODUCTMASTERNUMBER>BELL</PRODUCTMASTERNUMBER><PRODUCTSIZEID>XXL</PRODUCTSIZEID><REPLENISHMENTWEIGHT>0</REPLENISHMENTWEIGHT></ECORESPRODUCTMASTERSIZEENTITY><ECORESPRODUCTMASTERSIZEENTITY><DISPLAYSEQUENCENUMBER>60.000000</DISPLAYSEQUENCENUMBER><PRODUCTMASTERNUMBER>BOTTLE</PRODUCTMASTERNUMBER><PRODUCTSIZEID>LRG</PRODUCTSIZEID><REPLENISHMENTWEIGHT>0</REPLENISHMENTWEIGHT></ECORESPRODUCTMASTERSIZEENTITY><ECORESPRODUCTMASTERSIZEENTITY><DISPLAYSEQUENCENUMBER>20.000000</DISPLAYSEQUENCENUMBER><PRODUCTMASTERNUMBER>BOTTLE</PRODUCTMASTERNUMBER><PRODUCTSIZEID>MED</PRODUCTSIZEID><REPLENISHMENTWEIGHT>0</REPLENISHMENTWEIGHT></ECORESPRODUCTMASTERSIZEENTITY><ECORESPRODUCTMASTERSIZEENTITY><DISPLAYSEQUENCENUMBER>10.000000</DISPLAYSEQUENCENUMBER><PRODUCTMASTERNUMBER>BOTTLE</PRODUCTMASTERNUMBER><PRODUCTSIZEID>SML</PRODUCTSIZEID><REPLENISHMENTWEIGHT>0</REPLENISHMENTWEIGHT></ECORESPRODUCTMASTERSIZEENTITY><ECORESPRODUCTMASTERSIZEENTITY><DISPLAYSEQUENCENUMBER>50.000000</DISPLAYSEQUENCENUMBER><PRODUCTMASTERNUMBER>BOTTLE</PRODUCTMASTERNUMBER><PRODUCTSIZEID>STD</PRODUCTSIZEID><REPLENISHMENTWEIGHT>0</REPLENISHMENTWEIGHT></ECORESPRODUCTMASTERSIZEENTITY><ECORESPRODUCTMASTERSIZEENTITY><DISPLAYSEQUENCENUMBER>5.000000</DISPLAYSEQUENCENUMBER><PRODUCTMASTERNUMBER>BOTTLE</PRODUCTMASTERNUMBER><PRODUCTSIZEID>XSM</PRODUCTSIZEID><REPLENISHMENTWEIGHT>0</REPLENISHMENTWEIGHT></ECORESPRODUCTMASTERSIZEENTITY><ECORESPRODUCTMASTERSIZEENTITY><DISPLAYSEQUENCENUMBER>5.000000</DISPLAYSEQUENCENUMBER><PRODUCTMASTERNUMBER>BURGLARPACK</PRODUCTMASTERNUMBER><PRODUCTSIZEID>LRG</PRODUCTSIZEID><REPLENISHMENTWEIGHT>0</REPLENISHMENTWEIGHT></ECORESPRODUCTMASTERSIZEENTITY><ECORESPRODUCTMASTERSIZEENTITY><DISPLAYSEQUENCENUMBER>3.000000</DISPLAYSEQUENCENUMBER><PRODUCTMASTERNUMBER>BURGLARPACK</PRODUCTMASTERNUMBER><PRODUCTSIZEID>MED</PRODUCTSIZEID><REPLENISHMENTWEIGHT>0</REPLENISHMENTWEIGHT></ECORESPRODUCTMASTERSIZEENTITY><ECORESPRODUCTMASTERSIZEENTITY><DISPLAYSEQUENCENUMBER>2.000000</DISPLAYSEQUENCENUMBER><PRODUCTMASTERNUMBER>BURGLARPACK</PRODUCTMASTERNUMBER><PRODUCTSIZEID>SML</PRODUCTSIZEID><REPLENISHMENTWEIGHT>0</REPLENISHMENTWEIGHT></ECORESPRODUCTMASTERSIZEENTITY><ECORESPRODUCTMASTERSIZEENTITY><DISPLAYSEQUENCENUMBER>4.000000</DISPLAYSEQUENCENUMBER><PRODUCTMASTERNUMBER>BURGLARPACK</PRODUCTMASTERNUMBER><PRODUCTSIZEID>STD</PRODUCTSIZEID><REPLENISHMENTWEIGHT>0</REPLENISHMENTWEIGHT></ECORESPRODUCTMASTERSIZEENTITY><ECORESPRODUCTMASTERSIZEENTITY><DISPLAYSEQUENCENUMBER>6.000000</DISPLAYSEQUENCENUMBER><PRODUCTMASTERNUMBER>BURGLARPACK</PRODUCTMASTERNUMBER><PRODUCTSIZEID>XLG</PRODUCTSIZEID><REPLENISHMENTWEIGHT>0</REPLENISHMENTWEIGHT></ECORESPRODUCTMASTERSIZEENTITY><ECORESPRODUCTMASTERSIZEENTITY><DISPLAYSEQUENCENUMBER>1.000000</DISPLAYSEQUENCENUMBER><PRODUCTMASTERNUMBER>BURGLARPACK</PRODUCTMASTERNUMBER><PRODUCTSIZEID>XSM</PRODUCTSIZEID><REPLENISHMENTWEIGHT>0</REPLENISHMENTWEIGHT></ECORESPRODUCTMASTERSIZEENTITY><ECORESPRODUCTMASTERSIZEENTITY><DISPLAYSEQUENCENUMBER>7.000000</DISPLAYSEQUENCENUMBER><PRODUCTMASTERNUMBER>BURGLARPACK</PRODUCTMASTERNUMBER><PRODUCTSIZEID>XXL</PRODUCTSIZEID><REPLENISHMENTWEIGHT>0</REPLENISHMENTWEIGHT></ECORESPRODUCTMASTERSIZEENTITY><ECORESPRODUCTMASTERSIZEENTITY><DISPLAYSEQUENCENUMBER>5.000000</DISPLAYSEQUENCENUMBER><PRODUCTMASTERNUMBER>CANDLE</PRODUCTMASTERNUMBER><PRODUCTSIZEID>LRG</PRODUCTSIZEID><REPLENISHMENTWEIGHT>0</REPLENISHMENTWEIGHT></ECORESPRODUCTMASTERSIZEENTITY><ECORESPRODUCTMASTERSIZEENTITY><DISPLAYSEQUENCENUMBER>3.000000</DISPLAYSEQUENCENUMBER><PRODUCTMASTERNUMBER>CANDLE</PRODUCTMASTERNUMBER><PRODUCTSIZEID>MED</PRODUCTSIZEID><REPLENISHMENTWEIGHT>0</REPLENISHMENTWEIGHT></ECORESPRODUCTMASTERSIZEENTITY><ECORESPRODUCTMASTERSIZEENTITY><DISPLAYSEQUENCENUMBER>2.000000</DISPLAYSEQUENCENUMBER><PRODUCTMASTERNUMBER>CANDLE</PRODUCTMASTERNUMBER><PRODUCTSIZEID>SML</PRODUCTSIZEID><REPLENISHMENTWEIGHT>0</REPLENISHMENTWEIGHT></ECORESPRODUCTMASTERSIZEENTITY><ECORESPRODUCTMASTERSIZEENTITY><DISPLAYSEQUENCENUMBER>4.000000</DISPLAYSEQUENCENUMBER><PRODUCTMASTERNUMBER>CANDLE</PRODUCTMASTERNUMBER><PRODUCTSIZEID>STD</PRODUCTSIZEID><REPLENISHMENTWEIGHT>0</REPLENISHMENTWEIGHT></ECORESPRODUCTMASTERSIZEENTITY><ECORESPRODUCTMASTERSIZEENTITY><DISPLAYSEQUENCENUMBER>6.000000</DISPLAYSEQUENCENUMBER><PRODUCTMASTERNUMBER>CANDLE</PRODUCTMASTERNUMBER><PRODUCTSIZEID>XLG</PRODUCTSIZEID><REPLENISHMENTWEIGHT>0</REPLENISHMENTWEIGHT></ECORESPRODUCTMASTERSIZEENTITY><ECORESPRODUCTMASTERSIZEENTITY><DISPLAYSEQUENCENUMBER>1.000000</DISPLAYSEQUENCENUMBER><PRODUCTMASTERNUMBER>CANDLE</PRODUCTMASTERNUMBER><PRODUCTSIZEID>XSM</PRODUCTSIZEID><REPLENISHMENTWEIGHT>0</REPLENISHMENTWEIGHT></ECORESPRODUCTMASTERSIZEENTITY><ECORESPRODUCTMASTERSIZEENTITY><DISPLAYSEQUENCENUMBER>7.000000</DISPLAYSEQUENCENUMBER><PRODUCTMASTERNUMBER>CANDLE</PRODUCTMASTERNUMBER><PRODUCTSIZEID>XXL</PRODUCTSIZEID><REPLENISHMENTWEIGHT>0</REPLENISHMENTWEIGHT></ECORESPRODUCTMASTERSIZEENTITY><ECORESPRODUCTMASTERSIZEENTITY><DISPLAYSEQUENCENUMBER>5.000000</DISPLAYSEQUENCENUMBER><PRODUCTMASTERNUMBER>CROWBAR</PRODUCTMASTERNUMBER><PRODUCTSIZEID>LRG</PRODUCTSIZEID><REPLENISHMENTWEIGHT>0</REPLENISHMENTWEIGHT></ECORESPRODUCTMASTERSIZEENTITY><ECORESPRODUCTMASTERSIZEENTITY><DISPLAYSEQUENCENUMBER>3.000000</DISPLAYSEQUENCENUMBER><PRODUCTMASTERNUMBER>CROWBAR</PRODUCTMASTERNUMBER><PRODUCTSIZEID>MED</PRODUCTSIZEID><REPLENISHMENTWEIGHT>0</REPLENISHMENTWEIGHT></ECORESPRODUCTMASTERSIZEENTITY><ECORESPRODUCTMASTERSIZEENTITY><DISPLAYSEQUENCENUMBER>2.000000</DISPLAYSEQUENCENUMBER><PRODUCTMASTERNUMBER>CROWBAR</PRODUCTMASTERNUMBER><PRODUCTSIZEID>SML</PRODUCTSIZEID><REPLENISHMENTWEIGHT>0</REPLENISHMENTWEIGHT></ECORESPRODUCTMASTERSIZEENTITY><ECORESPRODUCTMASTERSIZEENTITY><DISPLAYSEQUENCENUMBER>4.000000</DISPLAYSEQUENCENUMBER><PRODUCTMASTERNUMBER>CROWBAR</PRODUCTMASTERNUMBER><PRODUCTSIZEID>STD</PRODUCTSIZEID><REPLENISHMENTWEIGHT>0</REPLENISHMENTWEIGHT></ECORESPRODUCTMASTERSIZEENTITY><ECORESPRODUCTMASTERSIZEENTITY><DISPLAYSEQUENCENUMBER>6.000000</DISPLAYSEQUENCENUMBER><PRODUCTMASTERNUMBER>CROWBAR</PRODUCTMASTERNUMBER><PRODUCTSIZEID>XLG</PRODUCTSIZEID><REPLENISHMENTWEIGHT>0</REPLENISHMENTWEIGHT></ECORESPRODUCTMASTERSIZEENTITY><ECORESPRODUCTMASTERSIZEENTITY><DISPLAYSEQUENCENUMBER>1.000000</DISPLAYSEQUENCENUMBER><PRODUCTMASTERNUMBER>CROWBAR</PRODUCTMASTERNUMBER><PRODUCTSIZEID>XSM</PRODUCTSIZEID><REPLENISHMENTWEIGHT>0</REPLENISHMENTWEIGHT></ECORESPRODUCTMASTERSIZEENTITY><ECORESPRODUCTMASTERSIZEENTITY><DISPLAYSEQUENCENUMBER>7.000000</DISPLAYSEQUENCENUMBER><PRODUCTMASTERNUMBER>CROWBAR</PRODUCTMASTERNUMBER><PRODUCTSIZEID>XXL</PRODUCTSIZEID><REPLENISHMENTWEIGHT>0</REPLENISHMENTWEIGHT></ECORESPRODUCTMASTERSIZEENTITY><ECORESPRODUCTMASTERSIZEENTITY><DISPLAYSEQUENCENUMBER>5.000000</DISPLAYSEQUENCENUMBER><PRODUCTMASTERNUMBER>EQUIPMENTPACK</PRODUCTMASTERNUMBER><PRODUCTSIZEID>LRG</PRODUCTSIZEID><REPLENISHMENTWEIGHT>0</REPLENISHMENTWEIGHT></ECORESPRODUCTMASTERSIZEENTITY><ECORESPRODUCTMASTERSIZEENTITY><DISPLAYSEQUENCENUMBER>3.000000</DISPLAYSEQUENCENUMBER><PRODUCTMASTERNUMBER>EQUIPMENTPACK</PRODUCTMASTERNUMBER><PRODUCTSIZEID>MED</PRODUCTSIZEID><REPLENISHMENTWEIGHT>0</REPLENISHMENTWEIGHT></ECORESPRODUCTMASTERSIZEENTITY><ECORESPRODUCTMASTERSIZEENTITY><DISPLAYSEQUENCENUMBER>2.000000</DISPLAYSEQUENCENUMBER><PRODUCTMASTERNUMBER>EQUIPMENTPACK</PRODUCTMASTERNUMBER><PRODUCTSIZEID>SML</PRODUCTSIZEID><REPLENISHMENTWEIGHT>0</REPLENISHMENTWEIGHT></ECORESPRODUCTMASTERSIZEENTITY><ECORESPRODUCTMASTERSIZEENTITY><DISPLAYSEQUENCENUMBER>4.000000</DISPLAYSEQUENCENUMBER><PRODUCTMASTERNUMBER>EQUIPMENTPACK</PRODUCTMASTERNUMBER><PRODUCTSIZEID>STD</PRODUCTSIZEID><REPLENISHMENTWEIGHT>0</REPLENISHMENTWEIGHT></ECORESPRODUCTMASTERSIZEENTITY><ECORESPRODUCTMASTERSIZEENTITY><DISPLAYSEQUENCENUMBER>6.000000</DISPLAYSEQUENCENUMBER><PRODUCTMASTERNUMBER>EQUIPMENTPACK</PRODUCTMASTERNUMBER><PRODUCTSIZEID>XLG</PRODUCTSIZEID><REPLENISHMENTWEIGHT>0</REPLENISHMENTWEIGHT></ECORESPRODUCTMASTERSIZEENTITY><ECORESPRODUCTMASTERSIZEENTITY><DISPLAYSEQUENCENUMBER>1.000000</DISPLAYSEQUENCENUMBER><PRODUCTMASTERNUMBER>EQUIPMENTPACK</PRODUCTMASTERNUMBER><PRODUCTSIZEID>XSM</PRODUCTSIZEID><REPLENISHMENTWEIGHT>0</REPLENISHMENTWEIGHT></ECORESPRODUCTMASTERSIZEENTITY><ECORESPRODUCTMASTERSIZEENTITY><DISPLAYSEQUENCENUMBER>7.000000</DISPLAYSEQUENCENUMBER><PRODUCTMASTERNUMBER>EQUIPMENTPACK</PRODUCTMASTERNUMBER><PRODUCTSIZEID>XXL</PRODUCTSIZEID><REPLENISHMENTWEIGHT>0</REPLENISHMENTWEIGHT></ECORESPRODUCTMASTERSIZEENTITY><ECORESPRODUCTMASTERSIZEENTITY><DISPLAYSEQUENCENUMBER>5.000000</DISPLAYSEQUENCENUMBER><PRODUCTMASTERNUMBER>HAMMER</PRODUCTMASTERNUMBER><PRODUCTSIZEID>LRG</PRODUCTSIZEID><REPLENISHMENTWEIGHT>0</REPLENISHMENTWEIGHT></ECORESPRODUCTMASTERSIZEENTITY><ECORESPRODUCTMASTERSIZEENTITY><DISPLAYSEQUENCENUMBER>3.000000</DISPLAYSEQUENCENUMBER><PRODUCTMASTERNUMBER>HAMMER</PRODUCTMASTERNUMBER><PRODUCTSIZEID>MED</PRODUCTSIZEID><REPLENISHMENTWEIGHT>0</REPLENISHMENTWEIGHT></ECORESPRODUCTMASTERSIZEENTITY><ECORESPRODUCTMASTERSIZEENTITY><DISPLAYSEQUENCENUMBER>2.000000</DISPLAYSEQUENCENUMBER><PRODUCTMASTERNUMBER>HAMMER</PRODUCTMASTERNUMBER><PRODUCTSIZEID>SML</PRODUCTSIZEID><REPLENISHMENTWEIGHT>0</REPLENISHMENTWEIGHT></ECORESPRODUCTMASTERSIZEENTITY><ECORESPRODUCTMASTERSIZEENTITY><DISPLAYSEQUENCENUMBER>4.000000</DISPLAYSEQUENCENUMBER><PRODUCTMASTERNUMBER>HAMMER</PRODUCTMASTERNUMBER><PRODUCTSIZEID>STD</PRODUCTSIZEID><REPLENISHMENTWEIGHT>0</REPLENISHMENTWEIGHT></ECORESPRODUCTMASTERSIZEENTITY><ECORESPRODUCTMASTERSIZEENTITY><DISPLAYSEQUENCENUMBER>6.000000</DISPLAYSEQUENCENUMBER><PRODUCTMASTERNUMBER>HAMMER</PRODUCTMASTERNUMBER><PRODUCTSIZEID>XLG</PRODUCTSIZEID><REPLENISHMENTWEIGHT>0</REPLENISHMENTWEIGHT></ECORESPRODUCTMASTERSIZEENTITY><ECORESPRODUCTMASTERSIZEENTITY><DISPLAYSEQUENCENUMBER>1.000000</DISPLAYSEQUENCENUMBER><PRODUCTMASTERNUMBER>HAMMER</PRODUCTMASTERNUMBER><PRODUCTSIZEID>XSM</PRODUCTSIZEID><REPLENISHMENTWEIGHT>0</REPLENISHMENTWEIGHT></ECORESPRODUCTMASTERSIZEENTITY><ECORESPRODUCTMASTERSIZEENTITY><DISPLAYSEQUENCENUMBER>7.000000</DISPLAYSEQUENCENUMBER><PRODUCTMASTERNUMBER>HAMMER</PRODUCTMASTERNUMBER><PRODUCTSIZEID>XXL</PRODUCTSIZEID><REPLENISHMENTWEIGHT>0</REPLENISHMENTWEIGHT></ECORESPRODUCTMASTERSIZEENTITY><ECORESPRODUCTMASTERSIZEENTITY><DISPLAYSEQUENCENUMBER>5.000000</DISPLAYSEQUENCENUMBER><PRODUCTMASTERNUMBER>RATIONS</PRODUCTMASTERNUMBER><PRODUCTSIZEID>LRG</PRODUCTSIZEID><REPLENISHMENTWEIGHT>0</REPLENISHMENTWEIGHT></ECORESPRODUCTMASTERSIZEENTITY><ECORESPRODUCTMASTERSIZEENTITY><DISPLAYSEQUENCENUMBER>3.000000</DISPLAYSEQUENCENUMBER><PRODUCTMASTERNUMBER>RATIONS</PRODUCTMASTERNUMBER><PRODUCTSIZEID>MED</PRODUCTSIZEID><REPLENISHMENTWEIGHT>0</REPLENISHMENTWEIGHT></ECORESPRODUCTMASTERSIZEENTITY><ECORESPRODUCTMASTERSIZEENTITY><DISPLAYSEQUENCENUMBER>2.000000</DISPLAYSEQUENCENUMBER><PRODUCTMASTERNUMBER>RATIONS</PRODUCTMASTERNUMBER><PRODUCTSIZEID>SML</PRODUCTSIZEID><REPLENISHMENTWEIGHT>0</REPLENISHMENTWEIGHT></ECORESPRODUCTMASTERSIZEENTITY><ECORESPRODUCTMASTERSIZEENTITY><DISPLAYSEQUENCENUMBER>4.000000</DISPLAYSEQUENCENUMBER><PRODUCTMASTERNUMBER>RATIONS</PRODUCTMASTERNUMBER><PRODUCTSIZEID>STD</PRODUCTSIZEID><REPLENISHMENTWEIGHT>0</REPLENISHMENTWEIGHT></ECORESPRODUCTMASTERSIZEENTITY><ECORESPRODUCTMASTERSIZEENTITY><DISPLAYSEQUENCENUMBER>6.000000</DISPLAYSEQUENCENUMBER><PRODUCTMASTERNUMBER>RATIONS</PRODUCTMASTERNUMBER><PRODUCTSIZEID>XLG</PRODUCTSIZEID><REPLENISHMENTWEIGHT>0</REPLENISHMENTWEIGHT></ECORESPRODUCTMASTERSIZEENTITY><ECORESPRODUCTMASTERSIZEENTITY><DISPLAYSEQUENCENUMBER>1.000000</DISPLAYSEQUENCENUMBER><PRODUCTMASTERNUMBER>RATIONS</PRODUCTMASTERNUMBER><PRODUCTSIZEID>XSM</PRODUCTSIZEID><REPLENISHMENTWEIGHT>0</REPLENISHMENTWEIGHT></ECORESPRODUCTMASTERSIZEENTITY><ECORESPRODUCTMASTERSIZEENTITY><DISPLAYSEQUENCENUMBER>7.000000</DISPLAYSEQUENCENUMBER><PRODUCTMASTERNUMBER>RATIONS</PRODUCTMASTERNUMBER><PRODUCTSIZEID>XXL</PRODUCTSIZEID><REPLENISHMENTWEIGHT>0</REPLENISHMENTWEIGHT></ECORESPRODUCTMASTERSIZEENTITY><ECORESPRODUCTMASTERSIZEENTITY><DISPLAYSEQUENCENUMBER>0.000000</DISPLAYSEQUENCENUMBER><PRODUCTMASTERNUMBER>STRING</PRODUCTMASTERNUMBER><PRODUCTSIZEID>THICK</PRODUCTSIZEID><REPLENISHMENTWEIGHT>0</REPLENISHMENTWEIGHT></ECORESPRODUCTMASTERSIZEENTITY><ECORESPRODUCTMASTERSIZEENTITY><DISPLAYSEQUENCENUMBER>0.000000</DISPLAYSEQUENCENUMBER><PRODUCTMASTERNUMBER>STRING</PRODUCTMASTERNUMBER><PRODUCTSIZEID>THIN</PRODUCTSIZEID><REPLENISHMENTWEIGHT>0</REPLENISHMENTWEIGHT></ECORESPRODUCTMASTERSIZEENTITY></Document>