﻿<?xml version="1.0" encoding="utf-8"?><Document><ECORESPRODUCTATTRIBUTETRANSLATIONENTITY><LANGUAGEID>en-us</LANGUAGEID><PRODUCTATTRIBUTENAME>Armor Class</PRODUCTATTRIBUTENAME><PRODUCTATTRIBUTETYPENAME>ArmorClass</PRODUCTATTRIBUTETYPENAME><TRANSLATEDATTRIBUTEDESCRIPTION>Armor Class is a number representing the difficulty to hit a character or monster. For Players it is typically between 10 and 20. AC is determined by the armor worn, plus any modifiers.</TRANSLATEDATTRIBUTEDESCRIPTION><TRANSLATEDATTRIBUTEHELPTEXT>or example, a Rogue with an armor class of 15 is attacked by a Goblin. The goblin attacks and rolls a 12. It gets a +2 bonus to hit due to his Dexterity bonus, for a total of 14. Since 14 is below the Rogues Armor Class, this is a miss.</TRANSLATEDATTRIBUTEHELPTEXT><TRANSLATEDFRIENDLYATTRIBUTENAME>Armor Class</TRANSLATEDFRIENDLYATTRIBUTENAME></ECORESPRODUCTATTRIBUTETRANSLATIONENTITY><ECORESPRODUCTATTRIBUTETRANSLATIONENTITY><LANGUAGEID>en-us</LANGUAGEID><PRODUCTATTRIBUTENAME>Damage</PRODUCTATTRIBUTENAME><PRODUCTATTRIBUTETYPENAME>RollType</PRODUCTATTRIBUTETYPENAME><TRANSLATEDATTRIBUTEDESCRIPTION></TRANSLATEDATTRIBUTEDESCRIPTION><TRANSLATEDATTRIBUTEHELPTEXT></TRANSLATEDATTRIBUTEHELPTEXT><TRANSLATEDFRIENDLYATTRIBUTENAME>Damage</TRANSLATEDFRIENDLYATTRIBUTENAME></ECORESPRODUCTATTRIBUTETRANSLATIONENTITY><ECORESPRODUCTATTRIBUTETRANSLATIONENTITY><LANGUAGEID>en-us</LANGUAGEID><PRODUCTATTRIBUTENAME>Damage Type</PRODUCTATTRIBUTENAME><PRODUCTATTRIBUTETYPENAME>DamageType</PRODUCTATTRIBUTETYPENAME><TRANSLATEDATTRIBUTEDESCRIPTION></TRANSLATEDATTRIBUTEDESCRIPTION><TRANSLATEDATTRIBUTEHELPTEXT></TRANSLATEDATTRIBUTEHELPTEXT><TRANSLATEDFRIENDLYATTRIBUTENAME>Damage Type</TRANSLATEDFRIENDLYATTRIBUTENAME></ECORESPRODUCTATTRIBUTETRANSLATIONENTITY><ECORESPRODUCTATTRIBUTETRANSLATIONENTITY><LANGUAGEID>en-us</LANGUAGEID><PRODUCTATTRIBUTENAME>Weapon Type</PRODUCTATTRIBUTENAME><PRODUCTATTRIBUTETYPENAME>WeaponType</PRODUCTATTRIBUTETYPENAME><TRANSLATEDATTRIBUTEDESCRIPTION></TRANSLATEDATTRIBUTEDESCRIPTION><TRANSLATEDATTRIBUTEHELPTEXT></TRANSLATEDATTRIBUTEHELPTEXT><TRANSLATEDFRIENDLYATTRIBUTENAME>Weapon Type</TRANSLATEDFRIENDLYATTRIBUTENAME></ECORESPRODUCTATTRIBUTETRANSLATIONENTITY></Document>