﻿<?xml version="1.0" encoding="utf-8"?><Document><ECORESPRODUCTCATEGORYTRANSLATIONENTITY><LANGUAGEID>en-us</LANGUAGEID><PRODUCTCATEGORYHIERARCHYNAME><![CDATA[Global Product & Service Hierarchy]]></PRODUCTCATEGORYHIERARCHYNAME><PRODUCTCATEGORYNAME>Adventuring Gear</PRODUCTCATEGORYNAME><TRANSLATEDCATEGORYDESCRIPTION>Gear and equipment used by adventurers, such as ropes, lanterns, and backpacks.</TRANSLATEDCATEGORYDESCRIPTION><TRANSLATEDCATEGORYKEYWORDS></TRANSLATEDCATEGORYKEYWORDS><TRANSLATEDFRIENDLYCATEGORYNAME>Equipment for Adventurers</TRANSLATEDFRIENDLYCATEGORYNAME></ECORESPRODUCTCATEGORYTRANSLATIONENTITY><ECORESPRODUCTCATEGORYTRANSLATIONENTITY><LANGUAGEID>en-us</LANGUAGEID><PRODUCTCATEGORYHIERARCHYNAME><![CDATA[Global Product & Service Hierarchy]]></PRODUCTCATEGORYHIERARCHYNAME><PRODUCTCATEGORYNAME><![CDATA[All Products & Services]]></PRODUCTCATEGORYNAME><TRANSLATEDCATEGORYDESCRIPTION><![CDATA[All Products & Services]]></TRANSLATEDCATEGORYDESCRIPTION><TRANSLATEDCATEGORYKEYWORDS></TRANSLATEDCATEGORYKEYWORDS><TRANSLATEDFRIENDLYCATEGORYNAME><![CDATA[All Products & Services]]></TRANSLATEDFRIENDLYCATEGORYNAME></ECORESPRODUCTCATEGORYTRANSLATIONENTITY><ECORESPRODUCTCATEGORYTRANSLATIONENTITY><LANGUAGEID>en-us</LANGUAGEID><PRODUCTCATEGORYHIERARCHYNAME>TAGS</PRODUCTCATEGORYHIERARCHYNAME><PRODUCTCATEGORYNAME>All Tags</PRODUCTCATEGORYNAME><TRANSLATEDCATEGORYDESCRIPTION></TRANSLATEDCATEGORYDESCRIPTION><TRANSLATEDCATEGORYKEYWORDS></TRANSLATEDCATEGORYKEYWORDS><TRANSLATEDFRIENDLYCATEGORYNAME>All Tags</TRANSLATEDFRIENDLYCATEGORYNAME></ECORESPRODUCTCATEGORYTRANSLATIONENTITY><ECORESPRODUCTCATEGORYTRANSLATIONENTITY><LANGUAGEID>en-us</LANGUAGEID><PRODUCTCATEGORYHIERARCHYNAME><![CDATA[Global Product & Service Hierarchy]]></PRODUCTCATEGORYHIERARCHYNAME><PRODUCTCATEGORYNAME>Animals</PRODUCTCATEGORYNAME><TRANSLATEDCATEGORYDESCRIPTION>Various animals, including livestock and pets, for sale or trade.</TRANSLATEDCATEGORYDESCRIPTION><TRANSLATEDCATEGORYKEYWORDS></TRANSLATEDCATEGORYKEYWORDS><TRANSLATEDFRIENDLYCATEGORYNAME>Livestock and Pets</TRANSLATEDFRIENDLYCATEGORYNAME></ECORESPRODUCTCATEGORYTRANSLATIONENTITY><ECORESPRODUCTCATEGORYTRANSLATIONENTITY><LANGUAGEID>en-us</LANGUAGEID><PRODUCTCATEGORYHIERARCHYNAME><![CDATA[Global Product & Service Hierarchy]]></PRODUCTCATEGORYHIERARCHYNAME><PRODUCTCATEGORYNAME>Armor</PRODUCTCATEGORYNAME><TRANSLATEDCATEGORYDESCRIPTION>Different types of armor for protection in combat.</TRANSLATEDCATEGORYDESCRIPTION><TRANSLATEDCATEGORYKEYWORDS></TRANSLATEDCATEGORYKEYWORDS><TRANSLATEDFRIENDLYCATEGORYNAME>Protective Gear</TRANSLATEDFRIENDLYCATEGORYNAME></ECORESPRODUCTCATEGORYTRANSLATIONENTITY><ECORESPRODUCTCATEGORYTRANSLATIONENTITY><LANGUAGEID>en-us</LANGUAGEID><PRODUCTCATEGORYHIERARCHYNAME><![CDATA[Global Product & Service Hierarchy]]></PRODUCTCATEGORYHIERARCHYNAME><PRODUCTCATEGORYNAME>Artwork</PRODUCTCATEGORYNAME><TRANSLATEDCATEGORYDESCRIPTION>Various artworks, including paintings, sculptures, and other creations.</TRANSLATEDCATEGORYDESCRIPTION><TRANSLATEDCATEGORYKEYWORDS>Artistic Creations</TRANSLATEDCATEGORYKEYWORDS><TRANSLATEDFRIENDLYCATEGORYNAME>New category</TRANSLATEDFRIENDLYCATEGORYNAME></ECORESPRODUCTCATEGORYTRANSLATIONENTITY><ECORESPRODUCTCATEGORYTRANSLATIONENTITY><LANGUAGEID>en-us</LANGUAGEID><PRODUCTCATEGORYHIERARCHYNAME><![CDATA[Global Product & Service Hierarchy]]></PRODUCTCATEGORYHIERARCHYNAME><PRODUCTCATEGORYNAME>Bard Services</PRODUCTCATEGORYNAME><TRANSLATEDCATEGORYDESCRIPTION>Items related to music and performance, including instruments and costumes.</TRANSLATEDCATEGORYDESCRIPTION><TRANSLATEDCATEGORYKEYWORDS></TRANSLATEDCATEGORYKEYWORDS><TRANSLATEDFRIENDLYCATEGORYNAME>Musical and Performance</TRANSLATEDFRIENDLYCATEGORYNAME></ECORESPRODUCTCATEGORYTRANSLATIONENTITY><ECORESPRODUCTCATEGORYTRANSLATIONENTITY><LANGUAGEID>en-us</LANGUAGEID><PRODUCTCATEGORYHIERARCHYNAME><![CDATA[Global Product & Service Hierarchy]]></PRODUCTCATEGORYHIERARCHYNAME><PRODUCTCATEGORYNAME>Carcasses</PRODUCTCATEGORYNAME><TRANSLATEDCATEGORYDESCRIPTION>Carcasses of various creatures, used for meat, bones, and other resources.</TRANSLATEDCATEGORYDESCRIPTION><TRANSLATEDCATEGORYKEYWORDS></TRANSLATEDCATEGORYKEYWORDS><TRANSLATEDFRIENDLYCATEGORYNAME>Dead Animal Bodies</TRANSLATEDFRIENDLYCATEGORYNAME></ECORESPRODUCTCATEGORYTRANSLATIONENTITY><ECORESPRODUCTCATEGORYTRANSLATIONENTITY><LANGUAGEID>en-us</LANGUAGEID><PRODUCTCATEGORYHIERARCHYNAME><![CDATA[Global Product & Service Hierarchy]]></PRODUCTCATEGORYHIERARCHYNAME><PRODUCTCATEGORYNAME>Clothing</PRODUCTCATEGORYNAME><TRANSLATEDCATEGORYDESCRIPTION>Various types of clothing, including casual, formal, and protective gear.</TRANSLATEDCATEGORYDESCRIPTION><TRANSLATEDCATEGORYKEYWORDS></TRANSLATEDCATEGORYKEYWORDS><TRANSLATEDFRIENDLYCATEGORYNAME>Garments and Apparel</TRANSLATEDFRIENDLYCATEGORYNAME></ECORESPRODUCTCATEGORYTRANSLATIONENTITY><ECORESPRODUCTCATEGORYTRANSLATIONENTITY><LANGUAGEID>en-us</LANGUAGEID><PRODUCTCATEGORYHIERARCHYNAME>TAGS</PRODUCTCATEGORYHIERARCHYNAME><PRODUCTCATEGORYNAME>Combat</PRODUCTCATEGORYNAME><TRANSLATEDCATEGORYDESCRIPTION></TRANSLATEDCATEGORYDESCRIPTION><TRANSLATEDCATEGORYKEYWORDS></TRANSLATEDCATEGORYKEYWORDS><TRANSLATEDFRIENDLYCATEGORYNAME>Combat</TRANSLATEDFRIENDLYCATEGORYNAME></ECORESPRODUCTCATEGORYTRANSLATIONENTITY><ECORESPRODUCTCATEGORYTRANSLATIONENTITY><LANGUAGEID>en-us</LANGUAGEID><PRODUCTCATEGORYHIERARCHYNAME>TAGS</PRODUCTCATEGORYHIERARCHYNAME><PRODUCTCATEGORYNAME>Communication</PRODUCTCATEGORYNAME><TRANSLATEDCATEGORYDESCRIPTION></TRANSLATEDCATEGORYDESCRIPTION><TRANSLATEDCATEGORYKEYWORDS></TRANSLATEDCATEGORYKEYWORDS><TRANSLATEDFRIENDLYCATEGORYNAME>Communication</TRANSLATEDFRIENDLYCATEGORYNAME></ECORESPRODUCTCATEGORYTRANSLATIONENTITY><ECORESPRODUCTCATEGORYTRANSLATIONENTITY><LANGUAGEID>en-us</LANGUAGEID><PRODUCTCATEGORYHIERARCHYNAME><![CDATA[Global Product & Service Hierarchy]]></PRODUCTCATEGORYHIERARCHYNAME><PRODUCTCATEGORYNAME>Construction</PRODUCTCATEGORYNAME><TRANSLATEDCATEGORYDESCRIPTION>Materials and components used in construction.</TRANSLATEDCATEGORYDESCRIPTION><TRANSLATEDCATEGORYKEYWORDS></TRANSLATEDCATEGORYKEYWORDS><TRANSLATEDFRIENDLYCATEGORYNAME>Building Materials</TRANSLATEDFRIENDLYCATEGORYNAME></ECORESPRODUCTCATEGORYTRANSLATIONENTITY><ECORESPRODUCTCATEGORYTRANSLATIONENTITY><LANGUAGEID>en-us</LANGUAGEID><PRODUCTCATEGORYHIERARCHYNAME>TAGS</PRODUCTCATEGORYHIERARCHYNAME><PRODUCTCATEGORYNAME>Container</PRODUCTCATEGORYNAME><TRANSLATEDCATEGORYDESCRIPTION></TRANSLATEDCATEGORYDESCRIPTION><TRANSLATEDCATEGORYKEYWORDS></TRANSLATEDCATEGORYKEYWORDS><TRANSLATEDFRIENDLYCATEGORYNAME>Container</TRANSLATEDFRIENDLYCATEGORYNAME></ECORESPRODUCTCATEGORYTRANSLATIONENTITY><ECORESPRODUCTCATEGORYTRANSLATIONENTITY><LANGUAGEID>en-us</LANGUAGEID><PRODUCTCATEGORYHIERARCHYNAME><![CDATA[Global Product & Service Hierarchy]]></PRODUCTCATEGORYHIERARCHYNAME><PRODUCTCATEGORYNAME>Creature Parts</PRODUCTCATEGORYNAME><TRANSLATEDCATEGORYDESCRIPTION>Parts from various creatures, used for alchemy, crafting, and magical purposes.</TRANSLATEDCATEGORYDESCRIPTION><TRANSLATEDCATEGORYKEYWORDS></TRANSLATEDCATEGORYKEYWORDS><TRANSLATEDFRIENDLYCATEGORYNAME>Components from Creatures</TRANSLATEDFRIENDLYCATEGORYNAME></ECORESPRODUCTCATEGORYTRANSLATIONENTITY><ECORESPRODUCTCATEGORYTRANSLATIONENTITY><LANGUAGEID>en-us</LANGUAGEID><PRODUCTCATEGORYHIERARCHYNAME>TAGS</PRODUCTCATEGORYHIERARCHYNAME><PRODUCTCATEGORYNAME>Damage</PRODUCTCATEGORYNAME><TRANSLATEDCATEGORYDESCRIPTION></TRANSLATEDCATEGORYDESCRIPTION><TRANSLATEDCATEGORYKEYWORDS></TRANSLATEDCATEGORYKEYWORDS><TRANSLATEDFRIENDLYCATEGORYNAME>Damage</TRANSLATEDFRIENDLYCATEGORYNAME></ECORESPRODUCTCATEGORYTRANSLATIONENTITY><ECORESPRODUCTCATEGORYTRANSLATIONENTITY><LANGUAGEID>en-us</LANGUAGEID><PRODUCTCATEGORYHIERARCHYNAME><![CDATA[Global Product & Service Hierarchy]]></PRODUCTCATEGORYHIERARCHYNAME><PRODUCTCATEGORYNAME><![CDATA[Eggs, Young & Steed]]></PRODUCTCATEGORYNAME><TRANSLATEDCATEGORYDESCRIPTION>Eggs and young creatures for breeding or magical purposes.</TRANSLATEDCATEGORYDESCRIPTION><TRANSLATEDCATEGORYKEYWORDS></TRANSLATEDCATEGORYKEYWORDS><TRANSLATEDFRIENDLYCATEGORYNAME>Young Creatures and Eggs</TRANSLATEDFRIENDLYCATEGORYNAME></ECORESPRODUCTCATEGORYTRANSLATIONENTITY><ECORESPRODUCTCATEGORYTRANSLATIONENTITY><LANGUAGEID>en-us</LANGUAGEID><PRODUCTCATEGORYHIERARCHYNAME><![CDATA[Global Product & Service Hierarchy]]></PRODUCTCATEGORYHIERARCHYNAME><PRODUCTCATEGORYNAME>Fabric</PRODUCTCATEGORYNAME><TRANSLATEDCATEGORYDESCRIPTION>Different types of fabrics, including wool, cotton, and silk.</TRANSLATEDCATEGORYDESCRIPTION><TRANSLATEDCATEGORYKEYWORDS></TRANSLATEDCATEGORYKEYWORDS><TRANSLATEDFRIENDLYCATEGORYNAME>Textile Materials</TRANSLATEDFRIENDLYCATEGORYNAME></ECORESPRODUCTCATEGORYTRANSLATIONENTITY><ECORESPRODUCTCATEGORYTRANSLATIONENTITY><LANGUAGEID>en-us</LANGUAGEID><PRODUCTCATEGORYHIERARCHYNAME><![CDATA[Global Product & Service Hierarchy]]></PRODUCTCATEGORYHIERARCHYNAME><PRODUCTCATEGORYNAME><![CDATA[Fines & Penalties]]></PRODUCTCATEGORYNAME><TRANSLATEDCATEGORYDESCRIPTION>Fines and penalties for various crimes and infractions.</TRANSLATEDCATEGORYDESCRIPTION><TRANSLATEDCATEGORYKEYWORDS></TRANSLATEDCATEGORYKEYWORDS><TRANSLATEDFRIENDLYCATEGORYNAME>Penalties</TRANSLATEDFRIENDLYCATEGORYNAME></ECORESPRODUCTCATEGORYTRANSLATIONENTITY><ECORESPRODUCTCATEGORYTRANSLATIONENTITY><LANGUAGEID>en-us</LANGUAGEID><PRODUCTCATEGORYHIERARCHYNAME><![CDATA[Global Product & Service Hierarchy]]></PRODUCTCATEGORYHIERARCHYNAME><PRODUCTCATEGORYNAME>Foodstuff</PRODUCTCATEGORYNAME><TRANSLATEDCATEGORYDESCRIPTION>Various food items, including fresh produce, preserved foods, and beverages.</TRANSLATEDCATEGORYDESCRIPTION><TRANSLATEDCATEGORYKEYWORDS></TRANSLATEDCATEGORYKEYWORDS><TRANSLATEDFRIENDLYCATEGORYNAME>Edible Goods</TRANSLATEDFRIENDLYCATEGORYNAME></ECORESPRODUCTCATEGORYTRANSLATIONENTITY><ECORESPRODUCTCATEGORYTRANSLATIONENTITY><LANGUAGEID>en-us</LANGUAGEID><PRODUCTCATEGORYHIERARCHYNAME><![CDATA[Global Product & Service Hierarchy]]></PRODUCTCATEGORYHIERARCHYNAME><PRODUCTCATEGORYNAME>Furnishings</PRODUCTCATEGORYNAME><TRANSLATEDCATEGORYDESCRIPTION>Furniture and decorative items for homes and businesses.</TRANSLATEDCATEGORYDESCRIPTION><TRANSLATEDCATEGORYKEYWORDS></TRANSLATEDCATEGORYKEYWORDS><TRANSLATEDFRIENDLYCATEGORYNAME>Furniture and Decor</TRANSLATEDFRIENDLYCATEGORYNAME></ECORESPRODUCTCATEGORYTRANSLATIONENTITY><ECORESPRODUCTCATEGORYTRANSLATIONENTITY><LANGUAGEID>en-us</LANGUAGEID><PRODUCTCATEGORYHIERARCHYNAME><![CDATA[Global Product & Service Hierarchy]]></PRODUCTCATEGORYHIERARCHYNAME><PRODUCTCATEGORYNAME>Furs</PRODUCTCATEGORYNAME><TRANSLATEDCATEGORYDESCRIPTION>Fur from different animals, used for clothing and other products.</TRANSLATEDCATEGORYDESCRIPTION><TRANSLATEDCATEGORYKEYWORDS></TRANSLATEDCATEGORYKEYWORDS><TRANSLATEDFRIENDLYCATEGORYNAME>Fur Products</TRANSLATEDFRIENDLYCATEGORYNAME></ECORESPRODUCTCATEGORYTRANSLATIONENTITY><ECORESPRODUCTCATEGORYTRANSLATIONENTITY><LANGUAGEID>en-us</LANGUAGEID><PRODUCTCATEGORYHIERARCHYNAME><![CDATA[Global Product & Service Hierarchy]]></PRODUCTCATEGORYHIERARCHYNAME><PRODUCTCATEGORYNAME>Golems</PRODUCTCATEGORYNAME><TRANSLATEDCATEGORYDESCRIPTION>Golems and other magical constructs used for various purposes.</TRANSLATEDCATEGORYDESCRIPTION><TRANSLATEDCATEGORYKEYWORDS></TRANSLATEDCATEGORYKEYWORDS><TRANSLATEDFRIENDLYCATEGORYNAME>Constructed Creatures</TRANSLATEDFRIENDLYCATEGORYNAME></ECORESPRODUCTCATEGORYTRANSLATIONENTITY><ECORESPRODUCTCATEGORYTRANSLATIONENTITY><LANGUAGEID>en-us</LANGUAGEID><PRODUCTCATEGORYHIERARCHYNAME><![CDATA[Global Product & Service Hierarchy]]></PRODUCTCATEGORYHIERARCHYNAME><PRODUCTCATEGORYNAME>Illuminations</PRODUCTCATEGORYNAME><TRANSLATEDCATEGORYDESCRIPTION>Items used for illumination, including lamps, torches, and magical lights.</TRANSLATEDCATEGORYDESCRIPTION><TRANSLATEDCATEGORYKEYWORDS></TRANSLATEDCATEGORYKEYWORDS><TRANSLATEDFRIENDLYCATEGORYNAME>Lighting Solutions</TRANSLATEDFRIENDLYCATEGORYNAME></ECORESPRODUCTCATEGORYTRANSLATIONENTITY><ECORESPRODUCTCATEGORYTRANSLATIONENTITY><LANGUAGEID>en-us</LANGUAGEID><PRODUCTCATEGORYHIERARCHYNAME><![CDATA[Global Product & Service Hierarchy]]></PRODUCTCATEGORYHIERARCHYNAME><PRODUCTCATEGORYNAME>Lab</PRODUCTCATEGORYNAME><TRANSLATEDCATEGORYDESCRIPTION>Equipment and supplies for laboratories, used in alchemy and research.</TRANSLATEDCATEGORYDESCRIPTION><TRANSLATEDCATEGORYKEYWORDS></TRANSLATEDCATEGORYKEYWORDS><TRANSLATEDFRIENDLYCATEGORYNAME>Laboratory Supplies</TRANSLATEDFRIENDLYCATEGORYNAME></ECORESPRODUCTCATEGORYTRANSLATIONENTITY><ECORESPRODUCTCATEGORYTRANSLATIONENTITY><LANGUAGEID>en-us</LANGUAGEID><PRODUCTCATEGORYHIERARCHYNAME><![CDATA[Global Product & Service Hierarchy]]></PRODUCTCATEGORYHIERARCHYNAME><PRODUCTCATEGORYNAME>Materials (Raw)</PRODUCTCATEGORYNAME><TRANSLATEDCATEGORYDESCRIPTION>Various raw materials used in crafting and construction.</TRANSLATEDCATEGORYDESCRIPTION><TRANSLATEDCATEGORYKEYWORDS></TRANSLATEDCATEGORYKEYWORDS><TRANSLATEDFRIENDLYCATEGORYNAME>Raw Materials</TRANSLATEDFRIENDLYCATEGORYNAME></ECORESPRODUCTCATEGORYTRANSLATIONENTITY><ECORESPRODUCTCATEGORYTRANSLATIONENTITY><LANGUAGEID>en-us</LANGUAGEID><PRODUCTCATEGORYHIERARCHYNAME><![CDATA[Global Product & Service Hierarchy]]></PRODUCTCATEGORYHIERARCHYNAME><PRODUCTCATEGORYNAME>Miscellaneous Equipment</PRODUCTCATEGORYNAME><TRANSLATEDCATEGORYDESCRIPTION><![CDATA[A variety of equipment that doesn't fit into other categories.]]></TRANSLATEDCATEGORYDESCRIPTION><TRANSLATEDCATEGORYKEYWORDS></TRANSLATEDCATEGORYKEYWORDS><TRANSLATEDFRIENDLYCATEGORYNAME>Various Equipment</TRANSLATEDFRIENDLYCATEGORYNAME></ECORESPRODUCTCATEGORYTRANSLATIONENTITY><ECORESPRODUCTCATEGORYTRANSLATIONENTITY><LANGUAGEID>en-us</LANGUAGEID><PRODUCTCATEGORYHIERARCHYNAME><![CDATA[Global Product & Service Hierarchy]]></PRODUCTCATEGORYHIERARCHYNAME><PRODUCTCATEGORYNAME><![CDATA[Potions & Elixers]]></PRODUCTCATEGORYNAME><TRANSLATEDCATEGORYDESCRIPTION>Various potions used for healing, enhancing abilities, and other effects.</TRANSLATEDCATEGORYDESCRIPTION><TRANSLATEDCATEGORYKEYWORDS></TRANSLATEDCATEGORYKEYWORDS><TRANSLATEDFRIENDLYCATEGORYNAME>Alchemical Mixtures</TRANSLATEDFRIENDLYCATEGORYNAME></ECORESPRODUCTCATEGORYTRANSLATIONENTITY><ECORESPRODUCTCATEGORYTRANSLATIONENTITY><LANGUAGEID>en-us</LANGUAGEID><PRODUCTCATEGORYHIERARCHYNAME><![CDATA[Global Product & Service Hierarchy]]></PRODUCTCATEGORYHIERARCHYNAME><PRODUCTCATEGORYNAME>Scribes Equipment</PRODUCTCATEGORYNAME><TRANSLATEDCATEGORYDESCRIPTION>Tools and materials for writing and scribing, including ink, parchment, and quills.</TRANSLATEDCATEGORYDESCRIPTION><TRANSLATEDCATEGORYKEYWORDS></TRANSLATEDCATEGORYKEYWORDS><TRANSLATEDFRIENDLYCATEGORYNAME>Writing and Scribing Tools</TRANSLATEDFRIENDLYCATEGORYNAME></ECORESPRODUCTCATEGORYTRANSLATIONENTITY><ECORESPRODUCTCATEGORYTRANSLATIONENTITY><LANGUAGEID>en-us</LANGUAGEID><PRODUCTCATEGORYHIERARCHYNAME><![CDATA[Global Product & Service Hierarchy]]></PRODUCTCATEGORYHIERARCHYNAME><PRODUCTCATEGORYNAME>Seige Weapons</PRODUCTCATEGORYNAME><TRANSLATEDCATEGORYDESCRIPTION>Large weapons used in sieges and battles, including catapults and battering rams.</TRANSLATEDCATEGORYDESCRIPTION><TRANSLATEDCATEGORYKEYWORDS></TRANSLATEDCATEGORYKEYWORDS><TRANSLATEDFRIENDLYCATEGORYNAME>Large Weapons</TRANSLATEDFRIENDLYCATEGORYNAME></ECORESPRODUCTCATEGORYTRANSLATIONENTITY><ECORESPRODUCTCATEGORYTRANSLATIONENTITY><LANGUAGEID>en-us</LANGUAGEID><PRODUCTCATEGORYHIERARCHYNAME><![CDATA[Global Product & Service Hierarchy]]></PRODUCTCATEGORYHIERARCHYNAME><PRODUCTCATEGORYNAME><![CDATA[Services & Wages]]></PRODUCTCATEGORYNAME><TRANSLATEDCATEGORYDESCRIPTION>Various services provided by workers, including labor and professional services.</TRANSLATEDCATEGORYDESCRIPTION><TRANSLATEDCATEGORYKEYWORDS></TRANSLATEDCATEGORYKEYWORDS><TRANSLATEDFRIENDLYCATEGORYNAME>Labor and Services</TRANSLATEDFRIENDLYCATEGORYNAME></ECORESPRODUCTCATEGORYTRANSLATIONENTITY><ECORESPRODUCTCATEGORYTRANSLATIONENTITY><LANGUAGEID>en-us</LANGUAGEID><PRODUCTCATEGORYHIERARCHYNAME><![CDATA[Global Product & Service Hierarchy]]></PRODUCTCATEGORYHIERARCHYNAME><PRODUCTCATEGORYNAME>Skins</PRODUCTCATEGORYNAME><TRANSLATEDCATEGORYDESCRIPTION>Skins and hides from various creatures, used for crafting and trade.</TRANSLATEDCATEGORYDESCRIPTION><TRANSLATEDCATEGORYKEYWORDS></TRANSLATEDCATEGORYKEYWORDS><TRANSLATEDFRIENDLYCATEGORYNAME>Animal Hides</TRANSLATEDFRIENDLYCATEGORYNAME></ECORESPRODUCTCATEGORYTRANSLATIONENTITY><ECORESPRODUCTCATEGORYTRANSLATIONENTITY><LANGUAGEID>en-us</LANGUAGEID><PRODUCTCATEGORYHIERARCHYNAME><![CDATA[Global Product & Service Hierarchy]]></PRODUCTCATEGORYHIERARCHYNAME><PRODUCTCATEGORYNAME>Spellcasting</PRODUCTCATEGORYNAME><TRANSLATEDCATEGORYDESCRIPTION>Services related to the casting of spells, including hiring mages.</TRANSLATEDCATEGORYDESCRIPTION><TRANSLATEDCATEGORYKEYWORDS></TRANSLATEDCATEGORYKEYWORDS><TRANSLATEDFRIENDLYCATEGORYNAME>Magical Services</TRANSLATEDFRIENDLYCATEGORYNAME></ECORESPRODUCTCATEGORYTRANSLATIONENTITY><ECORESPRODUCTCATEGORYTRANSLATIONENTITY><LANGUAGEID>en-us</LANGUAGEID><PRODUCTCATEGORYHIERARCHYNAME><![CDATA[Global Product & Service Hierarchy]]></PRODUCTCATEGORYHIERARCHYNAME><PRODUCTCATEGORYNAME>Storage Products</PRODUCTCATEGORYNAME><TRANSLATEDCATEGORYDESCRIPTION>Storage Products</TRANSLATEDCATEGORYDESCRIPTION><TRANSLATEDCATEGORYKEYWORDS></TRANSLATEDCATEGORYKEYWORDS><TRANSLATEDFRIENDLYCATEGORYNAME>Storage Products</TRANSLATEDFRIENDLYCATEGORYNAME></ECORESPRODUCTCATEGORYTRANSLATIONENTITY><ECORESPRODUCTCATEGORYTRANSLATIONENTITY><LANGUAGEID>en-us</LANGUAGEID><PRODUCTCATEGORYHIERARCHYNAME><![CDATA[Global Product & Service Hierarchy]]></PRODUCTCATEGORYHIERARCHYNAME><PRODUCTCATEGORYNAME><![CDATA[Tack & Harness]]></PRODUCTCATEGORYNAME><TRANSLATEDCATEGORYDESCRIPTION>Equipment used for riding and controlling mounts.</TRANSLATEDCATEGORYDESCRIPTION><TRANSLATEDCATEGORYKEYWORDS></TRANSLATEDCATEGORYKEYWORDS><TRANSLATEDFRIENDLYCATEGORYNAME>Riding Equipment</TRANSLATEDFRIENDLYCATEGORYNAME></ECORESPRODUCTCATEGORYTRANSLATIONENTITY><ECORESPRODUCTCATEGORYTRANSLATIONENTITY><LANGUAGEID>en-us</LANGUAGEID><PRODUCTCATEGORYHIERARCHYNAME><![CDATA[Global Product & Service Hierarchy]]></PRODUCTCATEGORYHIERARCHYNAME><PRODUCTCATEGORYNAME><![CDATA[Tavern & Inn]]></PRODUCTCATEGORYNAME><TRANSLATEDCATEGORYDESCRIPTION>Services related to inns and taverns, including lodging and meals.</TRANSLATEDCATEGORYDESCRIPTION><TRANSLATEDCATEGORYKEYWORDS></TRANSLATEDCATEGORYKEYWORDS><TRANSLATEDFRIENDLYCATEGORYNAME>Hospitality Services</TRANSLATEDFRIENDLYCATEGORYNAME></ECORESPRODUCTCATEGORYTRANSLATIONENTITY><ECORESPRODUCTCATEGORYTRANSLATIONENTITY><LANGUAGEID>en-us</LANGUAGEID><PRODUCTCATEGORYHIERARCHYNAME><![CDATA[Global Product & Service Hierarchy]]></PRODUCTCATEGORYHIERARCHYNAME><PRODUCTCATEGORYNAME>Tools</PRODUCTCATEGORYNAME><TRANSLATEDCATEGORYDESCRIPTION>Various tools used in crafting, construction, and other activities.</TRANSLATEDCATEGORYDESCRIPTION><TRANSLATEDCATEGORYKEYWORDS></TRANSLATEDCATEGORYKEYWORDS><TRANSLATEDFRIENDLYCATEGORYNAME>Hand Tools and Implements</TRANSLATEDFRIENDLYCATEGORYNAME></ECORESPRODUCTCATEGORYTRANSLATIONENTITY><ECORESPRODUCTCATEGORYTRANSLATIONENTITY><LANGUAGEID>en-us</LANGUAGEID><PRODUCTCATEGORYHIERARCHYNAME><![CDATA[Global Product & Service Hierarchy]]></PRODUCTCATEGORYHIERARCHYNAME><PRODUCTCATEGORYNAME>Transportation</PRODUCTCATEGORYNAME><TRANSLATEDCATEGORYDESCRIPTION>Various means of transportation, including vehicles and riding animals.</TRANSLATEDCATEGORYDESCRIPTION><TRANSLATEDCATEGORYKEYWORDS></TRANSLATEDCATEGORYKEYWORDS><TRANSLATEDFRIENDLYCATEGORYNAME>Vehicles and Mounts</TRANSLATEDFRIENDLYCATEGORYNAME></ECORESPRODUCTCATEGORYTRANSLATIONENTITY><ECORESPRODUCTCATEGORYTRANSLATIONENTITY><LANGUAGEID>en-us</LANGUAGEID><PRODUCTCATEGORYHIERARCHYNAME>TAGS</PRODUCTCATEGORYHIERARCHYNAME><PRODUCTCATEGORYNAME>Utility</PRODUCTCATEGORYNAME><TRANSLATEDCATEGORYDESCRIPTION></TRANSLATEDCATEGORYDESCRIPTION><TRANSLATEDCATEGORYKEYWORDS></TRANSLATEDCATEGORYKEYWORDS><TRANSLATEDFRIENDLYCATEGORYNAME>Utility</TRANSLATEDFRIENDLYCATEGORYNAME></ECORESPRODUCTCATEGORYTRANSLATIONENTITY><ECORESPRODUCTCATEGORYTRANSLATIONENTITY><LANGUAGEID>en-us</LANGUAGEID><PRODUCTCATEGORYHIERARCHYNAME><![CDATA[Global Product & Service Hierarchy]]></PRODUCTCATEGORYHIERARCHYNAME><PRODUCTCATEGORYNAME>Weapons</PRODUCTCATEGORYNAME><TRANSLATEDCATEGORYDESCRIPTION>Various weapons, including swords, bows, and magical weapons.</TRANSLATEDCATEGORYDESCRIPTION><TRANSLATEDCATEGORYKEYWORDS></TRANSLATEDCATEGORYKEYWORDS><TRANSLATEDFRIENDLYCATEGORYNAME>Arms</TRANSLATEDFRIENDLYCATEGORYNAME></ECORESPRODUCTCATEGORYTRANSLATIONENTITY></Document>