﻿<?xml version="1.0" encoding="utf-8"?><Document><ECORESPRODUCTDIMENSIONGROUPENTITY><GROUPDESCRIPTION>Color</GROUPDESCRIPTION><GROUPNAME>COLOR</GROUPNAME><ISPRODUCTCOLORACTIVE>Yes</ISPRODUCTCOLORACTIVE><ISPRODUCTCONFIGURATIONACTIVE>No</ISPRODUCTCONFIGURATIONACTIVE><ISPRODUCTSIZEACTIVE>No</ISPRODUCTSIZEACTIVE><ISPRODUCTSTYLEACTIVE>No</ISPRODUCTSTYLEACTIVE><ISPRODUCTVERSIONACTIVE>No</ISPRODUCTVERSIONACTIVE><PRODUCTCOLORDISPLAYORDER>0.000000</PRODUCTCOLORDISPLAYORDER><PRODUCTCONFIGURATIONDISPLAYORDER>0.000000</PRODUCTCONFIGURATIONDISPLAYORDER><PRODUCTSIZEDISPLAYORDER>0.000000</PRODUCTSIZEDISPLAYORDER><PRODUCTSTYLEDISPLAYORDER>0.000000</PRODUCTSTYLEDISPLAYORDER><PRODUCTVARIANTNOMENCLATURENAME>NAME, COLOR</PRODUCTVARIANTNOMENCLATURENAME><PRODUCTVERSIONDISPLAYORDER>0.000000</PRODUCTVERSIONDISPLAYORDER><WILLPURCHASEPRICESEARCHUSEPRODUCTCOLOR>Yes</WILLPURCHASEPRICESEARCHUSEPRODUCTCOLOR><WILLPURCHASEPRICESEARCHUSEPRODUCTCONFIGURATION>Yes</WILLPURCHASEPRICESEARCHUSEPRODUCTCONFIGURATION><WILLPURCHASEPRICESEARCHUSEPRODUCTSIZE>Yes</WILLPURCHASEPRICESEARCHUSEPRODUCTSIZE><WILLPURCHASEPRICESEARCHUSEPRODUCTSTYLE>Yes</WILLPURCHASEPRICESEARCHUSEPRODUCTSTYLE><WILLPURCHASEPRICESEARCHUSEPRODUCTVERSION>Yes</WILLPURCHASEPRICESEARCHUSEPRODUCTVERSION><WILLSALESPRICESEARCHUSEPRODUCTCOLOR>Yes</WILLSALESPRICESEARCHUSEPRODUCTCOLOR><WILLSALESPRICESEARCHUSEPRODUCTCONFIGURATION>Yes</WILLSALESPRICESEARCHUSEPRODUCTCONFIGURATION><WILLSALESPRICESEARCHUSEPRODUCTSIZE>Yes</WILLSALESPRICESEARCHUSEPRODUCTSIZE><WILLSALESPRICESEARCHUSEPRODUCTSTYLE>Yes</WILLSALESPRICESEARCHUSEPRODUCTSTYLE><WILLSALESPRICESEARCHUSEPRODUCTVERSION>Yes</WILLSALESPRICESEARCHUSEPRODUCTVERSION></ECORESPRODUCTDIMENSIONGROUPENTITY><ECORESPRODUCTDIMENSIONGROUPENTITY><GROUPDESCRIPTION>Color + Size</GROUPDESCRIPTION><GROUPNAME>COLOR+SIZE</GROUPNAME><ISPRODUCTCOLORACTIVE>Yes</ISPRODUCTCOLORACTIVE><ISPRODUCTCONFIGURATIONACTIVE>No</ISPRODUCTCONFIGURATIONACTIVE><ISPRODUCTSIZEACTIVE>Yes</ISPRODUCTSIZEACTIVE><ISPRODUCTSTYLEACTIVE>No</ISPRODUCTSTYLEACTIVE><ISPRODUCTVERSIONACTIVE>No</ISPRODUCTVERSIONACTIVE><PRODUCTCOLORDISPLAYORDER>1.000000</PRODUCTCOLORDISPLAYORDER><PRODUCTCONFIGURATIONDISPLAYORDER>0.000000</PRODUCTCONFIGURATIONDISPLAYORDER><PRODUCTSIZEDISPLAYORDER>2.000000</PRODUCTSIZEDISPLAYORDER><PRODUCTSTYLEDISPLAYORDER>0.000000</PRODUCTSTYLEDISPLAYORDER><PRODUCTVARIANTNOMENCLATURENAME>NAME, COLOR, SIZE</PRODUCTVARIANTNOMENCLATURENAME><PRODUCTVERSIONDISPLAYORDER>0.000000</PRODUCTVERSIONDISPLAYORDER><WILLPURCHASEPRICESEARCHUSEPRODUCTCOLOR>Yes</WILLPURCHASEPRICESEARCHUSEPRODUCTCOLOR><WILLPURCHASEPRICESEARCHUSEPRODUCTCONFIGURATION>Yes</WILLPURCHASEPRICESEARCHUSEPRODUCTCONFIGURATION><WILLPURCHASEPRICESEARCHUSEPRODUCTSIZE>Yes</WILLPURCHASEPRICESEARCHUSEPRODUCTSIZE><WILLPURCHASEPRICESEARCHUSEPRODUCTSTYLE>Yes</WILLPURCHASEPRICESEARCHUSEPRODUCTSTYLE><WILLPURCHASEPRICESEARCHUSEPRODUCTVERSION>Yes</WILLPURCHASEPRICESEARCHUSEPRODUCTVERSION><WILLSALESPRICESEARCHUSEPRODUCTCOLOR>Yes</WILLSALESPRICESEARCHUSEPRODUCTCOLOR><WILLSALESPRICESEARCHUSEPRODUCTCONFIGURATION>Yes</WILLSALESPRICESEARCHUSEPRODUCTCONFIGURATION><WILLSALESPRICESEARCHUSEPRODUCTSIZE>Yes</WILLSALESPRICESEARCHUSEPRODUCTSIZE><WILLSALESPRICESEARCHUSEPRODUCTSTYLE>Yes</WILLSALESPRICESEARCHUSEPRODUCTSTYLE><WILLSALESPRICESEARCHUSEPRODUCTVERSION>Yes</WILLSALESPRICESEARCHUSEPRODUCTVERSION></ECORESPRODUCTDIMENSIONGROUPENTITY><ECORESPRODUCTDIMENSIONGROUPENTITY><GROUPDESCRIPTION>Size</GROUPDESCRIPTION><GROUPNAME>SIZE</GROUPNAME><ISPRODUCTCOLORACTIVE>No</ISPRODUCTCOLORACTIVE><ISPRODUCTCONFIGURATIONACTIVE>No</ISPRODUCTCONFIGURATIONACTIVE><ISPRODUCTSIZEACTIVE>Yes</ISPRODUCTSIZEACTIVE><ISPRODUCTSTYLEACTIVE>No</ISPRODUCTSTYLEACTIVE><ISPRODUCTVERSIONACTIVE>No</ISPRODUCTVERSIONACTIVE><PRODUCTCOLORDISPLAYORDER>0.000000</PRODUCTCOLORDISPLAYORDER><PRODUCTCONFIGURATIONDISPLAYORDER>0.000000</PRODUCTCONFIGURATIONDISPLAYORDER><PRODUCTSIZEDISPLAYORDER>0.000000</PRODUCTSIZEDISPLAYORDER><PRODUCTSTYLEDISPLAYORDER>0.000000</PRODUCTSTYLEDISPLAYORDER><PRODUCTVARIANTNOMENCLATURENAME>NAME, SIZE</PRODUCTVARIANTNOMENCLATURENAME><PRODUCTVERSIONDISPLAYORDER>0.000000</PRODUCTVERSIONDISPLAYORDER><WILLPURCHASEPRICESEARCHUSEPRODUCTCOLOR>Yes</WILLPURCHASEPRICESEARCHUSEPRODUCTCOLOR><WILLPURCHASEPRICESEARCHUSEPRODUCTCONFIGURATION>Yes</WILLPURCHASEPRICESEARCHUSEPRODUCTCONFIGURATION><WILLPURCHASEPRICESEARCHUSEPRODUCTSIZE>Yes</WILLPURCHASEPRICESEARCHUSEPRODUCTSIZE><WILLPURCHASEPRICESEARCHUSEPRODUCTSTYLE>Yes</WILLPURCHASEPRICESEARCHUSEPRODUCTSTYLE><WILLPURCHASEPRICESEARCHUSEPRODUCTVERSION>Yes</WILLPURCHASEPRICESEARCHUSEPRODUCTVERSION><WILLSALESPRICESEARCHUSEPRODUCTCOLOR>Yes</WILLSALESPRICESEARCHUSEPRODUCTCOLOR><WILLSALESPRICESEARCHUSEPRODUCTCONFIGURATION>Yes</WILLSALESPRICESEARCHUSEPRODUCTCONFIGURATION><WILLSALESPRICESEARCHUSEPRODUCTSIZE>Yes</WILLSALESPRICESEARCHUSEPRODUCTSIZE><WILLSALESPRICESEARCHUSEPRODUCTSTYLE>Yes</WILLSALESPRICESEARCHUSEPRODUCTSTYLE><WILLSALESPRICESEARCHUSEPRODUCTVERSION>Yes</WILLSALESPRICESEARCHUSEPRODUCTVERSION></ECORESPRODUCTDIMENSIONGROUPENTITY><ECORESPRODUCTDIMENSIONGROUPENTITY><GROUPDESCRIPTION>Style + Color + Size</GROUPDESCRIPTION><GROUPNAME>STY+COL+SZ</GROUPNAME><ISPRODUCTCOLORACTIVE>Yes</ISPRODUCTCOLORACTIVE><ISPRODUCTCONFIGURATIONACTIVE>No</ISPRODUCTCONFIGURATIONACTIVE><ISPRODUCTSIZEACTIVE>Yes</ISPRODUCTSIZEACTIVE><ISPRODUCTSTYLEACTIVE>Yes</ISPRODUCTSTYLEACTIVE><ISPRODUCTVERSIONACTIVE>No</ISPRODUCTVERSIONACTIVE><PRODUCTCOLORDISPLAYORDER>2.000000</PRODUCTCOLORDISPLAYORDER><PRODUCTCONFIGURATIONDISPLAYORDER>0.000000</PRODUCTCONFIGURATIONDISPLAYORDER><PRODUCTSIZEDISPLAYORDER>3.000000</PRODUCTSIZEDISPLAYORDER><PRODUCTSTYLEDISPLAYORDER>1.000000</PRODUCTSTYLEDISPLAYORDER><PRODUCTVARIANTNOMENCLATURENAME>NAME, STYLE, COLOR, SIZE</PRODUCTVARIANTNOMENCLATURENAME><PRODUCTVERSIONDISPLAYORDER>0.000000</PRODUCTVERSIONDISPLAYORDER><WILLPURCHASEPRICESEARCHUSEPRODUCTCOLOR>Yes</WILLPURCHASEPRICESEARCHUSEPRODUCTCOLOR><WILLPURCHASEPRICESEARCHUSEPRODUCTCONFIGURATION>Yes</WILLPURCHASEPRICESEARCHUSEPRODUCTCONFIGURATION><WILLPURCHASEPRICESEARCHUSEPRODUCTSIZE>Yes</WILLPURCHASEPRICESEARCHUSEPRODUCTSIZE><WILLPURCHASEPRICESEARCHUSEPRODUCTSTYLE>Yes</WILLPURCHASEPRICESEARCHUSEPRODUCTSTYLE><WILLPURCHASEPRICESEARCHUSEPRODUCTVERSION>Yes</WILLPURCHASEPRICESEARCHUSEPRODUCTVERSION><WILLSALESPRICESEARCHUSEPRODUCTCOLOR>Yes</WILLSALESPRICESEARCHUSEPRODUCTCOLOR><WILLSALESPRICESEARCHUSEPRODUCTCONFIGURATION>Yes</WILLSALESPRICESEARCHUSEPRODUCTCONFIGURATION><WILLSALESPRICESEARCHUSEPRODUCTSIZE>Yes</WILLSALESPRICESEARCHUSEPRODUCTSIZE><WILLSALESPRICESEARCHUSEPRODUCTSTYLE>Yes</WILLSALESPRICESEARCHUSEPRODUCTSTYLE><WILLSALESPRICESEARCHUSEPRODUCTVERSION>Yes</WILLSALESPRICESEARCHUSEPRODUCTVERSION></ECORESPRODUCTDIMENSIONGROUPENTITY><ECORESPRODUCTDIMENSIONGROUPENTITY><GROUPDESCRIPTION>Style</GROUPDESCRIPTION><GROUPNAME>STYLE</GROUPNAME><ISPRODUCTCOLORACTIVE>No</ISPRODUCTCOLORACTIVE><ISPRODUCTCONFIGURATIONACTIVE>No</ISPRODUCTCONFIGURATIONACTIVE><ISPRODUCTSIZEACTIVE>No</ISPRODUCTSIZEACTIVE><ISPRODUCTSTYLEACTIVE>Yes</ISPRODUCTSTYLEACTIVE><ISPRODUCTVERSIONACTIVE>No</ISPRODUCTVERSIONACTIVE><PRODUCTCOLORDISPLAYORDER>0.000000</PRODUCTCOLORDISPLAYORDER><PRODUCTCONFIGURATIONDISPLAYORDER>0.000000</PRODUCTCONFIGURATIONDISPLAYORDER><PRODUCTSIZEDISPLAYORDER>0.000000</PRODUCTSIZEDISPLAYORDER><PRODUCTSTYLEDISPLAYORDER>0.000000</PRODUCTSTYLEDISPLAYORDER><PRODUCTVARIANTNOMENCLATURENAME>NAME, STYLE</PRODUCTVARIANTNOMENCLATURENAME><PRODUCTVERSIONDISPLAYORDER>0.000000</PRODUCTVERSIONDISPLAYORDER><WILLPURCHASEPRICESEARCHUSEPRODUCTCOLOR>Yes</WILLPURCHASEPRICESEARCHUSEPRODUCTCOLOR><WILLPURCHASEPRICESEARCHUSEPRODUCTCONFIGURATION>Yes</WILLPURCHASEPRICESEARCHUSEPRODUCTCONFIGURATION><WILLPURCHASEPRICESEARCHUSEPRODUCTSIZE>Yes</WILLPURCHASEPRICESEARCHUSEPRODUCTSIZE><WILLPURCHASEPRICESEARCHUSEPRODUCTSTYLE>Yes</WILLPURCHASEPRICESEARCHUSEPRODUCTSTYLE><WILLPURCHASEPRICESEARCHUSEPRODUCTVERSION>Yes</WILLPURCHASEPRICESEARCHUSEPRODUCTVERSION><WILLSALESPRICESEARCHUSEPRODUCTCOLOR>Yes</WILLSALESPRICESEARCHUSEPRODUCTCOLOR><WILLSALESPRICESEARCHUSEPRODUCTCONFIGURATION>Yes</WILLSALESPRICESEARCHUSEPRODUCTCONFIGURATION><WILLSALESPRICESEARCHUSEPRODUCTSIZE>Yes</WILLSALESPRICESEARCHUSEPRODUCTSIZE><WILLSALESPRICESEARCHUSEPRODUCTSTYLE>Yes</WILLSALESPRICESEARCHUSEPRODUCTSTYLE><WILLSALESPRICESEARCHUSEPRODUCTVERSION>Yes</WILLSALESPRICESEARCHUSEPRODUCTVERSION></ECORESPRODUCTDIMENSIONGROUPENTITY><ECORESPRODUCTDIMENSIONGROUPENTITY><GROUPDESCRIPTION>Style + Color</GROUPDESCRIPTION><GROUPNAME>STYLE+COL</GROUPNAME><ISPRODUCTCOLORACTIVE>Yes</ISPRODUCTCOLORACTIVE><ISPRODUCTCONFIGURATIONACTIVE>No</ISPRODUCTCONFIGURATIONACTIVE><ISPRODUCTSIZEACTIVE>No</ISPRODUCTSIZEACTIVE><ISPRODUCTSTYLEACTIVE>Yes</ISPRODUCTSTYLEACTIVE><ISPRODUCTVERSIONACTIVE>No</ISPRODUCTVERSIONACTIVE><PRODUCTCOLORDISPLAYORDER>2.000000</PRODUCTCOLORDISPLAYORDER><PRODUCTCONFIGURATIONDISPLAYORDER>0.000000</PRODUCTCONFIGURATIONDISPLAYORDER><PRODUCTSIZEDISPLAYORDER>0.000000</PRODUCTSIZEDISPLAYORDER><PRODUCTSTYLEDISPLAYORDER>1.000000</PRODUCTSTYLEDISPLAYORDER><PRODUCTVARIANTNOMENCLATURENAME>NAME, STYLE, COLOR</PRODUCTVARIANTNOMENCLATURENAME><PRODUCTVERSIONDISPLAYORDER>0.000000</PRODUCTVERSIONDISPLAYORDER><WILLPURCHASEPRICESEARCHUSEPRODUCTCOLOR>Yes</WILLPURCHASEPRICESEARCHUSEPRODUCTCOLOR><WILLPURCHASEPRICESEARCHUSEPRODUCTCONFIGURATION>Yes</WILLPURCHASEPRICESEARCHUSEPRODUCTCONFIGURATION><WILLPURCHASEPRICESEARCHUSEPRODUCTSIZE>Yes</WILLPURCHASEPRICESEARCHUSEPRODUCTSIZE><WILLPURCHASEPRICESEARCHUSEPRODUCTSTYLE>Yes</WILLPURCHASEPRICESEARCHUSEPRODUCTSTYLE><WILLPURCHASEPRICESEARCHUSEPRODUCTVERSION>Yes</WILLPURCHASEPRICESEARCHUSEPRODUCTVERSION><WILLSALESPRICESEARCHUSEPRODUCTCOLOR>Yes</WILLSALESPRICESEARCHUSEPRODUCTCOLOR><WILLSALESPRICESEARCHUSEPRODUCTCONFIGURATION>Yes</WILLSALESPRICESEARCHUSEPRODUCTCONFIGURATION><WILLSALESPRICESEARCHUSEPRODUCTSIZE>Yes</WILLSALESPRICESEARCHUSEPRODUCTSIZE><WILLSALESPRICESEARCHUSEPRODUCTSTYLE>Yes</WILLSALESPRICESEARCHUSEPRODUCTSTYLE><WILLSALESPRICESEARCHUSEPRODUCTVERSION>Yes</WILLSALESPRICESEARCHUSEPRODUCTVERSION></ECORESPRODUCTDIMENSIONGROUPENTITY><ECORESPRODUCTDIMENSIONGROUPENTITY><GROUPDESCRIPTION>Style + Size</GROUPDESCRIPTION><GROUPNAME>STYLE+SIZE</GROUPNAME><ISPRODUCTCOLORACTIVE>No</ISPRODUCTCOLORACTIVE><ISPRODUCTCONFIGURATIONACTIVE>No</ISPRODUCTCONFIGURATIONACTIVE><ISPRODUCTSIZEACTIVE>Yes</ISPRODUCTSIZEACTIVE><ISPRODUCTSTYLEACTIVE>Yes</ISPRODUCTSTYLEACTIVE><ISPRODUCTVERSIONACTIVE>No</ISPRODUCTVERSIONACTIVE><PRODUCTCOLORDISPLAYORDER>0.000000</PRODUCTCOLORDISPLAYORDER><PRODUCTCONFIGURATIONDISPLAYORDER>0.000000</PRODUCTCONFIGURATIONDISPLAYORDER><PRODUCTSIZEDISPLAYORDER>2.000000</PRODUCTSIZEDISPLAYORDER><PRODUCTSTYLEDISPLAYORDER>1.000000</PRODUCTSTYLEDISPLAYORDER><PRODUCTVARIANTNOMENCLATURENAME>NAME, STYLE, SIZE</PRODUCTVARIANTNOMENCLATURENAME><PRODUCTVERSIONDISPLAYORDER>0.000000</PRODUCTVERSIONDISPLAYORDER><WILLPURCHASEPRICESEARCHUSEPRODUCTCOLOR>Yes</WILLPURCHASEPRICESEARCHUSEPRODUCTCOLOR><WILLPURCHASEPRICESEARCHUSEPRODUCTCONFIGURATION>Yes</WILLPURCHASEPRICESEARCHUSEPRODUCTCONFIGURATION><WILLPURCHASEPRICESEARCHUSEPRODUCTSIZE>Yes</WILLPURCHASEPRICESEARCHUSEPRODUCTSIZE><WILLPURCHASEPRICESEARCHUSEPRODUCTSTYLE>Yes</WILLPURCHASEPRICESEARCHUSEPRODUCTSTYLE><WILLPURCHASEPRICESEARCHUSEPRODUCTVERSION>Yes</WILLPURCHASEPRICESEARCHUSEPRODUCTVERSION><WILLSALESPRICESEARCHUSEPRODUCTCOLOR>Yes</WILLSALESPRICESEARCHUSEPRODUCTCOLOR><WILLSALESPRICESEARCHUSEPRODUCTCONFIGURATION>Yes</WILLSALESPRICESEARCHUSEPRODUCTCONFIGURATION><WILLSALESPRICESEARCHUSEPRODUCTSIZE>Yes</WILLSALESPRICESEARCHUSEPRODUCTSIZE><WILLSALESPRICESEARCHUSEPRODUCTSTYLE>Yes</WILLSALESPRICESEARCHUSEPRODUCTSTYLE><WILLSALESPRICESEARCHUSEPRODUCTVERSION>Yes</WILLSALESPRICESEARCHUSEPRODUCTVERSION></ECORESPRODUCTDIMENSIONGROUPENTITY></Document>