﻿<?xml version="1.0" encoding="utf-8"?><Document><ECORESPRODUCTCATEGORYASSIGNMENTENTITY><DISPLAYORDER>0.000000</DISPLAYORDER><PRODUCTCATEGORYHIERARCHYNAME>TAGS</PRODUCTCATEGORYHIERARCHYNAME><PRODUCTCATEGORYNAME>Container</PRODUCTCATEGORYNAME><PRODUCTNUMBER>BACKPACK</PRODUCTNUMBER></ECORESPRODUCTCATEGORYASSIGNMENTENTITY><ECORESPRODUCTCATEGORYASSIGNMENTENTITY><DISPLAYORDER>0.000000</DISPLAYORDER><PRODUCTCATEGORYHIERARCHYNAME><![CDATA[Global Product & Service Hierarchy]]></PRODUCTCATEGORYHIERARCHYNAME><PRODUCTCATEGORYNAME>Storage Products</PRODUCTCATEGORYNAME><PRODUCTNUMBER>BACKPACK</PRODUCTNUMBER></ECORESPRODUCTCATEGORYASSIGNMENTENTITY><ECORESPRODUCTCATEGORYASSIGNMENTENTITY><DISPLAYORDER>0.000000</DISPLAYORDER><PRODUCTCATEGORYHIERARCHYNAME><![CDATA[Global Product & Service Hierarchy]]></PRODUCTCATEGORYHIERARCHYNAME><PRODUCTCATEGORYNAME>Adventuring Gear</PRODUCTCATEGORYNAME><PRODUCTNUMBER>BACKPACK-LTH-LRG</PRODUCTNUMBER></ECORESPRODUCTCATEGORYASSIGNMENTENTITY><ECORESPRODUCTCATEGORYASSIGNMENTENTITY><DISPLAYORDER>0.000000</DISPLAYORDER><PRODUCTCATEGORYHIERARCHYNAME>TAGS</PRODUCTCATEGORYHIERARCHYNAME><PRODUCTCATEGORYNAME>Container</PRODUCTCATEGORYNAME><PRODUCTNUMBER>BACKPACK-LTH-LRG</PRODUCTNUMBER></ECORESPRODUCTCATEGORYASSIGNMENTENTITY><ECORESPRODUCTCATEGORYASSIGNMENTENTITY><DISPLAYORDER>0.000000</DISPLAYORDER><PRODUCTCATEGORYHIERARCHYNAME>TAGS</PRODUCTCATEGORYHIERARCHYNAME><PRODUCTCATEGORYNAME>Container</PRODUCTCATEGORYNAME><PRODUCTNUMBER>BARREL</PRODUCTNUMBER></ECORESPRODUCTCATEGORYASSIGNMENTENTITY><ECORESPRODUCTCATEGORYASSIGNMENTENTITY><DISPLAYORDER>0.000000</DISPLAYORDER><PRODUCTCATEGORYHIERARCHYNAME><![CDATA[Global Product & Service Hierarchy]]></PRODUCTCATEGORYHIERARCHYNAME><PRODUCTCATEGORYNAME>Storage Products</PRODUCTCATEGORYNAME><PRODUCTNUMBER>BARREL</PRODUCTNUMBER></ECORESPRODUCTCATEGORYASSIGNMENTENTITY><ECORESPRODUCTCATEGORYASSIGNMENTENTITY><DISPLAYORDER>0.000000</DISPLAYORDER><PRODUCTCATEGORYHIERARCHYNAME><![CDATA[Global Product & Service Hierarchy]]></PRODUCTCATEGORYHIERARCHYNAME><PRODUCTCATEGORYNAME>Adventuring Gear</PRODUCTCATEGORYNAME><PRODUCTNUMBER>BELL</PRODUCTNUMBER></ECORESPRODUCTCATEGORYASSIGNMENTENTITY><ECORESPRODUCTCATEGORYASSIGNMENTENTITY><DISPLAYORDER>0.000000</DISPLAYORDER><PRODUCTCATEGORYHIERARCHYNAME>TAGS</PRODUCTCATEGORYHIERARCHYNAME><PRODUCTCATEGORYNAME>Communication</PRODUCTCATEGORYNAME><PRODUCTNUMBER>BELL</PRODUCTNUMBER></ECORESPRODUCTCATEGORYASSIGNMENTENTITY><ECORESPRODUCTCATEGORYASSIGNMENTENTITY><DISPLAYORDER>0.000000</DISPLAYORDER><PRODUCTCATEGORYHIERARCHYNAME>TAGS</PRODUCTCATEGORYHIERARCHYNAME><PRODUCTCATEGORYNAME>Utility</PRODUCTCATEGORYNAME><PRODUCTNUMBER>BELL</PRODUCTNUMBER></ECORESPRODUCTCATEGORYASSIGNMENTENTITY><ECORESPRODUCTCATEGORYASSIGNMENTENTITY><DISPLAYORDER>0.000000</DISPLAYORDER><PRODUCTCATEGORYHIERARCHYNAME><![CDATA[Global Product & Service Hierarchy]]></PRODUCTCATEGORYHIERARCHYNAME><PRODUCTCATEGORYNAME>Adventuring Gear</PRODUCTCATEGORYNAME><PRODUCTNUMBER>EQUIPMENTPACK</PRODUCTNUMBER></ECORESPRODUCTCATEGORYASSIGNMENTENTITY><ECORESPRODUCTCATEGORYASSIGNMENTENTITY><DISPLAYORDER>0.000000</DISPLAYORDER><PRODUCTCATEGORYHIERARCHYNAME><![CDATA[Global Product & Service Hierarchy]]></PRODUCTCATEGORYHIERARCHYNAME><PRODUCTCATEGORYNAME>Weapons</PRODUCTCATEGORYNAME><PRODUCTNUMBER>SWORD</PRODUCTNUMBER></ECORESPRODUCTCATEGORYASSIGNMENTENTITY></Document>