﻿<?xml version="1.0" encoding="utf-8"?><Document><ECORESPRODUCTMASTERCOLORTRANSLATIONENTITY><LANGUAGEID>en-US</LANGUAGEID><PRODUCTMASTERCOLORID>RED</PRODUCTMASTERCOLORID><PRODUCTMASTERNUMBER>CANDLE</PRODUCTMASTERNUMBER><TRANSLATEDCOLORDESCRIPTION>red</TRANSLATEDCOLORDESCRIPTION><TRANSLATEDCOLORNAME>Red</TRANSLATEDCOLORNAME></ECORESPRODUCTMASTERCOLORTRANSLATIONENTITY><ECORESPRODUCTMASTERCOLORTRANSLATIONENTITY><LANGUAGEID>en-US</LANGUAGEID><PRODUCTMASTERCOLORID>WHITE</PRODUCTMASTERCOLORID><PRODUCTMASTERNUMBER>CANDLE</PRODUCTMASTERNUMBER><TRANSLATEDCOLORDESCRIPTION>white</TRANSLATEDCOLORDESCRIPTION><TRANSLATEDCOLORNAME>White</TRANSLATEDCOLORNAME></ECORESPRODUCTMASTERCOLORTRANSLATIONENTITY></Document>