﻿<?xml version="1.0" encoding="utf-8"?><Document><SMMPROSPECTCREATIONPOLICYENTITY><DEFAULTBUSINESSCLOSINGTIME>16:00:00</DEFAULTBUSINESSCLOSINGTIME><DEFAULTBUSINESSOPENINGTIME>08:00:00</DEFAULTBUSINESSOPENINGTIME><DEFAULTCURRENCYCODE>FSD</DEFAULTCURRENCYCODE><DEFAULTCUSTOMERGROUPID>OTHER</DEFAULTCUSTOMERGROUPID><DEFAULTLANGUAGEID>fae-cm</DEFAULTLANGUAGEID><DEFAULTPROSPECTRELATIONTYPEID>Prospect</DEFAULTPROSPECTRELATIONTYPEID><DEFAULTPROSPECTSTATUSID>NEW</DEFAULTPROSPECTSTATUSID><DEFAULTVENDORGROUPID></DEFAULTVENDORGROUPID><WILLPROSPECTCONVERSIONOPENRELATIONTYPEFORM>Yes</WILLPROSPECTCONVERSIONOPENRELATIONTYPEFORM></SMMPROSPECTCREATIONPOLICYENTITY></Document>