﻿<?xml version="1.0" encoding="utf-8"?><Document><SMMPROSPECTSTATUSENTITY><STATUSDESCRIPTION>Active</STATUSDESCRIPTION><STATUSID>ACTIVE</STATUSID></SMMPROSPECTSTATUSENTITY><SMMPROSPECTSTATUSENTITY><STATUSDESCRIPTION>First Contact</STATUSDESCRIPTION><STATUSID>FIRSTCONTACT</STATUSID></SMMPROSPECTSTATUSENTITY><SMMPROSPECTSTATUSENTITY><STATUSDESCRIPTION>Inactive</STATUSDESCRIPTION><STATUSID>INACTIVE</STATUSID></SMMPROSPECTSTATUSENTITY><SMMPROSPECTSTATUSENTITY><STATUSDESCRIPTION>New</STATUSDESCRIPTION><STATUSID>NEW</STATUSID></SMMPROSPECTSTATUSENTITY><SMMPROSPECTSTATUSENTITY><STATUSDESCRIPTION>Out Of Business</STATUSDESCRIPTION><STATUSID>OOB</STATUSID></SMMPROSPECTSTATUSENTITY><SMMPROSPECTSTATUSENTITY><STATUSDESCRIPTION>Stale</STATUSDESCRIPTION><STATUSID>STALE</STATUSID></SMMPROSPECTSTATUSENTITY></Document>