﻿<?xml version="1.0" encoding="utf-8"?><Document><SALESPROSPECTRELATIONTYPEENTITY><TABLESOURCE>Relation</TABLESOURCE><TYPEDESCRIPTION>Agents/Brokers</TYPEDESCRIPTION><TYPEID>Agent</TYPEID><WILLPROSPECTCONVERSIONDELETEPROSPECTS>No</WILLPROSPECTCONVERSIONDELETEPROSPECTS></SALESPROSPECTRELATIONTYPEENTITY><SALESPROSPECTRELATIONTYPEENTITY><TABLESOURCE>Relation</TABLESOURCE><TYPEDESCRIPTION>Associates</TYPEDESCRIPTION><TYPEID>Associate</TYPEID><WILLPROSPECTCONVERSIONDELETEPROSPECTS>No</WILLPROSPECTCONVERSIONDELETEPROSPECTS></SALESPROSPECTRELATIONTYPEENTITY><SALESPROSPECTRELATIONTYPEENTITY><TABLESOURCE>B2BProspect</TABLESOURCE><TYPEDESCRIPTION>B2B prospect</TYPEDESCRIPTION><TYPEID>B2B prospect</TYPEID><WILLPROSPECTCONVERSIONDELETEPROSPECTS>No</WILLPROSPECTCONVERSIONDELETEPROSPECTS></SALESPROSPECTRELATIONTYPEENTITY><SALESPROSPECTRELATIONTYPEENTITY><TABLESOURCE>Relation</TABLESOURCE><TYPEDESCRIPTION>Communications</TYPEDESCRIPTION><TYPEID>Communication</TYPEID><WILLPROSPECTCONVERSIONDELETEPROSPECTS>No</WILLPROSPECTCONVERSIONDELETEPROSPECTS></SALESPROSPECTRELATIONTYPEENTITY><SALESPROSPECTRELATIONTYPEENTITY><TABLESOURCE>Customer</TABLESOURCE><TYPEDESCRIPTION>Customer</TYPEDESCRIPTION><TYPEID>Customer</TYPEID><WILLPROSPECTCONVERSIONDELETEPROSPECTS>No</WILLPROSPECTCONVERSIONDELETEPROSPECTS></SALESPROSPECTRELATIONTYPEENTITY><SALESPROSPECTRELATIONTYPEENTITY><TABLESOURCE>Relation</TABLESOURCE><TYPEDESCRIPTION>Government</TYPEDESCRIPTION><TYPEID>Government</TYPEID><WILLPROSPECTCONVERSIONDELETEPROSPECTS>No</WILLPROSPECTCONVERSIONDELETEPROSPECTS></SALESPROSPECTRELATIONTYPEENTITY><SALESPROSPECTRELATIONTYPEENTITY><TABLESOURCE>Relation</TABLESOURCE><TYPEDESCRIPTION>Guilds</TYPEDESCRIPTION><TYPEID>Guild</TYPEID><WILLPROSPECTCONVERSIONDELETEPROSPECTS>No</WILLPROSPECTCONVERSIONDELETEPROSPECTS></SALESPROSPECTRELATIONTYPEENTITY><SALESPROSPECTRELATIONTYPEENTITY><TABLESOURCE>Relation</TABLESOURCE><TYPEDESCRIPTION>Healthcare Providers</TYPEDESCRIPTION><TYPEID>Healthcare</TYPEID><WILLPROSPECTCONVERSIONDELETEPROSPECTS>No</WILLPROSPECTCONVERSIONDELETEPROSPECTS></SALESPROSPECTRELATIONTYPEENTITY><SALESPROSPECTRELATIONTYPEENTITY><TABLESOURCE>Relation</TABLESOURCE><TYPEDESCRIPTION>Landlords</TYPEDESCRIPTION><TYPEID>Landlord</TYPEID><WILLPROSPECTCONVERSIONDELETEPROSPECTS>No</WILLPROSPECTCONVERSIONDELETEPROSPECTS></SALESPROSPECTRELATIONTYPEENTITY><SALESPROSPECTRELATIONTYPEENTITY><TABLESOURCE>Relation</TABLESOURCE><TYPEDESCRIPTION>Lawyers</TYPEDESCRIPTION><TYPEID>Lawyer</TYPEID><WILLPROSPECTCONVERSIONDELETEPROSPECTS>No</WILLPROSPECTCONVERSIONDELETEPROSPECTS></SALESPROSPECTRELATIONTYPEENTITY><SALESPROSPECTRELATIONTYPEENTITY><TABLESOURCE>Relation</TABLESOURCE><TYPEDESCRIPTION>National Accounts</TYPEDESCRIPTION><TYPEID>National</TYPEID><WILLPROSPECTCONVERSIONDELETEPROSPECTS>No</WILLPROSPECTCONVERSIONDELETEPROSPECTS></SALESPROSPECTRELATIONTYPEENTITY><SALESPROSPECTRELATIONTYPEENTITY><TABLESOURCE>Relation</TABLESOURCE><TYPEDESCRIPTION>Non-profit Organizations</TYPEDESCRIPTION><TYPEID>Non-profit</TYPEID><WILLPROSPECTCONVERSIONDELETEPROSPECTS>No</WILLPROSPECTCONVERSIONDELETEPROSPECTS></SALESPROSPECTRELATIONTYPEENTITY><SALESPROSPECTRELATIONTYPEENTITY><TABLESOURCE>Relation</TABLESOURCE><TYPEDESCRIPTION>Prospect</TYPEDESCRIPTION><TYPEID>Prospect</TYPEID><WILLPROSPECTCONVERSIONDELETEPROSPECTS>No</WILLPROSPECTCONVERSIONDELETEPROSPECTS></SALESPROSPECTRELATIONTYPEENTITY><SALESPROSPECTRELATIONTYPEENTITY><TABLESOURCE>Relation</TABLESOURCE><TYPEDESCRIPTION>Service Providers</TYPEDESCRIPTION><TYPEID>Service</TYPEID><WILLPROSPECTCONVERSIONDELETEPROSPECTS>No</WILLPROSPECTCONVERSIONDELETEPROSPECTS></SALESPROSPECTRELATIONTYPEENTITY><SALESPROSPECTRELATIONTYPEENTITY><TABLESOURCE>Relation</TABLESOURCE><TYPEDESCRIPTION>Staffing Agencies</TYPEDESCRIPTION><TYPEID>Staffing</TYPEID><WILLPROSPECTCONVERSIONDELETEPROSPECTS>No</WILLPROSPECTCONVERSIONDELETEPROSPECTS></SALESPROSPECTRELATIONTYPEENTITY><SALESPROSPECTRELATIONTYPEENTITY><TABLESOURCE>Relation</TABLESOURCE><TYPEDESCRIPTION>Stores</TYPEDESCRIPTION><TYPEID>Store</TYPEID><WILLPROSPECTCONVERSIONDELETEPROSPECTS>No</WILLPROSPECTCONVERSIONDELETEPROSPECTS></SALESPROSPECTRELATIONTYPEENTITY><SALESPROSPECTRELATIONTYPEENTITY><TABLESOURCE>Vendor</TABLESOURCE><TYPEDESCRIPTION>Vendor</TYPEDESCRIPTION><TYPEID>Vendor</TYPEID><WILLPROSPECTCONVERSIONDELETEPROSPECTS>No</WILLPROSPECTCONVERSIONDELETEPROSPECTS></SALESPROSPECTRELATIONTYPEENTITY></Document>