﻿<?xml version="1.0" encoding="utf-8"?><Document><PURCHFORMLETTERPURCHASEREQUISITIONFORMPRINTINGCONFIGURATIONENTITY><DISPLAYEDDOCUMENTATTACHMENTTYPECODE></DISPLAYEDDOCUMENTATTACHMENTTYPECODE><DOCUMENTATTACHMENTDISPLAYRULE>None</DOCUMENTATTACHMENTDISPLAYRULE><ISPRODUCTCOLORIDDISPLAYED>No</ISPRODUCTCOLORIDDISPLAYED><ISPRODUCTCONFIGURATIONIDDISPLAYED>No</ISPRODUCTCONFIGURATIONIDDISPLAYED><ISPRODUCTSIZEIDDISPLAYED>No</ISPRODUCTSIZEIDDISPLAYED><ISPRODUCTSTYLEIDDISPLAYED>No</ISPRODUCTSTYLEIDDISPLAYED><ISPRODUCTVERSIONIDDISPLAYED>No</ISPRODUCTVERSIONIDDISPLAYED><ISRECEIVINGSITEIDDISPLAYED>No</ISRECEIVINGSITEIDDISPLAYED><ISRECEIVINGWAREHOUSEIDDISPLAYED>No</ISRECEIVINGWAREHOUSEIDDISPLAYED></PURCHFORMLETTERPURCHASEREQUISITIONFORMPRINTINGCONFIGURATIONENTITY></Document>