﻿<?xml version="1.0" encoding="utf-8"?><Document><PURCHPURCHASEORDERUPDATELINESPARAMETERSENTITY><PURCHASEORDERHEADERFIELDNAME>AccountingDistributionTemplate</PURCHASEORDERHEADERFIELDNAME><PURCHASEORDERLINEUPDATERULE>Prompt</PURCHASEORDERLINEUPDATERULE></PURCHPURCHASEORDERUPDATELINESPARAMETERSENTITY><PURCHPURCHASEORDERUPDATELINESPARAMETERSENTITY><PURCHASEORDERHEADERFIELDNAME>ConfirmedDlv</PURCHASEORDERHEADERFIELDNAME><PURCHASEORDERLINEUPDATERULE>Prompt</PURCHASEORDERLINEUPDATERULE></PURCHPURCHASEORDERUPDATELINESPARAMETERSENTITY><PURCHPURCHASEORDERUPDATELINESPARAMETERSENTITY><PURCHASEORDERHEADERFIELDNAME>DefaultDimension</PURCHASEORDERHEADERFIELDNAME><PURCHASEORDERLINEUPDATERULE>Prompt</PURCHASEORDERLINEUPDATERULE></PURCHPURCHASEORDERUPDATELINESPARAMETERSENTITY><PURCHPURCHASEORDERUPDATELINESPARAMETERSENTITY><PURCHASEORDERHEADERFIELDNAME>DeliveryDate</PURCHASEORDERHEADERFIELDNAME><PURCHASEORDERLINEUPDATERULE>Prompt</PURCHASEORDERLINEUPDATERULE></PURCHPURCHASEORDERUPDATELINESPARAMETERSENTITY><PURCHPURCHASEORDERUPDATELINESPARAMETERSENTITY><PURCHASEORDERHEADERFIELDNAME>DlvMode</PURCHASEORDERHEADERFIELDNAME><PURCHASEORDERLINEUPDATERULE>Prompt</PURCHASEORDERLINEUPDATERULE></PURCHPURCHASEORDERUPDATELINESPARAMETERSENTITY><PURCHPURCHASEORDERUPDATELINESPARAMETERSENTITY><PURCHASEORDERHEADERFIELDNAME>DlvTerm</PURCHASEORDERHEADERFIELDNAME><PURCHASEORDERLINEUPDATERULE>Prompt</PURCHASEORDERLINEUPDATERULE></PURCHPURCHASEORDERUPDATELINESPARAMETERSENTITY><PURCHPURCHASEORDERUPDATELINESPARAMETERSENTITY><PURCHASEORDERHEADERFIELDNAME>InventLocationId</PURCHASEORDERHEADERFIELDNAME><PURCHASEORDERLINEUPDATERULE>Prompt</PURCHASEORDERLINEUPDATERULE></PURCHPURCHASEORDERUPDATELINESPARAMETERSENTITY><PURCHPURCHASEORDERUPDATELINESPARAMETERSENTITY><PURCHASEORDERHEADERFIELDNAME>ITMDate</PURCHASEORDERHEADERFIELDNAME><PURCHASEORDERLINEUPDATERULE>Prompt</PURCHASEORDERLINEUPDATERULE></PURCHPURCHASEORDERUPDATELINESPARAMETERSENTITY><PURCHPURCHASEORDERUPDATELINESPARAMETERSENTITY><PURCHASEORDERHEADERFIELDNAME>ITMExFactoryDate</PURCHASEORDERHEADERFIELDNAME><PURCHASEORDERLINEUPDATERULE>Prompt</PURCHASEORDERLINEUPDATERULE></PURCHPURCHASEORDERUPDATELINESPARAMETERSENTITY><PURCHPURCHASEORDERUPDATELINESPARAMETERSENTITY><PURCHASEORDERHEADERFIELDNAME>ITMFreightResponsibility</PURCHASEORDERHEADERFIELDNAME><PURCHASEORDERLINEUPDATERULE>Prompt</PURCHASEORDERLINEUPDATERULE></PURCHPURCHASEORDERUPDATELINESPARAMETERSENTITY><PURCHPURCHASEORDERUPDATELINESPARAMETERSENTITY><PURCHASEORDERHEADERFIELDNAME>ITMFromPort</PURCHASEORDERHEADERFIELDNAME><PURCHASEORDERLINEUPDATERULE>Prompt</PURCHASEORDERLINEUPDATERULE></PURCHPURCHASEORDERUPDATELINESPARAMETERSENTITY><PURCHPURCHASEORDERUPDATELINESPARAMETERSENTITY><PURCHASEORDERHEADERFIELDNAME>LanguageId</PURCHASEORDERHEADERFIELDNAME><PURCHASEORDERLINEUPDATERULE>Prompt</PURCHASEORDERLINEUPDATERULE></PURCHPURCHASEORDERUPDATELINESPARAMETERSENTITY><PURCHPURCHASEORDERUPDATELINESPARAMETERSENTITY><PURCHASEORDERHEADERFIELDNAME>LineDisc</PURCHASEORDERHEADERFIELDNAME><PURCHASEORDERLINEUPDATERULE>Prompt</PURCHASEORDERLINEUPDATERULE></PURCHPURCHASEORDERUPDATELINESPARAMETERSENTITY><PURCHPURCHASEORDERUPDATELINESPARAMETERSENTITY><PURCHASEORDERHEADERFIELDNAME>MarkupGroup</PURCHASEORDERHEADERFIELDNAME><PURCHASEORDERLINEUPDATERULE>Prompt</PURCHASEORDERLINEUPDATERULE></PURCHPURCHASEORDERUPDATELINESPARAMETERSENTITY><PURCHPURCHASEORDERUPDATELINESPARAMETERSENTITY><PURCHASEORDERHEADERFIELDNAME>OrderAccount</PURCHASEORDERHEADERFIELDNAME><PURCHASEORDERLINEUPDATERULE>Prompt</PURCHASEORDERLINEUPDATERULE></PURCHPURCHASEORDERUPDATELINESPARAMETERSENTITY><PURCHPURCHASEORDERUPDATELINESPARAMETERSENTITY><PURCHASEORDERHEADERFIELDNAME>Port</PURCHASEORDERHEADERFIELDNAME><PURCHASEORDERLINEUPDATERULE>Prompt</PURCHASEORDERLINEUPDATERULE></PURCHPURCHASEORDERUPDATELINESPARAMETERSENTITY><PURCHPURCHASEORDERUPDATELINESPARAMETERSENTITY><PURCHASEORDERHEADERFIELDNAME>PriceGroupId</PURCHASEORDERHEADERFIELDNAME><PURCHASEORDERLINEUPDATERULE>Prompt</PURCHASEORDERLINEUPDATERULE></PURCHPURCHASEORDERUPDATELINESPARAMETERSENTITY><PURCHPURCHASEORDERUPDATELINESPARAMETERSENTITY><PURCHASEORDERHEADERFIELDNAME>StatProcId</PURCHASEORDERHEADERFIELDNAME><PURCHASEORDERLINEUPDATERULE>Prompt</PURCHASEORDERLINEUPDATERULE></PURCHPURCHASEORDERUPDATELINESPARAMETERSENTITY><PURCHPURCHASEORDERUPDATELINESPARAMETERSENTITY><PURCHASEORDERHEADERFIELDNAME>TaxGroup</PURCHASEORDERHEADERFIELDNAME><PURCHASEORDERLINEUPDATERULE>Prompt</PURCHASEORDERLINEUPDATERULE></PURCHPURCHASEORDERUPDATELINESPARAMETERSENTITY><PURCHPURCHASEORDERUPDATELINESPARAMETERSENTITY><PURCHASEORDERHEADERFIELDNAME>TransactionCode</PURCHASEORDERHEADERFIELDNAME><PURCHASEORDERLINEUPDATERULE>Prompt</PURCHASEORDERLINEUPDATERULE></PURCHPURCHASEORDERUPDATELINESPARAMETERSENTITY><PURCHPURCHASEORDERUPDATELINESPARAMETERSENTITY><PURCHASEORDERHEADERFIELDNAME>Transport</PURCHASEORDERHEADERFIELDNAME><PURCHASEORDERLINEUPDATERULE>Prompt</PURCHASEORDERLINEUPDATERULE></PURCHPURCHASEORDERUPDATELINESPARAMETERSENTITY></Document>