﻿<?xml version="1.0" encoding="utf-8"?><Document><PURCHFORMLETTERPURCHASEAGREEMENTFORMPRINTINGCONFIGURATIONENTITY><DISPLAYEDDOCUMENTATTACHMENTTYPECODE></DISPLAYEDDOCUMENTATTACHMENTTYPECODE><DOCUMENTATTACHMENTDISPLAYRULE>None</DOCUMENTATTACHMENTDISPLAYRULE><ISAGREEMENTCLASSIFICATIONDISPLAYED>No</ISAGREEMENTCLASSIFICATIONDISPLAYED><ISCASHDISCOUNTDISPLAYED>No</ISCASHDISCOUNTDISPLAYED><ISCONTRACTREFERENCEDISPLAYED>No</ISCONTRACTREFERENCEDISPLAYED><ISDELIVERYMODEDISPLAYED>No</ISDELIVERYMODEDISPLAYED><ISDELIVERYTERMSDISPLAYED>No</ISDELIVERYTERMSDISPLAYED><ISMAXENFORCEDDISPLAYED>No</ISMAXENFORCEDDISPLAYED><ISPAYMENTTERMSDISPLAYED>No</ISPAYMENTTERMSDISPLAYED><ISPRODUCTCOLORIDDISPLAYED>No</ISPRODUCTCOLORIDDISPLAYED><ISPRODUCTCONFIGURATIONIDDISPLAYED>No</ISPRODUCTCONFIGURATIONIDDISPLAYED><ISPRODUCTSIZEIDDISPLAYED>No</ISPRODUCTSIZEIDDISPLAYED><ISPRODUCTSTYLEIDDISPLAYED>No</ISPRODUCTSTYLEIDDISPLAYED><ISPRODUCTVERSIONIDDISPLAYED>No</ISPRODUCTVERSIONIDDISPLAYED><ISRECEIVINGSITEIDDISPLAYED>No</ISRECEIVINGSITEIDDISPLAYED><ISRECEIVINGWAREHOUSEIDDISPLAYED>No</ISRECEIVINGWAREHOUSEIDDISPLAYED><PAPERFORMAT>BlankPaper</PAPERFORMAT></PURCHFORMLETTERPURCHASEAGREEMENTFORMPRINTINGCONFIGURATIONENTITY></Document>