﻿<?xml version="1.0" encoding="utf-8"?><Document><SALESQUOTATIONPROGNOSISENTITY><PROGNOSISCODE><![CDATA[< 1 Month]]></PROGNOSISCODE><PROGNOSISDESCRIPTION>Within 1 month</PROGNOSISDESCRIPTION><PROGNOSISFROMDAY>1</PROGNOSISFROMDAY><PROGNOSISTODAY>30</PROGNOSISTODAY></SALESQUOTATIONPROGNOSISENTITY><SALESQUOTATIONPROGNOSISENTITY><PROGNOSISCODE><![CDATA[> 12 months]]></PROGNOSISCODE><PROGNOSISDESCRIPTION>Not within the next 12 months</PROGNOSISDESCRIPTION><PROGNOSISFROMDAY>366</PROGNOSISFROMDAY><PROGNOSISTODAY>730</PROGNOSISTODAY></SALESQUOTATIONPROGNOSISENTITY><SALESQUOTATIONPROGNOSISENTITY><PROGNOSISCODE>2-3 Months</PROGNOSISCODE><PROGNOSISDESCRIPTION>Within 3 months</PROGNOSISDESCRIPTION><PROGNOSISFROMDAY>31</PROGNOSISFROMDAY><PROGNOSISTODAY>60</PROGNOSISTODAY></SALESQUOTATIONPROGNOSISENTITY><SALESQUOTATIONPROGNOSISENTITY><PROGNOSISCODE>4-6 months</PROGNOSISCODE><PROGNOSISDESCRIPTION>Within 6 months</PROGNOSISDESCRIPTION><PROGNOSISFROMDAY>61</PROGNOSISFROMDAY><PROGNOSISTODAY>180</PROGNOSISTODAY></SALESQUOTATIONPROGNOSISENTITY><SALESQUOTATIONPROGNOSISENTITY><PROGNOSISCODE>7-12 months</PROGNOSISCODE><PROGNOSISDESCRIPTION>Within 12 months</PROGNOSISDESCRIPTION><PROGNOSISFROMDAY>181</PROGNOSISFROMDAY><PROGNOSISTODAY>365</PROGNOSISTODAY></SALESQUOTATIONPROGNOSISENTITY></Document>