﻿<?xml version="1.0" encoding="utf-8"?><Document><SALESREBATEPARAMETERSENTITY><CUSTOMERCREDITNOTEREBATEPROCESSINGJOURNALNAMEID></CUSTOMERCREDITNOTEREBATEPROCESSINGJOURNALNAMEID><FREIGHTREBATEPROCESSINGJOURNALNAMEID></FREIGHTREBATEPROCESSINGJOURNALNAMEID><REBATEACCRUALPROCESSINGJOURNALNAMEID></REBATEACCRUALPROCESSINGJOURNALNAMEID><REBATEWEEKSTARTINGDAY>Monday</REBATEWEEKSTARTINGDAY><TRADESPENDINGREBATEPROCESSINGJOURNALNAMEID></TRADESPENDINGREBATEPROCESSINGJOURNALNAMEID><VENDORINVOICEREGISTRATIONPAYMENTTERMSNAME></VENDORINVOICEREGISTRATIONPAYMENTTERMSNAME><VENDORINVOICEREGISTRATIONREBATEPROCESSINGJOURNALNAMEID></VENDORINVOICEREGISTRATIONREBATEPROCESSINGJOURNALNAMEID><WILLINVOICINGCREATEREBATECLAIM>No</WILLINVOICINGCREATEREBATECLAIM></SALESREBATEPARAMETERSENTITY></Document>