﻿<?xml version="1.0" encoding="utf-8"?><Document><ECORESRELEASEDPRODUCTVARIANTV2ENTITY><ITEMNUMBER>BACKPACK</ITEMNUMBER><PRODUCTCOLORID></PRODUCTCOLORID><PRODUCTCONFIGURATIONID></PRODUCTCONFIGURATIONID><PRODUCTDESCRIPTION>150gp Wicker</PRODUCTDESCRIPTION><PRODUCTLIFECYCLESTATEID>ACTIVE</PRODUCTLIFECYCLESTATEID><PRODUCTMASTERNUMBER>BACKPACK</PRODUCTMASTERNUMBER><PRODUCTNAME>Backpack, Wicker, holds 150gp</PRODUCTNAME><PRODUCTSEARCHNAME>BACKPACKWICKER150GP</PRODUCTSEARCHNAME><PRODUCTSIZEID>150GP</PRODUCTSIZEID><PRODUCTSTYLEID>WICKER</PRODUCTSTYLEID><PRODUCTVARIANTNUMBER>BACKPACK :  : 150GP :  : WICKER :</PRODUCTVARIANTNUMBER><PRODUCTVERSIONID></PRODUCTVERSIONID><PURCHASESALESTAXITEMGROUPCODE></PURCHASESALESTAXITEMGROUPCODE><SALESSALESTAXITEMGROUPCODE></SALESSALESTAXITEMGROUPCODE></ECORESRELEASEDPRODUCTVARIANTV2ENTITY><ECORESRELEASEDPRODUCTVARIANTV2ENTITY><ITEMNUMBER>BACKPACK</ITEMNUMBER><PRODUCTCOLORID></PRODUCTCOLORID><PRODUCTCONFIGURATIONID></PRODUCTCONFIGURATIONID><PRODUCTDESCRIPTION>450gp Leather</PRODUCTDESCRIPTION><PRODUCTLIFECYCLESTATEID>ACTIVE</PRODUCTLIFECYCLESTATEID><PRODUCTMASTERNUMBER>BACKPACK</PRODUCTMASTERNUMBER><PRODUCTNAME>Backpack, Leather, holds 450gp</PRODUCTNAME><PRODUCTSEARCHNAME>BACKPACKLEATHER450GP</PRODUCTSEARCHNAME><PRODUCTSIZEID>450GP</PRODUCTSIZEID><PRODUCTSTYLEID>LEATHER</PRODUCTSTYLEID><PRODUCTVARIANTNUMBER>BACKPACK :  : 450GP :  : LEATHER :</PRODUCTVARIANTNUMBER><PRODUCTVERSIONID></PRODUCTVERSIONID><PURCHASESALESTAXITEMGROUPCODE></PURCHASESALESTAXITEMGROUPCODE><SALESSALESTAXITEMGROUPCODE></SALESSALESTAXITEMGROUPCODE></ECORESRELEASEDPRODUCTVARIANTV2ENTITY><ECORESRELEASEDPRODUCTVARIANTV2ENTITY><ITEMNUMBER>BACKPACK</ITEMNUMBER><PRODUCTCOLORID></PRODUCTCOLORID><PRODUCTCONFIGURATIONID></PRODUCTCONFIGURATIONID><PRODUCTDESCRIPTION>LARGE Leather</PRODUCTDESCRIPTION><PRODUCTLIFECYCLESTATEID>ACTIVE</PRODUCTLIFECYCLESTATEID><PRODUCTMASTERNUMBER>BACKPACK</PRODUCTMASTERNUMBER><PRODUCTNAME>Backpack</PRODUCTNAME><PRODUCTSEARCHNAME>Backpack</PRODUCTSEARCHNAME><PRODUCTSIZEID>LRG</PRODUCTSIZEID><PRODUCTSTYLEID>LEATHER</PRODUCTSTYLEID><PRODUCTVARIANTNUMBER>BACKPACK :  : LRG :  : LEATHER :</PRODUCTVARIANTNUMBER><PRODUCTVERSIONID></PRODUCTVERSIONID><PURCHASESALESTAXITEMGROUPCODE></PURCHASESALESTAXITEMGROUPCODE><SALESSALESTAXITEMGROUPCODE></SALESSALESTAXITEMGROUPCODE></ECORESRELEASEDPRODUCTVARIANTV2ENTITY><ECORESRELEASEDPRODUCTVARIANTV2ENTITY><ITEMNUMBER>BACKPACK</ITEMNUMBER><PRODUCTCOLORID></PRODUCTCOLORID><PRODUCTCONFIGURATIONID></PRODUCTCONFIGURATIONID><PRODUCTDESCRIPTION>MEDIUM Wicker</PRODUCTDESCRIPTION><PRODUCTLIFECYCLESTATEID>ACTIVE</PRODUCTLIFECYCLESTATEID><PRODUCTMASTERNUMBER>BACKPACK</PRODUCTMASTERNUMBER><PRODUCTNAME>Backpack</PRODUCTNAME><PRODUCTSEARCHNAME>Backpack</PRODUCTSEARCHNAME><PRODUCTSIZEID>MED</PRODUCTSIZEID><PRODUCTSTYLEID>WICKER</PRODUCTSTYLEID><PRODUCTVARIANTNUMBER>BACKPACK :  : MED :  : WICKER :</PRODUCTVARIANTNUMBER><PRODUCTVERSIONID></PRODUCTVERSIONID><PURCHASESALESTAXITEMGROUPCODE></PURCHASESALESTAXITEMGROUPCODE><SALESSALESTAXITEMGROUPCODE></SALESSALESTAXITEMGROUPCODE></ECORESRELEASEDPRODUCTVARIANTV2ENTITY><ECORESRELEASEDPRODUCTVARIANTV2ENTITY><ITEMNUMBER>BALLBEARING</ITEMNUMBER><PRODUCTCOLORID></PRODUCTCOLORID><PRODUCTCONFIGURATIONID></PRODUCTCONFIGURATIONID><PRODUCTDESCRIPTION>Ball Bearing</PRODUCTDESCRIPTION><PRODUCTLIFECYCLESTATEID>ACTIVE</PRODUCTLIFECYCLESTATEID><PRODUCTMASTERNUMBER>BALLBEARING</PRODUCTMASTERNUMBER><PRODUCTNAME>Ball Bearing</PRODUCTNAME><PRODUCTSEARCHNAME>BallBearing</PRODUCTSEARCHNAME><PRODUCTSIZEID>STD</PRODUCTSIZEID><PRODUCTSTYLEID>STEEL</PRODUCTSTYLEID><PRODUCTVARIANTNUMBER>Ball Bearing, Steel</PRODUCTVARIANTNUMBER><PRODUCTVERSIONID></PRODUCTVERSIONID><PURCHASESALESTAXITEMGROUPCODE></PURCHASESALESTAXITEMGROUPCODE><SALESSALESTAXITEMGROUPCODE></SALESSALESTAXITEMGROUPCODE></ECORESRELEASEDPRODUCTVARIANTV2ENTITY><ECORESRELEASEDPRODUCTVARIANTV2ENTITY><ITEMNUMBER>BARREL</ITEMNUMBER><PRODUCTCOLORID></PRODUCTCOLORID><PRODUCTCONFIGURATIONID></PRODUCTCONFIGURATIONID><PRODUCTDESCRIPTION>SMALL, 30 GAL Wooden</PRODUCTDESCRIPTION><PRODUCTLIFECYCLESTATEID>ACTIVE</PRODUCTLIFECYCLESTATEID><PRODUCTMASTERNUMBER>BARREL</PRODUCTMASTERNUMBER><PRODUCTNAME>Barrel</PRODUCTNAME><PRODUCTSEARCHNAME>Barrel</PRODUCTSEARCHNAME><PRODUCTSIZEID>30 GAL</PRODUCTSIZEID><PRODUCTSTYLEID>WOODEN</PRODUCTSTYLEID><PRODUCTVARIANTNUMBER>BARREL :  : 30 GAL :  : WOODEN :</PRODUCTVARIANTNUMBER><PRODUCTVERSIONID></PRODUCTVERSIONID><PURCHASESALESTAXITEMGROUPCODE></PURCHASESALESTAXITEMGROUPCODE><SALESSALESTAXITEMGROUPCODE></SALESSALESTAXITEMGROUPCODE></ECORESRELEASEDPRODUCTVARIANTV2ENTITY><ECORESRELEASEDPRODUCTVARIANTV2ENTITY><ITEMNUMBER>BARREL</ITEMNUMBER><PRODUCTCOLORID></PRODUCTCOLORID><PRODUCTCONFIGURATIONID></PRODUCTCONFIGURATIONID><PRODUCTDESCRIPTION>MEDIUM, 40 GAL Wooden</PRODUCTDESCRIPTION><PRODUCTLIFECYCLESTATEID>ACTIVE</PRODUCTLIFECYCLESTATEID><PRODUCTMASTERNUMBER>BARREL</PRODUCTMASTERNUMBER><PRODUCTNAME>Barrel</PRODUCTNAME><PRODUCTSEARCHNAME>Barrel</PRODUCTSEARCHNAME><PRODUCTSIZEID>40 GAL</PRODUCTSIZEID><PRODUCTSTYLEID>WOODEN</PRODUCTSTYLEID><PRODUCTVARIANTNUMBER>BARREL :  : 40 GAL :  : WOODEN :</PRODUCTVARIANTNUMBER><PRODUCTVERSIONID></PRODUCTVERSIONID><PURCHASESALESTAXITEMGROUPCODE></PURCHASESALESTAXITEMGROUPCODE><SALESSALESTAXITEMGROUPCODE></SALESSALESTAXITEMGROUPCODE></ECORESRELEASEDPRODUCTVARIANTV2ENTITY><ECORESRELEASEDPRODUCTVARIANTV2ENTITY><ITEMNUMBER>BARREL</ITEMNUMBER><PRODUCTCOLORID></PRODUCTCOLORID><PRODUCTCONFIGURATIONID></PRODUCTCONFIGURATIONID><PRODUCTDESCRIPTION>SMALL, 5 GAL Wooden</PRODUCTDESCRIPTION><PRODUCTLIFECYCLESTATEID>ACTIVE</PRODUCTLIFECYCLESTATEID><PRODUCTMASTERNUMBER>BARREL</PRODUCTMASTERNUMBER><PRODUCTNAME>Barrel</PRODUCTNAME><PRODUCTSEARCHNAME>Barrel</PRODUCTSEARCHNAME><PRODUCTSIZEID>5 GAL</PRODUCTSIZEID><PRODUCTSTYLEID>WOODEN</PRODUCTSTYLEID><PRODUCTVARIANTNUMBER>BARREL :  : 5 GAL :  : WOODEN :</PRODUCTVARIANTNUMBER><PRODUCTVERSIONID></PRODUCTVERSIONID><PURCHASESALESTAXITEMGROUPCODE></PURCHASESALESTAXITEMGROUPCODE><SALESSALESTAXITEMGROUPCODE></SALESSALESTAXITEMGROUPCODE></ECORESRELEASEDPRODUCTVARIANTV2ENTITY><ECORESRELEASEDPRODUCTVARIANTV2ENTITY><ITEMNUMBER>BARREL</ITEMNUMBER><PRODUCTCOLORID></PRODUCTCOLORID><PRODUCTCONFIGURATIONID></PRODUCTCONFIGURATIONID><PRODUCTDESCRIPTION>LARGE, 50 GAL Wooden</PRODUCTDESCRIPTION><PRODUCTLIFECYCLESTATEID>ACTIVE</PRODUCTLIFECYCLESTATEID><PRODUCTMASTERNUMBER>BARREL</PRODUCTMASTERNUMBER><PRODUCTNAME>Barrel</PRODUCTNAME><PRODUCTSEARCHNAME>Barrel</PRODUCTSEARCHNAME><PRODUCTSIZEID>50 GAL</PRODUCTSIZEID><PRODUCTSTYLEID>WOODEN</PRODUCTSTYLEID><PRODUCTVARIANTNUMBER>BARREL :  : 50 GAL :  : WOODEN :</PRODUCTVARIANTNUMBER><PRODUCTVERSIONID></PRODUCTVERSIONID><PURCHASESALESTAXITEMGROUPCODE></PURCHASESALESTAXITEMGROUPCODE><SALESSALESTAXITEMGROUPCODE></SALESSALESTAXITEMGROUPCODE></ECORESRELEASEDPRODUCTVARIANTV2ENTITY><ECORESRELEASEDPRODUCTVARIANTV2ENTITY><ITEMNUMBER>BARREL</ITEMNUMBER><PRODUCTCOLORID></PRODUCTCOLORID><PRODUCTCONFIGURATIONID></PRODUCTCONFIGURATIONID><PRODUCTDESCRIPTION>LARGE, 60 GAL Wooden</PRODUCTDESCRIPTION><PRODUCTLIFECYCLESTATEID>ACTIVE</PRODUCTLIFECYCLESTATEID><PRODUCTMASTERNUMBER>BARREL</PRODUCTMASTERNUMBER><PRODUCTNAME>Barrel</PRODUCTNAME><PRODUCTSEARCHNAME>Barrel</PRODUCTSEARCHNAME><PRODUCTSIZEID>60 GAL</PRODUCTSIZEID><PRODUCTSTYLEID>WOODEN</PRODUCTSTYLEID><PRODUCTVARIANTNUMBER>BARREL :  : 60 GAL :  : WOODEN :</PRODUCTVARIANTNUMBER><PRODUCTVERSIONID></PRODUCTVERSIONID><PURCHASESALESTAXITEMGROUPCODE></PURCHASESALESTAXITEMGROUPCODE><SALESSALESTAXITEMGROUPCODE></SALESSALESTAXITEMGROUPCODE></ECORESRELEASEDPRODUCTVARIANTV2ENTITY><ECORESRELEASEDPRODUCTVARIANTV2ENTITY><ITEMNUMBER>BELL</ITEMNUMBER><PRODUCTCOLORID></PRODUCTCOLORID><PRODUCTCONFIGURATIONID></PRODUCTCONFIGURATIONID><PRODUCTDESCRIPTION>Large BRASS</PRODUCTDESCRIPTION><PRODUCTLIFECYCLESTATEID>ACTIVE</PRODUCTLIFECYCLESTATEID><PRODUCTMASTERNUMBER>BELL</PRODUCTMASTERNUMBER><PRODUCTNAME>Bell (BRASS,Large)</PRODUCTNAME><PRODUCTSEARCHNAME>BELLBRASSLARGE</PRODUCTSEARCHNAME><PRODUCTSIZEID>LRG</PRODUCTSIZEID><PRODUCTSTYLEID>BRASS</PRODUCTSTYLEID><PRODUCTVARIANTNUMBER>BELLBRASSLARGE</PRODUCTVARIANTNUMBER><PRODUCTVERSIONID></PRODUCTVERSIONID><PURCHASESALESTAXITEMGROUPCODE></PURCHASESALESTAXITEMGROUPCODE><SALESSALESTAXITEMGROUPCODE></SALESSALESTAXITEMGROUPCODE></ECORESRELEASEDPRODUCTVARIANTV2ENTITY><ECORESRELEASEDPRODUCTVARIANTV2ENTITY><ITEMNUMBER>BELL</ITEMNUMBER><PRODUCTCOLORID></PRODUCTCOLORID><PRODUCTCONFIGURATIONID></PRODUCTCONFIGURATIONID><PRODUCTDESCRIPTION>BRASS, SMALL</PRODUCTDESCRIPTION><PRODUCTLIFECYCLESTATEID>ACTIVE</PRODUCTLIFECYCLESTATEID><PRODUCTMASTERNUMBER>BELL</PRODUCTMASTERNUMBER><PRODUCTNAME>Bell (Brass, Small)</PRODUCTNAME><PRODUCTSEARCHNAME>BELLBRASSSMALL</PRODUCTSEARCHNAME><PRODUCTSIZEID>SML</PRODUCTSIZEID><PRODUCTSTYLEID>BRASS</PRODUCTSTYLEID><PRODUCTVARIANTNUMBER>BELLBRASSSMALL</PRODUCTVARIANTNUMBER><PRODUCTVERSIONID></PRODUCTVERSIONID><PURCHASESALESTAXITEMGROUPCODE></PURCHASESALESTAXITEMGROUPCODE><SALESSALESTAXITEMGROUPCODE></SALESSALESTAXITEMGROUPCODE></ECORESRELEASEDPRODUCTVARIANTV2ENTITY><ECORESRELEASEDPRODUCTVARIANTV2ENTITY><ITEMNUMBER>BELL</ITEMNUMBER><PRODUCTCOLORID></PRODUCTCOLORID><PRODUCTCONFIGURATIONID></PRODUCTCONFIGURATIONID><PRODUCTDESCRIPTION>Small METAL</PRODUCTDESCRIPTION><PRODUCTLIFECYCLESTATEID>ACTIVE</PRODUCTLIFECYCLESTATEID><PRODUCTMASTERNUMBER>BELL</PRODUCTMASTERNUMBER><PRODUCTNAME>Bell, Metal, Small</PRODUCTNAME><PRODUCTSEARCHNAME>BELLMETALSMALL</PRODUCTSEARCHNAME><PRODUCTSIZEID>SML</PRODUCTSIZEID><PRODUCTSTYLEID>METAL</PRODUCTSTYLEID><PRODUCTVARIANTNUMBER>BELL,METAL,SMALL</PRODUCTVARIANTNUMBER><PRODUCTVERSIONID></PRODUCTVERSIONID><PURCHASESALESTAXITEMGROUPCODE></PURCHASESALESTAXITEMGROUPCODE><SALESSALESTAXITEMGROUPCODE></SALESSALESTAXITEMGROUPCODE></ECORESRELEASEDPRODUCTVARIANTV2ENTITY><ECORESRELEASEDPRODUCTVARIANTV2ENTITY><ITEMNUMBER>BURGLARPACK</ITEMNUMBER><PRODUCTCOLORID></PRODUCTCOLORID><PRODUCTCONFIGURATIONID></PRODUCTCONFIGURATIONID><PRODUCTDESCRIPTION></PRODUCTDESCRIPTION><PRODUCTLIFECYCLESTATEID>ACTIVE</PRODUCTLIFECYCLESTATEID><PRODUCTMASTERNUMBER>BURGLARPACK</PRODUCTMASTERNUMBER><PRODUCTNAME>Burglar Pack</PRODUCTNAME><PRODUCTSEARCHNAME>BurglarPack</PRODUCTSEARCHNAME><PRODUCTSIZEID>STD</PRODUCTSIZEID><PRODUCTSTYLEID>LEATHER</PRODUCTSTYLEID><PRODUCTVARIANTNUMBER>Burglar Pack (Leather)</PRODUCTVARIANTNUMBER><PRODUCTVERSIONID></PRODUCTVERSIONID><PURCHASESALESTAXITEMGROUPCODE></PURCHASESALESTAXITEMGROUPCODE><SALESSALESTAXITEMGROUPCODE></SALESSALESTAXITEMGROUPCODE></ECORESRELEASEDPRODUCTVARIANTV2ENTITY><ECORESRELEASEDPRODUCTVARIANTV2ENTITY><ITEMNUMBER>CANDLE</ITEMNUMBER><PRODUCTCOLORID>WHITE</PRODUCTCOLORID><PRODUCTCONFIGURATIONID></PRODUCTCONFIGURATIONID><PRODUCTDESCRIPTION>White Beeswax</PRODUCTDESCRIPTION><PRODUCTLIFECYCLESTATEID>ACTIVE</PRODUCTLIFECYCLESTATEID><PRODUCTMASTERNUMBER>CANDLE</PRODUCTMASTERNUMBER><PRODUCTNAME>Candle (Beeswax, White)</PRODUCTNAME><PRODUCTSEARCHNAME>CANDLEBEESWAXWHITE</PRODUCTSEARCHNAME><PRODUCTSIZEID>STD</PRODUCTSIZEID><PRODUCTSTYLEID>BEESWAX</PRODUCTSTYLEID><PRODUCTVARIANTNUMBER>CANDLEBEESWAXWHITE</PRODUCTVARIANTNUMBER><PRODUCTVERSIONID></PRODUCTVERSIONID><PURCHASESALESTAXITEMGROUPCODE></PURCHASESALESTAXITEMGROUPCODE><SALESSALESTAXITEMGROUPCODE></SALESSALESTAXITEMGROUPCODE></ECORESRELEASEDPRODUCTVARIANTV2ENTITY><ECORESRELEASEDPRODUCTVARIANTV2ENTITY><ITEMNUMBER>CROWBAR</ITEMNUMBER><PRODUCTCOLORID></PRODUCTCOLORID><PRODUCTCONFIGURATIONID></PRODUCTCONFIGURATIONID><PRODUCTDESCRIPTION></PRODUCTDESCRIPTION><PRODUCTLIFECYCLESTATEID>ACTIVE</PRODUCTLIFECYCLESTATEID><PRODUCTMASTERNUMBER>CROWBAR</PRODUCTMASTERNUMBER><PRODUCTNAME>Crowbar</PRODUCTNAME><PRODUCTSEARCHNAME>CROWBAR</PRODUCTSEARCHNAME><PRODUCTSIZEID>STD</PRODUCTSIZEID><PRODUCTSTYLEID></PRODUCTSTYLEID><PRODUCTVARIANTNUMBER>CROWBAR-STANDARD</PRODUCTVARIANTNUMBER><PRODUCTVERSIONID></PRODUCTVERSIONID><PURCHASESALESTAXITEMGROUPCODE></PURCHASESALESTAXITEMGROUPCODE><SALESSALESTAXITEMGROUPCODE></SALESSALESTAXITEMGROUPCODE></ECORESRELEASEDPRODUCTVARIANTV2ENTITY><ECORESRELEASEDPRODUCTVARIANTV2ENTITY><ITEMNUMBER>EQUIPMENTPACK</ITEMNUMBER><PRODUCTCOLORID></PRODUCTCOLORID><PRODUCTCONFIGURATIONID></PRODUCTCONFIGURATIONID><PRODUCTDESCRIPTION>Standard Burglar</PRODUCTDESCRIPTION><PRODUCTLIFECYCLESTATEID>ACTIVE</PRODUCTLIFECYCLESTATEID><PRODUCTMASTERNUMBER>EQUIPMENTPACK</PRODUCTMASTERNUMBER><PRODUCTNAME>Equipment Pack</PRODUCTNAME><PRODUCTSEARCHNAME>EquipmentPack</PRODUCTSEARCHNAME><PRODUCTSIZEID>STD</PRODUCTSIZEID><PRODUCTSTYLEID>BURGLAR</PRODUCTSTYLEID><PRODUCTVARIANTNUMBER>Equipment Pack, Burglar</PRODUCTVARIANTNUMBER><PRODUCTVERSIONID></PRODUCTVERSIONID><PURCHASESALESTAXITEMGROUPCODE></PURCHASESALESTAXITEMGROUPCODE><SALESSALESTAXITEMGROUPCODE></SALESSALESTAXITEMGROUPCODE></ECORESRELEASEDPRODUCTVARIANTV2ENTITY><ECORESRELEASEDPRODUCTVARIANTV2ENTITY><ITEMNUMBER>HAMMER</ITEMNUMBER><PRODUCTCOLORID></PRODUCTCOLORID><PRODUCTCONFIGURATIONID></PRODUCTCONFIGURATIONID><PRODUCTDESCRIPTION></PRODUCTDESCRIPTION><PRODUCTLIFECYCLESTATEID>ACTIVE</PRODUCTLIFECYCLESTATEID><PRODUCTMASTERNUMBER>HAMMER</PRODUCTMASTERNUMBER><PRODUCTNAME>Hammer (Metal)</PRODUCTNAME><PRODUCTSEARCHNAME>HAMMERMETAL</PRODUCTSEARCHNAME><PRODUCTSIZEID>STD</PRODUCTSIZEID><PRODUCTSTYLEID>METAL</PRODUCTSTYLEID><PRODUCTVARIANTNUMBER>HAMMER-METAL-STD</PRODUCTVARIANTNUMBER><PRODUCTVERSIONID></PRODUCTVERSIONID><PURCHASESALESTAXITEMGROUPCODE></PURCHASESALESTAXITEMGROUPCODE><SALESSALESTAXITEMGROUPCODE></SALESSALESTAXITEMGROUPCODE></ECORESRELEASEDPRODUCTVARIANTV2ENTITY><ECORESRELEASEDPRODUCTVARIANTV2ENTITY><ITEMNUMBER>RATIONS</ITEMNUMBER><PRODUCTCOLORID></PRODUCTCOLORID><PRODUCTCONFIGURATIONID></PRODUCTCONFIGURATIONID><PRODUCTDESCRIPTION>Rations consist of dry foods suitable for extended travel, including jerky, dried fruit, hardtack, and nuts.</PRODUCTDESCRIPTION><PRODUCTLIFECYCLESTATEID>ACTIVE</PRODUCTLIFECYCLESTATEID><PRODUCTMASTERNUMBER>RATIONS</PRODUCTMASTERNUMBER><PRODUCTNAME>Rations</PRODUCTNAME><PRODUCTSEARCHNAME>Rations</PRODUCTSEARCHNAME><PRODUCTSIZEID>STD</PRODUCTSIZEID><PRODUCTSTYLEID>STANDARD</PRODUCTSTYLEID><PRODUCTVARIANTNUMBER>Rations (Standard,Standard)</PRODUCTVARIANTNUMBER><PRODUCTVERSIONID></PRODUCTVERSIONID><PURCHASESALESTAXITEMGROUPCODE></PURCHASESALESTAXITEMGROUPCODE><SALESSALESTAXITEMGROUPCODE></SALESSALESTAXITEMGROUPCODE></ECORESRELEASEDPRODUCTVARIANTV2ENTITY></Document>