﻿<?xml version="1.0" encoding="utf-8"?><Document><PURCHFORMLETTERREQUESTFORQUOTATIONFORMPRINTINGCONFIGURATIONENTITY><DISPLAYEDDOCUMENTATTACHMENTTYPECODE></DISPLAYEDDOCUMENTATTACHMENTTYPECODE><DOCUMENTATTACHMENTDISPLAYRULE>None</DOCUMENTATTACHMENTDISPLAYRULE><ISINVENTORYSTATUSIDDISPLAYED>No</ISINVENTORYSTATUSIDDISPLAYED><ISITEMBATCHNUMBERDISPLAYED>No</ISITEMBATCHNUMBERDISPLAYED><ISITEMSERIALNUMBERDISPLAYED>No</ISITEMSERIALNUMBERDISPLAYED><ISLICENSEPLATENUMBERDISPLAYED>No</ISLICENSEPLATENUMBERDISPLAYED><ISPRODUCTCOLORIDDISPLAYED>No</ISPRODUCTCOLORIDDISPLAYED><ISPRODUCTCONFIGURATIONIDDISPLAYED>No</ISPRODUCTCONFIGURATIONIDDISPLAYED><ISPRODUCTSIZEIDDISPLAYED>No</ISPRODUCTSIZEIDDISPLAYED><ISPRODUCTSTYLEIDDISPLAYED>No</ISPRODUCTSTYLEIDDISPLAYED><ISPRODUCTVERSIONIDDISPLAYED>No</ISPRODUCTVERSIONIDDISPLAYED><ISRECEIVINGSITEIDDISPLAYED>No</ISRECEIVINGSITEIDDISPLAYED><ISRECEIVINGWAREHOUSEIDDISPLAYED>No</ISRECEIVINGWAREHOUSEIDDISPLAYED><PAPERFORMAT>BlankPaper</PAPERFORMAT></PURCHFORMLETTERREQUESTFORQUOTATIONFORMPRINTINGCONFIGURATIONENTITY></Document>