﻿<?xml version="1.0" encoding="utf-8"?><Document><WHSINVENTORYRESERVATIONHIERARCHYENTITY><HIERARCHYDESCRIPTION>Batch Reservation Hierarchy</HIERARCHYDESCRIPTION><HIERARCHYNAME>BATCH</HIERARCHYNAME></WHSINVENTORYRESERVATIONHIERARCHYENTITY><WHSINVENTORYRESERVATIONHIERARCHYENTITY><HIERARCHYDESCRIPTION>Batch Above Reservation Hierarchy</HIERARCHYDESCRIPTION><HIERARCHYNAME>BATCHABOVE</HIERARCHYNAME></WHSINVENTORYRESERVATIONHIERARCHYENTITY><WHSINVENTORYRESERVATIONHIERARCHYENTITY><HIERARCHYDESCRIPTION>Default Reservation Hierarchy</HIERARCHYDESCRIPTION><HIERARCHYNAME>DEFAULT</HIERARCHYNAME></WHSINVENTORYRESERVATIONHIERARCHYENTITY></Document>