﻿<?xml version="1.0" encoding="utf-8"?><Document><WHSINVENTORYRESERVATIONHIERARCHYLEVELENTITY><INVENTORYRESERVATIONHIERARCHYNAME>BATCH</INVENTORYRESERVATIONHIERARCHYNAME><INVENTORYDIMENSIONFIELDNAME>InventSiteId</INVENTORYDIMENSIONFIELDNAME><DEMANDORDERRESERVATIONPOLICY>Default</DEMANDORDERRESERVATIONPOLICY><INVENTORYRESERVATIONHIERARCHYLEVEL>1</INVENTORYRESERVATIONHIERARCHYLEVEL></WHSINVENTORYRESERVATIONHIERARCHYLEVELENTITY><WHSINVENTORYRESERVATIONHIERARCHYLEVELENTITY><INVENTORYRESERVATIONHIERARCHYNAME>BATCH</INVENTORYRESERVATIONHIERARCHYNAME><INVENTORYDIMENSIONFIELDNAME>InventLocationId</INVENTORYDIMENSIONFIELDNAME><DEMANDORDERRESERVATIONPOLICY>Default</DEMANDORDERRESERVATIONPOLICY><INVENTORYRESERVATIONHIERARCHYLEVEL>2</INVENTORYRESERVATIONHIERARCHYLEVEL></WHSINVENTORYRESERVATIONHIERARCHYLEVELENTITY><WHSINVENTORYRESERVATIONHIERARCHYLEVELENTITY><INVENTORYRESERVATIONHIERARCHYNAME>BATCH</INVENTORYRESERVATIONHIERARCHYNAME><INVENTORYDIMENSIONFIELDNAME>InventStatusId</INVENTORYDIMENSIONFIELDNAME><DEMANDORDERRESERVATIONPOLICY>Default</DEMANDORDERRESERVATIONPOLICY><INVENTORYRESERVATIONHIERARCHYLEVEL>3</INVENTORYRESERVATIONHIERARCHYLEVEL></WHSINVENTORYRESERVATIONHIERARCHYLEVELENTITY><WHSINVENTORYRESERVATIONHIERARCHYLEVELENTITY><INVENTORYRESERVATIONHIERARCHYNAME>BATCH</INVENTORYRESERVATIONHIERARCHYNAME><INVENTORYDIMENSIONFIELDNAME>wMSLocationId</INVENTORYDIMENSIONFIELDNAME><DEMANDORDERRESERVATIONPOLICY>Default</DEMANDORDERRESERVATIONPOLICY><INVENTORYRESERVATIONHIERARCHYLEVEL>4</INVENTORYRESERVATIONHIERARCHYLEVEL></WHSINVENTORYRESERVATIONHIERARCHYLEVELENTITY><WHSINVENTORYRESERVATIONHIERARCHYLEVELENTITY><INVENTORYRESERVATIONHIERARCHYNAME>BATCH</INVENTORYRESERVATIONHIERARCHYNAME><INVENTORYDIMENSIONFIELDNAME>LicensePlateId</INVENTORYDIMENSIONFIELDNAME><DEMANDORDERRESERVATIONPOLICY>Default</DEMANDORDERRESERVATIONPOLICY><INVENTORYRESERVATIONHIERARCHYLEVEL>5</INVENTORYRESERVATIONHIERARCHYLEVEL></WHSINVENTORYRESERVATIONHIERARCHYLEVELENTITY><WHSINVENTORYRESERVATIONHIERARCHYLEVELENTITY><INVENTORYRESERVATIONHIERARCHYNAME>BATCH</INVENTORYRESERVATIONHIERARCHYNAME><INVENTORYDIMENSIONFIELDNAME>inventBatchId</INVENTORYDIMENSIONFIELDNAME><DEMANDORDERRESERVATIONPOLICY>Default</DEMANDORDERRESERVATIONPOLICY><INVENTORYRESERVATIONHIERARCHYLEVEL>6</INVENTORYRESERVATIONHIERARCHYLEVEL></WHSINVENTORYRESERVATIONHIERARCHYLEVELENTITY><WHSINVENTORYRESERVATIONHIERARCHYLEVELENTITY><INVENTORYRESERVATIONHIERARCHYNAME>BATCHABOVE</INVENTORYRESERVATIONHIERARCHYNAME><INVENTORYDIMENSIONFIELDNAME>InventSiteId</INVENTORYDIMENSIONFIELDNAME><DEMANDORDERRESERVATIONPOLICY>Default</DEMANDORDERRESERVATIONPOLICY><INVENTORYRESERVATIONHIERARCHYLEVEL>1</INVENTORYRESERVATIONHIERARCHYLEVEL></WHSINVENTORYRESERVATIONHIERARCHYLEVELENTITY><WHSINVENTORYRESERVATIONHIERARCHYLEVELENTITY><INVENTORYRESERVATIONHIERARCHYNAME>BATCHABOVE</INVENTORYRESERVATIONHIERARCHYNAME><INVENTORYDIMENSIONFIELDNAME>InventLocationId</INVENTORYDIMENSIONFIELDNAME><DEMANDORDERRESERVATIONPOLICY>Default</DEMANDORDERRESERVATIONPOLICY><INVENTORYRESERVATIONHIERARCHYLEVEL>2</INVENTORYRESERVATIONHIERARCHYLEVEL></WHSINVENTORYRESERVATIONHIERARCHYLEVELENTITY><WHSINVENTORYRESERVATIONHIERARCHYLEVELENTITY><INVENTORYRESERVATIONHIERARCHYNAME>BATCHABOVE</INVENTORYRESERVATIONHIERARCHYNAME><INVENTORYDIMENSIONFIELDNAME>InventStatusId</INVENTORYDIMENSIONFIELDNAME><DEMANDORDERRESERVATIONPOLICY>Default</DEMANDORDERRESERVATIONPOLICY><INVENTORYRESERVATIONHIERARCHYLEVEL>3</INVENTORYRESERVATIONHIERARCHYLEVEL></WHSINVENTORYRESERVATIONHIERARCHYLEVELENTITY><WHSINVENTORYRESERVATIONHIERARCHYLEVELENTITY><INVENTORYRESERVATIONHIERARCHYNAME>BATCHABOVE</INVENTORYRESERVATIONHIERARCHYNAME><INVENTORYDIMENSIONFIELDNAME>inventBatchId</INVENTORYDIMENSIONFIELDNAME><DEMANDORDERRESERVATIONPOLICY>Default</DEMANDORDERRESERVATIONPOLICY><INVENTORYRESERVATIONHIERARCHYLEVEL>4</INVENTORYRESERVATIONHIERARCHYLEVEL></WHSINVENTORYRESERVATIONHIERARCHYLEVELENTITY><WHSINVENTORYRESERVATIONHIERARCHYLEVELENTITY><INVENTORYRESERVATIONHIERARCHYNAME>BATCHABOVE</INVENTORYRESERVATIONHIERARCHYNAME><INVENTORYDIMENSIONFIELDNAME>wMSLocationId</INVENTORYDIMENSIONFIELDNAME><DEMANDORDERRESERVATIONPOLICY>Default</DEMANDORDERRESERVATIONPOLICY><INVENTORYRESERVATIONHIERARCHYLEVEL>5</INVENTORYRESERVATIONHIERARCHYLEVEL></WHSINVENTORYRESERVATIONHIERARCHYLEVELENTITY><WHSINVENTORYRESERVATIONHIERARCHYLEVELENTITY><INVENTORYRESERVATIONHIERARCHYNAME>BATCHABOVE</INVENTORYRESERVATIONHIERARCHYNAME><INVENTORYDIMENSIONFIELDNAME>LicensePlateId</INVENTORYDIMENSIONFIELDNAME><DEMANDORDERRESERVATIONPOLICY>Default</DEMANDORDERRESERVATIONPOLICY><INVENTORYRESERVATIONHIERARCHYLEVEL>6</INVENTORYRESERVATIONHIERARCHYLEVEL></WHSINVENTORYRESERVATIONHIERARCHYLEVELENTITY><WHSINVENTORYRESERVATIONHIERARCHYLEVELENTITY><INVENTORYRESERVATIONHIERARCHYNAME>DEFAULT</INVENTORYRESERVATIONHIERARCHYNAME><INVENTORYDIMENSIONFIELDNAME>InventSiteId</INVENTORYDIMENSIONFIELDNAME><DEMANDORDERRESERVATIONPOLICY>Default</DEMANDORDERRESERVATIONPOLICY><INVENTORYRESERVATIONHIERARCHYLEVEL>1</INVENTORYRESERVATIONHIERARCHYLEVEL></WHSINVENTORYRESERVATIONHIERARCHYLEVELENTITY><WHSINVENTORYRESERVATIONHIERARCHYLEVELENTITY><INVENTORYRESERVATIONHIERARCHYNAME>DEFAULT</INVENTORYRESERVATIONHIERARCHYNAME><INVENTORYDIMENSIONFIELDNAME>InventLocationId</INVENTORYDIMENSIONFIELDNAME><DEMANDORDERRESERVATIONPOLICY>Default</DEMANDORDERRESERVATIONPOLICY><INVENTORYRESERVATIONHIERARCHYLEVEL>2</INVENTORYRESERVATIONHIERARCHYLEVEL></WHSINVENTORYRESERVATIONHIERARCHYLEVELENTITY><WHSINVENTORYRESERVATIONHIERARCHYLEVELENTITY><INVENTORYRESERVATIONHIERARCHYNAME>DEFAULT</INVENTORYRESERVATIONHIERARCHYNAME><INVENTORYDIMENSIONFIELDNAME>InventStatusId</INVENTORYDIMENSIONFIELDNAME><DEMANDORDERRESERVATIONPOLICY>Default</DEMANDORDERRESERVATIONPOLICY><INVENTORYRESERVATIONHIERARCHYLEVEL>3</INVENTORYRESERVATIONHIERARCHYLEVEL></WHSINVENTORYRESERVATIONHIERARCHYLEVELENTITY><WHSINVENTORYRESERVATIONHIERARCHYLEVELENTITY><INVENTORYRESERVATIONHIERARCHYNAME>DEFAULT</INVENTORYRESERVATIONHIERARCHYNAME><INVENTORYDIMENSIONFIELDNAME>wMSLocationId</INVENTORYDIMENSIONFIELDNAME><DEMANDORDERRESERVATIONPOLICY>Default</DEMANDORDERRESERVATIONPOLICY><INVENTORYRESERVATIONHIERARCHYLEVEL>4</INVENTORYRESERVATIONHIERARCHYLEVEL></WHSINVENTORYRESERVATIONHIERARCHYLEVELENTITY><WHSINVENTORYRESERVATIONHIERARCHYLEVELENTITY><INVENTORYRESERVATIONHIERARCHYNAME>DEFAULT</INVENTORYRESERVATIONHIERARCHYNAME><INVENTORYDIMENSIONFIELDNAME>LicensePlateId</INVENTORYDIMENSIONFIELDNAME><DEMANDORDERRESERVATIONPOLICY>Default</DEMANDORDERRESERVATIONPOLICY><INVENTORYRESERVATIONHIERARCHYLEVEL>5</INVENTORYRESERVATIONHIERARCHYLEVEL></WHSINVENTORYRESERVATIONHIERARCHYLEVELENTITY></Document>