﻿<?xml version="1.0" encoding="utf-8"?><Document><RETURNCUSTOMERRETURNREASONCODEGROUPENTITY><GROUPDESCRIPTION>Contract Agreement</GROUPDESCRIPTION><GROUPID>CONTRACT</GROUPID></RETURNCUSTOMERRETURNREASONCODEGROUPENTITY><RETURNCUSTOMERRETURNREASONCODEGROUPENTITY><GROUPDESCRIPTION>Defective</GROUPDESCRIPTION><GROUPID>DEFECT</GROUPID></RETURNCUSTOMERRETURNREASONCODEGROUPENTITY><RETURNCUSTOMERRETURNREASONCODEGROUPENTITY><GROUPDESCRIPTION>Order Entry Error</GROUPDESCRIPTION><GROUPID>ORDER</GROUPID></RETURNCUSTOMERRETURNREASONCODEGROUPENTITY><RETURNCUSTOMERRETURNREASONCODEGROUPENTITY><GROUPDESCRIPTION>Other Reason</GROUPDESCRIPTION><GROUPID>OTHER</GROUPID></RETURNCUSTOMERRETURNREASONCODEGROUPENTITY></Document>