﻿<?xml version="1.0" encoding="utf-8"?><Document><RETURNCUSTOMERRETURNREASONCODEENTITY><CUSTOMERRETURNREASONCODEGROUPID>DEFECT</CUSTOMERRETURNREASONCODEGROUPID><REASONCODE>DEFECTIVE</REASONCODE><REASONDESCRIPTION>Defective Product</REASONDESCRIPTION></RETURNCUSTOMERRETURNREASONCODEENTITY><RETURNCUSTOMERRETURNREASONCODEENTITY><CUSTOMERRETURNREASONCODEGROUPID>CONTRACT</CUSTOMERRETURNREASONCODEGROUPID><REASONCODE>OBSOLETE</REASONCODE><REASONDESCRIPTION>Obsolete Products</REASONDESCRIPTION></RETURNCUSTOMERRETURNREASONCODEENTITY><RETURNCUSTOMERRETURNREASONCODEENTITY><CUSTOMERRETURNREASONCODEGROUPID>ORDER</CUSTOMERRETURNREASONCODEGROUPID><REASONCODE>ORDERERROR</REASONCODE><REASONDESCRIPTION>Order Entry Error</REASONDESCRIPTION></RETURNCUSTOMERRETURNREASONCODEENTITY><RETURNCUSTOMERRETURNREASONCODEENTITY><CUSTOMERRETURNREASONCODEGROUPID>OTHER</CUSTOMERRETURNREASONCODEGROUPID><REASONCODE>QUANTITY</REASONCODE><REASONDESCRIPTION>Wrong Quantity</REASONDESCRIPTION></RETURNCUSTOMERRETURNREASONCODEENTITY><RETURNCUSTOMERRETURNREASONCODEENTITY><CUSTOMERRETURNREASONCODEGROUPID>OTHER</CUSTOMERRETURNREASONCODEGROUPID><REASONCODE>REPAIR</REASONCODE><REASONDESCRIPTION>Needs Maintenance and Repair</REASONDESCRIPTION></RETURNCUSTOMERRETURNREASONCODEENTITY></Document>