﻿<?xml version="1.0" encoding="utf-8"?><Document><SMMSALESROLERESPONSIBILITYENTITY><HASCALLLISTRESPONSIBILITY>No</HASCALLLISTRESPONSIBILITY><HASCAMPAIGNRESPONSIBILITY>No</HASCAMPAIGNRESPONSIBILITY><HASCASERESPONSIBILITY>Yes</HASCASERESPONSIBILITY><HASCUSTOMERRESPONSIBILITY>Yes</HASCUSTOMERRESPONSIBILITY><HASLEADRESPONSIBILITY>No</HASLEADRESPONSIBILITY><HASOPPORTUNITYRESPONSIBILITY>Yes</HASOPPORTUNITYRESPONSIBILITY><HASPROSPECTRESPONSIBILITY>No</HASPROSPECTRESPONSIBILITY><HASSALESUNITRESPONSIBILITY>No</HASSALESUNITRESPONSIBILITY><HASVENDORRESPONSIBILITY>Yes</HASVENDORRESPONSIBILITY><RESPONSIBILITYCODE>Accounting</RESPONSIBILITYCODE><RESPONSIBILITYDESCRIPTION>Accounting</RESPONSIBILITYDESCRIPTION></SMMSALESROLERESPONSIBILITYENTITY><SMMSALESROLERESPONSIBILITYENTITY><HASCALLLISTRESPONSIBILITY>Yes</HASCALLLISTRESPONSIBILITY><HASCAMPAIGNRESPONSIBILITY>Yes</HASCAMPAIGNRESPONSIBILITY><HASCASERESPONSIBILITY>Yes</HASCASERESPONSIBILITY><HASCUSTOMERRESPONSIBILITY>Yes</HASCUSTOMERRESPONSIBILITY><HASLEADRESPONSIBILITY>No</HASLEADRESPONSIBILITY><HASOPPORTUNITYRESPONSIBILITY>Yes</HASOPPORTUNITYRESPONSIBILITY><HASPROSPECTRESPONSIBILITY>Yes</HASPROSPECTRESPONSIBILITY><HASSALESUNITRESPONSIBILITY>Yes</HASSALESUNITRESPONSIBILITY><HASVENDORRESPONSIBILITY>No</HASVENDORRESPONSIBILITY><RESPONSIBILITYCODE>Accounting Manager</RESPONSIBILITYCODE><RESPONSIBILITYDESCRIPTION>Accounting Manager</RESPONSIBILITYDESCRIPTION></SMMSALESROLERESPONSIBILITYENTITY><SMMSALESROLERESPONSIBILITYENTITY><HASCALLLISTRESPONSIBILITY>Yes</HASCALLLISTRESPONSIBILITY><HASCAMPAIGNRESPONSIBILITY>Yes</HASCAMPAIGNRESPONSIBILITY><HASCASERESPONSIBILITY>Yes</HASCASERESPONSIBILITY><HASCUSTOMERRESPONSIBILITY>No</HASCUSTOMERRESPONSIBILITY><HASLEADRESPONSIBILITY>No</HASLEADRESPONSIBILITY><HASOPPORTUNITYRESPONSIBILITY>No</HASOPPORTUNITYRESPONSIBILITY><HASPROSPECTRESPONSIBILITY>No</HASPROSPECTRESPONSIBILITY><HASSALESUNITRESPONSIBILITY>Yes</HASSALESUNITRESPONSIBILITY><HASVENDORRESPONSIBILITY>No</HASVENDORRESPONSIBILITY><RESPONSIBILITYCODE>Business Development</RESPONSIBILITYCODE><RESPONSIBILITYDESCRIPTION>Business Development</RESPONSIBILITYDESCRIPTION></SMMSALESROLERESPONSIBILITYENTITY><SMMSALESROLERESPONSIBILITYENTITY><HASCALLLISTRESPONSIBILITY>No</HASCALLLISTRESPONSIBILITY><HASCAMPAIGNRESPONSIBILITY>No</HASCAMPAIGNRESPONSIBILITY><HASCASERESPONSIBILITY>Yes</HASCASERESPONSIBILITY><HASCUSTOMERRESPONSIBILITY>Yes</HASCUSTOMERRESPONSIBILITY><HASLEADRESPONSIBILITY>No</HASLEADRESPONSIBILITY><HASOPPORTUNITYRESPONSIBILITY>Yes</HASOPPORTUNITYRESPONSIBILITY><HASPROSPECTRESPONSIBILITY>No</HASPROSPECTRESPONSIBILITY><HASSALESUNITRESPONSIBILITY>No</HASSALESUNITRESPONSIBILITY><HASVENDORRESPONSIBILITY>No</HASVENDORRESPONSIBILITY><RESPONSIBILITYCODE>Credit Manager</RESPONSIBILITYCODE><RESPONSIBILITYDESCRIPTION>Credit Manager</RESPONSIBILITYDESCRIPTION></SMMSALESROLERESPONSIBILITYENTITY><SMMSALESROLERESPONSIBILITYENTITY><HASCALLLISTRESPONSIBILITY>No</HASCALLLISTRESPONSIBILITY><HASCAMPAIGNRESPONSIBILITY>No</HASCAMPAIGNRESPONSIBILITY><HASCASERESPONSIBILITY>Yes</HASCASERESPONSIBILITY><HASCUSTOMERRESPONSIBILITY>No</HASCUSTOMERRESPONSIBILITY><HASLEADRESPONSIBILITY>No</HASLEADRESPONSIBILITY><HASOPPORTUNITYRESPONSIBILITY>No</HASOPPORTUNITYRESPONSIBILITY><HASPROSPECTRESPONSIBILITY>No</HASPROSPECTRESPONSIBILITY><HASSALESUNITRESPONSIBILITY>No</HASSALESUNITRESPONSIBILITY><HASVENDORRESPONSIBILITY>No</HASVENDORRESPONSIBILITY><RESPONSIBILITYCODE>Follow Up</RESPONSIBILITYCODE><RESPONSIBILITYDESCRIPTION>Responsible for Service Follow Up</RESPONSIBILITYDESCRIPTION></SMMSALESROLERESPONSIBILITYENTITY><SMMSALESROLERESPONSIBILITYENTITY><HASCALLLISTRESPONSIBILITY>No</HASCALLLISTRESPONSIBILITY><HASCAMPAIGNRESPONSIBILITY>No</HASCAMPAIGNRESPONSIBILITY><HASCASERESPONSIBILITY>Yes</HASCASERESPONSIBILITY><HASCUSTOMERRESPONSIBILITY>No</HASCUSTOMERRESPONSIBILITY><HASLEADRESPONSIBILITY>No</HASLEADRESPONSIBILITY><HASOPPORTUNITYRESPONSIBILITY>No</HASOPPORTUNITYRESPONSIBILITY><HASPROSPECTRESPONSIBILITY>Yes</HASPROSPECTRESPONSIBILITY><HASSALESUNITRESPONSIBILITY>No</HASSALESUNITRESPONSIBILITY><HASVENDORRESPONSIBILITY>No</HASVENDORRESPONSIBILITY><RESPONSIBILITYCODE>Franchise Owner</RESPONSIBILITYCODE><RESPONSIBILITYDESCRIPTION>Franchise Owner</RESPONSIBILITYDESCRIPTION></SMMSALESROLERESPONSIBILITYENTITY><SMMSALESROLERESPONSIBILITYENTITY><HASCALLLISTRESPONSIBILITY>Yes</HASCALLLISTRESPONSIBILITY><HASCAMPAIGNRESPONSIBILITY>Yes</HASCAMPAIGNRESPONSIBILITY><HASCASERESPONSIBILITY>Yes</HASCASERESPONSIBILITY><HASCUSTOMERRESPONSIBILITY>Yes</HASCUSTOMERRESPONSIBILITY><HASLEADRESPONSIBILITY>No</HASLEADRESPONSIBILITY><HASOPPORTUNITYRESPONSIBILITY>Yes</HASOPPORTUNITYRESPONSIBILITY><HASPROSPECTRESPONSIBILITY>Yes</HASPROSPECTRESPONSIBILITY><HASSALESUNITRESPONSIBILITY>Yes</HASSALESUNITRESPONSIBILITY><HASVENDORRESPONSIBILITY>No</HASVENDORRESPONSIBILITY><RESPONSIBILITYCODE>Inside Sales</RESPONSIBILITYCODE><RESPONSIBILITYDESCRIPTION>Inside Sales</RESPONSIBILITYDESCRIPTION></SMMSALESROLERESPONSIBILITYENTITY><SMMSALESROLERESPONSIBILITYENTITY><HASCALLLISTRESPONSIBILITY>No</HASCALLLISTRESPONSIBILITY><HASCAMPAIGNRESPONSIBILITY>No</HASCAMPAIGNRESPONSIBILITY><HASCASERESPONSIBILITY>Yes</HASCASERESPONSIBILITY><HASCUSTOMERRESPONSIBILITY>No</HASCUSTOMERRESPONSIBILITY><HASLEADRESPONSIBILITY>No</HASLEADRESPONSIBILITY><HASOPPORTUNITYRESPONSIBILITY>No</HASOPPORTUNITYRESPONSIBILITY><HASPROSPECTRESPONSIBILITY>No</HASPROSPECTRESPONSIBILITY><HASSALESUNITRESPONSIBILITY>No</HASSALESUNITRESPONSIBILITY><HASVENDORRESPONSIBILITY>No</HASVENDORRESPONSIBILITY><RESPONSIBILITYCODE>IT</RESPONSIBILITYCODE><RESPONSIBILITYDESCRIPTION>Information Technology Decisions</RESPONSIBILITYDESCRIPTION></SMMSALESROLERESPONSIBILITYENTITY><SMMSALESROLERESPONSIBILITYENTITY><HASCALLLISTRESPONSIBILITY>Yes</HASCALLLISTRESPONSIBILITY><HASCAMPAIGNRESPONSIBILITY>Yes</HASCAMPAIGNRESPONSIBILITY><HASCASERESPONSIBILITY>Yes</HASCASERESPONSIBILITY><HASCUSTOMERRESPONSIBILITY>Yes</HASCUSTOMERRESPONSIBILITY><HASLEADRESPONSIBILITY>No</HASLEADRESPONSIBILITY><HASOPPORTUNITYRESPONSIBILITY>No</HASOPPORTUNITYRESPONSIBILITY><HASPROSPECTRESPONSIBILITY>Yes</HASPROSPECTRESPONSIBILITY><HASSALESUNITRESPONSIBILITY>Yes</HASSALESUNITRESPONSIBILITY><HASVENDORRESPONSIBILITY>No</HASVENDORRESPONSIBILITY><RESPONSIBILITYCODE>Marketing</RESPONSIBILITYCODE><RESPONSIBILITYDESCRIPTION>Marketing</RESPONSIBILITYDESCRIPTION></SMMSALESROLERESPONSIBILITYENTITY><SMMSALESROLERESPONSIBILITYENTITY><HASCALLLISTRESPONSIBILITY>No</HASCALLLISTRESPONSIBILITY><HASCAMPAIGNRESPONSIBILITY>No</HASCAMPAIGNRESPONSIBILITY><HASCASERESPONSIBILITY>Yes</HASCASERESPONSIBILITY><HASCUSTOMERRESPONSIBILITY>No</HASCUSTOMERRESPONSIBILITY><HASLEADRESPONSIBILITY>No</HASLEADRESPONSIBILITY><HASOPPORTUNITYRESPONSIBILITY>No</HASOPPORTUNITYRESPONSIBILITY><HASPROSPECTRESPONSIBILITY>No</HASPROSPECTRESPONSIBILITY><HASSALESUNITRESPONSIBILITY>No</HASSALESUNITRESPONSIBILITY><HASVENDORRESPONSIBILITY>Yes</HASVENDORRESPONSIBILITY><RESPONSIBILITYCODE>Payables</RESPONSIBILITYCODE><RESPONSIBILITYDESCRIPTION>Payables</RESPONSIBILITYDESCRIPTION></SMMSALESROLERESPONSIBILITYENTITY><SMMSALESROLERESPONSIBILITYENTITY><HASCALLLISTRESPONSIBILITY>No</HASCALLLISTRESPONSIBILITY><HASCAMPAIGNRESPONSIBILITY>No</HASCAMPAIGNRESPONSIBILITY><HASCASERESPONSIBILITY>Yes</HASCASERESPONSIBILITY><HASCUSTOMERRESPONSIBILITY>Yes</HASCUSTOMERRESPONSIBILITY><HASLEADRESPONSIBILITY>Yes</HASLEADRESPONSIBILITY><HASOPPORTUNITYRESPONSIBILITY>Yes</HASOPPORTUNITYRESPONSIBILITY><HASPROSPECTRESPONSIBILITY>Yes</HASPROSPECTRESPONSIBILITY><HASSALESUNITRESPONSIBILITY>Yes</HASSALESUNITRESPONSIBILITY><HASVENDORRESPONSIBILITY>No</HASVENDORRESPONSIBILITY><RESPONSIBILITYCODE>Presales</RESPONSIBILITYCODE><RESPONSIBILITYDESCRIPTION>Presales</RESPONSIBILITYDESCRIPTION></SMMSALESROLERESPONSIBILITYENTITY><SMMSALESROLERESPONSIBILITYENTITY><HASCALLLISTRESPONSIBILITY>No</HASCALLLISTRESPONSIBILITY><HASCAMPAIGNRESPONSIBILITY>No</HASCAMPAIGNRESPONSIBILITY><HASCASERESPONSIBILITY>Yes</HASCASERESPONSIBILITY><HASCUSTOMERRESPONSIBILITY>Yes</HASCUSTOMERRESPONSIBILITY><HASLEADRESPONSIBILITY>Yes</HASLEADRESPONSIBILITY><HASOPPORTUNITYRESPONSIBILITY>Yes</HASOPPORTUNITYRESPONSIBILITY><HASPROSPECTRESPONSIBILITY>Yes</HASPROSPECTRESPONSIBILITY><HASSALESUNITRESPONSIBILITY>No</HASSALESUNITRESPONSIBILITY><HASVENDORRESPONSIBILITY>Yes</HASVENDORRESPONSIBILITY><RESPONSIBILITYCODE>Project Manager</RESPONSIBILITYCODE><RESPONSIBILITYDESCRIPTION>Project Manager</RESPONSIBILITYDESCRIPTION></SMMSALESROLERESPONSIBILITYENTITY><SMMSALESROLERESPONSIBILITYENTITY><HASCALLLISTRESPONSIBILITY>No</HASCALLLISTRESPONSIBILITY><HASCAMPAIGNRESPONSIBILITY>No</HASCAMPAIGNRESPONSIBILITY><HASCASERESPONSIBILITY>Yes</HASCASERESPONSIBILITY><HASCUSTOMERRESPONSIBILITY>No</HASCUSTOMERRESPONSIBILITY><HASLEADRESPONSIBILITY>No</HASLEADRESPONSIBILITY><HASOPPORTUNITYRESPONSIBILITY>No</HASOPPORTUNITYRESPONSIBILITY><HASPROSPECTRESPONSIBILITY>No</HASPROSPECTRESPONSIBILITY><HASSALESUNITRESPONSIBILITY>No</HASSALESUNITRESPONSIBILITY><HASVENDORRESPONSIBILITY>Yes</HASVENDORRESPONSIBILITY><RESPONSIBILITYCODE>Purchasing</RESPONSIBILITYCODE><RESPONSIBILITYDESCRIPTION>Purchasing</RESPONSIBILITYDESCRIPTION></SMMSALESROLERESPONSIBILITYENTITY><SMMSALESROLERESPONSIBILITYENTITY><HASCALLLISTRESPONSIBILITY>Yes</HASCALLLISTRESPONSIBILITY><HASCAMPAIGNRESPONSIBILITY>Yes</HASCAMPAIGNRESPONSIBILITY><HASCASERESPONSIBILITY>Yes</HASCASERESPONSIBILITY><HASCUSTOMERRESPONSIBILITY>Yes</HASCUSTOMERRESPONSIBILITY><HASLEADRESPONSIBILITY>Yes</HASLEADRESPONSIBILITY><HASOPPORTUNITYRESPONSIBILITY>Yes</HASOPPORTUNITYRESPONSIBILITY><HASPROSPECTRESPONSIBILITY>Yes</HASPROSPECTRESPONSIBILITY><HASSALESUNITRESPONSIBILITY>Yes</HASSALESUNITRESPONSIBILITY><HASVENDORRESPONSIBILITY>No</HASVENDORRESPONSIBILITY><RESPONSIBILITYCODE>Sales</RESPONSIBILITYCODE><RESPONSIBILITYDESCRIPTION>Sales</RESPONSIBILITYDESCRIPTION></SMMSALESROLERESPONSIBILITYENTITY><SMMSALESROLERESPONSIBILITYENTITY><HASCALLLISTRESPONSIBILITY>Yes</HASCALLLISTRESPONSIBILITY><HASCAMPAIGNRESPONSIBILITY>Yes</HASCAMPAIGNRESPONSIBILITY><HASCASERESPONSIBILITY>Yes</HASCASERESPONSIBILITY><HASCUSTOMERRESPONSIBILITY>Yes</HASCUSTOMERRESPONSIBILITY><HASLEADRESPONSIBILITY>Yes</HASLEADRESPONSIBILITY><HASOPPORTUNITYRESPONSIBILITY>Yes</HASOPPORTUNITYRESPONSIBILITY><HASPROSPECTRESPONSIBILITY>Yes</HASPROSPECTRESPONSIBILITY><HASSALESUNITRESPONSIBILITY>Yes</HASSALESUNITRESPONSIBILITY><HASVENDORRESPONSIBILITY>No</HASVENDORRESPONSIBILITY><RESPONSIBILITYCODE>Sales Management</RESPONSIBILITYCODE><RESPONSIBILITYDESCRIPTION>Sales Management</RESPONSIBILITYDESCRIPTION></SMMSALESROLERESPONSIBILITYENTITY><SMMSALESROLERESPONSIBILITYENTITY><HASCALLLISTRESPONSIBILITY>Yes</HASCALLLISTRESPONSIBILITY><HASCAMPAIGNRESPONSIBILITY>No</HASCAMPAIGNRESPONSIBILITY><HASCASERESPONSIBILITY>Yes</HASCASERESPONSIBILITY><HASCUSTOMERRESPONSIBILITY>Yes</HASCUSTOMERRESPONSIBILITY><HASLEADRESPONSIBILITY>Yes</HASLEADRESPONSIBILITY><HASOPPORTUNITYRESPONSIBILITY>Yes</HASOPPORTUNITYRESPONSIBILITY><HASPROSPECTRESPONSIBILITY>No</HASPROSPECTRESPONSIBILITY><HASSALESUNITRESPONSIBILITY>No</HASSALESUNITRESPONSIBILITY><HASVENDORRESPONSIBILITY>No</HASVENDORRESPONSIBILITY><RESPONSIBILITYCODE>Support/Service</RESPONSIBILITYCODE><RESPONSIBILITYDESCRIPTION>Responsible for Support and Service</RESPONSIBILITYDESCRIPTION></SMMSALESROLERESPONSIBILITYENTITY><SMMSALESROLERESPONSIBILITYENTITY><HASCALLLISTRESPONSIBILITY>Yes</HASCALLLISTRESPONSIBILITY><HASCAMPAIGNRESPONSIBILITY>Yes</HASCAMPAIGNRESPONSIBILITY><HASCASERESPONSIBILITY>Yes</HASCASERESPONSIBILITY><HASCUSTOMERRESPONSIBILITY>Yes</HASCUSTOMERRESPONSIBILITY><HASLEADRESPONSIBILITY>Yes</HASLEADRESPONSIBILITY><HASOPPORTUNITYRESPONSIBILITY>Yes</HASOPPORTUNITYRESPONSIBILITY><HASPROSPECTRESPONSIBILITY>Yes</HASPROSPECTRESPONSIBILITY><HASSALESUNITRESPONSIBILITY>Yes</HASSALESUNITRESPONSIBILITY><HASVENDORRESPONSIBILITY>No</HASVENDORRESPONSIBILITY><RESPONSIBILITYCODE>Telesales</RESPONSIBILITYCODE><RESPONSIBILITYDESCRIPTION>Telesales</RESPONSIBILITYDESCRIPTION></SMMSALESROLERESPONSIBILITYENTITY><SMMSALESROLERESPONSIBILITYENTITY><HASCALLLISTRESPONSIBILITY>Yes</HASCALLLISTRESPONSIBILITY><HASCAMPAIGNRESPONSIBILITY>Yes</HASCAMPAIGNRESPONSIBILITY><HASCASERESPONSIBILITY>Yes</HASCASERESPONSIBILITY><HASCUSTOMERRESPONSIBILITY>Yes</HASCUSTOMERRESPONSIBILITY><HASLEADRESPONSIBILITY>Yes</HASLEADRESPONSIBILITY><HASOPPORTUNITYRESPONSIBILITY>Yes</HASOPPORTUNITYRESPONSIBILITY><HASPROSPECTRESPONSIBILITY>Yes</HASPROSPECTRESPONSIBILITY><HASSALESUNITRESPONSIBILITY>Yes</HASSALESUNITRESPONSIBILITY><HASVENDORRESPONSIBILITY>No</HASVENDORRESPONSIBILITY><RESPONSIBILITYCODE>Territory Sales</RESPONSIBILITYCODE><RESPONSIBILITYDESCRIPTION>Territory Sales</RESPONSIBILITYDESCRIPTION></SMMSALESROLERESPONSIBILITYENTITY><SMMSALESROLERESPONSIBILITYENTITY><HASCALLLISTRESPONSIBILITY>No</HASCALLLISTRESPONSIBILITY><HASCAMPAIGNRESPONSIBILITY>No</HASCAMPAIGNRESPONSIBILITY><HASCASERESPONSIBILITY>Yes</HASCASERESPONSIBILITY><HASCUSTOMERRESPONSIBILITY>Yes</HASCUSTOMERRESPONSIBILITY><HASLEADRESPONSIBILITY>No</HASLEADRESPONSIBILITY><HASOPPORTUNITYRESPONSIBILITY>No</HASOPPORTUNITYRESPONSIBILITY><HASPROSPECTRESPONSIBILITY>No</HASPROSPECTRESPONSIBILITY><HASSALESUNITRESPONSIBILITY>No</HASSALESUNITRESPONSIBILITY><HASVENDORRESPONSIBILITY>No</HASVENDORRESPONSIBILITY><RESPONSIBILITYCODE>Training</RESPONSIBILITYCODE><RESPONSIBILITYDESCRIPTION>Training</RESPONSIBILITYDESCRIPTION></SMMSALESROLERESPONSIBILITYENTITY></Document>