﻿<?xml version="1.0" encoding="utf-8"?><Document><SALESDOCUMENTDEFAULTSENTITY><DEFAULTBILLOFLADINGCARRIERNAME></DEFAULTBILLOFLADINGCARRIERNAME><DEFAULTBILLOFLADINGFREIGHTCHARGETERMS>Prepaid</DEFAULTBILLOFLADINGFREIGHTCHARGETERMS><DEFAULTBILLOFLADINGFREIGHTCOUNTINGRULE>ByShipper</DEFAULTBILLOFLADINGFREIGHTCOUNTINGRULE><DEFAULTBILLOFLADINGFREIGHTINGPARTY>Carrier</DEFAULTBILLOFLADINGFREIGHTINGPARTY><DEFAULTBILLOFLADINGLANGUAGEID></DEFAULTBILLOFLADINGLANGUAGEID><DEFAULTBILLOFLADINGTRAILERLOADINGPARTY>ByShipper</DEFAULTBILLOFLADINGTRAILERLOADINGPARTY><DEFAULTCREDITNOTECUSTOMERTRANSACTIONSETTLEMENTTYPE>None</DEFAULTCREDITNOTECUSTOMERTRANSACTIONSETTLEMENTTYPE><DEFAULTENTERPRISEPORTALSALESORDERORIGINCODE></DEFAULTENTERPRISEPORTALSALESORDERORIGINCODE><DEFAULTINVENTORYRESERVATIONMETHOD>Automatic</DEFAULTINVENTORYRESERVATIONMETHOD><DEFAULTRETURNORDERVALIDITYPERIODDAYS>0</DEFAULTRETURNORDERVALIDITYPERIODDAYS><DEFAULTSALESORDERORIGINCODE>DIRECT</DEFAULTSALESORDERORIGINCODE><DEFAULTSALESORDERPOOLID></DEFAULTSALESORDERPOOLID><DEFAULTSALESORDERTYPE>Sales</DEFAULTSALESORDERTYPE><DEFAULTSALESORDERVALIDITYPERIODDAYS>0</DEFAULTSALESORDERVALIDITYPERIODDAYS><DEFAULTSALESQUOTATIONFOLLOWUPPERIODDAYS>2</DEFAULTSALESQUOTATIONFOLLOWUPPERIODDAYS><DEFAULTSALESQUOTATIONTYPEID></DEFAULTSALESQUOTATIONTYPEID><DEFAULTSALESQUOTATIONVALIDITYPERIODDAYS>30</DEFAULTSALESQUOTATIONVALIDITYPERIODDAYS><ISDIRECTDELIVERYCHAINCREATIONDEFERRED>No</ISDIRECTDELIVERYCHAINCREATIONDEFERRED><WILLAUTOMATICINVENTORYRESERVATIONCONSIDERBATCHATTRIBUTESBYDEFAULT>Yes</WILLAUTOMATICINVENTORYRESERVATIONCONSIDERBATCHATTRIBUTESBYDEFAULT></SALESDOCUMENTDEFAULTSENTITY></Document>