﻿<?xml version="1.0" encoding="utf-8"?><Document><SMMSALESACTIVITYPLANENTITY><DESCRIPTION>Collections</DESCRIPTION><PLANID>Collections</PLANID></SMMSALESACTIVITYPLANENTITY><SMMSALESACTIVITYPLANENTITY><DESCRIPTION>Follow Up</DESCRIPTION><PLANID>Follow Up</PLANID></SMMSALESACTIVITYPLANENTITY><SMMSALESACTIVITYPLANENTITY><DESCRIPTION>Marketing</DESCRIPTION><PLANID>Marketing</PLANID></SMMSALESACTIVITYPLANENTITY><SMMSALESACTIVITYPLANENTITY><DESCRIPTION>Product Introductio</DESCRIPTION><PLANID>Product Introduction</PLANID></SMMSALESACTIVITYPLANENTITY><SMMSALESACTIVITYPLANENTITY><DESCRIPTION>Prospecting</DESCRIPTION><PLANID>Prospecting</PLANID></SMMSALESACTIVITYPLANENTITY></Document>