﻿<?xml version="1.0" encoding="utf-8"?><Document><SMMSALESACTIVITYCREATIONPOLICYENTITY><CAMPAIGNFOLLOWUPACTIVITYCREATIONRULE>Yes</CAMPAIGNFOLLOWUPACTIVITYCREATIONRULE><CAMPAIGNTARGETACTIVITYCREATIONRULE>Yes</CAMPAIGNTARGETACTIVITYCREATIONRULE><DEFAULTCAMPAIGNFOLLOWUPACTIVITYCATEGORY>Task</DEFAULTCAMPAIGNFOLLOWUPACTIVITYCATEGORY><DEFAULTCAMPAIGNFOLLOWUPACTIVITYPHASEID>Completion</DEFAULTCAMPAIGNFOLLOWUPACTIVITYPHASEID><DEFAULTCAMPAIGNFOLLOWUPACTIVITYPURPOSE>campaign end</DEFAULTCAMPAIGNFOLLOWUPACTIVITYPURPOSE><DEFAULTCAMPAIGNFOLLOWUPACTIVITYTYPEID>Reminder</DEFAULTCAMPAIGNFOLLOWUPACTIVITYTYPEID><DEFAULTCAMPAIGNTARGETACTIVITYCATEGORY>Appointment</DEFAULTCAMPAIGNTARGETACTIVITYCATEGORY><DEFAULTCAMPAIGNTARGETACTIVITYPHASEID>Realization</DEFAULTCAMPAIGNTARGETACTIVITYPHASEID><DEFAULTCAMPAIGNTARGETACTIVITYPURPOSE>Campaign Follow Up</DEFAULTCAMPAIGNTARGETACTIVITYPURPOSE><DEFAULTCAMPAIGNTARGETACTIVITYTYPEID>Email</DEFAULTCAMPAIGNTARGETACTIVITYTYPEID><DEFAULTQUOTATIONACTIVITYCATEGORY>Task</DEFAULTQUOTATIONACTIVITYCATEGORY><DEFAULTQUOTATIONACTIVITYPHASEID>Preparation</DEFAULTQUOTATIONACTIVITYPHASEID><DEFAULTQUOTATIONACTIVITYPURPOSE>Quotation expires</DEFAULTQUOTATIONACTIVITYPURPOSE><DEFAULTQUOTATIONACTIVITYTYPEID>Email</DEFAULTQUOTATIONACTIVITYTYPEID><DEFAULTSALESCATALOGREQUESTACTIVITYCATEGORY>Appointment</DEFAULTSALESCATALOGREQUESTACTIVITYCATEGORY><DEFAULTSALESCATALOGREQUESTACTIVITYPHASEID>Completion</DEFAULTSALESCATALOGREQUESTACTIVITYPHASEID><DEFAULTSALESCATALOGREQUESTACTIVITYPURPOSE>Catalog Request</DEFAULTSALESCATALOGREQUESTACTIVITYPURPOSE><DEFAULTSALESCATALOGREQUESTACTIVITYTYPEID>Email</DEFAULTSALESCATALOGREQUESTACTIVITYTYPEID><DEFAULTSALESCATALOGSENTACTIVITYCATEGORY>Appointment</DEFAULTSALESCATALOGSENTACTIVITYCATEGORY><DEFAULTSALESCATALOGSENTACTIVITYPHASEID>Realization</DEFAULTSALESCATALOGSENTACTIVITYPHASEID><DEFAULTSALESCATALOGSENTACTIVITYPURPOSEID>Catalog Follow Up</DEFAULTSALESCATALOGSENTACTIVITYPURPOSEID><DEFAULTSALESCATALOGSENTACTIVITYTYPEID>Reminder</DEFAULTSALESCATALOGSENTACTIVITYTYPEID><DEFAULTTELEMARKERINGTARGETACTIVITYCATEGORY>Appointment</DEFAULTTELEMARKERINGTARGETACTIVITYCATEGORY><DEFAULTTELEMARKERINGTARGETACTIVITYPHASEID>Realization</DEFAULTTELEMARKERINGTARGETACTIVITYPHASEID><DEFAULTTELEMARKERINGTARGETACTIVITYPURPOSE>Telemarketing Follow Up</DEFAULTTELEMARKERINGTARGETACTIVITYPURPOSE><DEFAULTTELEMARKERINGTARGETACTIVITYTYPEID>Phone Call</DEFAULTTELEMARKERINGTARGETACTIVITYTYPEID><DEFAULTTELEMARKETINGCALLBACKACTIVITYCATEGORY>Appointment</DEFAULTTELEMARKETINGCALLBACKACTIVITYCATEGORY><DEFAULTTELEMARKETINGCALLBACKACTIVITYPHASEID>Realization</DEFAULTTELEMARKETINGCALLBACKACTIVITYPHASEID><DEFAULTTELEMARKETINGCALLBACKACTIVITYPURPOSE>Telemarketing callback</DEFAULTTELEMARKETINGCALLBACKACTIVITYPURPOSE><DEFAULTTELEMARKETINGCALLBACKACTIVITYTYPEID>Phone Call</DEFAULTTELEMARKETINGCALLBACKACTIVITYTYPEID><DEFAULTTELEMARKETINGCALLLISTACTIVITYCATEGORY>Appointment</DEFAULTTELEMARKETINGCALLLISTACTIVITYCATEGORY><DEFAULTTELEMARKETINGCALLLISTACTIVITYPHASEID>Completion</DEFAULTTELEMARKETINGCALLLISTACTIVITYPHASEID><DEFAULTTELEMARKETINGCALLLISTACTIVITYPURPOSE>Telemarketing</DEFAULTTELEMARKETINGCALLLISTACTIVITYPURPOSE><DEFAULTTELEMARKETINGCALLLISTACTIVITYTYPEID>Phone Call</DEFAULTTELEMARKETINGCALLLISTACTIVITYTYPEID><QUOTATIONACTIVITYCREATIONRULE>Yes</QUOTATIONACTIVITYCREATIONRULE><SALESCATALOGREQUESTACTIVITYCREATIONRULE>Yes</SALESCATALOGREQUESTACTIVITYCREATIONRULE><SALESCATALOGSENTACTIVITYCREATIONRULE>Yes</SALESCATALOGSENTACTIVITYCREATIONRULE><TELEMARKERINGTARGETACTIVITYCREATIONRULE>Yes</TELEMARKERINGTARGETACTIVITYCREATIONRULE><TELEMARKETINGCALLBACKACTIVITYCREATIONRULE>Yes</TELEMARKETINGCALLBACKACTIVITYCREATIONRULE><TELEMARKETINGCALLLISTACTIVITYCREATIONRULE>Yes</TELEMARKETINGCALLLISTACTIVITYCREATIONRULE><WILLBATCHPROCESSINGCREATEACTIVITIES>Yes</WILLBATCHPROCESSINGCREATEACTIVITIES></SMMSALESACTIVITYCREATIONPOLICYENTITY></Document>