﻿<?xml version="1.0" encoding="utf-8"?><Document><SALESDOCUMENTPROCESSINGPOLICYENTITY><BILLOFLADINGGENERATIONRULE>None</BILLOFLADINGGENERATIONRULE><DEFAULTSUMMARYUPDATEMETHOD>None</DEFAULTSUMMARYUPDATEMETHOD><ISCONFIRMATIONDELIVERYADDRESSSPECIFIC>No</ISCONFIRMATIONDELIVERYADDRESSSPECIFIC><ISINVOICEDELIVERYADDRESSSPECIFIC>No</ISINVOICEDELIVERYADDRESSSPECIFIC><ISINVOICESITESPECIFIC>No</ISINVOICESITESPECIFIC><ISPACKINGSLIPBEINGACCOUNTED>Yes</ISPACKINGSLIPBEINGACCOUNTED><ISPACKINGSLIPDELIVERYADDRESSSPECIFIC>No</ISPACKINGSLIPDELIVERYADDRESSSPECIFIC><ISPICKINGLISTDELIVERYADDRESSSPECIFIC>No</ISPICKINGLISTDELIVERYADDRESSSPECIFIC><ISPICKINGLISTWAREHOUSESPECIFIC>No</ISPICKINGLISTWAREHOUSESPECIFIC><ISQUANTITYSELECTIONBEINGPROMPTED>Yes</ISQUANTITYSELECTIONBEINGPROMPTED><ISSALESDOCUMENTPROCESSINGUSINGSETTLEDCUSTOMERTRANSACTIONEXCHANGERATE>No</ISSALESDOCUMENTPROCESSINGUSINGSETTLEDCUSTOMERTRANSACTIONEXCHANGERATE><MAXIMUMPARALLELDOCUMENTPROCESSINGBATCHTASKSIZE>5</MAXIMUMPARALLELDOCUMENTPROCESSINGBATCHTASKSIZE><ORDERSUMMARYUPDATETYPEDISCREPANCYRULE>Accept</ORDERSUMMARYUPDATETYPEDISCREPANCYRULE><PICKINGLISTPROCESSINGPICKINGROUTESTATUSUPDATERULE>activated</PICKINGLISTPROCESSINGPICKINGROUTESTATUSUPDATERULE><SHIPPINGSPECIFICATIONENTRYRULE>None</SHIPPINGSPECIFICATIONENTRYRULE><WILLINVOICEPROCESSDELETEINVOICEDSALESORDER>No</WILLINVOICEPROCESSDELETEINVOICEDSALESORDER><WILLINVOICEPROCESSDELETEINVOICEDSALESORDERLINE>No</WILLINVOICEPROCESSDELETEINVOICEDSALESORDERLINE><WILLINVOICEPROCESSINGAUTOMATICALLYREDUCEQUANTITY>No</WILLINVOICEPROCESSINGAUTOMATICALLYREDUCEQUANTITY><WILLPACKINGSLIPPROCESSINGAUTOMATICALLYREDUCEQUANTITY>No</WILLPACKINGSLIPPROCESSINGAUTOMATICALLYREDUCEQUANTITY><WILLPICKINGLISTPROCESSINGAUTOMATICALLYREDUCEQUANTITY>No</WILLPICKINGLISTPROCESSINGAUTOMATICALLYREDUCEQUANTITY><WILLSALESPROCESSESACCEPTOVERDELIVERY>Yes</WILLSALESPROCESSESACCEPTOVERDELIVERY><WILLSALESPROCESSESACCEPTUNDERDELIVERY>Yes</WILLSALESPROCESSESACCEPTUNDERDELIVERY></SALESDOCUMENTPROCESSINGPOLICYENTITY></Document>