﻿<?xml version="1.0" encoding="utf-8"?><Document><SALESORDERORIGINENTITY><ISORIGINTYPEASSIGNED>No</ISORIGINTYPEASSIGNED><ORIGINCODE>BAZAAR</ORIGINCODE><ORIGINDESCRIPTION>Bazaar</ORIGINDESCRIPTION><ORIGINTYPE></ORIGINTYPE></SALESORDERORIGINENTITY><SALESORDERORIGINENTITY><ISORIGINTYPEASSIGNED>No</ISORIGINTYPEASSIGNED><ORIGINCODE>DIRECT</ORIGINCODE><ORIGINDESCRIPTION>Direct</ORIGINDESCRIPTION><ORIGINTYPE></ORIGINTYPE></SALESORDERORIGINENTITY><SALESORDERORIGINENTITY><ISORIGINTYPEASSIGNED>No</ISORIGINTYPEASSIGNED><ORIGINCODE>EMAIL</ORIGINCODE><ORIGINDESCRIPTION>Email</ORIGINDESCRIPTION><ORIGINTYPE></ORIGINTYPE></SALESORDERORIGINENTITY><SALESORDERORIGINENTITY><ISORIGINTYPEASSIGNED>No</ISORIGINTYPEASSIGNED><ORIGINCODE>MAIL</ORIGINCODE><ORIGINDESCRIPTION>Mail</ORIGINDESCRIPTION><ORIGINTYPE></ORIGINTYPE></SALESORDERORIGINENTITY><SALESORDERORIGINENTITY><ISORIGINTYPEASSIGNED>No</ISORIGINTYPEASSIGNED><ORIGINCODE>PHONE</ORIGINCODE><ORIGINDESCRIPTION>Phone Call</ORIGINDESCRIPTION><ORIGINTYPE></ORIGINTYPE></SALESORDERORIGINENTITY><SALESORDERORIGINENTITY><ISORIGINTYPEASSIGNED>No</ISORIGINTYPEASSIGNED><ORIGINCODE>REFERRAL</ORIGINCODE><ORIGINDESCRIPTION>Referral</ORIGINDESCRIPTION><ORIGINTYPE></ORIGINTYPE></SALESORDERORIGINENTITY><SALESORDERORIGINENTITY><ISORIGINTYPEASSIGNED>No</ISORIGINTYPEASSIGNED><ORIGINCODE>SOCIAL</ORIGINCODE><ORIGINDESCRIPTION>Social Media</ORIGINDESCRIPTION><ORIGINTYPE></ORIGINTYPE></SALESORDERORIGINENTITY><SALESORDERORIGINENTITY><ISORIGINTYPEASSIGNED>No</ISORIGINTYPEASSIGNED><ORIGINCODE>WEBSITE</ORIGINCODE><ORIGINDESCRIPTION>Weisite</ORIGINDESCRIPTION><ORIGINTYPE></ORIGINTYPE></SALESORDERORIGINENTITY></Document>