﻿<?xml version="1.0" encoding="utf-8"?><Document><SMMSALESACTIVITYTYPEENTITY><DESCRIPTION>Astral Projection</DESCRIPTION><TYPEID>Astral Projection</TYPEID></SMMSALESACTIVITYTYPEENTITY><SMMSALESACTIVITYTYPEENTITY><DESCRIPTION>Conference Call</DESCRIPTION><TYPEID>Conference Call</TYPEID></SMMSALESACTIVITYTYPEENTITY><SMMSALESACTIVITYTYPEENTITY><DESCRIPTION>Email</DESCRIPTION><TYPEID>Email</TYPEID></SMMSALESACTIVITYTYPEENTITY><SMMSALESACTIVITYTYPEENTITY><DESCRIPTION>Follow Up</DESCRIPTION><TYPEID>Follow Up</TYPEID></SMMSALESACTIVITYTYPEENTITY><SMMSALESACTIVITYTYPEENTITY><DESCRIPTION>Internal Activity</DESCRIPTION><TYPEID>Internal</TYPEID></SMMSALESACTIVITYTYPEENTITY><SMMSALESACTIVITYTYPEENTITY><DESCRIPTION>Internal Call</DESCRIPTION><TYPEID>Internal Call</TYPEID></SMMSALESACTIVITYTYPEENTITY><SMMSALESACTIVITYTYPEENTITY><DESCRIPTION>Letter</DESCRIPTION><TYPEID>Letter</TYPEID></SMMSALESACTIVITYTYPEENTITY><SMMSALESACTIVITYTYPEENTITY><DESCRIPTION>Marketi Activity</DESCRIPTION><TYPEID>Marketing</TYPEID></SMMSALESACTIVITYTYPEENTITY><SMMSALESACTIVITYTYPEENTITY><DESCRIPTION>Phone Call</DESCRIPTION><TYPEID>Phone Call</TYPEID></SMMSALESACTIVITYTYPEENTITY><SMMSALESACTIVITYTYPEENTITY><DESCRIPTION>Remider</DESCRIPTION><TYPEID>Reminder</TYPEID></SMMSALESACTIVITYTYPEENTITY><SMMSALESACTIVITYTYPEENTITY><DESCRIPTION>Service</DESCRIPTION><TYPEID>Service</TYPEID></SMMSALESACTIVITYTYPEENTITY><SMMSALESACTIVITYTYPEENTITY><DESCRIPTION>Video Call</DESCRIPTION><TYPEID>Video Call</TYPEID></SMMSALESACTIVITYTYPEENTITY></Document>