﻿<?xml version="1.0" encoding="utf-8"?><Document><MCRSALESORDERHOLDCODEENTITY><ASSOCIATEDSECURITYROLENAME></ASSOCIATEDSECURITYROLENAME><DESCRIPTION>Credit Hold</DESCRIPTION><ISDEFAULTSALESORDERHOLDCODE>No</ISDEFAULTSALESORDERHOLDCODE><ISHOLDCODEREMOVINGINVENTORYRESERVATIONS>Yes</ISHOLDCODEREMOVINGINVENTORYRESERVATIONS><SALESORDERHOLDCODE>CREDIT</SALESORDERHOLDCODE></MCRSALESORDERHOLDCODEENTITY><MCRSALESORDERHOLDCODEENTITY><ASSOCIATEDSECURITYROLENAME></ASSOCIATEDSECURITYROLENAME><DESCRIPTION>Duplicate Order Hold</DESCRIPTION><ISDEFAULTSALESORDERHOLDCODE>No</ISDEFAULTSALESORDERHOLDCODE><ISHOLDCODEREMOVINGINVENTORYRESERVATIONS>Yes</ISHOLDCODEREMOVINGINVENTORYRESERVATIONS><SALESORDERHOLDCODE>DUPLICATE</SALESORDERHOLDCODE></MCRSALESORDERHOLDCODEENTITY><MCRSALESORDERHOLDCODEENTITY><ASSOCIATEDSECURITYROLENAME></ASSOCIATEDSECURITYROLENAME><DESCRIPTION>Fraud Hold</DESCRIPTION><ISDEFAULTSALESORDERHOLDCODE>No</ISDEFAULTSALESORDERHOLDCODE><ISHOLDCODEREMOVINGINVENTORYRESERVATIONS>Yes</ISHOLDCODEREMOVINGINVENTORYRESERVATIONS><SALESORDERHOLDCODE>FRAUD</SALESORDERHOLDCODE></MCRSALESORDERHOLDCODEENTITY><MCRSALESORDERHOLDCODEENTITY><ASSOCIATEDSECURITYROLENAME></ASSOCIATEDSECURITYROLENAME><DESCRIPTION>Review Required</DESCRIPTION><ISDEFAULTSALESORDERHOLDCODE>Yes</ISDEFAULTSALESORDERHOLDCODE><ISHOLDCODEREMOVINGINVENTORYRESERVATIONS>No</ISHOLDCODEREMOVINGINVENTORYRESERVATIONS><SALESORDERHOLDCODE>REVIEW</SALESORDERHOLDCODE></MCRSALESORDERHOLDCODEENTITY><MCRSALESORDERHOLDCODEENTITY><ASSOCIATEDSECURITYROLENAME></ASSOCIATEDSECURITYROLENAME><DESCRIPTION>To Confirm Later</DESCRIPTION><ISDEFAULTSALESORDERHOLDCODE>No</ISDEFAULTSALESORDERHOLDCODE><ISHOLDCODEREMOVINGINVENTORYRESERVATIONS>Yes</ISHOLDCODEREMOVINGINVENTORYRESERVATIONS><SALESORDERHOLDCODE>TOCONFIRM</SALESORDERHOLDCODE></MCRSALESORDERHOLDCODEENTITY></Document>