﻿<?xml version="1.0" encoding="utf-8"?><Document><SALESFORMLETTERSALESQUOTATIONFORMPRINTINGCONFIGURATIONENTITY><DISPLAYEDDOCUMENTATTACHMENTTYPECODE></DISPLAYEDDOCUMENTATTACHMENTTYPECODE><DOCUMENTATTACHMENTDISPLAYRULE></DOCUMENTATTACHMENTDISPLAYRULE><ISINVENTORYSTATUSIDDISPLAYED>No</ISINVENTORYSTATUSIDDISPLAYED><ISITEMBATCHNUMBERDISPLAYED>No</ISITEMBATCHNUMBERDISPLAYED><ISITEMSERIALNUMBERDISPLAYED>No</ISITEMSERIALNUMBERDISPLAYED><ISLICENSEPLATENUMBERDISPLAYED>No</ISLICENSEPLATENUMBERDISPLAYED><ISPRODUCTCOLORIDDISPLAYED>No</ISPRODUCTCOLORIDDISPLAYED><ISPRODUCTCONFIGURATIONIDDISPLAYED>No</ISPRODUCTCONFIGURATIONIDDISPLAYED><ISPRODUCTSIZEIDDISPLAYED>No</ISPRODUCTSIZEIDDISPLAYED><ISPRODUCTSTYLEIDDISPLAYED>No</ISPRODUCTSTYLEIDDISPLAYED><ISPRODUCTVERSIONIDDISPLAYED>No</ISPRODUCTVERSIONIDDISPLAYED><ISSHIPPINGSITEIDDISPLAYED>No</ISSHIPPINGSITEIDDISPLAYED><ISSHIPPINGWAREHOUSEIDDISPLAYED>No</ISSHIPPINGWAREHOUSEIDDISPLAYED><ISSHIPPINGWAREHOUSELOCATIONIDDISPLAYED>No</ISSHIPPINGWAREHOUSELOCATIONIDDISPLAYED><PAPERFORMAT>BlankPaper</PAPERFORMAT></SALESFORMLETTERSALESQUOTATIONFORMPRINTINGCONFIGURATIONENTITY></Document>