﻿<?xml version="1.0" encoding="utf-8"?><Document><SALESUNITENTITY><ISACTIVE>No</ISACTIVE><ORGANIZATIONTYPE>Line</ORGANIZATIONTYPE><PARENTSALESUNITID>MAJOR</PARENTSALESUNITID><UNITDESCRIPTION>Guild Customers</UNITDESCRIPTION><UNITID>GUILD</UNITID></SALESUNITENTITY><SALESUNITENTITY><ISACTIVE>No</ISACTIVE><ORGANIZATIONTYPE>Line</ORGANIZATIONTYPE><PARENTSALESUNITID></PARENTSALESUNITID><UNITDESCRIPTION>Internal Sales</UNITDESCRIPTION><UNITID>INTERNAL</UNITID></SALESUNITENTITY><SALESUNITENTITY><ISACTIVE>No</ISACTIVE><ORGANIZATIONTYPE>Line</ORGANIZATIONTYPE><PARENTSALESUNITID></PARENTSALESUNITID><UNITDESCRIPTION>Major Accounts</UNITDESCRIPTION><UNITID>MAJOR</UNITID></SALESUNITENTITY><SALESUNITENTITY><ISACTIVE>No</ISACTIVE><ORGANIZATIONTYPE>Line</ORGANIZATIONTYPE><PARENTSALESUNITID></PARENTSALESUNITID><UNITDESCRIPTION>Miscellaneous Accounts</UNITDESCRIPTION><UNITID>MISC</UNITID></SALESUNITENTITY><SALESUNITENTITY><ISACTIVE>No</ISACTIVE><ORGANIZATIONTYPE>Line</ORGANIZATIONTYPE><PARENTSALESUNITID></PARENTSALESUNITID><UNITDESCRIPTION>Regional Customers</UNITDESCRIPTION><UNITID>REGIONAL</UNITID></SALESUNITENTITY><SALESUNITENTITY><ISACTIVE>No</ISACTIVE><ORGANIZATIONTYPE>Line</ORGANIZATIONTYPE><PARENTSALESUNITID>REGIONAL</PARENTSALESUNITID><UNITDESCRIPTION>Sword Coast Customers</UNITDESCRIPTION><UNITID>SWORDCOAST</UNITID></SALESUNITENTITY></Document>