﻿<?xml version="1.0" encoding="utf-8"?><Document><SALESORDERUPDATELINESPARAMETERSENTITY><SALESORDERHEADERFIELDNAME>CustAccount</SALESORDERHEADERFIELDNAME><SALESORDERLINEUPDATERULE>Prompt</SALESORDERLINEUPDATERULE></SALESORDERUPDATELINESPARAMETERSENTITY><SALESORDERUPDATELINESPARAMETERSENTITY><SALESORDERHEADERFIELDNAME>DefaultDimension</SALESORDERHEADERFIELDNAME><SALESORDERLINEUPDATERULE>Prompt</SALESORDERLINEUPDATERULE></SALESORDERUPDATELINESPARAMETERSENTITY><SALESORDERUPDATELINESPARAMETERSENTITY><SALESORDERHEADERFIELDNAME>DeliveryDate</SALESORDERHEADERFIELDNAME><SALESORDERLINEUPDATERULE>Prompt</SALESORDERLINEUPDATERULE></SALESORDERUPDATELINESPARAMETERSENTITY><SALESORDERUPDATELINESPARAMETERSENTITY><SALESORDERHEADERFIELDNAME>DlvMode</SALESORDERHEADERFIELDNAME><SALESORDERLINEUPDATERULE>Prompt</SALESORDERLINEUPDATERULE></SALESORDERUPDATELINESPARAMETERSENTITY><SALESORDERUPDATELINESPARAMETERSENTITY><SALESORDERHEADERFIELDNAME>DlvTerm</SALESORDERHEADERFIELDNAME><SALESORDERLINEUPDATERULE>Prompt</SALESORDERLINEUPDATERULE></SALESORDERUPDATELINESPARAMETERSENTITY><SALESORDERUPDATELINESPARAMETERSENTITY><SALESORDERHEADERFIELDNAME>InventLocationId</SALESORDERHEADERFIELDNAME><SALESORDERLINEUPDATERULE>Prompt</SALESORDERLINEUPDATERULE></SALESORDERUPDATELINESPARAMETERSENTITY><SALESORDERUPDATELINESPARAMETERSENTITY><SALESORDERHEADERFIELDNAME>LanguageId</SALESORDERHEADERFIELDNAME><SALESORDERLINEUPDATERULE>Prompt</SALESORDERLINEUPDATERULE></SALESORDERUPDATELINESPARAMETERSENTITY><SALESORDERUPDATELINESPARAMETERSENTITY><SALESORDERHEADERFIELDNAME>LineDisc</SALESORDERHEADERFIELDNAME><SALESORDERLINEUPDATERULE>Prompt</SALESORDERLINEUPDATERULE></SALESORDERUPDATELINESPARAMETERSENTITY><SALESORDERUPDATELINESPARAMETERSENTITY><SALESORDERHEADERFIELDNAME>MarkupGroup</SALESORDERHEADERFIELDNAME><SALESORDERLINEUPDATERULE>Prompt</SALESORDERLINEUPDATERULE></SALESORDERUPDATELINESPARAMETERSENTITY><SALESORDERUPDATELINESPARAMETERSENTITY><SALESORDERHEADERFIELDNAME>PriceGroupId</SALESORDERHEADERFIELDNAME><SALESORDERLINEUPDATERULE>Prompt</SALESORDERLINEUPDATERULE></SALESORDERUPDATELINESPARAMETERSENTITY><SALESORDERUPDATELINESPARAMETERSENTITY><SALESORDERHEADERFIELDNAME>Reservation</SALESORDERHEADERFIELDNAME><SALESORDERLINEUPDATERULE>Prompt</SALESORDERLINEUPDATERULE></SALESORDERUPDATELINESPARAMETERSENTITY><SALESORDERUPDATELINESPARAMETERSENTITY><SALESORDERHEADERFIELDNAME>SalesGroup</SALESORDERHEADERFIELDNAME><SALESORDERLINEUPDATERULE>Prompt</SALESORDERLINEUPDATERULE></SALESORDERUPDATELINESPARAMETERSENTITY><SALESORDERUPDATELINESPARAMETERSENTITY><SALESORDERHEADERFIELDNAME>TaxGroup</SALESORDERHEADERFIELDNAME><SALESORDERLINEUPDATERULE>Prompt</SALESORDERLINEUPDATERULE></SALESORDERUPDATELINESPARAMETERSENTITY></Document>