﻿<?xml version="1.0" encoding="utf-8"?><Document><SALESDOCUMENTENTRYPOLICYENTITY><ACCEPTABLEPRICEMARGINPERCENTAGE>50.000000</ACCEPTABLEPRICEMARGINPERCENTAGE><ARENOTETYPEDOCUMENTATTACHMENTSCOPIED>No</ARENOTETYPEDOCUMENTATTACHMENTSCOPIED><BASESALESPRICECONVERSIONEXCHANGERATETYPENAME>Faerûn</BASESALESPRICECONVERSIONEXCHANGERATETYPENAME><BASESALESPRICEGENERICCURRENCYCODE>FSD</BASESALESPRICEGENERICCURRENCYCODE><DELIVERYDATECTPCALCULATEONADDLINES>No</DELIVERYDATECTPCALCULATEONADDLINES><DELIVERYDATECTPRECALCULATEONUPDATE>No</DELIVERYDATECTPRECALCULATEONUPDATE><GENERALATPBACKWARDDEMANDTIMEFENCEDAYS>0</GENERALATPBACKWARDDEMANDTIMEFENCEDAYS><GENERALATPBACKWARDSUPPLYTIMEFENCEDAYS>0</GENERALATPBACKWARDSUPPLYTIMEFENCEDAYS><GENERALATPDELAYEDDEMANDOFFSETDAYS>0</GENERALATPDELAYEDDEMANDOFFSETDAYS><GENERALATPDELAYEDSUPPLYOFFSETDAYS>0</GENERALATPDELAYEDSUPPLYOFFSETDAYS><GENERALATPTIMEFENCEDAYS>0</GENERALATPTIMEFENCEDAYS><GENERALSALESLEADTIMEDAYS>0</GENERALSALESLEADTIMEDAYS><GENERALSALESORDERPROMISINGMETHOD>None</GENERALSALESORDERPROMISINGMETHOD><INVOICEDSALESORDERMAINTENANCERULE>None</INVOICEDSALESORDERMAINTENANCERULE><ISCUSTOMERINFORMATIONTRANSFERBEINGPROMPTED>Yes</ISCUSTOMERINFORMATIONTRANSFERBEINGPROMPTED><ISSALESORDERPROMISSINGUSINGWORKINGDAYS>No</ISSALESORDERPROMISSINGUSINGWORKINGDAYS><ISSALESPRODUCTLISTBEINGPROMPTED>No</ISSALESPRODUCTLISTBEINGPROMPTED><LINELEVELDISCOUNTCALCULATIONRULE>Linie</LINELEVELDISCOUNTCALCULATIONRULE><ONHOLDSALESORDERDISPLAYEDRGBCOLOR>15695696</ONHOLDSALESORDERDISPLAYEDRGBCOLOR><QUESTIONABLEPRICEMARGINPERCENTAGE>20.000000</QUESTIONABLEPRICEMARGINPERCENTAGE><SALESORDERHOLDCOMMENTDOCUMENTATTACHMENTTYPECODE>Note</SALESORDERHOLDCOMMENTDOCUMENTATTACHMENTTYPECODE><SALESORDERLINEDELIVERYDATEUPDATERULE>RevertDeliveryDateControl</SALESORDERLINEDELIVERYDATEUPDATERULE><TRADEAGREEMENTSEARCHDATETYPE>Today</TRADEAGREEMENTSEARCHDATETYPE><WILLBASESALESPRICECONVERSIONAPPLYSMARTROUNDINGRULES>No</WILLBASESALESPRICECONVERSIONAPPLYSMARTROUNDINGRULES><WILLDOCUMENTENTRYAUTOMATICALLYALLOCATEHEADERLEVELCHARGES>Yes</WILLDOCUMENTENTRYAUTOMATICALLYALLOCATEHEADERLEVELCHARGES><WILLDOCUMENTENTRYAUTOMATICALLYALLOCATELINELEVELCHARGES>Yes</WILLDOCUMENTENTRYAUTOMATICALLYALLOCATELINELEVELCHARGES><WILLDOCUMENTENTRYDISPLAYPRICEMARGINALERTS>Yes</WILLDOCUMENTENTRYDISPLAYPRICEMARGINALERTS><WILLSALESORDERDELETIONVOIDORDER>No</WILLSALESORDERDELETIONVOIDORDER></SALESDOCUMENTENTRYPOLICYENTITY></Document>