﻿<?xml version="1.0" encoding="utf-8"?><Document><SALESPRICESMARTROUNDINGVERSIONRULEENTITY><FROMUNITPRICE>0.000000</FROMUNITPRICE><ROUNDINGDOWNLIMITPOINT></ROUNDINGDOWNLIMITPOINT><ROUNDINGSYNTAX>#.95</ROUNDINGSYNTAX><ROUNDINGUPLIMITPOINT>#.75</ROUNDINGUPLIMITPOINT><SALESPRICESMARTROUNDINGVERSIONID>95</SALESPRICESMARTROUNDINGVERSIONID><TOUNITPRICE>1.950000</TOUNITPRICE></SALESPRICESMARTROUNDINGVERSIONRULEENTITY><SALESPRICESMARTROUNDINGVERSIONRULEENTITY><FROMUNITPRICE>1.950000</FROMUNITPRICE><ROUNDINGDOWNLIMITPOINT></ROUNDINGDOWNLIMITPOINT><ROUNDINGSYNTAX>#.95</ROUNDINGSYNTAX><ROUNDINGUPLIMITPOINT>#.951</ROUNDINGUPLIMITPOINT><SALESPRICESMARTROUNDINGVERSIONID>95</SALESPRICESMARTROUNDINGVERSIONID><TOUNITPRICE>29.950000</TOUNITPRICE></SALESPRICESMARTROUNDINGVERSIONRULEENTITY><SALESPRICESMARTROUNDINGVERSIONRULEENTITY><FROMUNITPRICE>29.950000</FROMUNITPRICE><ROUNDINGDOWNLIMITPOINT></ROUNDINGDOWNLIMITPOINT><ROUNDINGSYNTAX>#9.95</ROUNDINGSYNTAX><ROUNDINGUPLIMITPOINT>#4</ROUNDINGUPLIMITPOINT><SALESPRICESMARTROUNDINGVERSIONID>95</SALESPRICESMARTROUNDINGVERSIONID><TOUNITPRICE>149.950000</TOUNITPRICE></SALESPRICESMARTROUNDINGVERSIONRULEENTITY><SALESPRICESMARTROUNDINGVERSIONRULEENTITY><FROMUNITPRICE>149.950000</FROMUNITPRICE><ROUNDINGDOWNLIMITPOINT></ROUNDINGDOWNLIMITPOINT><ROUNDINGSYNTAX>#95</ROUNDINGSYNTAX><ROUNDINGUPLIMITPOINT>#75</ROUNDINGUPLIMITPOINT><SALESPRICESMARTROUNDINGVERSIONID>95</SALESPRICESMARTROUNDINGVERSIONID><TOUNITPRICE>9995.000000</TOUNITPRICE></SALESPRICESMARTROUNDINGVERSIONRULEENTITY><SALESPRICESMARTROUNDINGVERSIONRULEENTITY><FROMUNITPRICE>9995.000000</FROMUNITPRICE><ROUNDINGDOWNLIMITPOINT></ROUNDINGDOWNLIMITPOINT><ROUNDINGSYNTAX>#95</ROUNDINGSYNTAX><ROUNDINGUPLIMITPOINT>#50</ROUNDINGUPLIMITPOINT><SALESPRICESMARTROUNDINGVERSIONID>95</SALESPRICESMARTROUNDINGVERSIONID><TOUNITPRICE>10000000000000.000000</TOUNITPRICE></SALESPRICESMARTROUNDINGVERSIONRULEENTITY></Document>