﻿<?xml version="1.0" encoding="utf-8"?><Document><SMMSALESDISTRICTENTITY><DISTRICTDESCRIPTION>Aglarond</DISTRICTDESCRIPTION><DISTRICTID>Aglarond</DISTRICTID></SMMSALESDISTRICTENTITY><SMMSALESDISTRICTENTITY><DISTRICTDESCRIPTION>Altumbel</DISTRICTDESCRIPTION><DISTRICTID>Altumbel</DISTRICTID></SMMSALESDISTRICTENTITY><SMMSALESDISTRICTENTITY><DISTRICTDESCRIPTION>Amn</DISTRICTDESCRIPTION><DISTRICTID>Amn</DISTRICTID></SMMSALESDISTRICTENTITY><SMMSALESDISTRICTENTITY><DISTRICTDESCRIPTION>Anauroch</DISTRICTDESCRIPTION><DISTRICTID>Anauroch</DISTRICTID></SMMSALESDISTRICTENTITY><SMMSALESDISTRICTENTITY><DISTRICTDESCRIPTION><![CDATA[Baldur's Gate]]></DISTRICTDESCRIPTION><DISTRICTID><![CDATA[Baldur's Gate]]></DISTRICTID></SMMSALESDISTRICTENTITY><SMMSALESDISTRICTENTITY><DISTRICTDESCRIPTION>Calimshan</DISTRICTDESCRIPTION><DISTRICTID>Calimshan</DISTRICTID></SMMSALESDISTRICTENTITY><SMMSALESDISTRICTENTITY><DISTRICTDESCRIPTION>Chessenta</DISTRICTDESCRIPTION><DISTRICTID>Chessenta</DISTRICTID></SMMSALESDISTRICTENTITY><SMMSALESDISTRICTENTITY><DISTRICTDESCRIPTION>Chondalwood</DISTRICTDESCRIPTION><DISTRICTID>Chondalwood</DISTRICTID></SMMSALESDISTRICTENTITY><SMMSALESDISTRICTENTITY><DISTRICTDESCRIPTION>Chondath</DISTRICTDESCRIPTION><DISTRICTID>Chondath</DISTRICTID></SMMSALESDISTRICTENTITY><SMMSALESDISTRICTENTITY><DISTRICTDESCRIPTION>Chult</DISTRICTDESCRIPTION><DISTRICTID>Chult</DISTRICTID></SMMSALESDISTRICTENTITY><SMMSALESDISTRICTENTITY><DISTRICTDESCRIPTION>Cormyr</DISTRICTDESCRIPTION><DISTRICTID>Cormyr</DISTRICTID></SMMSALESDISTRICTENTITY><SMMSALESDISTRICTENTITY><DISTRICTDESCRIPTION>Damara</DISTRICTDESCRIPTION><DISTRICTID>Damara</DISTRICTID></SMMSALESDISTRICTENTITY><SMMSALESDISTRICTENTITY><DISTRICTDESCRIPTION>Dambrath</DISTRICTDESCRIPTION><DISTRICTID>Dambrath</DISTRICTID></SMMSALESDISTRICTENTITY><SMMSALESDISTRICTENTITY><DISTRICTDESCRIPTION>East Region</DISTRICTDESCRIPTION><DISTRICTID>East</DISTRICTID></SMMSALESDISTRICTENTITY><SMMSALESDISTRICTENTITY><DISTRICTDESCRIPTION>Evereska</DISTRICTDESCRIPTION><DISTRICTID>Evereska</DISTRICTID></SMMSALESDISTRICTENTITY><SMMSALESDISTRICTENTITY><DISTRICTDESCRIPTION>Great Bhaerynden</DISTRICTDESCRIPTION><DISTRICTID>Great Bhaerynden</DISTRICTID></SMMSALESDISTRICTENTITY><SMMSALESDISTRICTENTITY><DISTRICTDESCRIPTION>Halruaa</DISTRICTDESCRIPTION><DISTRICTID>Halruaa</DISTRICTID></SMMSALESDISTRICTENTITY><SMMSALESDISTRICTENTITY><DISTRICTDESCRIPTION>High Imaskar</DISTRICTDESCRIPTION><DISTRICTID>High Imaskar</DISTRICTID></SMMSALESDISTRICTENTITY><SMMSALESDISTRICTENTITY><DISTRICTDESCRIPTION>Hlondeth</DISTRICTDESCRIPTION><DISTRICTID>Hlondeth</DISTRICTID></SMMSALESDISTRICTENTITY><SMMSALESDISTRICTENTITY><DISTRICTDESCRIPTION>Icewind Dale</DISTRICTDESCRIPTION><DISTRICTID>Icewind Dale</DISTRICTID></SMMSALESDISTRICTENTITY><SMMSALESDISTRICTENTITY><DISTRICTDESCRIPTION>Impiltur</DISTRICTDESCRIPTION><DISTRICTID>Impiltur</DISTRICTID></SMMSALESDISTRICTENTITY><SMMSALESDISTRICTENTITY><DISTRICTDESCRIPTION>Interior Region</DISTRICTDESCRIPTION><DISTRICTID>Interior</DISTRICTID></SMMSALESDISTRICTENTITY><SMMSALESDISTRICTENTITY><DISTRICTDESCRIPTION>Lantan</DISTRICTDESCRIPTION><DISTRICTID>Lantan</DISTRICTID></SMMSALESDISTRICTENTITY><SMMSALESDISTRICTENTITY><DISTRICTDESCRIPTION>Lapaliiya</DISTRICTDESCRIPTION><DISTRICTID>Lapaliiya</DISTRICTID></SMMSALESDISTRICTENTITY><SMMSALESDISTRICTENTITY><DISTRICTDESCRIPTION>Lurien</DISTRICTDESCRIPTION><DISTRICTID>Lurien</DISTRICTID></SMMSALESDISTRICTENTITY><SMMSALESDISTRICTENTITY><DISTRICTDESCRIPTION>Mithral Hall</DISTRICTDESCRIPTION><DISTRICTID>Mithral Hall</DISTRICTID></SMMSALESDISTRICTENTITY><SMMSALESDISTRICTENTITY><DISTRICTDESCRIPTION>Mulhorand</DISTRICTDESCRIPTION><DISTRICTID>Mulhorand</DISTRICTID></SMMSALESDISTRICTENTITY><SMMSALESDISTRICTENTITY><DISTRICTDESCRIPTION>Murghôm</DISTRICTDESCRIPTION><DISTRICTID>Murghôm</DISTRICTID></SMMSALESDISTRICTENTITY><SMMSALESDISTRICTENTITY><DISTRICTDESCRIPTION>Narfell</DISTRICTDESCRIPTION><DISTRICTID>Narfell</DISTRICTID></SMMSALESDISTRICTENTITY><SMMSALESDISTRICTENTITY><DISTRICTDESCRIPTION>Neverwinter</DISTRICTDESCRIPTION><DISTRICTID>Neverwinter</DISTRICTID></SMMSALESDISTRICTENTITY><SMMSALESDISTRICTENTITY><DISTRICTDESCRIPTION>Nimbral</DISTRICTDESCRIPTION><DISTRICTID>Nimbral</DISTRICTID></SMMSALESDISTRICTENTITY><SMMSALESDISTRICTENTITY><DISTRICTDESCRIPTION>North Region</DISTRICTDESCRIPTION><DISTRICTID>North</DISTRICTID></SMMSALESDISTRICTENTITY><SMMSALESDISTRICTENTITY><DISTRICTDESCRIPTION>North East Region</DISTRICTDESCRIPTION><DISTRICTID>North East</DISTRICTID></SMMSALESDISTRICTENTITY><SMMSALESDISTRICTENTITY><DISTRICTDESCRIPTION>North West Region</DISTRICTDESCRIPTION><DISTRICTID>North West</DISTRICTID></SMMSALESDISTRICTENTITY><SMMSALESDISTRICTENTITY><DISTRICTDESCRIPTION>Okoth</DISTRICTDESCRIPTION><DISTRICTID>Okoth</DISTRICTID></SMMSALESDISTRICTENTITY><SMMSALESDISTRICTENTITY><DISTRICTDESCRIPTION>Old Shanatar</DISTRICTDESCRIPTION><DISTRICTID>Old Shanatar</DISTRICTID></SMMSALESDISTRICTENTITY><SMMSALESDISTRICTENTITY><DISTRICTDESCRIPTION>Rashemen</DISTRICTDESCRIPTION><DISTRICTID>Rashemen</DISTRICTID></SMMSALESDISTRICTENTITY><SMMSALESDISTRICTENTITY><DISTRICTDESCRIPTION>Samarach</DISTRICTDESCRIPTION><DISTRICTID>Samarach</DISTRICTID></SMMSALESDISTRICTENTITY><SMMSALESDISTRICTENTITY><DISTRICTDESCRIPTION>Sembia</DISTRICTDESCRIPTION><DISTRICTID>Sembia</DISTRICTID></SMMSALESDISTRICTENTITY><SMMSALESDISTRICTENTITY><DISTRICTDESCRIPTION>Sespech</DISTRICTDESCRIPTION><DISTRICTID>Sespech</DISTRICTID></SMMSALESDISTRICTENTITY><SMMSALESDISTRICTENTITY><DISTRICTDESCRIPTION>South Region</DISTRICTDESCRIPTION><DISTRICTID>South</DISTRICTID></SMMSALESDISTRICTENTITY><SMMSALESDISTRICTENTITY><DISTRICTDESCRIPTION>South East Region</DISTRICTDESCRIPTION><DISTRICTID>South East</DISTRICTID></SMMSALESDISTRICTENTITY><SMMSALESDISTRICTENTITY><DISTRICTDESCRIPTION>South West Region</DISTRICTDESCRIPTION><DISTRICTID>South West</DISTRICTID></SMMSALESDISTRICTENTITY><SMMSALESDISTRICTENTITY><DISTRICTDESCRIPTION>Tashalar</DISTRICTDESCRIPTION><DISTRICTID>Tashalar</DISTRICTID></SMMSALESDISTRICTENTITY><SMMSALESDISTRICTENTITY><DISTRICTDESCRIPTION>Tethyr</DISTRICTDESCRIPTION><DISTRICTID>Tethyr</DISTRICTID></SMMSALESDISTRICTENTITY><SMMSALESDISTRICTENTITY><DISTRICTDESCRIPTION>Tharsuldeep</DISTRICTDESCRIPTION><DISTRICTID>Tharsuldeep</DISTRICTID></SMMSALESDISTRICTENTITY><SMMSALESDISTRICTENTITY><DISTRICTDESCRIPTION>Thay</DISTRICTDESCRIPTION><DISTRICTID>Thay</DISTRICTID></SMMSALESDISTRICTENTITY><SMMSALESDISTRICTENTITY><DISTRICTDESCRIPTION>The Border Kingdoms</DISTRICTDESCRIPTION><DISTRICTID>The Border Kingdoms</DISTRICTID></SMMSALESDISTRICTENTITY><SMMSALESDISTRICTENTITY><DISTRICTDESCRIPTION>The Buried Realms</DISTRICTDESCRIPTION><DISTRICTID>The Buried Realms</DISTRICTID></SMMSALESDISTRICTENTITY><SMMSALESDISTRICTENTITY><DISTRICTDESCRIPTION>The Dalelands</DISTRICTDESCRIPTION><DISTRICTID>The Dalelands</DISTRICTID></SMMSALESDISTRICTENTITY><SMMSALESDISTRICTENTITY><DISTRICTDESCRIPTION>The Darklands</DISTRICTDESCRIPTION><DISTRICTID>The Darklands</DISTRICTID></SMMSALESDISTRICTENTITY><SMMSALESDISTRICTENTITY><DISTRICTDESCRIPTION>The Deep Wastes</DISTRICTDESCRIPTION><DISTRICTID>The Deep Wastes</DISTRICTID></SMMSALESDISTRICTENTITY><SMMSALESDISTRICTENTITY><DISTRICTDESCRIPTION>The Dragon Coast</DISTRICTDESCRIPTION><DISTRICTID>The Dragon Coast</DISTRICTID></SMMSALESDISTRICTENTITY><SMMSALESDISTRICTENTITY><DISTRICTDESCRIPTION>The Earthroot</DISTRICTDESCRIPTION><DISTRICTID>The Earthroot</DISTRICTID></SMMSALESDISTRICTENTITY><SMMSALESDISTRICTENTITY><DISTRICTDESCRIPTION>The Firelands</DISTRICTDESCRIPTION><DISTRICTID>The Firelands</DISTRICTID></SMMSALESDISTRICTENTITY><SMMSALESDISTRICTENTITY><DISTRICTDESCRIPTION>The Glimmersea</DISTRICTDESCRIPTION><DISTRICTID>The Glimmersea</DISTRICTID></SMMSALESDISTRICTENTITY><SMMSALESDISTRICTENTITY><DISTRICTDESCRIPTION>The Great Dale</DISTRICTDESCRIPTION><DISTRICTID>The Great Dale</DISTRICTID></SMMSALESDISTRICTENTITY><SMMSALESDISTRICTENTITY><DISTRICTDESCRIPTION>The Great Rift</DISTRICTDESCRIPTION><DISTRICTID>The Great Rift</DISTRICTID></SMMSALESDISTRICTENTITY><SMMSALESDISTRICTENTITY><DISTRICTDESCRIPTION>The High Forest</DISTRICTDESCRIPTION><DISTRICTID>The High Forest</DISTRICTID></SMMSALESDISTRICTENTITY><SMMSALESDISTRICTENTITY><DISTRICTDESCRIPTION>The Hordelands</DISTRICTDESCRIPTION><DISTRICTID>The Hordelands</DISTRICTID></SMMSALESDISTRICTENTITY><SMMSALESDISTRICTENTITY><DISTRICTDESCRIPTION>The Lake of Steam</DISTRICTDESCRIPTION><DISTRICTID>The Lake of Steam</DISTRICTID></SMMSALESDISTRICTENTITY><SMMSALESDISTRICTENTITY><DISTRICTDESCRIPTION>The Moonsea</DISTRICTDESCRIPTION><DISTRICTID>The Moonsea</DISTRICTID></SMMSALESDISTRICTENTITY><SMMSALESDISTRICTENTITY><DISTRICTDESCRIPTION>The moonshae Isles</DISTRICTDESCRIPTION><DISTRICTID>The moonshae Isles</DISTRICTID></SMMSALESDISTRICTENTITY><SMMSALESDISTRICTENTITY><DISTRICTDESCRIPTION>The Nelanther Isles</DISTRICTDESCRIPTION><DISTRICTID>The Nelanther Isles</DISTRICTID></SMMSALESDISTRICTENTITY><SMMSALESDISTRICTENTITY><DISTRICTDESCRIPTION>The Northdark</DISTRICTDESCRIPTION><DISTRICTID>The Northdark</DISTRICTID></SMMSALESDISTRICTENTITY><SMMSALESDISTRICTENTITY><DISTRICTDESCRIPTION>The Pirate Isles</DISTRICTDESCRIPTION><DISTRICTID>The Pirate Isles</DISTRICTID></SMMSALESDISTRICTENTITY><SMMSALESDISTRICTENTITY><DISTRICTDESCRIPTION>The Ride</DISTRICTDESCRIPTION><DISTRICTID>The Ride</DISTRICTID></SMMSALESDISTRICTENTITY><SMMSALESDISTRICTENTITY><DISTRICTDESCRIPTION>The Serpent Deeps</DISTRICTDESCRIPTION><DISTRICTID>The Serpent Deeps</DISTRICTID></SMMSALESDISTRICTENTITY><SMMSALESDISTRICTENTITY><DISTRICTDESCRIPTION>The Shaar</DISTRICTDESCRIPTION><DISTRICTID>The Shaar</DISTRICTID></SMMSALESDISTRICTENTITY><SMMSALESDISTRICTENTITY><DISTRICTDESCRIPTION>The Shining Lands</DISTRICTDESCRIPTION><DISTRICTID>The Shining Lands</DISTRICTID></SMMSALESDISTRICTENTITY><SMMSALESDISTRICTENTITY><DISTRICTDESCRIPTION>The Shining Plains</DISTRICTDESCRIPTION><DISTRICTID>The Shining Plains</DISTRICTID></SMMSALESDISTRICTENTITY><SMMSALESDISTRICTENTITY><DISTRICTDESCRIPTION>The Silver Marches</DISTRICTDESCRIPTION><DISTRICTID>The Silver Marches</DISTRICTID></SMMSALESDISTRICTENTITY><SMMSALESDISTRICTENTITY><DISTRICTDESCRIPTION>The Sword Coast</DISTRICTDESCRIPTION><DISTRICTID>The Sword Coast</DISTRICTID></SMMSALESDISTRICTENTITY><SMMSALESDISTRICTENTITY><DISTRICTDESCRIPTION>The Utter East</DISTRICTDESCRIPTION><DISTRICTID>The Utter East</DISTRICTID></SMMSALESDISTRICTENTITY><SMMSALESDISTRICTENTITY><DISTRICTDESCRIPTION>The Vast</DISTRICTDESCRIPTION><DISTRICTID>The Vast</DISTRICTID></SMMSALESDISTRICTENTITY><SMMSALESDISTRICTENTITY><DISTRICTDESCRIPTION>The Western Heartlands</DISTRICTDESCRIPTION><DISTRICTID>The Western Heartlan</DISTRICTID></SMMSALESDISTRICTENTITY><SMMSALESDISTRICTENTITY><DISTRICTDESCRIPTION>Thesk</DISTRICTDESCRIPTION><DISTRICTID>Thesk</DISTRICTID></SMMSALESDISTRICTENTITY><SMMSALESDISTRICTENTITY><DISTRICTDESCRIPTION>Thindol</DISTRICTDESCRIPTION><DISTRICTID>Thindol</DISTRICTID></SMMSALESDISTRICTENTITY><SMMSALESDISTRICTENTITY><DISTRICTDESCRIPTION>Turmish</DISTRICTDESCRIPTION><DISTRICTID>Turmish</DISTRICTID></SMMSALESDISTRICTENTITY><SMMSALESDISTRICTENTITY><DISTRICTDESCRIPTION>Tymanther</DISTRICTDESCRIPTION><DISTRICTID>Tymanther</DISTRICTID></SMMSALESDISTRICTENTITY><SMMSALESDISTRICTENTITY><DISTRICTDESCRIPTION>Ulgarth</DISTRICTDESCRIPTION><DISTRICTID>Ulgarth</DISTRICTID></SMMSALESDISTRICTENTITY><SMMSALESDISTRICTENTITY><DISTRICTDESCRIPTION>Underdark Region</DISTRICTDESCRIPTION><DISTRICTID>Underdark</DISTRICTID></SMMSALESDISTRICTENTITY><SMMSALESDISTRICTENTITY><DISTRICTDESCRIPTION>Unther</DISTRICTDESCRIPTION><DISTRICTID>Unther</DISTRICTID></SMMSALESDISTRICTENTITY><SMMSALESDISTRICTENTITY><DISTRICTDESCRIPTION>Vaasa</DISTRICTDESCRIPTION><DISTRICTID>Vaasa</DISTRICTID></SMMSALESDISTRICTENTITY><SMMSALESDISTRICTENTITY><DISTRICTDESCRIPTION>Veldorn</DISTRICTDESCRIPTION><DISTRICTID>Veldorn</DISTRICTID></SMMSALESDISTRICTENTITY><SMMSALESDISTRICTENTITY><DISTRICTDESCRIPTION>Waterdeep</DISTRICTDESCRIPTION><DISTRICTID>Waterdeep</DISTRICTID></SMMSALESDISTRICTENTITY><SMMSALESDISTRICTENTITY><DISTRICTDESCRIPTION>West Region</DISTRICTDESCRIPTION><DISTRICTID>West</DISTRICTID></SMMSALESDISTRICTENTITY></Document>