﻿<?xml version="1.0" encoding="utf-8"?><Document><SALESORDERSUMMARYUPDATECRITERIAENTITY><DOCUMENTSTATUS>Quotation</DOCUMENTSTATUS><FIELDNAME>CurrencyCode</FIELDNAME><TABLENAME>SalesTable</TABLENAME></SALESORDERSUMMARYUPDATECRITERIAENTITY><SALESORDERSUMMARYUPDATECRITERIAENTITY><DOCUMENTSTATUS>Quotation</DOCUMENTSTATUS><FIELDNAME>InvoiceAccount</FIELDNAME><TABLENAME>SalesTable</TABLENAME></SALESORDERSUMMARYUPDATECRITERIAENTITY><SALESORDERSUMMARYUPDATECRITERIAENTITY><DOCUMENTSTATUS>Confirmation</DOCUMENTSTATUS><FIELDNAME>CurrencyCode</FIELDNAME><TABLENAME>SalesTable</TABLENAME></SALESORDERSUMMARYUPDATECRITERIAENTITY><SALESORDERSUMMARYUPDATECRITERIAENTITY><DOCUMENTSTATUS>Confirmation</DOCUMENTSTATUS><FIELDNAME>InvoiceAccount</FIELDNAME><TABLENAME>SalesTable</TABLENAME></SALESORDERSUMMARYUPDATECRITERIAENTITY><SALESORDERSUMMARYUPDATECRITERIAENTITY><DOCUMENTSTATUS>PickingList</DOCUMENTSTATUS><FIELDNAME>CurrencyCode</FIELDNAME><TABLENAME>SalesTable</TABLENAME></SALESORDERSUMMARYUPDATECRITERIAENTITY><SALESORDERSUMMARYUPDATECRITERIAENTITY><DOCUMENTSTATUS>PickingList</DOCUMENTSTATUS><FIELDNAME>InvoiceAccount</FIELDNAME><TABLENAME>SalesTable</TABLENAME></SALESORDERSUMMARYUPDATECRITERIAENTITY><SALESORDERSUMMARYUPDATECRITERIAENTITY><DOCUMENTSTATUS>PackingSlip</DOCUMENTSTATUS><FIELDNAME>CurrencyCode</FIELDNAME><TABLENAME>SalesTable</TABLENAME></SALESORDERSUMMARYUPDATECRITERIAENTITY><SALESORDERSUMMARYUPDATECRITERIAENTITY><DOCUMENTSTATUS>PackingSlip</DOCUMENTSTATUS><FIELDNAME>InvoiceAccount</FIELDNAME><TABLENAME>SalesTable</TABLENAME></SALESORDERSUMMARYUPDATECRITERIAENTITY><SALESORDERSUMMARYUPDATECRITERIAENTITY><DOCUMENTSTATUS>Invoice</DOCUMENTSTATUS><FIELDNAME>CurrencyCode</FIELDNAME><TABLENAME>SalesTable</TABLENAME></SALESORDERSUMMARYUPDATECRITERIAENTITY><SALESORDERSUMMARYUPDATECRITERIAENTITY><DOCUMENTSTATUS>Invoice</DOCUMENTSTATUS><FIELDNAME>InvoiceAccount</FIELDNAME><TABLENAME>SalesTable</TABLENAME></SALESORDERSUMMARYUPDATECRITERIAENTITY><SALESORDERSUMMARYUPDATECRITERIAENTITY><DOCUMENTSTATUS>Invoice4Paym_RU</DOCUMENTSTATUS><FIELDNAME>CurrencyCode</FIELDNAME><TABLENAME>SalesTable</TABLENAME></SALESORDERSUMMARYUPDATECRITERIAENTITY><SALESORDERSUMMARYUPDATECRITERIAENTITY><DOCUMENTSTATUS>Invoice4Paym_RU</DOCUMENTSTATUS><FIELDNAME>InvoiceAccount</FIELDNAME><TABLENAME>SalesTable</TABLENAME></SALESORDERSUMMARYUPDATECRITERIAENTITY></Document>