﻿<?xml version="1.0" encoding="utf-8"?><Document><INVENTOPERATIONALSITEV2ENTITY><DEFAULTINVENTORYSTATUSID>AVAILABLE</DEFAULTINVENTORYSTATUSID><FORMATTEDPRIMARYADDRESS>Waterdeep,SC 
FAE</FORMATTEDPRIMARYADDRESS><INVENTSITEDEFAULTDIMENSIONDISPLAYVALUE></INVENTSITEDEFAULTDIMENSIONDISPLAYVALUE><ISPRIMARYADDRESSASSIGNED>Yes</ISPRIMARYADDRESSASSIGNED><ISRECEIVINGWAREHOUSEOVERRIDEALLOWED>No</ISRECEIVINGWAREHOUSEOVERRIDEALLOWED><ORDERENTRYDEADLINEGROUPID></ORDERENTRYDEADLINEGROUPID><PRIMARYADDRESSBUILDINGCOMPLIMENT></PRIMARYADDRESSBUILDINGCOMPLIMENT><PRIMARYADDRESSCITY>Waterdeep</PRIMARYADDRESSCITY><PRIMARYADDRESSCOUNTRYREGIONID>FAE</PRIMARYADDRESSCOUNTRYREGIONID><PRIMARYADDRESSCOUNTYID></PRIMARYADDRESSCOUNTYID><PRIMARYADDRESSDESCRIPTION>Waterdeep</PRIMARYADDRESSDESCRIPTION><PRIMARYADDRESSDISTRICTNAME></PRIMARYADDRESSDISTRICTNAME><PRIMARYADDRESSLATITUDE>0.0000000000</PRIMARYADDRESSLATITUDE><PRIMARYADDRESSLOCATIONROLES>Delivery</PRIMARYADDRESSLOCATIONROLES><PRIMARYADDRESSLOCATIONSALESTAXGROUPCODE></PRIMARYADDRESSLOCATIONSALESTAXGROUPCODE><PRIMARYADDRESSLONGITUDE>0.0000000000</PRIMARYADDRESSLONGITUDE><PRIMARYADDRESSPOSTBOX></PRIMARYADDRESSPOSTBOX><PRIMARYADDRESSSTATEID>SC</PRIMARYADDRESSSTATEID><PRIMARYADDRESSSTREET></PRIMARYADDRESSSTREET><PRIMARYADDRESSSTREETNUMBER></PRIMARYADDRESSSTREETNUMBER><PRIMARYADDRESSTIMEZONE></PRIMARYADDRESSTIMEZONE><PRIMARYADDRESSZIPCODE></PRIMARYADDRESSZIPCODE><SITEID>WD</SITEID><SITENAME>Waterdeep</SITENAME><SITETIMEZONE>GMT_COORDINATEDUNIVERSALTIME</SITETIMEZONE><WILLMASTERPLANNEDINTRASITEMOVEMENTSUSETRANSFERJOURNALS>No</WILLMASTERPLANNEDINTRASITEMOVEMENTSUSETRANSFERJOURNALS></INVENTOPERATIONALSITEV2ENTITY></Document>