﻿<?xml version="1.0" encoding="utf-8"?><Document><INVENTOPERATIONALSITECURRENTPOSTALADDRESSV2ENTITY><ADDRESSBUILDINGCOMPLIMENT></ADDRESSBUILDINGCOMPLIMENT><ADDRESSCITY>Waterdeep</ADDRESSCITY><ADDRESSCOUNTRYREGIONID>FAE</ADDRESSCOUNTRYREGIONID><ADDRESSCOUNTYID></ADDRESSCOUNTYID><ADDRESSDESCRIPTION>Waterdeep</ADDRESSDESCRIPTION><ADDRESSDISTRICTNAME></ADDRESSDISTRICTNAME><ADDRESSLATITUDE>0.0000000000</ADDRESSLATITUDE><ADDRESSLOCATIONID>000000107</ADDRESSLOCATIONID><ADDRESSLOCATIONROLES>Delivery</ADDRESSLOCATIONROLES><ADDRESSLOCATIONSALESTAXGROUPCODE></ADDRESSLOCATIONSALESTAXGROUPCODE><ADDRESSLONGITUDE>0.0000000000</ADDRESSLONGITUDE><ADDRESSPOSTBOX></ADDRESSPOSTBOX><ADDRESSSTATEID>SC</ADDRESSSTATEID><ADDRESSSTREET></ADDRESSSTREET><ADDRESSSTREETNUMBER></ADDRESSSTREETNUMBER><ADDRESSTIMEZONE></ADDRESSTIMEZONE><ADDRESSZIPCODE></ADDRESSZIPCODE><FORMATTEDADDRESS>Waterdeep,SC 
FAE</FORMATTEDADDRESS><ISPRIMARYADDRESS>Yes</ISPRIMARYADDRESS><OPERATIONALSITEID>WD</OPERATIONALSITEID><OPERATIONALSITELEGALENTITYID>wdtc</OPERATIONALSITELEGALENTITYID></INVENTOPERATIONALSITECURRENTPOSTALADDRESSV2ENTITY></Document>