﻿<?xml version="1.0" encoding="utf-8"?><Document><ECORESPRODUCTSIZEENTITY><SIZEID></SIZEID></ECORESPRODUCTSIZEENTITY><ECORESPRODUCTSIZEENTITY><SIZEID>150GP</SIZEID></ECORESPRODUCTSIZEENTITY><ECORESPRODUCTSIZEENTITY><SIZEID>30 GAL</SIZEID></ECORESPRODUCTSIZEENTITY><ECORESPRODUCTSIZEENTITY><SIZEID>40 GAL</SIZEID></ECORESPRODUCTSIZEENTITY><ECORESPRODUCTSIZEENTITY><SIZEID>450GP</SIZEID></ECORESPRODUCTSIZEENTITY><ECORESPRODUCTSIZEENTITY><SIZEID>5 GAL</SIZEID></ECORESPRODUCTSIZEENTITY><ECORESPRODUCTSIZEENTITY><SIZEID>50 GAL</SIZEID></ECORESPRODUCTSIZEENTITY><ECORESPRODUCTSIZEENTITY><SIZEID>60 GAL</SIZEID></ECORESPRODUCTSIZEENTITY><ECORESPRODUCTSIZEENTITY><SIZEID>L</SIZEID></ECORESPRODUCTSIZEENTITY><ECORESPRODUCTSIZEENTITY><SIZEID>LARGE</SIZEID></ECORESPRODUCTSIZEENTITY><ECORESPRODUCTSIZEENTITY><SIZEID>LRG</SIZEID></ECORESPRODUCTSIZEENTITY><ECORESPRODUCTSIZEENTITY><SIZEID>M</SIZEID></ECORESPRODUCTSIZEENTITY><ECORESPRODUCTSIZEENTITY><SIZEID>MED</SIZEID></ECORESPRODUCTSIZEENTITY><ECORESPRODUCTSIZEENTITY><SIZEID>MEDIUM</SIZEID></ECORESPRODUCTSIZEENTITY><ECORESPRODUCTSIZEENTITY><SIZEID>S</SIZEID></ECORESPRODUCTSIZEENTITY><ECORESPRODUCTSIZEENTITY><SIZEID>SM</SIZEID></ECORESPRODUCTSIZEENTITY><ECORESPRODUCTSIZEENTITY><SIZEID>SMALL</SIZEID></ECORESPRODUCTSIZEENTITY><ECORESPRODUCTSIZEENTITY><SIZEID>SML</SIZEID></ECORESPRODUCTSIZEENTITY><ECORESPRODUCTSIZEENTITY><SIZEID>STANDARD</SIZEID></ECORESPRODUCTSIZEENTITY><ECORESPRODUCTSIZEENTITY><SIZEID>STD</SIZEID></ECORESPRODUCTSIZEENTITY><ECORESPRODUCTSIZEENTITY><SIZEID>THICK</SIZEID></ECORESPRODUCTSIZEENTITY><ECORESPRODUCTSIZEENTITY><SIZEID>THIN</SIZEID></ECORESPRODUCTSIZEENTITY><ECORESPRODUCTSIZEENTITY><SIZEID>THREAD</SIZEID></ECORESPRODUCTSIZEENTITY><ECORESPRODUCTSIZEENTITY><SIZEID>TWINE</SIZEID></ECORESPRODUCTSIZEENTITY><ECORESPRODUCTSIZEENTITY><SIZEID>XL</SIZEID></ECORESPRODUCTSIZEENTITY><ECORESPRODUCTSIZEENTITY><SIZEID>XLG</SIZEID></ECORESPRODUCTSIZEENTITY><ECORESPRODUCTSIZEENTITY><SIZEID>XSM</SIZEID></ECORESPRODUCTSIZEENTITY><ECORESPRODUCTSIZEENTITY><SIZEID>XX:</SIZEID></ECORESPRODUCTSIZEENTITY><ECORESPRODUCTSIZEENTITY><SIZEID>XXL</SIZEID></ECORESPRODUCTSIZEENTITY></Document>