﻿<?xml version="1.0" encoding="utf-8"?><Document><ECORESSTORAGEDIMENSIONGROUPENTITY><AREADVANCEDWAREHOUSEMANAGEMENTPROCESSESENABLED>No</AREADVANCEDWAREHOUSEMANAGEMENTPROCESSESENABLED><GROUPDESCRIPTION>Location</GROUPDESCRIPTION><GROUPNAME>LOCATION</GROUPNAME><ISBLANKISSUEALLOWEDFORLOCATION>No</ISBLANKISSUEALLOWEDFORLOCATION><ISBLANKRECEIPTALLOWEDFORLOCATION>No</ISBLANKRECEIPTALLOWEDFORLOCATION><ISFINANCIALINVENTORYENABLEDFORWAREHOUSE>No</ISFINANCIALINVENTORYENABLEDFORWAREHOUSE><ISLOCATIONACTIVE>Yes</ISLOCATIONACTIVE><ISPHYSICALINVENTORYENABLEDFORLOCATION>Yes</ISPHYSICALINVENTORYENABLEDFORLOCATION><ISPHYSICALINVENTORYENABLEDFORWAREHOUSE>Yes</ISPHYSICALINVENTORYENABLEDFORWAREHOUSE><ISWAREHOUSEMANDATORY>No</ISWAREHOUSEMANDATORY><ISWAREHOUSEPRIMARYSTORAGEDIMENSION>No</ISWAREHOUSEPRIMARYSTORAGEDIMENSION><WILLCOVERAGEPLANNINGUSEINVENTORYSTATUS>No</WILLCOVERAGEPLANNINGUSEINVENTORYSTATUS><WILLCOVERAGEPLANNINGUSELOCATION>No</WILLCOVERAGEPLANNINGUSELOCATION><WILLCOVERAGEPLANNINGUSEWAREHOUSE>Yes</WILLCOVERAGEPLANNINGUSEWAREHOUSE><WILLPURCHASEPRICESEARCHUSEINVENTORYSTATUS>No</WILLPURCHASEPRICESEARCHUSEINVENTORYSTATUS><WILLPURCHASEPRICESEARCHUSESITE>No</WILLPURCHASEPRICESEARCHUSESITE><WILLPURCHASEPRICESEARCHUSEWAREHOUSE>No</WILLPURCHASEPRICESEARCHUSEWAREHOUSE><WILLSALESPRICESEARCHUSEINVENTORYSTATUS>No</WILLSALESPRICESEARCHUSEINVENTORYSTATUS><WILLSALESPRICESEARCHUSESITE>No</WILLSALESPRICESEARCHUSESITE><WILLSALESPRICESEARCHUSEWAREHOUSE>No</WILLSALESPRICESEARCHUSEWAREHOUSE></ECORESSTORAGEDIMENSIONGROUPENTITY><ECORESSTORAGEDIMENSIONGROUPENTITY><AREADVANCEDWAREHOUSEMANAGEMENTPROCESSESENABLED>No</AREADVANCEDWAREHOUSEMANAGEMENTPROCESSESENABLED><GROUPDESCRIPTION>Site</GROUPDESCRIPTION><GROUPNAME>SITE</GROUPNAME><ISBLANKISSUEALLOWEDFORLOCATION>No</ISBLANKISSUEALLOWEDFORLOCATION><ISBLANKRECEIPTALLOWEDFORLOCATION>No</ISBLANKRECEIPTALLOWEDFORLOCATION><ISFINANCIALINVENTORYENABLEDFORWAREHOUSE>No</ISFINANCIALINVENTORYENABLEDFORWAREHOUSE><ISLOCATIONACTIVE>No</ISLOCATIONACTIVE><ISPHYSICALINVENTORYENABLEDFORLOCATION>No</ISPHYSICALINVENTORYENABLEDFORLOCATION><ISPHYSICALINVENTORYENABLEDFORWAREHOUSE>No</ISPHYSICALINVENTORYENABLEDFORWAREHOUSE><ISWAREHOUSEMANDATORY>No</ISWAREHOUSEMANDATORY><ISWAREHOUSEPRIMARYSTORAGEDIMENSION>No</ISWAREHOUSEPRIMARYSTORAGEDIMENSION><WILLCOVERAGEPLANNINGUSEINVENTORYSTATUS>No</WILLCOVERAGEPLANNINGUSEINVENTORYSTATUS><WILLCOVERAGEPLANNINGUSELOCATION>No</WILLCOVERAGEPLANNINGUSELOCATION><WILLCOVERAGEPLANNINGUSEWAREHOUSE>Yes</WILLCOVERAGEPLANNINGUSEWAREHOUSE><WILLPURCHASEPRICESEARCHUSEINVENTORYSTATUS>No</WILLPURCHASEPRICESEARCHUSEINVENTORYSTATUS><WILLPURCHASEPRICESEARCHUSESITE>No</WILLPURCHASEPRICESEARCHUSESITE><WILLPURCHASEPRICESEARCHUSEWAREHOUSE>No</WILLPURCHASEPRICESEARCHUSEWAREHOUSE><WILLSALESPRICESEARCHUSEINVENTORYSTATUS>No</WILLSALESPRICESEARCHUSEINVENTORYSTATUS><WILLSALESPRICESEARCHUSESITE>No</WILLSALESPRICESEARCHUSESITE><WILLSALESPRICESEARCHUSEWAREHOUSE>No</WILLSALESPRICESEARCHUSEWAREHOUSE></ECORESSTORAGEDIMENSIONGROUPENTITY><ECORESSTORAGEDIMENSIONGROUPENTITY><AREADVANCEDWAREHOUSEMANAGEMENTPROCESSESENABLED>No</AREADVANCEDWAREHOUSEMANAGEMENTPROCESSESENABLED><GROUPDESCRIPTION>Warehouse</GROUPDESCRIPTION><GROUPNAME>WH</GROUPNAME><ISBLANKISSUEALLOWEDFORLOCATION>No</ISBLANKISSUEALLOWEDFORLOCATION><ISBLANKRECEIPTALLOWEDFORLOCATION>No</ISBLANKRECEIPTALLOWEDFORLOCATION><ISFINANCIALINVENTORYENABLEDFORWAREHOUSE>No</ISFINANCIALINVENTORYENABLEDFORWAREHOUSE><ISLOCATIONACTIVE>No</ISLOCATIONACTIVE><ISPHYSICALINVENTORYENABLEDFORLOCATION>No</ISPHYSICALINVENTORYENABLEDFORLOCATION><ISPHYSICALINVENTORYENABLEDFORWAREHOUSE>No</ISPHYSICALINVENTORYENABLEDFORWAREHOUSE><ISWAREHOUSEMANDATORY>No</ISWAREHOUSEMANDATORY><ISWAREHOUSEPRIMARYSTORAGEDIMENSION>No</ISWAREHOUSEPRIMARYSTORAGEDIMENSION><WILLCOVERAGEPLANNINGUSEINVENTORYSTATUS>No</WILLCOVERAGEPLANNINGUSEINVENTORYSTATUS><WILLCOVERAGEPLANNINGUSELOCATION>No</WILLCOVERAGEPLANNINGUSELOCATION><WILLCOVERAGEPLANNINGUSEWAREHOUSE>Yes</WILLCOVERAGEPLANNINGUSEWAREHOUSE><WILLPURCHASEPRICESEARCHUSEINVENTORYSTATUS>No</WILLPURCHASEPRICESEARCHUSEINVENTORYSTATUS><WILLPURCHASEPRICESEARCHUSESITE>Yes</WILLPURCHASEPRICESEARCHUSESITE><WILLPURCHASEPRICESEARCHUSEWAREHOUSE>Yes</WILLPURCHASEPRICESEARCHUSEWAREHOUSE><WILLSALESPRICESEARCHUSEINVENTORYSTATUS>No</WILLSALESPRICESEARCHUSEINVENTORYSTATUS><WILLSALESPRICESEARCHUSESITE>Yes</WILLSALESPRICESEARCHUSESITE><WILLSALESPRICESEARCHUSEWAREHOUSE>No</WILLSALESPRICESEARCHUSEWAREHOUSE></ECORESSTORAGEDIMENSIONGROUPENTITY><ECORESSTORAGEDIMENSIONGROUPENTITY><AREADVANCEDWAREHOUSEMANAGEMENTPROCESSESENABLED>Yes</AREADVANCEDWAREHOUSEMANAGEMENTPROCESSESENABLED><GROUPDESCRIPTION>Warehouse Management</GROUPDESCRIPTION><GROUPNAME>WM</GROUPNAME><ISBLANKISSUEALLOWEDFORLOCATION>No</ISBLANKISSUEALLOWEDFORLOCATION><ISBLANKRECEIPTALLOWEDFORLOCATION>No</ISBLANKRECEIPTALLOWEDFORLOCATION><ISFINANCIALINVENTORYENABLEDFORWAREHOUSE>No</ISFINANCIALINVENTORYENABLEDFORWAREHOUSE><ISLOCATIONACTIVE>Yes</ISLOCATIONACTIVE><ISPHYSICALINVENTORYENABLEDFORLOCATION>Yes</ISPHYSICALINVENTORYENABLEDFORLOCATION><ISPHYSICALINVENTORYENABLEDFORWAREHOUSE>Yes</ISPHYSICALINVENTORYENABLEDFORWAREHOUSE><ISWAREHOUSEMANDATORY>No</ISWAREHOUSEMANDATORY><ISWAREHOUSEPRIMARYSTORAGEDIMENSION>Yes</ISWAREHOUSEPRIMARYSTORAGEDIMENSION><WILLCOVERAGEPLANNINGUSEINVENTORYSTATUS>No</WILLCOVERAGEPLANNINGUSEINVENTORYSTATUS><WILLCOVERAGEPLANNINGUSELOCATION>No</WILLCOVERAGEPLANNINGUSELOCATION><WILLCOVERAGEPLANNINGUSEWAREHOUSE>Yes</WILLCOVERAGEPLANNINGUSEWAREHOUSE><WILLPURCHASEPRICESEARCHUSEINVENTORYSTATUS>No</WILLPURCHASEPRICESEARCHUSEINVENTORYSTATUS><WILLPURCHASEPRICESEARCHUSESITE>Yes</WILLPURCHASEPRICESEARCHUSESITE><WILLPURCHASEPRICESEARCHUSEWAREHOUSE>Yes</WILLPURCHASEPRICESEARCHUSEWAREHOUSE><WILLSALESPRICESEARCHUSEINVENTORYSTATUS>No</WILLSALESPRICESEARCHUSEINVENTORYSTATUS><WILLSALESPRICESEARCHUSESITE>Yes</WILLSALESPRICESEARCHUSESITE><WILLSALESPRICESEARCHUSEWAREHOUSE>Yes</WILLSALESPRICESEARCHUSEWAREHOUSE></ECORESSTORAGEDIMENSIONGROUPENTITY></Document>