﻿<?xml version="1.0" encoding="utf-8"?><Document><ECORESPRODUCTSTYLEENTITY><STYLEID>APPLE</STYLEID></ECORESPRODUCTSTYLEENTITY><ECORESPRODUCTSTYLEENTITY><STYLEID>BARLEY</STYLEID></ECORESPRODUCTSTYLEENTITY><ECORESPRODUCTSTYLEENTITY><STYLEID>BEESWAX</STYLEID></ECORESPRODUCTSTYLEENTITY><ECORESPRODUCTSTYLEENTITY><STYLEID>BLACKBERRY</STYLEID></ECORESPRODUCTSTYLEENTITY><ECORESPRODUCTSTYLEENTITY><STYLEID>BRASS</STYLEID></ECORESPRODUCTSTYLEENTITY><ECORESPRODUCTSTYLEENTITY><STYLEID>BRONZE</STYLEID></ECORESPRODUCTSTYLEENTITY><ECORESPRODUCTSTYLEENTITY><STYLEID>BURGLAR</STYLEID></ECORESPRODUCTSTYLEENTITY><ECORESPRODUCTSTYLEENTITY><STYLEID>CANVAS</STYLEID></ECORESPRODUCTSTYLEENTITY><ECORESPRODUCTSTYLEENTITY><STYLEID>CERAMIC</STYLEID></ECORESPRODUCTSTYLEENTITY><ECORESPRODUCTSTYLEENTITY><STYLEID>CLOTH</STYLEID></ECORESPRODUCTSTYLEENTITY><ECORESPRODUCTSTYLEENTITY><STYLEID>CORN</STYLEID></ECORESPRODUCTSTYLEENTITY><ECORESPRODUCTSTYLEENTITY><STYLEID>COTTON</STYLEID></ECORESPRODUCTSTYLEENTITY><ECORESPRODUCTSTYLEENTITY><STYLEID>CRYSTAL</STYLEID></ECORESPRODUCTSTYLEENTITY><ECORESPRODUCTSTYLEENTITY><STYLEID>DIPLOMAT</STYLEID></ECORESPRODUCTSTYLEENTITY><ECORESPRODUCTSTYLEENTITY><STYLEID>ELDERBERRY</STYLEID></ECORESPRODUCTSTYLEENTITY><ECORESPRODUCTSTYLEENTITY><STYLEID>GLASS</STYLEID></ECORESPRODUCTSTYLEENTITY><ECORESPRODUCTSTYLEENTITY><STYLEID>GOOSEBERRY</STYLEID></ECORESPRODUCTSTYLEENTITY><ECORESPRODUCTSTYLEENTITY><STYLEID>GRAPE</STYLEID></ECORESPRODUCTSTYLEENTITY><ECORESPRODUCTSTYLEENTITY><STYLEID>IRON</STYLEID></ECORESPRODUCTSTYLEENTITY><ECORESPRODUCTSTYLEENTITY><STYLEID>LEATHER</STYLEID></ECORESPRODUCTSTYLEENTITY><ECORESPRODUCTSTYLEENTITY><STYLEID>LEMON</STYLEID></ECORESPRODUCTSTYLEENTITY><ECORESPRODUCTSTYLEENTITY><STYLEID>METAL</STYLEID></ECORESPRODUCTSTYLEENTITY><ECORESPRODUCTSTYLEENTITY><STYLEID>MINT</STYLEID></ECORESPRODUCTSTYLEENTITY><ECORESPRODUCTSTYLEENTITY><STYLEID>ORANGE</STYLEID></ECORESPRODUCTSTYLEENTITY><ECORESPRODUCTSTYLEENTITY><STYLEID>PLUM</STYLEID></ECORESPRODUCTSTYLEENTITY><ECORESPRODUCTSTYLEENTITY><STYLEID>PLUMB</STYLEID></ECORESPRODUCTSTYLEENTITY><ECORESPRODUCTSTYLEENTITY><STYLEID>RYE</STYLEID></ECORESPRODUCTSTYLEENTITY><ECORESPRODUCTSTYLEENTITY><STYLEID>SILVER</STYLEID></ECORESPRODUCTSTYLEENTITY><ECORESPRODUCTSTYLEENTITY><STYLEID>STANDARD</STYLEID></ECORESPRODUCTSTYLEENTITY><ECORESPRODUCTSTYLEENTITY><STYLEID>STEEL</STYLEID></ECORESPRODUCTSTYLEENTITY><ECORESPRODUCTSTYLEENTITY><STYLEID>STRAWBERRY</STYLEID></ECORESPRODUCTSTYLEENTITY><ECORESPRODUCTSTYLEENTITY><STYLEID>TOMATO</STYLEID></ECORESPRODUCTSTYLEENTITY><ECORESPRODUCTSTYLEENTITY><STYLEID>WHEAT</STYLEID></ECORESPRODUCTSTYLEENTITY><ECORESPRODUCTSTYLEENTITY><STYLEID>WICKER</STYLEID></ECORESPRODUCTSTYLEENTITY><ECORESPRODUCTSTYLEENTITY><STYLEID>WOODEN</STYLEID></ECORESPRODUCTSTYLEENTITY></Document>