﻿<?xml version="1.0" encoding="utf-8"?><Document><SMMTELEMARKETINGCANCELLATIONREASONENTITY><REASONCODE>CANCELLED</REASONCODE><REASONDESCRIPTION>Cancelled</REASONDESCRIPTION></SMMTELEMARKETINGCANCELLATIONREASONENTITY><SMMTELEMARKETINGCANCELLATIONREASONENTITY><REASONCODE>INTEREST</REASONCODE><REASONDESCRIPTION>Interest</REASONDESCRIPTION></SMMTELEMARKETINGCANCELLATIONREASONENTITY><SMMTELEMARKETINGCANCELLATIONREASONENTITY><REASONCODE>MISC</REASONCODE><REASONDESCRIPTION>Miscellaneous</REASONDESCRIPTION></SMMTELEMARKETINGCANCELLATIONREASONENTITY><SMMTELEMARKETINGCANCELLATIONREASONENTITY><REASONCODE>TECHNICAL</REASONCODE><REASONDESCRIPTION>Technical Problems</REASONDESCRIPTION></SMMTELEMARKETINGCANCELLATIONREASONENTITY></Document>