﻿<?xml version="1.0" encoding="utf-8"?><Document><INVENTTRACKINGNUMBERGROUPENTITY><GROUPCODE>BATCHDATE</GROUPCODE><GROUPNAME>Batch Numbering by Date</GROUPNAME><INVENTORYQUANTITYTRESHOLD>0.000000</INVENTORYQUANTITYTRESHOLD><ISACTIVATEDFORINVENTORY>Yes</ISACTIVATEDFORINVENTORY><ISACTIVATEDFORKANBAN>Yes</ISACTIVATEDFORKANBAN><ISACTIVATEDFORPRODUCTION>Yes</ISACTIVATEDFORPRODUCTION><ISACTIVATEDFORPURCHASE>Yes</ISACTIVATEDFORPURCHASE><ISACTIVATEDFORSALES>No</ISACTIVATEDFORSALES><ISEXPECTEDDATEINCLUDED>Yes</ISEXPECTEDDATEINCLUDED><ISLOTIDINCLUDED>No</ISLOTIDINCLUDED><ISNUMBERMANUALLYALLOCATED>No</ISNUMBERMANUALLYALLOCATED><ISNUMBERSEQUENCENUMBERINCLUDED>Yes</ISNUMBERSEQUENCENUMBERINCLUDED><ISONLYFORINVENTORYTRANSACTIONS>No</ISONLYFORINVENTORYTRANSACTIONS><ISREFERENCENUMBERINCLUDED>No</ISREFERENCENUMBERINCLUDED><NUMBERSEQUENCECODE>Inve_20</NUMBERSEQUENCECODE><NUMBERSEQUENCESCOPEDATAAREA>WDTC</NUMBERSEQUENCESCOPEDATAAREA><WILLPHYSICALUPDATEASSIGNNUMBER>No</WILLPHYSICALUPDATEASSIGNNUMBER></INVENTTRACKINGNUMBERGROUPENTITY><INVENTTRACKINGNUMBERGROUPENTITY><GROUPCODE>SERIAL</GROUPCODE><GROUPNAME>Serial Numbering</GROUPNAME><INVENTORYQUANTITYTRESHOLD>1.000000</INVENTORYQUANTITYTRESHOLD><ISACTIVATEDFORINVENTORY>Yes</ISACTIVATEDFORINVENTORY><ISACTIVATEDFORKANBAN>Yes</ISACTIVATEDFORKANBAN><ISACTIVATEDFORPRODUCTION>Yes</ISACTIVATEDFORPRODUCTION><ISACTIVATEDFORPURCHASE>Yes</ISACTIVATEDFORPURCHASE><ISACTIVATEDFORSALES>No</ISACTIVATEDFORSALES><ISEXPECTEDDATEINCLUDED>Yes</ISEXPECTEDDATEINCLUDED><ISLOTIDINCLUDED>No</ISLOTIDINCLUDED><ISNUMBERMANUALLYALLOCATED>No</ISNUMBERMANUALLYALLOCATED><ISNUMBERSEQUENCENUMBERINCLUDED>Yes</ISNUMBERSEQUENCENUMBERINCLUDED><ISONLYFORINVENTORYTRANSACTIONS>Yes</ISONLYFORINVENTORYTRANSACTIONS><ISREFERENCENUMBERINCLUDED>No</ISREFERENCENUMBERINCLUDED><NUMBERSEQUENCECODE>Inve_20</NUMBERSEQUENCECODE><NUMBERSEQUENCESCOPEDATAAREA>WDTC</NUMBERSEQUENCESCOPEDATAAREA><WILLPHYSICALUPDATEASSIGNNUMBER>Yes</WILLPHYSICALUPDATEASSIGNNUMBER></INVENTTRACKINGNUMBERGROUPENTITY></Document>