﻿<?xml version="1.0" encoding="utf-8"?><Document><ECORESTRACKINGDIMENSIONGROUPENTITY><GROUPDESCRIPTION>Batch Tracking Dimension</GROUPDESCRIPTION><GROUPNAME>BATCH</GROUPNAME><ISBATCHNUMBERACTIVE>Yes</ISBATCHNUMBERACTIVE><ISBLANKISSUEALLOWEDFORBATCHNUMBER>No</ISBLANKISSUEALLOWEDFORBATCHNUMBER><ISBLANKISSUEALLOWEDFORSERIALNUMBER>No</ISBLANKISSUEALLOWEDFORSERIALNUMBER><ISBLANKRECEIPTALLOWEDFORBATCHNUMBER>No</ISBLANKRECEIPTALLOWEDFORBATCHNUMBER><ISBLANKRECEIPTALLOWEDFORSERIALNUMBER>No</ISBLANKRECEIPTALLOWEDFORSERIALNUMBER><ISCOVERAGEPLANENABLEDFORBATCHNUMBER>No</ISCOVERAGEPLANENABLEDFORBATCHNUMBER><ISCOVERAGEPLANENABLEDFORSERIALNUMBER>No</ISCOVERAGEPLANENABLEDFORSERIALNUMBER><ISFINANCIALINVENTORYENABLEDFORBATCHNUMBER>Yes</ISFINANCIALINVENTORYENABLEDFORBATCHNUMBER><ISFINANCIALINVENTORYENABLEDFORSERIALNUMBER>No</ISFINANCIALINVENTORYENABLEDFORSERIALNUMBER><ISINVENTORYOWNERACTIVE>No</ISINVENTORYOWNERACTIVE><ISPHYSICALINVENTORYENABLEDFORBATCHNUMBER>Yes</ISPHYSICALINVENTORYENABLEDFORBATCHNUMBER><ISPHYSICALINVENTORYENABLEDFORSERIALNUMBER>No</ISPHYSICALINVENTORYENABLEDFORSERIALNUMBER><ISPRIMARYSTOCKINGENABLEDFORBATCHNUMBER>No</ISPRIMARYSTOCKINGENABLEDFORBATCHNUMBER><ISPRIMARYSTOCKINGENABLEDFORSERIALNUMBER>No</ISPRIMARYSTOCKINGENABLEDFORSERIALNUMBER><ISPURCHASEPRICEBYBATCHNUMBER>No</ISPURCHASEPRICEBYBATCHNUMBER><ISPURCHASEPRICEBYSERIALNUMBER>No</ISPURCHASEPRICEBYSERIALNUMBER><ISSALESPRICEBYBATCHNUMBER>No</ISSALESPRICEBYBATCHNUMBER><ISSALESPRICEBYSERIALNUMBER>No</ISSALESPRICEBYSERIALNUMBER><ISSERIALNUMBERACTIVE>No</ISSERIALNUMBERACTIVE><ISSERIALNUMBERCONTROLENABLED>No</ISSERIALNUMBERCONTROLENABLED><ISSERIALNUMBERENABLEDFORPRODUCTIONCONSUMPTIONPROCESS>No</ISSERIALNUMBERENABLEDFORPRODUCTIONCONSUMPTIONPROCESS><ISSERIALNUMBERENABLEDFORSALESPROCESS>No</ISSERIALNUMBERENABLEDFORSALESPROCESS><SERIALNUMBERCAPTURINGOPERATION>None</SERIALNUMBERCAPTURINGOPERATION></ECORESTRACKINGDIMENSIONGROUPENTITY><ECORESTRACKINGDIMENSIONGROUPENTITY><GROUPDESCRIPTION>Batch and Serial Number Tracking</GROUPDESCRIPTION><GROUPNAME>BATCHSER</GROUPNAME><ISBATCHNUMBERACTIVE>Yes</ISBATCHNUMBERACTIVE><ISBLANKISSUEALLOWEDFORBATCHNUMBER>No</ISBLANKISSUEALLOWEDFORBATCHNUMBER><ISBLANKISSUEALLOWEDFORSERIALNUMBER>No</ISBLANKISSUEALLOWEDFORSERIALNUMBER><ISBLANKRECEIPTALLOWEDFORBATCHNUMBER>No</ISBLANKRECEIPTALLOWEDFORBATCHNUMBER><ISBLANKRECEIPTALLOWEDFORSERIALNUMBER>No</ISBLANKRECEIPTALLOWEDFORSERIALNUMBER><ISCOVERAGEPLANENABLEDFORBATCHNUMBER>No</ISCOVERAGEPLANENABLEDFORBATCHNUMBER><ISCOVERAGEPLANENABLEDFORSERIALNUMBER>No</ISCOVERAGEPLANENABLEDFORSERIALNUMBER><ISFINANCIALINVENTORYENABLEDFORBATCHNUMBER>No</ISFINANCIALINVENTORYENABLEDFORBATCHNUMBER><ISFINANCIALINVENTORYENABLEDFORSERIALNUMBER>No</ISFINANCIALINVENTORYENABLEDFORSERIALNUMBER><ISINVENTORYOWNERACTIVE>No</ISINVENTORYOWNERACTIVE><ISPHYSICALINVENTORYENABLEDFORBATCHNUMBER>Yes</ISPHYSICALINVENTORYENABLEDFORBATCHNUMBER><ISPHYSICALINVENTORYENABLEDFORSERIALNUMBER>Yes</ISPHYSICALINVENTORYENABLEDFORSERIALNUMBER><ISPRIMARYSTOCKINGENABLEDFORBATCHNUMBER>No</ISPRIMARYSTOCKINGENABLEDFORBATCHNUMBER><ISPRIMARYSTOCKINGENABLEDFORSERIALNUMBER>No</ISPRIMARYSTOCKINGENABLEDFORSERIALNUMBER><ISPURCHASEPRICEBYBATCHNUMBER>No</ISPURCHASEPRICEBYBATCHNUMBER><ISPURCHASEPRICEBYSERIALNUMBER>No</ISPURCHASEPRICEBYSERIALNUMBER><ISSALESPRICEBYBATCHNUMBER>No</ISSALESPRICEBYBATCHNUMBER><ISSALESPRICEBYSERIALNUMBER>No</ISSALESPRICEBYSERIALNUMBER><ISSERIALNUMBERACTIVE>Yes</ISSERIALNUMBERACTIVE><ISSERIALNUMBERCONTROLENABLED>No</ISSERIALNUMBERCONTROLENABLED><ISSERIALNUMBERENABLEDFORPRODUCTIONCONSUMPTIONPROCESS>No</ISSERIALNUMBERENABLEDFORPRODUCTIONCONSUMPTIONPROCESS><ISSERIALNUMBERENABLEDFORSALESPROCESS>No</ISSERIALNUMBERENABLEDFORSALESPROCESS><SERIALNUMBERCAPTURINGOPERATION>None</SERIALNUMBERCAPTURINGOPERATION></ECORESTRACKINGDIMENSIONGROUPENTITY><ECORESTRACKINGDIMENSIONGROUPENTITY><GROUPDESCRIPTION>No tracking dimensions</GROUPDESCRIPTION><GROUPNAME>NONE</GROUPNAME><ISBATCHNUMBERACTIVE>No</ISBATCHNUMBERACTIVE><ISBLANKISSUEALLOWEDFORBATCHNUMBER>No</ISBLANKISSUEALLOWEDFORBATCHNUMBER><ISBLANKISSUEALLOWEDFORSERIALNUMBER>No</ISBLANKISSUEALLOWEDFORSERIALNUMBER><ISBLANKRECEIPTALLOWEDFORBATCHNUMBER>No</ISBLANKRECEIPTALLOWEDFORBATCHNUMBER><ISBLANKRECEIPTALLOWEDFORSERIALNUMBER>No</ISBLANKRECEIPTALLOWEDFORSERIALNUMBER><ISCOVERAGEPLANENABLEDFORBATCHNUMBER>No</ISCOVERAGEPLANENABLEDFORBATCHNUMBER><ISCOVERAGEPLANENABLEDFORSERIALNUMBER>No</ISCOVERAGEPLANENABLEDFORSERIALNUMBER><ISFINANCIALINVENTORYENABLEDFORBATCHNUMBER>No</ISFINANCIALINVENTORYENABLEDFORBATCHNUMBER><ISFINANCIALINVENTORYENABLEDFORSERIALNUMBER>No</ISFINANCIALINVENTORYENABLEDFORSERIALNUMBER><ISINVENTORYOWNERACTIVE>No</ISINVENTORYOWNERACTIVE><ISPHYSICALINVENTORYENABLEDFORBATCHNUMBER>No</ISPHYSICALINVENTORYENABLEDFORBATCHNUMBER><ISPHYSICALINVENTORYENABLEDFORSERIALNUMBER>No</ISPHYSICALINVENTORYENABLEDFORSERIALNUMBER><ISPRIMARYSTOCKINGENABLEDFORBATCHNUMBER>No</ISPRIMARYSTOCKINGENABLEDFORBATCHNUMBER><ISPRIMARYSTOCKINGENABLEDFORSERIALNUMBER>No</ISPRIMARYSTOCKINGENABLEDFORSERIALNUMBER><ISPURCHASEPRICEBYBATCHNUMBER>No</ISPURCHASEPRICEBYBATCHNUMBER><ISPURCHASEPRICEBYSERIALNUMBER>No</ISPURCHASEPRICEBYSERIALNUMBER><ISSALESPRICEBYBATCHNUMBER>No</ISSALESPRICEBYBATCHNUMBER><ISSALESPRICEBYSERIALNUMBER>No</ISSALESPRICEBYSERIALNUMBER><ISSERIALNUMBERACTIVE>No</ISSERIALNUMBERACTIVE><ISSERIALNUMBERCONTROLENABLED>No</ISSERIALNUMBERCONTROLENABLED><ISSERIALNUMBERENABLEDFORPRODUCTIONCONSUMPTIONPROCESS>No</ISSERIALNUMBERENABLEDFORPRODUCTIONCONSUMPTIONPROCESS><ISSERIALNUMBERENABLEDFORSALESPROCESS>No</ISSERIALNUMBERENABLEDFORSALESPROCESS><SERIALNUMBERCAPTURINGOPERATION>None</SERIALNUMBERCAPTURINGOPERATION></ECORESTRACKINGDIMENSIONGROUPENTITY><ECORESTRACKINGDIMENSIONGROUPENTITY><GROUPDESCRIPTION>Serial Number Tracking</GROUPDESCRIPTION><GROUPNAME>SERIAL</GROUPNAME><ISBATCHNUMBERACTIVE>No</ISBATCHNUMBERACTIVE><ISBLANKISSUEALLOWEDFORBATCHNUMBER>No</ISBLANKISSUEALLOWEDFORBATCHNUMBER><ISBLANKISSUEALLOWEDFORSERIALNUMBER>No</ISBLANKISSUEALLOWEDFORSERIALNUMBER><ISBLANKRECEIPTALLOWEDFORBATCHNUMBER>No</ISBLANKRECEIPTALLOWEDFORBATCHNUMBER><ISBLANKRECEIPTALLOWEDFORSERIALNUMBER>No</ISBLANKRECEIPTALLOWEDFORSERIALNUMBER><ISCOVERAGEPLANENABLEDFORBATCHNUMBER>No</ISCOVERAGEPLANENABLEDFORBATCHNUMBER><ISCOVERAGEPLANENABLEDFORSERIALNUMBER>No</ISCOVERAGEPLANENABLEDFORSERIALNUMBER><ISFINANCIALINVENTORYENABLEDFORBATCHNUMBER>No</ISFINANCIALINVENTORYENABLEDFORBATCHNUMBER><ISFINANCIALINVENTORYENABLEDFORSERIALNUMBER>No</ISFINANCIALINVENTORYENABLEDFORSERIALNUMBER><ISINVENTORYOWNERACTIVE>No</ISINVENTORYOWNERACTIVE><ISPHYSICALINVENTORYENABLEDFORBATCHNUMBER>No</ISPHYSICALINVENTORYENABLEDFORBATCHNUMBER><ISPHYSICALINVENTORYENABLEDFORSERIALNUMBER>Yes</ISPHYSICALINVENTORYENABLEDFORSERIALNUMBER><ISPRIMARYSTOCKINGENABLEDFORBATCHNUMBER>No</ISPRIMARYSTOCKINGENABLEDFORBATCHNUMBER><ISPRIMARYSTOCKINGENABLEDFORSERIALNUMBER>No</ISPRIMARYSTOCKINGENABLEDFORSERIALNUMBER><ISPURCHASEPRICEBYBATCHNUMBER>No</ISPURCHASEPRICEBYBATCHNUMBER><ISPURCHASEPRICEBYSERIALNUMBER>No</ISPURCHASEPRICEBYSERIALNUMBER><ISSALESPRICEBYBATCHNUMBER>No</ISSALESPRICEBYBATCHNUMBER><ISSALESPRICEBYSERIALNUMBER>No</ISSALESPRICEBYSERIALNUMBER><ISSERIALNUMBERACTIVE>Yes</ISSERIALNUMBERACTIVE><ISSERIALNUMBERCONTROLENABLED>No</ISSERIALNUMBERCONTROLENABLED><ISSERIALNUMBERENABLEDFORPRODUCTIONCONSUMPTIONPROCESS>No</ISSERIALNUMBERENABLEDFORPRODUCTIONCONSUMPTIONPROCESS><ISSERIALNUMBERENABLEDFORSALESPROCESS>No</ISSERIALNUMBERENABLEDFORSALESPROCESS><SERIALNUMBERCAPTURINGOPERATION>None</SERIALNUMBERCAPTURINGOPERATION></ECORESTRACKINGDIMENSIONGROUPENTITY></Document>