﻿<?xml version="1.0" encoding="utf-8"?><Document><PRICEDISCSALESRECALCULATIONPOLICYENTITY><TRADEAGREEMENTSOURCETYPE>SalesAgreement</TRADEAGREEMENTSOURCETYPE></PRICEDISCSALESRECALCULATIONPOLICYENTITY><PRICEDISCSALESRECALCULATIONPOLICYENTITY><TRADEAGREEMENTSOURCETYPE>CopyFromSalesOrder</TRADEAGREEMENTSOURCETYPE></PRICEDISCSALESRECALCULATIONPOLICYENTITY><PRICEDISCSALESRECALCULATIONPOLICYENTITY><TRADEAGREEMENTSOURCETYPE>CopyfromSalesQuotation</TRADEAGREEMENTSOURCETYPE></PRICEDISCSALESRECALCULATIONPOLICYENTITY><PRICEDISCSALESRECALCULATIONPOLICYENTITY><TRADEAGREEMENTSOURCETYPE>Project</TRADEAGREEMENTSOURCETYPE></PRICEDISCSALESRECALCULATIONPOLICYENTITY><PRICEDISCSALESRECALCULATIONPOLICYENTITY><TRADEAGREEMENTSOURCETYPE>ProjectQuotation</TRADEAGREEMENTSOURCETYPE></PRICEDISCSALESRECALCULATIONPOLICYENTITY><PRICEDISCSALESRECALCULATIONPOLICYENTITY><TRADEAGREEMENTSOURCETYPE>SalesQuotation</TRADEAGREEMENTSOURCETYPE></PRICEDISCSALESRECALCULATIONPOLICYENTITY><PRICEDISCSALESRECALCULATIONPOLICYENTITY><TRADEAGREEMENTSOURCETYPE>ManualEntry</TRADEAGREEMENTSOURCETYPE></PRICEDISCSALESRECALCULATIONPOLICYENTITY><PRICEDISCSALESRECALCULATIONPOLICYENTITY><TRADEAGREEMENTSOURCETYPE>ProductConfig</TRADEAGREEMENTSOURCETYPE></PRICEDISCSALESRECALCULATIONPOLICYENTITY><PRICEDISCSALESRECALCULATIONPOLICYENTITY><TRADEAGREEMENTSOURCETYPE>RetailPOS</TRADEAGREEMENTSOURCETYPE></PRICEDISCSALESRECALCULATIONPOLICYENTITY></Document>