﻿<?xml version="1.0" encoding="utf-8"?><Document><PRICEDISCPURCHASERECALCULATIONPOLICYENTITY><TRADEAGREEMENTSOURCETYPE>PurchaseAgreement</TRADEAGREEMENTSOURCETYPE></PRICEDISCPURCHASERECALCULATIONPOLICYENTITY><PRICEDISCPURCHASERECALCULATIONPOLICYENTITY><TRADEAGREEMENTSOURCETYPE>CopyFromPurchaseOrder</TRADEAGREEMENTSOURCETYPE></PRICEDISCPURCHASERECALCULATIONPOLICYENTITY><PRICEDISCPURCHASERECALCULATIONPOLICYENTITY><TRADEAGREEMENTSOURCETYPE>Project</TRADEAGREEMENTSOURCETYPE></PRICEDISCPURCHASERECALCULATIONPOLICYENTITY><PRICEDISCPURCHASERECALCULATIONPOLICYENTITY><TRADEAGREEMENTSOURCETYPE>PurchaseReq</TRADEAGREEMENTSOURCETYPE></PRICEDISCPURCHASERECALCULATIONPOLICYENTITY><PRICEDISCPURCHASERECALCULATIONPOLICYENTITY><TRADEAGREEMENTSOURCETYPE>RequestForQuote</TRADEAGREEMENTSOURCETYPE></PRICEDISCPURCHASERECALCULATIONPOLICYENTITY><PRICEDISCPURCHASERECALCULATIONPOLICYENTITY><TRADEAGREEMENTSOURCETYPE>ManualEntry</TRADEAGREEMENTSOURCETYPE></PRICEDISCPURCHASERECALCULATIONPOLICYENTITY><PRICEDISCPURCHASERECALCULATIONPOLICYENTITY><TRADEAGREEMENTSOURCETYPE>ProductConfig</TRADEAGREEMENTSOURCETYPE></PRICEDISCPURCHASERECALCULATIONPOLICYENTITY></Document>