﻿<?xml version="1.0" encoding="utf-8"?><Document><PRICEDISCTRADEAGREEMENTJOURNALNAMEENTITY><DEFAULTJOURNALDESCRIPTION>Guild Purchase Discount</DEFAULTJOURNALDESCRIPTION><DEFAULTTRADEAGREEMENTTYPE>EndDiscPurch</DEFAULTTRADEAGREEMENTTYPE><PRICEDISCPRICEATTRIBUTEENABLE>No</PRICEDISCPRICEATTRIBUTEENABLE><TRADEAGREEMENTJOURNALNAMEID>GUILDPDISC</TRADEAGREEMENTJOURNALNAMEID></PRICEDISCTRADEAGREEMENTJOURNALNAMEENTITY><PRICEDISCTRADEAGREEMENTJOURNALNAMEENTITY><DEFAULTJOURNALDESCRIPTION>Market Price List</DEFAULTJOURNALDESCRIPTION><DEFAULTTRADEAGREEMENTTYPE>PricePurch</DEFAULTTRADEAGREEMENTTYPE><PRICEDISCPRICEATTRIBUTEENABLE>No</PRICEDISCPRICEATTRIBUTEENABLE><TRADEAGREEMENTJOURNALNAMEID>MARKET</TRADEAGREEMENTJOURNALNAMEID></PRICEDISCTRADEAGREEMENTJOURNALNAMEENTITY><PRICEDISCTRADEAGREEMENTJOURNALNAMEENTITY><DEFAULTJOURNALDESCRIPTION>Retail Price</DEFAULTJOURNALDESCRIPTION><DEFAULTTRADEAGREEMENTTYPE>PriceSales</DEFAULTTRADEAGREEMENTTYPE><PRICEDISCPRICEATTRIBUTEENABLE>No</PRICEDISCPRICEATTRIBUTEENABLE><TRADEAGREEMENTJOURNALNAMEID>RETAIL</TRADEAGREEMENTJOURNALNAMEID></PRICEDISCTRADEAGREEMENTJOURNALNAMEENTITY><PRICEDISCTRADEAGREEMENTJOURNALNAMEENTITY><DEFAULTJOURNALDESCRIPTION>VIP Customer Discounts</DEFAULTJOURNALDESCRIPTION><DEFAULTTRADEAGREEMENTTYPE>EndDiscSales</DEFAULTTRADEAGREEMENTTYPE><PRICEDISCPRICEATTRIBUTEENABLE>No</PRICEDISCPRICEATTRIBUTEENABLE><TRADEAGREEMENTJOURNALNAMEID>VIPSDISC</TRADEAGREEMENTJOURNALNAMEID></PRICEDISCTRADEAGREEMENTJOURNALNAMEENTITY><PRICEDISCTRADEAGREEMENTJOURNALNAMEENTITY><DEFAULTJOURNALDESCRIPTION>Wholesale Price List</DEFAULTJOURNALDESCRIPTION><DEFAULTTRADEAGREEMENTTYPE>PriceSales</DEFAULTTRADEAGREEMENTTYPE><PRICEDISCPRICEATTRIBUTEENABLE>No</PRICEDISCPRICEATTRIBUTEENABLE><TRADEAGREEMENTJOURNALNAMEID>WHOLESALE</TRADEAGREEMENTJOURNALNAMEID></PRICEDISCTRADEAGREEMENTJOURNALNAMEENTITY></Document>