﻿<?xml version="1.0" encoding="utf-8"?><Document><SMMTRANSACTIONLOGGINGPOLICYENTITY><ARECAMPAIGNCHANGESLOGGED>Yes</ARECAMPAIGNCHANGESLOGGED><ARECASECHANGESLOGGED>Yes</ARECASECHANGESLOGGED><ARECONTACTPERSONCHANGESLOGGED>Yes</ARECONTACTPERSONCHANGESLOGGED><ARECREATEDTRANSACTIONSLOGGED>Yes</ARECREATEDTRANSACTIONSLOGGED><ARECUSTOMERCHANGESLOGGED>Yes</ARECUSTOMERCHANGESLOGGED><ARECUSTOMERTRANSACTIONCHANGESLOGGED>Yes</ARECUSTOMERTRANSACTIONCHANGESLOGGED><AREDELETEDTRANSACTIONSLOGGED>Yes</AREDELETEDTRANSACTIONSLOGGED><AREDOCUMENTREFERENCECHANGESLOGGED>Yes</AREDOCUMENTREFERENCECHANGESLOGGED><ARELEADCHANGESLOGGED>Yes</ARELEADCHANGESLOGGED><AREMAILINGCHANGESLOGGED>Yes</AREMAILINGCHANGESLOGGED><AREOPPORTUNITYCHANGESLOGGED>Yes</AREOPPORTUNITYCHANGESLOGGED><AREPROSPECTCHANGESLOGGED>Yes</AREPROSPECTCHANGESLOGGED><AREQUOTATIONCHANGESLOGGED>Yes</AREQUOTATIONCHANGESLOGGED><ARESALESACTIVITYCHANGESLOGGED>Yes</ARESALESACTIVITYCHANGESLOGGED><ARESALESORDERCHANGESLOGGED>Yes</ARESALESORDERCHANGESLOGGED><ARETELEMARKETINGCALLLISTCHANGESLOGGED>Yes</ARETELEMARKETINGCALLLISTCHANGESLOGGED><AREVENDORCHANGESLOGGED>No</AREVENDORCHANGESLOGGED><AREVENDORTRANSACTIONCHANGESLOGGED>No</AREVENDORTRANSACTIONCHANGESLOGGED><LOGAVAILABILITYDAYS>365</LOGAVAILABILITYDAYS><UPDATEDTRANSACTIONSLOGGINGRULE>Last</UPDATEDTRANSACTIONSLOGGINGRULE></SMMTRANSACTIONLOGGINGPOLICYENTITY></Document>