﻿<?xml version="1.0" encoding="utf-8"?><Document><WHSUNITOFMEASURECONVERSIONSEQUENCEGROUPSEQUENCEENTITY><DEFAULTCONTAINERTYPEID></DEFAULTCONTAINERTYPEID><ISCYCLECOUNTINGUNIT>No</ISCYCLECOUNTINGUNIT><ISDEFAULTINBOUNDRECEIVINGUNIT>No</ISDEFAULTINBOUNDRECEIVINGUNIT><ISDEFAULTMATERIALCONSUMPTIONUNIT>No</ISDEFAULTMATERIALCONSUMPTIONUNIT><ISDEFAULTPRODUCTIONRECEIVINGUNIT>No</ISDEFAULTPRODUCTIONRECEIVINGUNIT><ISUNITLICENSEPLATEGROUPED>Yes</ISUNITLICENSEPLATEGROUPED><LICENSEPLATEPACKINGTYPE>0</LICENSEPLATEPACKINGTYPE><SEQUENCENUMBER>1.0000000000000000</SEQUENCENUMBER><TOUNITSYMBOL>ea</TOUNITSYMBOL><UNITCONVERSIONSEQUENCEGROUPID>EA</UNITCONVERSIONSEQUENCEGROUPID><WAVELABELTYPEID></WAVELABELTYPEID></WHSUNITOFMEASURECONVERSIONSEQUENCEGROUPSEQUENCEENTITY><WHSUNITOFMEASURECONVERSIONSEQUENCEGROUPSEQUENCEENTITY><DEFAULTCONTAINERTYPEID></DEFAULTCONTAINERTYPEID><ISCYCLECOUNTINGUNIT>Yes</ISCYCLECOUNTINGUNIT><ISDEFAULTINBOUNDRECEIVINGUNIT>Yes</ISDEFAULTINBOUNDRECEIVINGUNIT><ISDEFAULTMATERIALCONSUMPTIONUNIT>No</ISDEFAULTMATERIALCONSUMPTIONUNIT><ISDEFAULTPRODUCTIONRECEIVINGUNIT>No</ISDEFAULTPRODUCTIONRECEIVINGUNIT><ISUNITLICENSEPLATEGROUPED>Yes</ISUNITLICENSEPLATEGROUPED><LICENSEPLATEPACKINGTYPE>0</LICENSEPLATEPACKINGTYPE><SEQUENCENUMBER>1.0000000000000000</SEQUENCENUMBER><TOUNITSYMBOL>oz</TOUNITSYMBOL><UNITCONVERSIONSEQUENCEGROUPID>OZ</UNITCONVERSIONSEQUENCEGROUPID><WAVELABELTYPEID></WAVELABELTYPEID></WHSUNITOFMEASURECONVERSIONSEQUENCEGROUPSEQUENCEENTITY></Document>