﻿<?xml version="1.0" encoding="utf-8"?><Document><VENDFORMLETTERVENDORFACINGFORMPRINTINGCONFIGURATIONENTITY><AREEUROAMOUNTSDISPLAYED>No</AREEUROAMOUNTSDISPLAYED><ISDISPLAYEDPRODUCTDESCRIPTIONINCLUDINGPRODUCTNAME>No</ISDISPLAYEDPRODUCTDESCRIPTIONINCLUDINGPRODUCTNAME><ISSALESTAXEXEMPTBALANCEAMOUNTDISPLAYEDSEPARATELY>No</ISSALESTAXEXEMPTBALANCEAMOUNTDISPLAYEDSEPARATELY><PRODUCTDIMENSIONSDISPLAYRULE>Line</PRODUCTDIMENSIONSDISPLAYRULE><PRODUCTDIMENSIONSDISPLAYSEPARATOR></PRODUCTDIMENSIONSDISPLAYSEPARATOR><PRODUCTNUMBERDISPLAYRULE>Our</PRODUCTNUMBERDISPLAYRULE><SALESTAXDISPLAYRULE>None</SALESTAXDISPLAYRULE><TOTALAMOUNTDISPLAYRULE>First</TOTALAMOUNTDISPLAYRULE><VENDORPRODUCTDESCRIPTIONDISPLAYRULE>Overwrite</VENDORPRODUCTDESCRIPTIONDISPLAYRULE></VENDFORMLETTERVENDORFACINGFORMPRINTINGCONFIGURATIONENTITY></Document>