﻿<?xml version="1.0" encoding="utf-8"?><Document><PURCHPURCHASEREBATEPARAMETERSENTITY><ACCRUEDLIABILITYMAINACCOUNTIDDISPLAYVALUE></ACCRUEDLIABILITYMAINACCOUNTIDDISPLAYVALUE><INTERIMEXPENSEMAINACCOUNTIDDISPLAYVALUE></INTERIMEXPENSEMAINACCOUNTIDDISPLAYVALUE><ISREBATEINVOICEPOSTEDMANUALLY>No</ISREBATEINVOICEPOSTEDMANUALLY><REBATEACCRUALPROCESSINGJOURNALNAMEID></REBATEACCRUALPROCESSINGJOURNALNAMEID><REBATELIABILITYPROCUREMENTPRODUCTCATEGORYNAME></REBATELIABILITYPROCUREMENTPRODUCTCATEGORYNAME><REBATEWEEKSTARTINGDAY>None</REBATEWEEKSTARTINGDAY><WILLINVOICEPROCESSINGCREATEREBATECLAIM>No</WILLINVOICEPROCESSINGCREATEREBATECLAIM></PURCHPURCHASEREBATEPARAMETERSENTITY></Document>