﻿<?xml version="1.0" encoding="utf-8"?><Document><WHSWAREHOUSELOCATIONPROFILEENTITY><ACTUALLOCATIONDEPTH>0.000000</ACTUALLOCATIONDEPTH><ACTUALLOCATIONHEIGHT>0.000000</ACTUALLOCATIONHEIGHT><ACTUALLOCATIONVOLUME>0.000000</ACTUALLOCATIONVOLUME><ACTUALLOCATIONWIDTH>0.000000</ACTUALLOCATIONWIDTH><ALLOWEDCONTAINERTYPEGROUPNAME></ALLOWEDCONTAINERTYPEGROUPNAME><CANREPLENISHMENTEXCEEDLOCATIONCAPACITY>No</CANREPLENISHMENTEXCEEDLOCATIONCAPACITY><DOCKMANAGEMENTPROFILEID></DOCKMANAGEMENTPROFILEID><GENERATECHECKDIGIT>No</GENERATECHECKDIGIT><ISITEMINLOCATIONUPDATEENABLED>No</ISITEMINLOCATIONUPDATEENABLED><ISLOCATIONACTIVITYDATETIMEUPDATEENABLED>No</ISLOCATIONACTIVITYDATETIMEUPDATEENABLED><ISLOCATIONALLOWINGCYCLECOUNTING>No</ISLOCATIONALLOWINGCYCLECOUNTING><ISLOCATIONALLOWINGMIXEDITEMBATCHES>Yes</ISLOCATIONALLOWINGMIXEDITEMBATCHES><ISLOCATIONALLOWINGMIXEDITEMS>Yes</ISLOCATIONALLOWINGMIXEDITEMS><ISLOCATIONALLOWINGMIXEDITEMSTATUSES>Yes</ISLOCATIONALLOWINGMIXEDITEMSTATUSES><ISLOCATIONALLOWINGNEGATIVEINVENTORY>No</ISLOCATIONALLOWINGNEGATIVEINVENTORY><ISLOCATIONLICENSEPLATEPOSITIONINGENABLED>No</ISLOCATIONLICENSEPLATEPOSITIONINGENABLED><ISLOCATIONSTATUSUPDATEENABLED>No</ISLOCATIONSTATUSUPDATEENABLED><ISWAREHOUSELOCATIONALLOWINGMIXINGPRODUCTCOLORS>No</ISWAREHOUSELOCATIONALLOWINGMIXINGPRODUCTCOLORS><ISWAREHOUSELOCATIONALLOWINGMIXINGPRODUCTCONFIGURATIONS>No</ISWAREHOUSELOCATIONALLOWINGMIXINGPRODUCTCONFIGURATIONS><ISWAREHOUSELOCATIONALLOWINGMIXINGPRODUCTSIZES>No</ISWAREHOUSELOCATIONALLOWINGMIXINGPRODUCTSIZES><ISWAREHOUSELOCATIONALLOWINGMIXINGPRODUCTSTYLES>No</ISWAREHOUSELOCATIONALLOWINGMIXINGPRODUCTSTYLES><ISWAREHOUSELOCATIONALLOWINGMIXINGPRODUCTVERSIONS>No</ISWAREHOUSELOCATIONALLOWINGMIXINGPRODUCTVERSIONS><ISWAREHOUSELOCATIONENABLINGMIXINGPRODUCTDIMENSIONS>No</ISWAREHOUSELOCATIONENABLINGMIXINGPRODUCTDIMENSIONS><MAXIMUMLOCATIONWEIGHT>0.000000000000</MAXIMUMLOCATIONWEIGHT><OVERRIDERULESFORBATCHDAYS>No</OVERRIDERULESFORBATCHDAYS><PROFILEID>AISLE</PROFILEID><PROFILENAME>AISLE</PROFILENAME><REPLENISHMENTOVERFLOWCAPACITYPERCENTAGE>0.000000</REPLENISHMENTOVERFLOWCAPACITYPERCENTAGE><REPLENISHMENTOVERFLOWCAPACITYQUANTITY>0.000000</REPLENISHMENTOVERFLOWCAPACITYQUANTITY><REPLENISHMENTOVERFLOWCAPACITYUNITSYMBOL></REPLENISHMENTOVERFLOWCAPACITYUNITSYMBOL><STORAGEUNITSYMBOL></STORAGEUNITSYMBOL><USABLELOCATIONDEPTH>0.000000</USABLELOCATIONDEPTH><USABLELOCATIONHEIGHT>0.000000</USABLELOCATIONHEIGHT><USABLELOCATIONVOLUME>0.000000</USABLELOCATIONVOLUME><USABLELOCATIONWIDTH>0.000000</USABLELOCATIONWIDTH><USELICENSEPLATETRACKING>Yes</USELICENSEPLATETRACKING><VOLUMEUTILIZATIONPERCENTAGE>0.000000</VOLUMEUTILIZATIONPERCENTAGE><WAREHOUSELOCATIONFORMATID>AISLE</WAREHOUSELOCATIONFORMATID><WAREHOUSELOCATIONTYPEID>BULK</WAREHOUSELOCATIONTYPEID><WAREHOUSELOCATIONVOLUMETRICMETHOD>UsableDimensions</WAREHOUSELOCATIONVOLUMETRICMETHOD><WILLMOBILEDEVICEDISPLAYLICENSEPLATEPOSITION>No</WILLMOBILEDEVICEDISPLAYLICENSEPLATEPOSITION><WORKAVAILABILITYTHRESHOLDTYPE>Quantity</WORKAVAILABILITYTHRESHOLDTYPE></WHSWAREHOUSELOCATIONPROFILEENTITY><WHSWAREHOUSELOCATIONPROFILEENTITY><ACTUALLOCATIONDEPTH>0.000000</ACTUALLOCATIONDEPTH><ACTUALLOCATIONHEIGHT>0.000000</ACTUALLOCATIONHEIGHT><ACTUALLOCATIONVOLUME>0.000000</ACTUALLOCATIONVOLUME><ACTUALLOCATIONWIDTH>0.000000</ACTUALLOCATIONWIDTH><ALLOWEDCONTAINERTYPEGROUPNAME></ALLOWEDCONTAINERTYPEGROUPNAME><CANREPLENISHMENTEXCEEDLOCATIONCAPACITY>No</CANREPLENISHMENTEXCEEDLOCATIONCAPACITY><DOCKMANAGEMENTPROFILEID></DOCKMANAGEMENTPROFILEID><GENERATECHECKDIGIT>No</GENERATECHECKDIGIT><ISITEMINLOCATIONUPDATEENABLED>No</ISITEMINLOCATIONUPDATEENABLED><ISLOCATIONACTIVITYDATETIMEUPDATEENABLED>No</ISLOCATIONACTIVITYDATETIMEUPDATEENABLED><ISLOCATIONALLOWINGCYCLECOUNTING>No</ISLOCATIONALLOWINGCYCLECOUNTING><ISLOCATIONALLOWINGMIXEDITEMBATCHES>Yes</ISLOCATIONALLOWINGMIXEDITEMBATCHES><ISLOCATIONALLOWINGMIXEDITEMS>Yes</ISLOCATIONALLOWINGMIXEDITEMS><ISLOCATIONALLOWINGMIXEDITEMSTATUSES>Yes</ISLOCATIONALLOWINGMIXEDITEMSTATUSES><ISLOCATIONALLOWINGNEGATIVEINVENTORY>No</ISLOCATIONALLOWINGNEGATIVEINVENTORY><ISLOCATIONLICENSEPLATEPOSITIONINGENABLED>No</ISLOCATIONLICENSEPLATEPOSITIONINGENABLED><ISLOCATIONSTATUSUPDATEENABLED>No</ISLOCATIONSTATUSUPDATEENABLED><ISWAREHOUSELOCATIONALLOWINGMIXINGPRODUCTCOLORS>No</ISWAREHOUSELOCATIONALLOWINGMIXINGPRODUCTCOLORS><ISWAREHOUSELOCATIONALLOWINGMIXINGPRODUCTCONFIGURATIONS>No</ISWAREHOUSELOCATIONALLOWINGMIXINGPRODUCTCONFIGURATIONS><ISWAREHOUSELOCATIONALLOWINGMIXINGPRODUCTSIZES>No</ISWAREHOUSELOCATIONALLOWINGMIXINGPRODUCTSIZES><ISWAREHOUSELOCATIONALLOWINGMIXINGPRODUCTSTYLES>No</ISWAREHOUSELOCATIONALLOWINGMIXINGPRODUCTSTYLES><ISWAREHOUSELOCATIONALLOWINGMIXINGPRODUCTVERSIONS>No</ISWAREHOUSELOCATIONALLOWINGMIXINGPRODUCTVERSIONS><ISWAREHOUSELOCATIONENABLINGMIXINGPRODUCTDIMENSIONS>No</ISWAREHOUSELOCATIONENABLINGMIXINGPRODUCTDIMENSIONS><MAXIMUMLOCATIONWEIGHT>0.000000000000</MAXIMUMLOCATIONWEIGHT><OVERRIDERULESFORBATCHDAYS>Yes</OVERRIDERULESFORBATCHDAYS><PROFILEID>BAY</PROFILEID><PROFILENAME>Bay</PROFILENAME><REPLENISHMENTOVERFLOWCAPACITYPERCENTAGE>0.000000</REPLENISHMENTOVERFLOWCAPACITYPERCENTAGE><REPLENISHMENTOVERFLOWCAPACITYQUANTITY>0.000000</REPLENISHMENTOVERFLOWCAPACITYQUANTITY><REPLENISHMENTOVERFLOWCAPACITYUNITSYMBOL></REPLENISHMENTOVERFLOWCAPACITYUNITSYMBOL><STORAGEUNITSYMBOL></STORAGEUNITSYMBOL><USABLELOCATIONDEPTH>0.000000</USABLELOCATIONDEPTH><USABLELOCATIONHEIGHT>0.000000</USABLELOCATIONHEIGHT><USABLELOCATIONVOLUME>0.000000</USABLELOCATIONVOLUME><USABLELOCATIONWIDTH>0.000000</USABLELOCATIONWIDTH><USELICENSEPLATETRACKING>Yes</USELICENSEPLATETRACKING><VOLUMEUTILIZATIONPERCENTAGE>0.000000</VOLUMEUTILIZATIONPERCENTAGE><WAREHOUSELOCATIONFORMATID>BAY</WAREHOUSELOCATIONFORMATID><WAREHOUSELOCATIONTYPEID>BAY</WAREHOUSELOCATIONTYPEID><WAREHOUSELOCATIONVOLUMETRICMETHOD>UsableDimensions</WAREHOUSELOCATIONVOLUMETRICMETHOD><WILLMOBILEDEVICEDISPLAYLICENSEPLATEPOSITION>No</WILLMOBILEDEVICEDISPLAYLICENSEPLATEPOSITION><WORKAVAILABILITYTHRESHOLDTYPE>Quantity</WORKAVAILABILITYTHRESHOLDTYPE></WHSWAREHOUSELOCATIONPROFILEENTITY><WHSWAREHOUSELOCATIONPROFILEENTITY><ACTUALLOCATIONDEPTH>0.000000</ACTUALLOCATIONDEPTH><ACTUALLOCATIONHEIGHT>0.000000</ACTUALLOCATIONHEIGHT><ACTUALLOCATIONVOLUME>0.000000</ACTUALLOCATIONVOLUME><ACTUALLOCATIONWIDTH>0.000000</ACTUALLOCATIONWIDTH><ALLOWEDCONTAINERTYPEGROUPNAME></ALLOWEDCONTAINERTYPEGROUPNAME><CANREPLENISHMENTEXCEEDLOCATIONCAPACITY>No</CANREPLENISHMENTEXCEEDLOCATIONCAPACITY><DOCKMANAGEMENTPROFILEID></DOCKMANAGEMENTPROFILEID><GENERATECHECKDIGIT>No</GENERATECHECKDIGIT><ISITEMINLOCATIONUPDATEENABLED>No</ISITEMINLOCATIONUPDATEENABLED><ISLOCATIONACTIVITYDATETIMEUPDATEENABLED>No</ISLOCATIONACTIVITYDATETIMEUPDATEENABLED><ISLOCATIONALLOWINGCYCLECOUNTING>No</ISLOCATIONALLOWINGCYCLECOUNTING><ISLOCATIONALLOWINGMIXEDITEMBATCHES>Yes</ISLOCATIONALLOWINGMIXEDITEMBATCHES><ISLOCATIONALLOWINGMIXEDITEMS>Yes</ISLOCATIONALLOWINGMIXEDITEMS><ISLOCATIONALLOWINGMIXEDITEMSTATUSES>Yes</ISLOCATIONALLOWINGMIXEDITEMSTATUSES><ISLOCATIONALLOWINGNEGATIVEINVENTORY>No</ISLOCATIONALLOWINGNEGATIVEINVENTORY><ISLOCATIONLICENSEPLATEPOSITIONINGENABLED>No</ISLOCATIONLICENSEPLATEPOSITIONINGENABLED><ISLOCATIONSTATUSUPDATEENABLED>No</ISLOCATIONSTATUSUPDATEENABLED><ISWAREHOUSELOCATIONALLOWINGMIXINGPRODUCTCOLORS>No</ISWAREHOUSELOCATIONALLOWINGMIXINGPRODUCTCOLORS><ISWAREHOUSELOCATIONALLOWINGMIXINGPRODUCTCONFIGURATIONS>No</ISWAREHOUSELOCATIONALLOWINGMIXINGPRODUCTCONFIGURATIONS><ISWAREHOUSELOCATIONALLOWINGMIXINGPRODUCTSIZES>No</ISWAREHOUSELOCATIONALLOWINGMIXINGPRODUCTSIZES><ISWAREHOUSELOCATIONALLOWINGMIXINGPRODUCTSTYLES>No</ISWAREHOUSELOCATIONALLOWINGMIXINGPRODUCTSTYLES><ISWAREHOUSELOCATIONALLOWINGMIXINGPRODUCTVERSIONS>No</ISWAREHOUSELOCATIONALLOWINGMIXINGPRODUCTVERSIONS><ISWAREHOUSELOCATIONENABLINGMIXINGPRODUCTDIMENSIONS>No</ISWAREHOUSELOCATIONENABLINGMIXINGPRODUCTDIMENSIONS><MAXIMUMLOCATIONWEIGHT>0.000000000000</MAXIMUMLOCATIONWEIGHT><OVERRIDERULESFORBATCHDAYS>No</OVERRIDERULESFORBATCHDAYS><PROFILEID>BULK</PROFILEID><PROFILENAME>Bulk</PROFILENAME><REPLENISHMENTOVERFLOWCAPACITYPERCENTAGE>0.000000</REPLENISHMENTOVERFLOWCAPACITYPERCENTAGE><REPLENISHMENTOVERFLOWCAPACITYQUANTITY>0.000000</REPLENISHMENTOVERFLOWCAPACITYQUANTITY><REPLENISHMENTOVERFLOWCAPACITYUNITSYMBOL></REPLENISHMENTOVERFLOWCAPACITYUNITSYMBOL><STORAGEUNITSYMBOL></STORAGEUNITSYMBOL><USABLELOCATIONDEPTH>0.000000</USABLELOCATIONDEPTH><USABLELOCATIONHEIGHT>0.000000</USABLELOCATIONHEIGHT><USABLELOCATIONVOLUME>0.000000</USABLELOCATIONVOLUME><USABLELOCATIONWIDTH>0.000000</USABLELOCATIONWIDTH><USELICENSEPLATETRACKING>Yes</USELICENSEPLATETRACKING><VOLUMEUTILIZATIONPERCENTAGE>0.000000</VOLUMEUTILIZATIONPERCENTAGE><WAREHOUSELOCATIONFORMATID>BULK</WAREHOUSELOCATIONFORMATID><WAREHOUSELOCATIONTYPEID>BULK</WAREHOUSELOCATIONTYPEID><WAREHOUSELOCATIONVOLUMETRICMETHOD>UsableDimensions</WAREHOUSELOCATIONVOLUMETRICMETHOD><WILLMOBILEDEVICEDISPLAYLICENSEPLATEPOSITION>No</WILLMOBILEDEVICEDISPLAYLICENSEPLATEPOSITION><WORKAVAILABILITYTHRESHOLDTYPE>Quantity</WORKAVAILABILITYTHRESHOLDTYPE></WHSWAREHOUSELOCATIONPROFILEENTITY><WHSWAREHOUSELOCATIONPROFILEENTITY><ACTUALLOCATIONDEPTH>0.000000</ACTUALLOCATIONDEPTH><ACTUALLOCATIONHEIGHT>0.000000</ACTUALLOCATIONHEIGHT><ACTUALLOCATIONVOLUME>0.000000</ACTUALLOCATIONVOLUME><ACTUALLOCATIONWIDTH>0.000000</ACTUALLOCATIONWIDTH><ALLOWEDCONTAINERTYPEGROUPNAME></ALLOWEDCONTAINERTYPEGROUPNAME><CANREPLENISHMENTEXCEEDLOCATIONCAPACITY>No</CANREPLENISHMENTEXCEEDLOCATIONCAPACITY><DOCKMANAGEMENTPROFILEID></DOCKMANAGEMENTPROFILEID><GENERATECHECKDIGIT>No</GENERATECHECKDIGIT><ISITEMINLOCATIONUPDATEENABLED>No</ISITEMINLOCATIONUPDATEENABLED><ISLOCATIONACTIVITYDATETIMEUPDATEENABLED>No</ISLOCATIONACTIVITYDATETIMEUPDATEENABLED><ISLOCATIONALLOWINGCYCLECOUNTING>Yes</ISLOCATIONALLOWINGCYCLECOUNTING><ISLOCATIONALLOWINGMIXEDITEMBATCHES>Yes</ISLOCATIONALLOWINGMIXEDITEMBATCHES><ISLOCATIONALLOWINGMIXEDITEMS>Yes</ISLOCATIONALLOWINGMIXEDITEMS><ISLOCATIONALLOWINGMIXEDITEMSTATUSES>Yes</ISLOCATIONALLOWINGMIXEDITEMSTATUSES><ISLOCATIONALLOWINGNEGATIVEINVENTORY>No</ISLOCATIONALLOWINGNEGATIVEINVENTORY><ISLOCATIONLICENSEPLATEPOSITIONINGENABLED>No</ISLOCATIONLICENSEPLATEPOSITIONINGENABLED><ISLOCATIONSTATUSUPDATEENABLED>No</ISLOCATIONSTATUSUPDATEENABLED><ISWAREHOUSELOCATIONALLOWINGMIXINGPRODUCTCOLORS>No</ISWAREHOUSELOCATIONALLOWINGMIXINGPRODUCTCOLORS><ISWAREHOUSELOCATIONALLOWINGMIXINGPRODUCTCONFIGURATIONS>No</ISWAREHOUSELOCATIONALLOWINGMIXINGPRODUCTCONFIGURATIONS><ISWAREHOUSELOCATIONALLOWINGMIXINGPRODUCTSIZES>No</ISWAREHOUSELOCATIONALLOWINGMIXINGPRODUCTSIZES><ISWAREHOUSELOCATIONALLOWINGMIXINGPRODUCTSTYLES>No</ISWAREHOUSELOCATIONALLOWINGMIXINGPRODUCTSTYLES><ISWAREHOUSELOCATIONALLOWINGMIXINGPRODUCTVERSIONS>No</ISWAREHOUSELOCATIONALLOWINGMIXINGPRODUCTVERSIONS><ISWAREHOUSELOCATIONENABLINGMIXINGPRODUCTDIMENSIONS>No</ISWAREHOUSELOCATIONENABLINGMIXINGPRODUCTDIMENSIONS><MAXIMUMLOCATIONWEIGHT>0.000000000000</MAXIMUMLOCATIONWEIGHT><OVERRIDERULESFORBATCHDAYS>No</OVERRIDERULESFORBATCHDAYS><PROFILEID>FLOOR</PROFILEID><PROFILENAME>Floor</PROFILENAME><REPLENISHMENTOVERFLOWCAPACITYPERCENTAGE>0.000000</REPLENISHMENTOVERFLOWCAPACITYPERCENTAGE><REPLENISHMENTOVERFLOWCAPACITYQUANTITY>0.000000</REPLENISHMENTOVERFLOWCAPACITYQUANTITY><REPLENISHMENTOVERFLOWCAPACITYUNITSYMBOL></REPLENISHMENTOVERFLOWCAPACITYUNITSYMBOL><STORAGEUNITSYMBOL></STORAGEUNITSYMBOL><USABLELOCATIONDEPTH>0.000000</USABLELOCATIONDEPTH><USABLELOCATIONHEIGHT>0.000000</USABLELOCATIONHEIGHT><USABLELOCATIONVOLUME>0.000000</USABLELOCATIONVOLUME><USABLELOCATIONWIDTH>0.000000</USABLELOCATIONWIDTH><USELICENSEPLATETRACKING>Yes</USELICENSEPLATETRACKING><VOLUMEUTILIZATIONPERCENTAGE>0.000000</VOLUMEUTILIZATIONPERCENTAGE><WAREHOUSELOCATIONFORMATID>FLOOR</WAREHOUSELOCATIONFORMATID><WAREHOUSELOCATIONTYPEID>FLOOR</WAREHOUSELOCATIONTYPEID><WAREHOUSELOCATIONVOLUMETRICMETHOD>UsableDimensions</WAREHOUSELOCATIONVOLUMETRICMETHOD><WILLMOBILEDEVICEDISPLAYLICENSEPLATEPOSITION>No</WILLMOBILEDEVICEDISPLAYLICENSEPLATEPOSITION><WORKAVAILABILITYTHRESHOLDTYPE>Quantity</WORKAVAILABILITYTHRESHOLDTYPE></WHSWAREHOUSELOCATIONPROFILEENTITY><WHSWAREHOUSELOCATIONPROFILEENTITY><ACTUALLOCATIONDEPTH>0.000000</ACTUALLOCATIONDEPTH><ACTUALLOCATIONHEIGHT>0.000000</ACTUALLOCATIONHEIGHT><ACTUALLOCATIONVOLUME>0.000000</ACTUALLOCATIONVOLUME><ACTUALLOCATIONWIDTH>0.000000</ACTUALLOCATIONWIDTH><ALLOWEDCONTAINERTYPEGROUPNAME></ALLOWEDCONTAINERTYPEGROUPNAME><CANREPLENISHMENTEXCEEDLOCATIONCAPACITY>No</CANREPLENISHMENTEXCEEDLOCATIONCAPACITY><DOCKMANAGEMENTPROFILEID></DOCKMANAGEMENTPROFILEID><GENERATECHECKDIGIT>No</GENERATECHECKDIGIT><ISITEMINLOCATIONUPDATEENABLED>No</ISITEMINLOCATIONUPDATEENABLED><ISLOCATIONACTIVITYDATETIMEUPDATEENABLED>No</ISLOCATIONACTIVITYDATETIMEUPDATEENABLED><ISLOCATIONALLOWINGCYCLECOUNTING>No</ISLOCATIONALLOWINGCYCLECOUNTING><ISLOCATIONALLOWINGMIXEDITEMBATCHES>Yes</ISLOCATIONALLOWINGMIXEDITEMBATCHES><ISLOCATIONALLOWINGMIXEDITEMS>Yes</ISLOCATIONALLOWINGMIXEDITEMS><ISLOCATIONALLOWINGMIXEDITEMSTATUSES>Yes</ISLOCATIONALLOWINGMIXEDITEMSTATUSES><ISLOCATIONALLOWINGNEGATIVEINVENTORY>No</ISLOCATIONALLOWINGNEGATIVEINVENTORY><ISLOCATIONLICENSEPLATEPOSITIONINGENABLED>No</ISLOCATIONLICENSEPLATEPOSITIONINGENABLED><ISLOCATIONSTATUSUPDATEENABLED>No</ISLOCATIONSTATUSUPDATEENABLED><ISWAREHOUSELOCATIONALLOWINGMIXINGPRODUCTCOLORS>No</ISWAREHOUSELOCATIONALLOWINGMIXINGPRODUCTCOLORS><ISWAREHOUSELOCATIONALLOWINGMIXINGPRODUCTCONFIGURATIONS>No</ISWAREHOUSELOCATIONALLOWINGMIXINGPRODUCTCONFIGURATIONS><ISWAREHOUSELOCATIONALLOWINGMIXINGPRODUCTSIZES>No</ISWAREHOUSELOCATIONALLOWINGMIXINGPRODUCTSIZES><ISWAREHOUSELOCATIONALLOWINGMIXINGPRODUCTSTYLES>No</ISWAREHOUSELOCATIONALLOWINGMIXINGPRODUCTSTYLES><ISWAREHOUSELOCATIONALLOWINGMIXINGPRODUCTVERSIONS>No</ISWAREHOUSELOCATIONALLOWINGMIXINGPRODUCTVERSIONS><ISWAREHOUSELOCATIONENABLINGMIXINGPRODUCTDIMENSIONS>No</ISWAREHOUSELOCATIONENABLINGMIXINGPRODUCTDIMENSIONS><MAXIMUMLOCATIONWEIGHT>0.000000000000</MAXIMUMLOCATIONWEIGHT><OVERRIDERULESFORBATCHDAYS>No</OVERRIDERULESFORBATCHDAYS><PROFILEID>RECEIVING</PROFILEID><PROFILENAME>Receiving</PROFILENAME><REPLENISHMENTOVERFLOWCAPACITYPERCENTAGE>0.000000</REPLENISHMENTOVERFLOWCAPACITYPERCENTAGE><REPLENISHMENTOVERFLOWCAPACITYQUANTITY>0.000000</REPLENISHMENTOVERFLOWCAPACITYQUANTITY><REPLENISHMENTOVERFLOWCAPACITYUNITSYMBOL></REPLENISHMENTOVERFLOWCAPACITYUNITSYMBOL><STORAGEUNITSYMBOL></STORAGEUNITSYMBOL><USABLELOCATIONDEPTH>0.000000</USABLELOCATIONDEPTH><USABLELOCATIONHEIGHT>0.000000</USABLELOCATIONHEIGHT><USABLELOCATIONVOLUME>0.000000</USABLELOCATIONVOLUME><USABLELOCATIONWIDTH>0.000000</USABLELOCATIONWIDTH><USELICENSEPLATETRACKING>Yes</USELICENSEPLATETRACKING><VOLUMEUTILIZATIONPERCENTAGE>0.000000</VOLUMEUTILIZATIONPERCENTAGE><WAREHOUSELOCATIONFORMATID>RECEIVING</WAREHOUSELOCATIONFORMATID><WAREHOUSELOCATIONTYPEID>RECEIVING</WAREHOUSELOCATIONTYPEID><WAREHOUSELOCATIONVOLUMETRICMETHOD>UsableDimensions</WAREHOUSELOCATIONVOLUMETRICMETHOD><WILLMOBILEDEVICEDISPLAYLICENSEPLATEPOSITION>No</WILLMOBILEDEVICEDISPLAYLICENSEPLATEPOSITION><WORKAVAILABILITYTHRESHOLDTYPE>Quantity</WORKAVAILABILITYTHRESHOLDTYPE></WHSWAREHOUSELOCATIONPROFILEENTITY><WHSWAREHOUSELOCATIONPROFILEENTITY><ACTUALLOCATIONDEPTH>0.000000</ACTUALLOCATIONDEPTH><ACTUALLOCATIONHEIGHT>0.000000</ACTUALLOCATIONHEIGHT><ACTUALLOCATIONVOLUME>0.000000</ACTUALLOCATIONVOLUME><ACTUALLOCATIONWIDTH>0.000000</ACTUALLOCATIONWIDTH><ALLOWEDCONTAINERTYPEGROUPNAME></ALLOWEDCONTAINERTYPEGROUPNAME><CANREPLENISHMENTEXCEEDLOCATIONCAPACITY>No</CANREPLENISHMENTEXCEEDLOCATIONCAPACITY><DOCKMANAGEMENTPROFILEID></DOCKMANAGEMENTPROFILEID><GENERATECHECKDIGIT>No</GENERATECHECKDIGIT><ISITEMINLOCATIONUPDATEENABLED>No</ISITEMINLOCATIONUPDATEENABLED><ISLOCATIONACTIVITYDATETIMEUPDATEENABLED>No</ISLOCATIONACTIVITYDATETIMEUPDATEENABLED><ISLOCATIONALLOWINGCYCLECOUNTING>No</ISLOCATIONALLOWINGCYCLECOUNTING><ISLOCATIONALLOWINGMIXEDITEMBATCHES>Yes</ISLOCATIONALLOWINGMIXEDITEMBATCHES><ISLOCATIONALLOWINGMIXEDITEMS>Yes</ISLOCATIONALLOWINGMIXEDITEMS><ISLOCATIONALLOWINGMIXEDITEMSTATUSES>Yes</ISLOCATIONALLOWINGMIXEDITEMSTATUSES><ISLOCATIONALLOWINGNEGATIVEINVENTORY>No</ISLOCATIONALLOWINGNEGATIVEINVENTORY><ISLOCATIONLICENSEPLATEPOSITIONINGENABLED>No</ISLOCATIONLICENSEPLATEPOSITIONINGENABLED><ISLOCATIONSTATUSUPDATEENABLED>No</ISLOCATIONSTATUSUPDATEENABLED><ISWAREHOUSELOCATIONALLOWINGMIXINGPRODUCTCOLORS>No</ISWAREHOUSELOCATIONALLOWINGMIXINGPRODUCTCOLORS><ISWAREHOUSELOCATIONALLOWINGMIXINGPRODUCTCONFIGURATIONS>No</ISWAREHOUSELOCATIONALLOWINGMIXINGPRODUCTCONFIGURATIONS><ISWAREHOUSELOCATIONALLOWINGMIXINGPRODUCTSIZES>No</ISWAREHOUSELOCATIONALLOWINGMIXINGPRODUCTSIZES><ISWAREHOUSELOCATIONALLOWINGMIXINGPRODUCTSTYLES>No</ISWAREHOUSELOCATIONALLOWINGMIXINGPRODUCTSTYLES><ISWAREHOUSELOCATIONALLOWINGMIXINGPRODUCTVERSIONS>No</ISWAREHOUSELOCATIONALLOWINGMIXINGPRODUCTVERSIONS><ISWAREHOUSELOCATIONENABLINGMIXINGPRODUCTDIMENSIONS>No</ISWAREHOUSELOCATIONENABLINGMIXINGPRODUCTDIMENSIONS><MAXIMUMLOCATIONWEIGHT>0.000000000000</MAXIMUMLOCATIONWEIGHT><OVERRIDERULESFORBATCHDAYS>No</OVERRIDERULESFORBATCHDAYS><PROFILEID>SHIPPING</PROFILEID><PROFILENAME>Shipping</PROFILENAME><REPLENISHMENTOVERFLOWCAPACITYPERCENTAGE>0.000000</REPLENISHMENTOVERFLOWCAPACITYPERCENTAGE><REPLENISHMENTOVERFLOWCAPACITYQUANTITY>0.000000</REPLENISHMENTOVERFLOWCAPACITYQUANTITY><REPLENISHMENTOVERFLOWCAPACITYUNITSYMBOL></REPLENISHMENTOVERFLOWCAPACITYUNITSYMBOL><STORAGEUNITSYMBOL></STORAGEUNITSYMBOL><USABLELOCATIONDEPTH>0.000000</USABLELOCATIONDEPTH><USABLELOCATIONHEIGHT>0.000000</USABLELOCATIONHEIGHT><USABLELOCATIONVOLUME>0.000000</USABLELOCATIONVOLUME><USABLELOCATIONWIDTH>0.000000</USABLELOCATIONWIDTH><USELICENSEPLATETRACKING>Yes</USELICENSEPLATETRACKING><VOLUMEUTILIZATIONPERCENTAGE>0.000000</VOLUMEUTILIZATIONPERCENTAGE><WAREHOUSELOCATIONFORMATID>SHIPPING</WAREHOUSELOCATIONFORMATID><WAREHOUSELOCATIONTYPEID>SHIPPING</WAREHOUSELOCATIONTYPEID><WAREHOUSELOCATIONVOLUMETRICMETHOD>UsableDimensions</WAREHOUSELOCATIONVOLUMETRICMETHOD><WILLMOBILEDEVICEDISPLAYLICENSEPLATEPOSITION>No</WILLMOBILEDEVICEDISPLAYLICENSEPLATEPOSITION><WORKAVAILABILITYTHRESHOLDTYPE>Quantity</WORKAVAILABILITYTHRESHOLDTYPE></WHSWAREHOUSELOCATIONPROFILEENTITY><WHSWAREHOUSELOCATIONPROFILEENTITY><ACTUALLOCATIONDEPTH>0.000000</ACTUALLOCATIONDEPTH><ACTUALLOCATIONHEIGHT>0.000000</ACTUALLOCATIONHEIGHT><ACTUALLOCATIONVOLUME>0.000000</ACTUALLOCATIONVOLUME><ACTUALLOCATIONWIDTH>0.000000</ACTUALLOCATIONWIDTH><ALLOWEDCONTAINERTYPEGROUPNAME></ALLOWEDCONTAINERTYPEGROUPNAME><CANREPLENISHMENTEXCEEDLOCATIONCAPACITY>No</CANREPLENISHMENTEXCEEDLOCATIONCAPACITY><DOCKMANAGEMENTPROFILEID></DOCKMANAGEMENTPROFILEID><GENERATECHECKDIGIT>No</GENERATECHECKDIGIT><ISITEMINLOCATIONUPDATEENABLED>No</ISITEMINLOCATIONUPDATEENABLED><ISLOCATIONACTIVITYDATETIMEUPDATEENABLED>No</ISLOCATIONACTIVITYDATETIMEUPDATEENABLED><ISLOCATIONALLOWINGCYCLECOUNTING>No</ISLOCATIONALLOWINGCYCLECOUNTING><ISLOCATIONALLOWINGMIXEDITEMBATCHES>Yes</ISLOCATIONALLOWINGMIXEDITEMBATCHES><ISLOCATIONALLOWINGMIXEDITEMS>Yes</ISLOCATIONALLOWINGMIXEDITEMS><ISLOCATIONALLOWINGMIXEDITEMSTATUSES>Yes</ISLOCATIONALLOWINGMIXEDITEMSTATUSES><ISLOCATIONALLOWINGNEGATIVEINVENTORY>No</ISLOCATIONALLOWINGNEGATIVEINVENTORY><ISLOCATIONLICENSEPLATEPOSITIONINGENABLED>No</ISLOCATIONLICENSEPLATEPOSITIONINGENABLED><ISLOCATIONSTATUSUPDATEENABLED>No</ISLOCATIONSTATUSUPDATEENABLED><ISWAREHOUSELOCATIONALLOWINGMIXINGPRODUCTCOLORS>No</ISWAREHOUSELOCATIONALLOWINGMIXINGPRODUCTCOLORS><ISWAREHOUSELOCATIONALLOWINGMIXINGPRODUCTCONFIGURATIONS>No</ISWAREHOUSELOCATIONALLOWINGMIXINGPRODUCTCONFIGURATIONS><ISWAREHOUSELOCATIONALLOWINGMIXINGPRODUCTSIZES>No</ISWAREHOUSELOCATIONALLOWINGMIXINGPRODUCTSIZES><ISWAREHOUSELOCATIONALLOWINGMIXINGPRODUCTSTYLES>No</ISWAREHOUSELOCATIONALLOWINGMIXINGPRODUCTSTYLES><ISWAREHOUSELOCATIONALLOWINGMIXINGPRODUCTVERSIONS>No</ISWAREHOUSELOCATIONALLOWINGMIXINGPRODUCTVERSIONS><ISWAREHOUSELOCATIONENABLINGMIXINGPRODUCTDIMENSIONS>No</ISWAREHOUSELOCATIONENABLINGMIXINGPRODUCTDIMENSIONS><MAXIMUMLOCATIONWEIGHT>0.000000000000</MAXIMUMLOCATIONWEIGHT><OVERRIDERULESFORBATCHDAYS>No</OVERRIDERULESFORBATCHDAYS><PROFILEID>USER</PROFILEID><PROFILENAME>User</PROFILENAME><REPLENISHMENTOVERFLOWCAPACITYPERCENTAGE>0.000000</REPLENISHMENTOVERFLOWCAPACITYPERCENTAGE><REPLENISHMENTOVERFLOWCAPACITYQUANTITY>0.000000</REPLENISHMENTOVERFLOWCAPACITYQUANTITY><REPLENISHMENTOVERFLOWCAPACITYUNITSYMBOL></REPLENISHMENTOVERFLOWCAPACITYUNITSYMBOL><STORAGEUNITSYMBOL></STORAGEUNITSYMBOL><USABLELOCATIONDEPTH>0.000000</USABLELOCATIONDEPTH><USABLELOCATIONHEIGHT>0.000000</USABLELOCATIONHEIGHT><USABLELOCATIONVOLUME>0.000000</USABLELOCATIONVOLUME><USABLELOCATIONWIDTH>0.000000</USABLELOCATIONWIDTH><USELICENSEPLATETRACKING>Yes</USELICENSEPLATETRACKING><VOLUMEUTILIZATIONPERCENTAGE>0.000000</VOLUMEUTILIZATIONPERCENTAGE><WAREHOUSELOCATIONFORMATID>USER</WAREHOUSELOCATIONFORMATID><WAREHOUSELOCATIONTYPEID>USER</WAREHOUSELOCATIONTYPEID><WAREHOUSELOCATIONVOLUMETRICMETHOD>UsableDimensions</WAREHOUSELOCATIONVOLUMETRICMETHOD><WILLMOBILEDEVICEDISPLAYLICENSEPLATEPOSITION>No</WILLMOBILEDEVICEDISPLAYLICENSEPLATEPOSITION><WORKAVAILABILITYTHRESHOLDTYPE>Quantity</WORKAVAILABILITYTHRESHOLDTYPE></WHSWAREHOUSELOCATIONPROFILEENTITY></Document>