﻿<?xml version="1.0" encoding="utf-8"?><Document><INVENTWAREHOUSEENTITY><AREADVANCEDWAREHOUSEMANAGEMENTPROCESSESENABLED>No</AREADVANCEDWAREHOUSEMANAGEMENTPROCESSESENABLED><AREITEMSCOVERAGEPLANNEDMANUALLY>No</AREITEMSCOVERAGEPLANNEDMANUALLY><ARELABORSTANDARDSALLOWED>No</ARELABORSTANDARDSALLOWED><AREPICKINGLISTSDELIVERYMODESPECIFIC>No</AREPICKINGLISTSDELIVERYMODESPECIFIC><AREPICKINGLISTSSHIPMENTSPECIFICONLY>No</AREPICKINGLISTSSHIPMENTSPECIFICONLY><AREWAREHOUSELOCATIONCHECKDIGITSUNIQUE>No</AREWAREHOUSELOCATIONCHECKDIGITSUNIQUE><AUTOUPDATESHIPMENTRULE>OnQuantityDecrease</AUTOUPDATESHIPMENTRULE><DEFAULTCONTAINERTYPEID></DEFAULTCONTAINERTYPEID><EXTERNALLYLOCATEDWAREHOUSEVENDORACCOUNTNUMBER></EXTERNALLYLOCATEDWAREHOUSEVENDORACCOUNTNUMBER><FORMATTEDPRIMARYADDRESS>Waterdeep,SC 
FAE</FORMATTEDPRIMARYADDRESS><GOODSINTRANSITWAREHOUSEID></GOODSINTRANSITWAREHOUSEID><INVENTORYCOUNTINGREASONCODEPOLICYNAME></INVENTORYCOUNTINGREASONCODEPOLICYNAME><INVENTORYSTATUSCHANGERESERVATIONREMOVALLEVEL>None</INVENTORYSTATUSCHANGERESERVATIONREMOVALLEVEL><ISBILLOFLADINGPRINTINGBEFORESHIPMENTCONFIRMATIONENABLED>No</ISBILLOFLADINGPRINTINGBEFORESHIPMENTCONFIRMATIONENABLED><ISFALLBACKWAREHOUSE>No</ISFALLBACKWAREHOUSE><ISFINANCIALNEGATIVERETAILSTOREINVENTORYALLOWED>No</ISFINANCIALNEGATIVERETAILSTOREINVENTORYALLOWED><ISPALLETMOVEMENTDURINGCYCLECOUNTINGALLOWED>No</ISPALLETMOVEMENTDURINGCYCLECOUNTINGALLOWED><ISPHYSICALNEGATIVERETAILSTOREINVENTORYALLOWED>No</ISPHYSICALNEGATIVERETAILSTOREINVENTORYALLOWED><ISPRIMARYADDRESSASSIGNED>Yes</ISPRIMARYADDRESSASSIGNED><ISREFILLEDFROMMAINWAREHOUSE>No</ISREFILLEDFROMMAINWAREHOUSE><ISRETAILSTOREWAREHOUSE>No</ISRETAILSTOREWAREHOUSE><LANGUAGEUSEDFORDOMESTICHAZARDOUSMATERIALSSHIPPINGDOCUMENTS></LANGUAGEUSEDFORDOMESTICHAZARDOUSMATERIALSSHIPPINGDOCUMENTS><LANGUAGEUSEDFOREXPORTHAZARDOUSMATERIALSSHIPPINGDOCUMENTS></LANGUAGEUSEDFOREXPORTHAZARDOUSMATERIALSSHIPPINGDOCUMENTS><LOADRELEASERESERVATIONPOLICYRULE>Error</LOADRELEASERESERVATIONPOLICYRULE><MAINREFILLINGWAREHOUSEID></MAINREFILLINGWAREHOUSEID><MASTERPLANNINGWORKCALENDARDID></MASTERPLANNINGWORKCALENDARDID><MAXIMUMBATCHPICKINGLISTQUANTITY>0</MAXIMUMBATCHPICKINGLISTQUANTITY><MAXIMUMPICKINGLISTLINEQUANTITY>0</MAXIMUMPICKINGLISTLINEQUANTITY><OPERATIONALSITEID>WD</OPERATIONALSITEID><PRIMARYADDRESSBUILDINGCOMPLIMENT></PRIMARYADDRESSBUILDINGCOMPLIMENT><PRIMARYADDRESSCITY>Waterdeep</PRIMARYADDRESSCITY><PRIMARYADDRESSCOUNTRYREGIONID>FAE</PRIMARYADDRESSCOUNTRYREGIONID><PRIMARYADDRESSCOUNTYID></PRIMARYADDRESSCOUNTYID><PRIMARYADDRESSDESCRIPTION>Waterdeep Store</PRIMARYADDRESSDESCRIPTION><PRIMARYADDRESSDISTRICTNAME></PRIMARYADDRESSDISTRICTNAME><PRIMARYADDRESSLATITUDE>0.0000000000</PRIMARYADDRESSLATITUDE><PRIMARYADDRESSLOCATIONROLES>Delivery</PRIMARYADDRESSLOCATIONROLES><PRIMARYADDRESSLOCATIONSALESTAXGROUPCODE></PRIMARYADDRESSLOCATIONSALESTAXGROUPCODE><PRIMARYADDRESSLONGITUDE>0.0000000000</PRIMARYADDRESSLONGITUDE><PRIMARYADDRESSPOSTBOX></PRIMARYADDRESSPOSTBOX><PRIMARYADDRESSSTATEID>SC</PRIMARYADDRESSSTATEID><PRIMARYADDRESSSTREET></PRIMARYADDRESSSTREET><PRIMARYADDRESSSTREETNUMBER></PRIMARYADDRESSSTREETNUMBER><PRIMARYADDRESSTIMEZONE></PRIMARYADDRESSTIMEZONE><PRIMARYADDRESSZIPCODE></PRIMARYADDRESSZIPCODE><QUARANTINEWAREHOUSEID></QUARANTINEWAREHOUSEID><RAWMATERIALPICKINGINVENTORYISSUESTATUS>Pick</RAWMATERIALPICKINGINVENTORYISSUESTATUS><REPORTASFINISHEDPOSTINGMETHOD>Inherit</REPORTASFINISHEDPOSTINGMETHOD><RETAILSTOREQUANTITYALLOCATIONREPLENISMENTRULEWEIGHT>0.000000</RETAILSTOREQUANTITYALLOCATIONREPLENISMENTRULEWEIGHT><SHOULDWAREHOUSELOCATIONIDINCLUDEAISLEID>Yes</SHOULDWAREHOUSELOCATIONIDINCLUDEAISLEID><TRANSITWAREHOUSEID></TRANSITWAREHOUSEID><UNDERDELIVERYWAREHOUSEID></UNDERDELIVERYWAREHOUSEID><WAREHOUSEID>WD-STORE</WAREHOUSEID><WAREHOUSELOCATIONIDBINIDFORMAT></WAREHOUSELOCATIONIDBINIDFORMAT><WAREHOUSELOCATIONIDRACKIDFORMAT></WAREHOUSELOCATIONIDRACKIDFORMAT><WAREHOUSELOCATIONIDSHELFIDFORMAT></WAREHOUSELOCATIONIDSHELFIDFORMAT><WAREHOUSENAME>Waterdeep Store</WAREHOUSENAME><WAREHOUSERELEASERESERVATIONREQUIREMENTRULE>NotApplicable</WAREHOUSERELEASERESERVATIONREQUIREMENTRULE><WAREHOUSESPECIFICDEFAULTINVENTORYSTATUSID></WAREHOUSESPECIFICDEFAULTINVENTORYSTATUSID><WAREHOUSETYPE>Standard</WAREHOUSETYPE><WAREHOUSEWORKPROCESSINGPOLICYNAME></WAREHOUSEWORKPROCESSINGPOLICYNAME><WILLAUTOMATICLOADRELEASERESERVEINVENTORY>No</WILLAUTOMATICLOADRELEASERESERVEINVENTORY><WILLINVENTORYSTATUSCHANGEREMOVEBLOCKING>No</WILLINVENTORYSTATUSCHANGEREMOVEBLOCKING><WILLMANUALLOADRELEASERESERVEINVENTORY>No</WILLMANUALLOADRELEASERESERVEINVENTORY><WILLORDERRELEASINGCONSOLIDATESHIPMENTS>No</WILLORDERRELEASINGCONSOLIDATESHIPMENTS><WILLPRODUCTIONBOMSRESERVEWAREHOUSELEVELONLY>No</WILLPRODUCTIONBOMSRESERVEWAREHOUSELEVELONLY><WILLSHIPPINGCANCELLATIONDECREMENTLOADQUANITY>No</WILLSHIPPINGCANCELLATIONDECREMENTLOADQUANITY><WILLWAREHOUSELOCATIONIDINCLUDEBINIDBYDEFAULT>No</WILLWAREHOUSELOCATIONIDINCLUDEBINIDBYDEFAULT><WILLWAREHOUSELOCATIONIDINCLUDERACKIDBYDEFAULT>No</WILLWAREHOUSELOCATIONIDINCLUDERACKIDBYDEFAULT><WILLWAREHOUSELOCATIONIDINCLUDESHELFIDBYDEFAULT>No</WILLWAREHOUSELOCATIONIDINCLUDESHELFIDBYDEFAULT></INVENTWAREHOUSEENTITY><INVENTWAREHOUSEENTITY><AREADVANCEDWAREHOUSEMANAGEMENTPROCESSESENABLED>Yes</AREADVANCEDWAREHOUSEMANAGEMENTPROCESSESENABLED><AREITEMSCOVERAGEPLANNEDMANUALLY>No</AREITEMSCOVERAGEPLANNEDMANUALLY><ARELABORSTANDARDSALLOWED>No</ARELABORSTANDARDSALLOWED><AREPICKINGLISTSDELIVERYMODESPECIFIC>No</AREPICKINGLISTSDELIVERYMODESPECIFIC><AREPICKINGLISTSSHIPMENTSPECIFICONLY>No</AREPICKINGLISTSSHIPMENTSPECIFICONLY><AREWAREHOUSELOCATIONCHECKDIGITSUNIQUE>No</AREWAREHOUSELOCATIONCHECKDIGITSUNIQUE><AUTOUPDATESHIPMENTRULE>OnQuantityDecrease</AUTOUPDATESHIPMENTRULE><DEFAULTCONTAINERTYPEID></DEFAULTCONTAINERTYPEID><EXTERNALLYLOCATEDWAREHOUSEVENDORACCOUNTNUMBER></EXTERNALLYLOCATEDWAREHOUSEVENDORACCOUNTNUMBER><FORMATTEDPRIMARYADDRESS>Dockside
Trades Ward
Waterdeep,SC WD-1001-TW
FAE</FORMATTEDPRIMARYADDRESS><GOODSINTRANSITWAREHOUSEID></GOODSINTRANSITWAREHOUSEID><INVENTORYCOUNTINGREASONCODEPOLICYNAME></INVENTORYCOUNTINGREASONCODEPOLICYNAME><INVENTORYSTATUSCHANGERESERVATIONREMOVALLEVEL>None</INVENTORYSTATUSCHANGERESERVATIONREMOVALLEVEL><ISBILLOFLADINGPRINTINGBEFORESHIPMENTCONFIRMATIONENABLED>No</ISBILLOFLADINGPRINTINGBEFORESHIPMENTCONFIRMATIONENABLED><ISFALLBACKWAREHOUSE>No</ISFALLBACKWAREHOUSE><ISFINANCIALNEGATIVERETAILSTOREINVENTORYALLOWED>No</ISFINANCIALNEGATIVERETAILSTOREINVENTORYALLOWED><ISPALLETMOVEMENTDURINGCYCLECOUNTINGALLOWED>Yes</ISPALLETMOVEMENTDURINGCYCLECOUNTINGALLOWED><ISPHYSICALNEGATIVERETAILSTOREINVENTORYALLOWED>No</ISPHYSICALNEGATIVERETAILSTOREINVENTORYALLOWED><ISPRIMARYADDRESSASSIGNED>Yes</ISPRIMARYADDRESSASSIGNED><ISREFILLEDFROMMAINWAREHOUSE>No</ISREFILLEDFROMMAINWAREHOUSE><ISRETAILSTOREWAREHOUSE>No</ISRETAILSTOREWAREHOUSE><LANGUAGEUSEDFORDOMESTICHAZARDOUSMATERIALSSHIPPINGDOCUMENTS></LANGUAGEUSEDFORDOMESTICHAZARDOUSMATERIALSSHIPPINGDOCUMENTS><LANGUAGEUSEDFOREXPORTHAZARDOUSMATERIALSSHIPPINGDOCUMENTS></LANGUAGEUSEDFOREXPORTHAZARDOUSMATERIALSSHIPPINGDOCUMENTS><LOADRELEASERESERVATIONPOLICYRULE>Error</LOADRELEASERESERVATIONPOLICYRULE><MAINREFILLINGWAREHOUSEID></MAINREFILLINGWAREHOUSEID><MASTERPLANNINGWORKCALENDARDID></MASTERPLANNINGWORKCALENDARDID><MAXIMUMBATCHPICKINGLISTQUANTITY>0</MAXIMUMBATCHPICKINGLISTQUANTITY><MAXIMUMPICKINGLISTLINEQUANTITY>0</MAXIMUMPICKINGLISTLINEQUANTITY><OPERATIONALSITEID>WD</OPERATIONALSITEID><PRIMARYADDRESSBUILDINGCOMPLIMENT></PRIMARYADDRESSBUILDINGCOMPLIMENT><PRIMARYADDRESSCITY>Waterdeep</PRIMARYADDRESSCITY><PRIMARYADDRESSCOUNTRYREGIONID>FAE</PRIMARYADDRESSCOUNTRYREGIONID><PRIMARYADDRESSCOUNTYID></PRIMARYADDRESSCOUNTYID><PRIMARYADDRESSDESCRIPTION>Waterdeep Trading Company Warehouse</PRIMARYADDRESSDESCRIPTION><PRIMARYADDRESSDISTRICTNAME>Trades Ward</PRIMARYADDRESSDISTRICTNAME><PRIMARYADDRESSLATITUDE>0.0000000000</PRIMARYADDRESSLATITUDE><PRIMARYADDRESSLOCATIONROLES>Delivery</PRIMARYADDRESSLOCATIONROLES><PRIMARYADDRESSLOCATIONSALESTAXGROUPCODE></PRIMARYADDRESSLOCATIONSALESTAXGROUPCODE><PRIMARYADDRESSLONGITUDE>0.0000000000</PRIMARYADDRESSLONGITUDE><PRIMARYADDRESSPOSTBOX></PRIMARYADDRESSPOSTBOX><PRIMARYADDRESSSTATEID>SC</PRIMARYADDRESSSTATEID><PRIMARYADDRESSSTREET>Dockside</PRIMARYADDRESSSTREET><PRIMARYADDRESSSTREETNUMBER></PRIMARYADDRESSSTREETNUMBER><PRIMARYADDRESSTIMEZONE></PRIMARYADDRESSTIMEZONE><PRIMARYADDRESSZIPCODE>WD-1001-TW</PRIMARYADDRESSZIPCODE><QUARANTINEWAREHOUSEID></QUARANTINEWAREHOUSEID><RAWMATERIALPICKINGINVENTORYISSUESTATUS>Pick</RAWMATERIALPICKINGINVENTORYISSUESTATUS><REPORTASFINISHEDPOSTINGMETHOD>Inherit</REPORTASFINISHEDPOSTINGMETHOD><RETAILSTOREQUANTITYALLOCATIONREPLENISMENTRULEWEIGHT>0.000000</RETAILSTOREQUANTITYALLOCATIONREPLENISMENTRULEWEIGHT><SHOULDWAREHOUSELOCATIONIDINCLUDEAISLEID>No</SHOULDWAREHOUSELOCATIONIDINCLUDEAISLEID><TRANSITWAREHOUSEID></TRANSITWAREHOUSEID><UNDERDELIVERYWAREHOUSEID></UNDERDELIVERYWAREHOUSEID><WAREHOUSEID>WD-WH</WAREHOUSEID><WAREHOUSELOCATIONIDBINIDFORMAT></WAREHOUSELOCATIONIDBINIDFORMAT><WAREHOUSELOCATIONIDRACKIDFORMAT></WAREHOUSELOCATIONIDRACKIDFORMAT><WAREHOUSELOCATIONIDSHELFIDFORMAT></WAREHOUSELOCATIONIDSHELFIDFORMAT><WAREHOUSENAME>Waterdeep Warehouse</WAREHOUSENAME><WAREHOUSERELEASERESERVATIONREQUIREMENTRULE>AllowPartialReservation</WAREHOUSERELEASERESERVATIONREQUIREMENTRULE><WAREHOUSESPECIFICDEFAULTINVENTORYSTATUSID>AVAILABLE</WAREHOUSESPECIFICDEFAULTINVENTORYSTATUSID><WAREHOUSETYPE>Standard</WAREHOUSETYPE><WAREHOUSEWORKPROCESSINGPOLICYNAME></WAREHOUSEWORKPROCESSINGPOLICYNAME><WILLAUTOMATICLOADRELEASERESERVEINVENTORY>No</WILLAUTOMATICLOADRELEASERESERVEINVENTORY><WILLINVENTORYSTATUSCHANGEREMOVEBLOCKING>No</WILLINVENTORYSTATUSCHANGEREMOVEBLOCKING><WILLMANUALLOADRELEASERESERVEINVENTORY>No</WILLMANUALLOADRELEASERESERVEINVENTORY><WILLORDERRELEASINGCONSOLIDATESHIPMENTS>No</WILLORDERRELEASINGCONSOLIDATESHIPMENTS><WILLPRODUCTIONBOMSRESERVEWAREHOUSELEVELONLY>No</WILLPRODUCTIONBOMSRESERVEWAREHOUSELEVELONLY><WILLSHIPPINGCANCELLATIONDECREMENTLOADQUANITY>No</WILLSHIPPINGCANCELLATIONDECREMENTLOADQUANITY><WILLWAREHOUSELOCATIONIDINCLUDEBINIDBYDEFAULT>No</WILLWAREHOUSELOCATIONIDINCLUDEBINIDBYDEFAULT><WILLWAREHOUSELOCATIONIDINCLUDERACKIDBYDEFAULT>No</WILLWAREHOUSELOCATIONIDINCLUDERACKIDBYDEFAULT><WILLWAREHOUSELOCATIONIDINCLUDESHELFIDBYDEFAULT>No</WILLWAREHOUSELOCATIONIDINCLUDESHELFIDBYDEFAULT></INVENTWAREHOUSEENTITY><INVENTWAREHOUSEENTITY><AREADVANCEDWAREHOUSEMANAGEMENTPROCESSESENABLED>No</AREADVANCEDWAREHOUSEMANAGEMENTPROCESSESENABLED><AREITEMSCOVERAGEPLANNEDMANUALLY>No</AREITEMSCOVERAGEPLANNEDMANUALLY><ARELABORSTANDARDSALLOWED>No</ARELABORSTANDARDSALLOWED><AREPICKINGLISTSDELIVERYMODESPECIFIC>No</AREPICKINGLISTSDELIVERYMODESPECIFIC><AREPICKINGLISTSSHIPMENTSPECIFICONLY>No</AREPICKINGLISTSSHIPMENTSPECIFICONLY><AREWAREHOUSELOCATIONCHECKDIGITSUNIQUE>No</AREWAREHOUSELOCATIONCHECKDIGITSUNIQUE><AUTOUPDATESHIPMENTRULE>OnQuantityDecrease</AUTOUPDATESHIPMENTRULE><DEFAULTCONTAINERTYPEID></DEFAULTCONTAINERTYPEID><EXTERNALLYLOCATEDWAREHOUSEVENDORACCOUNTNUMBER></EXTERNALLYLOCATEDWAREHOUSEVENDORACCOUNTNUMBER><FORMATTEDPRIMARYADDRESS></FORMATTEDPRIMARYADDRESS><GOODSINTRANSITWAREHOUSEID></GOODSINTRANSITWAREHOUSEID><INVENTORYCOUNTINGREASONCODEPOLICYNAME></INVENTORYCOUNTINGREASONCODEPOLICYNAME><INVENTORYSTATUSCHANGERESERVATIONREMOVALLEVEL>None</INVENTORYSTATUSCHANGERESERVATIONREMOVALLEVEL><ISBILLOFLADINGPRINTINGBEFORESHIPMENTCONFIRMATIONENABLED>No</ISBILLOFLADINGPRINTINGBEFORESHIPMENTCONFIRMATIONENABLED><ISFALLBACKWAREHOUSE>No</ISFALLBACKWAREHOUSE><ISFINANCIALNEGATIVERETAILSTOREINVENTORYALLOWED>No</ISFINANCIALNEGATIVERETAILSTOREINVENTORYALLOWED><ISPALLETMOVEMENTDURINGCYCLECOUNTINGALLOWED>No</ISPALLETMOVEMENTDURINGCYCLECOUNTINGALLOWED><ISPHYSICALNEGATIVERETAILSTOREINVENTORYALLOWED>No</ISPHYSICALNEGATIVERETAILSTOREINVENTORYALLOWED><ISPRIMARYADDRESSASSIGNED>No</ISPRIMARYADDRESSASSIGNED><ISREFILLEDFROMMAINWAREHOUSE>No</ISREFILLEDFROMMAINWAREHOUSE><ISRETAILSTOREWAREHOUSE>No</ISRETAILSTOREWAREHOUSE><LANGUAGEUSEDFORDOMESTICHAZARDOUSMATERIALSSHIPPINGDOCUMENTS></LANGUAGEUSEDFORDOMESTICHAZARDOUSMATERIALSSHIPPINGDOCUMENTS><LANGUAGEUSEDFOREXPORTHAZARDOUSMATERIALSSHIPPINGDOCUMENTS></LANGUAGEUSEDFOREXPORTHAZARDOUSMATERIALSSHIPPINGDOCUMENTS><LOADRELEASERESERVATIONPOLICYRULE>Error</LOADRELEASERESERVATIONPOLICYRULE><MAINREFILLINGWAREHOUSEID></MAINREFILLINGWAREHOUSEID><MASTERPLANNINGWORKCALENDARDID></MASTERPLANNINGWORKCALENDARDID><MAXIMUMBATCHPICKINGLISTQUANTITY>0</MAXIMUMBATCHPICKINGLISTQUANTITY><MAXIMUMPICKINGLISTLINEQUANTITY>0</MAXIMUMPICKINGLISTLINEQUANTITY><OPERATIONALSITEID>WD</OPERATIONALSITEID><PRIMARYADDRESSBUILDINGCOMPLIMENT></PRIMARYADDRESSBUILDINGCOMPLIMENT><PRIMARYADDRESSCITY></PRIMARYADDRESSCITY><PRIMARYADDRESSCOUNTRYREGIONID></PRIMARYADDRESSCOUNTRYREGIONID><PRIMARYADDRESSCOUNTYID></PRIMARYADDRESSCOUNTYID><PRIMARYADDRESSDESCRIPTION></PRIMARYADDRESSDESCRIPTION><PRIMARYADDRESSDISTRICTNAME></PRIMARYADDRESSDISTRICTNAME><PRIMARYADDRESSLATITUDE></PRIMARYADDRESSLATITUDE><PRIMARYADDRESSLOCATIONROLES></PRIMARYADDRESSLOCATIONROLES><PRIMARYADDRESSLOCATIONSALESTAXGROUPCODE></PRIMARYADDRESSLOCATIONSALESTAXGROUPCODE><PRIMARYADDRESSLONGITUDE></PRIMARYADDRESSLONGITUDE><PRIMARYADDRESSPOSTBOX></PRIMARYADDRESSPOSTBOX><PRIMARYADDRESSSTATEID></PRIMARYADDRESSSTATEID><PRIMARYADDRESSSTREET></PRIMARYADDRESSSTREET><PRIMARYADDRESSSTREETNUMBER></PRIMARYADDRESSSTREETNUMBER><PRIMARYADDRESSTIMEZONE></PRIMARYADDRESSTIMEZONE><PRIMARYADDRESSZIPCODE></PRIMARYADDRESSZIPCODE><QUARANTINEWAREHOUSEID></QUARANTINEWAREHOUSEID><RAWMATERIALPICKINGINVENTORYISSUESTATUS>Pick</RAWMATERIALPICKINGINVENTORYISSUESTATUS><REPORTASFINISHEDPOSTINGMETHOD>Inherit</REPORTASFINISHEDPOSTINGMETHOD><RETAILSTOREQUANTITYALLOCATIONREPLENISMENTRULEWEIGHT>0.000000</RETAILSTOREQUANTITYALLOCATIONREPLENISMENTRULEWEIGHT><SHOULDWAREHOUSELOCATIONIDINCLUDEAISLEID>Yes</SHOULDWAREHOUSELOCATIONIDINCLUDEAISLEID><TRANSITWAREHOUSEID></TRANSITWAREHOUSEID><UNDERDELIVERYWAREHOUSEID></UNDERDELIVERYWAREHOUSEID><WAREHOUSEID>WH-PROD</WAREHOUSEID><WAREHOUSELOCATIONIDBINIDFORMAT></WAREHOUSELOCATIONIDBINIDFORMAT><WAREHOUSELOCATIONIDRACKIDFORMAT>-##</WAREHOUSELOCATIONIDRACKIDFORMAT><WAREHOUSELOCATIONIDSHELFIDFORMAT>-#</WAREHOUSELOCATIONIDSHELFIDFORMAT><WAREHOUSENAME>Waterdeep Production Warehouse</WAREHOUSENAME><WAREHOUSERELEASERESERVATIONREQUIREMENTRULE>NotApplicable</WAREHOUSERELEASERESERVATIONREQUIREMENTRULE><WAREHOUSESPECIFICDEFAULTINVENTORYSTATUSID></WAREHOUSESPECIFICDEFAULTINVENTORYSTATUSID><WAREHOUSETYPE>Standard</WAREHOUSETYPE><WAREHOUSEWORKPROCESSINGPOLICYNAME></WAREHOUSEWORKPROCESSINGPOLICYNAME><WILLAUTOMATICLOADRELEASERESERVEINVENTORY>No</WILLAUTOMATICLOADRELEASERESERVEINVENTORY><WILLINVENTORYSTATUSCHANGEREMOVEBLOCKING>No</WILLINVENTORYSTATUSCHANGEREMOVEBLOCKING><WILLMANUALLOADRELEASERESERVEINVENTORY>No</WILLMANUALLOADRELEASERESERVEINVENTORY><WILLORDERRELEASINGCONSOLIDATESHIPMENTS>No</WILLORDERRELEASINGCONSOLIDATESHIPMENTS><WILLPRODUCTIONBOMSRESERVEWAREHOUSELEVELONLY>No</WILLPRODUCTIONBOMSRESERVEWAREHOUSELEVELONLY><WILLSHIPPINGCANCELLATIONDECREMENTLOADQUANITY>No</WILLSHIPPINGCANCELLATIONDECREMENTLOADQUANITY><WILLWAREHOUSELOCATIONIDINCLUDEBINIDBYDEFAULT>No</WILLWAREHOUSELOCATIONIDINCLUDEBINIDBYDEFAULT><WILLWAREHOUSELOCATIONIDINCLUDERACKIDBYDEFAULT>Yes</WILLWAREHOUSELOCATIONIDINCLUDERACKIDBYDEFAULT><WILLWAREHOUSELOCATIONIDINCLUDESHELFIDBYDEFAULT>Yes</WILLWAREHOUSELOCATIONIDINCLUDESHELFIDBYDEFAULT></INVENTWAREHOUSEENTITY></Document>