﻿<?xml version="1.0" encoding="utf-8"?><Document><WHSWAREHOUSELOCATIONFORMATENTITY><LOCATIONFORMATID>AISLE</LOCATIONFORMATID><LOCATIONFORMATNAME>Aisle</LOCATIONFORMATNAME></WHSWAREHOUSELOCATIONFORMATENTITY><WHSWAREHOUSELOCATIONFORMATENTITY><LOCATIONFORMATID>BAY</LOCATIONFORMATID><LOCATIONFORMATNAME>Bay</LOCATIONFORMATNAME></WHSWAREHOUSELOCATIONFORMATENTITY><WHSWAREHOUSELOCATIONFORMATENTITY><LOCATIONFORMATID>BULK</LOCATIONFORMATID><LOCATIONFORMATNAME>Bulk</LOCATIONFORMATNAME></WHSWAREHOUSELOCATIONFORMATENTITY><WHSWAREHOUSELOCATIONFORMATENTITY><LOCATIONFORMATID>FLOOR</LOCATIONFORMATID><LOCATIONFORMATNAME>Floor</LOCATIONFORMATNAME></WHSWAREHOUSELOCATIONFORMATENTITY><WHSWAREHOUSELOCATIONFORMATENTITY><LOCATIONFORMATID>RECEIVING</LOCATIONFORMATID><LOCATIONFORMATNAME>Receiving</LOCATIONFORMATNAME></WHSWAREHOUSELOCATIONFORMATENTITY><WHSWAREHOUSELOCATIONFORMATENTITY><LOCATIONFORMATID>SHIPPING</LOCATIONFORMATID><LOCATIONFORMATNAME>Shipping</LOCATIONFORMATNAME></WHSWAREHOUSELOCATIONFORMATENTITY><WHSWAREHOUSELOCATIONFORMATENTITY><LOCATIONFORMATID>USER</LOCATIONFORMATID><LOCATIONFORMATNAME>User</LOCATIONFORMATNAME></WHSWAREHOUSELOCATIONFORMATENTITY></Document>