﻿<?xml version="1.0" encoding="utf-8"?><Document><INVENTWAREHOUSECURRENTPOSTALADDRESSV2ENTITY><ADDRESSBUILDINGCOMPLIMENT></ADDRESSBUILDINGCOMPLIMENT><ADDRESSCITY>Waterdeep</ADDRESSCITY><ADDRESSCOUNTRYREGIONID>FAE</ADDRESSCOUNTRYREGIONID><ADDRESSCOUNTYID></ADDRESSCOUNTYID><ADDRESSDESCRIPTION>Waterdeep Store</ADDRESSDESCRIPTION><ADDRESSDISTRICTNAME></ADDRESSDISTRICTNAME><ADDRESSLATITUDE>0.0000000000</ADDRESSLATITUDE><ADDRESSLOCATIONID>000000108</ADDRESSLOCATIONID><ADDRESSLOCATIONROLES>Delivery</ADDRESSLOCATIONROLES><ADDRESSLOCATIONSALESTAXGROUPCODE></ADDRESSLOCATIONSALESTAXGROUPCODE><ADDRESSLONGITUDE>0.0000000000</ADDRESSLONGITUDE><ADDRESSPOSTBOX></ADDRESSPOSTBOX><ADDRESSSTATEID>SC</ADDRESSSTATEID><ADDRESSSTREET></ADDRESSSTREET><ADDRESSSTREETNUMBER></ADDRESSSTREETNUMBER><ADDRESSTIMEZONE></ADDRESSTIMEZONE><ADDRESSZIPCODE></ADDRESSZIPCODE><FORMATTEDADDRESS>Waterdeep,SC 
FAE</FORMATTEDADDRESS><ISPRIMARYADDRESS>Yes</ISPRIMARYADDRESS><WAREHOUSEID>WD-STORE</WAREHOUSEID><WAREHOUSELEGALENTITYID>wdtc</WAREHOUSELEGALENTITYID></INVENTWAREHOUSECURRENTPOSTALADDRESSV2ENTITY><INVENTWAREHOUSECURRENTPOSTALADDRESSV2ENTITY><ADDRESSBUILDINGCOMPLIMENT></ADDRESSBUILDINGCOMPLIMENT><ADDRESSCITY>Waterdeep</ADDRESSCITY><ADDRESSCOUNTRYREGIONID>FAE</ADDRESSCOUNTRYREGIONID><ADDRESSCOUNTYID></ADDRESSCOUNTYID><ADDRESSDESCRIPTION>Waterdeep Trading Company Warehouse</ADDRESSDESCRIPTION><ADDRESSDISTRICTNAME>Trades Ward</ADDRESSDISTRICTNAME><ADDRESSLATITUDE>0.0000000000</ADDRESSLATITUDE><ADDRESSLOCATIONID>000000216</ADDRESSLOCATIONID><ADDRESSLOCATIONROLES>Delivery</ADDRESSLOCATIONROLES><ADDRESSLOCATIONSALESTAXGROUPCODE></ADDRESSLOCATIONSALESTAXGROUPCODE><ADDRESSLONGITUDE>0.0000000000</ADDRESSLONGITUDE><ADDRESSPOSTBOX></ADDRESSPOSTBOX><ADDRESSSTATEID>SC</ADDRESSSTATEID><ADDRESSSTREET>Dockside</ADDRESSSTREET><ADDRESSSTREETNUMBER></ADDRESSSTREETNUMBER><ADDRESSTIMEZONE></ADDRESSTIMEZONE><ADDRESSZIPCODE>WD-1001-TW</ADDRESSZIPCODE><FORMATTEDADDRESS>Dockside
Trades Ward
Waterdeep,SC WD-1001-TW
FAE</FORMATTEDADDRESS><ISPRIMARYADDRESS>Yes</ISPRIMARYADDRESS><WAREHOUSEID>WD-WH</WAREHOUSEID><WAREHOUSELEGALENTITYID>wdtc</WAREHOUSELEGALENTITYID></INVENTWAREHOUSECURRENTPOSTALADDRESSV2ENTITY></Document>