﻿<?xml version="1.0" encoding="utf-8"?><Document><TRVEXPENSEPARAMETERSENTITY><ALLOWEDITCREDITCARDEXCHRATE>No</ALLOWEDITCREDITCARDEXCHRATE><ALLOWEDITDISTRIBUTIONS>No</ALLOWEDITDISTRIBUTIONS><BARCODESETUPID></BARCODESETUPID><CONVERTPBSEXCHTOINTERNAL>No</CONVERTPBSEXCHTOINTERNAL><DEDUCTBREAKF>0.000000</DEDUCTBREAKF><DEDUCTDINNER>0.000000</DEDUCTDINNER><DEDUCTLUNCH>0.000000</DEDUCTLUNCH><DISPLAYENTIREEXPENSEONDRILLBACK>No</DISPLAYENTIREEXPENSEONDRILLBACK><ENABLETAXRECOVERY>No</ENABLETAXRECOVERY><GLWORKSHEET></GLWORKSHEET><HOTELREDUCTIONDEF>0.000000</HOTELREDUCTIONDEF><INCLUDEOVERVIEWINCOVERPAGE>No</INCLUDEOVERVIEWINCOVERPAGE><INCLUDEUSERIDINBARCODE>No</INCLUDEUSERIDINBARCODE><ISALLOWAPPROVEEXPENSEONBUDGETFAIL>Yes</ISALLOWAPPROVEEXPENSEONBUDGETFAIL><ISALLOWSUBMITEXPENSEONBUDGETFAIL>Yes</ISALLOWSUBMITEXPENSEONBUDGETFAIL><ISALLOWSUBMITREQUISITIONONBUDGETFAIL>Yes</ISALLOWSUBMITREQUISITIONONBUDGETFAIL><ISALLOWUPDATEACCOUNTINGDATE>No</ISALLOWUPDATEACCOUNTINGDATE><ISRELEASEENCUMBRANCESONCLOSEREQUISITION>No</ISRELEASEENCUMBRANCESONCLOSEREQUISITION><ISTRAVELREQUISITIONMANDATORYFOREXPENSE>No</ISTRAVELREQUISITIONMANDATORYFOREXPENSE><KMPRICE>0.000000</KMPRICE><LEDGERDIMENSIONDISPLAYVALUE></LEDGERDIMENSIONDISPLAYVALUE><MEALREDUCTIONDEF>0.000000</MEALREDUCTIONDEF><MEALREDUCTIONTYPE>MealTypePerTrip</MEALREDUCTIONTYPE><MINHOURS>0.000000</MINHOURS><OTHERREDUCTIONDEF>0.000000</OTHERREDUCTIONDEF><PERDIEMCALCULATION>CalendarDay</PERDIEMCALCULATION><PERDIEMROUNDING>NormalRounding</PERDIEMROUNDING><PERSONALPAIDBY>Employee</PERSONALPAIDBY><POSTIMMEDIATELY>Yes</POSTIMMEDIATELY><TAXINCLUDED>Yes</TAXINCLUDED><USEANTICORRUPTION>No</USEANTICORRUPTION><USEINTERCOMPANYEXPENSE>No</USEINTERCOMPANYEXPENSE><VALIDATETRAVELPURPOSE>No</VALIDATETRAVELPURPOSE><WHENTOEVALUATEPOLICY>OnLineSave</WHENTOEVALUATEPOLICY></TRVEXPENSEPARAMETERSENTITY></Document>