﻿<?xml version="1.0" encoding="utf-8"?><Document><PROJPERIODLINEENTITY><MODELID></MODELID><PERIODFROM>2024-01-01T00:00:00</PERIODFROM><PERIODID>ACCRUAL</PERIODID><PERIODNAME>Period 1</PERIODNAME><PERIODTO>2024-01-31T00:00:00</PERIODTO></PROJPERIODLINEENTITY><PROJPERIODLINEENTITY><MODELID></MODELID><PERIODFROM>2024-02-01T00:00:00</PERIODFROM><PERIODID>ACCRUAL</PERIODID><PERIODNAME>Period 2</PERIODNAME><PERIODTO>2024-02-29T00:00:00</PERIODTO></PROJPERIODLINEENTITY><PROJPERIODLINEENTITY><MODELID></MODELID><PERIODFROM>2024-03-01T00:00:00</PERIODFROM><PERIODID>ACCRUAL</PERIODID><PERIODNAME>Period 3</PERIODNAME><PERIODTO>2024-03-31T00:00:00</PERIODTO></PROJPERIODLINEENTITY><PROJPERIODLINEENTITY><MODELID></MODELID><PERIODFROM>2024-04-01T00:00:00</PERIODFROM><PERIODID>ACCRUAL</PERIODID><PERIODNAME>Period 4</PERIODNAME><PERIODTO>2024-04-30T00:00:00</PERIODTO></PROJPERIODLINEENTITY><PROJPERIODLINEENTITY><MODELID></MODELID><PERIODFROM>2024-05-01T00:00:00</PERIODFROM><PERIODID>ACCRUAL</PERIODID><PERIODNAME>Period 5</PERIODNAME><PERIODTO>2024-05-31T00:00:00</PERIODTO></PROJPERIODLINEENTITY><PROJPERIODLINEENTITY><MODELID></MODELID><PERIODFROM>2024-06-01T00:00:00</PERIODFROM><PERIODID>ACCRUAL</PERIODID><PERIODNAME>Period 6</PERIODNAME><PERIODTO>2024-06-30T00:00:00</PERIODTO></PROJPERIODLINEENTITY><PROJPERIODLINEENTITY><MODELID></MODELID><PERIODFROM>2024-07-01T00:00:00</PERIODFROM><PERIODID>ACCRUAL</PERIODID><PERIODNAME>Period 7</PERIODNAME><PERIODTO>2024-07-31T00:00:00</PERIODTO></PROJPERIODLINEENTITY><PROJPERIODLINEENTITY><MODELID></MODELID><PERIODFROM>2024-08-01T00:00:00</PERIODFROM><PERIODID>ACCRUAL</PERIODID><PERIODNAME>Period 8</PERIODNAME><PERIODTO>2024-08-31T00:00:00</PERIODTO></PROJPERIODLINEENTITY><PROJPERIODLINEENTITY><MODELID></MODELID><PERIODFROM>2024-09-01T00:00:00</PERIODFROM><PERIODID>ACCRUAL</PERIODID><PERIODNAME>Period 9</PERIODNAME><PERIODTO>2024-09-30T00:00:00</PERIODTO></PROJPERIODLINEENTITY><PROJPERIODLINEENTITY><MODELID></MODELID><PERIODFROM>2024-10-01T00:00:00</PERIODFROM><PERIODID>ACCRUAL</PERIODID><PERIODNAME>Period 10</PERIODNAME><PERIODTO>2024-10-31T00:00:00</PERIODTO></PROJPERIODLINEENTITY><PROJPERIODLINEENTITY><MODELID></MODELID><PERIODFROM>2024-11-01T00:00:00</PERIODFROM><PERIODID>ACCRUAL</PERIODID><PERIODNAME>Period 11</PERIODNAME><PERIODTO>2024-11-30T00:00:00</PERIODTO></PROJPERIODLINEENTITY><PROJPERIODLINEENTITY><MODELID></MODELID><PERIODFROM>2024-12-01T00:00:00</PERIODFROM><PERIODID>ACCRUAL</PERIODID><PERIODNAME>Period 12</PERIODNAME><PERIODTO>2024-12-31T00:00:00</PERIODTO></PROJPERIODLINEENTITY><PROJPERIODLINEENTITY><MODELID></MODELID><PERIODFROM>2025-01-01T00:00:00</PERIODFROM><PERIODID>ACCRUAL</PERIODID><PERIODNAME>Period 1</PERIODNAME><PERIODTO>2025-01-31T00:00:00</PERIODTO></PROJPERIODLINEENTITY><PROJPERIODLINEENTITY><MODELID></MODELID><PERIODFROM>2025-02-01T00:00:00</PERIODFROM><PERIODID>ACCRUAL</PERIODID><PERIODNAME>Period 2</PERIODNAME><PERIODTO>2025-02-28T00:00:00</PERIODTO></PROJPERIODLINEENTITY><PROJPERIODLINEENTITY><MODELID></MODELID><PERIODFROM>2025-03-01T00:00:00</PERIODFROM><PERIODID>ACCRUAL</PERIODID><PERIODNAME>Period 3</PERIODNAME><PERIODTO>2025-03-31T00:00:00</PERIODTO></PROJPERIODLINEENTITY><PROJPERIODLINEENTITY><MODELID></MODELID><PERIODFROM>2025-04-01T00:00:00</PERIODFROM><PERIODID>ACCRUAL</PERIODID><PERIODNAME>Period 4</PERIODNAME><PERIODTO>2025-04-30T00:00:00</PERIODTO></PROJPERIODLINEENTITY><PROJPERIODLINEENTITY><MODELID></MODELID><PERIODFROM>2025-05-01T00:00:00</PERIODFROM><PERIODID>ACCRUAL</PERIODID><PERIODNAME>Period 5</PERIODNAME><PERIODTO>2025-05-31T00:00:00</PERIODTO></PROJPERIODLINEENTITY><PROJPERIODLINEENTITY><MODELID></MODELID><PERIODFROM>2025-06-01T00:00:00</PERIODFROM><PERIODID>ACCRUAL</PERIODID><PERIODNAME>Period 6</PERIODNAME><PERIODTO>2025-06-30T00:00:00</PERIODTO></PROJPERIODLINEENTITY><PROJPERIODLINEENTITY><MODELID></MODELID><PERIODFROM>2025-07-01T00:00:00</PERIODFROM><PERIODID>ACCRUAL</PERIODID><PERIODNAME>Period 7</PERIODNAME><PERIODTO>2025-07-31T00:00:00</PERIODTO></PROJPERIODLINEENTITY><PROJPERIODLINEENTITY><MODELID></MODELID><PERIODFROM>2025-08-01T00:00:00</PERIODFROM><PERIODID>ACCRUAL</PERIODID><PERIODNAME>Period 8</PERIODNAME><PERIODTO>2025-08-31T00:00:00</PERIODTO></PROJPERIODLINEENTITY><PROJPERIODLINEENTITY><MODELID></MODELID><PERIODFROM>2025-09-01T00:00:00</PERIODFROM><PERIODID>ACCRUAL</PERIODID><PERIODNAME>Period 9</PERIODNAME><PERIODTO>2025-09-30T00:00:00</PERIODTO></PROJPERIODLINEENTITY><PROJPERIODLINEENTITY><MODELID></MODELID><PERIODFROM>2025-10-01T00:00:00</PERIODFROM><PERIODID>ACCRUAL</PERIODID><PERIODNAME>Period 10</PERIODNAME><PERIODTO>2025-10-31T00:00:00</PERIODTO></PROJPERIODLINEENTITY><PROJPERIODLINEENTITY><MODELID></MODELID><PERIODFROM>2025-11-01T00:00:00</PERIODFROM><PERIODID>ACCRUAL</PERIODID><PERIODNAME>Period 11</PERIODNAME><PERIODTO>2025-11-30T00:00:00</PERIODTO></PROJPERIODLINEENTITY><PROJPERIODLINEENTITY><MODELID></MODELID><PERIODFROM>2025-12-01T00:00:00</PERIODFROM><PERIODID>ACCRUAL</PERIODID><PERIODNAME>Period 12</PERIODNAME><PERIODTO>2025-12-31T00:00:00</PERIODTO></PROJPERIODLINEENTITY><PROJPERIODLINEENTITY><MODELID></MODELID><PERIODFROM>2026-01-01T00:00:00</PERIODFROM><PERIODID>ACCRUAL</PERIODID><PERIODNAME>Period 1</PERIODNAME><PERIODTO>2026-01-31T00:00:00</PERIODTO></PROJPERIODLINEENTITY><PROJPERIODLINEENTITY><MODELID></MODELID><PERIODFROM>2026-02-01T00:00:00</PERIODFROM><PERIODID>ACCRUAL</PERIODID><PERIODNAME>Period 2</PERIODNAME><PERIODTO>2026-02-28T00:00:00</PERIODTO></PROJPERIODLINEENTITY><PROJPERIODLINEENTITY><MODELID></MODELID><PERIODFROM>2026-03-01T00:00:00</PERIODFROM><PERIODID>ACCRUAL</PERIODID><PERIODNAME>Period 3</PERIODNAME><PERIODTO>2026-03-31T00:00:00</PERIODTO></PROJPERIODLINEENTITY><PROJPERIODLINEENTITY><MODELID></MODELID><PERIODFROM>2026-04-01T00:00:00</PERIODFROM><PERIODID>ACCRUAL</PERIODID><PERIODNAME>Period 4</PERIODNAME><PERIODTO>2026-04-30T00:00:00</PERIODTO></PROJPERIODLINEENTITY><PROJPERIODLINEENTITY><MODELID></MODELID><PERIODFROM>2026-05-01T00:00:00</PERIODFROM><PERIODID>ACCRUAL</PERIODID><PERIODNAME>Period 5</PERIODNAME><PERIODTO>2026-05-31T00:00:00</PERIODTO></PROJPERIODLINEENTITY><PROJPERIODLINEENTITY><MODELID></MODELID><PERIODFROM>2026-06-01T00:00:00</PERIODFROM><PERIODID>ACCRUAL</PERIODID><PERIODNAME>Period 6</PERIODNAME><PERIODTO>2026-06-30T00:00:00</PERIODTO></PROJPERIODLINEENTITY><PROJPERIODLINEENTITY><MODELID></MODELID><PERIODFROM>2026-07-01T00:00:00</PERIODFROM><PERIODID>ACCRUAL</PERIODID><PERIODNAME>Period 7</PERIODNAME><PERIODTO>2026-07-31T00:00:00</PERIODTO></PROJPERIODLINEENTITY><PROJPERIODLINEENTITY><MODELID></MODELID><PERIODFROM>2026-08-01T00:00:00</PERIODFROM><PERIODID>ACCRUAL</PERIODID><PERIODNAME>Period 8</PERIODNAME><PERIODTO>2026-08-31T00:00:00</PERIODTO></PROJPERIODLINEENTITY><PROJPERIODLINEENTITY><MODELID></MODELID><PERIODFROM>2026-09-01T00:00:00</PERIODFROM><PERIODID>ACCRUAL</PERIODID><PERIODNAME>Period 9</PERIODNAME><PERIODTO>2026-09-30T00:00:00</PERIODTO></PROJPERIODLINEENTITY><PROJPERIODLINEENTITY><MODELID></MODELID><PERIODFROM>2026-10-01T00:00:00</PERIODFROM><PERIODID>ACCRUAL</PERIODID><PERIODNAME>Period 10</PERIODNAME><PERIODTO>2026-10-31T00:00:00</PERIODTO></PROJPERIODLINEENTITY><PROJPERIODLINEENTITY><MODELID></MODELID><PERIODFROM>2026-11-01T00:00:00</PERIODFROM><PERIODID>ACCRUAL</PERIODID><PERIODNAME>Period 11</PERIODNAME><PERIODTO>2026-11-30T00:00:00</PERIODTO></PROJPERIODLINEENTITY><PROJPERIODLINEENTITY><MODELID></MODELID><PERIODFROM>2026-12-01T00:00:00</PERIODFROM><PERIODID>ACCRUAL</PERIODID><PERIODNAME>Period 12</PERIODNAME><PERIODTO>2026-12-31T00:00:00</PERIODTO></PROJPERIODLINEENTITY><PROJPERIODLINEENTITY><MODELID></MODELID><PERIODFROM>2027-01-01T00:00:00</PERIODFROM><PERIODID>ACCRUAL</PERIODID><PERIODNAME>Period 1</PERIODNAME><PERIODTO>2027-01-31T00:00:00</PERIODTO></PROJPERIODLINEENTITY><PROJPERIODLINEENTITY><MODELID></MODELID><PERIODFROM>2027-02-01T00:00:00</PERIODFROM><PERIODID>ACCRUAL</PERIODID><PERIODNAME>Period 2</PERIODNAME><PERIODTO>2027-02-28T00:00:00</PERIODTO></PROJPERIODLINEENTITY><PROJPERIODLINEENTITY><MODELID></MODELID><PERIODFROM>2027-03-01T00:00:00</PERIODFROM><PERIODID>ACCRUAL</PERIODID><PERIODNAME>Period 3</PERIODNAME><PERIODTO>2027-03-31T00:00:00</PERIODTO></PROJPERIODLINEENTITY><PROJPERIODLINEENTITY><MODELID></MODELID><PERIODFROM>2027-04-01T00:00:00</PERIODFROM><PERIODID>ACCRUAL</PERIODID><PERIODNAME>Period 4</PERIODNAME><PERIODTO>2027-04-30T00:00:00</PERIODTO></PROJPERIODLINEENTITY><PROJPERIODLINEENTITY><MODELID></MODELID><PERIODFROM>2027-05-01T00:00:00</PERIODFROM><PERIODID>ACCRUAL</PERIODID><PERIODNAME>Period 5</PERIODNAME><PERIODTO>2027-05-31T00:00:00</PERIODTO></PROJPERIODLINEENTITY><PROJPERIODLINEENTITY><MODELID></MODELID><PERIODFROM>2027-06-01T00:00:00</PERIODFROM><PERIODID>ACCRUAL</PERIODID><PERIODNAME>Period 6</PERIODNAME><PERIODTO>2027-06-30T00:00:00</PERIODTO></PROJPERIODLINEENTITY><PROJPERIODLINEENTITY><MODELID></MODELID><PERIODFROM>2027-07-01T00:00:00</PERIODFROM><PERIODID>ACCRUAL</PERIODID><PERIODNAME>Period 7</PERIODNAME><PERIODTO>2027-07-31T00:00:00</PERIODTO></PROJPERIODLINEENTITY><PROJPERIODLINEENTITY><MODELID></MODELID><PERIODFROM>2027-08-01T00:00:00</PERIODFROM><PERIODID>ACCRUAL</PERIODID><PERIODNAME>Period 8</PERIODNAME><PERIODTO>2027-08-31T00:00:00</PERIODTO></PROJPERIODLINEENTITY><PROJPERIODLINEENTITY><MODELID></MODELID><PERIODFROM>2027-09-01T00:00:00</PERIODFROM><PERIODID>ACCRUAL</PERIODID><PERIODNAME>Period 9</PERIODNAME><PERIODTO>2027-09-30T00:00:00</PERIODTO></PROJPERIODLINEENTITY><PROJPERIODLINEENTITY><MODELID></MODELID><PERIODFROM>2027-10-01T00:00:00</PERIODFROM><PERIODID>ACCRUAL</PERIODID><PERIODNAME>Period 10</PERIODNAME><PERIODTO>2027-10-31T00:00:00</PERIODTO></PROJPERIODLINEENTITY><PROJPERIODLINEENTITY><MODELID></MODELID><PERIODFROM>2027-11-01T00:00:00</PERIODFROM><PERIODID>ACCRUAL</PERIODID><PERIODNAME>Period 11</PERIODNAME><PERIODTO>2027-11-30T00:00:00</PERIODTO></PROJPERIODLINEENTITY><PROJPERIODLINEENTITY><MODELID></MODELID><PERIODFROM>2027-12-01T00:00:00</PERIODFROM><PERIODID>ACCRUAL</PERIODID><PERIODNAME>Period 12</PERIODNAME><PERIODTO>2027-12-31T00:00:00</PERIODTO></PROJPERIODLINEENTITY><PROJPERIODLINEENTITY><MODELID></MODELID><PERIODFROM>2028-01-01T00:00:00</PERIODFROM><PERIODID>ACCRUAL</PERIODID><PERIODNAME>Period 1</PERIODNAME><PERIODTO>2028-01-31T00:00:00</PERIODTO></PROJPERIODLINEENTITY><PROJPERIODLINEENTITY><MODELID></MODELID><PERIODFROM>2028-02-01T00:00:00</PERIODFROM><PERIODID>ACCRUAL</PERIODID><PERIODNAME>Period 2</PERIODNAME><PERIODTO>2028-02-29T00:00:00</PERIODTO></PROJPERIODLINEENTITY><PROJPERIODLINEENTITY><MODELID></MODELID><PERIODFROM>2028-03-01T00:00:00</PERIODFROM><PERIODID>ACCRUAL</PERIODID><PERIODNAME>Period 3</PERIODNAME><PERIODTO>2028-03-31T00:00:00</PERIODTO></PROJPERIODLINEENTITY><PROJPERIODLINEENTITY><MODELID></MODELID><PERIODFROM>2028-04-01T00:00:00</PERIODFROM><PERIODID>ACCRUAL</PERIODID><PERIODNAME>Period 4</PERIODNAME><PERIODTO>2028-04-30T00:00:00</PERIODTO></PROJPERIODLINEENTITY><PROJPERIODLINEENTITY><MODELID></MODELID><PERIODFROM>2028-05-01T00:00:00</PERIODFROM><PERIODID>ACCRUAL</PERIODID><PERIODNAME>Period 5</PERIODNAME><PERIODTO>2028-05-31T00:00:00</PERIODTO></PROJPERIODLINEENTITY><PROJPERIODLINEENTITY><MODELID></MODELID><PERIODFROM>2028-06-01T00:00:00</PERIODFROM><PERIODID>ACCRUAL</PERIODID><PERIODNAME>Period 6</PERIODNAME><PERIODTO>2028-06-30T00:00:00</PERIODTO></PROJPERIODLINEENTITY><PROJPERIODLINEENTITY><MODELID></MODELID><PERIODFROM>2028-07-01T00:00:00</PERIODFROM><PERIODID>ACCRUAL</PERIODID><PERIODNAME>Period 7</PERIODNAME><PERIODTO>2028-07-31T00:00:00</PERIODTO></PROJPERIODLINEENTITY><PROJPERIODLINEENTITY><MODELID></MODELID><PERIODFROM>2028-08-01T00:00:00</PERIODFROM><PERIODID>ACCRUAL</PERIODID><PERIODNAME>Period 8</PERIODNAME><PERIODTO>2028-08-31T00:00:00</PERIODTO></PROJPERIODLINEENTITY><PROJPERIODLINEENTITY><MODELID></MODELID><PERIODFROM>2028-09-01T00:00:00</PERIODFROM><PERIODID>ACCRUAL</PERIODID><PERIODNAME>Period 9</PERIODNAME><PERIODTO>2028-09-30T00:00:00</PERIODTO></PROJPERIODLINEENTITY><PROJPERIODLINEENTITY><MODELID></MODELID><PERIODFROM>2028-10-01T00:00:00</PERIODFROM><PERIODID>ACCRUAL</PERIODID><PERIODNAME>Period 10</PERIODNAME><PERIODTO>2028-10-31T00:00:00</PERIODTO></PROJPERIODLINEENTITY><PROJPERIODLINEENTITY><MODELID></MODELID><PERIODFROM>2028-11-01T00:00:00</PERIODFROM><PERIODID>ACCRUAL</PERIODID><PERIODNAME>Period 11</PERIODNAME><PERIODTO>2028-11-30T00:00:00</PERIODTO></PROJPERIODLINEENTITY><PROJPERIODLINEENTITY><MODELID></MODELID><PERIODFROM>2028-12-01T00:00:00</PERIODFROM><PERIODID>ACCRUAL</PERIODID><PERIODNAME>Period 12</PERIODNAME><PERIODTO>2028-12-31T00:00:00</PERIODTO></PROJPERIODLINEENTITY><PROJPERIODLINEENTITY><MODELID></MODELID><PERIODFROM>2029-01-01T00:00:00</PERIODFROM><PERIODID>ACCRUAL</PERIODID><PERIODNAME>Period 1</PERIODNAME><PERIODTO>2029-01-31T00:00:00</PERIODTO></PROJPERIODLINEENTITY><PROJPERIODLINEENTITY><MODELID></MODELID><PERIODFROM>2029-02-01T00:00:00</PERIODFROM><PERIODID>ACCRUAL</PERIODID><PERIODNAME>Period 2</PERIODNAME><PERIODTO>2029-02-28T00:00:00</PERIODTO></PROJPERIODLINEENTITY><PROJPERIODLINEENTITY><MODELID></MODELID><PERIODFROM>2029-03-01T00:00:00</PERIODFROM><PERIODID>ACCRUAL</PERIODID><PERIODNAME>Period 3</PERIODNAME><PERIODTO>2029-03-31T00:00:00</PERIODTO></PROJPERIODLINEENTITY><PROJPERIODLINEENTITY><MODELID></MODELID><PERIODFROM>2029-04-01T00:00:00</PERIODFROM><PERIODID>ACCRUAL</PERIODID><PERIODNAME>Period 4</PERIODNAME><PERIODTO>2029-04-30T00:00:00</PERIODTO></PROJPERIODLINEENTITY><PROJPERIODLINEENTITY><MODELID></MODELID><PERIODFROM>2029-05-01T00:00:00</PERIODFROM><PERIODID>ACCRUAL</PERIODID><PERIODNAME>Period 5</PERIODNAME><PERIODTO>2029-05-31T00:00:00</PERIODTO></PROJPERIODLINEENTITY><PROJPERIODLINEENTITY><MODELID></MODELID><PERIODFROM>2029-06-01T00:00:00</PERIODFROM><PERIODID>ACCRUAL</PERIODID><PERIODNAME>Period 6</PERIODNAME><PERIODTO>2029-06-30T00:00:00</PERIODTO></PROJPERIODLINEENTITY><PROJPERIODLINEENTITY><MODELID></MODELID><PERIODFROM>2029-07-01T00:00:00</PERIODFROM><PERIODID>ACCRUAL</PERIODID><PERIODNAME>Period 7</PERIODNAME><PERIODTO>2029-07-31T00:00:00</PERIODTO></PROJPERIODLINEENTITY><PROJPERIODLINEENTITY><MODELID></MODELID><PERIODFROM>2029-08-01T00:00:00</PERIODFROM><PERIODID>ACCRUAL</PERIODID><PERIODNAME>Period 8</PERIODNAME><PERIODTO>2029-08-31T00:00:00</PERIODTO></PROJPERIODLINEENTITY><PROJPERIODLINEENTITY><MODELID></MODELID><PERIODFROM>2029-09-01T00:00:00</PERIODFROM><PERIODID>ACCRUAL</PERIODID><PERIODNAME>Period 9</PERIODNAME><PERIODTO>2029-09-30T00:00:00</PERIODTO></PROJPERIODLINEENTITY><PROJPERIODLINEENTITY><MODELID></MODELID><PERIODFROM>2029-10-01T00:00:00</PERIODFROM><PERIODID>ACCRUAL</PERIODID><PERIODNAME>Period 10</PERIODNAME><PERIODTO>2029-10-31T00:00:00</PERIODTO></PROJPERIODLINEENTITY><PROJPERIODLINEENTITY><MODELID></MODELID><PERIODFROM>2029-11-01T00:00:00</PERIODFROM><PERIODID>ACCRUAL</PERIODID><PERIODNAME>Period 11</PERIODNAME><PERIODTO>2029-11-30T00:00:00</PERIODTO></PROJPERIODLINEENTITY><PROJPERIODLINEENTITY><MODELID></MODELID><PERIODFROM>2029-12-01T00:00:00</PERIODFROM><PERIODID>ACCRUAL</PERIODID><PERIODNAME>Period 12</PERIODNAME><PERIODTO>2029-12-31T00:00:00</PERIODTO></PROJPERIODLINEENTITY><PROJPERIODLINEENTITY><MODELID></MODELID><PERIODFROM>2024-01-01T00:00:00</PERIODFROM><PERIODID>ESTMONTH</PERIODID><PERIODNAME>Period 1</PERIODNAME><PERIODTO>2024-01-31T00:00:00</PERIODTO></PROJPERIODLINEENTITY><PROJPERIODLINEENTITY><MODELID></MODELID><PERIODFROM>2024-02-01T00:00:00</PERIODFROM><PERIODID>ESTMONTH</PERIODID><PERIODNAME>Period 2</PERIODNAME><PERIODTO>2024-02-29T00:00:00</PERIODTO></PROJPERIODLINEENTITY><PROJPERIODLINEENTITY><MODELID></MODELID><PERIODFROM>2024-03-01T00:00:00</PERIODFROM><PERIODID>ESTMONTH</PERIODID><PERIODNAME>Period 3</PERIODNAME><PERIODTO>2024-03-31T00:00:00</PERIODTO></PROJPERIODLINEENTITY><PROJPERIODLINEENTITY><MODELID></MODELID><PERIODFROM>2024-04-01T00:00:00</PERIODFROM><PERIODID>ESTMONTH</PERIODID><PERIODNAME>Period 4</PERIODNAME><PERIODTO>2024-04-30T00:00:00</PERIODTO></PROJPERIODLINEENTITY><PROJPERIODLINEENTITY><MODELID></MODELID><PERIODFROM>2024-05-01T00:00:00</PERIODFROM><PERIODID>ESTMONTH</PERIODID><PERIODNAME>Period 5</PERIODNAME><PERIODTO>2024-05-31T00:00:00</PERIODTO></PROJPERIODLINEENTITY><PROJPERIODLINEENTITY><MODELID></MODELID><PERIODFROM>2024-06-01T00:00:00</PERIODFROM><PERIODID>ESTMONTH</PERIODID><PERIODNAME>Period 6</PERIODNAME><PERIODTO>2024-06-30T00:00:00</PERIODTO></PROJPERIODLINEENTITY><PROJPERIODLINEENTITY><MODELID></MODELID><PERIODFROM>2024-07-01T00:00:00</PERIODFROM><PERIODID>ESTMONTH</PERIODID><PERIODNAME>Period 7</PERIODNAME><PERIODTO>2024-07-31T00:00:00</PERIODTO></PROJPERIODLINEENTITY><PROJPERIODLINEENTITY><MODELID></MODELID><PERIODFROM>2024-08-01T00:00:00</PERIODFROM><PERIODID>ESTMONTH</PERIODID><PERIODNAME>Period 8</PERIODNAME><PERIODTO>2024-08-31T00:00:00</PERIODTO></PROJPERIODLINEENTITY><PROJPERIODLINEENTITY><MODELID></MODELID><PERIODFROM>2024-09-01T00:00:00</PERIODFROM><PERIODID>ESTMONTH</PERIODID><PERIODNAME>Period 9</PERIODNAME><PERIODTO>2024-09-30T00:00:00</PERIODTO></PROJPERIODLINEENTITY><PROJPERIODLINEENTITY><MODELID></MODELID><PERIODFROM>2024-10-01T00:00:00</PERIODFROM><PERIODID>ESTMONTH</PERIODID><PERIODNAME>Period 10</PERIODNAME><PERIODTO>2024-10-31T00:00:00</PERIODTO></PROJPERIODLINEENTITY><PROJPERIODLINEENTITY><MODELID></MODELID><PERIODFROM>2024-11-01T00:00:00</PERIODFROM><PERIODID>ESTMONTH</PERIODID><PERIODNAME>Period 11</PERIODNAME><PERIODTO>2024-11-30T00:00:00</PERIODTO></PROJPERIODLINEENTITY><PROJPERIODLINEENTITY><MODELID></MODELID><PERIODFROM>2024-12-01T00:00:00</PERIODFROM><PERIODID>ESTMONTH</PERIODID><PERIODNAME>Period 12</PERIODNAME><PERIODTO>2024-12-31T00:00:00</PERIODTO></PROJPERIODLINEENTITY><PROJPERIODLINEENTITY><MODELID></MODELID><PERIODFROM>2025-01-01T00:00:00</PERIODFROM><PERIODID>ESTMONTH</PERIODID><PERIODNAME>Period 1</PERIODNAME><PERIODTO>2025-01-31T00:00:00</PERIODTO></PROJPERIODLINEENTITY><PROJPERIODLINEENTITY><MODELID></MODELID><PERIODFROM>2025-02-01T00:00:00</PERIODFROM><PERIODID>ESTMONTH</PERIODID><PERIODNAME>Period 2</PERIODNAME><PERIODTO>2025-02-28T00:00:00</PERIODTO></PROJPERIODLINEENTITY><PROJPERIODLINEENTITY><MODELID></MODELID><PERIODFROM>2025-03-01T00:00:00</PERIODFROM><PERIODID>ESTMONTH</PERIODID><PERIODNAME>Period 3</PERIODNAME><PERIODTO>2025-03-31T00:00:00</PERIODTO></PROJPERIODLINEENTITY><PROJPERIODLINEENTITY><MODELID></MODELID><PERIODFROM>2025-04-01T00:00:00</PERIODFROM><PERIODID>ESTMONTH</PERIODID><PERIODNAME>Period 4</PERIODNAME><PERIODTO>2025-04-30T00:00:00</PERIODTO></PROJPERIODLINEENTITY><PROJPERIODLINEENTITY><MODELID></MODELID><PERIODFROM>2025-05-01T00:00:00</PERIODFROM><PERIODID>ESTMONTH</PERIODID><PERIODNAME>Period 5</PERIODNAME><PERIODTO>2025-05-31T00:00:00</PERIODTO></PROJPERIODLINEENTITY><PROJPERIODLINEENTITY><MODELID></MODELID><PERIODFROM>2025-06-01T00:00:00</PERIODFROM><PERIODID>ESTMONTH</PERIODID><PERIODNAME>Period 6</PERIODNAME><PERIODTO>2025-06-30T00:00:00</PERIODTO></PROJPERIODLINEENTITY><PROJPERIODLINEENTITY><MODELID></MODELID><PERIODFROM>2025-07-01T00:00:00</PERIODFROM><PERIODID>ESTMONTH</PERIODID><PERIODNAME>Period 7</PERIODNAME><PERIODTO>2025-07-31T00:00:00</PERIODTO></PROJPERIODLINEENTITY><PROJPERIODLINEENTITY><MODELID></MODELID><PERIODFROM>2025-08-01T00:00:00</PERIODFROM><PERIODID>ESTMONTH</PERIODID><PERIODNAME>Period 8</PERIODNAME><PERIODTO>2025-08-31T00:00:00</PERIODTO></PROJPERIODLINEENTITY><PROJPERIODLINEENTITY><MODELID></MODELID><PERIODFROM>2025-09-01T00:00:00</PERIODFROM><PERIODID>ESTMONTH</PERIODID><PERIODNAME>Period 9</PERIODNAME><PERIODTO>2025-09-30T00:00:00</PERIODTO></PROJPERIODLINEENTITY><PROJPERIODLINEENTITY><MODELID></MODELID><PERIODFROM>2025-10-01T00:00:00</PERIODFROM><PERIODID>ESTMONTH</PERIODID><PERIODNAME>Period 10</PERIODNAME><PERIODTO>2025-10-31T00:00:00</PERIODTO></PROJPERIODLINEENTITY><PROJPERIODLINEENTITY><MODELID></MODELID><PERIODFROM>2025-11-01T00:00:00</PERIODFROM><PERIODID>ESTMONTH</PERIODID><PERIODNAME>Period 11</PERIODNAME><PERIODTO>2025-11-30T00:00:00</PERIODTO></PROJPERIODLINEENTITY><PROJPERIODLINEENTITY><MODELID></MODELID><PERIODFROM>2025-12-01T00:00:00</PERIODFROM><PERIODID>ESTMONTH</PERIODID><PERIODNAME>Period 12</PERIODNAME><PERIODTO>2025-12-31T00:00:00</PERIODTO></PROJPERIODLINEENTITY><PROJPERIODLINEENTITY><MODELID></MODELID><PERIODFROM>2026-01-01T00:00:00</PERIODFROM><PERIODID>ESTMONTH</PERIODID><PERIODNAME>Period 1</PERIODNAME><PERIODTO>2026-01-31T00:00:00</PERIODTO></PROJPERIODLINEENTITY><PROJPERIODLINEENTITY><MODELID></MODELID><PERIODFROM>2026-02-01T00:00:00</PERIODFROM><PERIODID>ESTMONTH</PERIODID><PERIODNAME>Period 2</PERIODNAME><PERIODTO>2026-02-28T00:00:00</PERIODTO></PROJPERIODLINEENTITY><PROJPERIODLINEENTITY><MODELID></MODELID><PERIODFROM>2026-03-01T00:00:00</PERIODFROM><PERIODID>ESTMONTH</PERIODID><PERIODNAME>Period 3</PERIODNAME><PERIODTO>2026-03-31T00:00:00</PERIODTO></PROJPERIODLINEENTITY><PROJPERIODLINEENTITY><MODELID></MODELID><PERIODFROM>2026-04-01T00:00:00</PERIODFROM><PERIODID>ESTMONTH</PERIODID><PERIODNAME>Period 4</PERIODNAME><PERIODTO>2026-04-30T00:00:00</PERIODTO></PROJPERIODLINEENTITY><PROJPERIODLINEENTITY><MODELID></MODELID><PERIODFROM>2026-05-01T00:00:00</PERIODFROM><PERIODID>ESTMONTH</PERIODID><PERIODNAME>Period 5</PERIODNAME><PERIODTO>2026-05-31T00:00:00</PERIODTO></PROJPERIODLINEENTITY><PROJPERIODLINEENTITY><MODELID></MODELID><PERIODFROM>2026-06-01T00:00:00</PERIODFROM><PERIODID>ESTMONTH</PERIODID><PERIODNAME>Period 6</PERIODNAME><PERIODTO>2026-06-30T00:00:00</PERIODTO></PROJPERIODLINEENTITY><PROJPERIODLINEENTITY><MODELID></MODELID><PERIODFROM>2026-07-01T00:00:00</PERIODFROM><PERIODID>ESTMONTH</PERIODID><PERIODNAME>Period 7</PERIODNAME><PERIODTO>2026-07-31T00:00:00</PERIODTO></PROJPERIODLINEENTITY><PROJPERIODLINEENTITY><MODELID></MODELID><PERIODFROM>2026-08-01T00:00:00</PERIODFROM><PERIODID>ESTMONTH</PERIODID><PERIODNAME>Period 8</PERIODNAME><PERIODTO>2026-08-31T00:00:00</PERIODTO></PROJPERIODLINEENTITY><PROJPERIODLINEENTITY><MODELID></MODELID><PERIODFROM>2026-09-01T00:00:00</PERIODFROM><PERIODID>ESTMONTH</PERIODID><PERIODNAME>Period 9</PERIODNAME><PERIODTO>2026-09-30T00:00:00</PERIODTO></PROJPERIODLINEENTITY><PROJPERIODLINEENTITY><MODELID></MODELID><PERIODFROM>2026-10-01T00:00:00</PERIODFROM><PERIODID>ESTMONTH</PERIODID><PERIODNAME>Period 10</PERIODNAME><PERIODTO>2026-10-31T00:00:00</PERIODTO></PROJPERIODLINEENTITY><PROJPERIODLINEENTITY><MODELID></MODELID><PERIODFROM>2026-11-01T00:00:00</PERIODFROM><PERIODID>ESTMONTH</PERIODID><PERIODNAME>Period 11</PERIODNAME><PERIODTO>2026-11-30T00:00:00</PERIODTO></PROJPERIODLINEENTITY><PROJPERIODLINEENTITY><MODELID></MODELID><PERIODFROM>2026-12-01T00:00:00</PERIODFROM><PERIODID>ESTMONTH</PERIODID><PERIODNAME>Period 12</PERIODNAME><PERIODTO>2026-12-31T00:00:00</PERIODTO></PROJPERIODLINEENTITY><PROJPERIODLINEENTITY><MODELID></MODELID><PERIODFROM>2027-01-01T00:00:00</PERIODFROM><PERIODID>ESTMONTH</PERIODID><PERIODNAME>Period 1</PERIODNAME><PERIODTO>2027-01-31T00:00:00</PERIODTO></PROJPERIODLINEENTITY><PROJPERIODLINEENTITY><MODELID></MODELID><PERIODFROM>2027-02-01T00:00:00</PERIODFROM><PERIODID>ESTMONTH</PERIODID><PERIODNAME>Period 2</PERIODNAME><PERIODTO>2027-02-28T00:00:00</PERIODTO></PROJPERIODLINEENTITY><PROJPERIODLINEENTITY><MODELID></MODELID><PERIODFROM>2027-03-01T00:00:00</PERIODFROM><PERIODID>ESTMONTH</PERIODID><PERIODNAME>Period 3</PERIODNAME><PERIODTO>2027-03-31T00:00:00</PERIODTO></PROJPERIODLINEENTITY><PROJPERIODLINEENTITY><MODELID></MODELID><PERIODFROM>2027-04-01T00:00:00</PERIODFROM><PERIODID>ESTMONTH</PERIODID><PERIODNAME>Period 4</PERIODNAME><PERIODTO>2027-04-30T00:00:00</PERIODTO></PROJPERIODLINEENTITY><PROJPERIODLINEENTITY><MODELID></MODELID><PERIODFROM>2027-05-01T00:00:00</PERIODFROM><PERIODID>ESTMONTH</PERIODID><PERIODNAME>Period 5</PERIODNAME><PERIODTO>2027-05-31T00:00:00</PERIODTO></PROJPERIODLINEENTITY><PROJPERIODLINEENTITY><MODELID></MODELID><PERIODFROM>2027-06-01T00:00:00</PERIODFROM><PERIODID>ESTMONTH</PERIODID><PERIODNAME>Period 6</PERIODNAME><PERIODTO>2027-06-30T00:00:00</PERIODTO></PROJPERIODLINEENTITY><PROJPERIODLINEENTITY><MODELID></MODELID><PERIODFROM>2027-07-01T00:00:00</PERIODFROM><PERIODID>ESTMONTH</PERIODID><PERIODNAME>Period 7</PERIODNAME><PERIODTO>2027-07-31T00:00:00</PERIODTO></PROJPERIODLINEENTITY><PROJPERIODLINEENTITY><MODELID></MODELID><PERIODFROM>2027-08-01T00:00:00</PERIODFROM><PERIODID>ESTMONTH</PERIODID><PERIODNAME>Period 8</PERIODNAME><PERIODTO>2027-08-31T00:00:00</PERIODTO></PROJPERIODLINEENTITY><PROJPERIODLINEENTITY><MODELID></MODELID><PERIODFROM>2027-09-01T00:00:00</PERIODFROM><PERIODID>ESTMONTH</PERIODID><PERIODNAME>Period 9</PERIODNAME><PERIODTO>2027-09-30T00:00:00</PERIODTO></PROJPERIODLINEENTITY><PROJPERIODLINEENTITY><MODELID></MODELID><PERIODFROM>2027-10-01T00:00:00</PERIODFROM><PERIODID>ESTMONTH</PERIODID><PERIODNAME>Period 10</PERIODNAME><PERIODTO>2027-10-31T00:00:00</PERIODTO></PROJPERIODLINEENTITY><PROJPERIODLINEENTITY><MODELID></MODELID><PERIODFROM>2027-11-01T00:00:00</PERIODFROM><PERIODID>ESTMONTH</PERIODID><PERIODNAME>Period 11</PERIODNAME><PERIODTO>2027-11-30T00:00:00</PERIODTO></PROJPERIODLINEENTITY><PROJPERIODLINEENTITY><MODELID></MODELID><PERIODFROM>2027-12-01T00:00:00</PERIODFROM><PERIODID>ESTMONTH</PERIODID><PERIODNAME>Period 12</PERIODNAME><PERIODTO>2027-12-31T00:00:00</PERIODTO></PROJPERIODLINEENTITY><PROJPERIODLINEENTITY><MODELID></MODELID><PERIODFROM>2024-01-01T00:00:00</PERIODFROM><PERIODID>MONTHLY</PERIODID><PERIODNAME>January</PERIODNAME><PERIODTO>2024-01-31T00:00:00</PERIODTO></PROJPERIODLINEENTITY><PROJPERIODLINEENTITY><MODELID></MODELID><PERIODFROM>2024-02-01T00:00:00</PERIODFROM><PERIODID>MONTHLY</PERIODID><PERIODNAME>February</PERIODNAME><PERIODTO>2024-02-29T00:00:00</PERIODTO></PROJPERIODLINEENTITY><PROJPERIODLINEENTITY><MODELID></MODELID><PERIODFROM>2024-03-01T00:00:00</PERIODFROM><PERIODID>MONTHLY</PERIODID><PERIODNAME>March</PERIODNAME><PERIODTO>2024-03-31T00:00:00</PERIODTO></PROJPERIODLINEENTITY><PROJPERIODLINEENTITY><MODELID></MODELID><PERIODFROM>2024-04-01T00:00:00</PERIODFROM><PERIODID>MONTHLY</PERIODID><PERIODNAME>April</PERIODNAME><PERIODTO>2024-04-30T00:00:00</PERIODTO></PROJPERIODLINEENTITY><PROJPERIODLINEENTITY><MODELID></MODELID><PERIODFROM>2024-05-01T00:00:00</PERIODFROM><PERIODID>MONTHLY</PERIODID><PERIODNAME>May</PERIODNAME><PERIODTO>2024-05-31T00:00:00</PERIODTO></PROJPERIODLINEENTITY><PROJPERIODLINEENTITY><MODELID></MODELID><PERIODFROM>2024-06-01T00:00:00</PERIODFROM><PERIODID>MONTHLY</PERIODID><PERIODNAME>June</PERIODNAME><PERIODTO>2024-06-30T00:00:00</PERIODTO></PROJPERIODLINEENTITY><PROJPERIODLINEENTITY><MODELID></MODELID><PERIODFROM>2024-07-01T00:00:00</PERIODFROM><PERIODID>MONTHLY</PERIODID><PERIODNAME>July</PERIODNAME><PERIODTO>2024-07-31T00:00:00</PERIODTO></PROJPERIODLINEENTITY><PROJPERIODLINEENTITY><MODELID></MODELID><PERIODFROM>2024-08-01T00:00:00</PERIODFROM><PERIODID>MONTHLY</PERIODID><PERIODNAME>August</PERIODNAME><PERIODTO>2024-08-31T00:00:00</PERIODTO></PROJPERIODLINEENTITY><PROJPERIODLINEENTITY><MODELID></MODELID><PERIODFROM>2024-09-01T00:00:00</PERIODFROM><PERIODID>MONTHLY</PERIODID><PERIODNAME>September</PERIODNAME><PERIODTO>2024-09-30T00:00:00</PERIODTO></PROJPERIODLINEENTITY><PROJPERIODLINEENTITY><MODELID></MODELID><PERIODFROM>2024-10-01T00:00:00</PERIODFROM><PERIODID>MONTHLY</PERIODID><PERIODNAME>October</PERIODNAME><PERIODTO>2024-10-31T00:00:00</PERIODTO></PROJPERIODLINEENTITY><PROJPERIODLINEENTITY><MODELID></MODELID><PERIODFROM>2024-11-01T00:00:00</PERIODFROM><PERIODID>MONTHLY</PERIODID><PERIODNAME>November</PERIODNAME><PERIODTO>2024-11-30T00:00:00</PERIODTO></PROJPERIODLINEENTITY><PROJPERIODLINEENTITY><MODELID></MODELID><PERIODFROM>2024-12-01T00:00:00</PERIODFROM><PERIODID>MONTHLY</PERIODID><PERIODNAME>December</PERIODNAME><PERIODTO>2024-12-31T00:00:00</PERIODTO></PROJPERIODLINEENTITY><PROJPERIODLINEENTITY><MODELID></MODELID><PERIODFROM>2025-01-01T00:00:00</PERIODFROM><PERIODID>MONTHLY</PERIODID><PERIODNAME>January</PERIODNAME><PERIODTO>2025-01-31T00:00:00</PERIODTO></PROJPERIODLINEENTITY><PROJPERIODLINEENTITY><MODELID></MODELID><PERIODFROM>2025-02-01T00:00:00</PERIODFROM><PERIODID>MONTHLY</PERIODID><PERIODNAME>February</PERIODNAME><PERIODTO>2025-02-28T00:00:00</PERIODTO></PROJPERIODLINEENTITY><PROJPERIODLINEENTITY><MODELID></MODELID><PERIODFROM>2025-03-01T00:00:00</PERIODFROM><PERIODID>MONTHLY</PERIODID><PERIODNAME>March</PERIODNAME><PERIODTO>2025-03-31T00:00:00</PERIODTO></PROJPERIODLINEENTITY><PROJPERIODLINEENTITY><MODELID></MODELID><PERIODFROM>2025-04-01T00:00:00</PERIODFROM><PERIODID>MONTHLY</PERIODID><PERIODNAME>April</PERIODNAME><PERIODTO>2025-04-30T00:00:00</PERIODTO></PROJPERIODLINEENTITY><PROJPERIODLINEENTITY><MODELID></MODELID><PERIODFROM>2025-05-01T00:00:00</PERIODFROM><PERIODID>MONTHLY</PERIODID><PERIODNAME>May</PERIODNAME><PERIODTO>2025-05-31T00:00:00</PERIODTO></PROJPERIODLINEENTITY><PROJPERIODLINEENTITY><MODELID></MODELID><PERIODFROM>2025-06-01T00:00:00</PERIODFROM><PERIODID>MONTHLY</PERIODID><PERIODNAME>June</PERIODNAME><PERIODTO>2025-06-30T00:00:00</PERIODTO></PROJPERIODLINEENTITY><PROJPERIODLINEENTITY><MODELID></MODELID><PERIODFROM>2025-07-01T00:00:00</PERIODFROM><PERIODID>MONTHLY</PERIODID><PERIODNAME>July</PERIODNAME><PERIODTO>2025-07-31T00:00:00</PERIODTO></PROJPERIODLINEENTITY><PROJPERIODLINEENTITY><MODELID></MODELID><PERIODFROM>2025-08-01T00:00:00</PERIODFROM><PERIODID>MONTHLY</PERIODID><PERIODNAME>August</PERIODNAME><PERIODTO>2025-08-31T00:00:00</PERIODTO></PROJPERIODLINEENTITY><PROJPERIODLINEENTITY><MODELID></MODELID><PERIODFROM>2025-09-01T00:00:00</PERIODFROM><PERIODID>MONTHLY</PERIODID><PERIODNAME>September</PERIODNAME><PERIODTO>2025-09-30T00:00:00</PERIODTO></PROJPERIODLINEENTITY><PROJPERIODLINEENTITY><MODELID></MODELID><PERIODFROM>2025-10-01T00:00:00</PERIODFROM><PERIODID>MONTHLY</PERIODID><PERIODNAME>October</PERIODNAME><PERIODTO>2025-10-31T00:00:00</PERIODTO></PROJPERIODLINEENTITY><PROJPERIODLINEENTITY><MODELID></MODELID><PERIODFROM>2025-11-01T00:00:00</PERIODFROM><PERIODID>MONTHLY</PERIODID><PERIODNAME>November</PERIODNAME><PERIODTO>2025-11-30T00:00:00</PERIODTO></PROJPERIODLINEENTITY><PROJPERIODLINEENTITY><MODELID></MODELID><PERIODFROM>2025-12-01T00:00:00</PERIODFROM><PERIODID>MONTHLY</PERIODID><PERIODNAME>December</PERIODNAME><PERIODTO>2025-12-31T00:00:00</PERIODTO></PROJPERIODLINEENTITY><PROJPERIODLINEENTITY><MODELID></MODELID><PERIODFROM>2026-01-01T00:00:00</PERIODFROM><PERIODID>MONTHLY</PERIODID><PERIODNAME>January</PERIODNAME><PERIODTO>2026-01-31T00:00:00</PERIODTO></PROJPERIODLINEENTITY><PROJPERIODLINEENTITY><MODELID></MODELID><PERIODFROM>2026-02-01T00:00:00</PERIODFROM><PERIODID>MONTHLY</PERIODID><PERIODNAME>February</PERIODNAME><PERIODTO>2026-02-28T00:00:00</PERIODTO></PROJPERIODLINEENTITY><PROJPERIODLINEENTITY><MODELID></MODELID><PERIODFROM>2026-03-01T00:00:00</PERIODFROM><PERIODID>MONTHLY</PERIODID><PERIODNAME>March</PERIODNAME><PERIODTO>2026-03-31T00:00:00</PERIODTO></PROJPERIODLINEENTITY><PROJPERIODLINEENTITY><MODELID></MODELID><PERIODFROM>2026-04-01T00:00:00</PERIODFROM><PERIODID>MONTHLY</PERIODID><PERIODNAME>April</PERIODNAME><PERIODTO>2026-04-30T00:00:00</PERIODTO></PROJPERIODLINEENTITY><PROJPERIODLINEENTITY><MODELID></MODELID><PERIODFROM>2026-05-01T00:00:00</PERIODFROM><PERIODID>MONTHLY</PERIODID><PERIODNAME>May</PERIODNAME><PERIODTO>2026-05-31T00:00:00</PERIODTO></PROJPERIODLINEENTITY><PROJPERIODLINEENTITY><MODELID></MODELID><PERIODFROM>2026-06-01T00:00:00</PERIODFROM><PERIODID>MONTHLY</PERIODID><PERIODNAME>June</PERIODNAME><PERIODTO>2026-06-30T00:00:00</PERIODTO></PROJPERIODLINEENTITY><PROJPERIODLINEENTITY><MODELID></MODELID><PERIODFROM>2026-07-01T00:00:00</PERIODFROM><PERIODID>MONTHLY</PERIODID><PERIODNAME>July</PERIODNAME><PERIODTO>2026-07-31T00:00:00</PERIODTO></PROJPERIODLINEENTITY><PROJPERIODLINEENTITY><MODELID></MODELID><PERIODFROM>2026-08-01T00:00:00</PERIODFROM><PERIODID>MONTHLY</PERIODID><PERIODNAME>August</PERIODNAME><PERIODTO>2026-08-31T00:00:00</PERIODTO></PROJPERIODLINEENTITY><PROJPERIODLINEENTITY><MODELID></MODELID><PERIODFROM>2026-09-01T00:00:00</PERIODFROM><PERIODID>MONTHLY</PERIODID><PERIODNAME>September</PERIODNAME><PERIODTO>2026-09-30T00:00:00</PERIODTO></PROJPERIODLINEENTITY><PROJPERIODLINEENTITY><MODELID></MODELID><PERIODFROM>2026-10-01T00:00:00</PERIODFROM><PERIODID>MONTHLY</PERIODID><PERIODNAME>October</PERIODNAME><PERIODTO>2026-10-31T00:00:00</PERIODTO></PROJPERIODLINEENTITY><PROJPERIODLINEENTITY><MODELID></MODELID><PERIODFROM>2026-11-01T00:00:00</PERIODFROM><PERIODID>MONTHLY</PERIODID><PERIODNAME>November</PERIODNAME><PERIODTO>2026-11-30T00:00:00</PERIODTO></PROJPERIODLINEENTITY><PROJPERIODLINEENTITY><MODELID></MODELID><PERIODFROM>2026-12-01T00:00:00</PERIODFROM><PERIODID>MONTHLY</PERIODID><PERIODNAME>December</PERIODNAME><PERIODTO>2026-12-31T00:00:00</PERIODTO></PROJPERIODLINEENTITY><PROJPERIODLINEENTITY><MODELID></MODELID><PERIODFROM>2027-01-01T00:00:00</PERIODFROM><PERIODID>MONTHLY</PERIODID><PERIODNAME>January</PERIODNAME><PERIODTO>2027-01-31T00:00:00</PERIODTO></PROJPERIODLINEENTITY><PROJPERIODLINEENTITY><MODELID></MODELID><PERIODFROM>2027-02-01T00:00:00</PERIODFROM><PERIODID>MONTHLY</PERIODID><PERIODNAME>February</PERIODNAME><PERIODTO>2027-02-28T00:00:00</PERIODTO></PROJPERIODLINEENTITY><PROJPERIODLINEENTITY><MODELID></MODELID><PERIODFROM>2027-03-01T00:00:00</PERIODFROM><PERIODID>MONTHLY</PERIODID><PERIODNAME>March</PERIODNAME><PERIODTO>2027-03-31T00:00:00</PERIODTO></PROJPERIODLINEENTITY><PROJPERIODLINEENTITY><MODELID></MODELID><PERIODFROM>2027-04-01T00:00:00</PERIODFROM><PERIODID>MONTHLY</PERIODID><PERIODNAME>April</PERIODNAME><PERIODTO>2027-04-30T00:00:00</PERIODTO></PROJPERIODLINEENTITY><PROJPERIODLINEENTITY><MODELID></MODELID><PERIODFROM>2027-05-01T00:00:00</PERIODFROM><PERIODID>MONTHLY</PERIODID><PERIODNAME>May</PERIODNAME><PERIODTO>2027-05-31T00:00:00</PERIODTO></PROJPERIODLINEENTITY><PROJPERIODLINEENTITY><MODELID></MODELID><PERIODFROM>2027-06-01T00:00:00</PERIODFROM><PERIODID>MONTHLY</PERIODID><PERIODNAME>June</PERIODNAME><PERIODTO>2027-06-30T00:00:00</PERIODTO></PROJPERIODLINEENTITY><PROJPERIODLINEENTITY><MODELID></MODELID><PERIODFROM>2027-07-01T00:00:00</PERIODFROM><PERIODID>MONTHLY</PERIODID><PERIODNAME>July</PERIODNAME><PERIODTO>2027-07-31T00:00:00</PERIODTO></PROJPERIODLINEENTITY><PROJPERIODLINEENTITY><MODELID></MODELID><PERIODFROM>2027-08-01T00:00:00</PERIODFROM><PERIODID>MONTHLY</PERIODID><PERIODNAME>August</PERIODNAME><PERIODTO>2027-08-31T00:00:00</PERIODTO></PROJPERIODLINEENTITY><PROJPERIODLINEENTITY><MODELID></MODELID><PERIODFROM>2027-09-01T00:00:00</PERIODFROM><PERIODID>MONTHLY</PERIODID><PERIODNAME>September</PERIODNAME><PERIODTO>2027-09-30T00:00:00</PERIODTO></PROJPERIODLINEENTITY><PROJPERIODLINEENTITY><MODELID></MODELID><PERIODFROM>2027-10-01T00:00:00</PERIODFROM><PERIODID>MONTHLY</PERIODID><PERIODNAME>October</PERIODNAME><PERIODTO>2027-10-31T00:00:00</PERIODTO></PROJPERIODLINEENTITY><PROJPERIODLINEENTITY><MODELID></MODELID><PERIODFROM>2027-11-01T00:00:00</PERIODFROM><PERIODID>MONTHLY</PERIODID><PERIODNAME>November</PERIODNAME><PERIODTO>2027-11-30T00:00:00</PERIODTO></PROJPERIODLINEENTITY><PROJPERIODLINEENTITY><MODELID></MODELID><PERIODFROM>2027-12-01T00:00:00</PERIODFROM><PERIODID>MONTHLY</PERIODID><PERIODNAME>December</PERIODNAME><PERIODTO>2027-12-31T00:00:00</PERIODTO></PROJPERIODLINEENTITY><PROJPERIODLINEENTITY><MODELID></MODELID><PERIODFROM>2028-01-01T00:00:00</PERIODFROM><PERIODID>MONTHLY</PERIODID><PERIODNAME>January</PERIODNAME><PERIODTO>2028-01-31T00:00:00</PERIODTO></PROJPERIODLINEENTITY><PROJPERIODLINEENTITY><MODELID></MODELID><PERIODFROM>2028-02-01T00:00:00</PERIODFROM><PERIODID>MONTHLY</PERIODID><PERIODNAME>February</PERIODNAME><PERIODTO>2028-02-29T00:00:00</PERIODTO></PROJPERIODLINEENTITY><PROJPERIODLINEENTITY><MODELID></MODELID><PERIODFROM>2028-03-01T00:00:00</PERIODFROM><PERIODID>MONTHLY</PERIODID><PERIODNAME>March</PERIODNAME><PERIODTO>2028-03-31T00:00:00</PERIODTO></PROJPERIODLINEENTITY><PROJPERIODLINEENTITY><MODELID></MODELID><PERIODFROM>2028-04-01T00:00:00</PERIODFROM><PERIODID>MONTHLY</PERIODID><PERIODNAME>April</PERIODNAME><PERIODTO>2028-04-30T00:00:00</PERIODTO></PROJPERIODLINEENTITY><PROJPERIODLINEENTITY><MODELID></MODELID><PERIODFROM>2028-05-01T00:00:00</PERIODFROM><PERIODID>MONTHLY</PERIODID><PERIODNAME>May</PERIODNAME><PERIODTO>2028-05-31T00:00:00</PERIODTO></PROJPERIODLINEENTITY><PROJPERIODLINEENTITY><MODELID></MODELID><PERIODFROM>2028-06-01T00:00:00</PERIODFROM><PERIODID>MONTHLY</PERIODID><PERIODNAME>June</PERIODNAME><PERIODTO>2028-06-30T00:00:00</PERIODTO></PROJPERIODLINEENTITY><PROJPERIODLINEENTITY><MODELID></MODELID><PERIODFROM>2028-07-01T00:00:00</PERIODFROM><PERIODID>MONTHLY</PERIODID><PERIODNAME>July</PERIODNAME><PERIODTO>2028-07-31T00:00:00</PERIODTO></PROJPERIODLINEENTITY><PROJPERIODLINEENTITY><MODELID></MODELID><PERIODFROM>2028-08-01T00:00:00</PERIODFROM><PERIODID>MONTHLY</PERIODID><PERIODNAME>August</PERIODNAME><PERIODTO>2028-08-31T00:00:00</PERIODTO></PROJPERIODLINEENTITY><PROJPERIODLINEENTITY><MODELID></MODELID><PERIODFROM>2028-09-01T00:00:00</PERIODFROM><PERIODID>MONTHLY</PERIODID><PERIODNAME>September</PERIODNAME><PERIODTO>2028-09-30T00:00:00</PERIODTO></PROJPERIODLINEENTITY><PROJPERIODLINEENTITY><MODELID></MODELID><PERIODFROM>2028-10-01T00:00:00</PERIODFROM><PERIODID>MONTHLY</PERIODID><PERIODNAME>October</PERIODNAME><PERIODTO>2028-10-31T00:00:00</PERIODTO></PROJPERIODLINEENTITY><PROJPERIODLINEENTITY><MODELID></MODELID><PERIODFROM>2028-11-01T00:00:00</PERIODFROM><PERIODID>MONTHLY</PERIODID><PERIODNAME>November</PERIODNAME><PERIODTO>2028-11-30T00:00:00</PERIODTO></PROJPERIODLINEENTITY><PROJPERIODLINEENTITY><MODELID></MODELID><PERIODFROM>2028-12-01T00:00:00</PERIODFROM><PERIODID>MONTHLY</PERIODID><PERIODNAME>December</PERIODNAME><PERIODTO>2028-12-31T00:00:00</PERIODTO></PROJPERIODLINEENTITY><PROJPERIODLINEENTITY><MODELID></MODELID><PERIODFROM>2029-01-01T00:00:00</PERIODFROM><PERIODID>MONTHLY</PERIODID><PERIODNAME>January</PERIODNAME><PERIODTO>2029-01-31T00:00:00</PERIODTO></PROJPERIODLINEENTITY><PROJPERIODLINEENTITY><MODELID></MODELID><PERIODFROM>2029-02-01T00:00:00</PERIODFROM><PERIODID>MONTHLY</PERIODID><PERIODNAME>February</PERIODNAME><PERIODTO>2029-02-28T00:00:00</PERIODTO></PROJPERIODLINEENTITY><PROJPERIODLINEENTITY><MODELID></MODELID><PERIODFROM>2029-03-01T00:00:00</PERIODFROM><PERIODID>MONTHLY</PERIODID><PERIODNAME>March</PERIODNAME><PERIODTO>2029-03-31T00:00:00</PERIODTO></PROJPERIODLINEENTITY><PROJPERIODLINEENTITY><MODELID></MODELID><PERIODFROM>2029-04-01T00:00:00</PERIODFROM><PERIODID>MONTHLY</PERIODID><PERIODNAME>April</PERIODNAME><PERIODTO>2029-04-30T00:00:00</PERIODTO></PROJPERIODLINEENTITY><PROJPERIODLINEENTITY><MODELID></MODELID><PERIODFROM>2029-05-01T00:00:00</PERIODFROM><PERIODID>MONTHLY</PERIODID><PERIODNAME>May</PERIODNAME><PERIODTO>2029-05-31T00:00:00</PERIODTO></PROJPERIODLINEENTITY><PROJPERIODLINEENTITY><MODELID></MODELID><PERIODFROM>2029-06-01T00:00:00</PERIODFROM><PERIODID>MONTHLY</PERIODID><PERIODNAME>June</PERIODNAME><PERIODTO>2029-06-30T00:00:00</PERIODTO></PROJPERIODLINEENTITY><PROJPERIODLINEENTITY><MODELID></MODELID><PERIODFROM>2029-07-01T00:00:00</PERIODFROM><PERIODID>MONTHLY</PERIODID><PERIODNAME>July</PERIODNAME><PERIODTO>2029-07-31T00:00:00</PERIODTO></PROJPERIODLINEENTITY><PROJPERIODLINEENTITY><MODELID></MODELID><PERIODFROM>2029-08-01T00:00:00</PERIODFROM><PERIODID>MONTHLY</PERIODID><PERIODNAME>August</PERIODNAME><PERIODTO>2029-08-31T00:00:00</PERIODTO></PROJPERIODLINEENTITY><PROJPERIODLINEENTITY><MODELID></MODELID><PERIODFROM>2029-09-01T00:00:00</PERIODFROM><PERIODID>MONTHLY</PERIODID><PERIODNAME>September</PERIODNAME><PERIODTO>2029-09-30T00:00:00</PERIODTO></PROJPERIODLINEENTITY><PROJPERIODLINEENTITY><MODELID></MODELID><PERIODFROM>2029-10-01T00:00:00</PERIODFROM><PERIODID>MONTHLY</PERIODID><PERIODNAME>October</PERIODNAME><PERIODTO>2029-10-31T00:00:00</PERIODTO></PROJPERIODLINEENTITY><PROJPERIODLINEENTITY><MODELID></MODELID><PERIODFROM>2029-11-01T00:00:00</PERIODFROM><PERIODID>MONTHLY</PERIODID><PERIODNAME>November</PERIODNAME><PERIODTO>2029-11-30T00:00:00</PERIODTO></PROJPERIODLINEENTITY><PROJPERIODLINEENTITY><MODELID></MODELID><PERIODFROM>2029-12-01T00:00:00</PERIODFROM><PERIODID>MONTHLY</PERIODID><PERIODNAME>December</PERIODNAME><PERIODTO>2029-12-31T00:00:00</PERIODTO></PROJPERIODLINEENTITY><PROJPERIODLINEENTITY><MODELID></MODELID><PERIODFROM>2030-01-01T00:00:00</PERIODFROM><PERIODID>MONTHLY</PERIODID><PERIODNAME>January</PERIODNAME><PERIODTO>2030-01-31T00:00:00</PERIODTO></PROJPERIODLINEENTITY><PROJPERIODLINEENTITY><MODELID></MODELID><PERIODFROM>2030-02-01T00:00:00</PERIODFROM><PERIODID>MONTHLY</PERIODID><PERIODNAME>February</PERIODNAME><PERIODTO>2030-02-28T00:00:00</PERIODTO></PROJPERIODLINEENTITY><PROJPERIODLINEENTITY><MODELID></MODELID><PERIODFROM>2030-03-01T00:00:00</PERIODFROM><PERIODID>MONTHLY</PERIODID><PERIODNAME>March</PERIODNAME><PERIODTO>2030-03-31T00:00:00</PERIODTO></PROJPERIODLINEENTITY><PROJPERIODLINEENTITY><MODELID></MODELID><PERIODFROM>2030-04-01T00:00:00</PERIODFROM><PERIODID>MONTHLY</PERIODID><PERIODNAME>April</PERIODNAME><PERIODTO>2030-04-30T00:00:00</PERIODTO></PROJPERIODLINEENTITY><PROJPERIODLINEENTITY><MODELID></MODELID><PERIODFROM>2030-05-01T00:00:00</PERIODFROM><PERIODID>MONTHLY</PERIODID><PERIODNAME>May</PERIODNAME><PERIODTO>2030-05-31T00:00:00</PERIODTO></PROJPERIODLINEENTITY><PROJPERIODLINEENTITY><MODELID></MODELID><PERIODFROM>2030-06-01T00:00:00</PERIODFROM><PERIODID>MONTHLY</PERIODID><PERIODNAME>June</PERIODNAME><PERIODTO>2030-06-30T00:00:00</PERIODTO></PROJPERIODLINEENTITY><PROJPERIODLINEENTITY><MODELID></MODELID><PERIODFROM>2030-07-01T00:00:00</PERIODFROM><PERIODID>MONTHLY</PERIODID><PERIODNAME>July</PERIODNAME><PERIODTO>2030-07-31T00:00:00</PERIODTO></PROJPERIODLINEENTITY><PROJPERIODLINEENTITY><MODELID></MODELID><PERIODFROM>2030-08-01T00:00:00</PERIODFROM><PERIODID>MONTHLY</PERIODID><PERIODNAME>August</PERIODNAME><PERIODTO>2030-08-31T00:00:00</PERIODTO></PROJPERIODLINEENTITY><PROJPERIODLINEENTITY><MODELID></MODELID><PERIODFROM>2030-09-01T00:00:00</PERIODFROM><PERIODID>MONTHLY</PERIODID><PERIODNAME>September</PERIODNAME><PERIODTO>2030-09-30T00:00:00</PERIODTO></PROJPERIODLINEENTITY><PROJPERIODLINEENTITY><MODELID></MODELID><PERIODFROM>2030-10-01T00:00:00</PERIODFROM><PERIODID>MONTHLY</PERIODID><PERIODNAME>October</PERIODNAME><PERIODTO>2030-10-31T00:00:00</PERIODTO></PROJPERIODLINEENTITY><PROJPERIODLINEENTITY><MODELID></MODELID><PERIODFROM>2030-11-01T00:00:00</PERIODFROM><PERIODID>MONTHLY</PERIODID><PERIODNAME>November</PERIODNAME><PERIODTO>2030-11-30T00:00:00</PERIODTO></PROJPERIODLINEENTITY><PROJPERIODLINEENTITY><MODELID></MODELID><PERIODFROM>2030-12-01T00:00:00</PERIODFROM><PERIODID>MONTHLY</PERIODID><PERIODNAME>December</PERIODNAME><PERIODTO>2030-12-31T00:00:00</PERIODTO></PROJPERIODLINEENTITY><PROJPERIODLINEENTITY><MODELID></MODELID><PERIODFROM>2031-01-01T00:00:00</PERIODFROM><PERIODID>MONTHLY</PERIODID><PERIODNAME>January</PERIODNAME><PERIODTO>2031-01-31T00:00:00</PERIODTO></PROJPERIODLINEENTITY><PROJPERIODLINEENTITY><MODELID></MODELID><PERIODFROM>2031-02-01T00:00:00</PERIODFROM><PERIODID>MONTHLY</PERIODID><PERIODNAME>February</PERIODNAME><PERIODTO>2031-02-28T00:00:00</PERIODTO></PROJPERIODLINEENTITY><PROJPERIODLINEENTITY><MODELID></MODELID><PERIODFROM>2031-03-01T00:00:00</PERIODFROM><PERIODID>MONTHLY</PERIODID><PERIODNAME>March</PERIODNAME><PERIODTO>2031-03-31T00:00:00</PERIODTO></PROJPERIODLINEENTITY><PROJPERIODLINEENTITY><MODELID></MODELID><PERIODFROM>2031-04-01T00:00:00</PERIODFROM><PERIODID>MONTHLY</PERIODID><PERIODNAME>April</PERIODNAME><PERIODTO>2031-04-30T00:00:00</PERIODTO></PROJPERIODLINEENTITY><PROJPERIODLINEENTITY><MODELID></MODELID><PERIODFROM>2031-05-01T00:00:00</PERIODFROM><PERIODID>MONTHLY</PERIODID><PERIODNAME>May</PERIODNAME><PERIODTO>2031-05-31T00:00:00</PERIODTO></PROJPERIODLINEENTITY><PROJPERIODLINEENTITY><MODELID></MODELID><PERIODFROM>2031-06-01T00:00:00</PERIODFROM><PERIODID>MONTHLY</PERIODID><PERIODNAME>June</PERIODNAME><PERIODTO>2031-06-30T00:00:00</PERIODTO></PROJPERIODLINEENTITY><PROJPERIODLINEENTITY><MODELID></MODELID><PERIODFROM>2031-07-01T00:00:00</PERIODFROM><PERIODID>MONTHLY</PERIODID><PERIODNAME>July</PERIODNAME><PERIODTO>2031-07-31T00:00:00</PERIODTO></PROJPERIODLINEENTITY><PROJPERIODLINEENTITY><MODELID></MODELID><PERIODFROM>2031-08-01T00:00:00</PERIODFROM><PERIODID>MONTHLY</PERIODID><PERIODNAME>August</PERIODNAME><PERIODTO>2031-08-31T00:00:00</PERIODTO></PROJPERIODLINEENTITY><PROJPERIODLINEENTITY><MODELID></MODELID><PERIODFROM>2031-09-01T00:00:00</PERIODFROM><PERIODID>MONTHLY</PERIODID><PERIODNAME>September</PERIODNAME><PERIODTO>2031-09-30T00:00:00</PERIODTO></PROJPERIODLINEENTITY><PROJPERIODLINEENTITY><MODELID></MODELID><PERIODFROM>2031-10-01T00:00:00</PERIODFROM><PERIODID>MONTHLY</PERIODID><PERIODNAME>October</PERIODNAME><PERIODTO>2031-10-31T00:00:00</PERIODTO></PROJPERIODLINEENTITY><PROJPERIODLINEENTITY><MODELID></MODELID><PERIODFROM>2031-11-01T00:00:00</PERIODFROM><PERIODID>MONTHLY</PERIODID><PERIODNAME>November</PERIODNAME><PERIODTO>2031-11-30T00:00:00</PERIODTO></PROJPERIODLINEENTITY><PROJPERIODLINEENTITY><MODELID></MODELID><PERIODFROM>2031-12-01T00:00:00</PERIODFROM><PERIODID>MONTHLY</PERIODID><PERIODNAME>December</PERIODNAME><PERIODTO>2031-12-31T00:00:00</PERIODTO></PROJPERIODLINEENTITY><PROJPERIODLINEENTITY><MODELID></MODELID><PERIODFROM>2032-01-01T00:00:00</PERIODFROM><PERIODID>MONTHLY</PERIODID><PERIODNAME>January</PERIODNAME><PERIODTO>2032-01-31T00:00:00</PERIODTO></PROJPERIODLINEENTITY><PROJPERIODLINEENTITY><MODELID></MODELID><PERIODFROM>2032-02-01T00:00:00</PERIODFROM><PERIODID>MONTHLY</PERIODID><PERIODNAME>February</PERIODNAME><PERIODTO>2032-02-29T00:00:00</PERIODTO></PROJPERIODLINEENTITY><PROJPERIODLINEENTITY><MODELID></MODELID><PERIODFROM>2032-03-01T00:00:00</PERIODFROM><PERIODID>MONTHLY</PERIODID><PERIODNAME>March</PERIODNAME><PERIODTO>2032-03-31T00:00:00</PERIODTO></PROJPERIODLINEENTITY><PROJPERIODLINEENTITY><MODELID></MODELID><PERIODFROM>2032-04-01T00:00:00</PERIODFROM><PERIODID>MONTHLY</PERIODID><PERIODNAME>April</PERIODNAME><PERIODTO>2032-04-30T00:00:00</PERIODTO></PROJPERIODLINEENTITY><PROJPERIODLINEENTITY><MODELID></MODELID><PERIODFROM>2032-05-01T00:00:00</PERIODFROM><PERIODID>MONTHLY</PERIODID><PERIODNAME>May</PERIODNAME><PERIODTO>2032-05-31T00:00:00</PERIODTO></PROJPERIODLINEENTITY><PROJPERIODLINEENTITY><MODELID></MODELID><PERIODFROM>2032-06-01T00:00:00</PERIODFROM><PERIODID>MONTHLY</PERIODID><PERIODNAME>June</PERIODNAME><PERIODTO>2032-06-30T00:00:00</PERIODTO></PROJPERIODLINEENTITY><PROJPERIODLINEENTITY><MODELID></MODELID><PERIODFROM>2032-07-01T00:00:00</PERIODFROM><PERIODID>MONTHLY</PERIODID><PERIODNAME>July</PERIODNAME><PERIODTO>2032-07-31T00:00:00</PERIODTO></PROJPERIODLINEENTITY><PROJPERIODLINEENTITY><MODELID></MODELID><PERIODFROM>2032-08-01T00:00:00</PERIODFROM><PERIODID>MONTHLY</PERIODID><PERIODNAME>August</PERIODNAME><PERIODTO>2032-08-31T00:00:00</PERIODTO></PROJPERIODLINEENTITY><PROJPERIODLINEENTITY><MODELID></MODELID><PERIODFROM>2024-01-01T00:00:00</PERIODFROM><PERIODID>WEEKLY</PERIODID><PERIODNAME>Week 1</PERIODNAME><PERIODTO>2024-01-07T00:00:00</PERIODTO></PROJPERIODLINEENTITY><PROJPERIODLINEENTITY><MODELID></MODELID><PERIODFROM>2024-01-08T00:00:00</PERIODFROM><PERIODID>WEEKLY</PERIODID><PERIODNAME>Week 2</PERIODNAME><PERIODTO>2024-01-14T00:00:00</PERIODTO></PROJPERIODLINEENTITY><PROJPERIODLINEENTITY><MODELID></MODELID><PERIODFROM>2024-01-15T00:00:00</PERIODFROM><PERIODID>WEEKLY</PERIODID><PERIODNAME>Week 3</PERIODNAME><PERIODTO>2024-01-21T00:00:00</PERIODTO></PROJPERIODLINEENTITY><PROJPERIODLINEENTITY><MODELID></MODELID><PERIODFROM>2024-01-22T00:00:00</PERIODFROM><PERIODID>WEEKLY</PERIODID><PERIODNAME>Week 4</PERIODNAME><PERIODTO>2024-01-28T00:00:00</PERIODTO></PROJPERIODLINEENTITY><PROJPERIODLINEENTITY><MODELID></MODELID><PERIODFROM>2024-01-29T00:00:00</PERIODFROM><PERIODID>WEEKLY</PERIODID><PERIODNAME>Week 5</PERIODNAME><PERIODTO>2024-02-04T00:00:00</PERIODTO></PROJPERIODLINEENTITY><PROJPERIODLINEENTITY><MODELID></MODELID><PERIODFROM>2024-02-05T00:00:00</PERIODFROM><PERIODID>WEEKLY</PERIODID><PERIODNAME>Week 6</PERIODNAME><PERIODTO>2024-02-11T00:00:00</PERIODTO></PROJPERIODLINEENTITY><PROJPERIODLINEENTITY><MODELID></MODELID><PERIODFROM>2024-02-12T00:00:00</PERIODFROM><PERIODID>WEEKLY</PERIODID><PERIODNAME>Week 7</PERIODNAME><PERIODTO>2024-02-18T00:00:00</PERIODTO></PROJPERIODLINEENTITY><PROJPERIODLINEENTITY><MODELID></MODELID><PERIODFROM>2024-02-19T00:00:00</PERIODFROM><PERIODID>WEEKLY</PERIODID><PERIODNAME>Week 8</PERIODNAME><PERIODTO>2024-02-25T00:00:00</PERIODTO></PROJPERIODLINEENTITY><PROJPERIODLINEENTITY><MODELID></MODELID><PERIODFROM>2024-02-26T00:00:00</PERIODFROM><PERIODID>WEEKLY</PERIODID><PERIODNAME>Week 9</PERIODNAME><PERIODTO>2024-03-03T00:00:00</PERIODTO></PROJPERIODLINEENTITY><PROJPERIODLINEENTITY><MODELID></MODELID><PERIODFROM>2024-03-04T00:00:00</PERIODFROM><PERIODID>WEEKLY</PERIODID><PERIODNAME>Week 10</PERIODNAME><PERIODTO>2024-03-10T00:00:00</PERIODTO></PROJPERIODLINEENTITY><PROJPERIODLINEENTITY><MODELID></MODELID><PERIODFROM>2024-03-11T00:00:00</PERIODFROM><PERIODID>WEEKLY</PERIODID><PERIODNAME>Week 11</PERIODNAME><PERIODTO>2024-03-17T00:00:00</PERIODTO></PROJPERIODLINEENTITY><PROJPERIODLINEENTITY><MODELID></MODELID><PERIODFROM>2024-03-18T00:00:00</PERIODFROM><PERIODID>WEEKLY</PERIODID><PERIODNAME>Week 12</PERIODNAME><PERIODTO>2024-03-24T00:00:00</PERIODTO></PROJPERIODLINEENTITY><PROJPERIODLINEENTITY><MODELID></MODELID><PERIODFROM>2024-03-25T00:00:00</PERIODFROM><PERIODID>WEEKLY</PERIODID><PERIODNAME>Week 13</PERIODNAME><PERIODTO>2024-03-31T00:00:00</PERIODTO></PROJPERIODLINEENTITY><PROJPERIODLINEENTITY><MODELID></MODELID><PERIODFROM>2024-04-01T00:00:00</PERIODFROM><PERIODID>WEEKLY</PERIODID><PERIODNAME>Week 14</PERIODNAME><PERIODTO>2024-04-07T00:00:00</PERIODTO></PROJPERIODLINEENTITY><PROJPERIODLINEENTITY><MODELID></MODELID><PERIODFROM>2024-04-08T00:00:00</PERIODFROM><PERIODID>WEEKLY</PERIODID><PERIODNAME>Week 15</PERIODNAME><PERIODTO>2024-04-14T00:00:00</PERIODTO></PROJPERIODLINEENTITY><PROJPERIODLINEENTITY><MODELID></MODELID><PERIODFROM>2024-04-15T00:00:00</PERIODFROM><PERIODID>WEEKLY</PERIODID><PERIODNAME>Week 16</PERIODNAME><PERIODTO>2024-04-21T00:00:00</PERIODTO></PROJPERIODLINEENTITY><PROJPERIODLINEENTITY><MODELID></MODELID><PERIODFROM>2024-04-22T00:00:00</PERIODFROM><PERIODID>WEEKLY</PERIODID><PERIODNAME>Week 17</PERIODNAME><PERIODTO>2024-04-28T00:00:00</PERIODTO></PROJPERIODLINEENTITY><PROJPERIODLINEENTITY><MODELID></MODELID><PERIODFROM>2024-04-29T00:00:00</PERIODFROM><PERIODID>WEEKLY</PERIODID><PERIODNAME>Week 18</PERIODNAME><PERIODTO>2024-05-05T00:00:00</PERIODTO></PROJPERIODLINEENTITY><PROJPERIODLINEENTITY><MODELID></MODELID><PERIODFROM>2024-05-06T00:00:00</PERIODFROM><PERIODID>WEEKLY</PERIODID><PERIODNAME>Week 19</PERIODNAME><PERIODTO>2024-05-12T00:00:00</PERIODTO></PROJPERIODLINEENTITY><PROJPERIODLINEENTITY><MODELID></MODELID><PERIODFROM>2024-05-13T00:00:00</PERIODFROM><PERIODID>WEEKLY</PERIODID><PERIODNAME>Week 20</PERIODNAME><PERIODTO>2024-05-19T00:00:00</PERIODTO></PROJPERIODLINEENTITY><PROJPERIODLINEENTITY><MODELID></MODELID><PERIODFROM>2024-05-20T00:00:00</PERIODFROM><PERIODID>WEEKLY</PERIODID><PERIODNAME>Week 21</PERIODNAME><PERIODTO>2024-05-26T00:00:00</PERIODTO></PROJPERIODLINEENTITY><PROJPERIODLINEENTITY><MODELID></MODELID><PERIODFROM>2024-05-27T00:00:00</PERIODFROM><PERIODID>WEEKLY</PERIODID><PERIODNAME>Week 22</PERIODNAME><PERIODTO>2024-06-02T00:00:00</PERIODTO></PROJPERIODLINEENTITY><PROJPERIODLINEENTITY><MODELID></MODELID><PERIODFROM>2024-06-03T00:00:00</PERIODFROM><PERIODID>WEEKLY</PERIODID><PERIODNAME>Week 23</PERIODNAME><PERIODTO>2024-06-09T00:00:00</PERIODTO></PROJPERIODLINEENTITY><PROJPERIODLINEENTITY><MODELID></MODELID><PERIODFROM>2024-06-10T00:00:00</PERIODFROM><PERIODID>WEEKLY</PERIODID><PERIODNAME>Week 24</PERIODNAME><PERIODTO>2024-06-16T00:00:00</PERIODTO></PROJPERIODLINEENTITY><PROJPERIODLINEENTITY><MODELID></MODELID><PERIODFROM>2024-06-17T00:00:00</PERIODFROM><PERIODID>WEEKLY</PERIODID><PERIODNAME>Week 25</PERIODNAME><PERIODTO>2024-06-23T00:00:00</PERIODTO></PROJPERIODLINEENTITY><PROJPERIODLINEENTITY><MODELID></MODELID><PERIODFROM>2024-06-24T00:00:00</PERIODFROM><PERIODID>WEEKLY</PERIODID><PERIODNAME>Week 26</PERIODNAME><PERIODTO>2024-06-30T00:00:00</PERIODTO></PROJPERIODLINEENTITY><PROJPERIODLINEENTITY><MODELID></MODELID><PERIODFROM>2024-07-01T00:00:00</PERIODFROM><PERIODID>WEEKLY</PERIODID><PERIODNAME>Week 27</PERIODNAME><PERIODTO>2024-07-07T00:00:00</PERIODTO></PROJPERIODLINEENTITY><PROJPERIODLINEENTITY><MODELID></MODELID><PERIODFROM>2024-07-08T00:00:00</PERIODFROM><PERIODID>WEEKLY</PERIODID><PERIODNAME>Week 28</PERIODNAME><PERIODTO>2024-07-14T00:00:00</PERIODTO></PROJPERIODLINEENTITY><PROJPERIODLINEENTITY><MODELID></MODELID><PERIODFROM>2024-07-15T00:00:00</PERIODFROM><PERIODID>WEEKLY</PERIODID><PERIODNAME>Week 29</PERIODNAME><PERIODTO>2024-07-21T00:00:00</PERIODTO></PROJPERIODLINEENTITY><PROJPERIODLINEENTITY><MODELID></MODELID><PERIODFROM>2024-07-22T00:00:00</PERIODFROM><PERIODID>WEEKLY</PERIODID><PERIODNAME>Week 30</PERIODNAME><PERIODTO>2024-07-28T00:00:00</PERIODTO></PROJPERIODLINEENTITY><PROJPERIODLINEENTITY><MODELID></MODELID><PERIODFROM>2024-07-29T00:00:00</PERIODFROM><PERIODID>WEEKLY</PERIODID><PERIODNAME>Week 31</PERIODNAME><PERIODTO>2024-08-04T00:00:00</PERIODTO></PROJPERIODLINEENTITY><PROJPERIODLINEENTITY><MODELID></MODELID><PERIODFROM>2024-08-05T00:00:00</PERIODFROM><PERIODID>WEEKLY</PERIODID><PERIODNAME>Week 32</PERIODNAME><PERIODTO>2024-08-11T00:00:00</PERIODTO></PROJPERIODLINEENTITY><PROJPERIODLINEENTITY><MODELID></MODELID><PERIODFROM>2024-08-12T00:00:00</PERIODFROM><PERIODID>WEEKLY</PERIODID><PERIODNAME>Week 33</PERIODNAME><PERIODTO>2024-08-18T00:00:00</PERIODTO></PROJPERIODLINEENTITY><PROJPERIODLINEENTITY><MODELID></MODELID><PERIODFROM>2024-08-19T00:00:00</PERIODFROM><PERIODID>WEEKLY</PERIODID><PERIODNAME>Week 34</PERIODNAME><PERIODTO>2024-08-25T00:00:00</PERIODTO></PROJPERIODLINEENTITY><PROJPERIODLINEENTITY><MODELID></MODELID><PERIODFROM>2024-08-26T00:00:00</PERIODFROM><PERIODID>WEEKLY</PERIODID><PERIODNAME>Week 35</PERIODNAME><PERIODTO>2024-09-01T00:00:00</PERIODTO></PROJPERIODLINEENTITY><PROJPERIODLINEENTITY><MODELID></MODELID><PERIODFROM>2024-09-02T00:00:00</PERIODFROM><PERIODID>WEEKLY</PERIODID><PERIODNAME>Week 36</PERIODNAME><PERIODTO>2024-09-08T00:00:00</PERIODTO></PROJPERIODLINEENTITY><PROJPERIODLINEENTITY><MODELID></MODELID><PERIODFROM>2024-09-09T00:00:00</PERIODFROM><PERIODID>WEEKLY</PERIODID><PERIODNAME>Week 37</PERIODNAME><PERIODTO>2024-09-15T00:00:00</PERIODTO></PROJPERIODLINEENTITY><PROJPERIODLINEENTITY><MODELID></MODELID><PERIODFROM>2024-09-16T00:00:00</PERIODFROM><PERIODID>WEEKLY</PERIODID><PERIODNAME>Week 38</PERIODNAME><PERIODTO>2024-09-22T00:00:00</PERIODTO></PROJPERIODLINEENTITY><PROJPERIODLINEENTITY><MODELID></MODELID><PERIODFROM>2024-09-23T00:00:00</PERIODFROM><PERIODID>WEEKLY</PERIODID><PERIODNAME>Week 39</PERIODNAME><PERIODTO>2024-09-29T00:00:00</PERIODTO></PROJPERIODLINEENTITY><PROJPERIODLINEENTITY><MODELID></MODELID><PERIODFROM>2024-09-30T00:00:00</PERIODFROM><PERIODID>WEEKLY</PERIODID><PERIODNAME>Week 40</PERIODNAME><PERIODTO>2024-10-06T00:00:00</PERIODTO></PROJPERIODLINEENTITY><PROJPERIODLINEENTITY><MODELID></MODELID><PERIODFROM>2024-10-07T00:00:00</PERIODFROM><PERIODID>WEEKLY</PERIODID><PERIODNAME>Week 41</PERIODNAME><PERIODTO>2024-10-13T00:00:00</PERIODTO></PROJPERIODLINEENTITY><PROJPERIODLINEENTITY><MODELID></MODELID><PERIODFROM>2024-10-14T00:00:00</PERIODFROM><PERIODID>WEEKLY</PERIODID><PERIODNAME>Week 42</PERIODNAME><PERIODTO>2024-10-20T00:00:00</PERIODTO></PROJPERIODLINEENTITY><PROJPERIODLINEENTITY><MODELID></MODELID><PERIODFROM>2024-10-21T00:00:00</PERIODFROM><PERIODID>WEEKLY</PERIODID><PERIODNAME>Week 43</PERIODNAME><PERIODTO>2024-10-27T00:00:00</PERIODTO></PROJPERIODLINEENTITY><PROJPERIODLINEENTITY><MODELID></MODELID><PERIODFROM>2024-10-28T00:00:00</PERIODFROM><PERIODID>WEEKLY</PERIODID><PERIODNAME>Week 44</PERIODNAME><PERIODTO>2024-11-03T00:00:00</PERIODTO></PROJPERIODLINEENTITY><PROJPERIODLINEENTITY><MODELID></MODELID><PERIODFROM>2024-11-04T00:00:00</PERIODFROM><PERIODID>WEEKLY</PERIODID><PERIODNAME>Week 45</PERIODNAME><PERIODTO>2024-11-10T00:00:00</PERIODTO></PROJPERIODLINEENTITY><PROJPERIODLINEENTITY><MODELID></MODELID><PERIODFROM>2024-11-11T00:00:00</PERIODFROM><PERIODID>WEEKLY</PERIODID><PERIODNAME>Week 46</PERIODNAME><PERIODTO>2024-11-17T00:00:00</PERIODTO></PROJPERIODLINEENTITY><PROJPERIODLINEENTITY><MODELID></MODELID><PERIODFROM>2024-11-18T00:00:00</PERIODFROM><PERIODID>WEEKLY</PERIODID><PERIODNAME>Week 47</PERIODNAME><PERIODTO>2024-11-24T00:00:00</PERIODTO></PROJPERIODLINEENTITY><PROJPERIODLINEENTITY><MODELID></MODELID><PERIODFROM>2024-11-25T00:00:00</PERIODFROM><PERIODID>WEEKLY</PERIODID><PERIODNAME>Week 48</PERIODNAME><PERIODTO>2024-12-01T00:00:00</PERIODTO></PROJPERIODLINEENTITY><PROJPERIODLINEENTITY><MODELID></MODELID><PERIODFROM>2024-12-02T00:00:00</PERIODFROM><PERIODID>WEEKLY</PERIODID><PERIODNAME>Week 49</PERIODNAME><PERIODTO>2024-12-08T00:00:00</PERIODTO></PROJPERIODLINEENTITY><PROJPERIODLINEENTITY><MODELID></MODELID><PERIODFROM>2024-12-09T00:00:00</PERIODFROM><PERIODID>WEEKLY</PERIODID><PERIODNAME>Week 50</PERIODNAME><PERIODTO>2024-12-15T00:00:00</PERIODTO></PROJPERIODLINEENTITY><PROJPERIODLINEENTITY><MODELID></MODELID><PERIODFROM>2024-12-16T00:00:00</PERIODFROM><PERIODID>WEEKLY</PERIODID><PERIODNAME>Week 51</PERIODNAME><PERIODTO>2024-12-22T00:00:00</PERIODTO></PROJPERIODLINEENTITY><PROJPERIODLINEENTITY><MODELID></MODELID><PERIODFROM>2024-12-23T00:00:00</PERIODFROM><PERIODID>WEEKLY</PERIODID><PERIODNAME>Week 52</PERIODNAME><PERIODTO>2024-12-29T00:00:00</PERIODTO></PROJPERIODLINEENTITY><PROJPERIODLINEENTITY><MODELID></MODELID><PERIODFROM>2024-12-30T00:00:00</PERIODFROM><PERIODID>WEEKLY</PERIODID><PERIODNAME>Week 1</PERIODNAME><PERIODTO>2025-01-05T00:00:00</PERIODTO></PROJPERIODLINEENTITY><PROJPERIODLINEENTITY><MODELID></MODELID><PERIODFROM>2025-01-06T00:00:00</PERIODFROM><PERIODID>WEEKLY</PERIODID><PERIODNAME>Week 2</PERIODNAME><PERIODTO>2025-01-12T00:00:00</PERIODTO></PROJPERIODLINEENTITY><PROJPERIODLINEENTITY><MODELID></MODELID><PERIODFROM>2025-01-13T00:00:00</PERIODFROM><PERIODID>WEEKLY</PERIODID><PERIODNAME>Week 3</PERIODNAME><PERIODTO>2025-01-19T00:00:00</PERIODTO></PROJPERIODLINEENTITY><PROJPERIODLINEENTITY><MODELID></MODELID><PERIODFROM>2025-01-20T00:00:00</PERIODFROM><PERIODID>WEEKLY</PERIODID><PERIODNAME>Week 4</PERIODNAME><PERIODTO>2025-01-26T00:00:00</PERIODTO></PROJPERIODLINEENTITY><PROJPERIODLINEENTITY><MODELID></MODELID><PERIODFROM>2025-01-27T00:00:00</PERIODFROM><PERIODID>WEEKLY</PERIODID><PERIODNAME>Week 5</PERIODNAME><PERIODTO>2025-02-02T00:00:00</PERIODTO></PROJPERIODLINEENTITY><PROJPERIODLINEENTITY><MODELID></MODELID><PERIODFROM>2025-02-03T00:00:00</PERIODFROM><PERIODID>WEEKLY</PERIODID><PERIODNAME>Week 6</PERIODNAME><PERIODTO>2025-02-09T00:00:00</PERIODTO></PROJPERIODLINEENTITY><PROJPERIODLINEENTITY><MODELID></MODELID><PERIODFROM>2025-02-10T00:00:00</PERIODFROM><PERIODID>WEEKLY</PERIODID><PERIODNAME>Week 7</PERIODNAME><PERIODTO>2025-02-16T00:00:00</PERIODTO></PROJPERIODLINEENTITY><PROJPERIODLINEENTITY><MODELID></MODELID><PERIODFROM>2025-02-17T00:00:00</PERIODFROM><PERIODID>WEEKLY</PERIODID><PERIODNAME>Week 8</PERIODNAME><PERIODTO>2025-02-23T00:00:00</PERIODTO></PROJPERIODLINEENTITY><PROJPERIODLINEENTITY><MODELID></MODELID><PERIODFROM>2025-02-24T00:00:00</PERIODFROM><PERIODID>WEEKLY</PERIODID><PERIODNAME>Week 9</PERIODNAME><PERIODTO>2025-03-02T00:00:00</PERIODTO></PROJPERIODLINEENTITY><PROJPERIODLINEENTITY><MODELID></MODELID><PERIODFROM>2025-03-03T00:00:00</PERIODFROM><PERIODID>WEEKLY</PERIODID><PERIODNAME>Week 10</PERIODNAME><PERIODTO>2025-03-09T00:00:00</PERIODTO></PROJPERIODLINEENTITY><PROJPERIODLINEENTITY><MODELID></MODELID><PERIODFROM>2025-03-10T00:00:00</PERIODFROM><PERIODID>WEEKLY</PERIODID><PERIODNAME>Week 11</PERIODNAME><PERIODTO>2025-03-16T00:00:00</PERIODTO></PROJPERIODLINEENTITY><PROJPERIODLINEENTITY><MODELID></MODELID><PERIODFROM>2025-03-17T00:00:00</PERIODFROM><PERIODID>WEEKLY</PERIODID><PERIODNAME>Week 12</PERIODNAME><PERIODTO>2025-03-23T00:00:00</PERIODTO></PROJPERIODLINEENTITY><PROJPERIODLINEENTITY><MODELID></MODELID><PERIODFROM>2025-03-24T00:00:00</PERIODFROM><PERIODID>WEEKLY</PERIODID><PERIODNAME>Week 13</PERIODNAME><PERIODTO>2025-03-30T00:00:00</PERIODTO></PROJPERIODLINEENTITY><PROJPERIODLINEENTITY><MODELID></MODELID><PERIODFROM>2025-03-31T00:00:00</PERIODFROM><PERIODID>WEEKLY</PERIODID><PERIODNAME>Week 14</PERIODNAME><PERIODTO>2025-04-06T00:00:00</PERIODTO></PROJPERIODLINEENTITY><PROJPERIODLINEENTITY><MODELID></MODELID><PERIODFROM>2025-04-07T00:00:00</PERIODFROM><PERIODID>WEEKLY</PERIODID><PERIODNAME>Week 15</PERIODNAME><PERIODTO>2025-04-13T00:00:00</PERIODTO></PROJPERIODLINEENTITY><PROJPERIODLINEENTITY><MODELID></MODELID><PERIODFROM>2025-04-14T00:00:00</PERIODFROM><PERIODID>WEEKLY</PERIODID><PERIODNAME>Week 16</PERIODNAME><PERIODTO>2025-04-20T00:00:00</PERIODTO></PROJPERIODLINEENTITY><PROJPERIODLINEENTITY><MODELID></MODELID><PERIODFROM>2025-04-21T00:00:00</PERIODFROM><PERIODID>WEEKLY</PERIODID><PERIODNAME>Week 17</PERIODNAME><PERIODTO>2025-04-27T00:00:00</PERIODTO></PROJPERIODLINEENTITY><PROJPERIODLINEENTITY><MODELID></MODELID><PERIODFROM>2025-04-28T00:00:00</PERIODFROM><PERIODID>WEEKLY</PERIODID><PERIODNAME>Week 18</PERIODNAME><PERIODTO>2025-05-04T00:00:00</PERIODTO></PROJPERIODLINEENTITY><PROJPERIODLINEENTITY><MODELID></MODELID><PERIODFROM>2025-05-05T00:00:00</PERIODFROM><PERIODID>WEEKLY</PERIODID><PERIODNAME>Week 19</PERIODNAME><PERIODTO>2025-05-11T00:00:00</PERIODTO></PROJPERIODLINEENTITY><PROJPERIODLINEENTITY><MODELID></MODELID><PERIODFROM>2025-05-12T00:00:00</PERIODFROM><PERIODID>WEEKLY</PERIODID><PERIODNAME>Week 20</PERIODNAME><PERIODTO>2025-05-18T00:00:00</PERIODTO></PROJPERIODLINEENTITY><PROJPERIODLINEENTITY><MODELID></MODELID><PERIODFROM>2025-05-19T00:00:00</PERIODFROM><PERIODID>WEEKLY</PERIODID><PERIODNAME>Week 21</PERIODNAME><PERIODTO>2025-05-25T00:00:00</PERIODTO></PROJPERIODLINEENTITY><PROJPERIODLINEENTITY><MODELID></MODELID><PERIODFROM>2025-05-26T00:00:00</PERIODFROM><PERIODID>WEEKLY</PERIODID><PERIODNAME>Week 22</PERIODNAME><PERIODTO>2025-06-01T00:00:00</PERIODTO></PROJPERIODLINEENTITY><PROJPERIODLINEENTITY><MODELID></MODELID><PERIODFROM>2025-06-02T00:00:00</PERIODFROM><PERIODID>WEEKLY</PERIODID><PERIODNAME>Week 23</PERIODNAME><PERIODTO>2025-06-08T00:00:00</PERIODTO></PROJPERIODLINEENTITY><PROJPERIODLINEENTITY><MODELID></MODELID><PERIODFROM>2025-06-09T00:00:00</PERIODFROM><PERIODID>WEEKLY</PERIODID><PERIODNAME>Week 24</PERIODNAME><PERIODTO>2025-06-15T00:00:00</PERIODTO></PROJPERIODLINEENTITY><PROJPERIODLINEENTITY><MODELID></MODELID><PERIODFROM>2025-06-16T00:00:00</PERIODFROM><PERIODID>WEEKLY</PERIODID><PERIODNAME>Week 25</PERIODNAME><PERIODTO>2025-06-22T00:00:00</PERIODTO></PROJPERIODLINEENTITY><PROJPERIODLINEENTITY><MODELID></MODELID><PERIODFROM>2025-06-23T00:00:00</PERIODFROM><PERIODID>WEEKLY</PERIODID><PERIODNAME>Week 26</PERIODNAME><PERIODTO>2025-06-29T00:00:00</PERIODTO></PROJPERIODLINEENTITY><PROJPERIODLINEENTITY><MODELID></MODELID><PERIODFROM>2025-06-30T00:00:00</PERIODFROM><PERIODID>WEEKLY</PERIODID><PERIODNAME>Week 27</PERIODNAME><PERIODTO>2025-07-06T00:00:00</PERIODTO></PROJPERIODLINEENTITY><PROJPERIODLINEENTITY><MODELID></MODELID><PERIODFROM>2025-07-07T00:00:00</PERIODFROM><PERIODID>WEEKLY</PERIODID><PERIODNAME>Week 28</PERIODNAME><PERIODTO>2025-07-13T00:00:00</PERIODTO></PROJPERIODLINEENTITY><PROJPERIODLINEENTITY><MODELID></MODELID><PERIODFROM>2025-07-14T00:00:00</PERIODFROM><PERIODID>WEEKLY</PERIODID><PERIODNAME>Week 29</PERIODNAME><PERIODTO>2025-07-20T00:00:00</PERIODTO></PROJPERIODLINEENTITY><PROJPERIODLINEENTITY><MODELID></MODELID><PERIODFROM>2025-07-21T00:00:00</PERIODFROM><PERIODID>WEEKLY</PERIODID><PERIODNAME>Week 30</PERIODNAME><PERIODTO>2025-07-27T00:00:00</PERIODTO></PROJPERIODLINEENTITY><PROJPERIODLINEENTITY><MODELID></MODELID><PERIODFROM>2025-07-28T00:00:00</PERIODFROM><PERIODID>WEEKLY</PERIODID><PERIODNAME>Week 31</PERIODNAME><PERIODTO>2025-08-03T00:00:00</PERIODTO></PROJPERIODLINEENTITY><PROJPERIODLINEENTITY><MODELID></MODELID><PERIODFROM>2025-08-04T00:00:00</PERIODFROM><PERIODID>WEEKLY</PERIODID><PERIODNAME>Week 32</PERIODNAME><PERIODTO>2025-08-10T00:00:00</PERIODTO></PROJPERIODLINEENTITY><PROJPERIODLINEENTITY><MODELID></MODELID><PERIODFROM>2025-08-11T00:00:00</PERIODFROM><PERIODID>WEEKLY</PERIODID><PERIODNAME>Week 33</PERIODNAME><PERIODTO>2025-08-17T00:00:00</PERIODTO></PROJPERIODLINEENTITY><PROJPERIODLINEENTITY><MODELID></MODELID><PERIODFROM>2025-08-18T00:00:00</PERIODFROM><PERIODID>WEEKLY</PERIODID><PERIODNAME>Week 34</PERIODNAME><PERIODTO>2025-08-24T00:00:00</PERIODTO></PROJPERIODLINEENTITY><PROJPERIODLINEENTITY><MODELID></MODELID><PERIODFROM>2025-08-25T00:00:00</PERIODFROM><PERIODID>WEEKLY</PERIODID><PERIODNAME>Week 35</PERIODNAME><PERIODTO>2025-08-31T00:00:00</PERIODTO></PROJPERIODLINEENTITY><PROJPERIODLINEENTITY><MODELID></MODELID><PERIODFROM>2025-09-01T00:00:00</PERIODFROM><PERIODID>WEEKLY</PERIODID><PERIODNAME>Week 36</PERIODNAME><PERIODTO>2025-09-07T00:00:00</PERIODTO></PROJPERIODLINEENTITY><PROJPERIODLINEENTITY><MODELID></MODELID><PERIODFROM>2025-09-08T00:00:00</PERIODFROM><PERIODID>WEEKLY</PERIODID><PERIODNAME>Week 37</PERIODNAME><PERIODTO>2025-09-14T00:00:00</PERIODTO></PROJPERIODLINEENTITY><PROJPERIODLINEENTITY><MODELID></MODELID><PERIODFROM>2025-09-15T00:00:00</PERIODFROM><PERIODID>WEEKLY</PERIODID><PERIODNAME>Week 38</PERIODNAME><PERIODTO>2025-09-21T00:00:00</PERIODTO></PROJPERIODLINEENTITY><PROJPERIODLINEENTITY><MODELID></MODELID><PERIODFROM>2025-09-22T00:00:00</PERIODFROM><PERIODID>WEEKLY</PERIODID><PERIODNAME>Week 39</PERIODNAME><PERIODTO>2025-09-28T00:00:00</PERIODTO></PROJPERIODLINEENTITY><PROJPERIODLINEENTITY><MODELID></MODELID><PERIODFROM>2025-09-29T00:00:00</PERIODFROM><PERIODID>WEEKLY</PERIODID><PERIODNAME>Week 40</PERIODNAME><PERIODTO>2025-10-05T00:00:00</PERIODTO></PROJPERIODLINEENTITY><PROJPERIODLINEENTITY><MODELID></MODELID><PERIODFROM>2025-10-06T00:00:00</PERIODFROM><PERIODID>WEEKLY</PERIODID><PERIODNAME>Week 41</PERIODNAME><PERIODTO>2025-10-12T00:00:00</PERIODTO></PROJPERIODLINEENTITY><PROJPERIODLINEENTITY><MODELID></MODELID><PERIODFROM>2025-10-13T00:00:00</PERIODFROM><PERIODID>WEEKLY</PERIODID><PERIODNAME>Week 42</PERIODNAME><PERIODTO>2025-10-19T00:00:00</PERIODTO></PROJPERIODLINEENTITY><PROJPERIODLINEENTITY><MODELID></MODELID><PERIODFROM>2025-10-20T00:00:00</PERIODFROM><PERIODID>WEEKLY</PERIODID><PERIODNAME>Week 43</PERIODNAME><PERIODTO>2025-10-26T00:00:00</PERIODTO></PROJPERIODLINEENTITY><PROJPERIODLINEENTITY><MODELID></MODELID><PERIODFROM>2025-10-27T00:00:00</PERIODFROM><PERIODID>WEEKLY</PERIODID><PERIODNAME>Week 44</PERIODNAME><PERIODTO>2025-11-02T00:00:00</PERIODTO></PROJPERIODLINEENTITY><PROJPERIODLINEENTITY><MODELID></MODELID><PERIODFROM>2025-11-03T00:00:00</PERIODFROM><PERIODID>WEEKLY</PERIODID><PERIODNAME>Week 45</PERIODNAME><PERIODTO>2025-11-09T00:00:00</PERIODTO></PROJPERIODLINEENTITY><PROJPERIODLINEENTITY><MODELID></MODELID><PERIODFROM>2025-11-10T00:00:00</PERIODFROM><PERIODID>WEEKLY</PERIODID><PERIODNAME>Week 46</PERIODNAME><PERIODTO>2025-11-16T00:00:00</PERIODTO></PROJPERIODLINEENTITY><PROJPERIODLINEENTITY><MODELID></MODELID><PERIODFROM>2025-11-17T00:00:00</PERIODFROM><PERIODID>WEEKLY</PERIODID><PERIODNAME>Week 47</PERIODNAME><PERIODTO>2025-11-23T00:00:00</PERIODTO></PROJPERIODLINEENTITY><PROJPERIODLINEENTITY><MODELID></MODELID><PERIODFROM>2025-11-24T00:00:00</PERIODFROM><PERIODID>WEEKLY</PERIODID><PERIODNAME>Week 48</PERIODNAME><PERIODTO>2025-11-30T00:00:00</PERIODTO></PROJPERIODLINEENTITY><PROJPERIODLINEENTITY><MODELID></MODELID><PERIODFROM>2025-12-01T00:00:00</PERIODFROM><PERIODID>WEEKLY</PERIODID><PERIODNAME>Week 49</PERIODNAME><PERIODTO>2025-12-07T00:00:00</PERIODTO></PROJPERIODLINEENTITY><PROJPERIODLINEENTITY><MODELID></MODELID><PERIODFROM>2025-12-08T00:00:00</PERIODFROM><PERIODID>WEEKLY</PERIODID><PERIODNAME>Week 50</PERIODNAME><PERIODTO>2025-12-14T00:00:00</PERIODTO></PROJPERIODLINEENTITY><PROJPERIODLINEENTITY><MODELID></MODELID><PERIODFROM>2025-12-15T00:00:00</PERIODFROM><PERIODID>WEEKLY</PERIODID><PERIODNAME>Week 51</PERIODNAME><PERIODTO>2025-12-21T00:00:00</PERIODTO></PROJPERIODLINEENTITY><PROJPERIODLINEENTITY><MODELID></MODELID><PERIODFROM>2025-12-22T00:00:00</PERIODFROM><PERIODID>WEEKLY</PERIODID><PERIODNAME>Week 52</PERIODNAME><PERIODTO>2025-12-28T00:00:00</PERIODTO></PROJPERIODLINEENTITY></Document>