﻿<?xml version="1.0" encoding="utf-8"?><Document><PROJPROJECTFORMSETUPENTITY><INVOICE>0</INVOICE><ITEMNUMBERINFORMS>Our</ITEMNUMBERINFORMS><PACKINGSLIP>0</PACKINGSLIP><PREPRINTLEVELINVOICE>BlankPaper</PREPRINTLEVELINVOICE><PRINTEUROAMOUNT>No</PRINTEUROAMOUNT><PRINTPACKINGSLIPSPECIFICATIONSONINVOICE>No</PRINTPACKINGSLIPSPECIFICATIONSONINVOICE><PRINTTAXEXEMPTNUMBERONINVOICE>No</PRINTTAXEXEMPTNUMBERONINVOICE><SALESTAXSPECIFICATION>None</SALESTAXSPECIFICATION><SEPARATETAXEXEMPTBALANCEINFORMS>No</SEPARATETAXEXEMPTBALANCEINFORMS><SPECIFYINDEXCALCULATION>No</SPECIFYINDEXCALCULATION></PROJPROJECTFORMSETUPENTITY></Document>