﻿<?xml version="1.0" encoding="utf-8"?><Document><PROJECTCATEGORYENTITY><ABSENCE>No</ABSENCE><ACTIVEINJOURNALS>No</ACTIVEINJOURNALS><CATEGORY>EXPENSE</CATEGORY><CATEGORYGROUP>EXPENSE</CATEGORYGROUP><CATEGORYNAME>Expense</CATEGORYNAME><CUSTOMERPAYMENTRETENTION>No</CUSTOMERPAYMENTRETENTION><ESTIMATE>No</ESTIMATE><INDIRECTCOSTCOMPONENT>No</INDIRECTCOSTCOMPONENT><ITEMSALESTAXGROUP></ITEMSALESTAXGROUP><ITEMWITHHOLDINGTAXGROUPID></ITEMWITHHOLDINGTAXGROUPID><SUBSCRIPTION>No</SUBSCRIPTION><TAXRATETYPENAME></TAXRATETYPENAME><TRANSACTIONTYPE>Cost</TRANSACTIONTYPE><WORKER>Optional</WORKER></PROJECTCATEGORYENTITY><PROJECTCATEGORYENTITY><ABSENCE>No</ABSENCE><ACTIVEINJOURNALS>Yes</ACTIVEINJOURNALS><CATEGORY>FEE</CATEGORY><CATEGORYGROUP>FEES</CATEGORYGROUP><CATEGORYNAME>Project Fee</CATEGORYNAME><CUSTOMERPAYMENTRETENTION>No</CUSTOMERPAYMENTRETENTION><ESTIMATE>No</ESTIMATE><INDIRECTCOSTCOMPONENT>No</INDIRECTCOSTCOMPONENT><ITEMSALESTAXGROUP></ITEMSALESTAXGROUP><ITEMWITHHOLDINGTAXGROUPID></ITEMWITHHOLDINGTAXGROUPID><SUBSCRIPTION>No</SUBSCRIPTION><TAXRATETYPENAME></TAXRATETYPENAME><TRANSACTIONTYPE>Revenue</TRANSACTIONTYPE><WORKER>Optional</WORKER></PROJECTCATEGORYENTITY><PROJECTCATEGORYENTITY><ABSENCE>No</ABSENCE><ACTIVEINJOURNALS>No</ACTIVEINJOURNALS><CATEGORY>FEES</CATEGORY><CATEGORYGROUP>FEES</CATEGORYGROUP><CATEGORYNAME>Project Fee</CATEGORYNAME><CUSTOMERPAYMENTRETENTION>No</CUSTOMERPAYMENTRETENTION><ESTIMATE>No</ESTIMATE><INDIRECTCOSTCOMPONENT>No</INDIRECTCOSTCOMPONENT><ITEMSALESTAXGROUP></ITEMSALESTAXGROUP><ITEMWITHHOLDINGTAXGROUPID></ITEMWITHHOLDINGTAXGROUPID><SUBSCRIPTION>No</SUBSCRIPTION><TAXRATETYPENAME></TAXRATETYPENAME><TRANSACTIONTYPE>Revenue</TRANSACTIONTYPE><WORKER>Optional</WORKER></PROJECTCATEGORYENTITY><PROJECTCATEGORYENTITY><ABSENCE>No</ABSENCE><ACTIVEINJOURNALS>No</ACTIVEINJOURNALS><CATEGORY>HOUR</CATEGORY><CATEGORYGROUP>HOURS</CATEGORYGROUP><CATEGORYNAME>Hour</CATEGORYNAME><CUSTOMERPAYMENTRETENTION>No</CUSTOMERPAYMENTRETENTION><ESTIMATE>No</ESTIMATE><INDIRECTCOSTCOMPONENT>No</INDIRECTCOSTCOMPONENT><ITEMSALESTAXGROUP></ITEMSALESTAXGROUP><ITEMWITHHOLDINGTAXGROUPID></ITEMWITHHOLDINGTAXGROUPID><SUBSCRIPTION>No</SUBSCRIPTION><TAXRATETYPENAME></TAXRATETYPENAME><TRANSACTIONTYPE>Hour</TRANSACTIONTYPE><WORKER>Mandatory</WORKER></PROJECTCATEGORYENTITY><PROJECTCATEGORYENTITY><ABSENCE>No</ABSENCE><ACTIVEINJOURNALS>No</ACTIVEINJOURNALS><CATEGORY>ITEM</CATEGORY><CATEGORYGROUP>ITEMS</CATEGORYGROUP><CATEGORYNAME>Item</CATEGORYNAME><CUSTOMERPAYMENTRETENTION>No</CUSTOMERPAYMENTRETENTION><ESTIMATE>No</ESTIMATE><INDIRECTCOSTCOMPONENT>No</INDIRECTCOSTCOMPONENT><ITEMSALESTAXGROUP></ITEMSALESTAXGROUP><ITEMWITHHOLDINGTAXGROUPID></ITEMWITHHOLDINGTAXGROUPID><SUBSCRIPTION>No</SUBSCRIPTION><TAXRATETYPENAME></TAXRATETYPENAME><TRANSACTIONTYPE>Item</TRANSACTIONTYPE><WORKER>Never</WORKER></PROJECTCATEGORYENTITY><PROJECTCATEGORYENTITY><ABSENCE>No</ABSENCE><ACTIVEINJOURNALS>No</ACTIVEINJOURNALS><CATEGORY>MGMTFEE</CATEGORY><CATEGORYGROUP>FEES</CATEGORYGROUP><CATEGORYNAME>Management Fee</CATEGORYNAME><CUSTOMERPAYMENTRETENTION>No</CUSTOMERPAYMENTRETENTION><ESTIMATE>No</ESTIMATE><INDIRECTCOSTCOMPONENT>No</INDIRECTCOSTCOMPONENT><ITEMSALESTAXGROUP></ITEMSALESTAXGROUP><ITEMWITHHOLDINGTAXGROUPID></ITEMWITHHOLDINGTAXGROUPID><SUBSCRIPTION>No</SUBSCRIPTION><TAXRATETYPENAME></TAXRATETYPENAME><TRANSACTIONTYPE>Revenue</TRANSACTIONTYPE><WORKER>Optional</WORKER></PROJECTCATEGORYENTITY><PROJECTCATEGORYENTITY><ABSENCE>No</ABSENCE><ACTIVEINJOURNALS>No</ACTIVEINJOURNALS><CATEGORY>PM</CATEGORY><CATEGORYGROUP>FIXEDFEES</CATEGORYGROUP><CATEGORYNAME>Project Management</CATEGORYNAME><CUSTOMERPAYMENTRETENTION>No</CUSTOMERPAYMENTRETENTION><ESTIMATE>No</ESTIMATE><INDIRECTCOSTCOMPONENT>No</INDIRECTCOSTCOMPONENT><ITEMSALESTAXGROUP></ITEMSALESTAXGROUP><ITEMWITHHOLDINGTAXGROUPID></ITEMWITHHOLDINGTAXGROUPID><SUBSCRIPTION>No</SUBSCRIPTION><TAXRATETYPENAME></TAXRATETYPENAME><TRANSACTIONTYPE>Revenue</TRANSACTIONTYPE><WORKER>Optional</WORKER></PROJECTCATEGORYENTITY><PROJECTCATEGORYENTITY><ABSENCE>No</ABSENCE><ACTIVEINJOURNALS>No</ACTIVEINJOURNALS><CATEGORY>SETUP</CATEGORY><CATEGORYGROUP>FIXEDFEES</CATEGORYGROUP><CATEGORYNAME>Setup</CATEGORYNAME><CUSTOMERPAYMENTRETENTION>No</CUSTOMERPAYMENTRETENTION><ESTIMATE>No</ESTIMATE><INDIRECTCOSTCOMPONENT>No</INDIRECTCOSTCOMPONENT><ITEMSALESTAXGROUP></ITEMSALESTAXGROUP><ITEMWITHHOLDINGTAXGROUPID></ITEMWITHHOLDINGTAXGROUPID><SUBSCRIPTION>No</SUBSCRIPTION><TAXRATETYPENAME></TAXRATETYPENAME><TRANSACTIONTYPE>Revenue</TRANSACTIONTYPE><WORKER>Optional</WORKER></PROJECTCATEGORYENTITY><PROJECTCATEGORYENTITY><ABSENCE>No</ABSENCE><ACTIVEINJOURNALS>No</ACTIVEINJOURNALS><CATEGORY>SUBSCRIPTION</CATEGORY><CATEGORYGROUP>FIXEDFEES</CATEGORYGROUP><CATEGORYNAME>Subscription Fee</CATEGORYNAME><CUSTOMERPAYMENTRETENTION>No</CUSTOMERPAYMENTRETENTION><ESTIMATE>No</ESTIMATE><INDIRECTCOSTCOMPONENT>No</INDIRECTCOSTCOMPONENT><ITEMSALESTAXGROUP></ITEMSALESTAXGROUP><ITEMWITHHOLDINGTAXGROUPID></ITEMWITHHOLDINGTAXGROUPID><SUBSCRIPTION>Yes</SUBSCRIPTION><TAXRATETYPENAME></TAXRATETYPENAME><TRANSACTIONTYPE>Revenue</TRANSACTIONTYPE><WORKER>Never</WORKER></PROJECTCATEGORYENTITY></Document>