﻿<?xml version="1.0" encoding="utf-8"?><Document><PROJPROJECTJOURNALAPPROVALDETAILSENTITY><APPROVE>APPROVAL</APPROVE><CHECKJOURNAL>Yes</CHECKJOURNAL><EDITING>No</EDITING><GROUP>ORIGINATOR</GROUP><NEXT>Post</NEXT><READYFORPOSTING>No</READYFORPOSTING><STATUSVALUE>Approve</STATUSVALUE></PROJPROJECTJOURNALAPPROVALDETAILSENTITY><PROJPROJECTJOURNALAPPROVALDETAILSENTITY><APPROVE>APPROVAL</APPROVE><CHECKJOURNAL>Yes</CHECKJOURNAL><EDITING>Yes</EDITING><GROUP>ORIGINATOR</GROUP><NEXT>Approve</NEXT><READYFORPOSTING>No</READYFORPOSTING><STATUSVALUE>Enter</STATUSVALUE></PROJPROJECTJOURNALAPPROVALDETAILSENTITY><PROJPROJECTJOURNALAPPROVALDETAILSENTITY><APPROVE>APPROVAL</APPROVE><CHECKJOURNAL>Yes</CHECKJOURNAL><EDITING>No</EDITING><GROUP>APPROVERS</GROUP><NEXT></NEXT><READYFORPOSTING>Yes</READYFORPOSTING><STATUSVALUE>Post</STATUSVALUE></PROJPROJECTJOURNALAPPROVALDETAILSENTITY><PROJPROJECTJOURNALAPPROVALDETAILSENTITY><APPROVE>NOAPPROVAL</APPROVE><CHECKJOURNAL>Yes</CHECKJOURNAL><EDITING>Yes</EDITING><GROUP></GROUP><NEXT></NEXT><READYFORPOSTING>Yes</READYFORPOSTING><STATUSVALUE>NoApproval</STATUSVALUE></PROJPROJECTJOURNALAPPROVALDETAILSENTITY></Document>