﻿<?xml version="1.0" encoding="utf-8"?><Document><PROJLEDGERPOSTINGDEFINITIONENTITY><BORROWINGLEGALENTITY>WDTC</BORROWINGLEGALENTITY><CATEGORYGROUP></CATEGORYGROUP><CATEGORYID></CATEGORYID><FUNDINGSOURCEID></FUNDINGSOURCEID><LENDINGLEGALENTITY>WDTC</LENDINGLEGALENTITY><MAINACCOUNTIDDISPLAYVALUE>6640</MAINACCOUNTIDDISPLAYVALUE><PROJECTACCOUNTTYPE>CostAccount</PROJECTACCOUNTTYPE><PROJECTCONTRACTID></PROJECTCONTRACTID><PROJECTGROUP>CORRECTIVE</PROJECTGROUP><PROJECTID></PROJECTID><TAXGROUPID></TAXGROUPID></PROJLEDGERPOSTINGDEFINITIONENTITY><PROJLEDGERPOSTINGDEFINITIONENTITY><BORROWINGLEGALENTITY>WDTC</BORROWINGLEGALENTITY><CATEGORYGROUP></CATEGORYGROUP><CATEGORYID></CATEGORYID><FUNDINGSOURCEID></FUNDINGSOURCEID><LENDINGLEGALENTITY>WDTC</LENDINGLEGALENTITY><MAINACCOUNTIDDISPLAYVALUE>1110</MAINACCOUNTIDDISPLAYVALUE><PROJECTACCOUNTTYPE>PayrollAllocation</PROJECTACCOUNTTYPE><PROJECTCONTRACTID></PROJECTCONTRACTID><PROJECTGROUP>CORRECTIVE</PROJECTGROUP><PROJECTID></PROJECTID><TAXGROUPID></TAXGROUPID></PROJLEDGERPOSTINGDEFINITIONENTITY></Document>