﻿<?xml version="1.0" encoding="utf-8"?><Document><PROJECTPARAMETERENTITY><ID>0</ID><ABSENCEPROJECT></ABSENCEPROJECT><ACCRUEREVENUE>Total</ACCRUEREVENUE><ACTUALCOSTAFTERESTIMATEDATE>No</ACTUALCOSTAFTERESTIMATEDATE><ADJUSTMENT>Total</ADJUSTMENT><AFTERELIMINATIONDATE>Warning</AFTERELIMINATIONDATE><ALLOWSALESORDERSFORMULTIPLEFUNDINGSOURCES>No</ALLOWSALESORDERSFORMULTIPLEFUNDINGSOURCES><ALLOWTIMERANGEOVERLAP>Accept</ALLOWTIMERANGEOVERLAP><ALLOWTIMESHEETCHANGEREASON>No</ALLOWTIMESHEETCHANGEREASON><AMOUNTINMILLIONS>1</AMOUNTINMILLIONS><AMOUNTINTHOUSANDS>0</AMOUNTINTHOUSANDS><APPLYPRIORITYSETTINGSFIRSTORLASTINFUNDINGALLOCATIONORDER>First</APPLYPRIORITYSETTINGSFIRSTORLASTINFUNDINGALLOCATIONORDER><APPROVEDTIMESHEETPOSTING>Automatic</APPROVEDTIMESHEETPOSTING><AUTOMATICALLYSETACCOUNTINGDATETOOPENLEDGERPERIOD>No</AUTOMATICALLYSETACCOUNTINGDATETOOPENLEDGERPERIOD><BEFOREELIMINATIONDATE>Warning</BEFOREELIMINATIONDATE><BEGINNINGBALANCES>BEGBAL</BEGINNINGBALANCES><BILLINGRULEFEEJOURNAL>FEE</BILLINGRULEFEEJOURNAL><BUDGETCONTROLINTERVAL>TotalBudget</BUDGETCONTROLINTERVAL><BUDGETOVERRUNDEFAULT>AllowOverruns</BUDGETOVERRUNDEFAULT><CALCULATIONDATETYPE>InvoiceDate</CALCULATIONDATETYPE><CANALWAYSCREATEADJUSTMENTTRANSACTION>No</CANALWAYSCREATEADJUSTMENTTRANSACTION><CAPACITYPLANNINGPLANNEDORDER>Yes</CAPACITYPLANNINGPLANNEDORDER><CAPACITYPLANNINGPRODUCTION>Yes</CAPACITYPLANNINGPRODUCTION><CATEGORYHIERARCHYNAME></CATEGORYHIERARCHYNAME><CATEGORYNAME></CATEGORYNAME><CHECKBUDGETONDOCUMENTLINESAVE>No</CHECKBUDGETONDOCUMENTLINESAVE><COMMITTEDCOST>Warning</COMMITTEDCOST><COMMITTEDCOSTAFTERESTIMATEDATE>No</COMMITTEDCOSTAFTERESTIMATEDATE><COMMITTEDCOSTUPTOESTIMATEDATE>No</COMMITTEDCOSTUPTOESTIMATEDATE><COSTCONTROLMETHODS>RemainingBudget</COSTCONTROLMETHODS><CREDITLINEERROR>Error</CREDITLINEERROR><DAYWEEKSTARTS>Monday</DAYWEEKSTARTS><DEFAULTCATEGORYEXPENSE>EXPENSE</DEFAULTCATEGORYEXPENSE><DEFAULTCATEGORYFEE></DEFAULTCATEGORYFEE><DEFAULTCATEGORYHOUR>HOUR</DEFAULTCATEGORYHOUR><DEFAULTCATEGORYITEM>ITEM</DEFAULTCATEGORYITEM><DEFAULTCOSTTEMPLATE>AUTOAMT</DEFAULTCOSTTEMPLATE><DEFAULTITEMALLOCATIONKEY></DEFAULTITEMALLOCATIONKEY><DEFAULTJOURNALNAMEITEM>PITEM</DEFAULTJOURNALNAMEITEM><DEFAULTJOURNALNAMESFEE>FEE</DEFAULTJOURNALNAMESFEE><DEFAULTJOURNALNAMESHOUR>HOUR</DEFAULTJOURNALNAMESHOUR><DEFAULTPOSTINGLEVEL>Detail</DEFAULTPOSTINGLEVEL><DEFAULTPROJECTTYPE>Internal</DEFAULTPROJECTTYPE><DEFAULTSUBPROJECTIDFORMAT></DEFAULTSUBPROJECTIDFORMAT><DEFAULTWORKINGCALENDAR></DEFAULTWORKINGCALENDAR><DISPLAYTRANSACTIONS>Price</DISPLAYTRANSACTIONS><ELIMINATED>No</ELIMINATED><ESTIMATE>Total</ESTIMATE><ESTIMATED>Yes</ESTIMATED><EXPENSEDELETEREDUCEDTOZERO>No</EXPENSEDELETEREDUCEDTOZERO><EXPENSEJOURNALNAMEID></EXPENSEJOURNALNAMEID><EXPENSELUMPSUMALLOCATIONKEY></EXPENSELUMPSUMALLOCATIONKEY><EXPENSEREDUCECOSTPRIORITY1>ActivityNum</EXPENSEREDUCECOSTPRIORITY1><EXPENSEREDUCECOSTPRIORITY2>Project</EXPENSEREDUCECOSTPRIORITY2><EXPENSEREDUCECOSTPRIORITY3>Category</EXPENSEREDUCECOSTPRIORITY3><EXPENSEREDUCECOSTPRIORITY4>EmployeeItem</EXPENSEREDUCECOSTPRIORITY4><EXPENSEREDUCECOSTPRIORITY5>ProjDate</EXPENSEREDUCECOSTPRIORITY5><EXPENSEREPORT>No</EXPENSEREPORT><FIXEDPRICEBILLABLE>Utilization</FIXEDPRICEBILLABLE><FIXEDPRICEEFFICIENCY>Utilization</FIXEDPRICEEFFICIENCY><FOLDERFORMICROSOFTPROJECTFILES></FOLDERFORMICROSOFTPROJECTFILES><FORECASTMODEL>ORIGINAL</FORECASTMODEL><GENERALBUDGETRESERVATION>No</GENERALBUDGETRESERVATION><GENERALBUFFERDAYS>30</GENERALBUFFERDAYS><GROSSMARGINDECIMALS>1</GROSSMARGINDECIMALS><GROSSMARGINRATIO>ContributionMargin</GROSSMARGINRATIO><HASFINISHEDPROJECTS>Yes</HASFINISHEDPROJECTS><HASINACTIVECATEGORIES>Yes</HASINACTIVECATEGORIES><HASTERMINATEDWORKERS>Yes</HASTERMINATEDWORKERS><HASTIMEREGISTRATION>No</HASTIMEREGISTRATION><HIDEACTIVITY>No</HIDEACTIVITY><HIDECATEGORY>No</HIDECATEGORY><HIDEEXTERNALCOMMENTS>No</HIDEEXTERNALCOMMENTS><HIDELINEPROPERTY>No</HIDELINEPROPERTY><HOURDELETEREDUCEDTOZERO>No</HOURDELETEREDUCEDTOZERO><HOURJOURNAL>No</HOURJOURNAL><HOURQTYDECIMALS>2</HOURQTYDECIMALS><HOURREDUCECOSTPRIORITY1>ActivityNum</HOURREDUCECOSTPRIORITY1><HOURREDUCECOSTPRIORITY2>Project</HOURREDUCECOSTPRIORITY2><HOURREDUCECOSTPRIORITY3>Category</HOURREDUCECOSTPRIORITY3><HOURREDUCECOSTPRIORITY4>EmployeeItem</HOURREDUCECOSTPRIORITY4><HOURREDUCECOSTPRIORITY5>ProjDate</HOURREDUCECOSTPRIORITY5><HOURREDUCEDMINIMUMREQUIREMENT>EmployeeItem</HOURREDUCEDMINIMUMREQUIREMENT><INTERNALCOSTBILLABLE>Not included</INTERNALCOSTBILLABLE><INTERNALCOSTEFFICIENCY>Not included</INTERNALCOSTEFFICIENCY><INVESTMENTBILLABLE>Burden</INVESTMENTBILLABLE><INVESTMENTEFFICIENCY>Burden</INVESTMENTEFFICIENCY><INVOICE>Total</INVOICE><INVOICED>No</INVOICED><INVOICEPROPOSAL>Yes</INVOICEPROPOSAL><ISACTIVE>No</ISACTIVE><ISACTIVITYEXPENSEFORECASTREQUIRED>No</ISACTIVITYEXPENSEFORECASTREQUIRED><ISACTIVITYEXPENSEJOURNALREQUIRED>No</ISACTIVITYEXPENSEJOURNALREQUIRED><ISACTIVITYHOURFORECASTREQUIRED>No</ISACTIVITYHOURFORECASTREQUIRED><ISACTIVITYHOURJOURNALREQUIRED>No</ISACTIVITYHOURJOURNALREQUIRED><ISACTIVITYITEMFORECASTREQUIRED>No</ISACTIVITYITEMFORECASTREQUIRED><ISACTIVITYITEMJOURNALREQUIRED>No</ISACTIVITYITEMJOURNALREQUIRED><ISALLOCATIONSETTINGSLOCKED>No</ISALLOCATIONSETTINGSLOCKED><ISAUTOUPDATEFIELD>No</ISAUTOUPDATEFIELD><ISBUDGETCONTROLOUTSIDETHEPROJECTHIERARCHYALLOWED>No</ISBUDGETCONTROLOUTSIDETHEPROJECTHIERARCHYALLOWED><ISCARRYFORWARDREMAININGBUDGETS>No</ISCARRYFORWARDREMAININGBUDGETS><ISCREATEITEMREQUIREMENT>No</ISCREATEITEMREQUIREMENT><ISDATECORRECTIONSONTIMESHEETSALLOWED>No</ISDATECORRECTIONSONTIMESHEETSALLOWED><ISELIMINATIONWITHOUTPOSTINGESTIMATESALLOWED>No</ISELIMINATIONWITHOUTPOSTINGESTIMATESALLOWED><ISFUTURETIMESHEETENTRIESBLOCKED>No</ISFUTURETIMESHEETENTRIESBLOCKED><ISHOURCOSTINCONSUMPTIONSTATEMENTINCLUDED>No</ISHOURCOSTINCONSUMPTIONSTATEMENTINCLUDED><ISHOURCOSTINPROFITLOSSSTATEMENTINCLUDED>No</ISHOURCOSTINPROFITLOSSSTATEMENTINCLUDED><ISHOURQUANTITYINCONSUMPTIONSTATEMENTINCLUDED>No</ISHOURQUANTITYINCONSUMPTIONSTATEMENTINCLUDED><ISHOURQUANTITYINPROFITLOSSSTATEMENTINCLUDED>No</ISHOURQUANTITYINPROFITLOSSSTATEMENTINCLUDED><ISHOURSCHEDULINGENABLED>No</ISHOURSCHEDULINGENABLED><ISINTERCOMPANYRESOURCESCHEDULINGANDTIMESHEETSENABLED>No</ISINTERCOMPANYRESOURCESCHEDULINGANDTIMESHEETSENABLED><ISITEMCONSUMPTION>No</ISITEMCONSUMPTION><ISITEMNEVERLEDGERPL>No</ISITEMNEVERLEDGERPL><ISPAYMENTCRITERIA>No</ISPAYMENTCRITERIA><ISPROCESSINGINVOICEPROPOSALSINWORKFLOWENABLED>No</ISPROCESSINGINVOICEPROPOSALSINWORKFLOWENABLED><ISSTARTSTOPTIMEREQUIRED>No</ISSTARTSTOPTIMEREQUIRED><ISTIMESHEETAUDITTRAILREQUIRED>No</ISTIMESHEETAUDITTRAILREQUIRED><ITEMDELETEREDUCEDTOZERO>No</ITEMDELETEREDUCEDTOZERO><ITEMJOURNAL>No</ITEMJOURNAL><ITEMLUMPSUMALLOCATIONKEY></ITEMLUMPSUMALLOCATIONKEY><ITEMMINIMUMREQUIREMENT>EmployeeItem</ITEMMINIMUMREQUIREMENT><ITEMNEVERLEDGERCONSUM>No</ITEMNEVERLEDGERCONSUM><ITEMREDUCECOSTPRIORITY1>ActivityNum</ITEMREDUCECOSTPRIORITY1><ITEMREDUCECOSTPRIORITY2>Project</ITEMREDUCECOSTPRIORITY2><ITEMREDUCECOSTPRIORITY3>Category</ITEMREDUCECOSTPRIORITY3><ITEMREDUCECOSTPRIORITY4>EmployeeItem</ITEMREDUCECOSTPRIORITY4><ITEMREDUCECOSTPRIORITY5>ProjDate</ITEMREDUCECOSTPRIORITY5><ITEMREQUIREMENT>No</ITEMREQUIREMENT><ITEMSALESTAXGROUPMETHOD>ItemNumber</ITEMSALESTAXGROUPMETHOD><MAXIMUMNUMBEROFTIMESHEETSPERPERIOD>0</MAXIMUMNUMBEROFTIMESHEETSPERPERIOD><METHODOFPAYMENT></METHODOFPAYMENT><MINIMUMREQUIREMENT>EmployeeItem</MINIMUMREQUIREMENT><MINIMUMTIMEINCREMENT>0.000000</MINIMUMTIMEINCREMENT><MISSINGTIMESHEETSEMAILID></MISSINGTIMESHEETSEMAILID><NEGATIVEBUDGETSTOBECARRIEDFORWARDALLOWED>No</NEGATIVEBUDGETSTOBECARRIEDFORWARDALLOWED><ORIGINALBUDGET>ORIGINAL</ORIGINALBUDGET><POSTCOSTS>Total</POSTCOSTS><POSTED>Yes</POSTED><POSTINGMETHOD>FinishedItemMethod</POSTINGMETHOD><PRODUCTION>No</PRODUCTION><PROJECTBUDGETMANAGEMENT>None</PROJECTBUDGETMANAGEMENT><PROMPTFORCUSTOMERINFORMATION>No</PROMPTFORCUSTOMERINFORMATION><PROMPTFORCUSTOMERINFORMATIONONPROJECT>No</PROMPTFORCUSTOMERINFORMATIONONPROJECT><PURCHASEORDER>No</PURCHASEORDER><PURCHASEREQUISITION>No</PURCHASEREQUISITION><REMAININGBUDGET>REMAINING</REMAININGBUDGET><REQUIRETIMESHEETCHANGEREASON>No</REQUIRETIMESHEETCHANGEREASON><SALESORDER>No</SALESORDER><SALESTAXGROUPMETHOD>Project</SALESTAXGROUPMETHOD><SAVEMICROSOFTPROJECTFILESTO>ArchiveDirectory</SAVEMICROSOFTPROJECTFILESTO><SELECTPROJECTINVOICEPROPOSALBYFUNDINGSOURCE>No</SELECTPROJECTINVOICEPROPOSALBYFUNDINGSOURCE><SETSUBPRODUCTIONTOCONSUMED>No</SETSUBPRODUCTIONTOCONSUMED><SETTHECOSTPRICEASTHESALESPRICEBYDEFAULT>Yes</SETTHECOSTPRICEASTHESALESPRICEBYDEFAULT><SETVOUCHERDATETO>ProjPeriodEnd</SETVOUCHERDATETO><SHOWINVOICESUMMARY>No</SHOWINVOICESUMMARY><SUBSCRIPTION>Total</SUBSCRIPTION><TAXITEMGROUPONACC></TAXITEMGROUPONACC><TERMSOFPAYMENTFOREXPENSES>NET30</TERMSOFPAYMENTFOREXPENSES><TERMSOFPAYMENTFORHOURS>NET30</TERMSOFPAYMENTFORHOURS><TERMSOFPAYMENTFORITEMS>NET30</TERMSOFPAYMENTFORITEMS><TIMEMATERIALBILLABLE>According to line property</TIMEMATERIALBILLABLE><TIMEMATERIALEFFICIENCY>Utilization</TIMEMATERIALEFFICIENCY><TIMEPROJECTSBILLABLE>Not included</TIMEPROJECTSBILLABLE><TIMEPROJECTSEFFICIENCY>Not included</TIMEPROJECTSEFFICIENCY><TIMESERVICEENABLEDEFAULTLINEPROPERTY>No</TIMESERVICEENABLEDEFAULTLINEPROPERTY><TIMESERVICEENABLESERVICE>No</TIMESERVICEENABLESERVICE><TIMESERVICEVISIBILITYACTIVITY>Display</TIMESERVICEVISIBILITYACTIVITY><TIMESERVICEVISIBILITYCATEGORY>Display</TIMESERVICEVISIBILITYCATEGORY><TIMESERVICEVISIBILITYCUSTOMER>Display</TIMESERVICEVISIBILITYCUSTOMER><TIMESERVICEVISIBILITYEXTERNALCOMMENT>Display</TIMESERVICEVISIBILITYEXTERNALCOMMENT><TIMESERVICEVISIBILITYINTERNALCOMMENT>Display</TIMESERVICEVISIBILITYINTERNALCOMMENT><TIMESERVICEVISIBILITYITEMSALESTAXGROUP>Display</TIMESERVICEVISIBILITYITEMSALESTAXGROUP><TIMESERVICEVISIBILITYLINEPROPERTY>Display</TIMESERVICEVISIBILITYLINEPROPERTY><TIMESERVICEVISIBILITYSALESTAXGROUP>Display</TIMESERVICEVISIBILITYSALESTAXGROUP><TIMESHEETJOURNAL></TIMESHEETJOURNAL><TIMESHEETS>No</TIMESHEETS><TOTALBUDGET>TOTAL</TOTALBUDGET><TOTALESTIMATEPOSTINGTOLERANCE>Warning</TOTALESTIMATEPOSTINGTOLERANCE><TRANSACTIONTYPESCONTROLLED>RevenuesAndCosts</TRANSACTIONTYPESCONTROLLED><TRAVELREQUISITION>No</TRAVELREQUISITION><USEBUDGETCONTROL>No</USEBUDGETCONTROL><USEFAVORITES>No</USEFAVORITES><USERGROUP></USERGROUP><UTILIZATIONRATE>1</UTILIZATIONRATE><VALIDATEABSENCE>No</VALIDATEABSENCE><VALIDATIONPROJECTCATEGORY>None</VALIDATIONPROJECTCATEGORY><VALIDATIONWORKERCATEGORY>None</VALIDATIONWORKERCATEGORY><VALIDATIONWORKERPROJECT>None</VALIDATIONWORKERPROJECT><VALUEADDEDDECIMALS>1</VALUEADDEDDECIMALS><VALUEADDEDDISPLAY>ValueAddedRation</VALUEADDEDDISPLAY><VENDORINVOICE>No</VENDORINVOICE></PROJECTPARAMETERENTITY></Document>