﻿<?xml version="1.0" encoding="utf-8"?><Document><PROJFUNDINGRULEENTITY><ACTIVITYNUMBER></ACTIVITYNUMBER><ALLOCATEROUNDING>Yes</ALLOCATEROUNDING><ALLOCATIONPERCENTAGE>100.000000</ALLOCATIONPERCENTAGE><CATEGORYGROUPID></CATEGORYGROUPID><CATEGORYID></CATEGORYID><ENDDATE>1900-01-01T00:00:00</ENDDATE><FUNDINGSOURCEID>Dhusarra Abhuk</FUNDINGSOURCEID><ITEMID></ITEMID><PRIORITY>1</PRIORITY><PROJECTCONTRACTID>WDTC-000001</PROJECTCONTRACTID><PROJECTID></PROJECTID><RESOURCEID></RESOURCEID><STARTDATE>1900-01-01T00:00:00</STARTDATE><TRANSACTIONTYPE>All</TRANSACTIONTYPE></PROJFUNDINGRULEENTITY></Document>