﻿<?xml version="1.0" encoding="utf-8"?><Document><PROJPERIODENTITY><DESCRIPTION>Accrual Period</DESCRIPTION><FREQUENCY>Period</FREQUENCY><ISWEEKAUTOSPLIT>No</ISWEEKAUTOSPLIT><PERIODID>ACCRUAL</PERIODID><WEEKDAYPERIODSTART>Monday</WEEKDAYPERIODSTART></PROJPERIODENTITY><PROJPERIODENTITY><DESCRIPTION>Estimated Period - Monthly</DESCRIPTION><FREQUENCY>Period</FREQUENCY><ISWEEKAUTOSPLIT>No</ISWEEKAUTOSPLIT><PERIODID>ESTMONTH</PERIODID><WEEKDAYPERIODSTART>Monday</WEEKDAYPERIODSTART></PROJPERIODENTITY><PROJPERIODENTITY><DESCRIPTION>Monthly</DESCRIPTION><FREQUENCY>Month</FREQUENCY><ISWEEKAUTOSPLIT>No</ISWEEKAUTOSPLIT><PERIODID>MONTHLY</PERIODID><WEEKDAYPERIODSTART>Monday</WEEKDAYPERIODSTART></PROJPERIODENTITY><PROJPERIODENTITY><DESCRIPTION>Weekly Timesheet Periods</DESCRIPTION><FREQUENCY>Week</FREQUENCY><ISWEEKAUTOSPLIT>No</ISWEEKAUTOSPLIT><PERIODID>WEEKLY</PERIODID><WEEKDAYPERIODSTART>Monday</WEEKDAYPERIODSTART></PROJPERIODENTITY></Document>