﻿<?xml version="1.0" encoding="utf-8"?><Document><PROJJOURNALNAMEENTITY><APPROVE></APPROVE><DESCRIPTION>Project Beginning Balance Journal</DESCRIPTION><DETAILSUMMARY>Detail</DETAILSUMMARY><JOURNALTYPE>BegBalance</JOURNALTYPE><NAME>BEGBAL</NAME><NEWVOUCHERBY>DateChange</NEWVOUCHERBY><NUMBERSEQUENCECODE>PROJBBJRN</NUMBERSEQUENCECODE><SELECTIONBY>Entering</SELECTIONBY><SETVOUCHERDATETO>ProjPeriodEnd</SETVOUCHERDATETO><SHOWSTARTORENDTIMES>No</SHOWSTARTORENDTIMES></PROJJOURNALNAMEENTITY><PROJJOURNALNAMEENTITY><APPROVE></APPROVE><DESCRIPTION>Fee Journal</DESCRIPTION><DETAILSUMMARY>Detail</DETAILSUMMARY><JOURNALTYPE>Revenue</JOURNALTYPE><NAME>FEE</NAME><NEWVOUCHERBY>DateChange</NEWVOUCHERBY><NUMBERSEQUENCECODE>PROJFEEJRN</NUMBERSEQUENCECODE><SELECTIONBY>Entering</SELECTIONBY><SETVOUCHERDATETO>ProjPeriodEnd</SETVOUCHERDATETO><SHOWSTARTORENDTIMES>No</SHOWSTARTORENDTIMES></PROJJOURNALNAMEENTITY><PROJJOURNALNAMEENTITY><APPROVE></APPROVE><DESCRIPTION>Hour Journal</DESCRIPTION><DETAILSUMMARY>Detail</DETAILSUMMARY><JOURNALTYPE>Hour</JOURNALTYPE><NAME>HOUR</NAME><NEWVOUCHERBY>DateChange</NEWVOUCHERBY><NUMBERSEQUENCECODE>PROJHRJRN</NUMBERSEQUENCECODE><SELECTIONBY>Entering</SELECTIONBY><SETVOUCHERDATETO>ProjPeriodEnd</SETVOUCHERDATETO><SHOWSTARTORENDTIMES>No</SHOWSTARTORENDTIMES></PROJJOURNALNAMEENTITY><PROJJOURNALNAMEENTITY><APPROVE>APPROVAL</APPROVE><DESCRIPTION>Hour Journal, Approval Required</DESCRIPTION><DETAILSUMMARY>Detail</DETAILSUMMARY><JOURNALTYPE>Hour</JOURNALTYPE><NAME>HOURAPP</NAME><NEWVOUCHERBY>DateChange</NEWVOUCHERBY><NUMBERSEQUENCECODE>PROJHRJRN</NUMBERSEQUENCECODE><SELECTIONBY>Entering</SELECTIONBY><SETVOUCHERDATETO>ProjPeriodEnd</SETVOUCHERDATETO><SHOWSTARTORENDTIMES>No</SHOWSTARTORENDTIMES></PROJJOURNALNAMEENTITY></Document>