﻿<?xml version="1.0" encoding="utf-8"?><Document><PROJPROJECTCONTROLCOSTGROUPENTITY><COSTLINEID>EXPENSE</COSTLINEID><COSTTEMPLATEID>AUTOAMT</COSTTEMPLATEID><COSTTOCOMPLETEMETHOD>TotBudgetMinusActual</COSTTOCOMPLETEMETHOD><MANDATORYCOSTLINE>Yes</MANDATORYCOSTLINE><NAME>EXPENSE</NAME><PERCENTAGEOFCOMPLETION>Yes</PERCENTAGEOFCOMPLETION><TRANSACTIONTYPE>Cost</TRANSACTIONTYPE></PROJPROJECTCONTROLCOSTGROUPENTITY><PROJPROJECTCONTROLCOSTGROUPENTITY><COSTLINEID>HOUR</COSTLINEID><COSTTEMPLATEID>AUTOAMT</COSTTEMPLATEID><COSTTOCOMPLETEMETHOD>TotBudgetMinusActual</COSTTOCOMPLETEMETHOD><MANDATORYCOSTLINE>Yes</MANDATORYCOSTLINE><NAME>HOUR</NAME><PERCENTAGEOFCOMPLETION>Yes</PERCENTAGEOFCOMPLETION><TRANSACTIONTYPE>Hour</TRANSACTIONTYPE></PROJPROJECTCONTROLCOSTGROUPENTITY><PROJPROJECTCONTROLCOSTGROUPENTITY><COSTLINEID>ITEM</COSTLINEID><COSTTEMPLATEID>AUTOAMT</COSTTEMPLATEID><COSTTOCOMPLETEMETHOD>TotBudgetMinusActual</COSTTOCOMPLETEMETHOD><MANDATORYCOSTLINE>Yes</MANDATORYCOSTLINE><NAME>ITEM</NAME><PERCENTAGEOFCOMPLETION>Yes</PERCENTAGEOFCOMPLETION><TRANSACTIONTYPE>Item</TRANSACTIONTYPE></PROJPROJECTCONTROLCOSTGROUPENTITY><PROJPROJECTCONTROLCOSTGROUPENTITY><COSTLINEID>EXPENSE</COSTLINEID><COSTTEMPLATEID>AUTOUNIT</COSTTEMPLATEID><COSTTOCOMPLETEMETHOD>TotBudgetMinusActual</COSTTOCOMPLETEMETHOD><MANDATORYCOSTLINE>Yes</MANDATORYCOSTLINE><NAME>EXPENSE</NAME><PERCENTAGEOFCOMPLETION>Yes</PERCENTAGEOFCOMPLETION><TRANSACTIONTYPE>Cost</TRANSACTIONTYPE></PROJPROJECTCONTROLCOSTGROUPENTITY><PROJPROJECTCONTROLCOSTGROUPENTITY><COSTLINEID>HOUR</COSTLINEID><COSTTEMPLATEID>AUTOUNIT</COSTTEMPLATEID><COSTTOCOMPLETEMETHOD>TotBudgetMinusActual</COSTTOCOMPLETEMETHOD><MANDATORYCOSTLINE>Yes</MANDATORYCOSTLINE><NAME>HOUR</NAME><PERCENTAGEOFCOMPLETION>Yes</PERCENTAGEOFCOMPLETION><TRANSACTIONTYPE>Hour</TRANSACTIONTYPE></PROJPROJECTCONTROLCOSTGROUPENTITY><PROJPROJECTCONTROLCOSTGROUPENTITY><COSTLINEID>ITEM</COSTLINEID><COSTTEMPLATEID>AUTOUNIT</COSTTEMPLATEID><COSTTOCOMPLETEMETHOD>TotBudgetMinusActual</COSTTOCOMPLETEMETHOD><MANDATORYCOSTLINE>Yes</MANDATORYCOSTLINE><NAME>ITEM</NAME><PERCENTAGEOFCOMPLETION>Yes</PERCENTAGEOFCOMPLETION><TRANSACTIONTYPE>Item</TRANSACTIONTYPE></PROJPROJECTCONTROLCOSTGROUPENTITY></Document>