﻿<?xml version="1.0" encoding="utf-8"?><Document><PROJPROJECTWBSDRAFTENTITY><PROJECTID>WDTC-000001</PROJECTID><WBSID>1</WBSID><ACTIVITYTASKTIMETYPE>NotStarted</ACTIVITYTASKTIMETYPE><CATEGORY></CATEGORY><DURATION>1.000000</DURATION><EFFORT>96.000000</EFFORT><ENDDATE>2024-08-28T00:00:00</ENDDATE><ISCATEGORYMANDATORY>No</ISCATEGORYMANDATORY><ISTASKCLOSED>No</ISTASKCLOSED><ISTASKMANDATORY>No</ISTASKMANDATORY><NOTE></NOTE><NUMBEROFRESOURCES>0.000000</NUMBEROFRESOURCES><PREDECESSORS></PREDECESSORS><ROLE></ROLE><STARTDATE>2024-08-28T00:00:00</STARTDATE><TASK>Project Initiation</TASK><TASKCOSTATCOMPLETE>0.000000</TASKCOSTATCOMPLETE><TASKEFFORTATCOMPLETE>96.000000</TASKEFFORTATCOMPLETE><TASKPRIORITY>Normal</TASKPRIORITY></PROJPROJECTWBSDRAFTENTITY><PROJPROJECTWBSDRAFTENTITY><PROJECTID>WDTC-000001</PROJECTID><WBSID>1.1</WBSID><ACTIVITYTASKTIMETYPE>NotStarted</ACTIVITYTASKTIMETYPE><CATEGORY></CATEGORY><DURATION>1.000000</DURATION><EFFORT>32.000000</EFFORT><ENDDATE>2024-08-28T00:00:00</ENDDATE><ISCATEGORYMANDATORY>No</ISCATEGORYMANDATORY><ISTASKCLOSED>No</ISTASKCLOSED><ISTASKMANDATORY>No</ISTASKMANDATORY><NOTE></NOTE><NUMBEROFRESOURCES>0.000000</NUMBEROFRESOURCES><PREDECESSORS></PREDECESSORS><ROLE></ROLE><STARTDATE>2024-08-28T00:00:00</STARTDATE><TASK>Project Charter Development</TASK><TASKCOSTATCOMPLETE>0.000000</TASKCOSTATCOMPLETE><TASKEFFORTATCOMPLETE>32.000000</TASKEFFORTATCOMPLETE><TASKPRIORITY>Normal</TASKPRIORITY></PROJPROJECTWBSDRAFTENTITY><PROJPROJECTWBSDRAFTENTITY><PROJECTID>WDTC-000001</PROJECTID><WBSID>1.1.1</WBSID><ACTIVITYTASKTIMETYPE>NotStarted</ACTIVITYTASKTIMETYPE><CATEGORY>HOUR</CATEGORY><DURATION>1.000000</DURATION><EFFORT>8.000000</EFFORT><ENDDATE>2024-08-28T00:00:00</ENDDATE><ISCATEGORYMANDATORY>No</ISCATEGORYMANDATORY><ISTASKCLOSED>No</ISTASKCLOSED><ISTASKMANDATORY>No</ISTASKMANDATORY><NOTE></NOTE><NUMBEROFRESOURCES>1.000000</NUMBEROFRESOURCES><PREDECESSORS></PREDECESSORS><ROLE></ROLE><STARTDATE>2024-08-28T00:00:00</STARTDATE><TASK>Define project goals and objectives</TASK><TASKCOSTATCOMPLETE>0.000000</TASKCOSTATCOMPLETE><TASKEFFORTATCOMPLETE>8.000000</TASKEFFORTATCOMPLETE><TASKPRIORITY>Normal</TASKPRIORITY></PROJPROJECTWBSDRAFTENTITY><PROJPROJECTWBSDRAFTENTITY><PROJECTID>WDTC-000001</PROJECTID><WBSID>1.1.2</WBSID><ACTIVITYTASKTIMETYPE>NotStarted</ACTIVITYTASKTIMETYPE><CATEGORY>HOUR</CATEGORY><DURATION>1.000000</DURATION><EFFORT>8.000000</EFFORT><ENDDATE>2024-08-28T00:00:00</ENDDATE><ISCATEGORYMANDATORY>No</ISCATEGORYMANDATORY><ISTASKCLOSED>No</ISTASKCLOSED><ISTASKMANDATORY>No</ISTASKMANDATORY><NOTE></NOTE><NUMBEROFRESOURCES>1.000000</NUMBEROFRESOURCES><PREDECESSORS></PREDECESSORS><ROLE></ROLE><STARTDATE>2024-08-28T00:00:00</STARTDATE><TASK>Identify key stakeholders</TASK><TASKCOSTATCOMPLETE>0.000000</TASKCOSTATCOMPLETE><TASKEFFORTATCOMPLETE>8.000000</TASKEFFORTATCOMPLETE><TASKPRIORITY>Normal</TASKPRIORITY></PROJPROJECTWBSDRAFTENTITY><PROJPROJECTWBSDRAFTENTITY><PROJECTID>WDTC-000001</PROJECTID><WBSID>1.1.3</WBSID><ACTIVITYTASKTIMETYPE>NotStarted</ACTIVITYTASKTIMETYPE><CATEGORY>HOUR</CATEGORY><DURATION>1.000000</DURATION><EFFORT>8.000000</EFFORT><ENDDATE>2024-08-28T00:00:00</ENDDATE><ISCATEGORYMANDATORY>No</ISCATEGORYMANDATORY><ISTASKCLOSED>No</ISTASKCLOSED><ISTASKMANDATORY>No</ISTASKMANDATORY><NOTE></NOTE><NUMBEROFRESOURCES>1.000000</NUMBEROFRESOURCES><PREDECESSORS></PREDECESSORS><ROLE></ROLE><STARTDATE>2024-08-28T00:00:00</STARTDATE><TASK> Secure project funding and resources</TASK><TASKCOSTATCOMPLETE>0.000000</TASKCOSTATCOMPLETE><TASKEFFORTATCOMPLETE>8.000000</TASKEFFORTATCOMPLETE><TASKPRIORITY>Normal</TASKPRIORITY></PROJPROJECTWBSDRAFTENTITY><PROJPROJECTWBSDRAFTENTITY><PROJECTID>WDTC-000001</PROJECTID><WBSID>1.1.4</WBSID><ACTIVITYTASKTIMETYPE>NotStarted</ACTIVITYTASKTIMETYPE><CATEGORY>HOUR</CATEGORY><DURATION>1.000000</DURATION><EFFORT>8.000000</EFFORT><ENDDATE>2024-08-28T00:00:00</ENDDATE><ISCATEGORYMANDATORY>No</ISCATEGORYMANDATORY><ISTASKCLOSED>No</ISTASKCLOSED><ISTASKMANDATORY>No</ISTASKMANDATORY><NOTE></NOTE><NUMBEROFRESOURCES>1.000000</NUMBEROFRESOURCES><PREDECESSORS></PREDECESSORS><ROLE></ROLE><STARTDATE>2024-08-28T00:00:00</STARTDATE><TASK>Approval of project charter</TASK><TASKCOSTATCOMPLETE>0.000000</TASKCOSTATCOMPLETE><TASKEFFORTATCOMPLETE>8.000000</TASKEFFORTATCOMPLETE><TASKPRIORITY>Normal</TASKPRIORITY></PROJPROJECTWBSDRAFTENTITY><PROJPROJECTWBSDRAFTENTITY><PROJECTID>WDTC-000001</PROJECTID><WBSID>1.2</WBSID><ACTIVITYTASKTIMETYPE>NotStarted</ACTIVITYTASKTIMETYPE><CATEGORY></CATEGORY><DURATION>1.000000</DURATION><EFFORT>32.000000</EFFORT><ENDDATE>2024-08-28T00:00:00</ENDDATE><ISCATEGORYMANDATORY>No</ISCATEGORYMANDATORY><ISTASKCLOSED>No</ISTASKCLOSED><ISTASKMANDATORY>No</ISTASKMANDATORY><NOTE></NOTE><NUMBEROFRESOURCES>0.000000</NUMBEROFRESOURCES><PREDECESSORS></PREDECESSORS><ROLE></ROLE><STARTDATE>2024-08-28T00:00:00</STARTDATE><TASK>Feasibility Study</TASK><TASKCOSTATCOMPLETE>0.000000</TASKCOSTATCOMPLETE><TASKEFFORTATCOMPLETE>32.000000</TASKEFFORTATCOMPLETE><TASKPRIORITY>Normal</TASKPRIORITY></PROJPROJECTWBSDRAFTENTITY><PROJPROJECTWBSDRAFTENTITY><PROJECTID>WDTC-000001</PROJECTID><WBSID>1.2.1</WBSID><ACTIVITYTASKTIMETYPE>NotStarted</ACTIVITYTASKTIMETYPE><CATEGORY>HOUR</CATEGORY><DURATION>1.000000</DURATION><EFFORT>8.000000</EFFORT><ENDDATE>2024-08-28T00:00:00</ENDDATE><ISCATEGORYMANDATORY>No</ISCATEGORYMANDATORY><ISTASKCLOSED>No</ISTASKCLOSED><ISTASKMANDATORY>No</ISTASKMANDATORY><NOTE></NOTE><NUMBEROFRESOURCES>1.000000</NUMBEROFRESOURCES><PREDECESSORS></PREDECESSORS><ROLE></ROLE><STARTDATE>2024-08-28T00:00:00</STARTDATE><TASK>Conduct environmental impact assessment</TASK><TASKCOSTATCOMPLETE>0.000000</TASKCOSTATCOMPLETE><TASKEFFORTATCOMPLETE>8.000000</TASKEFFORTATCOMPLETE><TASKPRIORITY>Normal</TASKPRIORITY></PROJPROJECTWBSDRAFTENTITY><PROJPROJECTWBSDRAFTENTITY><PROJECTID>WDTC-000001</PROJECTID><WBSID>1.2.2</WBSID><ACTIVITYTASKTIMETYPE>NotStarted</ACTIVITYTASKTIMETYPE><CATEGORY>HOUR</CATEGORY><DURATION>1.000000</DURATION><EFFORT>8.000000</EFFORT><ENDDATE>2024-08-28T00:00:00</ENDDATE><ISCATEGORYMANDATORY>No</ISCATEGORYMANDATORY><ISTASKCLOSED>No</ISTASKCLOSED><ISTASKMANDATORY>No</ISTASKMANDATORY><NOTE></NOTE><NUMBEROFRESOURCES>1.000000</NUMBEROFRESOURCES><PREDECESSORS></PREDECESSORS><ROLE></ROLE><STARTDATE>2024-08-28T00:00:00</STARTDATE><TASK>Evaluate financial viability</TASK><TASKCOSTATCOMPLETE>0.000000</TASKCOSTATCOMPLETE><TASKEFFORTATCOMPLETE>8.000000</TASKEFFORTATCOMPLETE><TASKPRIORITY>Normal</TASKPRIORITY></PROJPROJECTWBSDRAFTENTITY><PROJPROJECTWBSDRAFTENTITY><PROJECTID>WDTC-000001</PROJECTID><WBSID>1.2.3</WBSID><ACTIVITYTASKTIMETYPE>NotStarted</ACTIVITYTASKTIMETYPE><CATEGORY>HOUR</CATEGORY><DURATION>1.000000</DURATION><EFFORT>8.000000</EFFORT><ENDDATE>2024-08-28T00:00:00</ENDDATE><ISCATEGORYMANDATORY>No</ISCATEGORYMANDATORY><ISTASKCLOSED>No</ISTASKCLOSED><ISTASKMANDATORY>No</ISTASKMANDATORY><NOTE></NOTE><NUMBEROFRESOURCES>1.000000</NUMBEROFRESOURCES><PREDECESSORS></PREDECESSORS><ROLE></ROLE><STARTDATE>2024-08-28T00:00:00</STARTDATE><TASK>Risk analysis and mitigation planning</TASK><TASKCOSTATCOMPLETE>0.000000</TASKCOSTATCOMPLETE><TASKEFFORTATCOMPLETE>8.000000</TASKEFFORTATCOMPLETE><TASKPRIORITY>Normal</TASKPRIORITY></PROJPROJECTWBSDRAFTENTITY><PROJPROJECTWBSDRAFTENTITY><PROJECTID>WDTC-000001</PROJECTID><WBSID>1.2.4</WBSID><ACTIVITYTASKTIMETYPE>NotStarted</ACTIVITYTASKTIMETYPE><CATEGORY>HOUR</CATEGORY><DURATION>1.000000</DURATION><EFFORT>8.000000</EFFORT><ENDDATE>2024-08-28T00:00:00</ENDDATE><ISCATEGORYMANDATORY>No</ISCATEGORYMANDATORY><ISTASKCLOSED>No</ISTASKCLOSED><ISTASKMANDATORY>No</ISTASKMANDATORY><NOTE></NOTE><NUMBEROFRESOURCES>1.000000</NUMBEROFRESOURCES><PREDECESSORS></PREDECESSORS><ROLE></ROLE><STARTDATE>2024-08-28T00:00:00</STARTDATE><TASK>Approval of feasibility study</TASK><TASKCOSTATCOMPLETE>0.000000</TASKCOSTATCOMPLETE><TASKEFFORTATCOMPLETE>8.000000</TASKEFFORTATCOMPLETE><TASKPRIORITY>Normal</TASKPRIORITY></PROJPROJECTWBSDRAFTENTITY><PROJPROJECTWBSDRAFTENTITY><PROJECTID>WDTC-000001</PROJECTID><WBSID>1.3</WBSID><ACTIVITYTASKTIMETYPE>NotStarted</ACTIVITYTASKTIMETYPE><CATEGORY></CATEGORY><DURATION>1.000000</DURATION><EFFORT>32.000000</EFFORT><ENDDATE>2024-08-28T00:00:00</ENDDATE><ISCATEGORYMANDATORY>No</ISCATEGORYMANDATORY><ISTASKCLOSED>No</ISTASKCLOSED><ISTASKMANDATORY>No</ISTASKMANDATORY><NOTE></NOTE><NUMBEROFRESOURCES>0.000000</NUMBEROFRESOURCES><PREDECESSORS></PREDECESSORS><ROLE></ROLE><STARTDATE>2024-08-28T00:00:00</STARTDATE><TASK>Project Team Formation</TASK><TASKCOSTATCOMPLETE>0.000000</TASKCOSTATCOMPLETE><TASKEFFORTATCOMPLETE>32.000000</TASKEFFORTATCOMPLETE><TASKPRIORITY>Normal</TASKPRIORITY></PROJPROJECTWBSDRAFTENTITY><PROJPROJECTWBSDRAFTENTITY><PROJECTID>WDTC-000001</PROJECTID><WBSID>1.3.1</WBSID><ACTIVITYTASKTIMETYPE>NotStarted</ACTIVITYTASKTIMETYPE><CATEGORY>HOUR</CATEGORY><DURATION>1.000000</DURATION><EFFORT>8.000000</EFFORT><ENDDATE>2024-08-28T00:00:00</ENDDATE><ISCATEGORYMANDATORY>No</ISCATEGORYMANDATORY><ISTASKCLOSED>No</ISTASKCLOSED><ISTASKMANDATORY>No</ISTASKMANDATORY><NOTE></NOTE><NUMBEROFRESOURCES>1.000000</NUMBEROFRESOURCES><PREDECESSORS></PREDECESSORS><ROLE></ROLE><STARTDATE>2024-08-28T00:00:00</STARTDATE><TASK>Assign project manager</TASK><TASKCOSTATCOMPLETE>0.000000</TASKCOSTATCOMPLETE><TASKEFFORTATCOMPLETE>8.000000</TASKEFFORTATCOMPLETE><TASKPRIORITY>Normal</TASKPRIORITY></PROJPROJECTWBSDRAFTENTITY><PROJPROJECTWBSDRAFTENTITY><PROJECTID>WDTC-000001</PROJECTID><WBSID>1.3.2</WBSID><ACTIVITYTASKTIMETYPE>NotStarted</ACTIVITYTASKTIMETYPE><CATEGORY>HOUR</CATEGORY><DURATION>1.000000</DURATION><EFFORT>8.000000</EFFORT><ENDDATE>2024-08-28T00:00:00</ENDDATE><ISCATEGORYMANDATORY>No</ISCATEGORYMANDATORY><ISTASKCLOSED>No</ISTASKCLOSED><ISTASKMANDATORY>No</ISTASKMANDATORY><NOTE></NOTE><NUMBEROFRESOURCES>1.000000</NUMBEROFRESOURCES><PREDECESSORS></PREDECESSORS><ROLE></ROLE><STARTDATE>2024-08-28T00:00:00</STARTDATE><TASK>Recruit key project team members</TASK><TASKCOSTATCOMPLETE>0.000000</TASKCOSTATCOMPLETE><TASKEFFORTATCOMPLETE>8.000000</TASKEFFORTATCOMPLETE><TASKPRIORITY>Normal</TASKPRIORITY></PROJPROJECTWBSDRAFTENTITY><PROJPROJECTWBSDRAFTENTITY><PROJECTID>WDTC-000001</PROJECTID><WBSID>1.3.3</WBSID><ACTIVITYTASKTIMETYPE>NotStarted</ACTIVITYTASKTIMETYPE><CATEGORY>HOUR</CATEGORY><DURATION>1.000000</DURATION><EFFORT>8.000000</EFFORT><ENDDATE>2024-08-28T00:00:00</ENDDATE><ISCATEGORYMANDATORY>No</ISCATEGORYMANDATORY><ISTASKCLOSED>No</ISTASKCLOSED><ISTASKMANDATORY>No</ISTASKMANDATORY><NOTE></NOTE><NUMBEROFRESOURCES>1.000000</NUMBEROFRESOURCES><PREDECESSORS></PREDECESSORS><ROLE></ROLE><STARTDATE>2024-08-28T00:00:00</STARTDATE><TASK>Establish communication plan</TASK><TASKCOSTATCOMPLETE>0.000000</TASKCOSTATCOMPLETE><TASKEFFORTATCOMPLETE>8.000000</TASKEFFORTATCOMPLETE><TASKPRIORITY>Normal</TASKPRIORITY></PROJPROJECTWBSDRAFTENTITY><PROJPROJECTWBSDRAFTENTITY><PROJECTID>WDTC-000001</PROJECTID><WBSID>1.3.4</WBSID><ACTIVITYTASKTIMETYPE>NotStarted</ACTIVITYTASKTIMETYPE><CATEGORY>HOUR</CATEGORY><DURATION>1.000000</DURATION><EFFORT>8.000000</EFFORT><ENDDATE>2024-08-28T00:00:00</ENDDATE><ISCATEGORYMANDATORY>No</ISCATEGORYMANDATORY><ISTASKCLOSED>No</ISTASKCLOSED><ISTASKMANDATORY>No</ISTASKMANDATORY><NOTE></NOTE><NUMBEROFRESOURCES>1.000000</NUMBEROFRESOURCES><PREDECESSORS></PREDECESSORS><ROLE></ROLE><STARTDATE>2024-08-28T00:00:00</STARTDATE><TASK>Set up project management office (PMO)</TASK><TASKCOSTATCOMPLETE>0.000000</TASKCOSTATCOMPLETE><TASKEFFORTATCOMPLETE>8.000000</TASKEFFORTATCOMPLETE><TASKPRIORITY>Normal</TASKPRIORITY></PROJPROJECTWBSDRAFTENTITY><PROJPROJECTWBSDRAFTENTITY><PROJECTID>WDTC-000001</PROJECTID><WBSID>2</WBSID><ACTIVITYTASKTIMETYPE>NotStarted</ACTIVITYTASKTIMETYPE><CATEGORY></CATEGORY><DURATION>1.000000</DURATION><EFFORT>24.000000</EFFORT><ENDDATE>2024-08-28T00:00:00</ENDDATE><ISCATEGORYMANDATORY>No</ISCATEGORYMANDATORY><ISTASKCLOSED>No</ISTASKCLOSED><ISTASKMANDATORY>No</ISTASKMANDATORY><NOTE></NOTE><NUMBEROFRESOURCES>0.000000</NUMBEROFRESOURCES><PREDECESSORS></PREDECESSORS><ROLE></ROLE><STARTDATE>2024-08-28T00:00:00</STARTDATE><TASK>Infrastructure Restoration and Modernization</TASK><TASKCOSTATCOMPLETE>0.000000</TASKCOSTATCOMPLETE><TASKEFFORTATCOMPLETE>24.000000</TASKEFFORTATCOMPLETE><TASKPRIORITY>Normal</TASKPRIORITY></PROJPROJECTWBSDRAFTENTITY><PROJPROJECTWBSDRAFTENTITY><PROJECTID>WDTC-000001</PROJECTID><WBSID>2.1</WBSID><ACTIVITYTASKTIMETYPE>NotStarted</ACTIVITYTASKTIMETYPE><CATEGORY>HOUR</CATEGORY><DURATION>1.000000</DURATION><EFFORT>8.000000</EFFORT><ENDDATE>2024-08-28T00:00:00</ENDDATE><ISCATEGORYMANDATORY>No</ISCATEGORYMANDATORY><ISTASKCLOSED>No</ISTASKCLOSED><ISTASKMANDATORY>No</ISTASKMANDATORY><NOTE></NOTE><NUMBEROFRESOURCES>1.000000</NUMBEROFRESOURCES><PREDECESSORS></PREDECESSORS><ROLE></ROLE><STARTDATE>2024-08-28T00:00:00</STARTDATE><TASK>Docks and Piers</TASK><TASKCOSTATCOMPLETE>0.000000</TASKCOSTATCOMPLETE><TASKEFFORTATCOMPLETE>8.000000</TASKEFFORTATCOMPLETE><TASKPRIORITY>Normal</TASKPRIORITY></PROJPROJECTWBSDRAFTENTITY><PROJPROJECTWBSDRAFTENTITY><PROJECTID>WDTC-000001</PROJECTID><WBSID>2.2</WBSID><ACTIVITYTASKTIMETYPE>NotStarted</ACTIVITYTASKTIMETYPE><CATEGORY>HOUR</CATEGORY><DURATION>1.000000</DURATION><EFFORT>8.000000</EFFORT><ENDDATE>2024-08-28T00:00:00</ENDDATE><ISCATEGORYMANDATORY>No</ISCATEGORYMANDATORY><ISTASKCLOSED>No</ISTASKCLOSED><ISTASKMANDATORY>No</ISTASKMANDATORY><NOTE></NOTE><NUMBEROFRESOURCES>1.000000</NUMBEROFRESOURCES><PREDECESSORS></PREDECESSORS><ROLE></ROLE><STARTDATE>2024-08-28T00:00:00</STARTDATE><TASK>Warehouses</TASK><TASKCOSTATCOMPLETE>0.000000</TASKCOSTATCOMPLETE><TASKEFFORTATCOMPLETE>8.000000</TASKEFFORTATCOMPLETE><TASKPRIORITY>Normal</TASKPRIORITY></PROJPROJECTWBSDRAFTENTITY><PROJPROJECTWBSDRAFTENTITY><PROJECTID>WDTC-000001</PROJECTID><WBSID>2.3</WBSID><ACTIVITYTASKTIMETYPE>NotStarted</ACTIVITYTASKTIMETYPE><CATEGORY>HOUR</CATEGORY><DURATION>1.000000</DURATION><EFFORT>8.000000</EFFORT><ENDDATE>2024-08-28T00:00:00</ENDDATE><ISCATEGORYMANDATORY>No</ISCATEGORYMANDATORY><ISTASKCLOSED>No</ISTASKCLOSED><ISTASKMANDATORY>No</ISTASKMANDATORY><NOTE></NOTE><NUMBEROFRESOURCES>1.000000</NUMBEROFRESOURCES><PREDECESSORS></PREDECESSORS><ROLE></ROLE><STARTDATE>2024-08-28T00:00:00</STARTDATE><TASK>Marketplaces and Trade Halls</TASK><TASKCOSTATCOMPLETE>0.000000</TASKCOSTATCOMPLETE><TASKEFFORTATCOMPLETE>8.000000</TASKEFFORTATCOMPLETE><TASKPRIORITY>Normal</TASKPRIORITY></PROJPROJECTWBSDRAFTENTITY><PROJPROJECTWBSDRAFTENTITY><PROJECTID>WDTC-000001</PROJECTID><WBSID>3</WBSID><ACTIVITYTASKTIMETYPE>NotStarted</ACTIVITYTASKTIMETYPE><CATEGORY></CATEGORY><DURATION>1.000000</DURATION><EFFORT>24.000000</EFFORT><ENDDATE>2024-08-28T00:00:00</ENDDATE><ISCATEGORYMANDATORY>No</ISCATEGORYMANDATORY><ISTASKCLOSED>No</ISTASKCLOSED><ISTASKMANDATORY>No</ISTASKMANDATORY><NOTE></NOTE><NUMBEROFRESOURCES>0.000000</NUMBEROFRESOURCES><PREDECESSORS></PREDECESSORS><ROLE></ROLE><STARTDATE>2024-08-28T00:00:00</STARTDATE><TASK>Security and Defense Measures</TASK><TASKCOSTATCOMPLETE>0.000000</TASKCOSTATCOMPLETE><TASKEFFORTATCOMPLETE>24.000000</TASKEFFORTATCOMPLETE><TASKPRIORITY>Normal</TASKPRIORITY></PROJPROJECTWBSDRAFTENTITY><PROJPROJECTWBSDRAFTENTITY><PROJECTID>WDTC-000001</PROJECTID><WBSID>3.1</WBSID><ACTIVITYTASKTIMETYPE>NotStarted</ACTIVITYTASKTIMETYPE><CATEGORY>HOUR</CATEGORY><DURATION>1.000000</DURATION><EFFORT>8.000000</EFFORT><ENDDATE>2024-08-28T00:00:00</ENDDATE><ISCATEGORYMANDATORY>No</ISCATEGORYMANDATORY><ISTASKCLOSED>No</ISTASKCLOSED><ISTASKMANDATORY>No</ISTASKMANDATORY><NOTE></NOTE><NUMBEROFRESOURCES>1.000000</NUMBEROFRESOURCES><PREDECESSORS></PREDECESSORS><ROLE></ROLE><STARTDATE>2024-08-28T00:00:00</STARTDATE><TASK>Naval Defense</TASK><TASKCOSTATCOMPLETE>0.000000</TASKCOSTATCOMPLETE><TASKEFFORTATCOMPLETE>8.000000</TASKEFFORTATCOMPLETE><TASKPRIORITY>Normal</TASKPRIORITY></PROJPROJECTWBSDRAFTENTITY><PROJPROJECTWBSDRAFTENTITY><PROJECTID>WDTC-000001</PROJECTID><WBSID>3.2</WBSID><ACTIVITYTASKTIMETYPE>NotStarted</ACTIVITYTASKTIMETYPE><CATEGORY>HOUR</CATEGORY><DURATION>1.000000</DURATION><EFFORT>8.000000</EFFORT><ENDDATE>2024-08-28T00:00:00</ENDDATE><ISCATEGORYMANDATORY>No</ISCATEGORYMANDATORY><ISTASKCLOSED>No</ISTASKCLOSED><ISTASKMANDATORY>No</ISTASKMANDATORY><NOTE></NOTE><NUMBEROFRESOURCES>1.000000</NUMBEROFRESOURCES><PREDECESSORS></PREDECESSORS><ROLE></ROLE><STARTDATE>2024-08-28T00:00:00</STARTDATE><TASK>Land-Based Security</TASK><TASKCOSTATCOMPLETE>0.000000</TASKCOSTATCOMPLETE><TASKEFFORTATCOMPLETE>8.000000</TASKEFFORTATCOMPLETE><TASKPRIORITY>Normal</TASKPRIORITY></PROJPROJECTWBSDRAFTENTITY><PROJPROJECTWBSDRAFTENTITY><PROJECTID>WDTC-000001</PROJECTID><WBSID>3.3</WBSID><ACTIVITYTASKTIMETYPE>NotStarted</ACTIVITYTASKTIMETYPE><CATEGORY>HOUR</CATEGORY><DURATION>1.000000</DURATION><EFFORT>8.000000</EFFORT><ENDDATE>2024-08-28T00:00:00</ENDDATE><ISCATEGORYMANDATORY>No</ISCATEGORYMANDATORY><ISTASKCLOSED>No</ISTASKCLOSED><ISTASKMANDATORY>No</ISTASKMANDATORY><NOTE></NOTE><NUMBEROFRESOURCES>1.000000</NUMBEROFRESOURCES><PREDECESSORS></PREDECESSORS><ROLE></ROLE><STARTDATE>2024-08-28T00:00:00</STARTDATE><TASK>Monster Eradication</TASK><TASKCOSTATCOMPLETE>0.000000</TASKCOSTATCOMPLETE><TASKEFFORTATCOMPLETE>8.000000</TASKEFFORTATCOMPLETE><TASKPRIORITY>Normal</TASKPRIORITY></PROJPROJECTWBSDRAFTENTITY><PROJPROJECTWBSDRAFTENTITY><PROJECTID>WDTC-000001</PROJECTID><WBSID>4</WBSID><ACTIVITYTASKTIMETYPE>NotStarted</ACTIVITYTASKTIMETYPE><CATEGORY></CATEGORY><DURATION>1.000000</DURATION><EFFORT>24.000000</EFFORT><ENDDATE>2024-08-28T00:00:00</ENDDATE><ISCATEGORYMANDATORY>No</ISCATEGORYMANDATORY><ISTASKCLOSED>No</ISTASKCLOSED><ISTASKMANDATORY>No</ISTASKMANDATORY><NOTE></NOTE><NUMBEROFRESOURCES>0.000000</NUMBEROFRESOURCES><PREDECESSORS></PREDECESSORS><ROLE></ROLE><STARTDATE>2024-08-28T00:00:00</STARTDATE><TASK>Re-establishment of Trade Routes</TASK><TASKCOSTATCOMPLETE>0.000000</TASKCOSTATCOMPLETE><TASKEFFORTATCOMPLETE>24.000000</TASKEFFORTATCOMPLETE><TASKPRIORITY>Normal</TASKPRIORITY></PROJPROJECTWBSDRAFTENTITY><PROJPROJECTWBSDRAFTENTITY><PROJECTID>WDTC-000001</PROJECTID><WBSID>4.1</WBSID><ACTIVITYTASKTIMETYPE>NotStarted</ACTIVITYTASKTIMETYPE><CATEGORY>HOUR</CATEGORY><DURATION>1.000000</DURATION><EFFORT>8.000000</EFFORT><ENDDATE>2024-08-28T00:00:00</ENDDATE><ISCATEGORYMANDATORY>No</ISCATEGORYMANDATORY><ISTASKCLOSED>No</ISTASKCLOSED><ISTASKMANDATORY>No</ISTASKMANDATORY><NOTE></NOTE><NUMBEROFRESOURCES>1.000000</NUMBEROFRESOURCES><PREDECESSORS></PREDECESSORS><ROLE></ROLE><STARTDATE>2024-08-28T00:00:00</STARTDATE><TASK>Diplomatic Negotiations</TASK><TASKCOSTATCOMPLETE>0.000000</TASKCOSTATCOMPLETE><TASKEFFORTATCOMPLETE>8.000000</TASKEFFORTATCOMPLETE><TASKPRIORITY>Normal</TASKPRIORITY></PROJPROJECTWBSDRAFTENTITY><PROJPROJECTWBSDRAFTENTITY><PROJECTID>WDTC-000001</PROJECTID><WBSID>4.2</WBSID><ACTIVITYTASKTIMETYPE>NotStarted</ACTIVITYTASKTIMETYPE><CATEGORY>HOUR</CATEGORY><DURATION>1.000000</DURATION><EFFORT>8.000000</EFFORT><ENDDATE>2024-08-28T00:00:00</ENDDATE><ISCATEGORYMANDATORY>No</ISCATEGORYMANDATORY><ISTASKCLOSED>No</ISTASKCLOSED><ISTASKMANDATORY>No</ISTASKMANDATORY><NOTE></NOTE><NUMBEROFRESOURCES>1.000000</NUMBEROFRESOURCES><PREDECESSORS></PREDECESSORS><ROLE></ROLE><STARTDATE>2024-08-28T00:00:00</STARTDATE><TASK>Merchant Incentives</TASK><TASKCOSTATCOMPLETE>0.000000</TASKCOSTATCOMPLETE><TASKEFFORTATCOMPLETE>8.000000</TASKEFFORTATCOMPLETE><TASKPRIORITY>Normal</TASKPRIORITY></PROJPROJECTWBSDRAFTENTITY><PROJPROJECTWBSDRAFTENTITY><PROJECTID>WDTC-000001</PROJECTID><WBSID>4.3</WBSID><ACTIVITYTASKTIMETYPE>NotStarted</ACTIVITYTASKTIMETYPE><CATEGORY>HOUR</CATEGORY><DURATION>1.000000</DURATION><EFFORT>8.000000</EFFORT><ENDDATE>2024-08-28T00:00:00</ENDDATE><ISCATEGORYMANDATORY>No</ISCATEGORYMANDATORY><ISTASKCLOSED>No</ISTASKCLOSED><ISTASKMANDATORY>No</ISTASKMANDATORY><NOTE></NOTE><NUMBEROFRESOURCES>1.000000</NUMBEROFRESOURCES><PREDECESSORS></PREDECESSORS><ROLE></ROLE><STARTDATE>2024-08-28T00:00:00</STARTDATE><TASK>Caravan Routes</TASK><TASKCOSTATCOMPLETE>0.000000</TASKCOSTATCOMPLETE><TASKEFFORTATCOMPLETE>8.000000</TASKEFFORTATCOMPLETE><TASKPRIORITY>Normal</TASKPRIORITY></PROJPROJECTWBSDRAFTENTITY><PROJPROJECTWBSDRAFTENTITY><PROJECTID>WDTC-000001</PROJECTID><WBSID>5</WBSID><ACTIVITYTASKTIMETYPE>NotStarted</ACTIVITYTASKTIMETYPE><CATEGORY></CATEGORY><DURATION>1.000000</DURATION><EFFORT>32.000000</EFFORT><ENDDATE>2024-08-28T00:00:00</ENDDATE><ISCATEGORYMANDATORY>No</ISCATEGORYMANDATORY><ISTASKCLOSED>No</ISTASKCLOSED><ISTASKMANDATORY>No</ISTASKMANDATORY><NOTE></NOTE><NUMBEROFRESOURCES>0.000000</NUMBEROFRESOURCES><PREDECESSORS></PREDECESSORS><ROLE></ROLE><STARTDATE>2024-08-28T00:00:00</STARTDATE><TASK>Project Monitoring and Control</TASK><TASKCOSTATCOMPLETE>0.000000</TASKCOSTATCOMPLETE><TASKEFFORTATCOMPLETE>32.000000</TASKEFFORTATCOMPLETE><TASKPRIORITY>Normal</TASKPRIORITY></PROJPROJECTWBSDRAFTENTITY><PROJPROJECTWBSDRAFTENTITY><PROJECTID>WDTC-000001</PROJECTID><WBSID>5.1</WBSID><ACTIVITYTASKTIMETYPE>NotStarted</ACTIVITYTASKTIMETYPE><CATEGORY>HOUR</CATEGORY><DURATION>1.000000</DURATION><EFFORT>8.000000</EFFORT><ENDDATE>2024-08-28T00:00:00</ENDDATE><ISCATEGORYMANDATORY>No</ISCATEGORYMANDATORY><ISTASKCLOSED>No</ISTASKCLOSED><ISTASKMANDATORY>No</ISTASKMANDATORY><NOTE></NOTE><NUMBEROFRESOURCES>1.000000</NUMBEROFRESOURCES><PREDECESSORS></PREDECESSORS><ROLE></ROLE><STARTDATE>2024-08-28T00:00:00</STARTDATE><TASK>Schedule Management</TASK><TASKCOSTATCOMPLETE>0.000000</TASKCOSTATCOMPLETE><TASKEFFORTATCOMPLETE>8.000000</TASKEFFORTATCOMPLETE><TASKPRIORITY>Normal</TASKPRIORITY></PROJPROJECTWBSDRAFTENTITY><PROJPROJECTWBSDRAFTENTITY><PROJECTID>WDTC-000001</PROJECTID><WBSID>5.2</WBSID><ACTIVITYTASKTIMETYPE>NotStarted</ACTIVITYTASKTIMETYPE><CATEGORY>HOUR</CATEGORY><DURATION>1.000000</DURATION><EFFORT>8.000000</EFFORT><ENDDATE>2024-08-28T00:00:00</ENDDATE><ISCATEGORYMANDATORY>No</ISCATEGORYMANDATORY><ISTASKCLOSED>No</ISTASKCLOSED><ISTASKMANDATORY>No</ISTASKMANDATORY><NOTE></NOTE><NUMBEROFRESOURCES>1.000000</NUMBEROFRESOURCES><PREDECESSORS></PREDECESSORS><ROLE></ROLE><STARTDATE>2024-08-28T00:00:00</STARTDATE><TASK>Budget Management</TASK><TASKCOSTATCOMPLETE>0.000000</TASKCOSTATCOMPLETE><TASKEFFORTATCOMPLETE>8.000000</TASKEFFORTATCOMPLETE><TASKPRIORITY>Normal</TASKPRIORITY></PROJPROJECTWBSDRAFTENTITY><PROJPROJECTWBSDRAFTENTITY><PROJECTID>WDTC-000001</PROJECTID><WBSID>5.3</WBSID><ACTIVITYTASKTIMETYPE>NotStarted</ACTIVITYTASKTIMETYPE><CATEGORY>HOUR</CATEGORY><DURATION>1.000000</DURATION><EFFORT>8.000000</EFFORT><ENDDATE>2024-08-28T00:00:00</ENDDATE><ISCATEGORYMANDATORY>No</ISCATEGORYMANDATORY><ISTASKCLOSED>No</ISTASKCLOSED><ISTASKMANDATORY>No</ISTASKMANDATORY><NOTE></NOTE><NUMBEROFRESOURCES>1.000000</NUMBEROFRESOURCES><PREDECESSORS></PREDECESSORS><ROLE></ROLE><STARTDATE>2024-08-28T00:00:00</STARTDATE><TASK>Quality Control</TASK><TASKCOSTATCOMPLETE>0.000000</TASKCOSTATCOMPLETE><TASKEFFORTATCOMPLETE>8.000000</TASKEFFORTATCOMPLETE><TASKPRIORITY>Normal</TASKPRIORITY></PROJPROJECTWBSDRAFTENTITY><PROJPROJECTWBSDRAFTENTITY><PROJECTID>WDTC-000001</PROJECTID><WBSID>5.4</WBSID><ACTIVITYTASKTIMETYPE>NotStarted</ACTIVITYTASKTIMETYPE><CATEGORY>HOUR</CATEGORY><DURATION>1.000000</DURATION><EFFORT>8.000000</EFFORT><ENDDATE>2024-08-28T00:00:00</ENDDATE><ISCATEGORYMANDATORY>No</ISCATEGORYMANDATORY><ISTASKCLOSED>No</ISTASKCLOSED><ISTASKMANDATORY>No</ISTASKMANDATORY><NOTE></NOTE><NUMBEROFRESOURCES>1.000000</NUMBEROFRESOURCES><PREDECESSORS></PREDECESSORS><ROLE></ROLE><STARTDATE>2024-08-28T00:00:00</STARTDATE><TASK>Risk Management</TASK><TASKCOSTATCOMPLETE>0.000000</TASKCOSTATCOMPLETE><TASKEFFORTATCOMPLETE>8.000000</TASKEFFORTATCOMPLETE><TASKPRIORITY>Normal</TASKPRIORITY></PROJPROJECTWBSDRAFTENTITY><PROJPROJECTWBSDRAFTENTITY><PROJECTID>WDTC-000001</PROJECTID><WBSID>6</WBSID><ACTIVITYTASKTIMETYPE>NotStarted</ACTIVITYTASKTIMETYPE><CATEGORY></CATEGORY><DURATION>1.000000</DURATION><EFFORT>24.000000</EFFORT><ENDDATE>2024-08-28T00:00:00</ENDDATE><ISCATEGORYMANDATORY>No</ISCATEGORYMANDATORY><ISTASKCLOSED>No</ISTASKCLOSED><ISTASKMANDATORY>No</ISTASKMANDATORY><NOTE></NOTE><NUMBEROFRESOURCES>0.000000</NUMBEROFRESOURCES><PREDECESSORS></PREDECESSORS><ROLE></ROLE><STARTDATE>2024-08-28T00:00:00</STARTDATE><TASK>Project Closure</TASK><TASKCOSTATCOMPLETE>0.000000</TASKCOSTATCOMPLETE><TASKEFFORTATCOMPLETE>24.000000</TASKEFFORTATCOMPLETE><TASKPRIORITY>Normal</TASKPRIORITY></PROJPROJECTWBSDRAFTENTITY><PROJPROJECTWBSDRAFTENTITY><PROJECTID>WDTC-000001</PROJECTID><WBSID>6.1</WBSID><ACTIVITYTASKTIMETYPE>NotStarted</ACTIVITYTASKTIMETYPE><CATEGORY>HOUR</CATEGORY><DURATION>1.000000</DURATION><EFFORT>8.000000</EFFORT><ENDDATE>2024-08-28T00:00:00</ENDDATE><ISCATEGORYMANDATORY>No</ISCATEGORYMANDATORY><ISTASKCLOSED>No</ISTASKCLOSED><ISTASKMANDATORY>No</ISTASKMANDATORY><NOTE></NOTE><NUMBEROFRESOURCES>1.000000</NUMBEROFRESOURCES><PREDECESSORS></PREDECESSORS><ROLE></ROLE><STARTDATE>2024-08-28T00:00:00</STARTDATE><TASK>Final Inspections and Handover</TASK><TASKCOSTATCOMPLETE>0.000000</TASKCOSTATCOMPLETE><TASKEFFORTATCOMPLETE>8.000000</TASKEFFORTATCOMPLETE><TASKPRIORITY>Normal</TASKPRIORITY></PROJPROJECTWBSDRAFTENTITY><PROJPROJECTWBSDRAFTENTITY><PROJECTID>WDTC-000001</PROJECTID><WBSID>6.2</WBSID><ACTIVITYTASKTIMETYPE>NotStarted</ACTIVITYTASKTIMETYPE><CATEGORY>HOUR</CATEGORY><DURATION>1.000000</DURATION><EFFORT>8.000000</EFFORT><ENDDATE>2024-08-28T00:00:00</ENDDATE><ISCATEGORYMANDATORY>No</ISCATEGORYMANDATORY><ISTASKCLOSED>No</ISTASKCLOSED><ISTASKMANDATORY>No</ISTASKMANDATORY><NOTE></NOTE><NUMBEROFRESOURCES>1.000000</NUMBEROFRESOURCES><PREDECESSORS></PREDECESSORS><ROLE></ROLE><STARTDATE>2024-08-28T00:00:00</STARTDATE><TASK>Documentation and Reporting</TASK><TASKCOSTATCOMPLETE>0.000000</TASKCOSTATCOMPLETE><TASKEFFORTATCOMPLETE>8.000000</TASKEFFORTATCOMPLETE><TASKPRIORITY>Normal</TASKPRIORITY></PROJPROJECTWBSDRAFTENTITY><PROJPROJECTWBSDRAFTENTITY><PROJECTID>WDTC-000001</PROJECTID><WBSID>6.3</WBSID><ACTIVITYTASKTIMETYPE>NotStarted</ACTIVITYTASKTIMETYPE><CATEGORY>HOUR</CATEGORY><DURATION>1.000000</DURATION><EFFORT>8.000000</EFFORT><ENDDATE>2024-08-28T00:00:00</ENDDATE><ISCATEGORYMANDATORY>No</ISCATEGORYMANDATORY><ISTASKCLOSED>No</ISTASKCLOSED><ISTASKMANDATORY>No</ISTASKMANDATORY><NOTE></NOTE><NUMBEROFRESOURCES>1.000000</NUMBEROFRESOURCES><PREDECESSORS></PREDECESSORS><ROLE></ROLE><STARTDATE>2024-08-28T00:00:00</STARTDATE><TASK>Lessons Learned and Project Review</TASK><TASKCOSTATCOMPLETE>0.000000</TASKCOSTATCOMPLETE><TASKEFFORTATCOMPLETE>8.000000</TASKEFFORTATCOMPLETE><TASKPRIORITY>Normal</TASKPRIORITY></PROJPROJECTWBSDRAFTENTITY></Document>