﻿<?xml version="1.0" encoding="utf-8"?><Document><PROJECTLINEPROPERTYSETUPENTITY><CATEGORYCODE>All</CATEGORYCODE><CATEGORYRELATION></CATEGORYRELATION><LINEPROPERTYID>NONBILL</LINEPROPERTYID><PROJECTCODE>GroupId</PROJECTCODE><PROJECTRELATION>INTERNAL</PROJECTRELATION></PROJECTLINEPROPERTYSETUPENTITY><PROJECTLINEPROPERTYSETUPENTITY><CATEGORYCODE>All</CATEGORYCODE><CATEGORYRELATION></CATEGORYRELATION><LINEPROPERTYID>BILLABLE</LINEPROPERTYID><PROJECTCODE>GroupId</PROJECTCODE><PROJECTRELATION>INVESTMENT</PROJECTRELATION></PROJECTLINEPROPERTYSETUPENTITY><PROJECTLINEPROPERTYSETUPENTITY><CATEGORYCODE>All</CATEGORYCODE><CATEGORYRELATION></CATEGORYRELATION><LINEPROPERTYID>BILLABLE</LINEPROPERTYID><PROJECTCODE>GroupId</PROJECTCODE><PROJECTRELATION>TM</PROJECTRELATION></PROJECTLINEPROPERTYSETUPENTITY><PROJECTLINEPROPERTYSETUPENTITY><CATEGORYCODE>Table</CATEGORYCODE><CATEGORYRELATION>EXPENSE</CATEGORYRELATION><LINEPROPERTYID>BILLABLE</LINEPROPERTYID><PROJECTCODE>All</PROJECTCODE><PROJECTRELATION></PROJECTRELATION></PROJECTLINEPROPERTYSETUPENTITY><PROJECTLINEPROPERTYSETUPENTITY><CATEGORYCODE>GroupId</CATEGORYCODE><CATEGORYRELATION>EXPENSE</CATEGORYRELATION><LINEPROPERTYID>BILLABLE</LINEPROPERTYID><PROJECTCODE>All</PROJECTCODE><PROJECTRELATION></PROJECTRELATION></PROJECTLINEPROPERTYSETUPENTITY><PROJECTLINEPROPERTYSETUPENTITY><CATEGORYCODE>GroupId</CATEGORYCODE><CATEGORYRELATION>FEES</CATEGORYRELATION><LINEPROPERTYID>BILLABLE</LINEPROPERTYID><PROJECTCODE>All</PROJECTCODE><PROJECTRELATION></PROJECTRELATION></PROJECTLINEPROPERTYSETUPENTITY><PROJECTLINEPROPERTYSETUPENTITY><CATEGORYCODE>GroupId</CATEGORYCODE><CATEGORYRELATION>FIXEDFEES</CATEGORYRELATION><LINEPROPERTYID>BILLABLE</LINEPROPERTYID><PROJECTCODE>All</PROJECTCODE><PROJECTRELATION></PROJECTRELATION></PROJECTLINEPROPERTYSETUPENTITY><PROJECTLINEPROPERTYSETUPENTITY><CATEGORYCODE>GroupId</CATEGORYCODE><CATEGORYRELATION>HOURS</CATEGORYRELATION><LINEPROPERTYID>BILLABLE</LINEPROPERTYID><PROJECTCODE>All</PROJECTCODE><PROJECTRELATION></PROJECTRELATION></PROJECTLINEPROPERTYSETUPENTITY><PROJECTLINEPROPERTYSETUPENTITY><CATEGORYCODE>GroupId</CATEGORYCODE><CATEGORYRELATION>INDIRECT</CATEGORYRELATION><LINEPROPERTYID>NONBILL</LINEPROPERTYID><PROJECTCODE>All</PROJECTCODE><PROJECTRELATION></PROJECTRELATION></PROJECTLINEPROPERTYSETUPENTITY><PROJECTLINEPROPERTYSETUPENTITY><CATEGORYCODE>GroupId</CATEGORYCODE><CATEGORYRELATION>ITEMS</CATEGORYRELATION><LINEPROPERTYID>BILLABLE</LINEPROPERTYID><PROJECTCODE>All</PROJECTCODE><PROJECTRELATION></PROJECTRELATION></PROJECTLINEPROPERTYSETUPENTITY><PROJECTLINEPROPERTYSETUPENTITY><CATEGORYCODE>GroupId</CATEGORYCODE><CATEGORYRELATION>NONBILLHRS</CATEGORYRELATION><LINEPROPERTYID>NONBILL</LINEPROPERTYID><PROJECTCODE>All</PROJECTCODE><PROJECTRELATION></PROJECTRELATION></PROJECTLINEPROPERTYSETUPENTITY><PROJECTLINEPROPERTYSETUPENTITY><CATEGORYCODE>GroupId</CATEGORYCODE><CATEGORYRELATION>TRAVEL</CATEGORYRELATION><LINEPROPERTYID>BILLABLE</LINEPROPERTYID><PROJECTCODE>All</PROJECTCODE><PROJECTRELATION></PROJECTRELATION></PROJECTLINEPROPERTYSETUPENTITY></Document>