﻿<?xml version="1.0" encoding="utf-8"?><Document><RESRESOURCECATEGORYDATAENTITY><DEFAULTRESOURCECATEGORY>False</DEFAULTRESOURCECATEGORY><DESCRIPTION>Project Manager</DESCRIPTION><ISCATEGORYDISABLED>False</ISCATEGORYDISABLED><ROLEID>Project Manager</ROLEID></RESRESOURCECATEGORYDATAENTITY><RESRESOURCECATEGORYDATAENTITY><DEFAULTRESOURCECATEGORY>True</DEFAULTRESOURCECATEGORY><DESCRIPTION>Default project team member role</DESCRIPTION><ISCATEGORYDISABLED>False</ISCATEGORYDISABLED><ROLEID>Team member</ROLEID></RESRESOURCECATEGORYDATAENTITY></Document>