﻿<?xml version="1.0" encoding="utf-8"?><Document><PROJWBSACTIVITYESTIMATESENTITY><CATEGORY>HOUR</CATEGORY><DESCRIPTION>Hour</DESCRIPTION><ITEMNUMBER></ITEMNUMBER><LINEPROPERTY>NONBILL</LINEPROPERTY><PROJECTID>WDTC-000001</PROJECTID><QUANTITY>8.000000</QUANTITY><RESOURCECATEGORY></RESOURCECATEGORY><SALESCATEGORY></SALESCATEGORY><TASKNAME>Define project goals and objectives</TASKNAME><TOTALCOSTPRICE>0.000000</TOTALCOSTPRICE><TOTALSALESPRICE>0.000000</TOTALSALESPRICE><TRANSACTIONTYPE>Hour</TRANSACTIONTYPE><UNITCOSTPRICE>0.000000</UNITCOSTPRICE><UNITSALESPRICE>0.000000</UNITSALESPRICE><WBSID>1.1.1</WBSID></PROJWBSACTIVITYESTIMATESENTITY><PROJWBSACTIVITYESTIMATESENTITY><CATEGORY>HOUR</CATEGORY><DESCRIPTION>Hour</DESCRIPTION><ITEMNUMBER></ITEMNUMBER><LINEPROPERTY>NONBILL</LINEPROPERTY><PROJECTID>WDTC-000001</PROJECTID><QUANTITY>8.000000</QUANTITY><RESOURCECATEGORY></RESOURCECATEGORY><SALESCATEGORY></SALESCATEGORY><TASKNAME>Identify key stakeholders</TASKNAME><TOTALCOSTPRICE>0.000000</TOTALCOSTPRICE><TOTALSALESPRICE>0.000000</TOTALSALESPRICE><TRANSACTIONTYPE>Hour</TRANSACTIONTYPE><UNITCOSTPRICE>0.000000</UNITCOSTPRICE><UNITSALESPRICE>0.000000</UNITSALESPRICE><WBSID>1.1.2</WBSID></PROJWBSACTIVITYESTIMATESENTITY><PROJWBSACTIVITYESTIMATESENTITY><CATEGORY>HOUR</CATEGORY><DESCRIPTION>Hour</DESCRIPTION><ITEMNUMBER></ITEMNUMBER><LINEPROPERTY>NONBILL</LINEPROPERTY><PROJECTID>WDTC-000001</PROJECTID><QUANTITY>8.000000</QUANTITY><RESOURCECATEGORY></RESOURCECATEGORY><SALESCATEGORY></SALESCATEGORY><TASKNAME> Secure project funding and resources</TASKNAME><TOTALCOSTPRICE>0.000000</TOTALCOSTPRICE><TOTALSALESPRICE>0.000000</TOTALSALESPRICE><TRANSACTIONTYPE>Hour</TRANSACTIONTYPE><UNITCOSTPRICE>0.000000</UNITCOSTPRICE><UNITSALESPRICE>0.000000</UNITSALESPRICE><WBSID>1.1.3</WBSID></PROJWBSACTIVITYESTIMATESENTITY><PROJWBSACTIVITYESTIMATESENTITY><CATEGORY>HOUR</CATEGORY><DESCRIPTION>Hour</DESCRIPTION><ITEMNUMBER></ITEMNUMBER><LINEPROPERTY>NONBILL</LINEPROPERTY><PROJECTID>WDTC-000001</PROJECTID><QUANTITY>8.000000</QUANTITY><RESOURCECATEGORY></RESOURCECATEGORY><SALESCATEGORY></SALESCATEGORY><TASKNAME>Approval of project charter</TASKNAME><TOTALCOSTPRICE>0.000000</TOTALCOSTPRICE><TOTALSALESPRICE>0.000000</TOTALSALESPRICE><TRANSACTIONTYPE>Hour</TRANSACTIONTYPE><UNITCOSTPRICE>0.000000</UNITCOSTPRICE><UNITSALESPRICE>0.000000</UNITSALESPRICE><WBSID>1.1.4</WBSID></PROJWBSACTIVITYESTIMATESENTITY><PROJWBSACTIVITYESTIMATESENTITY><CATEGORY>HOUR</CATEGORY><DESCRIPTION>Hour</DESCRIPTION><ITEMNUMBER></ITEMNUMBER><LINEPROPERTY>NONBILL</LINEPROPERTY><PROJECTID>WDTC-000001</PROJECTID><QUANTITY>8.000000</QUANTITY><RESOURCECATEGORY></RESOURCECATEGORY><SALESCATEGORY></SALESCATEGORY><TASKNAME>Conduct environmental impact assessment</TASKNAME><TOTALCOSTPRICE>0.000000</TOTALCOSTPRICE><TOTALSALESPRICE>0.000000</TOTALSALESPRICE><TRANSACTIONTYPE>Hour</TRANSACTIONTYPE><UNITCOSTPRICE>0.000000</UNITCOSTPRICE><UNITSALESPRICE>0.000000</UNITSALESPRICE><WBSID>1.2.1</WBSID></PROJWBSACTIVITYESTIMATESENTITY><PROJWBSACTIVITYESTIMATESENTITY><CATEGORY>HOUR</CATEGORY><DESCRIPTION>Hour</DESCRIPTION><ITEMNUMBER></ITEMNUMBER><LINEPROPERTY>NONBILL</LINEPROPERTY><PROJECTID>WDTC-000001</PROJECTID><QUANTITY>8.000000</QUANTITY><RESOURCECATEGORY></RESOURCECATEGORY><SALESCATEGORY></SALESCATEGORY><TASKNAME>Evaluate financial viability</TASKNAME><TOTALCOSTPRICE>0.000000</TOTALCOSTPRICE><TOTALSALESPRICE>0.000000</TOTALSALESPRICE><TRANSACTIONTYPE>Hour</TRANSACTIONTYPE><UNITCOSTPRICE>0.000000</UNITCOSTPRICE><UNITSALESPRICE>0.000000</UNITSALESPRICE><WBSID>1.2.2</WBSID></PROJWBSACTIVITYESTIMATESENTITY><PROJWBSACTIVITYESTIMATESENTITY><CATEGORY>HOUR</CATEGORY><DESCRIPTION>Hour</DESCRIPTION><ITEMNUMBER></ITEMNUMBER><LINEPROPERTY>NONBILL</LINEPROPERTY><PROJECTID>WDTC-000001</PROJECTID><QUANTITY>8.000000</QUANTITY><RESOURCECATEGORY></RESOURCECATEGORY><SALESCATEGORY></SALESCATEGORY><TASKNAME>Risk analysis and mitigation planning</TASKNAME><TOTALCOSTPRICE>0.000000</TOTALCOSTPRICE><TOTALSALESPRICE>0.000000</TOTALSALESPRICE><TRANSACTIONTYPE>Hour</TRANSACTIONTYPE><UNITCOSTPRICE>0.000000</UNITCOSTPRICE><UNITSALESPRICE>0.000000</UNITSALESPRICE><WBSID>1.2.3</WBSID></PROJWBSACTIVITYESTIMATESENTITY><PROJWBSACTIVITYESTIMATESENTITY><CATEGORY>HOUR</CATEGORY><DESCRIPTION>Hour</DESCRIPTION><ITEMNUMBER></ITEMNUMBER><LINEPROPERTY>NONBILL</LINEPROPERTY><PROJECTID>WDTC-000001</PROJECTID><QUANTITY>8.000000</QUANTITY><RESOURCECATEGORY></RESOURCECATEGORY><SALESCATEGORY></SALESCATEGORY><TASKNAME>Approval of feasibility study</TASKNAME><TOTALCOSTPRICE>0.000000</TOTALCOSTPRICE><TOTALSALESPRICE>0.000000</TOTALSALESPRICE><TRANSACTIONTYPE>Hour</TRANSACTIONTYPE><UNITCOSTPRICE>0.000000</UNITCOSTPRICE><UNITSALESPRICE>0.000000</UNITSALESPRICE><WBSID>1.2.4</WBSID></PROJWBSACTIVITYESTIMATESENTITY><PROJWBSACTIVITYESTIMATESENTITY><CATEGORY>HOUR</CATEGORY><DESCRIPTION>Hour</DESCRIPTION><ITEMNUMBER></ITEMNUMBER><LINEPROPERTY>NONBILL</LINEPROPERTY><PROJECTID>WDTC-000001</PROJECTID><QUANTITY>8.000000</QUANTITY><RESOURCECATEGORY></RESOURCECATEGORY><SALESCATEGORY></SALESCATEGORY><TASKNAME>Assign project manager</TASKNAME><TOTALCOSTPRICE>0.000000</TOTALCOSTPRICE><TOTALSALESPRICE>0.000000</TOTALSALESPRICE><TRANSACTIONTYPE>Hour</TRANSACTIONTYPE><UNITCOSTPRICE>0.000000</UNITCOSTPRICE><UNITSALESPRICE>0.000000</UNITSALESPRICE><WBSID>1.3.1</WBSID></PROJWBSACTIVITYESTIMATESENTITY><PROJWBSACTIVITYESTIMATESENTITY><CATEGORY>HOUR</CATEGORY><DESCRIPTION>Hour</DESCRIPTION><ITEMNUMBER></ITEMNUMBER><LINEPROPERTY>NONBILL</LINEPROPERTY><PROJECTID>WDTC-000001</PROJECTID><QUANTITY>8.000000</QUANTITY><RESOURCECATEGORY></RESOURCECATEGORY><SALESCATEGORY></SALESCATEGORY><TASKNAME>Recruit key project team members</TASKNAME><TOTALCOSTPRICE>0.000000</TOTALCOSTPRICE><TOTALSALESPRICE>0.000000</TOTALSALESPRICE><TRANSACTIONTYPE>Hour</TRANSACTIONTYPE><UNITCOSTPRICE>0.000000</UNITCOSTPRICE><UNITSALESPRICE>0.000000</UNITSALESPRICE><WBSID>1.3.2</WBSID></PROJWBSACTIVITYESTIMATESENTITY><PROJWBSACTIVITYESTIMATESENTITY><CATEGORY>HOUR</CATEGORY><DESCRIPTION>Hour</DESCRIPTION><ITEMNUMBER></ITEMNUMBER><LINEPROPERTY>NONBILL</LINEPROPERTY><PROJECTID>WDTC-000001</PROJECTID><QUANTITY>8.000000</QUANTITY><RESOURCECATEGORY></RESOURCECATEGORY><SALESCATEGORY></SALESCATEGORY><TASKNAME>Establish communication plan</TASKNAME><TOTALCOSTPRICE>0.000000</TOTALCOSTPRICE><TOTALSALESPRICE>0.000000</TOTALSALESPRICE><TRANSACTIONTYPE>Hour</TRANSACTIONTYPE><UNITCOSTPRICE>0.000000</UNITCOSTPRICE><UNITSALESPRICE>0.000000</UNITSALESPRICE><WBSID>1.3.3</WBSID></PROJWBSACTIVITYESTIMATESENTITY><PROJWBSACTIVITYESTIMATESENTITY><CATEGORY>HOUR</CATEGORY><DESCRIPTION>Hour</DESCRIPTION><ITEMNUMBER></ITEMNUMBER><LINEPROPERTY>NONBILL</LINEPROPERTY><PROJECTID>WDTC-000001</PROJECTID><QUANTITY>8.000000</QUANTITY><RESOURCECATEGORY></RESOURCECATEGORY><SALESCATEGORY></SALESCATEGORY><TASKNAME>Set up project management office (PMO)</TASKNAME><TOTALCOSTPRICE>0.000000</TOTALCOSTPRICE><TOTALSALESPRICE>0.000000</TOTALSALESPRICE><TRANSACTIONTYPE>Hour</TRANSACTIONTYPE><UNITCOSTPRICE>0.000000</UNITCOSTPRICE><UNITSALESPRICE>0.000000</UNITSALESPRICE><WBSID>1.3.4</WBSID></PROJWBSACTIVITYESTIMATESENTITY><PROJWBSACTIVITYESTIMATESENTITY><CATEGORY>HOUR</CATEGORY><DESCRIPTION>Hour</DESCRIPTION><ITEMNUMBER></ITEMNUMBER><LINEPROPERTY>NONBILL</LINEPROPERTY><PROJECTID>WDTC-000001</PROJECTID><QUANTITY>8.000000</QUANTITY><RESOURCECATEGORY></RESOURCECATEGORY><SALESCATEGORY></SALESCATEGORY><TASKNAME>Docks and Piers</TASKNAME><TOTALCOSTPRICE>0.000000</TOTALCOSTPRICE><TOTALSALESPRICE>0.000000</TOTALSALESPRICE><TRANSACTIONTYPE>Hour</TRANSACTIONTYPE><UNITCOSTPRICE>0.000000</UNITCOSTPRICE><UNITSALESPRICE>0.000000</UNITSALESPRICE><WBSID>2.1</WBSID></PROJWBSACTIVITYESTIMATESENTITY><PROJWBSACTIVITYESTIMATESENTITY><CATEGORY>HOUR</CATEGORY><DESCRIPTION>Hour</DESCRIPTION><ITEMNUMBER></ITEMNUMBER><LINEPROPERTY>NONBILL</LINEPROPERTY><PROJECTID>WDTC-000001</PROJECTID><QUANTITY>8.000000</QUANTITY><RESOURCECATEGORY></RESOURCECATEGORY><SALESCATEGORY></SALESCATEGORY><TASKNAME>Warehouses</TASKNAME><TOTALCOSTPRICE>0.000000</TOTALCOSTPRICE><TOTALSALESPRICE>0.000000</TOTALSALESPRICE><TRANSACTIONTYPE>Hour</TRANSACTIONTYPE><UNITCOSTPRICE>0.000000</UNITCOSTPRICE><UNITSALESPRICE>0.000000</UNITSALESPRICE><WBSID>2.2</WBSID></PROJWBSACTIVITYESTIMATESENTITY><PROJWBSACTIVITYESTIMATESENTITY><CATEGORY>HOUR</CATEGORY><DESCRIPTION>Hour</DESCRIPTION><ITEMNUMBER></ITEMNUMBER><LINEPROPERTY>NONBILL</LINEPROPERTY><PROJECTID>WDTC-000001</PROJECTID><QUANTITY>8.000000</QUANTITY><RESOURCECATEGORY></RESOURCECATEGORY><SALESCATEGORY></SALESCATEGORY><TASKNAME>Marketplaces and Trade Halls</TASKNAME><TOTALCOSTPRICE>0.000000</TOTALCOSTPRICE><TOTALSALESPRICE>0.000000</TOTALSALESPRICE><TRANSACTIONTYPE>Hour</TRANSACTIONTYPE><UNITCOSTPRICE>0.000000</UNITCOSTPRICE><UNITSALESPRICE>0.000000</UNITSALESPRICE><WBSID>2.3</WBSID></PROJWBSACTIVITYESTIMATESENTITY><PROJWBSACTIVITYESTIMATESENTITY><CATEGORY>HOUR</CATEGORY><DESCRIPTION>Hour</DESCRIPTION><ITEMNUMBER></ITEMNUMBER><LINEPROPERTY>NONBILL</LINEPROPERTY><PROJECTID>WDTC-000001</PROJECTID><QUANTITY>8.000000</QUANTITY><RESOURCECATEGORY></RESOURCECATEGORY><SALESCATEGORY></SALESCATEGORY><TASKNAME>Naval Defense</TASKNAME><TOTALCOSTPRICE>0.000000</TOTALCOSTPRICE><TOTALSALESPRICE>0.000000</TOTALSALESPRICE><TRANSACTIONTYPE>Hour</TRANSACTIONTYPE><UNITCOSTPRICE>0.000000</UNITCOSTPRICE><UNITSALESPRICE>0.000000</UNITSALESPRICE><WBSID>3.1</WBSID></PROJWBSACTIVITYESTIMATESENTITY><PROJWBSACTIVITYESTIMATESENTITY><CATEGORY>HOUR</CATEGORY><DESCRIPTION>Hour</DESCRIPTION><ITEMNUMBER></ITEMNUMBER><LINEPROPERTY>NONBILL</LINEPROPERTY><PROJECTID>WDTC-000001</PROJECTID><QUANTITY>8.000000</QUANTITY><RESOURCECATEGORY></RESOURCECATEGORY><SALESCATEGORY></SALESCATEGORY><TASKNAME>Land-Based Security</TASKNAME><TOTALCOSTPRICE>0.000000</TOTALCOSTPRICE><TOTALSALESPRICE>0.000000</TOTALSALESPRICE><TRANSACTIONTYPE>Hour</TRANSACTIONTYPE><UNITCOSTPRICE>0.000000</UNITCOSTPRICE><UNITSALESPRICE>0.000000</UNITSALESPRICE><WBSID>3.2</WBSID></PROJWBSACTIVITYESTIMATESENTITY><PROJWBSACTIVITYESTIMATESENTITY><CATEGORY>HOUR</CATEGORY><DESCRIPTION>Hour</DESCRIPTION><ITEMNUMBER></ITEMNUMBER><LINEPROPERTY>NONBILL</LINEPROPERTY><PROJECTID>WDTC-000001</PROJECTID><QUANTITY>8.000000</QUANTITY><RESOURCECATEGORY></RESOURCECATEGORY><SALESCATEGORY></SALESCATEGORY><TASKNAME>Monster Eradication</TASKNAME><TOTALCOSTPRICE>0.000000</TOTALCOSTPRICE><TOTALSALESPRICE>0.000000</TOTALSALESPRICE><TRANSACTIONTYPE>Hour</TRANSACTIONTYPE><UNITCOSTPRICE>0.000000</UNITCOSTPRICE><UNITSALESPRICE>0.000000</UNITSALESPRICE><WBSID>3.3</WBSID></PROJWBSACTIVITYESTIMATESENTITY><PROJWBSACTIVITYESTIMATESENTITY><CATEGORY>HOUR</CATEGORY><DESCRIPTION>Hour</DESCRIPTION><ITEMNUMBER></ITEMNUMBER><LINEPROPERTY>NONBILL</LINEPROPERTY><PROJECTID>WDTC-000001</PROJECTID><QUANTITY>8.000000</QUANTITY><RESOURCECATEGORY></RESOURCECATEGORY><SALESCATEGORY></SALESCATEGORY><TASKNAME>Diplomatic Negotiations</TASKNAME><TOTALCOSTPRICE>0.000000</TOTALCOSTPRICE><TOTALSALESPRICE>0.000000</TOTALSALESPRICE><TRANSACTIONTYPE>Hour</TRANSACTIONTYPE><UNITCOSTPRICE>0.000000</UNITCOSTPRICE><UNITSALESPRICE>0.000000</UNITSALESPRICE><WBSID>4.1</WBSID></PROJWBSACTIVITYESTIMATESENTITY><PROJWBSACTIVITYESTIMATESENTITY><CATEGORY>HOUR</CATEGORY><DESCRIPTION>Hour</DESCRIPTION><ITEMNUMBER></ITEMNUMBER><LINEPROPERTY>NONBILL</LINEPROPERTY><PROJECTID>WDTC-000001</PROJECTID><QUANTITY>8.000000</QUANTITY><RESOURCECATEGORY></RESOURCECATEGORY><SALESCATEGORY></SALESCATEGORY><TASKNAME>Merchant Incentives</TASKNAME><TOTALCOSTPRICE>0.000000</TOTALCOSTPRICE><TOTALSALESPRICE>0.000000</TOTALSALESPRICE><TRANSACTIONTYPE>Hour</TRANSACTIONTYPE><UNITCOSTPRICE>0.000000</UNITCOSTPRICE><UNITSALESPRICE>0.000000</UNITSALESPRICE><WBSID>4.2</WBSID></PROJWBSACTIVITYESTIMATESENTITY><PROJWBSACTIVITYESTIMATESENTITY><CATEGORY>HOUR</CATEGORY><DESCRIPTION>Hour</DESCRIPTION><ITEMNUMBER></ITEMNUMBER><LINEPROPERTY>NONBILL</LINEPROPERTY><PROJECTID>WDTC-000001</PROJECTID><QUANTITY>8.000000</QUANTITY><RESOURCECATEGORY></RESOURCECATEGORY><SALESCATEGORY></SALESCATEGORY><TASKNAME>Caravan Routes</TASKNAME><TOTALCOSTPRICE>0.000000</TOTALCOSTPRICE><TOTALSALESPRICE>0.000000</TOTALSALESPRICE><TRANSACTIONTYPE>Hour</TRANSACTIONTYPE><UNITCOSTPRICE>0.000000</UNITCOSTPRICE><UNITSALESPRICE>0.000000</UNITSALESPRICE><WBSID>4.3</WBSID></PROJWBSACTIVITYESTIMATESENTITY><PROJWBSACTIVITYESTIMATESENTITY><CATEGORY>HOUR</CATEGORY><DESCRIPTION>Hour</DESCRIPTION><ITEMNUMBER></ITEMNUMBER><LINEPROPERTY>NONBILL</LINEPROPERTY><PROJECTID>WDTC-000001</PROJECTID><QUANTITY>8.000000</QUANTITY><RESOURCECATEGORY></RESOURCECATEGORY><SALESCATEGORY></SALESCATEGORY><TASKNAME>Schedule Management</TASKNAME><TOTALCOSTPRICE>0.000000</TOTALCOSTPRICE><TOTALSALESPRICE>0.000000</TOTALSALESPRICE><TRANSACTIONTYPE>Hour</TRANSACTIONTYPE><UNITCOSTPRICE>0.000000</UNITCOSTPRICE><UNITSALESPRICE>0.000000</UNITSALESPRICE><WBSID>5.1</WBSID></PROJWBSACTIVITYESTIMATESENTITY><PROJWBSACTIVITYESTIMATESENTITY><CATEGORY>HOUR</CATEGORY><DESCRIPTION>Hour</DESCRIPTION><ITEMNUMBER></ITEMNUMBER><LINEPROPERTY>NONBILL</LINEPROPERTY><PROJECTID>WDTC-000001</PROJECTID><QUANTITY>8.000000</QUANTITY><RESOURCECATEGORY></RESOURCECATEGORY><SALESCATEGORY></SALESCATEGORY><TASKNAME>Budget Management</TASKNAME><TOTALCOSTPRICE>0.000000</TOTALCOSTPRICE><TOTALSALESPRICE>0.000000</TOTALSALESPRICE><TRANSACTIONTYPE>Hour</TRANSACTIONTYPE><UNITCOSTPRICE>0.000000</UNITCOSTPRICE><UNITSALESPRICE>0.000000</UNITSALESPRICE><WBSID>5.2</WBSID></PROJWBSACTIVITYESTIMATESENTITY><PROJWBSACTIVITYESTIMATESENTITY><CATEGORY>HOUR</CATEGORY><DESCRIPTION>Hour</DESCRIPTION><ITEMNUMBER></ITEMNUMBER><LINEPROPERTY>NONBILL</LINEPROPERTY><PROJECTID>WDTC-000001</PROJECTID><QUANTITY>8.000000</QUANTITY><RESOURCECATEGORY></RESOURCECATEGORY><SALESCATEGORY></SALESCATEGORY><TASKNAME>Quality Control</TASKNAME><TOTALCOSTPRICE>0.000000</TOTALCOSTPRICE><TOTALSALESPRICE>0.000000</TOTALSALESPRICE><TRANSACTIONTYPE>Hour</TRANSACTIONTYPE><UNITCOSTPRICE>0.000000</UNITCOSTPRICE><UNITSALESPRICE>0.000000</UNITSALESPRICE><WBSID>5.3</WBSID></PROJWBSACTIVITYESTIMATESENTITY><PROJWBSACTIVITYESTIMATESENTITY><CATEGORY>HOUR</CATEGORY><DESCRIPTION>Hour</DESCRIPTION><ITEMNUMBER></ITEMNUMBER><LINEPROPERTY>NONBILL</LINEPROPERTY><PROJECTID>WDTC-000001</PROJECTID><QUANTITY>8.000000</QUANTITY><RESOURCECATEGORY></RESOURCECATEGORY><SALESCATEGORY></SALESCATEGORY><TASKNAME>Risk Management</TASKNAME><TOTALCOSTPRICE>0.000000</TOTALCOSTPRICE><TOTALSALESPRICE>0.000000</TOTALSALESPRICE><TRANSACTIONTYPE>Hour</TRANSACTIONTYPE><UNITCOSTPRICE>0.000000</UNITCOSTPRICE><UNITSALESPRICE>0.000000</UNITSALESPRICE><WBSID>5.4</WBSID></PROJWBSACTIVITYESTIMATESENTITY><PROJWBSACTIVITYESTIMATESENTITY><CATEGORY>HOUR</CATEGORY><DESCRIPTION>Hour</DESCRIPTION><ITEMNUMBER></ITEMNUMBER><LINEPROPERTY>NONBILL</LINEPROPERTY><PROJECTID>WDTC-000001</PROJECTID><QUANTITY>8.000000</QUANTITY><RESOURCECATEGORY></RESOURCECATEGORY><SALESCATEGORY></SALESCATEGORY><TASKNAME>Final Inspections and Handover</TASKNAME><TOTALCOSTPRICE>0.000000</TOTALCOSTPRICE><TOTALSALESPRICE>0.000000</TOTALSALESPRICE><TRANSACTIONTYPE>Hour</TRANSACTIONTYPE><UNITCOSTPRICE>0.000000</UNITCOSTPRICE><UNITSALESPRICE>0.000000</UNITSALESPRICE><WBSID>6.1</WBSID></PROJWBSACTIVITYESTIMATESENTITY><PROJWBSACTIVITYESTIMATESENTITY><CATEGORY>HOUR</CATEGORY><DESCRIPTION>Hour</DESCRIPTION><ITEMNUMBER></ITEMNUMBER><LINEPROPERTY>NONBILL</LINEPROPERTY><PROJECTID>WDTC-000001</PROJECTID><QUANTITY>8.000000</QUANTITY><RESOURCECATEGORY></RESOURCECATEGORY><SALESCATEGORY></SALESCATEGORY><TASKNAME>Documentation and Reporting</TASKNAME><TOTALCOSTPRICE>0.000000</TOTALCOSTPRICE><TOTALSALESPRICE>0.000000</TOTALSALESPRICE><TRANSACTIONTYPE>Hour</TRANSACTIONTYPE><UNITCOSTPRICE>0.000000</UNITCOSTPRICE><UNITSALESPRICE>0.000000</UNITSALESPRICE><WBSID>6.2</WBSID></PROJWBSACTIVITYESTIMATESENTITY><PROJWBSACTIVITYESTIMATESENTITY><CATEGORY>HOUR</CATEGORY><DESCRIPTION>Hour</DESCRIPTION><ITEMNUMBER></ITEMNUMBER><LINEPROPERTY>NONBILL</LINEPROPERTY><PROJECTID>WDTC-000001</PROJECTID><QUANTITY>8.000000</QUANTITY><RESOURCECATEGORY></RESOURCECATEGORY><SALESCATEGORY></SALESCATEGORY><TASKNAME>Lessons Learned and Project Review</TASKNAME><TOTALCOSTPRICE>0.000000</TOTALCOSTPRICE><TOTALSALESPRICE>0.000000</TOTALSALESPRICE><TRANSACTIONTYPE>Hour</TRANSACTIONTYPE><UNITCOSTPRICE>0.000000</UNITCOSTPRICE><UNITSALESPRICE>0.000000</UNITSALESPRICE><WBSID>6.3</WBSID></PROJWBSACTIVITYESTIMATESENTITY></Document>