﻿<?xml version="1.0" encoding="utf-8"?><Document><PROJPROJECTLINEPROPERTYENTITY><ADDTOEFFICIENTHOURS>Yes</ADDTOEFFICIENTHOURS><ADDTONORMBILLABLE>No</ADDTONORMBILLABLE><ADDTONORMEFFICIENCY>No</ADDTONORMEFFICIENCY><COSTPERCENTAGE>0.000000</COSTPERCENTAGE><ENABLEACCRUEREVENUE>true</ENABLEACCRUEREVENUE><ENABLEDCAPITALIZECOST>true</ENABLEDCAPITALIZECOST><ISCHARGEABLE>Yes</ISCHARGEABLE><LINEPROPERTYID>BILLABLE</LINEPROPERTYID><NAME>Billable</NAME><PRINTZEROSALESPRICEONINVOICE>Yes</PRINTZEROSALESPRICEONINVOICE><PRINTZEROSALESPRICEONQUOTATION>Yes</PRINTZEROSALESPRICEONQUOTATION><SALESPERCENTAGE>0.000000</SALESPERCENTAGE></PROJPROJECTLINEPROPERTYENTITY><PROJPROJECTLINEPROPERTYENTITY><ADDTOEFFICIENTHOURS>Yes</ADDTOEFFICIENTHOURS><ADDTONORMBILLABLE>No</ADDTONORMBILLABLE><ADDTONORMEFFICIENCY>No</ADDTONORMEFFICIENCY><COSTPERCENTAGE>0.000000</COSTPERCENTAGE><ENABLEACCRUEREVENUE>true</ENABLEACCRUEREVENUE><ENABLEDCAPITALIZECOST>true</ENABLEDCAPITALIZECOST><ISCHARGEABLE>Yes</ISCHARGEABLE><LINEPROPERTYID>CHARGABLE</LINEPROPERTYID><NAME>Chargable</NAME><PRINTZEROSALESPRICEONINVOICE>Yes</PRINTZEROSALESPRICEONINVOICE><PRINTZEROSALESPRICEONQUOTATION>Yes</PRINTZEROSALESPRICEONQUOTATION><SALESPERCENTAGE>0.000000</SALESPERCENTAGE></PROJPROJECTLINEPROPERTYENTITY><PROJPROJECTLINEPROPERTYENTITY><ADDTOEFFICIENTHOURS>Yes</ADDTOEFFICIENTHOURS><ADDTONORMBILLABLE>No</ADDTONORMBILLABLE><ADDTONORMEFFICIENCY>No</ADDTONORMEFFICIENCY><COSTPERCENTAGE>0.000000</COSTPERCENTAGE><ENABLEACCRUEREVENUE>false</ENABLEACCRUEREVENUE><ENABLEDCAPITALIZECOST>false</ENABLEDCAPITALIZECOST><ISCHARGEABLE>No</ISCHARGEABLE><LINEPROPERTYID>NONBILL</LINEPROPERTYID><NAME>Non-Billable</NAME><PRINTZEROSALESPRICEONINVOICE>Yes</PRINTZEROSALESPRICEONINVOICE><PRINTZEROSALESPRICEONQUOTATION>Yes</PRINTZEROSALESPRICEONQUOTATION><SALESPERCENTAGE>0.000000</SALESPERCENTAGE></PROJPROJECTLINEPROPERTYENTITY><PROJPROJECTLINEPROPERTYENTITY><ADDTOEFFICIENTHOURS>Yes</ADDTOEFFICIENTHOURS><ADDTONORMBILLABLE>No</ADDTONORMBILLABLE><ADDTONORMEFFICIENCY>No</ADDTONORMEFFICIENCY><COSTPERCENTAGE>0.000000</COSTPERCENTAGE><ENABLEACCRUEREVENUE>false</ENABLEACCRUEREVENUE><ENABLEDCAPITALIZECOST>false</ENABLEDCAPITALIZECOST><ISCHARGEABLE>No</ISCHARGEABLE><LINEPROPERTYID>NONCHARGE</LINEPROPERTYID><NAME>Non-Chargable</NAME><PRINTZEROSALESPRICEONINVOICE>Yes</PRINTZEROSALESPRICEONINVOICE><PRINTZEROSALESPRICEONQUOTATION>Yes</PRINTZEROSALESPRICEONQUOTATION><SALESPERCENTAGE>0.000000</SALESPERCENTAGE></PROJPROJECTLINEPROPERTYENTITY></Document>