﻿<?xml version="1.0" encoding="utf-8"?><Document><PROJINVENTORYPROJECTCONSUMPTIONJOURNALNAMEENTITY><DEFAULTINVENTORYRESERVATIONMETHOD>None</DEFAULTINVENTORYRESERVATIONMETHOD><DEFAULTJOURNALDESCRIPTION>Project Item Journal</DEFAULTJOURNALDESCRIPTION><DEFAULTPOSTINGSUMMATIONLEVEL>Detail</DEFAULTPOSTINGSUMMATIONLEVEL><DEFAULTPRIVATEUSERGROUPID></DEFAULTPRIVATEUSERGROUPID><DEFAULTVOUCHERNUMBERALLOCATIONRULE>DateChange</DEFAULTVOUCHERNUMBERALLOCATIONRULE><DEFAULTVOUCHERNUMBERSELECTIONRULE>Post</DEFAULTVOUCHERNUMBERSELECTIONRULE><DEFAULTVOUCHERNUMBERSEQUENCECODE>Inve_10</DEFAULTVOUCHERNUMBERSEQUENCECODE><ISPOSTINGDELETINGLINESBYDEFAULT>No</ISPOSTINGDELETINGLINESBYDEFAULT><JOURNALNAMEID>PITEM</JOURNALNAMEID></PROJINVENTORYPROJECTCONSUMPTIONJOURNALNAMEENTITY></Document>