﻿<?xml version="1.0" encoding="utf-8"?><Document><PROJECTGROUPENTITY><ACCRUEDLOSSCATEGORYID></ACCRUEDLOSSCATEGORYID><ACCRUEREVENUEEXPENSE>No</ACCRUEREVENUEEXPENSE><ACCRUEREVENUEFEE>No</ACCRUEREVENUEFEE><ACCRUEREVENUEHOUR>No</ACCRUEREVENUEHOUR><ACCRUEREVENUEITEM>No</ACCRUEREVENUEITEM><AREFORESEEABLELOSSES>No</AREFORESEEABLELOSSES><CALCULATIONMETHOD>None</CALCULATIONMETHOD><CANVERIFYCOSTAGAINSTREMAININGFORECAST>No</CANVERIFYCOSTAGAINSTREMAININGFORECAST><COSTTEMPLATE></COSTTEMPLATE><LEDGERPOSTINGSEARCHPRIORITY>Categories</LEDGERPOSTINGSEARCHPRIORITY><LINEPROPERTYSEARCHPRIORITY>Project</LINEPROPERTYSEARCHPRIORITY><MATCHINGPRINCIPLE>None</MATCHINGPRINCIPLE><NAME>Corrective</NAME><ONACCOUNTINVOICING>None</ONACCOUNTINVOICING><PERIODCODE></PERIODCODE><POSTCOSTSEXPENSE>Operations</POSTCOSTSEXPENSE><POSTCOSTSHOUR>Operations</POSTCOSTSHOUR><POSTCOSTSITEM>Operations</POSTCOSTSITEM><PRODUCTIONCATEGORYID></PRODUCTIONCATEGORYID><PROFITCATEGORYID></PROFITCATEGORYID><PROJECTGROUP>CORRECTIVE</PROJECTGROUP><PROJECTTYPE>Internal</PROJECTTYPE><REVENUERECOGNITIONACCOUNTINGRULE>None</REVENUERECOGNITIONACCOUNTINGRULE><SALESVALUECATEGORYID></SALESVALUECATEGORYID></PROJECTGROUPENTITY><PROJECTGROUPENTITY><ACCRUEDLOSSCATEGORYID></ACCRUEDLOSSCATEGORYID><ACCRUEREVENUEEXPENSE>No</ACCRUEREVENUEEXPENSE><ACCRUEREVENUEFEE>No</ACCRUEREVENUEFEE><ACCRUEREVENUEHOUR>No</ACCRUEREVENUEHOUR><ACCRUEREVENUEITEM>No</ACCRUEREVENUEITEM><AREFORESEEABLELOSSES>No</AREFORESEEABLELOSSES><CALCULATIONMETHOD>None</CALCULATIONMETHOD><CANVERIFYCOSTAGAINSTREMAININGFORECAST>No</CANVERIFYCOSTAGAINSTREMAININGFORECAST><COSTTEMPLATE></COSTTEMPLATE><LEDGERPOSTINGSEARCHPRIORITY>Categories</LEDGERPOSTINGSEARCHPRIORITY><LINEPROPERTYSEARCHPRIORITY>Project</LINEPROPERTYSEARCHPRIORITY><MATCHINGPRINCIPLE>None</MATCHINGPRINCIPLE><NAME>Cost Project Group</NAME><ONACCOUNTINVOICING>None</ONACCOUNTINVOICING><PERIODCODE></PERIODCODE><POSTCOSTSEXPENSE>Operations</POSTCOSTSEXPENSE><POSTCOSTSHOUR>Operations</POSTCOSTSHOUR><POSTCOSTSITEM>Operations</POSTCOSTSITEM><PRODUCTIONCATEGORYID></PRODUCTIONCATEGORYID><PROFITCATEGORYID></PROFITCATEGORYID><PROJECTGROUP>COST</PROJECTGROUP><PROJECTTYPE>Cost</PROJECTTYPE><REVENUERECOGNITIONACCOUNTINGRULE>None</REVENUERECOGNITIONACCOUNTINGRULE><SALESVALUECATEGORYID></SALESVALUECATEGORYID></PROJECTGROUPENTITY><PROJECTGROUPENTITY><ACCRUEDLOSSCATEGORYID></ACCRUEDLOSSCATEGORYID><ACCRUEREVENUEEXPENSE>No</ACCRUEREVENUEEXPENSE><ACCRUEREVENUEFEE>No</ACCRUEREVENUEFEE><ACCRUEREVENUEHOUR>No</ACCRUEREVENUEHOUR><ACCRUEREVENUEITEM>No</ACCRUEREVENUEITEM><AREFORESEEABLELOSSES>No</AREFORESEEABLELOSSES><CALCULATIONMETHOD>None</CALCULATIONMETHOD><CANVERIFYCOSTAGAINSTREMAININGFORECAST>No</CANVERIFYCOSTAGAINSTREMAININGFORECAST><COSTTEMPLATE>AUTOAMT</COSTTEMPLATE><LEDGERPOSTINGSEARCHPRIORITY>Categories</LEDGERPOSTINGSEARCHPRIORITY><LINEPROPERTYSEARCHPRIORITY>Project</LINEPROPERTYSEARCHPRIORITY><MATCHINGPRINCIPLE>NoMatching</MATCHINGPRINCIPLE><NAME>Fixed Price Project Group</NAME><ONACCOUNTINVOICING>Operations</ONACCOUNTINVOICING><PERIODCODE>ESTMONTH</PERIODCODE><POSTCOSTSEXPENSE>Operations</POSTCOSTSEXPENSE><POSTCOSTSHOUR>Operations</POSTCOSTSHOUR><POSTCOSTSITEM>Operations</POSTCOSTSITEM><PRODUCTIONCATEGORYID></PRODUCTIONCATEGORYID><PROFITCATEGORYID></PROFITCATEGORYID><PROJECTGROUP>FIXED</PROJECTGROUP><PROJECTTYPE>FixedPrice</PROJECTTYPE><REVENUERECOGNITIONACCOUNTINGRULE>NoWIP</REVENUERECOGNITIONACCOUNTINGRULE><SALESVALUECATEGORYID></SALESVALUECATEGORYID></PROJECTGROUPENTITY><PROJECTGROUPENTITY><ACCRUEDLOSSCATEGORYID></ACCRUEDLOSSCATEGORYID><ACCRUEREVENUEEXPENSE>No</ACCRUEREVENUEEXPENSE><ACCRUEREVENUEFEE>No</ACCRUEREVENUEFEE><ACCRUEREVENUEHOUR>No</ACCRUEREVENUEHOUR><ACCRUEREVENUEITEM>No</ACCRUEREVENUEITEM><AREFORESEEABLELOSSES>No</AREFORESEEABLELOSSES><CALCULATIONMETHOD>None</CALCULATIONMETHOD><CANVERIFYCOSTAGAINSTREMAININGFORECAST>No</CANVERIFYCOSTAGAINSTREMAININGFORECAST><COSTTEMPLATE></COSTTEMPLATE><LEDGERPOSTINGSEARCHPRIORITY>Categories</LEDGERPOSTINGSEARCHPRIORITY><LINEPROPERTYSEARCHPRIORITY>Project</LINEPROPERTYSEARCHPRIORITY><MATCHINGPRINCIPLE>None</MATCHINGPRINCIPLE><NAME>Internal</NAME><ONACCOUNTINVOICING>None</ONACCOUNTINVOICING><PERIODCODE></PERIODCODE><POSTCOSTSEXPENSE>Operations</POSTCOSTSEXPENSE><POSTCOSTSHOUR>Operations</POSTCOSTSHOUR><POSTCOSTSITEM>Operations</POSTCOSTSITEM><PRODUCTIONCATEGORYID></PRODUCTIONCATEGORYID><PROFITCATEGORYID></PROFITCATEGORYID><PROJECTGROUP>INTERNAL</PROJECTGROUP><PROJECTTYPE>Internal</PROJECTTYPE><REVENUERECOGNITIONACCOUNTINGRULE>None</REVENUERECOGNITIONACCOUNTINGRULE><SALESVALUECATEGORYID></SALESVALUECATEGORYID></PROJECTGROUPENTITY><PROJECTGROUPENTITY><ACCRUEDLOSSCATEGORYID></ACCRUEDLOSSCATEGORYID><ACCRUEREVENUEEXPENSE>No</ACCRUEREVENUEEXPENSE><ACCRUEREVENUEFEE>No</ACCRUEREVENUEFEE><ACCRUEREVENUEHOUR>No</ACCRUEREVENUEHOUR><ACCRUEREVENUEITEM>No</ACCRUEREVENUEITEM><AREFORESEEABLELOSSES>No</AREFORESEEABLELOSSES><CALCULATIONMETHOD>None</CALCULATIONMETHOD><CANVERIFYCOSTAGAINSTREMAININGFORECAST>No</CANVERIFYCOSTAGAINSTREMAININGFORECAST><COSTTEMPLATE>AUTOAMT</COSTTEMPLATE><LEDGERPOSTINGSEARCHPRIORITY>Categories</LEDGERPOSTINGSEARCHPRIORITY><LINEPROPERTYSEARCHPRIORITY>Project</LINEPROPERTYSEARCHPRIORITY><MATCHINGPRINCIPLE>None</MATCHINGPRINCIPLE><NAME>Investment</NAME><ONACCOUNTINVOICING>None</ONACCOUNTINVOICING><PERIODCODE>ESTMONTH</PERIODCODE><POSTCOSTSEXPENSE>Operations</POSTCOSTSEXPENSE><POSTCOSTSHOUR>Operations</POSTCOSTSHOUR><POSTCOSTSITEM>Operations</POSTCOSTSITEM><PRODUCTIONCATEGORYID></PRODUCTIONCATEGORYID><PROFITCATEGORYID></PROFITCATEGORYID><PROJECTGROUP>INVESTMENT</PROJECTGROUP><PROJECTTYPE>Investment</PROJECTTYPE><REVENUERECOGNITIONACCOUNTINGRULE>None</REVENUERECOGNITIONACCOUNTINGRULE><SALESVALUECATEGORYID></SALESVALUECATEGORYID></PROJECTGROUPENTITY><PROJECTGROUPENTITY><ACCRUEDLOSSCATEGORYID></ACCRUEDLOSSCATEGORYID><ACCRUEREVENUEEXPENSE>No</ACCRUEREVENUEEXPENSE><ACCRUEREVENUEFEE>No</ACCRUEREVENUEFEE><ACCRUEREVENUEHOUR>No</ACCRUEREVENUEHOUR><ACCRUEREVENUEITEM>No</ACCRUEREVENUEITEM><AREFORESEEABLELOSSES>No</AREFORESEEABLELOSSES><CALCULATIONMETHOD>None</CALCULATIONMETHOD><CANVERIFYCOSTAGAINSTREMAININGFORECAST>No</CANVERIFYCOSTAGAINSTREMAININGFORECAST><COSTTEMPLATE></COSTTEMPLATE><LEDGERPOSTINGSEARCHPRIORITY>Categories</LEDGERPOSTINGSEARCHPRIORITY><LINEPROPERTYSEARCHPRIORITY>Project</LINEPROPERTYSEARCHPRIORITY><MATCHINGPRINCIPLE>None</MATCHINGPRINCIPLE><NAME>Preventative</NAME><ONACCOUNTINVOICING>None</ONACCOUNTINVOICING><PERIODCODE></PERIODCODE><POSTCOSTSEXPENSE>Operations</POSTCOSTSEXPENSE><POSTCOSTSHOUR>Operations</POSTCOSTSHOUR><POSTCOSTSITEM>Operations</POSTCOSTSITEM><PRODUCTIONCATEGORYID></PRODUCTIONCATEGORYID><PROFITCATEGORYID></PROFITCATEGORYID><PROJECTGROUP>PREVENTIVE</PROJECTGROUP><PROJECTTYPE>Internal</PROJECTTYPE><REVENUERECOGNITIONACCOUNTINGRULE>None</REVENUERECOGNITIONACCOUNTINGRULE><SALESVALUECATEGORYID></SALESVALUECATEGORYID></PROJECTGROUPENTITY><PROJECTGROUPENTITY><ACCRUEDLOSSCATEGORYID></ACCRUEDLOSSCATEGORYID><ACCRUEREVENUEEXPENSE>No</ACCRUEREVENUEEXPENSE><ACCRUEREVENUEFEE>No</ACCRUEREVENUEFEE><ACCRUEREVENUEHOUR>No</ACCRUEREVENUEHOUR><ACCRUEREVENUEITEM>No</ACCRUEREVENUEITEM><AREFORESEEABLELOSSES>No</AREFORESEEABLELOSSES><CALCULATIONMETHOD>None</CALCULATIONMETHOD><CANVERIFYCOSTAGAINSTREMAININGFORECAST>No</CANVERIFYCOSTAGAINSTREMAININGFORECAST><COSTTEMPLATE></COSTTEMPLATE><LEDGERPOSTINGSEARCHPRIORITY>Categories</LEDGERPOSTINGSEARCHPRIORITY><LINEPROPERTYSEARCHPRIORITY>Project</LINEPROPERTYSEARCHPRIORITY><MATCHINGPRINCIPLE>None</MATCHINGPRINCIPLE><NAME>Service</NAME><ONACCOUNTINVOICING>BalanceSheet</ONACCOUNTINVOICING><PERIODCODE></PERIODCODE><POSTCOSTSEXPENSE>Operations</POSTCOSTSEXPENSE><POSTCOSTSHOUR>Operations</POSTCOSTSHOUR><POSTCOSTSITEM>Operations</POSTCOSTSITEM><PRODUCTIONCATEGORYID></PRODUCTIONCATEGORYID><PROFITCATEGORYID></PROFITCATEGORYID><PROJECTGROUP>SERVICE</PROJECTGROUP><PROJECTTYPE>TimeMaterial</PROJECTTYPE><REVENUERECOGNITIONACCOUNTINGRULE>None</REVENUERECOGNITIONACCOUNTINGRULE><SALESVALUECATEGORYID></SALESVALUECATEGORYID></PROJECTGROUPENTITY><PROJECTGROUPENTITY><ACCRUEDLOSSCATEGORYID></ACCRUEDLOSSCATEGORYID><ACCRUEREVENUEEXPENSE>No</ACCRUEREVENUEEXPENSE><ACCRUEREVENUEFEE>No</ACCRUEREVENUEFEE><ACCRUEREVENUEHOUR>No</ACCRUEREVENUEHOUR><ACCRUEREVENUEITEM>No</ACCRUEREVENUEITEM><AREFORESEEABLELOSSES>No</AREFORESEEABLELOSSES><CALCULATIONMETHOD>None</CALCULATIONMETHOD><CANVERIFYCOSTAGAINSTREMAININGFORECAST>No</CANVERIFYCOSTAGAINSTREMAININGFORECAST><COSTTEMPLATE></COSTTEMPLATE><LEDGERPOSTINGSEARCHPRIORITY>Categories</LEDGERPOSTINGSEARCHPRIORITY><LINEPROPERTYSEARCHPRIORITY>Project</LINEPROPERTYSEARCHPRIORITY><MATCHINGPRINCIPLE>None</MATCHINGPRINCIPLE><NAME>Time Project Group</NAME><ONACCOUNTINVOICING>None</ONACCOUNTINVOICING><PERIODCODE></PERIODCODE><POSTCOSTSEXPENSE>Operations</POSTCOSTSEXPENSE><POSTCOSTSHOUR>Never</POSTCOSTSHOUR><POSTCOSTSITEM>Operations</POSTCOSTSITEM><PRODUCTIONCATEGORYID></PRODUCTIONCATEGORYID><PROFITCATEGORYID></PROFITCATEGORYID><PROJECTGROUP>TIME</PROJECTGROUP><PROJECTTYPE>Time</PROJECTTYPE><REVENUERECOGNITIONACCOUNTINGRULE>None</REVENUERECOGNITIONACCOUNTINGRULE><SALESVALUECATEGORYID></SALESVALUECATEGORYID></PROJECTGROUPENTITY><PROJECTGROUPENTITY><ACCRUEDLOSSCATEGORYID></ACCRUEDLOSSCATEGORYID><ACCRUEREVENUEEXPENSE>No</ACCRUEREVENUEEXPENSE><ACCRUEREVENUEFEE>No</ACCRUEREVENUEFEE><ACCRUEREVENUEHOUR>No</ACCRUEREVENUEHOUR><ACCRUEREVENUEITEM>No</ACCRUEREVENUEITEM><AREFORESEEABLELOSSES>No</AREFORESEEABLELOSSES><CALCULATIONMETHOD>None</CALCULATIONMETHOD><CANVERIFYCOSTAGAINSTREMAININGFORECAST>No</CANVERIFYCOSTAGAINSTREMAININGFORECAST><COSTTEMPLATE></COSTTEMPLATE><LEDGERPOSTINGSEARCHPRIORITY>Categories</LEDGERPOSTINGSEARCHPRIORITY><LINEPROPERTYSEARCHPRIORITY>Project</LINEPROPERTYSEARCHPRIORITY><MATCHINGPRINCIPLE>None</MATCHINGPRINCIPLE><NAME><![CDATA[Time & Material]]></NAME><ONACCOUNTINVOICING>BalanceSheet</ONACCOUNTINVOICING><PERIODCODE></PERIODCODE><POSTCOSTSEXPENSE>Operations</POSTCOSTSEXPENSE><POSTCOSTSHOUR>Operations</POSTCOSTSHOUR><POSTCOSTSITEM>Operations</POSTCOSTSITEM><PRODUCTIONCATEGORYID></PRODUCTIONCATEGORYID><PROFITCATEGORYID></PROFITCATEGORYID><PROJECTGROUP>TM</PROJECTGROUP><PROJECTTYPE>TimeMaterial</PROJECTTYPE><REVENUERECOGNITIONACCOUNTINGRULE>None</REVENUERECOGNITIONACCOUNTINGRULE><SALESVALUECATEGORYID></SALESVALUECATEGORYID></PROJECTGROUPENTITY></Document>