﻿<?xml version="1.0" encoding="utf-8"?><Document><PROJCONTRACTENTITY><CONTRACTDATE>1900-01-01T00:00:00</CONTRACTDATE><CONTRACTLINES>No</CONTRACTLINES><CUSTOMERRETENTIONTERMID></CUSTOMERRETENTIONTERMID><DEFAULTPOSTINGLEVEL>Detail</DEFAULTPOSTINGLEVEL><INVOICEFREQUENCY>CurrentWeek</INVOICEFREQUENCY><INVOICINGNAME></INVOICINGNAME><LISTCODEID>IncludeNot</LISTCODEID><LOCKCONTRACTSALESCURRENCY>Yes</LOCKCONTRACTSALESCURRENCY><MINIMUMTIMEINCREMENT>0.000000</MINIMUMTIMEINCREMENT><NAME>Service: Dhusarra Abhuk</NAME><PRICEGROUP></PRICEGROUP><PROGRESSINVOICING>false</PROGRESSINVOICING><PROJECTCONTRACTID>WDTC-000001</PROJECTCONTRACTID><RETAINAGEPERCENT>0.000000</RETAINAGEPERCENT><SALESCURRENCY>FGP</SALESCURRENCY><SALESRESPONSIBLEPERSONNELNUMBER></SALESRESPONSIBLEPERSONNELNUMBER><SALESTAXGROUP></SALESTAXGROUP><TRANSACTIONCODE></TRANSACTIONCODE></PROJCONTRACTENTITY></Document>