﻿<?xml version="1.0" encoding="utf-8"?><Document><PROJPROJECTCONTROLENTITY><COMPLETIONBASEDON>Amount</COMPLETIONBASEDON><COMPLETIONMETHOD>Auto</COMPLETIONMETHOD><COSTTEMPLATEID>AUTOAMT</COSTTEMPLATEID><EXPENSECOSTLINEID>EXPENSE</EXPENSECOSTLINEID><HOURCOSTLINEID>HOUR</HOURCOSTLINEID><ITEMCOSTLINEID>ITEM</ITEMCOSTLINEID><NAME>Auto-Amount</NAME></PROJPROJECTCONTROLENTITY><PROJPROJECTCONTROLENTITY><COMPLETIONBASEDON>Unit</COMPLETIONBASEDON><COMPLETIONMETHOD>Auto</COMPLETIONMETHOD><COSTTEMPLATEID>AUTOUNIT</COSTTEMPLATEID><EXPENSECOSTLINEID>EXPENSE</EXPENSECOSTLINEID><HOURCOSTLINEID>HOUR</HOURCOSTLINEID><ITEMCOSTLINEID>ITEM</ITEMCOSTLINEID><NAME>Auto-Unit</NAME></PROJPROJECTCONTROLENTITY></Document>