﻿<?xml version="1.0" encoding="utf-8"?><Document><PROJFUNDINGSOURCEENTITY><PROJECTCONTRACTID>WDTC-000001</PROJECTCONTRACTID><FUNDINGSOURCEID>Dhusarra Abhuk</FUNDINGSOURCEID><ADDRESSCITY>Waterdeep</ADDRESSCITY><ADDRESSCOUNTRY>FAE</ADDRESSCOUNTRY><ADDRESSCOUNTRYISOCODE></ADDRESSCOUNTRYISOCODE><ADDRESSCOUNTY></ADDRESSCOUNTY><ADDRESSDESCRIPTION>Dhusarra Abhuk</ADDRESSDESCRIPTION><ADDRESSDISTRICTNAME>Mountainside</ADDRESSDISTRICTNAME><ADDRESSLATITUDE>0.0000000000</ADDRESSLATITUDE><ADDRESSLONGITUDE>0.0000000000</ADDRESSLONGITUDE><ADDRESSSTATE>SC</ADDRESSSTATE><ADDRESSSTREET>1 Undermountain Lane</ADDRESSSTREET><ADDRESSTIMEZONE></ADDRESSTIMEZONE><ADDRESSVALIDFROM>2024-07-07T12:57:14</ADDRESSVALIDFROM><ADDRESSVALIDTO>2154-12-31T23:59:59</ADDRESSVALIDTO><ADDRESSZIPCODE></ADDRESSZIPCODE><CASHDISCOUNT></CASHDISCOUNT><CONTACTID></CONTACTID><CREATEDEFAULTFUNDINGRULE>No</CREATEDEFAULTFUNDINGRULE><CUSTOMERORORGANIZATION>DHUSARRAELABHURK</CUSTOMERORORGANIZATION><CUSTOMERREFERENCE></CUSTOMERREFERENCE><CUSTOMERREQUISITION></CUSTOMERREQUISITION><DIMENSIONACCOUNT></DIMENSIONACCOUNT><DIMENSIONDISPLAYVALUE></DIMENSIONDISPLAYVALUE><EINVOICELINESPEC>No</EINVOICELINESPEC><FUNDINGTYPE>Customer</FUNDINGTYPE><GRANTID></GRANTID><INDIVIDUALBUFFERDAYS></INDIVIDUALBUFFERDAYS><INVOICEFORMAT>DetailInvoice</INVOICEFORMAT><INVOICELOCATIONID>000000101</INVOICELOCATIONID><INVOICENAME>Dhusarra Abhuk</INVOICENAME><ISPRIMARYFUNDINGSOURCE>No</ISPRIMARYFUNDINGSOURCE><LANGUAGE>fae-cm</LANGUAGE><NUMBERSEQUENCEGROUP></NUMBERSEQUENCEGROUP><PARTYNUMBER>000000201</PARTYNUMBER><PAYMENTSCHEDULE></PAYMENTSCHEDULE><POSTINGPROFILE>GENERAL</POSTINGPROFILE><RETENTIONTERMID></RETENTIONTERMID><TERMSOFPAYMENT>CASH</TERMSOFPAYMENT></PROJFUNDINGSOURCEENTITY></Document>