﻿<?xml version="1.0" encoding="utf-8"?><Document><PROJSTAGEENTITY><LANGUAGE>ar</LANGUAGE><STAGE>تم الإنشاء</STAGE><STATUS>Created</STATUS></PROJSTAGEENTITY><PROJSTAGEENTITY><LANGUAGE>ar</LANGUAGE><STAGE>مقدر</STAGE><STATUS>Estimated</STATUS></PROJSTAGEENTITY><PROJSTAGEENTITY><LANGUAGE>ar</LANGUAGE><STAGE>مجدول</STAGE><STATUS>Scheduled</STATUS></PROJSTAGEENTITY><PROJSTAGEENTITY><LANGUAGE>ar</LANGUAGE><STAGE>قيد التنفيذ</STAGE><STATUS>InProcess</STATUS></PROJSTAGEENTITY><PROJSTAGEENTITY><LANGUAGE>ar</LANGUAGE><STAGE>منتهي</STAGE><STATUS>Completed</STATUS></PROJSTAGEENTITY><PROJSTAGEENTITY><LANGUAGE>ar</LANGUAGE><STAGE>حالة معرفة من قِبل المستخدم 1</STAGE><STATUS>User1</STATUS></PROJSTAGEENTITY><PROJSTAGEENTITY><LANGUAGE>ar</LANGUAGE><STAGE>حالة معرفة من قِبل المستخدم 2</STAGE><STATUS>User2</STATUS></PROJSTAGEENTITY><PROJSTAGEENTITY><LANGUAGE>ar</LANGUAGE><STAGE>حالة معرفة من قِبل المستخدم 3</STAGE><STATUS>User3</STATUS></PROJSTAGEENTITY><PROJSTAGEENTITY><LANGUAGE>ar-AE</LANGUAGE><STAGE>تم الإنشاء</STAGE><STATUS>Created</STATUS></PROJSTAGEENTITY><PROJSTAGEENTITY><LANGUAGE>ar-AE</LANGUAGE><STAGE>مقدر</STAGE><STATUS>Estimated</STATUS></PROJSTAGEENTITY><PROJSTAGEENTITY><LANGUAGE>ar-AE</LANGUAGE><STAGE>مجدول</STAGE><STATUS>Scheduled</STATUS></PROJSTAGEENTITY><PROJSTAGEENTITY><LANGUAGE>ar-AE</LANGUAGE><STAGE>قيد التنفيذ</STAGE><STATUS>InProcess</STATUS></PROJSTAGEENTITY><PROJSTAGEENTITY><LANGUAGE>ar-AE</LANGUAGE><STAGE>منتهي</STAGE><STATUS>Completed</STATUS></PROJSTAGEENTITY><PROJSTAGEENTITY><LANGUAGE>ar-AE</LANGUAGE><STAGE>حالة معرفة من قِبل المستخدم 1</STAGE><STATUS>User1</STATUS></PROJSTAGEENTITY><PROJSTAGEENTITY><LANGUAGE>ar-AE</LANGUAGE><STAGE>حالة معرفة من قِبل المستخدم 2</STAGE><STATUS>User2</STATUS></PROJSTAGEENTITY><PROJSTAGEENTITY><LANGUAGE>ar-AE</LANGUAGE><STAGE>حالة معرفة من قِبل المستخدم 3</STAGE><STATUS>User3</STATUS></PROJSTAGEENTITY><PROJSTAGEENTITY><LANGUAGE>ar-BH</LANGUAGE><STAGE>تم الإنشاء</STAGE><STATUS>Created</STATUS></PROJSTAGEENTITY><PROJSTAGEENTITY><LANGUAGE>ar-BH</LANGUAGE><STAGE>مقدر</STAGE><STATUS>Estimated</STATUS></PROJSTAGEENTITY><PROJSTAGEENTITY><LANGUAGE>ar-BH</LANGUAGE><STAGE>مجدول</STAGE><STATUS>Scheduled</STATUS></PROJSTAGEENTITY><PROJSTAGEENTITY><LANGUAGE>ar-BH</LANGUAGE><STAGE>قيد التنفيذ</STAGE><STATUS>InProcess</STATUS></PROJSTAGEENTITY><PROJSTAGEENTITY><LANGUAGE>ar-BH</LANGUAGE><STAGE>منتهي</STAGE><STATUS>Completed</STATUS></PROJSTAGEENTITY><PROJSTAGEENTITY><LANGUAGE>ar-BH</LANGUAGE><STAGE>حالة معرفة من قِبل المستخدم 1</STAGE><STATUS>User1</STATUS></PROJSTAGEENTITY><PROJSTAGEENTITY><LANGUAGE>ar-BH</LANGUAGE><STAGE>حالة معرفة من قِبل المستخدم 2</STAGE><STATUS>User2</STATUS></PROJSTAGEENTITY><PROJSTAGEENTITY><LANGUAGE>ar-BH</LANGUAGE><STAGE>حالة معرفة من قِبل المستخدم 3</STAGE><STATUS>User3</STATUS></PROJSTAGEENTITY><PROJSTAGEENTITY><LANGUAGE>ar-EG</LANGUAGE><STAGE>تم الإنشاء</STAGE><STATUS>Created</STATUS></PROJSTAGEENTITY><PROJSTAGEENTITY><LANGUAGE>ar-EG</LANGUAGE><STAGE>مقدر</STAGE><STATUS>Estimated</STATUS></PROJSTAGEENTITY><PROJSTAGEENTITY><LANGUAGE>ar-EG</LANGUAGE><STAGE>مجدول</STAGE><STATUS>Scheduled</STATUS></PROJSTAGEENTITY><PROJSTAGEENTITY><LANGUAGE>ar-EG</LANGUAGE><STAGE>قيد التنفيذ</STAGE><STATUS>InProcess</STATUS></PROJSTAGEENTITY><PROJSTAGEENTITY><LANGUAGE>ar-EG</LANGUAGE><STAGE>منتهي</STAGE><STATUS>Completed</STATUS></PROJSTAGEENTITY><PROJSTAGEENTITY><LANGUAGE>ar-EG</LANGUAGE><STAGE>حالة معرفة من قِبل المستخدم 1</STAGE><STATUS>User1</STATUS></PROJSTAGEENTITY><PROJSTAGEENTITY><LANGUAGE>ar-EG</LANGUAGE><STAGE>حالة معرفة من قِبل المستخدم 2</STAGE><STATUS>User2</STATUS></PROJSTAGEENTITY><PROJSTAGEENTITY><LANGUAGE>ar-EG</LANGUAGE><STAGE>حالة معرفة من قِبل المستخدم 3</STAGE><STATUS>User3</STATUS></PROJSTAGEENTITY><PROJSTAGEENTITY><LANGUAGE>ar-KW</LANGUAGE><STAGE>تم الإنشاء</STAGE><STATUS>Created</STATUS></PROJSTAGEENTITY><PROJSTAGEENTITY><LANGUAGE>ar-KW</LANGUAGE><STAGE>مقدر</STAGE><STATUS>Estimated</STATUS></PROJSTAGEENTITY><PROJSTAGEENTITY><LANGUAGE>ar-KW</LANGUAGE><STAGE>مجدول</STAGE><STATUS>Scheduled</STATUS></PROJSTAGEENTITY><PROJSTAGEENTITY><LANGUAGE>ar-KW</LANGUAGE><STAGE>قيد التنفيذ</STAGE><STATUS>InProcess</STATUS></PROJSTAGEENTITY><PROJSTAGEENTITY><LANGUAGE>ar-KW</LANGUAGE><STAGE>منتهي</STAGE><STATUS>Completed</STATUS></PROJSTAGEENTITY><PROJSTAGEENTITY><LANGUAGE>ar-KW</LANGUAGE><STAGE>حالة معرفة من قِبل المستخدم 1</STAGE><STATUS>User1</STATUS></PROJSTAGEENTITY><PROJSTAGEENTITY><LANGUAGE>ar-KW</LANGUAGE><STAGE>حالة معرفة من قِبل المستخدم 2</STAGE><STATUS>User2</STATUS></PROJSTAGEENTITY><PROJSTAGEENTITY><LANGUAGE>ar-KW</LANGUAGE><STAGE>حالة معرفة من قِبل المستخدم 3</STAGE><STATUS>User3</STATUS></PROJSTAGEENTITY><PROJSTAGEENTITY><LANGUAGE>ar-OM</LANGUAGE><STAGE>تم الإنشاء</STAGE><STATUS>Created</STATUS></PROJSTAGEENTITY><PROJSTAGEENTITY><LANGUAGE>ar-OM</LANGUAGE><STAGE>مقدر</STAGE><STATUS>Estimated</STATUS></PROJSTAGEENTITY><PROJSTAGEENTITY><LANGUAGE>ar-OM</LANGUAGE><STAGE>مجدول</STAGE><STATUS>Scheduled</STATUS></PROJSTAGEENTITY><PROJSTAGEENTITY><LANGUAGE>ar-OM</LANGUAGE><STAGE>قيد التنفيذ</STAGE><STATUS>InProcess</STATUS></PROJSTAGEENTITY><PROJSTAGEENTITY><LANGUAGE>ar-OM</LANGUAGE><STAGE>منتهي</STAGE><STATUS>Completed</STATUS></PROJSTAGEENTITY><PROJSTAGEENTITY><LANGUAGE>ar-OM</LANGUAGE><STAGE>حالة معرفة من قِبل المستخدم 1</STAGE><STATUS>User1</STATUS></PROJSTAGEENTITY><PROJSTAGEENTITY><LANGUAGE>ar-OM</LANGUAGE><STAGE>حالة معرفة من قِبل المستخدم 2</STAGE><STATUS>User2</STATUS></PROJSTAGEENTITY><PROJSTAGEENTITY><LANGUAGE>ar-OM</LANGUAGE><STAGE>حالة معرفة من قِبل المستخدم 3</STAGE><STATUS>User3</STATUS></PROJSTAGEENTITY><PROJSTAGEENTITY><LANGUAGE>ar-QA</LANGUAGE><STAGE>تم الإنشاء</STAGE><STATUS>Created</STATUS></PROJSTAGEENTITY><PROJSTAGEENTITY><LANGUAGE>ar-QA</LANGUAGE><STAGE>مقدر</STAGE><STATUS>Estimated</STATUS></PROJSTAGEENTITY><PROJSTAGEENTITY><LANGUAGE>ar-QA</LANGUAGE><STAGE>مجدول</STAGE><STATUS>Scheduled</STATUS></PROJSTAGEENTITY><PROJSTAGEENTITY><LANGUAGE>ar-QA</LANGUAGE><STAGE>قيد التنفيذ</STAGE><STATUS>InProcess</STATUS></PROJSTAGEENTITY><PROJSTAGEENTITY><LANGUAGE>ar-QA</LANGUAGE><STAGE>منتهي</STAGE><STATUS>Completed</STATUS></PROJSTAGEENTITY><PROJSTAGEENTITY><LANGUAGE>ar-QA</LANGUAGE><STAGE>حالة معرفة من قِبل المستخدم 1</STAGE><STATUS>User1</STATUS></PROJSTAGEENTITY><PROJSTAGEENTITY><LANGUAGE>ar-QA</LANGUAGE><STAGE>حالة معرفة من قِبل المستخدم 2</STAGE><STATUS>User2</STATUS></PROJSTAGEENTITY><PROJSTAGEENTITY><LANGUAGE>ar-QA</LANGUAGE><STAGE>حالة معرفة من قِبل المستخدم 3</STAGE><STATUS>User3</STATUS></PROJSTAGEENTITY><PROJSTAGEENTITY><LANGUAGE>ar-SA</LANGUAGE><STAGE>تم الإنشاء</STAGE><STATUS>Created</STATUS></PROJSTAGEENTITY><PROJSTAGEENTITY><LANGUAGE>ar-SA</LANGUAGE><STAGE>مقدر</STAGE><STATUS>Estimated</STATUS></PROJSTAGEENTITY><PROJSTAGEENTITY><LANGUAGE>ar-SA</LANGUAGE><STAGE>مجدول</STAGE><STATUS>Scheduled</STATUS></PROJSTAGEENTITY><PROJSTAGEENTITY><LANGUAGE>ar-SA</LANGUAGE><STAGE>قيد التنفيذ</STAGE><STATUS>InProcess</STATUS></PROJSTAGEENTITY><PROJSTAGEENTITY><LANGUAGE>ar-SA</LANGUAGE><STAGE>منتهي</STAGE><STATUS>Completed</STATUS></PROJSTAGEENTITY><PROJSTAGEENTITY><LANGUAGE>ar-SA</LANGUAGE><STAGE>حالة معرفة من قِبل المستخدم 1</STAGE><STATUS>User1</STATUS></PROJSTAGEENTITY><PROJSTAGEENTITY><LANGUAGE>ar-SA</LANGUAGE><STAGE>حالة معرفة من قِبل المستخدم 2</STAGE><STATUS>User2</STATUS></PROJSTAGEENTITY><PROJSTAGEENTITY><LANGUAGE>ar-SA</LANGUAGE><STAGE>حالة معرفة من قِبل المستخدم 3</STAGE><STATUS>User3</STATUS></PROJSTAGEENTITY><PROJSTAGEENTITY><LANGUAGE>cs</LANGUAGE><STAGE>Vytvořeno</STAGE><STATUS>Created</STATUS></PROJSTAGEENTITY><PROJSTAGEENTITY><LANGUAGE>cs</LANGUAGE><STAGE>Odhadováno</STAGE><STATUS>Estimated</STATUS></PROJSTAGEENTITY><PROJSTAGEENTITY><LANGUAGE>cs</LANGUAGE><STAGE>Plánováno</STAGE><STATUS>Scheduled</STATUS></PROJSTAGEENTITY><PROJSTAGEENTITY><LANGUAGE>cs</LANGUAGE><STAGE>Zpracovává se</STAGE><STATUS>InProcess</STATUS></PROJSTAGEENTITY><PROJSTAGEENTITY><LANGUAGE>cs</LANGUAGE><STAGE>Dokončeno</STAGE><STATUS>Completed</STATUS></PROJSTAGEENTITY><PROJSTAGEENTITY><LANGUAGE>cs</LANGUAGE><STAGE>Uživatelský stav 1</STAGE><STATUS>User1</STATUS></PROJSTAGEENTITY><PROJSTAGEENTITY><LANGUAGE>cs</LANGUAGE><STAGE>Uživatelský stav 2</STAGE><STATUS>User2</STATUS></PROJSTAGEENTITY><PROJSTAGEENTITY><LANGUAGE>cs</LANGUAGE><STAGE>Uživatelský stav 3</STAGE><STATUS>User3</STATUS></PROJSTAGEENTITY><PROJSTAGEENTITY><LANGUAGE>da</LANGUAGE><STAGE>Oprettet</STAGE><STATUS>Created</STATUS></PROJSTAGEENTITY><PROJSTAGEENTITY><LANGUAGE>da</LANGUAGE><STAGE>Forkalkuleret</STAGE><STATUS>Estimated</STATUS></PROJSTAGEENTITY><PROJSTAGEENTITY><LANGUAGE>da</LANGUAGE><STAGE>Planlagt</STAGE><STATUS>Scheduled</STATUS></PROJSTAGEENTITY><PROJSTAGEENTITY><LANGUAGE>da</LANGUAGE><STAGE>Igangværende</STAGE><STATUS>InProcess</STATUS></PROJSTAGEENTITY><PROJSTAGEENTITY><LANGUAGE>da</LANGUAGE><STAGE>Udført</STAGE><STATUS>Completed</STATUS></PROJSTAGEENTITY><PROJSTAGEENTITY><LANGUAGE>da</LANGUAGE><STAGE>Brugerdefineret status 1</STAGE><STATUS>User1</STATUS></PROJSTAGEENTITY><PROJSTAGEENTITY><LANGUAGE>da</LANGUAGE><STAGE>Brugerdefineret status 2</STAGE><STATUS>User2</STATUS></PROJSTAGEENTITY><PROJSTAGEENTITY><LANGUAGE>da</LANGUAGE><STAGE>Brugerdefineret status 3</STAGE><STATUS>User3</STATUS></PROJSTAGEENTITY><PROJSTAGEENTITY><LANGUAGE>de</LANGUAGE><STAGE>Erstellt</STAGE><STATUS>Created</STATUS></PROJSTAGEENTITY><PROJSTAGEENTITY><LANGUAGE>de</LANGUAGE><STAGE>Vorkalkuliert</STAGE><STATUS>Estimated</STATUS></PROJSTAGEENTITY><PROJSTAGEENTITY><LANGUAGE>de</LANGUAGE><STAGE>Geplant</STAGE><STATUS>Scheduled</STATUS></PROJSTAGEENTITY><PROJSTAGEENTITY><LANGUAGE>de</LANGUAGE><STAGE>In Bearbeitung</STAGE><STATUS>InProcess</STATUS></PROJSTAGEENTITY><PROJSTAGEENTITY><LANGUAGE>de</LANGUAGE><STAGE>Fertig gestellt</STAGE><STATUS>Completed</STATUS></PROJSTAGEENTITY><PROJSTAGEENTITY><LANGUAGE>de</LANGUAGE><STAGE>Benutzerdefinierter Status 1</STAGE><STATUS>User1</STATUS></PROJSTAGEENTITY><PROJSTAGEENTITY><LANGUAGE>de</LANGUAGE><STAGE>Benutzerdefinierter Status 2</STAGE><STATUS>User2</STATUS></PROJSTAGEENTITY><PROJSTAGEENTITY><LANGUAGE>de</LANGUAGE><STAGE>Benutzerdefinierter Status 3</STAGE><STATUS>User3</STATUS></PROJSTAGEENTITY><PROJSTAGEENTITY><LANGUAGE>de-AT</LANGUAGE><STAGE>Erstellt</STAGE><STATUS>Created</STATUS></PROJSTAGEENTITY><PROJSTAGEENTITY><LANGUAGE>de-AT</LANGUAGE><STAGE>Vorkalkuliert</STAGE><STATUS>Estimated</STATUS></PROJSTAGEENTITY><PROJSTAGEENTITY><LANGUAGE>de-AT</LANGUAGE><STAGE>Geplant</STAGE><STATUS>Scheduled</STATUS></PROJSTAGEENTITY><PROJSTAGEENTITY><LANGUAGE>de-AT</LANGUAGE><STAGE>In Bearbeitung</STAGE><STATUS>InProcess</STATUS></PROJSTAGEENTITY><PROJSTAGEENTITY><LANGUAGE>de-AT</LANGUAGE><STAGE>Fertig gestellt</STAGE><STATUS>Completed</STATUS></PROJSTAGEENTITY><PROJSTAGEENTITY><LANGUAGE>de-AT</LANGUAGE><STAGE>Benutzerdefinierter Status 1</STAGE><STATUS>User1</STATUS></PROJSTAGEENTITY><PROJSTAGEENTITY><LANGUAGE>de-AT</LANGUAGE><STAGE>Benutzerdefinierter Status 2</STAGE><STATUS>User2</STATUS></PROJSTAGEENTITY><PROJSTAGEENTITY><LANGUAGE>de-AT</LANGUAGE><STAGE>Benutzerdefinierter Status 3</STAGE><STATUS>User3</STATUS></PROJSTAGEENTITY><PROJSTAGEENTITY><LANGUAGE>de-CH</LANGUAGE><STAGE>Erstellt</STAGE><STATUS>Created</STATUS></PROJSTAGEENTITY><PROJSTAGEENTITY><LANGUAGE>de-CH</LANGUAGE><STAGE>Vorkalkuliert</STAGE><STATUS>Estimated</STATUS></PROJSTAGEENTITY><PROJSTAGEENTITY><LANGUAGE>de-CH</LANGUAGE><STAGE>Geplant</STAGE><STATUS>Scheduled</STATUS></PROJSTAGEENTITY><PROJSTAGEENTITY><LANGUAGE>de-CH</LANGUAGE><STAGE>In Bearbeitung</STAGE><STATUS>InProcess</STATUS></PROJSTAGEENTITY><PROJSTAGEENTITY><LANGUAGE>de-CH</LANGUAGE><STAGE>Fertig gestellt</STAGE><STATUS>Completed</STATUS></PROJSTAGEENTITY><PROJSTAGEENTITY><LANGUAGE>de-CH</LANGUAGE><STAGE>Benutzerdefinierter Status 1</STAGE><STATUS>User1</STATUS></PROJSTAGEENTITY><PROJSTAGEENTITY><LANGUAGE>de-CH</LANGUAGE><STAGE>Benutzerdefinierter Status 2</STAGE><STATUS>User2</STATUS></PROJSTAGEENTITY><PROJSTAGEENTITY><LANGUAGE>de-CH</LANGUAGE><STAGE>Benutzerdefinierter Status 3</STAGE><STATUS>User3</STATUS></PROJSTAGEENTITY><PROJSTAGEENTITY><LANGUAGE>el</LANGUAGE><STAGE>Δημιουργήθηκε</STAGE><STATUS>Created</STATUS></PROJSTAGEENTITY><PROJSTAGEENTITY><LANGUAGE>el</LANGUAGE><STAGE>Υπολογιζόμενο</STAGE><STATUS>Estimated</STATUS></PROJSTAGEENTITY><PROJSTAGEENTITY><LANGUAGE>el</LANGUAGE><STAGE>Προγραμματισμένο</STAGE><STATUS>Scheduled</STATUS></PROJSTAGEENTITY><PROJSTAGEENTITY><LANGUAGE>el</LANGUAGE><STAGE>Σε εξέλιξη</STAGE><STATUS>InProcess</STATUS></PROJSTAGEENTITY><PROJSTAGEENTITY><LANGUAGE>el</LANGUAGE><STAGE>Ολοκληρώθηκε</STAGE><STATUS>Completed</STATUS></PROJSTAGEENTITY><PROJSTAGEENTITY><LANGUAGE>el</LANGUAGE><STAGE>Καθοριζόμενη από τον χρήστη κα</STAGE><STATUS>User1</STATUS></PROJSTAGEENTITY><PROJSTAGEENTITY><LANGUAGE>el</LANGUAGE><STAGE>Καθοριζόμενη από τον χρήστη κα</STAGE><STATUS>User2</STATUS></PROJSTAGEENTITY><PROJSTAGEENTITY><LANGUAGE>el</LANGUAGE><STAGE>Καθοριζόμενη από τον χρήστη κα</STAGE><STATUS>User3</STATUS></PROJSTAGEENTITY><PROJSTAGEENTITY><LANGUAGE>el-GR</LANGUAGE><STAGE>Δημιουργήθηκε</STAGE><STATUS>Created</STATUS></PROJSTAGEENTITY><PROJSTAGEENTITY><LANGUAGE>el-GR</LANGUAGE><STAGE>Υπολογιζόμενο</STAGE><STATUS>Estimated</STATUS></PROJSTAGEENTITY><PROJSTAGEENTITY><LANGUAGE>el-GR</LANGUAGE><STAGE>Προγραμματισμένο</STAGE><STATUS>Scheduled</STATUS></PROJSTAGEENTITY><PROJSTAGEENTITY><LANGUAGE>el-GR</LANGUAGE><STAGE>Σε εξέλιξη</STAGE><STATUS>InProcess</STATUS></PROJSTAGEENTITY><PROJSTAGEENTITY><LANGUAGE>el-GR</LANGUAGE><STAGE>Ολοκληρώθηκε</STAGE><STATUS>Completed</STATUS></PROJSTAGEENTITY><PROJSTAGEENTITY><LANGUAGE>el-GR</LANGUAGE><STAGE>Καθοριζόμενη από τον χρήστη κα</STAGE><STATUS>User1</STATUS></PROJSTAGEENTITY><PROJSTAGEENTITY><LANGUAGE>el-GR</LANGUAGE><STAGE>Καθοριζόμενη από τον χρήστη κα</STAGE><STATUS>User2</STATUS></PROJSTAGEENTITY><PROJSTAGEENTITY><LANGUAGE>el-GR</LANGUAGE><STAGE>Καθοριζόμενη από τον χρήστη κα</STAGE><STATUS>User3</STATUS></PROJSTAGEENTITY><PROJSTAGEENTITY><LANGUAGE>en-AU</LANGUAGE><STAGE>Created</STAGE><STATUS>Created</STATUS></PROJSTAGEENTITY><PROJSTAGEENTITY><LANGUAGE>en-AU</LANGUAGE><STAGE>Estimated</STAGE><STATUS>Estimated</STATUS></PROJSTAGEENTITY><PROJSTAGEENTITY><LANGUAGE>en-AU</LANGUAGE><STAGE>Scheduled</STAGE><STATUS>Scheduled</STATUS></PROJSTAGEENTITY><PROJSTAGEENTITY><LANGUAGE>en-AU</LANGUAGE><STAGE>In progress</STAGE><STATUS>InProcess</STATUS></PROJSTAGEENTITY><PROJSTAGEENTITY><LANGUAGE>en-AU</LANGUAGE><STAGE>Finished</STAGE><STATUS>Completed</STATUS></PROJSTAGEENTITY><PROJSTAGEENTITY><LANGUAGE>en-AU</LANGUAGE><STAGE>User defined status 1</STAGE><STATUS>User1</STATUS></PROJSTAGEENTITY><PROJSTAGEENTITY><LANGUAGE>en-AU</LANGUAGE><STAGE>User defined status 2</STAGE><STATUS>User2</STATUS></PROJSTAGEENTITY><PROJSTAGEENTITY><LANGUAGE>en-AU</LANGUAGE><STAGE>User defined status 3</STAGE><STATUS>User3</STATUS></PROJSTAGEENTITY><PROJSTAGEENTITY><LANGUAGE>en-CA</LANGUAGE><STAGE>Created</STAGE><STATUS>Created</STATUS></PROJSTAGEENTITY><PROJSTAGEENTITY><LANGUAGE>en-CA</LANGUAGE><STAGE>Estimated</STAGE><STATUS>Estimated</STATUS></PROJSTAGEENTITY><PROJSTAGEENTITY><LANGUAGE>en-CA</LANGUAGE><STAGE>Scheduled</STAGE><STATUS>Scheduled</STATUS></PROJSTAGEENTITY><PROJSTAGEENTITY><LANGUAGE>en-CA</LANGUAGE><STAGE>In process</STAGE><STATUS>InProcess</STATUS></PROJSTAGEENTITY><PROJSTAGEENTITY><LANGUAGE>en-CA</LANGUAGE><STAGE>Finished</STAGE><STATUS>Completed</STATUS></PROJSTAGEENTITY><PROJSTAGEENTITY><LANGUAGE>en-CA</LANGUAGE><STAGE>User defined status 1</STAGE><STATUS>User1</STATUS></PROJSTAGEENTITY><PROJSTAGEENTITY><LANGUAGE>en-CA</LANGUAGE><STAGE>User defined status 2</STAGE><STATUS>User2</STATUS></PROJSTAGEENTITY><PROJSTAGEENTITY><LANGUAGE>en-CA</LANGUAGE><STAGE>User defined status 3</STAGE><STATUS>User3</STATUS></PROJSTAGEENTITY><PROJSTAGEENTITY><LANGUAGE>en-GB</LANGUAGE><STAGE>Created</STAGE><STATUS>Created</STATUS></PROJSTAGEENTITY><PROJSTAGEENTITY><LANGUAGE>en-GB</LANGUAGE><STAGE>Estimated</STAGE><STATUS>Estimated</STATUS></PROJSTAGEENTITY><PROJSTAGEENTITY><LANGUAGE>en-GB</LANGUAGE><STAGE>Scheduled</STAGE><STATUS>Scheduled</STATUS></PROJSTAGEENTITY><PROJSTAGEENTITY><LANGUAGE>en-GB</LANGUAGE><STAGE>In progress</STAGE><STATUS>InProcess</STATUS></PROJSTAGEENTITY><PROJSTAGEENTITY><LANGUAGE>en-GB</LANGUAGE><STAGE>Finished</STAGE><STATUS>Completed</STATUS></PROJSTAGEENTITY><PROJSTAGEENTITY><LANGUAGE>en-GB</LANGUAGE><STAGE>User defined status 1</STAGE><STATUS>User1</STATUS></PROJSTAGEENTITY><PROJSTAGEENTITY><LANGUAGE>en-GB</LANGUAGE><STAGE>User defined status 2</STAGE><STATUS>User2</STATUS></PROJSTAGEENTITY><PROJSTAGEENTITY><LANGUAGE>en-GB</LANGUAGE><STAGE>User defined status 3</STAGE><STATUS>User3</STATUS></PROJSTAGEENTITY><PROJSTAGEENTITY><LANGUAGE>en-HK</LANGUAGE><STAGE>Created</STAGE><STATUS>Created</STATUS></PROJSTAGEENTITY><PROJSTAGEENTITY><LANGUAGE>en-HK</LANGUAGE><STAGE>Estimated</STAGE><STATUS>Estimated</STATUS></PROJSTAGEENTITY><PROJSTAGEENTITY><LANGUAGE>en-HK</LANGUAGE><STAGE>Scheduled</STAGE><STATUS>Scheduled</STATUS></PROJSTAGEENTITY><PROJSTAGEENTITY><LANGUAGE>en-HK</LANGUAGE><STAGE>In process</STAGE><STATUS>InProcess</STATUS></PROJSTAGEENTITY><PROJSTAGEENTITY><LANGUAGE>en-HK</LANGUAGE><STAGE>Finished</STAGE><STATUS>Completed</STATUS></PROJSTAGEENTITY><PROJSTAGEENTITY><LANGUAGE>en-HK</LANGUAGE><STAGE>User defined status 1</STAGE><STATUS>User1</STATUS></PROJSTAGEENTITY><PROJSTAGEENTITY><LANGUAGE>en-HK</LANGUAGE><STAGE>User defined status 2</STAGE><STATUS>User2</STATUS></PROJSTAGEENTITY><PROJSTAGEENTITY><LANGUAGE>en-HK</LANGUAGE><STAGE>User defined status 3</STAGE><STATUS>User3</STATUS></PROJSTAGEENTITY><PROJSTAGEENTITY><LANGUAGE>en-IE</LANGUAGE><STAGE>Created</STAGE><STATUS>Created</STATUS></PROJSTAGEENTITY><PROJSTAGEENTITY><LANGUAGE>en-IE</LANGUAGE><STAGE>Estimated</STAGE><STATUS>Estimated</STATUS></PROJSTAGEENTITY><PROJSTAGEENTITY><LANGUAGE>en-IE</LANGUAGE><STAGE>Scheduled</STAGE><STATUS>Scheduled</STATUS></PROJSTAGEENTITY><PROJSTAGEENTITY><LANGUAGE>en-IE</LANGUAGE><STAGE>In progress</STAGE><STATUS>InProcess</STATUS></PROJSTAGEENTITY><PROJSTAGEENTITY><LANGUAGE>en-IE</LANGUAGE><STAGE>Finished</STAGE><STATUS>Completed</STATUS></PROJSTAGEENTITY><PROJSTAGEENTITY><LANGUAGE>en-IE</LANGUAGE><STAGE>User defined status 1</STAGE><STATUS>User1</STATUS></PROJSTAGEENTITY><PROJSTAGEENTITY><LANGUAGE>en-IE</LANGUAGE><STAGE>User defined status 2</STAGE><STATUS>User2</STATUS></PROJSTAGEENTITY><PROJSTAGEENTITY><LANGUAGE>en-IE</LANGUAGE><STAGE>User defined status 3</STAGE><STATUS>User3</STATUS></PROJSTAGEENTITY><PROJSTAGEENTITY><LANGUAGE>en-IN</LANGUAGE><STAGE>Created</STAGE><STATUS>Created</STATUS></PROJSTAGEENTITY><PROJSTAGEENTITY><LANGUAGE>en-IN</LANGUAGE><STAGE>Estimated</STAGE><STATUS>Estimated</STATUS></PROJSTAGEENTITY><PROJSTAGEENTITY><LANGUAGE>en-IN</LANGUAGE><STAGE>Scheduled</STAGE><STATUS>Scheduled</STATUS></PROJSTAGEENTITY><PROJSTAGEENTITY><LANGUAGE>en-IN</LANGUAGE><STAGE>In process</STAGE><STATUS>InProcess</STATUS></PROJSTAGEENTITY><PROJSTAGEENTITY><LANGUAGE>en-IN</LANGUAGE><STAGE>Finished</STAGE><STATUS>Completed</STATUS></PROJSTAGEENTITY><PROJSTAGEENTITY><LANGUAGE>en-IN</LANGUAGE><STAGE>User defined status 1</STAGE><STATUS>User1</STATUS></PROJSTAGEENTITY><PROJSTAGEENTITY><LANGUAGE>en-IN</LANGUAGE><STAGE>User defined status 2</STAGE><STATUS>User2</STATUS></PROJSTAGEENTITY><PROJSTAGEENTITY><LANGUAGE>en-IN</LANGUAGE><STAGE>User defined status 3</STAGE><STATUS>User3</STATUS></PROJSTAGEENTITY><PROJSTAGEENTITY><LANGUAGE>en-MT</LANGUAGE><STAGE>Created</STAGE><STATUS>Created</STATUS></PROJSTAGEENTITY><PROJSTAGEENTITY><LANGUAGE>en-MT</LANGUAGE><STAGE>Estimated</STAGE><STATUS>Estimated</STATUS></PROJSTAGEENTITY><PROJSTAGEENTITY><LANGUAGE>en-MT</LANGUAGE><STAGE>Scheduled</STAGE><STATUS>Scheduled</STATUS></PROJSTAGEENTITY><PROJSTAGEENTITY><LANGUAGE>en-MT</LANGUAGE><STAGE>In progress</STAGE><STATUS>InProcess</STATUS></PROJSTAGEENTITY><PROJSTAGEENTITY><LANGUAGE>en-MT</LANGUAGE><STAGE>Finished</STAGE><STATUS>Completed</STATUS></PROJSTAGEENTITY><PROJSTAGEENTITY><LANGUAGE>en-MT</LANGUAGE><STAGE>User defined status 1</STAGE><STATUS>User1</STATUS></PROJSTAGEENTITY><PROJSTAGEENTITY><LANGUAGE>en-MT</LANGUAGE><STAGE>User defined status 2</STAGE><STATUS>User2</STATUS></PROJSTAGEENTITY><PROJSTAGEENTITY><LANGUAGE>en-MT</LANGUAGE><STAGE>User defined status 3</STAGE><STATUS>User3</STATUS></PROJSTAGEENTITY><PROJSTAGEENTITY><LANGUAGE>en-MY</LANGUAGE><STAGE>Created</STAGE><STATUS>Created</STATUS></PROJSTAGEENTITY><PROJSTAGEENTITY><LANGUAGE>en-MY</LANGUAGE><STAGE>Estimated</STAGE><STATUS>Estimated</STATUS></PROJSTAGEENTITY><PROJSTAGEENTITY><LANGUAGE>en-MY</LANGUAGE><STAGE>Scheduled</STAGE><STATUS>Scheduled</STATUS></PROJSTAGEENTITY><PROJSTAGEENTITY><LANGUAGE>en-MY</LANGUAGE><STAGE>In process</STAGE><STATUS>InProcess</STATUS></PROJSTAGEENTITY><PROJSTAGEENTITY><LANGUAGE>en-MY</LANGUAGE><STAGE>Finished</STAGE><STATUS>Completed</STATUS></PROJSTAGEENTITY><PROJSTAGEENTITY><LANGUAGE>en-MY</LANGUAGE><STAGE>User defined status 1</STAGE><STATUS>User1</STATUS></PROJSTAGEENTITY><PROJSTAGEENTITY><LANGUAGE>en-MY</LANGUAGE><STAGE>User defined status 2</STAGE><STATUS>User2</STATUS></PROJSTAGEENTITY><PROJSTAGEENTITY><LANGUAGE>en-MY</LANGUAGE><STAGE>User defined status 3</STAGE><STATUS>User3</STATUS></PROJSTAGEENTITY><PROJSTAGEENTITY><LANGUAGE>en-NZ</LANGUAGE><STAGE>Created</STAGE><STATUS>Created</STATUS></PROJSTAGEENTITY><PROJSTAGEENTITY><LANGUAGE>en-NZ</LANGUAGE><STAGE>Estimated</STAGE><STATUS>Estimated</STATUS></PROJSTAGEENTITY><PROJSTAGEENTITY><LANGUAGE>en-NZ</LANGUAGE><STAGE>Scheduled</STAGE><STATUS>Scheduled</STATUS></PROJSTAGEENTITY><PROJSTAGEENTITY><LANGUAGE>en-NZ</LANGUAGE><STAGE>In progress</STAGE><STATUS>InProcess</STATUS></PROJSTAGEENTITY><PROJSTAGEENTITY><LANGUAGE>en-NZ</LANGUAGE><STAGE>Finished</STAGE><STATUS>Completed</STATUS></PROJSTAGEENTITY><PROJSTAGEENTITY><LANGUAGE>en-NZ</LANGUAGE><STAGE>User defined status 1</STAGE><STATUS>User1</STATUS></PROJSTAGEENTITY><PROJSTAGEENTITY><LANGUAGE>en-NZ</LANGUAGE><STAGE>User defined status 2</STAGE><STATUS>User2</STATUS></PROJSTAGEENTITY><PROJSTAGEENTITY><LANGUAGE>en-NZ</LANGUAGE><STAGE>User defined status 3</STAGE><STATUS>User3</STATUS></PROJSTAGEENTITY><PROJSTAGEENTITY><LANGUAGE>en-PH</LANGUAGE><STAGE>Created</STAGE><STATUS>Created</STATUS></PROJSTAGEENTITY><PROJSTAGEENTITY><LANGUAGE>en-PH</LANGUAGE><STAGE>Estimated</STAGE><STATUS>Estimated</STATUS></PROJSTAGEENTITY><PROJSTAGEENTITY><LANGUAGE>en-PH</LANGUAGE><STAGE>Scheduled</STAGE><STATUS>Scheduled</STATUS></PROJSTAGEENTITY><PROJSTAGEENTITY><LANGUAGE>en-PH</LANGUAGE><STAGE>In process</STAGE><STATUS>InProcess</STATUS></PROJSTAGEENTITY><PROJSTAGEENTITY><LANGUAGE>en-PH</LANGUAGE><STAGE>Finished</STAGE><STATUS>Completed</STATUS></PROJSTAGEENTITY><PROJSTAGEENTITY><LANGUAGE>en-PH</LANGUAGE><STAGE>User defined status 1</STAGE><STATUS>User1</STATUS></PROJSTAGEENTITY><PROJSTAGEENTITY><LANGUAGE>en-PH</LANGUAGE><STAGE>User defined status 2</STAGE><STATUS>User2</STATUS></PROJSTAGEENTITY><PROJSTAGEENTITY><LANGUAGE>en-PH</LANGUAGE><STAGE>User defined status 3</STAGE><STATUS>User3</STATUS></PROJSTAGEENTITY><PROJSTAGEENTITY><LANGUAGE>en-PK</LANGUAGE><STAGE>Created</STAGE><STATUS>Created</STATUS></PROJSTAGEENTITY><PROJSTAGEENTITY><LANGUAGE>en-PK</LANGUAGE><STAGE>Estimated</STAGE><STATUS>Estimated</STATUS></PROJSTAGEENTITY><PROJSTAGEENTITY><LANGUAGE>en-PK</LANGUAGE><STAGE>Scheduled</STAGE><STATUS>Scheduled</STATUS></PROJSTAGEENTITY><PROJSTAGEENTITY><LANGUAGE>en-PK</LANGUAGE><STAGE>In process</STAGE><STATUS>InProcess</STATUS></PROJSTAGEENTITY><PROJSTAGEENTITY><LANGUAGE>en-PK</LANGUAGE><STAGE>Finished</STAGE><STATUS>Completed</STATUS></PROJSTAGEENTITY><PROJSTAGEENTITY><LANGUAGE>en-PK</LANGUAGE><STAGE>User defined status 1</STAGE><STATUS>User1</STATUS></PROJSTAGEENTITY><PROJSTAGEENTITY><LANGUAGE>en-PK</LANGUAGE><STAGE>User defined status 2</STAGE><STATUS>User2</STATUS></PROJSTAGEENTITY><PROJSTAGEENTITY><LANGUAGE>en-PK</LANGUAGE><STAGE>User defined status 3</STAGE><STATUS>User3</STATUS></PROJSTAGEENTITY><PROJSTAGEENTITY><LANGUAGE>en-SG</LANGUAGE><STAGE>Created</STAGE><STATUS>Created</STATUS></PROJSTAGEENTITY><PROJSTAGEENTITY><LANGUAGE>en-SG</LANGUAGE><STAGE>Estimated</STAGE><STATUS>Estimated</STATUS></PROJSTAGEENTITY><PROJSTAGEENTITY><LANGUAGE>en-SG</LANGUAGE><STAGE>Scheduled</STAGE><STATUS>Scheduled</STATUS></PROJSTAGEENTITY><PROJSTAGEENTITY><LANGUAGE>en-SG</LANGUAGE><STAGE>In process</STAGE><STATUS>InProcess</STATUS></PROJSTAGEENTITY><PROJSTAGEENTITY><LANGUAGE>en-SG</LANGUAGE><STAGE>Finished</STAGE><STATUS>Completed</STATUS></PROJSTAGEENTITY><PROJSTAGEENTITY><LANGUAGE>en-SG</LANGUAGE><STAGE>User defined status 1</STAGE><STATUS>User1</STATUS></PROJSTAGEENTITY><PROJSTAGEENTITY><LANGUAGE>en-SG</LANGUAGE><STAGE>User defined status 2</STAGE><STATUS>User2</STATUS></PROJSTAGEENTITY><PROJSTAGEENTITY><LANGUAGE>en-SG</LANGUAGE><STAGE>User defined status 3</STAGE><STATUS>User3</STATUS></PROJSTAGEENTITY><PROJSTAGEENTITY><LANGUAGE>en-US</LANGUAGE><STAGE>Created</STAGE><STATUS>Created</STATUS></PROJSTAGEENTITY><PROJSTAGEENTITY><LANGUAGE>en-US</LANGUAGE><STAGE>Estimated</STAGE><STATUS>Estimated</STATUS></PROJSTAGEENTITY><PROJSTAGEENTITY><LANGUAGE>en-US</LANGUAGE><STAGE>Scheduled</STAGE><STATUS>Scheduled</STATUS></PROJSTAGEENTITY><PROJSTAGEENTITY><LANGUAGE>en-US</LANGUAGE><STAGE>In process</STAGE><STATUS>InProcess</STATUS></PROJSTAGEENTITY><PROJSTAGEENTITY><LANGUAGE>en-US</LANGUAGE><STAGE>Finished</STAGE><STATUS>Completed</STATUS></PROJSTAGEENTITY><PROJSTAGEENTITY><LANGUAGE>en-US</LANGUAGE><STAGE>User defined status 1</STAGE><STATUS>User1</STATUS></PROJSTAGEENTITY><PROJSTAGEENTITY><LANGUAGE>en-US</LANGUAGE><STAGE>User defined status 2</STAGE><STATUS>User2</STATUS></PROJSTAGEENTITY><PROJSTAGEENTITY><LANGUAGE>en-US</LANGUAGE><STAGE>User defined status 3</STAGE><STATUS>User3</STATUS></PROJSTAGEENTITY><PROJSTAGEENTITY><LANGUAGE>en-ZA</LANGUAGE><STAGE>Created</STAGE><STATUS>Created</STATUS></PROJSTAGEENTITY><PROJSTAGEENTITY><LANGUAGE>en-ZA</LANGUAGE><STAGE>Estimated</STAGE><STATUS>Estimated</STATUS></PROJSTAGEENTITY><PROJSTAGEENTITY><LANGUAGE>en-ZA</LANGUAGE><STAGE>Scheduled</STAGE><STATUS>Scheduled</STATUS></PROJSTAGEENTITY><PROJSTAGEENTITY><LANGUAGE>en-ZA</LANGUAGE><STAGE>In progress</STAGE><STATUS>InProcess</STATUS></PROJSTAGEENTITY><PROJSTAGEENTITY><LANGUAGE>en-ZA</LANGUAGE><STAGE>Finished</STAGE><STATUS>Completed</STATUS></PROJSTAGEENTITY><PROJSTAGEENTITY><LANGUAGE>en-ZA</LANGUAGE><STAGE>User defined status 1</STAGE><STATUS>User1</STATUS></PROJSTAGEENTITY><PROJSTAGEENTITY><LANGUAGE>en-ZA</LANGUAGE><STAGE>User defined status 2</STAGE><STATUS>User2</STATUS></PROJSTAGEENTITY><PROJSTAGEENTITY><LANGUAGE>en-ZA</LANGUAGE><STAGE>User defined status 3</STAGE><STATUS>User3</STATUS></PROJSTAGEENTITY><PROJSTAGEENTITY><LANGUAGE>es</LANGUAGE><STAGE>Creado</STAGE><STATUS>Created</STATUS></PROJSTAGEENTITY><PROJSTAGEENTITY><LANGUAGE>es</LANGUAGE><STAGE>Estimado</STAGE><STATUS>Estimated</STATUS></PROJSTAGEENTITY><PROJSTAGEENTITY><LANGUAGE>es</LANGUAGE><STAGE>Programado</STAGE><STATUS>Scheduled</STATUS></PROJSTAGEENTITY><PROJSTAGEENTITY><LANGUAGE>es</LANGUAGE><STAGE>En proceso</STAGE><STATUS>InProcess</STATUS></PROJSTAGEENTITY><PROJSTAGEENTITY><LANGUAGE>es</LANGUAGE><STAGE>Finalizado</STAGE><STATUS>Completed</STATUS></PROJSTAGEENTITY><PROJSTAGEENTITY><LANGUAGE>es</LANGUAGE><STAGE>Estado definido por el usuario</STAGE><STATUS>User1</STATUS></PROJSTAGEENTITY><PROJSTAGEENTITY><LANGUAGE>es</LANGUAGE><STAGE>Estado definido por el usuario</STAGE><STATUS>User2</STATUS></PROJSTAGEENTITY><PROJSTAGEENTITY><LANGUAGE>es</LANGUAGE><STAGE>Estado definido por el usuario</STAGE><STATUS>User3</STATUS></PROJSTAGEENTITY><PROJSTAGEENTITY><LANGUAGE>es-AR</LANGUAGE><STAGE>Creado</STAGE><STATUS>Created</STATUS></PROJSTAGEENTITY><PROJSTAGEENTITY><LANGUAGE>es-AR</LANGUAGE><STAGE>Estimado</STAGE><STATUS>Estimated</STATUS></PROJSTAGEENTITY><PROJSTAGEENTITY><LANGUAGE>es-AR</LANGUAGE><STAGE>Programado</STAGE><STATUS>Scheduled</STATUS></PROJSTAGEENTITY><PROJSTAGEENTITY><LANGUAGE>es-AR</LANGUAGE><STAGE>En proceso</STAGE><STATUS>InProcess</STATUS></PROJSTAGEENTITY><PROJSTAGEENTITY><LANGUAGE>es-AR</LANGUAGE><STAGE>Finalizado</STAGE><STATUS>Completed</STATUS></PROJSTAGEENTITY><PROJSTAGEENTITY><LANGUAGE>es-AR</LANGUAGE><STAGE>Estado definido por el usuario</STAGE><STATUS>User1</STATUS></PROJSTAGEENTITY><PROJSTAGEENTITY><LANGUAGE>es-AR</LANGUAGE><STAGE>Estado definido por el usuario</STAGE><STATUS>User2</STATUS></PROJSTAGEENTITY><PROJSTAGEENTITY><LANGUAGE>es-AR</LANGUAGE><STAGE>Estado definido por el usuario</STAGE><STATUS>User3</STATUS></PROJSTAGEENTITY><PROJSTAGEENTITY><LANGUAGE>es-BO</LANGUAGE><STAGE>Creado</STAGE><STATUS>Created</STATUS></PROJSTAGEENTITY><PROJSTAGEENTITY><LANGUAGE>es-BO</LANGUAGE><STAGE>Estimado</STAGE><STATUS>Estimated</STATUS></PROJSTAGEENTITY><PROJSTAGEENTITY><LANGUAGE>es-BO</LANGUAGE><STAGE>Programado</STAGE><STATUS>Scheduled</STATUS></PROJSTAGEENTITY><PROJSTAGEENTITY><LANGUAGE>es-BO</LANGUAGE><STAGE>En proceso</STAGE><STATUS>InProcess</STATUS></PROJSTAGEENTITY><PROJSTAGEENTITY><LANGUAGE>es-BO</LANGUAGE><STAGE>Finalizado</STAGE><STATUS>Completed</STATUS></PROJSTAGEENTITY><PROJSTAGEENTITY><LANGUAGE>es-BO</LANGUAGE><STAGE>Estado definido por el usuario</STAGE><STATUS>User1</STATUS></PROJSTAGEENTITY><PROJSTAGEENTITY><LANGUAGE>es-BO</LANGUAGE><STAGE>Estado definido por el usuario</STAGE><STATUS>User2</STATUS></PROJSTAGEENTITY><PROJSTAGEENTITY><LANGUAGE>es-BO</LANGUAGE><STAGE>Estado definido por el usuario</STAGE><STATUS>User3</STATUS></PROJSTAGEENTITY><PROJSTAGEENTITY><LANGUAGE>es-CL</LANGUAGE><STAGE>Creado</STAGE><STATUS>Created</STATUS></PROJSTAGEENTITY><PROJSTAGEENTITY><LANGUAGE>es-CL</LANGUAGE><STAGE>Estimado</STAGE><STATUS>Estimated</STATUS></PROJSTAGEENTITY><PROJSTAGEENTITY><LANGUAGE>es-CL</LANGUAGE><STAGE>Programado</STAGE><STATUS>Scheduled</STATUS></PROJSTAGEENTITY><PROJSTAGEENTITY><LANGUAGE>es-CL</LANGUAGE><STAGE>En proceso</STAGE><STATUS>InProcess</STATUS></PROJSTAGEENTITY><PROJSTAGEENTITY><LANGUAGE>es-CL</LANGUAGE><STAGE>Finalizado</STAGE><STATUS>Completed</STATUS></PROJSTAGEENTITY><PROJSTAGEENTITY><LANGUAGE>es-CL</LANGUAGE><STAGE>Estado definido por el usuario</STAGE><STATUS>User1</STATUS></PROJSTAGEENTITY><PROJSTAGEENTITY><LANGUAGE>es-CL</LANGUAGE><STAGE>Estado definido por el usuario</STAGE><STATUS>User2</STATUS></PROJSTAGEENTITY><PROJSTAGEENTITY><LANGUAGE>es-CL</LANGUAGE><STAGE>Estado definido por el usuario</STAGE><STATUS>User3</STATUS></PROJSTAGEENTITY><PROJSTAGEENTITY><LANGUAGE>es-CO</LANGUAGE><STAGE>Creado</STAGE><STATUS>Created</STATUS></PROJSTAGEENTITY><PROJSTAGEENTITY><LANGUAGE>es-CO</LANGUAGE><STAGE>Estimado</STAGE><STATUS>Estimated</STATUS></PROJSTAGEENTITY><PROJSTAGEENTITY><LANGUAGE>es-CO</LANGUAGE><STAGE>Programado</STAGE><STATUS>Scheduled</STATUS></PROJSTAGEENTITY><PROJSTAGEENTITY><LANGUAGE>es-CO</LANGUAGE><STAGE>En proceso</STAGE><STATUS>InProcess</STATUS></PROJSTAGEENTITY><PROJSTAGEENTITY><LANGUAGE>es-CO</LANGUAGE><STAGE>Finalizado</STAGE><STATUS>Completed</STATUS></PROJSTAGEENTITY><PROJSTAGEENTITY><LANGUAGE>es-CO</LANGUAGE><STAGE>Estado definido por el usuario</STAGE><STATUS>User1</STATUS></PROJSTAGEENTITY><PROJSTAGEENTITY><LANGUAGE>es-CO</LANGUAGE><STAGE>Estado definido por el usuario</STAGE><STATUS>User2</STATUS></PROJSTAGEENTITY><PROJSTAGEENTITY><LANGUAGE>es-CO</LANGUAGE><STAGE>Estado definido por el usuario</STAGE><STATUS>User3</STATUS></PROJSTAGEENTITY><PROJSTAGEENTITY><LANGUAGE>es-CR</LANGUAGE><STAGE>Creado</STAGE><STATUS>Created</STATUS></PROJSTAGEENTITY><PROJSTAGEENTITY><LANGUAGE>es-CR</LANGUAGE><STAGE>Estimado</STAGE><STATUS>Estimated</STATUS></PROJSTAGEENTITY><PROJSTAGEENTITY><LANGUAGE>es-CR</LANGUAGE><STAGE>Programado</STAGE><STATUS>Scheduled</STATUS></PROJSTAGEENTITY><PROJSTAGEENTITY><LANGUAGE>es-CR</LANGUAGE><STAGE>En proceso</STAGE><STATUS>InProcess</STATUS></PROJSTAGEENTITY><PROJSTAGEENTITY><LANGUAGE>es-CR</LANGUAGE><STAGE>Finalizado</STAGE><STATUS>Completed</STATUS></PROJSTAGEENTITY><PROJSTAGEENTITY><LANGUAGE>es-CR</LANGUAGE><STAGE>Estado definido por el usuario</STAGE><STATUS>User1</STATUS></PROJSTAGEENTITY><PROJSTAGEENTITY><LANGUAGE>es-CR</LANGUAGE><STAGE>Estado definido por el usuario</STAGE><STATUS>User2</STATUS></PROJSTAGEENTITY><PROJSTAGEENTITY><LANGUAGE>es-CR</LANGUAGE><STAGE>Estado definido por el usuario</STAGE><STATUS>User3</STATUS></PROJSTAGEENTITY><PROJSTAGEENTITY><LANGUAGE>es-DO</LANGUAGE><STAGE>Creado</STAGE><STATUS>Created</STATUS></PROJSTAGEENTITY><PROJSTAGEENTITY><LANGUAGE>es-DO</LANGUAGE><STAGE>Estimado</STAGE><STATUS>Estimated</STATUS></PROJSTAGEENTITY><PROJSTAGEENTITY><LANGUAGE>es-DO</LANGUAGE><STAGE>Programado</STAGE><STATUS>Scheduled</STATUS></PROJSTAGEENTITY><PROJSTAGEENTITY><LANGUAGE>es-DO</LANGUAGE><STAGE>En proceso</STAGE><STATUS>InProcess</STATUS></PROJSTAGEENTITY><PROJSTAGEENTITY><LANGUAGE>es-DO</LANGUAGE><STAGE>Finalizado</STAGE><STATUS>Completed</STATUS></PROJSTAGEENTITY><PROJSTAGEENTITY><LANGUAGE>es-DO</LANGUAGE><STAGE>Estado definido por el usuario</STAGE><STATUS>User1</STATUS></PROJSTAGEENTITY><PROJSTAGEENTITY><LANGUAGE>es-DO</LANGUAGE><STAGE>Estado definido por el usuario</STAGE><STATUS>User2</STATUS></PROJSTAGEENTITY><PROJSTAGEENTITY><LANGUAGE>es-DO</LANGUAGE><STAGE>Estado definido por el usuario</STAGE><STATUS>User3</STATUS></PROJSTAGEENTITY><PROJSTAGEENTITY><LANGUAGE>es-EC</LANGUAGE><STAGE>Creado</STAGE><STATUS>Created</STATUS></PROJSTAGEENTITY><PROJSTAGEENTITY><LANGUAGE>es-EC</LANGUAGE><STAGE>Estimado</STAGE><STATUS>Estimated</STATUS></PROJSTAGEENTITY><PROJSTAGEENTITY><LANGUAGE>es-EC</LANGUAGE><STAGE>Programado</STAGE><STATUS>Scheduled</STATUS></PROJSTAGEENTITY><PROJSTAGEENTITY><LANGUAGE>es-EC</LANGUAGE><STAGE>En proceso</STAGE><STATUS>InProcess</STATUS></PROJSTAGEENTITY><PROJSTAGEENTITY><LANGUAGE>es-EC</LANGUAGE><STAGE>Finalizado</STAGE><STATUS>Completed</STATUS></PROJSTAGEENTITY><PROJSTAGEENTITY><LANGUAGE>es-EC</LANGUAGE><STAGE>Estado definido por el usuario</STAGE><STATUS>User1</STATUS></PROJSTAGEENTITY><PROJSTAGEENTITY><LANGUAGE>es-EC</LANGUAGE><STAGE>Estado definido por el usuario</STAGE><STATUS>User2</STATUS></PROJSTAGEENTITY><PROJSTAGEENTITY><LANGUAGE>es-EC</LANGUAGE><STAGE>Estado definido por el usuario</STAGE><STATUS>User3</STATUS></PROJSTAGEENTITY><PROJSTAGEENTITY><LANGUAGE>es-GT</LANGUAGE><STAGE>Creado</STAGE><STATUS>Created</STATUS></PROJSTAGEENTITY><PROJSTAGEENTITY><LANGUAGE>es-GT</LANGUAGE><STAGE>Estimado</STAGE><STATUS>Estimated</STATUS></PROJSTAGEENTITY><PROJSTAGEENTITY><LANGUAGE>es-GT</LANGUAGE><STAGE>Programado</STAGE><STATUS>Scheduled</STATUS></PROJSTAGEENTITY><PROJSTAGEENTITY><LANGUAGE>es-GT</LANGUAGE><STAGE>En proceso</STAGE><STATUS>InProcess</STATUS></PROJSTAGEENTITY><PROJSTAGEENTITY><LANGUAGE>es-GT</LANGUAGE><STAGE>Finalizado</STAGE><STATUS>Completed</STATUS></PROJSTAGEENTITY><PROJSTAGEENTITY><LANGUAGE>es-GT</LANGUAGE><STAGE>Estado definido por el usuario</STAGE><STATUS>User1</STATUS></PROJSTAGEENTITY><PROJSTAGEENTITY><LANGUAGE>es-GT</LANGUAGE><STAGE>Estado definido por el usuario</STAGE><STATUS>User2</STATUS></PROJSTAGEENTITY><PROJSTAGEENTITY><LANGUAGE>es-GT</LANGUAGE><STAGE>Estado definido por el usuario</STAGE><STATUS>User3</STATUS></PROJSTAGEENTITY><PROJSTAGEENTITY><LANGUAGE>es-MX</LANGUAGE><STAGE>Creado</STAGE><STATUS>Created</STATUS></PROJSTAGEENTITY><PROJSTAGEENTITY><LANGUAGE>es-MX</LANGUAGE><STAGE>Estimado</STAGE><STATUS>Estimated</STATUS></PROJSTAGEENTITY><PROJSTAGEENTITY><LANGUAGE>es-MX</LANGUAGE><STAGE>Programado</STAGE><STATUS>Scheduled</STATUS></PROJSTAGEENTITY><PROJSTAGEENTITY><LANGUAGE>es-MX</LANGUAGE><STAGE>En proceso</STAGE><STATUS>InProcess</STATUS></PROJSTAGEENTITY><PROJSTAGEENTITY><LANGUAGE>es-MX</LANGUAGE><STAGE>Finalizado</STAGE><STATUS>Completed</STATUS></PROJSTAGEENTITY><PROJSTAGEENTITY><LANGUAGE>es-MX</LANGUAGE><STAGE>Estado definido por el usuario</STAGE><STATUS>User1</STATUS></PROJSTAGEENTITY><PROJSTAGEENTITY><LANGUAGE>es-MX</LANGUAGE><STAGE>Estado definido por el usuario</STAGE><STATUS>User2</STATUS></PROJSTAGEENTITY><PROJSTAGEENTITY><LANGUAGE>es-MX</LANGUAGE><STAGE>Estado definido por el usuario</STAGE><STATUS>User3</STATUS></PROJSTAGEENTITY><PROJSTAGEENTITY><LANGUAGE>es-NI</LANGUAGE><STAGE>Creado</STAGE><STATUS>Created</STATUS></PROJSTAGEENTITY><PROJSTAGEENTITY><LANGUAGE>es-NI</LANGUAGE><STAGE>Estimado</STAGE><STATUS>Estimated</STATUS></PROJSTAGEENTITY><PROJSTAGEENTITY><LANGUAGE>es-NI</LANGUAGE><STAGE>Programado</STAGE><STATUS>Scheduled</STATUS></PROJSTAGEENTITY><PROJSTAGEENTITY><LANGUAGE>es-NI</LANGUAGE><STAGE>En proceso</STAGE><STATUS>InProcess</STATUS></PROJSTAGEENTITY><PROJSTAGEENTITY><LANGUAGE>es-NI</LANGUAGE><STAGE>Finalizado</STAGE><STATUS>Completed</STATUS></PROJSTAGEENTITY><PROJSTAGEENTITY><LANGUAGE>es-NI</LANGUAGE><STAGE>Estado definido por el usuario</STAGE><STATUS>User1</STATUS></PROJSTAGEENTITY><PROJSTAGEENTITY><LANGUAGE>es-NI</LANGUAGE><STAGE>Estado definido por el usuario</STAGE><STATUS>User2</STATUS></PROJSTAGEENTITY><PROJSTAGEENTITY><LANGUAGE>es-NI</LANGUAGE><STAGE>Estado definido por el usuario</STAGE><STATUS>User3</STATUS></PROJSTAGEENTITY><PROJSTAGEENTITY><LANGUAGE>es-PA</LANGUAGE><STAGE>Creado</STAGE><STATUS>Created</STATUS></PROJSTAGEENTITY><PROJSTAGEENTITY><LANGUAGE>es-PA</LANGUAGE><STAGE>Estimado</STAGE><STATUS>Estimated</STATUS></PROJSTAGEENTITY><PROJSTAGEENTITY><LANGUAGE>es-PA</LANGUAGE><STAGE>Programado</STAGE><STATUS>Scheduled</STATUS></PROJSTAGEENTITY><PROJSTAGEENTITY><LANGUAGE>es-PA</LANGUAGE><STAGE>En proceso</STAGE><STATUS>InProcess</STATUS></PROJSTAGEENTITY><PROJSTAGEENTITY><LANGUAGE>es-PA</LANGUAGE><STAGE>Finalizado</STAGE><STATUS>Completed</STATUS></PROJSTAGEENTITY><PROJSTAGEENTITY><LANGUAGE>es-PA</LANGUAGE><STAGE>Estado definido por el usuario</STAGE><STATUS>User1</STATUS></PROJSTAGEENTITY><PROJSTAGEENTITY><LANGUAGE>es-PA</LANGUAGE><STAGE>Estado definido por el usuario</STAGE><STATUS>User2</STATUS></PROJSTAGEENTITY><PROJSTAGEENTITY><LANGUAGE>es-PA</LANGUAGE><STAGE>Estado definido por el usuario</STAGE><STATUS>User3</STATUS></PROJSTAGEENTITY><PROJSTAGEENTITY><LANGUAGE>es-PE</LANGUAGE><STAGE>Creado</STAGE><STATUS>Created</STATUS></PROJSTAGEENTITY><PROJSTAGEENTITY><LANGUAGE>es-PE</LANGUAGE><STAGE>Estimado</STAGE><STATUS>Estimated</STATUS></PROJSTAGEENTITY><PROJSTAGEENTITY><LANGUAGE>es-PE</LANGUAGE><STAGE>Programado</STAGE><STATUS>Scheduled</STATUS></PROJSTAGEENTITY><PROJSTAGEENTITY><LANGUAGE>es-PE</LANGUAGE><STAGE>En proceso</STAGE><STATUS>InProcess</STATUS></PROJSTAGEENTITY><PROJSTAGEENTITY><LANGUAGE>es-PE</LANGUAGE><STAGE>Finalizado</STAGE><STATUS>Completed</STATUS></PROJSTAGEENTITY><PROJSTAGEENTITY><LANGUAGE>es-PE</LANGUAGE><STAGE>Estado definido por el usuario</STAGE><STATUS>User1</STATUS></PROJSTAGEENTITY><PROJSTAGEENTITY><LANGUAGE>es-PE</LANGUAGE><STAGE>Estado definido por el usuario</STAGE><STATUS>User2</STATUS></PROJSTAGEENTITY><PROJSTAGEENTITY><LANGUAGE>es-PE</LANGUAGE><STAGE>Estado definido por el usuario</STAGE><STATUS>User3</STATUS></PROJSTAGEENTITY><PROJSTAGEENTITY><LANGUAGE>es-PY</LANGUAGE><STAGE>Creado</STAGE><STATUS>Created</STATUS></PROJSTAGEENTITY><PROJSTAGEENTITY><LANGUAGE>es-PY</LANGUAGE><STAGE>Estimado</STAGE><STATUS>Estimated</STATUS></PROJSTAGEENTITY><PROJSTAGEENTITY><LANGUAGE>es-PY</LANGUAGE><STAGE>Programado</STAGE><STATUS>Scheduled</STATUS></PROJSTAGEENTITY><PROJSTAGEENTITY><LANGUAGE>es-PY</LANGUAGE><STAGE>En proceso</STAGE><STATUS>InProcess</STATUS></PROJSTAGEENTITY><PROJSTAGEENTITY><LANGUAGE>es-PY</LANGUAGE><STAGE>Finalizado</STAGE><STATUS>Completed</STATUS></PROJSTAGEENTITY><PROJSTAGEENTITY><LANGUAGE>es-PY</LANGUAGE><STAGE>Estado definido por el usuario</STAGE><STATUS>User1</STATUS></PROJSTAGEENTITY><PROJSTAGEENTITY><LANGUAGE>es-PY</LANGUAGE><STAGE>Estado definido por el usuario</STAGE><STATUS>User2</STATUS></PROJSTAGEENTITY><PROJSTAGEENTITY><LANGUAGE>es-PY</LANGUAGE><STAGE>Estado definido por el usuario</STAGE><STATUS>User3</STATUS></PROJSTAGEENTITY><PROJSTAGEENTITY><LANGUAGE>es-UY</LANGUAGE><STAGE>Creado</STAGE><STATUS>Created</STATUS></PROJSTAGEENTITY><PROJSTAGEENTITY><LANGUAGE>es-UY</LANGUAGE><STAGE>Estimado</STAGE><STATUS>Estimated</STATUS></PROJSTAGEENTITY><PROJSTAGEENTITY><LANGUAGE>es-UY</LANGUAGE><STAGE>Programado</STAGE><STATUS>Scheduled</STATUS></PROJSTAGEENTITY><PROJSTAGEENTITY><LANGUAGE>es-UY</LANGUAGE><STAGE>En proceso</STAGE><STATUS>InProcess</STATUS></PROJSTAGEENTITY><PROJSTAGEENTITY><LANGUAGE>es-UY</LANGUAGE><STAGE>Finalizado</STAGE><STATUS>Completed</STATUS></PROJSTAGEENTITY><PROJSTAGEENTITY><LANGUAGE>es-UY</LANGUAGE><STAGE>Estado definido por el usuario</STAGE><STATUS>User1</STATUS></PROJSTAGEENTITY><PROJSTAGEENTITY><LANGUAGE>es-UY</LANGUAGE><STAGE>Estado definido por el usuario</STAGE><STATUS>User2</STATUS></PROJSTAGEENTITY><PROJSTAGEENTITY><LANGUAGE>es-UY</LANGUAGE><STAGE>Estado definido por el usuario</STAGE><STATUS>User3</STATUS></PROJSTAGEENTITY><PROJSTAGEENTITY><LANGUAGE>es-VE</LANGUAGE><STAGE>Creado</STAGE><STATUS>Created</STATUS></PROJSTAGEENTITY><PROJSTAGEENTITY><LANGUAGE>es-VE</LANGUAGE><STAGE>Estimado</STAGE><STATUS>Estimated</STATUS></PROJSTAGEENTITY><PROJSTAGEENTITY><LANGUAGE>es-VE</LANGUAGE><STAGE>Programado</STAGE><STATUS>Scheduled</STATUS></PROJSTAGEENTITY><PROJSTAGEENTITY><LANGUAGE>es-VE</LANGUAGE><STAGE>En proceso</STAGE><STATUS>InProcess</STATUS></PROJSTAGEENTITY><PROJSTAGEENTITY><LANGUAGE>es-VE</LANGUAGE><STAGE>Finalizado</STAGE><STATUS>Completed</STATUS></PROJSTAGEENTITY><PROJSTAGEENTITY><LANGUAGE>es-VE</LANGUAGE><STAGE>Estado definido por el usuario</STAGE><STATUS>User1</STATUS></PROJSTAGEENTITY><PROJSTAGEENTITY><LANGUAGE>es-VE</LANGUAGE><STAGE>Estado definido por el usuario</STAGE><STATUS>User2</STATUS></PROJSTAGEENTITY><PROJSTAGEENTITY><LANGUAGE>es-VE</LANGUAGE><STAGE>Estado definido por el usuario</STAGE><STATUS>User3</STATUS></PROJSTAGEENTITY><PROJSTAGEENTITY><LANGUAGE>et</LANGUAGE><STAGE>Loodud</STAGE><STATUS>Created</STATUS></PROJSTAGEENTITY><PROJSTAGEENTITY><LANGUAGE>et</LANGUAGE><STAGE>Hinnanguline</STAGE><STATUS>Estimated</STATUS></PROJSTAGEENTITY><PROJSTAGEENTITY><LANGUAGE>et</LANGUAGE><STAGE>Plaanitud</STAGE><STATUS>Scheduled</STATUS></PROJSTAGEENTITY><PROJSTAGEENTITY><LANGUAGE>et</LANGUAGE><STAGE>Pooleli</STAGE><STATUS>InProcess</STATUS></PROJSTAGEENTITY><PROJSTAGEENTITY><LANGUAGE>et</LANGUAGE><STAGE>Lõpetatud</STAGE><STATUS>Completed</STATUS></PROJSTAGEENTITY><PROJSTAGEENTITY><LANGUAGE>et</LANGUAGE><STAGE>Kasutaja määratletud olek 1</STAGE><STATUS>User1</STATUS></PROJSTAGEENTITY><PROJSTAGEENTITY><LANGUAGE>et</LANGUAGE><STAGE>Kasutaja määratletud olek 2</STAGE><STATUS>User2</STATUS></PROJSTAGEENTITY><PROJSTAGEENTITY><LANGUAGE>et</LANGUAGE><STAGE>Kasutaja määratletud olek 3</STAGE><STATUS>User3</STATUS></PROJSTAGEENTITY><PROJSTAGEENTITY><LANGUAGE>fi</LANGUAGE><STAGE>Luotu</STAGE><STATUS>Created</STATUS></PROJSTAGEENTITY><PROJSTAGEENTITY><LANGUAGE>fi</LANGUAGE><STAGE>Arvioitu</STAGE><STATUS>Estimated</STATUS></PROJSTAGEENTITY><PROJSTAGEENTITY><LANGUAGE>fi</LANGUAGE><STAGE>Ajastettu</STAGE><STATUS>Scheduled</STATUS></PROJSTAGEENTITY><PROJSTAGEENTITY><LANGUAGE>fi</LANGUAGE><STAGE>Käsittelyssä</STAGE><STATUS>InProcess</STATUS></PROJSTAGEENTITY><PROJSTAGEENTITY><LANGUAGE>fi</LANGUAGE><STAGE>Valmis</STAGE><STATUS>Completed</STATUS></PROJSTAGEENTITY><PROJSTAGEENTITY><LANGUAGE>fi</LANGUAGE><STAGE>Käyttäjän määrittämä tila 1</STAGE><STATUS>User1</STATUS></PROJSTAGEENTITY><PROJSTAGEENTITY><LANGUAGE>fi</LANGUAGE><STAGE>Käyttäjän määrittämä tila 2</STAGE><STATUS>User2</STATUS></PROJSTAGEENTITY><PROJSTAGEENTITY><LANGUAGE>fi</LANGUAGE><STAGE>Käyttäjän määrittämä tila 3</STAGE><STATUS>User3</STATUS></PROJSTAGEENTITY><PROJSTAGEENTITY><LANGUAGE>fr</LANGUAGE><STAGE>Créé</STAGE><STATUS>Created</STATUS></PROJSTAGEENTITY><PROJSTAGEENTITY><LANGUAGE>fr</LANGUAGE><STAGE>Estimé</STAGE><STATUS>Estimated</STATUS></PROJSTAGEENTITY><PROJSTAGEENTITY><LANGUAGE>fr</LANGUAGE><STAGE>Planifié</STAGE><STATUS>Scheduled</STATUS></PROJSTAGEENTITY><PROJSTAGEENTITY><LANGUAGE>fr</LANGUAGE><STAGE>En cours de traitement</STAGE><STATUS>InProcess</STATUS></PROJSTAGEENTITY><PROJSTAGEENTITY><LANGUAGE>fr</LANGUAGE><STAGE>Terminé</STAGE><STATUS>Completed</STATUS></PROJSTAGEENTITY><PROJSTAGEENTITY><LANGUAGE>fr</LANGUAGE><STAGE><![CDATA[Statut 1 défini par l'utilisat]]></STAGE><STATUS>User1</STATUS></PROJSTAGEENTITY><PROJSTAGEENTITY><LANGUAGE>fr</LANGUAGE><STAGE><![CDATA[Statut 2 défini par l'utilisat]]></STAGE><STATUS>User2</STATUS></PROJSTAGEENTITY><PROJSTAGEENTITY><LANGUAGE>fr</LANGUAGE><STAGE><![CDATA[Statut 3 défini par l'utilisat]]></STAGE><STATUS>User3</STATUS></PROJSTAGEENTITY><PROJSTAGEENTITY><LANGUAGE>fr-BE</LANGUAGE><STAGE>Créé</STAGE><STATUS>Created</STATUS></PROJSTAGEENTITY><PROJSTAGEENTITY><LANGUAGE>fr-BE</LANGUAGE><STAGE>Estimé</STAGE><STATUS>Estimated</STATUS></PROJSTAGEENTITY><PROJSTAGEENTITY><LANGUAGE>fr-BE</LANGUAGE><STAGE>Planifié</STAGE><STATUS>Scheduled</STATUS></PROJSTAGEENTITY><PROJSTAGEENTITY><LANGUAGE>fr-BE</LANGUAGE><STAGE>En cours de traitement</STAGE><STATUS>InProcess</STATUS></PROJSTAGEENTITY><PROJSTAGEENTITY><LANGUAGE>fr-BE</LANGUAGE><STAGE>Terminé</STAGE><STATUS>Completed</STATUS></PROJSTAGEENTITY><PROJSTAGEENTITY><LANGUAGE>fr-BE</LANGUAGE><STAGE><![CDATA[Statut 1 défini par l'utilisat]]></STAGE><STATUS>User1</STATUS></PROJSTAGEENTITY><PROJSTAGEENTITY><LANGUAGE>fr-BE</LANGUAGE><STAGE><![CDATA[Statut 2 défini par l'utilisat]]></STAGE><STATUS>User2</STATUS></PROJSTAGEENTITY><PROJSTAGEENTITY><LANGUAGE>fr-BE</LANGUAGE><STAGE><![CDATA[Statut 3 défini par l'utilisat]]></STAGE><STATUS>User3</STATUS></PROJSTAGEENTITY><PROJSTAGEENTITY><LANGUAGE>fr-CA</LANGUAGE><STAGE>Créé</STAGE><STATUS>Created</STATUS></PROJSTAGEENTITY><PROJSTAGEENTITY><LANGUAGE>fr-CA</LANGUAGE><STAGE>Estimé</STAGE><STATUS>Estimated</STATUS></PROJSTAGEENTITY><PROJSTAGEENTITY><LANGUAGE>fr-CA</LANGUAGE><STAGE>Planifié(e)</STAGE><STATUS>Scheduled</STATUS></PROJSTAGEENTITY><PROJSTAGEENTITY><LANGUAGE>fr-CA</LANGUAGE><STAGE>En cours</STAGE><STATUS>InProcess</STATUS></PROJSTAGEENTITY><PROJSTAGEENTITY><LANGUAGE>fr-CA</LANGUAGE><STAGE>Terminé</STAGE><STATUS>Completed</STATUS></PROJSTAGEENTITY><PROJSTAGEENTITY><LANGUAGE>fr-CA</LANGUAGE><STAGE><![CDATA[Statut 1 défini par l'utilisat]]></STAGE><STATUS>User1</STATUS></PROJSTAGEENTITY><PROJSTAGEENTITY><LANGUAGE>fr-CA</LANGUAGE><STAGE><![CDATA[Statut 2 défini par l'utilisat]]></STAGE><STATUS>User2</STATUS></PROJSTAGEENTITY><PROJSTAGEENTITY><LANGUAGE>fr-CA</LANGUAGE><STAGE><![CDATA[Statut 3 défini par l'utilisat]]></STAGE><STATUS>User3</STATUS></PROJSTAGEENTITY><PROJSTAGEENTITY><LANGUAGE>fr-CH</LANGUAGE><STAGE>Créé</STAGE><STATUS>Created</STATUS></PROJSTAGEENTITY><PROJSTAGEENTITY><LANGUAGE>fr-CH</LANGUAGE><STAGE>Estimé</STAGE><STATUS>Estimated</STATUS></PROJSTAGEENTITY><PROJSTAGEENTITY><LANGUAGE>fr-CH</LANGUAGE><STAGE>Planifié</STAGE><STATUS>Scheduled</STATUS></PROJSTAGEENTITY><PROJSTAGEENTITY><LANGUAGE>fr-CH</LANGUAGE><STAGE>En cours de traitement</STAGE><STATUS>InProcess</STATUS></PROJSTAGEENTITY><PROJSTAGEENTITY><LANGUAGE>fr-CH</LANGUAGE><STAGE>Terminé</STAGE><STATUS>Completed</STATUS></PROJSTAGEENTITY><PROJSTAGEENTITY><LANGUAGE>fr-CH</LANGUAGE><STAGE><![CDATA[Statut 1 défini par l'utilisat]]></STAGE><STATUS>User1</STATUS></PROJSTAGEENTITY><PROJSTAGEENTITY><LANGUAGE>fr-CH</LANGUAGE><STAGE><![CDATA[Statut 2 défini par l'utilisat]]></STAGE><STATUS>User2</STATUS></PROJSTAGEENTITY><PROJSTAGEENTITY><LANGUAGE>fr-CH</LANGUAGE><STAGE><![CDATA[Statut 3 défini par l'utilisat]]></STAGE><STATUS>User3</STATUS></PROJSTAGEENTITY><PROJSTAGEENTITY><LANGUAGE>he</LANGUAGE><STAGE>נוצר</STAGE><STATUS>Created</STATUS></PROJSTAGEENTITY><PROJSTAGEENTITY><LANGUAGE>he</LANGUAGE><STAGE>משוער</STAGE><STATUS>Estimated</STATUS></PROJSTAGEENTITY><PROJSTAGEENTITY><LANGUAGE>he</LANGUAGE><STAGE>מתוזמן</STAGE><STATUS>Scheduled</STATUS></PROJSTAGEENTITY><PROJSTAGEENTITY><LANGUAGE>he</LANGUAGE><STAGE>בתהליך</STAGE><STATUS>InProcess</STATUS></PROJSTAGEENTITY><PROJSTAGEENTITY><LANGUAGE>he</LANGUAGE><STAGE>הסתיים</STAGE><STATUS>Completed</STATUS></PROJSTAGEENTITY><PROJSTAGEENTITY><LANGUAGE>he</LANGUAGE><STAGE>מצב מוגדר על ידי המשתמש 1</STAGE><STATUS>User1</STATUS></PROJSTAGEENTITY><PROJSTAGEENTITY><LANGUAGE>he</LANGUAGE><STAGE>מצב מוגדר על ידי המשתמש 2</STAGE><STATUS>User2</STATUS></PROJSTAGEENTITY><PROJSTAGEENTITY><LANGUAGE>he</LANGUAGE><STAGE>מצב מוגדר על ידי המשתמש 3</STAGE><STATUS>User3</STATUS></PROJSTAGEENTITY><PROJSTAGEENTITY><LANGUAGE>hu</LANGUAGE><STAGE>Létrehozva</STAGE><STATUS>Created</STATUS></PROJSTAGEENTITY><PROJSTAGEENTITY><LANGUAGE>hu</LANGUAGE><STAGE>Becsült</STAGE><STATUS>Estimated</STATUS></PROJSTAGEENTITY><PROJSTAGEENTITY><LANGUAGE>hu</LANGUAGE><STAGE>Ütemezve</STAGE><STATUS>Scheduled</STATUS></PROJSTAGEENTITY><PROJSTAGEENTITY><LANGUAGE>hu</LANGUAGE><STAGE>Folyamatban</STAGE><STATUS>InProcess</STATUS></PROJSTAGEENTITY><PROJSTAGEENTITY><LANGUAGE>hu</LANGUAGE><STAGE>Befejezve</STAGE><STATUS>Completed</STATUS></PROJSTAGEENTITY><PROJSTAGEENTITY><LANGUAGE>hu</LANGUAGE><STAGE>1. felhasználó által definiált</STAGE><STATUS>User1</STATUS></PROJSTAGEENTITY><PROJSTAGEENTITY><LANGUAGE>hu</LANGUAGE><STAGE>2. felhasználó által definiált</STAGE><STATUS>User2</STATUS></PROJSTAGEENTITY><PROJSTAGEENTITY><LANGUAGE>hu</LANGUAGE><STAGE>3. felhasználó által definiált</STAGE><STATUS>User3</STATUS></PROJSTAGEENTITY><PROJSTAGEENTITY><LANGUAGE>id</LANGUAGE><STAGE>Dibuat</STAGE><STATUS>Created</STATUS></PROJSTAGEENTITY><PROJSTAGEENTITY><LANGUAGE>id</LANGUAGE><STAGE>Diperkirakan</STAGE><STATUS>Estimated</STATUS></PROJSTAGEENTITY><PROJSTAGEENTITY><LANGUAGE>id</LANGUAGE><STAGE>Dijadwalkan</STAGE><STATUS>Scheduled</STATUS></PROJSTAGEENTITY><PROJSTAGEENTITY><LANGUAGE>id</LANGUAGE><STAGE>Sedang diproses</STAGE><STATUS>InProcess</STATUS></PROJSTAGEENTITY><PROJSTAGEENTITY><LANGUAGE>id</LANGUAGE><STAGE>Selesai</STAGE><STATUS>Completed</STATUS></PROJSTAGEENTITY><PROJSTAGEENTITY><LANGUAGE>id</LANGUAGE><STAGE>Status yang ditentukan penggun</STAGE><STATUS>User1</STATUS></PROJSTAGEENTITY><PROJSTAGEENTITY><LANGUAGE>id</LANGUAGE><STAGE>Status yang ditentukan penggun</STAGE><STATUS>User2</STATUS></PROJSTAGEENTITY><PROJSTAGEENTITY><LANGUAGE>id</LANGUAGE><STAGE>Status yang ditentukan penggun</STAGE><STATUS>User3</STATUS></PROJSTAGEENTITY><PROJSTAGEENTITY><LANGUAGE>id-ID</LANGUAGE><STAGE>Dibuat</STAGE><STATUS>Created</STATUS></PROJSTAGEENTITY><PROJSTAGEENTITY><LANGUAGE>id-ID</LANGUAGE><STAGE>Diperkirakan</STAGE><STATUS>Estimated</STATUS></PROJSTAGEENTITY><PROJSTAGEENTITY><LANGUAGE>id-ID</LANGUAGE><STAGE>Dijadwalkan</STAGE><STATUS>Scheduled</STATUS></PROJSTAGEENTITY><PROJSTAGEENTITY><LANGUAGE>id-ID</LANGUAGE><STAGE>Sedang diproses</STAGE><STATUS>InProcess</STATUS></PROJSTAGEENTITY><PROJSTAGEENTITY><LANGUAGE>id-ID</LANGUAGE><STAGE>Selesai</STAGE><STATUS>Completed</STATUS></PROJSTAGEENTITY><PROJSTAGEENTITY><LANGUAGE>id-ID</LANGUAGE><STAGE>Status yang ditentukan penggun</STAGE><STATUS>User1</STATUS></PROJSTAGEENTITY><PROJSTAGEENTITY><LANGUAGE>id-ID</LANGUAGE><STAGE>Status yang ditentukan penggun</STAGE><STATUS>User2</STATUS></PROJSTAGEENTITY><PROJSTAGEENTITY><LANGUAGE>id-ID</LANGUAGE><STAGE>Status yang ditentukan penggun</STAGE><STATUS>User3</STATUS></PROJSTAGEENTITY><PROJSTAGEENTITY><LANGUAGE>is</LANGUAGE><STAGE>Stofnað</STAGE><STATUS>Created</STATUS></PROJSTAGEENTITY><PROJSTAGEENTITY><LANGUAGE>is</LANGUAGE><STAGE>Áætlað</STAGE><STATUS>Estimated</STATUS></PROJSTAGEENTITY><PROJSTAGEENTITY><LANGUAGE>is</LANGUAGE><STAGE>Raðað</STAGE><STATUS>Scheduled</STATUS></PROJSTAGEENTITY><PROJSTAGEENTITY><LANGUAGE>is</LANGUAGE><STAGE>Í vinnslu</STAGE><STATUS>InProcess</STATUS></PROJSTAGEENTITY><PROJSTAGEENTITY><LANGUAGE>is</LANGUAGE><STAGE>Lokið</STAGE><STATUS>Completed</STATUS></PROJSTAGEENTITY><PROJSTAGEENTITY><LANGUAGE>is</LANGUAGE><STAGE>Notandaskilgreind staða 1</STAGE><STATUS>User1</STATUS></PROJSTAGEENTITY><PROJSTAGEENTITY><LANGUAGE>is</LANGUAGE><STAGE>Notandaskilgreind staða 2</STAGE><STATUS>User2</STATUS></PROJSTAGEENTITY><PROJSTAGEENTITY><LANGUAGE>is</LANGUAGE><STAGE>Notandaskilgreind staða 3</STAGE><STATUS>User3</STATUS></PROJSTAGEENTITY><PROJSTAGEENTITY><LANGUAGE>it</LANGUAGE><STAGE>Creato</STAGE><STATUS>Created</STATUS></PROJSTAGEENTITY><PROJSTAGEENTITY><LANGUAGE>it</LANGUAGE><STAGE>Stimato</STAGE><STATUS>Estimated</STATUS></PROJSTAGEENTITY><PROJSTAGEENTITY><LANGUAGE>it</LANGUAGE><STAGE>Programmato</STAGE><STATUS>Scheduled</STATUS></PROJSTAGEENTITY><PROJSTAGEENTITY><LANGUAGE>it</LANGUAGE><STAGE>In corso</STAGE><STATUS>InProcess</STATUS></PROJSTAGEENTITY><PROJSTAGEENTITY><LANGUAGE>it</LANGUAGE><STAGE>Completato</STAGE><STATUS>Completed</STATUS></PROJSTAGEENTITY><PROJSTAGEENTITY><LANGUAGE>it</LANGUAGE><STAGE><![CDATA[Stato definito dall'utente 1]]></STAGE><STATUS>User1</STATUS></PROJSTAGEENTITY><PROJSTAGEENTITY><LANGUAGE>it</LANGUAGE><STAGE><![CDATA[Stato definito dall'utente 2]]></STAGE><STATUS>User2</STATUS></PROJSTAGEENTITY><PROJSTAGEENTITY><LANGUAGE>it</LANGUAGE><STAGE><![CDATA[Stato definito dall'utente 3]]></STAGE><STATUS>User3</STATUS></PROJSTAGEENTITY><PROJSTAGEENTITY><LANGUAGE>it-CH</LANGUAGE><STAGE>Creato</STAGE><STATUS>Created</STATUS></PROJSTAGEENTITY><PROJSTAGEENTITY><LANGUAGE>it-CH</LANGUAGE><STAGE>Stimato</STAGE><STATUS>Estimated</STATUS></PROJSTAGEENTITY><PROJSTAGEENTITY><LANGUAGE>it-CH</LANGUAGE><STAGE>Programmato</STAGE><STATUS>Scheduled</STATUS></PROJSTAGEENTITY><PROJSTAGEENTITY><LANGUAGE>it-CH</LANGUAGE><STAGE>In corso</STAGE><STATUS>InProcess</STATUS></PROJSTAGEENTITY><PROJSTAGEENTITY><LANGUAGE>it-CH</LANGUAGE><STAGE>Completato</STAGE><STATUS>Completed</STATUS></PROJSTAGEENTITY><PROJSTAGEENTITY><LANGUAGE>it-CH</LANGUAGE><STAGE><![CDATA[Stato definito dall'utente 1]]></STAGE><STATUS>User1</STATUS></PROJSTAGEENTITY><PROJSTAGEENTITY><LANGUAGE>it-CH</LANGUAGE><STAGE><![CDATA[Stato definito dall'utente 2]]></STAGE><STATUS>User2</STATUS></PROJSTAGEENTITY><PROJSTAGEENTITY><LANGUAGE>it-CH</LANGUAGE><STAGE><![CDATA[Stato definito dall'utente 3]]></STAGE><STATUS>User3</STATUS></PROJSTAGEENTITY><PROJSTAGEENTITY><LANGUAGE>ja</LANGUAGE><STAGE>作成済</STAGE><STATUS>Created</STATUS></PROJSTAGEENTITY><PROJSTAGEENTITY><LANGUAGE>ja</LANGUAGE><STAGE>見積済</STAGE><STATUS>Estimated</STATUS></PROJSTAGEENTITY><PROJSTAGEENTITY><LANGUAGE>ja</LANGUAGE><STAGE>スケジュール済</STAGE><STATUS>Scheduled</STATUS></PROJSTAGEENTITY><PROJSTAGEENTITY><LANGUAGE>ja</LANGUAGE><STAGE>処理中</STAGE><STATUS>InProcess</STATUS></PROJSTAGEENTITY><PROJSTAGEENTITY><LANGUAGE>ja</LANGUAGE><STAGE>完了済</STAGE><STATUS>Completed</STATUS></PROJSTAGEENTITY><PROJSTAGEENTITY><LANGUAGE>ja</LANGUAGE><STAGE>ユーザー定義ステータス 1</STAGE><STATUS>User1</STATUS></PROJSTAGEENTITY><PROJSTAGEENTITY><LANGUAGE>ja</LANGUAGE><STAGE>ユーザー定義ステータス 2</STAGE><STATUS>User2</STATUS></PROJSTAGEENTITY><PROJSTAGEENTITY><LANGUAGE>ja</LANGUAGE><STAGE>ユーザー定義ステータス 3</STAGE><STATUS>User3</STATUS></PROJSTAGEENTITY><PROJSTAGEENTITY><LANGUAGE>ko</LANGUAGE><STAGE>만들어짐</STAGE><STATUS>Created</STATUS></PROJSTAGEENTITY><PROJSTAGEENTITY><LANGUAGE>ko</LANGUAGE><STAGE>예상</STAGE><STATUS>Estimated</STATUS></PROJSTAGEENTITY><PROJSTAGEENTITY><LANGUAGE>ko</LANGUAGE><STAGE>예약됨</STAGE><STATUS>Scheduled</STATUS></PROJSTAGEENTITY><PROJSTAGEENTITY><LANGUAGE>ko</LANGUAGE><STAGE>진행 중</STAGE><STATUS>InProcess</STATUS></PROJSTAGEENTITY><PROJSTAGEENTITY><LANGUAGE>ko</LANGUAGE><STAGE>완료됨</STAGE><STATUS>Completed</STATUS></PROJSTAGEENTITY><PROJSTAGEENTITY><LANGUAGE>ko</LANGUAGE><STAGE>사용자 정의 상태 1</STAGE><STATUS>User1</STATUS></PROJSTAGEENTITY><PROJSTAGEENTITY><LANGUAGE>ko</LANGUAGE><STAGE>사용자 정의 상태 2</STAGE><STATUS>User2</STATUS></PROJSTAGEENTITY><PROJSTAGEENTITY><LANGUAGE>ko</LANGUAGE><STAGE>사용자 정의 상태 3</STAGE><STATUS>User3</STATUS></PROJSTAGEENTITY><PROJSTAGEENTITY><LANGUAGE>lt</LANGUAGE><STAGE>Sukurta</STAGE><STATUS>Created</STATUS></PROJSTAGEENTITY><PROJSTAGEENTITY><LANGUAGE>lt</LANGUAGE><STAGE>Įvertinta</STAGE><STATUS>Estimated</STATUS></PROJSTAGEENTITY><PROJSTAGEENTITY><LANGUAGE>lt</LANGUAGE><STAGE>Suplanuota</STAGE><STATUS>Scheduled</STATUS></PROJSTAGEENTITY><PROJSTAGEENTITY><LANGUAGE>lt</LANGUAGE><STAGE>Vykdoma</STAGE><STATUS>InProcess</STATUS></PROJSTAGEENTITY><PROJSTAGEENTITY><LANGUAGE>lt</LANGUAGE><STAGE>Baigta</STAGE><STATUS>Completed</STATUS></PROJSTAGEENTITY><PROJSTAGEENTITY><LANGUAGE>lt</LANGUAGE><STAGE>1 vartotojo nustatyta būsena</STAGE><STATUS>User1</STATUS></PROJSTAGEENTITY><PROJSTAGEENTITY><LANGUAGE>lt</LANGUAGE><STAGE>2 vartotojo nustatyta būsena</STAGE><STATUS>User2</STATUS></PROJSTAGEENTITY><PROJSTAGEENTITY><LANGUAGE>lt</LANGUAGE><STAGE>3 vartotojo nustatyta būsena</STAGE><STATUS>User3</STATUS></PROJSTAGEENTITY><PROJSTAGEENTITY><LANGUAGE>lv</LANGUAGE><STAGE>Izveidots</STAGE><STATUS>Created</STATUS></PROJSTAGEENTITY><PROJSTAGEENTITY><LANGUAGE>lv</LANGUAGE><STAGE>Novērtēts</STAGE><STATUS>Estimated</STATUS></PROJSTAGEENTITY><PROJSTAGEENTITY><LANGUAGE>lv</LANGUAGE><STAGE>Ieplānots</STAGE><STATUS>Scheduled</STATUS></PROJSTAGEENTITY><PROJSTAGEENTITY><LANGUAGE>lv</LANGUAGE><STAGE>Nepabeigts</STAGE><STATUS>InProcess</STATUS></PROJSTAGEENTITY><PROJSTAGEENTITY><LANGUAGE>lv</LANGUAGE><STAGE>Pabeigts</STAGE><STATUS>Completed</STATUS></PROJSTAGEENTITY><PROJSTAGEENTITY><LANGUAGE>lv</LANGUAGE><STAGE>Lietotāja definēts statuss 1</STAGE><STATUS>User1</STATUS></PROJSTAGEENTITY><PROJSTAGEENTITY><LANGUAGE>lv</LANGUAGE><STAGE>Lietotāja definēts statuss 2</STAGE><STATUS>User2</STATUS></PROJSTAGEENTITY><PROJSTAGEENTITY><LANGUAGE>lv</LANGUAGE><STAGE>Lietotāja definēts statuss 3</STAGE><STATUS>User3</STATUS></PROJSTAGEENTITY><PROJSTAGEENTITY><LANGUAGE>nb-NO</LANGUAGE><STAGE>Opprettet</STAGE><STATUS>Created</STATUS></PROJSTAGEENTITY><PROJSTAGEENTITY><LANGUAGE>nb-NO</LANGUAGE><STAGE>Estimert</STAGE><STATUS>Estimated</STATUS></PROJSTAGEENTITY><PROJSTAGEENTITY><LANGUAGE>nb-NO</LANGUAGE><STAGE>Planlagt</STAGE><STATUS>Scheduled</STATUS></PROJSTAGEENTITY><PROJSTAGEENTITY><LANGUAGE>nb-NO</LANGUAGE><STAGE>Pågår</STAGE><STATUS>InProcess</STATUS></PROJSTAGEENTITY><PROJSTAGEENTITY><LANGUAGE>nb-NO</LANGUAGE><STAGE>Fullført</STAGE><STATUS>Completed</STATUS></PROJSTAGEENTITY><PROJSTAGEENTITY><LANGUAGE>nb-NO</LANGUAGE><STAGE>Brukerdefinert status 1</STAGE><STATUS>User1</STATUS></PROJSTAGEENTITY><PROJSTAGEENTITY><LANGUAGE>nb-NO</LANGUAGE><STAGE>Brukerdefinert status 2</STAGE><STATUS>User2</STATUS></PROJSTAGEENTITY><PROJSTAGEENTITY><LANGUAGE>nb-NO</LANGUAGE><STAGE>Brukerdefinert status 3</STAGE><STATUS>User3</STATUS></PROJSTAGEENTITY><PROJSTAGEENTITY><LANGUAGE>nl</LANGUAGE><STAGE>Gemaakt</STAGE><STATUS>Created</STATUS></PROJSTAGEENTITY><PROJSTAGEENTITY><LANGUAGE>nl</LANGUAGE><STAGE>Geschat</STAGE><STATUS>Estimated</STATUS></PROJSTAGEENTITY><PROJSTAGEENTITY><LANGUAGE>nl</LANGUAGE><STAGE>Gepland</STAGE><STATUS>Scheduled</STATUS></PROJSTAGEENTITY><PROJSTAGEENTITY><LANGUAGE>nl</LANGUAGE><STAGE>Onderhanden</STAGE><STATUS>InProcess</STATUS></PROJSTAGEENTITY><PROJSTAGEENTITY><LANGUAGE>nl</LANGUAGE><STAGE>Voltooid</STAGE><STATUS>Completed</STATUS></PROJSTAGEENTITY><PROJSTAGEENTITY><LANGUAGE>nl</LANGUAGE><STAGE>Door gebruiker gedefinieerde s</STAGE><STATUS>User1</STATUS></PROJSTAGEENTITY><PROJSTAGEENTITY><LANGUAGE>nl</LANGUAGE><STAGE>Door gebruiker gedefinieerde s</STAGE><STATUS>User2</STATUS></PROJSTAGEENTITY><PROJSTAGEENTITY><LANGUAGE>nl</LANGUAGE><STAGE>Door gebruiker gedefinieerde s</STAGE><STATUS>User3</STATUS></PROJSTAGEENTITY><PROJSTAGEENTITY><LANGUAGE>nl-BE</LANGUAGE><STAGE>Gemaakt</STAGE><STATUS>Created</STATUS></PROJSTAGEENTITY><PROJSTAGEENTITY><LANGUAGE>nl-BE</LANGUAGE><STAGE>Geschat</STAGE><STATUS>Estimated</STATUS></PROJSTAGEENTITY><PROJSTAGEENTITY><LANGUAGE>nl-BE</LANGUAGE><STAGE>Gepland</STAGE><STATUS>Scheduled</STATUS></PROJSTAGEENTITY><PROJSTAGEENTITY><LANGUAGE>nl-BE</LANGUAGE><STAGE>Onderhanden</STAGE><STATUS>InProcess</STATUS></PROJSTAGEENTITY><PROJSTAGEENTITY><LANGUAGE>nl-BE</LANGUAGE><STAGE>Voltooid</STAGE><STATUS>Completed</STATUS></PROJSTAGEENTITY><PROJSTAGEENTITY><LANGUAGE>nl-BE</LANGUAGE><STAGE>Door gebruiker gedefinieerde s</STAGE><STATUS>User1</STATUS></PROJSTAGEENTITY><PROJSTAGEENTITY><LANGUAGE>nl-BE</LANGUAGE><STAGE>Door gebruiker gedefinieerde s</STAGE><STATUS>User2</STATUS></PROJSTAGEENTITY><PROJSTAGEENTITY><LANGUAGE>nl-BE</LANGUAGE><STAGE>Door gebruiker gedefinieerde s</STAGE><STATUS>User3</STATUS></PROJSTAGEENTITY><PROJSTAGEENTITY><LANGUAGE>pl</LANGUAGE><STAGE>Utworzono</STAGE><STATUS>Created</STATUS></PROJSTAGEENTITY><PROJSTAGEENTITY><LANGUAGE>pl</LANGUAGE><STAGE>Oszacowano</STAGE><STATUS>Estimated</STATUS></PROJSTAGEENTITY><PROJSTAGEENTITY><LANGUAGE>pl</LANGUAGE><STAGE>Zaplanowane</STAGE><STATUS>Scheduled</STATUS></PROJSTAGEENTITY><PROJSTAGEENTITY><LANGUAGE>pl</LANGUAGE><STAGE>W toku</STAGE><STATUS>InProcess</STATUS></PROJSTAGEENTITY><PROJSTAGEENTITY><LANGUAGE>pl</LANGUAGE><STAGE>Zakończono</STAGE><STATUS>Completed</STATUS></PROJSTAGEENTITY><PROJSTAGEENTITY><LANGUAGE>pl</LANGUAGE><STAGE>Stan 1 zdefiniowany przez użyt</STAGE><STATUS>User1</STATUS></PROJSTAGEENTITY><PROJSTAGEENTITY><LANGUAGE>pl</LANGUAGE><STAGE>Stan 2 zdefiniowany przez użyt</STAGE><STATUS>User2</STATUS></PROJSTAGEENTITY><PROJSTAGEENTITY><LANGUAGE>pl</LANGUAGE><STAGE>Stan 3 zdefiniowany przez użyt</STAGE><STATUS>User3</STATUS></PROJSTAGEENTITY><PROJSTAGEENTITY><LANGUAGE>pt-BR</LANGUAGE><STAGE>Criação em</STAGE><STATUS>Created</STATUS></PROJSTAGEENTITY><PROJSTAGEENTITY><LANGUAGE>pt-BR</LANGUAGE><STAGE>Previsto</STAGE><STATUS>Estimated</STATUS></PROJSTAGEENTITY><PROJSTAGEENTITY><LANGUAGE>pt-BR</LANGUAGE><STAGE>Agendado</STAGE><STATUS>Scheduled</STATUS></PROJSTAGEENTITY><PROJSTAGEENTITY><LANGUAGE>pt-BR</LANGUAGE><STAGE>Em processamento</STAGE><STATUS>InProcess</STATUS></PROJSTAGEENTITY><PROJSTAGEENTITY><LANGUAGE>pt-BR</LANGUAGE><STAGE>Concluídos</STAGE><STATUS>Completed</STATUS></PROJSTAGEENTITY><PROJSTAGEENTITY><LANGUAGE>pt-BR</LANGUAGE><STAGE>Status definido pelo usuário 1</STAGE><STATUS>User1</STATUS></PROJSTAGEENTITY><PROJSTAGEENTITY><LANGUAGE>pt-BR</LANGUAGE><STAGE>Status definido pelo usuário 2</STAGE><STATUS>User2</STATUS></PROJSTAGEENTITY><PROJSTAGEENTITY><LANGUAGE>pt-BR</LANGUAGE><STAGE>Status definido pelo usuário 3</STAGE><STATUS>User3</STATUS></PROJSTAGEENTITY><PROJSTAGEENTITY><LANGUAGE>pt-PT</LANGUAGE><STAGE>Criado</STAGE><STATUS>Created</STATUS></PROJSTAGEENTITY><PROJSTAGEENTITY><LANGUAGE>pt-PT</LANGUAGE><STAGE>Estimado</STAGE><STATUS>Estimated</STATUS></PROJSTAGEENTITY><PROJSTAGEENTITY><LANGUAGE>pt-PT</LANGUAGE><STAGE>Agendado</STAGE><STATUS>Scheduled</STATUS></PROJSTAGEENTITY><PROJSTAGEENTITY><LANGUAGE>pt-PT</LANGUAGE><STAGE>Em curso</STAGE><STATUS>InProcess</STATUS></PROJSTAGEENTITY><PROJSTAGEENTITY><LANGUAGE>pt-PT</LANGUAGE><STAGE>Concluído</STAGE><STATUS>Completed</STATUS></PROJSTAGEENTITY><PROJSTAGEENTITY><LANGUAGE>pt-PT</LANGUAGE><STAGE>Estado definido pelo utilizado</STAGE><STATUS>User1</STATUS></PROJSTAGEENTITY><PROJSTAGEENTITY><LANGUAGE>pt-PT</LANGUAGE><STAGE>Estado definido pelo utilizado</STAGE><STATUS>User2</STATUS></PROJSTAGEENTITY><PROJSTAGEENTITY><LANGUAGE>pt-PT</LANGUAGE><STAGE>Estado definido pelo utilizado</STAGE><STATUS>User3</STATUS></PROJSTAGEENTITY><PROJSTAGEENTITY><LANGUAGE>ro</LANGUAGE><STAGE>Creat</STAGE><STATUS>Created</STATUS></PROJSTAGEENTITY><PROJSTAGEENTITY><LANGUAGE>ro</LANGUAGE><STAGE>Estimat</STAGE><STATUS>Estimated</STATUS></PROJSTAGEENTITY><PROJSTAGEENTITY><LANGUAGE>ro</LANGUAGE><STAGE>Planificat</STAGE><STATUS>Scheduled</STATUS></PROJSTAGEENTITY><PROJSTAGEENTITY><LANGUAGE>ro</LANGUAGE><STAGE>În curs</STAGE><STATUS>InProcess</STATUS></PROJSTAGEENTITY><PROJSTAGEENTITY><LANGUAGE>ro</LANGUAGE><STAGE>Terminat</STAGE><STATUS>Completed</STATUS></PROJSTAGEENTITY><PROJSTAGEENTITY><LANGUAGE>ro</LANGUAGE><STAGE>Stare definită de utilizator 1</STAGE><STATUS>User1</STATUS></PROJSTAGEENTITY><PROJSTAGEENTITY><LANGUAGE>ro</LANGUAGE><STAGE>Stare definită de utilizator 2</STAGE><STATUS>User2</STATUS></PROJSTAGEENTITY><PROJSTAGEENTITY><LANGUAGE>ro</LANGUAGE><STAGE>Stare definită de utilizator 3</STAGE><STATUS>User3</STATUS></PROJSTAGEENTITY><PROJSTAGEENTITY><LANGUAGE>ro-RO</LANGUAGE><STAGE>Creat</STAGE><STATUS>Created</STATUS></PROJSTAGEENTITY><PROJSTAGEENTITY><LANGUAGE>ro-RO</LANGUAGE><STAGE>Estimat</STAGE><STATUS>Estimated</STATUS></PROJSTAGEENTITY><PROJSTAGEENTITY><LANGUAGE>ro-RO</LANGUAGE><STAGE>Planificat</STAGE><STATUS>Scheduled</STATUS></PROJSTAGEENTITY><PROJSTAGEENTITY><LANGUAGE>ro-RO</LANGUAGE><STAGE>În curs</STAGE><STATUS>InProcess</STATUS></PROJSTAGEENTITY><PROJSTAGEENTITY><LANGUAGE>ro-RO</LANGUAGE><STAGE>Terminat</STAGE><STATUS>Completed</STATUS></PROJSTAGEENTITY><PROJSTAGEENTITY><LANGUAGE>ro-RO</LANGUAGE><STAGE>Stare definită de utilizator 1</STAGE><STATUS>User1</STATUS></PROJSTAGEENTITY><PROJSTAGEENTITY><LANGUAGE>ro-RO</LANGUAGE><STAGE>Stare definită de utilizator 2</STAGE><STATUS>User2</STATUS></PROJSTAGEENTITY><PROJSTAGEENTITY><LANGUAGE>ro-RO</LANGUAGE><STAGE>Stare definită de utilizator 3</STAGE><STATUS>User3</STATUS></PROJSTAGEENTITY><PROJSTAGEENTITY><LANGUAGE>ru</LANGUAGE><STAGE>Создано</STAGE><STATUS>Created</STATUS></PROJSTAGEENTITY><PROJSTAGEENTITY><LANGUAGE>ru</LANGUAGE><STAGE>Оценено</STAGE><STATUS>Estimated</STATUS></PROJSTAGEENTITY><PROJSTAGEENTITY><LANGUAGE>ru</LANGUAGE><STAGE>Запланировано</STAGE><STATUS>Scheduled</STATUS></PROJSTAGEENTITY><PROJSTAGEENTITY><LANGUAGE>ru</LANGUAGE><STAGE>В работе</STAGE><STATUS>InProcess</STATUS></PROJSTAGEENTITY><PROJSTAGEENTITY><LANGUAGE>ru</LANGUAGE><STAGE>Закончено</STAGE><STATUS>Completed</STATUS></PROJSTAGEENTITY><PROJSTAGEENTITY><LANGUAGE>ru</LANGUAGE><STAGE>Определяемый пользователем ста</STAGE><STATUS>User1</STATUS></PROJSTAGEENTITY><PROJSTAGEENTITY><LANGUAGE>ru</LANGUAGE><STAGE>Определяемый пользователем ста</STAGE><STATUS>User2</STATUS></PROJSTAGEENTITY><PROJSTAGEENTITY><LANGUAGE>ru</LANGUAGE><STAGE>Определяемый пользователем ста</STAGE><STATUS>User3</STATUS></PROJSTAGEENTITY><PROJSTAGEENTITY><LANGUAGE>sv</LANGUAGE><STAGE>Har skapats</STAGE><STATUS>Created</STATUS></PROJSTAGEENTITY><PROJSTAGEENTITY><LANGUAGE>sv</LANGUAGE><STAGE>Uppskattat</STAGE><STATUS>Estimated</STATUS></PROJSTAGEENTITY><PROJSTAGEENTITY><LANGUAGE>sv</LANGUAGE><STAGE>Tidsplanerat</STAGE><STATUS>Scheduled</STATUS></PROJSTAGEENTITY><PROJSTAGEENTITY><LANGUAGE>sv</LANGUAGE><STAGE>Pågår</STAGE><STATUS>InProcess</STATUS></PROJSTAGEENTITY><PROJSTAGEENTITY><LANGUAGE>sv</LANGUAGE><STAGE>Slutförd</STAGE><STATUS>Completed</STATUS></PROJSTAGEENTITY><PROJSTAGEENTITY><LANGUAGE>sv</LANGUAGE><STAGE>Användardefinierad status 1</STAGE><STATUS>User1</STATUS></PROJSTAGEENTITY><PROJSTAGEENTITY><LANGUAGE>sv</LANGUAGE><STAGE>Användardefinierad status 2</STAGE><STATUS>User2</STATUS></PROJSTAGEENTITY><PROJSTAGEENTITY><LANGUAGE>sv</LANGUAGE><STAGE>Användardefinierad status 3</STAGE><STATUS>User3</STATUS></PROJSTAGEENTITY><PROJSTAGEENTITY><LANGUAGE>th</LANGUAGE><STAGE>สร้างแล้ว</STAGE><STATUS>Created</STATUS></PROJSTAGEENTITY><PROJSTAGEENTITY><LANGUAGE>th</LANGUAGE><STAGE>ที่ประเมิน</STAGE><STATUS>Estimated</STATUS></PROJSTAGEENTITY><PROJSTAGEENTITY><LANGUAGE>th</LANGUAGE><STAGE>จัดกำหนดการแล้ว</STAGE><STATUS>Scheduled</STATUS></PROJSTAGEENTITY><PROJSTAGEENTITY><LANGUAGE>th</LANGUAGE><STAGE>อยู่ระหว่างดำเนินการ</STAGE><STATUS>InProcess</STATUS></PROJSTAGEENTITY><PROJSTAGEENTITY><LANGUAGE>th</LANGUAGE><STAGE>เสร็จสิ้น</STAGE><STATUS>Completed</STATUS></PROJSTAGEENTITY><PROJSTAGEENTITY><LANGUAGE>th</LANGUAGE><STAGE>สถานะที่ผู้ใช้กำหนด 1</STAGE><STATUS>User1</STATUS></PROJSTAGEENTITY><PROJSTAGEENTITY><LANGUAGE>th</LANGUAGE><STAGE>สถานะที่ผู้ใช้กำหนด 2</STAGE><STATUS>User2</STATUS></PROJSTAGEENTITY><PROJSTAGEENTITY><LANGUAGE>th</LANGUAGE><STAGE>สถานะที่ผู้ใช้กำหนด 3</STAGE><STATUS>User3</STATUS></PROJSTAGEENTITY><PROJSTAGEENTITY><LANGUAGE>tr</LANGUAGE><STAGE>Oluşturuldu</STAGE><STATUS>Created</STATUS></PROJSTAGEENTITY><PROJSTAGEENTITY><LANGUAGE>tr</LANGUAGE><STAGE>Tahmini</STAGE><STATUS>Estimated</STATUS></PROJSTAGEENTITY><PROJSTAGEENTITY><LANGUAGE>tr</LANGUAGE><STAGE>Planlandı</STAGE><STATUS>Scheduled</STATUS></PROJSTAGEENTITY><PROJSTAGEENTITY><LANGUAGE>tr</LANGUAGE><STAGE>İşleniyor</STAGE><STATUS>InProcess</STATUS></PROJSTAGEENTITY><PROJSTAGEENTITY><LANGUAGE>tr</LANGUAGE><STAGE>Bitti</STAGE><STATUS>Completed</STATUS></PROJSTAGEENTITY><PROJSTAGEENTITY><LANGUAGE>tr</LANGUAGE><STAGE>Kullanıcı tanımlı durum 1</STAGE><STATUS>User1</STATUS></PROJSTAGEENTITY><PROJSTAGEENTITY><LANGUAGE>tr</LANGUAGE><STAGE>Kullanıcı tanımlı durum 2</STAGE><STATUS>User2</STATUS></PROJSTAGEENTITY><PROJSTAGEENTITY><LANGUAGE>tr</LANGUAGE><STAGE>Kullanıcı tanımlı durum 3</STAGE><STATUS>User3</STATUS></PROJSTAGEENTITY><PROJSTAGEENTITY><LANGUAGE>uk</LANGUAGE><STAGE>Створено</STAGE><STATUS>Created</STATUS></PROJSTAGEENTITY><PROJSTAGEENTITY><LANGUAGE>uk</LANGUAGE><STAGE>Орієнтовно</STAGE><STATUS>Estimated</STATUS></PROJSTAGEENTITY><PROJSTAGEENTITY><LANGUAGE>uk</LANGUAGE><STAGE>Заплановано</STAGE><STATUS>Scheduled</STATUS></PROJSTAGEENTITY><PROJSTAGEENTITY><LANGUAGE>uk</LANGUAGE><STAGE>В обробці</STAGE><STATUS>InProcess</STATUS></PROJSTAGEENTITY><PROJSTAGEENTITY><LANGUAGE>uk</LANGUAGE><STAGE>Завершено</STAGE><STATUS>Completed</STATUS></PROJSTAGEENTITY><PROJSTAGEENTITY><LANGUAGE>uk</LANGUAGE><STAGE>Визначений користувачем стан 1</STAGE><STATUS>User1</STATUS></PROJSTAGEENTITY><PROJSTAGEENTITY><LANGUAGE>uk</LANGUAGE><STAGE>Визначений користувачем стан 2</STAGE><STATUS>User2</STATUS></PROJSTAGEENTITY><PROJSTAGEENTITY><LANGUAGE>uk</LANGUAGE><STAGE>Визначений користувачем стан 3</STAGE><STATUS>User3</STATUS></PROJSTAGEENTITY><PROJSTAGEENTITY><LANGUAGE>vi</LANGUAGE><STAGE>Đã tạo</STAGE><STATUS>Created</STATUS></PROJSTAGEENTITY><PROJSTAGEENTITY><LANGUAGE>vi</LANGUAGE><STAGE>Đã dự toán</STAGE><STATUS>Estimated</STATUS></PROJSTAGEENTITY><PROJSTAGEENTITY><LANGUAGE>vi</LANGUAGE><STAGE>Đã lên lịch</STAGE><STATUS>Scheduled</STATUS></PROJSTAGEENTITY><PROJSTAGEENTITY><LANGUAGE>vi</LANGUAGE><STAGE>Đang xử lý</STAGE><STATUS>InProcess</STATUS></PROJSTAGEENTITY><PROJSTAGEENTITY><LANGUAGE>vi</LANGUAGE><STAGE>Đã hoàn thành</STAGE><STATUS>Completed</STATUS></PROJSTAGEENTITY><PROJSTAGEENTITY><LANGUAGE>vi</LANGUAGE><STAGE>Trạng thái do người dùng xác đ</STAGE><STATUS>User1</STATUS></PROJSTAGEENTITY><PROJSTAGEENTITY><LANGUAGE>vi</LANGUAGE><STAGE>Trạng thái do người dùng xác đ</STAGE><STATUS>User2</STATUS></PROJSTAGEENTITY><PROJSTAGEENTITY><LANGUAGE>vi</LANGUAGE><STAGE>Trạng thái do người dùng xác đ</STAGE><STATUS>User3</STATUS></PROJSTAGEENTITY><PROJSTAGEENTITY><LANGUAGE>zh-Hans</LANGUAGE><STAGE>已创建</STAGE><STATUS>Created</STATUS></PROJSTAGEENTITY><PROJSTAGEENTITY><LANGUAGE>zh-Hans</LANGUAGE><STAGE>估计</STAGE><STATUS>Estimated</STATUS></PROJSTAGEENTITY><PROJSTAGEENTITY><LANGUAGE>zh-Hans</LANGUAGE><STAGE>已计划</STAGE><STATUS>Scheduled</STATUS></PROJSTAGEENTITY><PROJSTAGEENTITY><LANGUAGE>zh-Hans</LANGUAGE><STAGE>正在进行</STAGE><STATUS>InProcess</STATUS></PROJSTAGEENTITY><PROJSTAGEENTITY><LANGUAGE>zh-Hans</LANGUAGE><STAGE>已完成</STAGE><STATUS>Completed</STATUS></PROJSTAGEENTITY><PROJSTAGEENTITY><LANGUAGE>zh-Hans</LANGUAGE><STAGE>用户定义的状态 1</STAGE><STATUS>User1</STATUS></PROJSTAGEENTITY><PROJSTAGEENTITY><LANGUAGE>zh-Hans</LANGUAGE><STAGE>用户定义的状态 2</STAGE><STATUS>User2</STATUS></PROJSTAGEENTITY><PROJSTAGEENTITY><LANGUAGE>zh-Hans</LANGUAGE><STAGE>用户定义的状态 3</STAGE><STATUS>User3</STATUS></PROJSTAGEENTITY><PROJSTAGEENTITY><LANGUAGE>zh-Hant</LANGUAGE><STAGE>已建立</STAGE><STATUS>Created</STATUS></PROJSTAGEENTITY><PROJSTAGEENTITY><LANGUAGE>zh-Hant</LANGUAGE><STAGE>已預估</STAGE><STATUS>Estimated</STATUS></PROJSTAGEENTITY><PROJSTAGEENTITY><LANGUAGE>zh-Hant</LANGUAGE><STAGE>已排程</STAGE><STATUS>Scheduled</STATUS></PROJSTAGEENTITY><PROJSTAGEENTITY><LANGUAGE>zh-Hant</LANGUAGE><STAGE>處理中</STAGE><STATUS>InProcess</STATUS></PROJSTAGEENTITY><PROJSTAGEENTITY><LANGUAGE>zh-Hant</LANGUAGE><STAGE>已完成</STAGE><STATUS>Completed</STATUS></PROJSTAGEENTITY><PROJSTAGEENTITY><LANGUAGE>zh-Hant</LANGUAGE><STAGE>使用者定義狀態 1</STAGE><STATUS>User1</STATUS></PROJSTAGEENTITY><PROJSTAGEENTITY><LANGUAGE>zh-Hant</LANGUAGE><STAGE>使用者定義狀態 2</STAGE><STATUS>User2</STATUS></PROJSTAGEENTITY><PROJSTAGEENTITY><LANGUAGE>zh-Hant</LANGUAGE><STAGE>使用者定義狀態 3</STAGE><STATUS>User3</STATUS></PROJSTAGEENTITY></Document>