﻿<?xml version="1.0" encoding="utf-8"?><Document><PROJECTENTITY><PROJECTID>WDTC-000001</PROJECTID><ACTIVEREVISION></ACTIVEREVISION><ACTUALENDDATE>1900-01-01T00:00:00</ACTUALENDDATE><ACTUALSTARTDATE>1900-01-01T00:00:00</ACTUALSTARTDATE><ALERTTIMEFRAMEWEEKS>0</ALERTTIMEFRAMEWEEKS><ALLOWNEGATIVEBUDGETSTOBECARRIEDFORWARD>No</ALLOWNEGATIVEBUDGETSTOBECARRIEDFORWARD><ALTERNATEPROJECT></ALTERNATEPROJECT><BANKDOCUMENTTYPE>None</BANKDOCUMENTTYPE><BUDGETCONTROLINTERVAL>TotalBudget</BUDGETCONTROLINTERVAL><BUDGETOVERRUNDEFAULT>AllowOverruns</BUDGETOVERRUNDEFAULT><CALENDAR>STANDARD</CALENDAR><CANCARRYFORWARDREMAININGBUDGETS>No</CANCARRYFORWARDREMAININGBUDGETS><CANUSEALTERNATEPROJECTBUDGET>No</CANUSEALTERNATEPROJECTBUDGET><CANUSEBUDGETCONTROL>No</CANUSEBUDGETCONTROL><CANVERIFYCOSTAGAINSTREMAININGFORECAST>No</CANVERIFYCOSTAGAINSTREMAININGFORECAST><CATEGORY>No</CATEGORY><CERTIFIEDPAYROLL>No</CERTIFIEDPAYROLL><CUSTOMERACCOUNT></CUSTOMERACCOUNT><DATEOFCREATION>2024-08-28T00:00:00</DATEOFCREATION><DEFAULTINVOICEACCOUNT></DEFAULTINVOICEACCOUNT><DELIVERYNAME></DELIVERYNAME><DESCRIPTION></DESCRIPTION><DIMENSIONDISPLAYVALUE></DIMENSIONDISPLAYVALUE><DURATIONDETERMINESENDDATE>No</DURATIONDETERMINESENDDATE><DURATIONINDAYS>1.000000</DURATIONINDAYS><EMAIL></EMAIL><ENDDATE1>2024-08-28T00:00:00</ENDDATE1><ENDTIME>00:00:00</ENDTIME><ESTIMATEPROJECTID></ESTIMATEPROJECTID><EXTENSIONDATE>1900-01-01T00:00:00</EXTENSIONDATE><EXTERNALREVISION>ORIGINAL</EXTERNALREVISION><FIXEDASSETNUMBER></FIXEDASSETNUMBER><HEADER>No</HEADER><INVOICECOST>No</INVOICECOST><INVOICINGMETHOD>Progress</INVOICINGMETHOD><ISACTIVITYREQUIREDFOREXPENSEFORECAST>No</ISACTIVITYREQUIREDFOREXPENSEFORECAST><ISACTIVITYREQUIREDFOREXPENSETRANSACTION>No</ISACTIVITYREQUIREDFOREXPENSETRANSACTION><ISACTIVITYREQUIREDFORHOURFORECAST>No</ISACTIVITYREQUIREDFORHOURFORECAST><ISACTIVITYREQUIREDFORHOURTRANSACTION>No</ISACTIVITYREQUIREDFORHOURTRANSACTION><ISACTIVITYREQUIREDFORITEMFORECAST>No</ISACTIVITYREQUIREDFORITEMFORECAST><ISACTIVITYREQUIREDFORITEMTRANSACTION>No</ISACTIVITYREQUIREDFORITEMTRANSACTION><JOBIDENTIFICATION>WDTC-000021</JOBIDENTIFICATION><JOBPAYTYPE>Empty</JOBPAYTYPE><LEDGERPOSTINGSORTPRIORITY>Categories</LEDGERPOSTINGSORTPRIORITY><LOCATIONID></LOCATIONID><MINIMUMTIMEINCREMENT>0.000000</MINIMUMTIMEINCREMENT><PARENTPROJECT></PARENTPROJECT><POSTINGLEVEL>Detail</POSTINGLEVEL><PROJECTBUDGETMANAGEMENT>None</PROJECTBUDGETMANAGEMENT><PROJECTCONTRACTID></PROJECTCONTRACTID><PROJECTEDENDDATE>1900-01-01T00:00:00</PROJECTEDENDDATE><PROJECTEDSTARTDATE>2024-08-28T00:00:00</PROJECTEDSTARTDATE><PROJECTGROUP>INTERNAL</PROJECTGROUP><PROJECTNAME>Investment: The Restoration of the Fallen Lantern Port</PROJECTNAME><PROJECTSTAGE>InProcess</PROJECTSTAGE><PROJECTTEMPLATE>No</PROJECTTEMPLATE><PROJECTTYPE>Internal</PROJECTTYPE><PSASCHEDIGNORECALENDAR>No</PSASCHEDIGNORECALENDAR><SALESPRICEGROUP></SALESPRICEGROUP><SALESTAXGROUP></SALESTAXGROUP><SCHEDULESTATUS>NoRequirements</SCHEDULESTATUS><SEARCHPRIORITY>Project</SEARCHPRIORITY><SORTINGID1></SORTINGID1><SORTINGID2></SORTINGID2><SORTINGID3></SORTINGID3><STARTDATE1>2024-08-28T00:00:00</STARTDATE1><STARTTIME>00:00:00</STARTTIME><STATUS>Active</STATUS><SUBPROJECTIDFORMAT></SUBPROJECTIDFORMAT><TASKCOMPLETELYSCHEDULED>No</TASKCOMPLETELYSCHEDULED><TEMPLATEAPPLIED>No</TEMPLATEAPPLIED><TOTALEFFORTINHOURS>0.000000</TOTALEFFORTINHOURS><TRANSACTIONTYPESCONTROLLED>RevenuesAndCosts</TRANSACTIONTYPESCONTROLLED></PROJECTENTITY><PROJECTENTITY><PROJECTID>WDTC-000002</PROJECTID><ACTIVEREVISION></ACTIVEREVISION><ACTUALENDDATE>1900-01-01T00:00:00</ACTUALENDDATE><ACTUALSTARTDATE>1900-01-01T00:00:00</ACTUALSTARTDATE><ALERTTIMEFRAMEWEEKS>0</ALERTTIMEFRAMEWEEKS><ALLOWNEGATIVEBUDGETSTOBECARRIEDFORWARD>No</ALLOWNEGATIVEBUDGETSTOBECARRIEDFORWARD><ALTERNATEPROJECT></ALTERNATEPROJECT><BANKDOCUMENTTYPE>None</BANKDOCUMENTTYPE><BUDGETCONTROLINTERVAL>TotalBudget</BUDGETCONTROLINTERVAL><BUDGETOVERRUNDEFAULT>AllowOverruns</BUDGETOVERRUNDEFAULT><CALENDAR></CALENDAR><CANCARRYFORWARDREMAININGBUDGETS>No</CANCARRYFORWARDREMAININGBUDGETS><CANUSEALTERNATEPROJECTBUDGET>No</CANUSEALTERNATEPROJECTBUDGET><CANUSEBUDGETCONTROL>No</CANUSEBUDGETCONTROL><CANVERIFYCOSTAGAINSTREMAININGFORECAST>No</CANVERIFYCOSTAGAINSTREMAININGFORECAST><CATEGORY>No</CATEGORY><CERTIFIEDPAYROLL>No</CERTIFIEDPAYROLL><CUSTOMERACCOUNT>DHUSARRAELABHURK</CUSTOMERACCOUNT><DATEOFCREATION>2024-08-28T00:00:00</DATEOFCREATION><DEFAULTINVOICEACCOUNT></DEFAULTINVOICEACCOUNT><DELIVERYNAME>Dhusarra Abhuk</DELIVERYNAME><DESCRIPTION></DESCRIPTION><DIMENSIONDISPLAYVALUE></DIMENSIONDISPLAYVALUE><DURATIONDETERMINESENDDATE>No</DURATIONDETERMINESENDDATE><DURATIONINDAYS>1.000000</DURATIONINDAYS><EMAIL>D.Abhuk456@faerunonline.com</EMAIL><ENDDATE1>2024-08-28T00:00:00</ENDDATE1><ENDTIME>00:00:00</ENDTIME><ESTIMATEPROJECTID></ESTIMATEPROJECTID><EXTENSIONDATE>1900-01-01T00:00:00</EXTENSIONDATE><EXTERNALREVISION>ORIGINAL</EXTERNALREVISION><FIXEDASSETNUMBER></FIXEDASSETNUMBER><HEADER>No</HEADER><INVOICECOST>No</INVOICECOST><INVOICINGMETHOD>Progress</INVOICINGMETHOD><ISACTIVITYREQUIREDFOREXPENSEFORECAST>No</ISACTIVITYREQUIREDFOREXPENSEFORECAST><ISACTIVITYREQUIREDFOREXPENSETRANSACTION>No</ISACTIVITYREQUIREDFOREXPENSETRANSACTION><ISACTIVITYREQUIREDFORHOURFORECAST>No</ISACTIVITYREQUIREDFORHOURFORECAST><ISACTIVITYREQUIREDFORHOURTRANSACTION>No</ISACTIVITYREQUIREDFORHOURTRANSACTION><ISACTIVITYREQUIREDFORITEMFORECAST>No</ISACTIVITYREQUIREDFORITEMFORECAST><ISACTIVITYREQUIREDFORITEMTRANSACTION>No</ISACTIVITYREQUIREDFORITEMTRANSACTION><JOBIDENTIFICATION>WDTC-000023</JOBIDENTIFICATION><JOBPAYTYPE>Empty</JOBPAYTYPE><LEDGERPOSTINGSORTPRIORITY>Categories</LEDGERPOSTINGSORTPRIORITY><LOCATIONID>000000301</LOCATIONID><MINIMUMTIMEINCREMENT>0.000000</MINIMUMTIMEINCREMENT><PARENTPROJECT></PARENTPROJECT><POSTINGLEVEL>Detail</POSTINGLEVEL><PROJECTBUDGETMANAGEMENT>None</PROJECTBUDGETMANAGEMENT><PROJECTCONTRACTID>WDTC-000001</PROJECTCONTRACTID><PROJECTEDENDDATE>1900-01-01T00:00:00</PROJECTEDENDDATE><PROJECTEDSTARTDATE>2024-08-28T00:00:00</PROJECTEDSTARTDATE><PROJECTGROUP>TM</PROJECTGROUP><PROJECTNAME>Service: Dhusarra Abhuk</PROJECTNAME><PROJECTSTAGE>InProcess</PROJECTSTAGE><PROJECTTEMPLATE>No</PROJECTTEMPLATE><PROJECTTYPE>TimeMaterial</PROJECTTYPE><PSASCHEDIGNORECALENDAR>No</PSASCHEDIGNORECALENDAR><SALESPRICEGROUP></SALESPRICEGROUP><SALESTAXGROUP></SALESTAXGROUP><SCHEDULESTATUS>NoRequirements</SCHEDULESTATUS><SEARCHPRIORITY>Project</SEARCHPRIORITY><SORTINGID1></SORTINGID1><SORTINGID2></SORTINGID2><SORTINGID3></SORTINGID3><STARTDATE1>2024-08-28T00:00:00</STARTDATE1><STARTTIME>00:00:00</STARTTIME><STATUS>Active</STATUS><SUBPROJECTIDFORMAT></SUBPROJECTIDFORMAT><TASKCOMPLETELYSCHEDULED>No</TASKCOMPLETELYSCHEDULED><TEMPLATEAPPLIED>No</TEMPLATEAPPLIED><TOTALEFFORTINHOURS>0.000000</TOTALEFFORTINHOURS><TRANSACTIONTYPESCONTROLLED>RevenuesAndCosts</TRANSACTIONTYPESCONTROLLED></PROJECTENTITY><PROJECTENTITY><PROJECTID>WDTC-000005</PROJECTID><ACTIVEREVISION></ACTIVEREVISION><ACTUALENDDATE>1900-01-01T00:00:00</ACTUALENDDATE><ACTUALSTARTDATE>1900-01-01T00:00:00</ACTUALSTARTDATE><ALERTTIMEFRAMEWEEKS>0</ALERTTIMEFRAMEWEEKS><ALLOWNEGATIVEBUDGETSTOBECARRIEDFORWARD>No</ALLOWNEGATIVEBUDGETSTOBECARRIEDFORWARD><ALTERNATEPROJECT></ALTERNATEPROJECT><BANKDOCUMENTTYPE>None</BANKDOCUMENTTYPE><BUDGETCONTROLINTERVAL>TotalBudget</BUDGETCONTROLINTERVAL><BUDGETOVERRUNDEFAULT>AllowOverruns</BUDGETOVERRUNDEFAULT><CALENDAR></CALENDAR><CANCARRYFORWARDREMAININGBUDGETS>No</CANCARRYFORWARDREMAININGBUDGETS><CANUSEALTERNATEPROJECTBUDGET>No</CANUSEALTERNATEPROJECTBUDGET><CANUSEBUDGETCONTROL>No</CANUSEBUDGETCONTROL><CANVERIFYCOSTAGAINSTREMAININGFORECAST>No</CANVERIFYCOSTAGAINSTREMAININGFORECAST><CATEGORY>No</CATEGORY><CERTIFIEDPAYROLL>No</CERTIFIEDPAYROLL><CUSTOMERACCOUNT></CUSTOMERACCOUNT><DATEOFCREATION>2024-08-29T00:00:00</DATEOFCREATION><DEFAULTINVOICEACCOUNT></DEFAULTINVOICEACCOUNT><DELIVERYNAME></DELIVERYNAME><DESCRIPTION></DESCRIPTION><DIMENSIONDISPLAYVALUE></DIMENSIONDISPLAYVALUE><DURATIONDETERMINESENDDATE>No</DURATIONDETERMINESENDDATE><DURATIONINDAYS>1.000000</DURATIONINDAYS><EMAIL></EMAIL><ENDDATE1>2024-08-29T00:00:00</ENDDATE1><ENDTIME>00:00:00</ENDTIME><ESTIMATEPROJECTID></ESTIMATEPROJECTID><EXTENSIONDATE>1900-01-01T00:00:00</EXTENSIONDATE><EXTERNALREVISION>ORIGINAL</EXTERNALREVISION><FIXEDASSETNUMBER></FIXEDASSETNUMBER><HEADER>No</HEADER><INVOICECOST>No</INVOICECOST><INVOICINGMETHOD>Progress</INVOICINGMETHOD><ISACTIVITYREQUIREDFOREXPENSEFORECAST>No</ISACTIVITYREQUIREDFOREXPENSEFORECAST><ISACTIVITYREQUIREDFOREXPENSETRANSACTION>No</ISACTIVITYREQUIREDFOREXPENSETRANSACTION><ISACTIVITYREQUIREDFORHOURFORECAST>No</ISACTIVITYREQUIREDFORHOURFORECAST><ISACTIVITYREQUIREDFORHOURTRANSACTION>No</ISACTIVITYREQUIREDFORHOURTRANSACTION><ISACTIVITYREQUIREDFORITEMFORECAST>No</ISACTIVITYREQUIREDFORITEMFORECAST><ISACTIVITYREQUIREDFORITEMTRANSACTION>No</ISACTIVITYREQUIREDFORITEMTRANSACTION><JOBIDENTIFICATION>WDTC-000026</JOBIDENTIFICATION><JOBPAYTYPE>Empty</JOBPAYTYPE><LEDGERPOSTINGSORTPRIORITY>Categories</LEDGERPOSTINGSORTPRIORITY><LOCATIONID></LOCATIONID><MINIMUMTIMEINCREMENT>0.000000</MINIMUMTIMEINCREMENT><PARENTPROJECT></PARENTPROJECT><POSTINGLEVEL>Detail</POSTINGLEVEL><PROJECTBUDGETMANAGEMENT>None</PROJECTBUDGETMANAGEMENT><PROJECTCONTRACTID></PROJECTCONTRACTID><PROJECTEDENDDATE>1900-01-01T00:00:00</PROJECTEDENDDATE><PROJECTEDSTARTDATE>2024-08-29T00:00:00</PROJECTEDSTARTDATE><PROJECTGROUP>PREVENTIVE</PROJECTGROUP><PROJECTNAME>Preventative Maintenance</PROJECTNAME><PROJECTSTAGE>Created</PROJECTSTAGE><PROJECTTEMPLATE>No</PROJECTTEMPLATE><PROJECTTYPE>Internal</PROJECTTYPE><PSASCHEDIGNORECALENDAR>No</PSASCHEDIGNORECALENDAR><SALESPRICEGROUP></SALESPRICEGROUP><SALESTAXGROUP></SALESTAXGROUP><SCHEDULESTATUS>NoRequirements</SCHEDULESTATUS><SEARCHPRIORITY>Project</SEARCHPRIORITY><SORTINGID1></SORTINGID1><SORTINGID2></SORTINGID2><SORTINGID3></SORTINGID3><STARTDATE1>2024-08-29T00:00:00</STARTDATE1><STARTTIME>00:00:00</STARTTIME><STATUS>Active</STATUS><SUBPROJECTIDFORMAT>-####</SUBPROJECTIDFORMAT><TASKCOMPLETELYSCHEDULED>No</TASKCOMPLETELYSCHEDULED><TEMPLATEAPPLIED>No</TEMPLATEAPPLIED><TOTALEFFORTINHOURS>0.000000</TOTALEFFORTINHOURS><TRANSACTIONTYPESCONTROLLED>RevenuesAndCosts</TRANSACTIONTYPESCONTROLLED></PROJECTENTITY><PROJECTENTITY><PROJECTID>WDTC-000006</PROJECTID><ACTIVEREVISION></ACTIVEREVISION><ACTUALENDDATE>1900-01-01T00:00:00</ACTUALENDDATE><ACTUALSTARTDATE>1900-01-01T00:00:00</ACTUALSTARTDATE><ALERTTIMEFRAMEWEEKS>0</ALERTTIMEFRAMEWEEKS><ALLOWNEGATIVEBUDGETSTOBECARRIEDFORWARD>No</ALLOWNEGATIVEBUDGETSTOBECARRIEDFORWARD><ALTERNATEPROJECT></ALTERNATEPROJECT><BANKDOCUMENTTYPE>None</BANKDOCUMENTTYPE><BUDGETCONTROLINTERVAL>TotalBudget</BUDGETCONTROLINTERVAL><BUDGETOVERRUNDEFAULT>AllowOverruns</BUDGETOVERRUNDEFAULT><CALENDAR></CALENDAR><CANCARRYFORWARDREMAININGBUDGETS>No</CANCARRYFORWARDREMAININGBUDGETS><CANUSEALTERNATEPROJECTBUDGET>No</CANUSEALTERNATEPROJECTBUDGET><CANUSEBUDGETCONTROL>No</CANUSEBUDGETCONTROL><CANVERIFYCOSTAGAINSTREMAININGFORECAST>No</CANVERIFYCOSTAGAINSTREMAININGFORECAST><CATEGORY>No</CATEGORY><CERTIFIEDPAYROLL>No</CERTIFIEDPAYROLL><CUSTOMERACCOUNT></CUSTOMERACCOUNT><DATEOFCREATION>2024-08-29T00:00:00</DATEOFCREATION><DEFAULTINVOICEACCOUNT></DEFAULTINVOICEACCOUNT><DELIVERYNAME></DELIVERYNAME><DESCRIPTION></DESCRIPTION><DIMENSIONDISPLAYVALUE></DIMENSIONDISPLAYVALUE><DURATIONDETERMINESENDDATE>No</DURATIONDETERMINESENDDATE><DURATIONINDAYS>1.000000</DURATIONINDAYS><EMAIL></EMAIL><ENDDATE1>2024-08-29T00:00:00</ENDDATE1><ENDTIME>00:00:00</ENDTIME><ESTIMATEPROJECTID></ESTIMATEPROJECTID><EXTENSIONDATE>1900-01-01T00:00:00</EXTENSIONDATE><EXTERNALREVISION>ORIGINAL</EXTERNALREVISION><FIXEDASSETNUMBER></FIXEDASSETNUMBER><HEADER>No</HEADER><INVOICECOST>No</INVOICECOST><INVOICINGMETHOD>Progress</INVOICINGMETHOD><ISACTIVITYREQUIREDFOREXPENSEFORECAST>No</ISACTIVITYREQUIREDFOREXPENSEFORECAST><ISACTIVITYREQUIREDFOREXPENSETRANSACTION>No</ISACTIVITYREQUIREDFOREXPENSETRANSACTION><ISACTIVITYREQUIREDFORHOURFORECAST>No</ISACTIVITYREQUIREDFORHOURFORECAST><ISACTIVITYREQUIREDFORHOURTRANSACTION>No</ISACTIVITYREQUIREDFORHOURTRANSACTION><ISACTIVITYREQUIREDFORITEMFORECAST>No</ISACTIVITYREQUIREDFORITEMFORECAST><ISACTIVITYREQUIREDFORITEMTRANSACTION>No</ISACTIVITYREQUIREDFORITEMTRANSACTION><JOBIDENTIFICATION>WDTC-000028</JOBIDENTIFICATION><JOBPAYTYPE>Empty</JOBPAYTYPE><LEDGERPOSTINGSORTPRIORITY>Categories</LEDGERPOSTINGSORTPRIORITY><LOCATIONID></LOCATIONID><MINIMUMTIMEINCREMENT>0.000000</MINIMUMTIMEINCREMENT><PARENTPROJECT></PARENTPROJECT><POSTINGLEVEL>Detail</POSTINGLEVEL><PROJECTBUDGETMANAGEMENT>None</PROJECTBUDGETMANAGEMENT><PROJECTCONTRACTID></PROJECTCONTRACTID><PROJECTEDENDDATE>1900-01-01T00:00:00</PROJECTEDENDDATE><PROJECTEDSTARTDATE>2024-08-29T00:00:00</PROJECTEDSTARTDATE><PROJECTGROUP>CORRECTIVE</PROJECTGROUP><PROJECTNAME>Corrective Maintenance</PROJECTNAME><PROJECTSTAGE>Created</PROJECTSTAGE><PROJECTTEMPLATE>No</PROJECTTEMPLATE><PROJECTTYPE>Internal</PROJECTTYPE><PSASCHEDIGNORECALENDAR>No</PSASCHEDIGNORECALENDAR><SALESPRICEGROUP></SALESPRICEGROUP><SALESTAXGROUP></SALESTAXGROUP><SCHEDULESTATUS>NoRequirements</SCHEDULESTATUS><SEARCHPRIORITY>Project</SEARCHPRIORITY><SORTINGID1></SORTINGID1><SORTINGID2></SORTINGID2><SORTINGID3></SORTINGID3><STARTDATE1>2024-08-29T00:00:00</STARTDATE1><STARTTIME>00:00:00</STARTTIME><STATUS>Active</STATUS><SUBPROJECTIDFORMAT>-####</SUBPROJECTIDFORMAT><TASKCOMPLETELYSCHEDULED>No</TASKCOMPLETELYSCHEDULED><TEMPLATEAPPLIED>No</TEMPLATEAPPLIED><TOTALEFFORTINHOURS>0.000000</TOTALEFFORTINHOURS><TRANSACTIONTYPESCONTROLLED>RevenuesAndCosts</TRANSACTIONTYPESCONTROLLED></PROJECTENTITY><PROJECTENTITY><PROJECTID>WDTC-000006-0001</PROJECTID><ACTIVEREVISION></ACTIVEREVISION><ACTUALENDDATE>1900-01-01T00:00:00</ACTUALENDDATE><ACTUALSTARTDATE>1900-01-01T00:00:00</ACTUALSTARTDATE><ALERTTIMEFRAMEWEEKS>0</ALERTTIMEFRAMEWEEKS><ALLOWNEGATIVEBUDGETSTOBECARRIEDFORWARD>No</ALLOWNEGATIVEBUDGETSTOBECARRIEDFORWARD><ALTERNATEPROJECT></ALTERNATEPROJECT><BANKDOCUMENTTYPE>None</BANKDOCUMENTTYPE><BUDGETCONTROLINTERVAL>TotalBudget</BUDGETCONTROLINTERVAL><BUDGETOVERRUNDEFAULT>AllowOverruns</BUDGETOVERRUNDEFAULT><CALENDAR></CALENDAR><CANCARRYFORWARDREMAININGBUDGETS>No</CANCARRYFORWARDREMAININGBUDGETS><CANUSEALTERNATEPROJECTBUDGET>No</CANUSEALTERNATEPROJECTBUDGET><CANUSEBUDGETCONTROL>No</CANUSEBUDGETCONTROL><CANVERIFYCOSTAGAINSTREMAININGFORECAST>No</CANVERIFYCOSTAGAINSTREMAININGFORECAST><CATEGORY>No</CATEGORY><CERTIFIEDPAYROLL>No</CERTIFIEDPAYROLL><CUSTOMERACCOUNT></CUSTOMERACCOUNT><DATEOFCREATION>2024-08-29T00:00:00</DATEOFCREATION><DEFAULTINVOICEACCOUNT></DEFAULTINVOICEACCOUNT><DELIVERYNAME></DELIVERYNAME><DESCRIPTION></DESCRIPTION><DIMENSIONDISPLAYVALUE></DIMENSIONDISPLAYVALUE><DURATIONDETERMINESENDDATE>No</DURATIONDETERMINESENDDATE><DURATIONINDAYS>0.000000</DURATIONINDAYS><EMAIL></EMAIL><ENDDATE1>1900-01-01T00:00:00</ENDDATE1><ENDTIME>00:00:00</ENDTIME><ESTIMATEPROJECTID></ESTIMATEPROJECTID><EXTENSIONDATE>1900-01-01T00:00:00</EXTENSIONDATE><EXTERNALREVISION>ORIGINAL</EXTERNALREVISION><FIXEDASSETNUMBER></FIXEDASSETNUMBER><HEADER>No</HEADER><INVOICECOST>No</INVOICECOST><INVOICINGMETHOD>Progress</INVOICINGMETHOD><ISACTIVITYREQUIREDFOREXPENSEFORECAST>No</ISACTIVITYREQUIREDFOREXPENSEFORECAST><ISACTIVITYREQUIREDFOREXPENSETRANSACTION>No</ISACTIVITYREQUIREDFOREXPENSETRANSACTION><ISACTIVITYREQUIREDFORHOURFORECAST>No</ISACTIVITYREQUIREDFORHOURFORECAST><ISACTIVITYREQUIREDFORHOURTRANSACTION>No</ISACTIVITYREQUIREDFORHOURTRANSACTION><ISACTIVITYREQUIREDFORITEMFORECAST>No</ISACTIVITYREQUIREDFORITEMFORECAST><ISACTIVITYREQUIREDFORITEMTRANSACTION>No</ISACTIVITYREQUIREDFORITEMTRANSACTION><JOBIDENTIFICATION>WDTC-000032</JOBIDENTIFICATION><JOBPAYTYPE>Empty</JOBPAYTYPE><LEDGERPOSTINGSORTPRIORITY>Categories</LEDGERPOSTINGSORTPRIORITY><LOCATIONID></LOCATIONID><MINIMUMTIMEINCREMENT>0.000000</MINIMUMTIMEINCREMENT><PARENTPROJECT>WDTC-000006</PARENTPROJECT><POSTINGLEVEL>Detail</POSTINGLEVEL><PROJECTBUDGETMANAGEMENT>None</PROJECTBUDGETMANAGEMENT><PROJECTCONTRACTID></PROJECTCONTRACTID><PROJECTEDENDDATE>1900-01-01T00:00:00</PROJECTEDENDDATE><PROJECTEDSTARTDATE>2024-08-29T00:00:00</PROJECTEDSTARTDATE><PROJECTGROUP>CORRECTIVE</PROJECTGROUP><PROJECTNAME>WDTC-00000002: CAULRON2</PROJECTNAME><PROJECTSTAGE>Created</PROJECTSTAGE><PROJECTTEMPLATE>No</PROJECTTEMPLATE><PROJECTTYPE>Internal</PROJECTTYPE><PSASCHEDIGNORECALENDAR>No</PSASCHEDIGNORECALENDAR><SALESPRICEGROUP></SALESPRICEGROUP><SALESTAXGROUP></SALESTAXGROUP><SCHEDULESTATUS>NoRequirements</SCHEDULESTATUS><SEARCHPRIORITY>Project</SEARCHPRIORITY><SORTINGID1></SORTINGID1><SORTINGID2></SORTINGID2><SORTINGID3></SORTINGID3><STARTDATE1>1900-01-01T00:00:00</STARTDATE1><STARTTIME>00:00:00</STARTTIME><STATUS>Active</STATUS><SUBPROJECTIDFORMAT></SUBPROJECTIDFORMAT><TASKCOMPLETELYSCHEDULED>No</TASKCOMPLETELYSCHEDULED><TEMPLATEAPPLIED>No</TEMPLATEAPPLIED><TOTALEFFORTINHOURS>0.000000</TOTALEFFORTINHOURS><TRANSACTIONTYPESCONTROLLED>RevenuesAndCosts</TRANSACTIONTYPESCONTROLLED></PROJECTENTITY><PROJECTENTITY><PROJECTID>WDTC-000007</PROJECTID><ACTIVEREVISION></ACTIVEREVISION><ACTUALENDDATE>1900-01-01T00:00:00</ACTUALENDDATE><ACTUALSTARTDATE>1900-01-01T00:00:00</ACTUALSTARTDATE><ALERTTIMEFRAMEWEEKS>0</ALERTTIMEFRAMEWEEKS><ALLOWNEGATIVEBUDGETSTOBECARRIEDFORWARD>No</ALLOWNEGATIVEBUDGETSTOBECARRIEDFORWARD><ALTERNATEPROJECT></ALTERNATEPROJECT><BANKDOCUMENTTYPE>None</BANKDOCUMENTTYPE><BUDGETCONTROLINTERVAL>TotalBudget</BUDGETCONTROLINTERVAL><BUDGETOVERRUNDEFAULT>AllowOverruns</BUDGETOVERRUNDEFAULT><CALENDAR></CALENDAR><CANCARRYFORWARDREMAININGBUDGETS>No</CANCARRYFORWARDREMAININGBUDGETS><CANUSEALTERNATEPROJECTBUDGET>No</CANUSEALTERNATEPROJECTBUDGET><CANUSEBUDGETCONTROL>No</CANUSEBUDGETCONTROL><CANVERIFYCOSTAGAINSTREMAININGFORECAST>No</CANVERIFYCOSTAGAINSTREMAININGFORECAST><CATEGORY>No</CATEGORY><CERTIFIEDPAYROLL>No</CERTIFIEDPAYROLL><CUSTOMERACCOUNT></CUSTOMERACCOUNT><DATEOFCREATION>2024-08-29T00:00:00</DATEOFCREATION><DEFAULTINVOICEACCOUNT></DEFAULTINVOICEACCOUNT><DELIVERYNAME></DELIVERYNAME><DESCRIPTION></DESCRIPTION><DIMENSIONDISPLAYVALUE></DIMENSIONDISPLAYVALUE><DURATIONDETERMINESENDDATE>No</DURATIONDETERMINESENDDATE><DURATIONINDAYS>1.000000</DURATIONINDAYS><EMAIL></EMAIL><ENDDATE1>2024-08-29T00:00:00</ENDDATE1><ENDTIME>00:00:00</ENDTIME><ESTIMATEPROJECTID>WDTC-000007</ESTIMATEPROJECTID><EXTENSIONDATE>1900-01-01T00:00:00</EXTENSIONDATE><EXTERNALREVISION>ORIGINAL</EXTERNALREVISION><FIXEDASSETNUMBER></FIXEDASSETNUMBER><HEADER>No</HEADER><INVOICECOST>No</INVOICECOST><INVOICINGMETHOD>Progress</INVOICINGMETHOD><ISACTIVITYREQUIREDFOREXPENSEFORECAST>No</ISACTIVITYREQUIREDFOREXPENSEFORECAST><ISACTIVITYREQUIREDFOREXPENSETRANSACTION>No</ISACTIVITYREQUIREDFOREXPENSETRANSACTION><ISACTIVITYREQUIREDFORHOURFORECAST>No</ISACTIVITYREQUIREDFORHOURFORECAST><ISACTIVITYREQUIREDFORHOURTRANSACTION>No</ISACTIVITYREQUIREDFORHOURTRANSACTION><ISACTIVITYREQUIREDFORITEMFORECAST>No</ISACTIVITYREQUIREDFORITEMFORECAST><ISACTIVITYREQUIREDFORITEMTRANSACTION>No</ISACTIVITYREQUIREDFORITEMTRANSACTION><JOBIDENTIFICATION>WDTC-000030</JOBIDENTIFICATION><JOBPAYTYPE>Empty</JOBPAYTYPE><LEDGERPOSTINGSORTPRIORITY>Categories</LEDGERPOSTINGSORTPRIORITY><LOCATIONID></LOCATIONID><MINIMUMTIMEINCREMENT>0.000000</MINIMUMTIMEINCREMENT><PARENTPROJECT></PARENTPROJECT><POSTINGLEVEL>Detail</POSTINGLEVEL><PROJECTBUDGETMANAGEMENT>None</PROJECTBUDGETMANAGEMENT><PROJECTCONTRACTID></PROJECTCONTRACTID><PROJECTEDENDDATE>1900-01-01T00:00:00</PROJECTEDENDDATE><PROJECTEDSTARTDATE>2024-08-29T00:00:00</PROJECTEDSTARTDATE><PROJECTGROUP>INVESTMENT</PROJECTGROUP><PROJECTNAME>Investment Projects</PROJECTNAME><PROJECTSTAGE>Created</PROJECTSTAGE><PROJECTTEMPLATE>No</PROJECTTEMPLATE><PROJECTTYPE>Investment</PROJECTTYPE><PSASCHEDIGNORECALENDAR>No</PSASCHEDIGNORECALENDAR><SALESPRICEGROUP></SALESPRICEGROUP><SALESTAXGROUP></SALESTAXGROUP><SCHEDULESTATUS>NoRequirements</SCHEDULESTATUS><SEARCHPRIORITY>Project</SEARCHPRIORITY><SORTINGID1></SORTINGID1><SORTINGID2></SORTINGID2><SORTINGID3></SORTINGID3><STARTDATE1>2024-08-29T00:00:00</STARTDATE1><STARTTIME>00:00:00</STARTTIME><STATUS>Active</STATUS><SUBPROJECTIDFORMAT>-####</SUBPROJECTIDFORMAT><TASKCOMPLETELYSCHEDULED>No</TASKCOMPLETELYSCHEDULED><TEMPLATEAPPLIED>No</TEMPLATEAPPLIED><TOTALEFFORTINHOURS>0.000000</TOTALEFFORTINHOURS><TRANSACTIONTYPESCONTROLLED>RevenuesAndCosts</TRANSACTIONTYPESCONTROLLED></PROJECTENTITY></Document>