﻿<?xml version="1.0" encoding="utf-8"?><Document><PROJSTATUSTYPERULEENTITY><PROJSTATUS>Created</PROJSTATUS><PROJSTATUSRULE>AllowUse</PROJSTATUSRULE><PROJTYPE>TimeMaterial</PROJTYPE></PROJSTATUSTYPERULEENTITY><PROJSTATUSTYPERULEENTITY><PROJSTATUS>Created</PROJSTATUS><PROJSTATUSRULE>CreateForecast</PROJSTATUSRULE><PROJTYPE>TimeMaterial</PROJTYPE></PROJSTATUSTYPERULEENTITY><PROJSTATUSTYPERULEENTITY><PROJSTATUS>Created</PROJSTATUS><PROJSTATUSRULE>CreateQuotation</PROJSTATUSRULE><PROJTYPE>TimeMaterial</PROJTYPE></PROJSTATUSTYPERULEENTITY><PROJSTATUSTYPERULEENTITY><PROJSTATUS>Created</PROJSTATUS><PROJSTATUSRULE>AllowUse</PROJSTATUSRULE><PROJTYPE>FixedPrice</PROJTYPE></PROJSTATUSTYPERULEENTITY><PROJSTATUSTYPERULEENTITY><PROJSTATUS>Created</PROJSTATUS><PROJSTATUSRULE>CreateForecast</PROJSTATUSRULE><PROJTYPE>FixedPrice</PROJTYPE></PROJSTATUSTYPERULEENTITY><PROJSTATUSTYPERULEENTITY><PROJSTATUS>Created</PROJSTATUS><PROJSTATUSRULE>CreateQuotation</PROJSTATUSRULE><PROJTYPE>FixedPrice</PROJTYPE></PROJSTATUSTYPERULEENTITY><PROJSTATUSTYPERULEENTITY><PROJSTATUS>Created</PROJSTATUS><PROJSTATUSRULE>AllowUse</PROJSTATUSRULE><PROJTYPE>Investment</PROJTYPE></PROJSTATUSTYPERULEENTITY><PROJSTATUSTYPERULEENTITY><PROJSTATUS>Created</PROJSTATUS><PROJSTATUSRULE>CreateForecast</PROJSTATUSRULE><PROJTYPE>Investment</PROJTYPE></PROJSTATUSTYPERULEENTITY><PROJSTATUSTYPERULEENTITY><PROJSTATUS>Created</PROJSTATUS><PROJSTATUSRULE>AllowUse</PROJSTATUSRULE><PROJTYPE>Cost</PROJTYPE></PROJSTATUSTYPERULEENTITY><PROJSTATUSTYPERULEENTITY><PROJSTATUS>Created</PROJSTATUS><PROJSTATUSRULE>CreateForecast</PROJSTATUSRULE><PROJTYPE>Cost</PROJTYPE></PROJSTATUSTYPERULEENTITY><PROJSTATUSTYPERULEENTITY><PROJSTATUS>Created</PROJSTATUS><PROJSTATUSRULE>AllowUse</PROJSTATUSRULE><PROJTYPE>Internal</PROJTYPE></PROJSTATUSTYPERULEENTITY><PROJSTATUSTYPERULEENTITY><PROJSTATUS>Created</PROJSTATUS><PROJSTATUSRULE>CreateForecast</PROJSTATUSRULE><PROJTYPE>Internal</PROJTYPE></PROJSTATUSTYPERULEENTITY><PROJSTATUSTYPERULEENTITY><PROJSTATUS>Created</PROJSTATUS><PROJSTATUSRULE>AllowUse</PROJSTATUSRULE><PROJTYPE>Time</PROJTYPE></PROJSTATUSTYPERULEENTITY><PROJSTATUSTYPERULEENTITY><PROJSTATUS>Created</PROJSTATUS><PROJSTATUSRULE>CreateForecast</PROJSTATUSRULE><PROJTYPE>Time</PROJTYPE></PROJSTATUSTYPERULEENTITY><PROJSTATUSTYPERULEENTITY><PROJSTATUS>Estimated</PROJSTATUS><PROJSTATUSRULE>AllowUse</PROJSTATUSRULE><PROJTYPE>TimeMaterial</PROJTYPE></PROJSTATUSTYPERULEENTITY><PROJSTATUSTYPERULEENTITY><PROJSTATUS>Estimated</PROJSTATUS><PROJSTATUSRULE>CreateForecast</PROJSTATUSRULE><PROJTYPE>TimeMaterial</PROJTYPE></PROJSTATUSTYPERULEENTITY><PROJSTATUSTYPERULEENTITY><PROJSTATUS>Estimated</PROJSTATUS><PROJSTATUSRULE>CreateQuotation</PROJSTATUSRULE><PROJTYPE>TimeMaterial</PROJTYPE></PROJSTATUSTYPERULEENTITY><PROJSTATUSTYPERULEENTITY><PROJSTATUS>Estimated</PROJSTATUS><PROJSTATUSRULE>AllowUse</PROJSTATUSRULE><PROJTYPE>FixedPrice</PROJTYPE></PROJSTATUSTYPERULEENTITY><PROJSTATUSTYPERULEENTITY><PROJSTATUS>Estimated</PROJSTATUS><PROJSTATUSRULE>CreateForecast</PROJSTATUSRULE><PROJTYPE>FixedPrice</PROJTYPE></PROJSTATUSTYPERULEENTITY><PROJSTATUSTYPERULEENTITY><PROJSTATUS>Estimated</PROJSTATUS><PROJSTATUSRULE>CreateQuotation</PROJSTATUSRULE><PROJTYPE>FixedPrice</PROJTYPE></PROJSTATUSTYPERULEENTITY><PROJSTATUSTYPERULEENTITY><PROJSTATUS>Estimated</PROJSTATUS><PROJSTATUSRULE>CreateEstimate</PROJSTATUSRULE><PROJTYPE>FixedPrice</PROJTYPE></PROJSTATUSTYPERULEENTITY><PROJSTATUSTYPERULEENTITY><PROJSTATUS>Scheduled</PROJSTATUS><PROJSTATUSRULE>AllowUse</PROJSTATUSRULE><PROJTYPE>TimeMaterial</PROJTYPE></PROJSTATUSTYPERULEENTITY><PROJSTATUSTYPERULEENTITY><PROJSTATUS>Scheduled</PROJSTATUS><PROJSTATUSRULE>CreateForecast</PROJSTATUSRULE><PROJTYPE>TimeMaterial</PROJTYPE></PROJSTATUSTYPERULEENTITY><PROJSTATUSTYPERULEENTITY><PROJSTATUS>Scheduled</PROJSTATUS><PROJSTATUSRULE>CreateQuotation</PROJSTATUSRULE><PROJTYPE>TimeMaterial</PROJTYPE></PROJSTATUSTYPERULEENTITY><PROJSTATUSTYPERULEENTITY><PROJSTATUS>Scheduled</PROJSTATUS><PROJSTATUSRULE>AllowUse</PROJSTATUSRULE><PROJTYPE>FixedPrice</PROJTYPE></PROJSTATUSTYPERULEENTITY><PROJSTATUSTYPERULEENTITY><PROJSTATUS>Scheduled</PROJSTATUS><PROJSTATUSRULE>CreateForecast</PROJSTATUSRULE><PROJTYPE>FixedPrice</PROJTYPE></PROJSTATUSTYPERULEENTITY><PROJSTATUSTYPERULEENTITY><PROJSTATUS>Scheduled</PROJSTATUS><PROJSTATUSRULE>CreateQuotation</PROJSTATUSRULE><PROJTYPE>FixedPrice</PROJTYPE></PROJSTATUSTYPERULEENTITY><PROJSTATUSTYPERULEENTITY><PROJSTATUS>Scheduled</PROJSTATUS><PROJSTATUSRULE>CreateEstimate</PROJSTATUSRULE><PROJTYPE>FixedPrice</PROJTYPE></PROJSTATUSTYPERULEENTITY><PROJSTATUSTYPERULEENTITY><PROJSTATUS>InProcess</PROJSTATUS><PROJSTATUSRULE>AllowUse</PROJSTATUSRULE><PROJTYPE>TimeMaterial</PROJTYPE></PROJSTATUSTYPERULEENTITY><PROJSTATUSTYPERULEENTITY><PROJSTATUS>InProcess</PROJSTATUS><PROJSTATUSRULE>CreateForecast</PROJSTATUSRULE><PROJTYPE>TimeMaterial</PROJTYPE></PROJSTATUSTYPERULEENTITY><PROJSTATUSTYPERULEENTITY><PROJSTATUS>InProcess</PROJSTATUS><PROJSTATUSRULE>CreateQuotation</PROJSTATUSRULE><PROJTYPE>TimeMaterial</PROJTYPE></PROJSTATUSTYPERULEENTITY><PROJSTATUSTYPERULEENTITY><PROJSTATUS>InProcess</PROJSTATUS><PROJSTATUSRULE>CreateItemTask</PROJSTATUSRULE><PROJTYPE>TimeMaterial</PROJTYPE></PROJSTATUSTYPERULEENTITY><PROJSTATUSTYPERULEENTITY><PROJSTATUS>InProcess</PROJSTATUS><PROJSTATUSRULE>CreateJournal</PROJSTATUSRULE><PROJTYPE>TimeMaterial</PROJTYPE></PROJSTATUSTYPERULEENTITY><PROJSTATUSTYPERULEENTITY><PROJSTATUS>InProcess</PROJSTATUS><PROJSTATUSRULE>CreateInvoiceProposal</PROJSTATUSRULE><PROJTYPE>TimeMaterial</PROJTYPE></PROJSTATUSTYPERULEENTITY><PROJSTATUSTYPERULEENTITY><PROJSTATUS>InProcess</PROJSTATUS><PROJSTATUSRULE>AllowUse</PROJSTATUSRULE><PROJTYPE>FixedPrice</PROJTYPE></PROJSTATUSTYPERULEENTITY><PROJSTATUSTYPERULEENTITY><PROJSTATUS>InProcess</PROJSTATUS><PROJSTATUSRULE>CreateForecast</PROJSTATUSRULE><PROJTYPE>FixedPrice</PROJTYPE></PROJSTATUSTYPERULEENTITY><PROJSTATUSTYPERULEENTITY><PROJSTATUS>InProcess</PROJSTATUS><PROJSTATUSRULE>CreateQuotation</PROJSTATUSRULE><PROJTYPE>FixedPrice</PROJTYPE></PROJSTATUSTYPERULEENTITY><PROJSTATUSTYPERULEENTITY><PROJSTATUS>InProcess</PROJSTATUS><PROJSTATUSRULE>CreateEstimate</PROJSTATUSRULE><PROJTYPE>FixedPrice</PROJTYPE></PROJSTATUSTYPERULEENTITY><PROJSTATUSTYPERULEENTITY><PROJSTATUS>InProcess</PROJSTATUS><PROJSTATUSRULE>CreateItemTask</PROJSTATUSRULE><PROJTYPE>FixedPrice</PROJTYPE></PROJSTATUSTYPERULEENTITY><PROJSTATUSTYPERULEENTITY><PROJSTATUS>InProcess</PROJSTATUS><PROJSTATUSRULE>CreateJournal</PROJSTATUSRULE><PROJTYPE>FixedPrice</PROJTYPE></PROJSTATUSTYPERULEENTITY><PROJSTATUSTYPERULEENTITY><PROJSTATUS>InProcess</PROJSTATUS><PROJSTATUSRULE>CreateInvoiceProposal</PROJSTATUSRULE><PROJTYPE>FixedPrice</PROJTYPE></PROJSTATUSTYPERULEENTITY><PROJSTATUSTYPERULEENTITY><PROJSTATUS>InProcess</PROJSTATUS><PROJSTATUSRULE>ReverseEliminate</PROJSTATUSRULE><PROJTYPE>FixedPrice</PROJTYPE></PROJSTATUSTYPERULEENTITY><PROJSTATUSTYPERULEENTITY><PROJSTATUS>InProcess</PROJSTATUS><PROJSTATUSRULE>AllowUse</PROJSTATUSRULE><PROJTYPE>Investment</PROJTYPE></PROJSTATUSTYPERULEENTITY><PROJSTATUSTYPERULEENTITY><PROJSTATUS>InProcess</PROJSTATUS><PROJSTATUSRULE>CreateForecast</PROJSTATUSRULE><PROJTYPE>Investment</PROJTYPE></PROJSTATUSTYPERULEENTITY><PROJSTATUSTYPERULEENTITY><PROJSTATUS>InProcess</PROJSTATUS><PROJSTATUSRULE>CreateEstimate</PROJSTATUSRULE><PROJTYPE>Investment</PROJTYPE></PROJSTATUSTYPERULEENTITY><PROJSTATUSTYPERULEENTITY><PROJSTATUS>InProcess</PROJSTATUS><PROJSTATUSRULE>CreateItemTask</PROJSTATUSRULE><PROJTYPE>Investment</PROJTYPE></PROJSTATUSTYPERULEENTITY><PROJSTATUSTYPERULEENTITY><PROJSTATUS>InProcess</PROJSTATUS><PROJSTATUSRULE>CreateJournal</PROJSTATUSRULE><PROJTYPE>Investment</PROJTYPE></PROJSTATUSTYPERULEENTITY><PROJSTATUSTYPERULEENTITY><PROJSTATUS>InProcess</PROJSTATUS><PROJSTATUSRULE>ReverseEliminate</PROJSTATUSRULE><PROJTYPE>Investment</PROJTYPE></PROJSTATUSTYPERULEENTITY><PROJSTATUSTYPERULEENTITY><PROJSTATUS>InProcess</PROJSTATUS><PROJSTATUSRULE>AllowUse</PROJSTATUSRULE><PROJTYPE>Cost</PROJTYPE></PROJSTATUSTYPERULEENTITY><PROJSTATUSTYPERULEENTITY><PROJSTATUS>InProcess</PROJSTATUS><PROJSTATUSRULE>CreateForecast</PROJSTATUSRULE><PROJTYPE>Cost</PROJTYPE></PROJSTATUSTYPERULEENTITY><PROJSTATUSTYPERULEENTITY><PROJSTATUS>InProcess</PROJSTATUS><PROJSTATUSRULE>CreateItemTask</PROJSTATUSRULE><PROJTYPE>Cost</PROJTYPE></PROJSTATUSTYPERULEENTITY><PROJSTATUSTYPERULEENTITY><PROJSTATUS>InProcess</PROJSTATUS><PROJSTATUSRULE>CreateJournal</PROJSTATUSRULE><PROJTYPE>Cost</PROJTYPE></PROJSTATUSTYPERULEENTITY><PROJSTATUSTYPERULEENTITY><PROJSTATUS>InProcess</PROJSTATUS><PROJSTATUSRULE>AllowUse</PROJSTATUSRULE><PROJTYPE>Internal</PROJTYPE></PROJSTATUSTYPERULEENTITY><PROJSTATUSTYPERULEENTITY><PROJSTATUS>InProcess</PROJSTATUS><PROJSTATUSRULE>CreateForecast</PROJSTATUSRULE><PROJTYPE>Internal</PROJTYPE></PROJSTATUSTYPERULEENTITY><PROJSTATUSTYPERULEENTITY><PROJSTATUS>InProcess</PROJSTATUS><PROJSTATUSRULE>CreateItemTask</PROJSTATUSRULE><PROJTYPE>Internal</PROJTYPE></PROJSTATUSTYPERULEENTITY><PROJSTATUSTYPERULEENTITY><PROJSTATUS>InProcess</PROJSTATUS><PROJSTATUSRULE>CreateJournal</PROJSTATUSRULE><PROJTYPE>Internal</PROJTYPE></PROJSTATUSTYPERULEENTITY><PROJSTATUSTYPERULEENTITY><PROJSTATUS>InProcess</PROJSTATUS><PROJSTATUSRULE>AllowUse</PROJSTATUSRULE><PROJTYPE>Time</PROJTYPE></PROJSTATUSTYPERULEENTITY><PROJSTATUSTYPERULEENTITY><PROJSTATUS>InProcess</PROJSTATUS><PROJSTATUSRULE>CreateForecast</PROJSTATUSRULE><PROJTYPE>Time</PROJTYPE></PROJSTATUSTYPERULEENTITY><PROJSTATUSTYPERULEENTITY><PROJSTATUS>InProcess</PROJSTATUS><PROJSTATUSRULE>CreateJournal</PROJSTATUSRULE><PROJTYPE>Time</PROJTYPE></PROJSTATUSTYPERULEENTITY><PROJSTATUSTYPERULEENTITY><PROJSTATUS>InProcess</PROJSTATUS><PROJSTATUSRULE>AllowUse</PROJSTATUSRULE><PROJTYPE>None</PROJTYPE></PROJSTATUSTYPERULEENTITY><PROJSTATUSTYPERULEENTITY><PROJSTATUS>InProcess</PROJSTATUS><PROJSTATUSRULE>CreateForecast</PROJSTATUSRULE><PROJTYPE>None</PROJTYPE></PROJSTATUSTYPERULEENTITY><PROJSTATUSTYPERULEENTITY><PROJSTATUS>InProcess</PROJSTATUS><PROJSTATUSRULE>CreateQuotation</PROJSTATUSRULE><PROJTYPE>None</PROJTYPE></PROJSTATUSTYPERULEENTITY><PROJSTATUSTYPERULEENTITY><PROJSTATUS>InProcess</PROJSTATUS><PROJSTATUSRULE>CreateEstimate</PROJSTATUSRULE><PROJTYPE>None</PROJTYPE></PROJSTATUSTYPERULEENTITY><PROJSTATUSTYPERULEENTITY><PROJSTATUS>InProcess</PROJSTATUS><PROJSTATUSRULE>CreateItemTask</PROJSTATUSRULE><PROJTYPE>None</PROJTYPE></PROJSTATUSTYPERULEENTITY><PROJSTATUSTYPERULEENTITY><PROJSTATUS>InProcess</PROJSTATUS><PROJSTATUSRULE>CreateJournal</PROJSTATUSRULE><PROJTYPE>None</PROJTYPE></PROJSTATUSTYPERULEENTITY><PROJSTATUSTYPERULEENTITY><PROJSTATUS>InProcess</PROJSTATUS><PROJSTATUSRULE>CreateInvoiceProposal</PROJSTATUSRULE><PROJTYPE>None</PROJTYPE></PROJSTATUSTYPERULEENTITY><PROJSTATUSTYPERULEENTITY><PROJSTATUS>Completed</PROJSTATUS><PROJSTATUSRULE>AllowUse</PROJSTATUSRULE><PROJTYPE>TimeMaterial</PROJTYPE></PROJSTATUSTYPERULEENTITY><PROJSTATUSTYPERULEENTITY><PROJSTATUS>Completed</PROJSTATUS><PROJSTATUSRULE>AllowUse</PROJSTATUSRULE><PROJTYPE>FixedPrice</PROJTYPE></PROJSTATUSTYPERULEENTITY><PROJSTATUSTYPERULEENTITY><PROJSTATUS>Completed</PROJSTATUS><PROJSTATUSRULE>ReverseEliminate</PROJSTATUSRULE><PROJTYPE>FixedPrice</PROJTYPE></PROJSTATUSTYPERULEENTITY><PROJSTATUSTYPERULEENTITY><PROJSTATUS>Completed</PROJSTATUS><PROJSTATUSRULE>AllowUse</PROJSTATUSRULE><PROJTYPE>Investment</PROJTYPE></PROJSTATUSTYPERULEENTITY><PROJSTATUSTYPERULEENTITY><PROJSTATUS>Completed</PROJSTATUS><PROJSTATUSRULE>ReverseEliminate</PROJSTATUSRULE><PROJTYPE>Investment</PROJTYPE></PROJSTATUSTYPERULEENTITY><PROJSTATUSTYPERULEENTITY><PROJSTATUS>Completed</PROJSTATUS><PROJSTATUSRULE>AllowUse</PROJSTATUSRULE><PROJTYPE>Cost</PROJTYPE></PROJSTATUSTYPERULEENTITY><PROJSTATUSTYPERULEENTITY><PROJSTATUS>Completed</PROJSTATUS><PROJSTATUSRULE>AllowUse</PROJSTATUSRULE><PROJTYPE>Internal</PROJTYPE></PROJSTATUSTYPERULEENTITY><PROJSTATUSTYPERULEENTITY><PROJSTATUS>Completed</PROJSTATUS><PROJSTATUSRULE>AllowUse</PROJSTATUSRULE><PROJTYPE>None</PROJTYPE></PROJSTATUSTYPERULEENTITY></Document>