﻿<?xml version="1.0" encoding="utf-8"?><Document><PROJCATEGORYGROUPENTITY><CATEGORYGROUPID>EXPENSE</CATEGORYGROUPID><CATEGORYTYPE>Cost</CATEGORYTYPE><NAME>Expenses</NAME></PROJCATEGORYGROUPENTITY><PROJCATEGORYGROUPENTITY><CATEGORYGROUPID>FEES</CATEGORYGROUPID><CATEGORYTYPE>Revenue</CATEGORYTYPE><NAME>Fees</NAME></PROJCATEGORYGROUPENTITY><PROJCATEGORYGROUPENTITY><CATEGORYGROUPID>FIXEDFEES</CATEGORYGROUPID><CATEGORYTYPE>Revenue</CATEGORYTYPE><NAME>Fixed Fees</NAME></PROJCATEGORYGROUPENTITY><PROJCATEGORYGROUPENTITY><CATEGORYGROUPID>HOURS</CATEGORYGROUPID><CATEGORYTYPE>Hour</CATEGORYTYPE><NAME>Hours</NAME></PROJCATEGORYGROUPENTITY><PROJCATEGORYGROUPENTITY><CATEGORYGROUPID>INDIRECT</CATEGORYGROUPID><CATEGORYTYPE>Hour</CATEGORYTYPE><NAME>Indirect Hours</NAME></PROJCATEGORYGROUPENTITY><PROJCATEGORYGROUPENTITY><CATEGORYGROUPID>ITEMS</CATEGORYGROUPID><CATEGORYTYPE>Item</CATEGORYTYPE><NAME>Items</NAME></PROJCATEGORYGROUPENTITY><PROJCATEGORYGROUPENTITY><CATEGORYGROUPID>NONBILLHRS</CATEGORYGROUPID><CATEGORYTYPE>Hour</CATEGORYTYPE><NAME>Non-Billable Hours</NAME></PROJCATEGORYGROUPENTITY><PROJCATEGORYGROUPENTITY><CATEGORYGROUPID>TRAVEL</CATEGORYGROUPID><CATEGORYTYPE>Cost</CATEGORYTYPE><NAME>Travel Expenses</NAME></PROJCATEGORYGROUPENTITY></Document>