﻿<?xml version="1.0" encoding="utf-8"?><Document><SHAREDCATEGORYENTITY><CATEGORYID>BOTTLING</CATEGORYID><CATEGORYNAME>Bottling</CATEGORYNAME><EXPENSETYPE></EXPENSETYPE><USEINEXPENSE>No</USEINEXPENSE><USEINPRODUCTION>Yes</USEINPRODUCTION><USEINPROJECT>No</USEINPROJECT></SHAREDCATEGORYENTITY><SHAREDCATEGORYENTITY><CATEGORYID>COOKING</CATEGORYID><CATEGORYNAME>Cooking</CATEGORYNAME><EXPENSETYPE></EXPENSETYPE><USEINEXPENSE>No</USEINEXPENSE><USEINPRODUCTION>Yes</USEINPRODUCTION><USEINPROJECT>No</USEINPROJECT></SHAREDCATEGORYENTITY><SHAREDCATEGORYENTITY><CATEGORYID>DISTILLING</CATEGORYID><CATEGORYNAME>Distilling</CATEGORYNAME><EXPENSETYPE></EXPENSETYPE><USEINEXPENSE>No</USEINEXPENSE><USEINPRODUCTION>Yes</USEINPRODUCTION><USEINPROJECT>No</USEINPROJECT></SHAREDCATEGORYENTITY><SHAREDCATEGORYENTITY><CATEGORYID>DRYING</CATEGORYID><CATEGORYNAME>Drying</CATEGORYNAME><EXPENSETYPE></EXPENSETYPE><USEINEXPENSE>No</USEINEXPENSE><USEINPRODUCTION>Yes</USEINPRODUCTION><USEINPROJECT>No</USEINPROJECT></SHAREDCATEGORYENTITY><SHAREDCATEGORYENTITY><CATEGORYID>EXPENSE</CATEGORYID><CATEGORYNAME>Expense</CATEGORYNAME><EXPENSETYPE></EXPENSETYPE><USEINEXPENSE>No</USEINEXPENSE><USEINPRODUCTION>No</USEINPRODUCTION><USEINPROJECT>Yes</USEINPROJECT></SHAREDCATEGORYENTITY><SHAREDCATEGORYENTITY><CATEGORYID>FEE</CATEGORYID><CATEGORYNAME>Project Fee</CATEGORYNAME><EXPENSETYPE></EXPENSETYPE><USEINEXPENSE>No</USEINEXPENSE><USEINPRODUCTION>No</USEINPRODUCTION><USEINPROJECT>Yes</USEINPROJECT></SHAREDCATEGORYENTITY><SHAREDCATEGORYENTITY><CATEGORYID>HOUR</CATEGORYID><CATEGORYNAME>Hour</CATEGORYNAME><EXPENSETYPE></EXPENSETYPE><USEINEXPENSE>No</USEINEXPENSE><USEINPRODUCTION>No</USEINPRODUCTION><USEINPROJECT>Yes</USEINPROJECT></SHAREDCATEGORYENTITY><SHAREDCATEGORYENTITY><CATEGORYID>ITEM</CATEGORYID><CATEGORYNAME>Item</CATEGORYNAME><EXPENSETYPE></EXPENSETYPE><USEINEXPENSE>No</USEINEXPENSE><USEINPRODUCTION>No</USEINPRODUCTION><USEINPROJECT>Yes</USEINPROJECT></SHAREDCATEGORYENTITY><SHAREDCATEGORYENTITY><CATEGORYID>LABOR</CATEGORYID><CATEGORYNAME>Labor</CATEGORYNAME><EXPENSETYPE></EXPENSETYPE><USEINEXPENSE>No</USEINEXPENSE><USEINPRODUCTION>No</USEINPRODUCTION><USEINPROJECT>Yes</USEINPROJECT></SHAREDCATEGORYENTITY><SHAREDCATEGORYENTITY><CATEGORYID>MGMTFEE</CATEGORYID><CATEGORYNAME>Management Fee</CATEGORYNAME><EXPENSETYPE></EXPENSETYPE><USEINEXPENSE>No</USEINEXPENSE><USEINPRODUCTION>No</USEINPRODUCTION><USEINPROJECT>Yes</USEINPROJECT></SHAREDCATEGORYENTITY><SHAREDCATEGORYENTITY><CATEGORYID>PM</CATEGORYID><CATEGORYNAME>Project Management</CATEGORYNAME><EXPENSETYPE></EXPENSETYPE><USEINEXPENSE>No</USEINEXPENSE><USEINPRODUCTION>No</USEINPRODUCTION><USEINPROJECT>Yes</USEINPROJECT></SHAREDCATEGORYENTITY><SHAREDCATEGORYENTITY><CATEGORYID>PRESSING</CATEGORYID><CATEGORYNAME>Pressing</CATEGORYNAME><EXPENSETYPE></EXPENSETYPE><USEINEXPENSE>No</USEINEXPENSE><USEINPRODUCTION>Yes</USEINPRODUCTION><USEINPROJECT>No</USEINPROJECT></SHAREDCATEGORYENTITY><SHAREDCATEGORYENTITY><CATEGORYID>SETUP</CATEGORYID><CATEGORYNAME>Setup</CATEGORYNAME><EXPENSETYPE></EXPENSETYPE><USEINEXPENSE>No</USEINEXPENSE><USEINPRODUCTION>No</USEINPRODUCTION><USEINPROJECT>Yes</USEINPROJECT></SHAREDCATEGORYENTITY><SHAREDCATEGORYENTITY><CATEGORYID>STRAIING</CATEGORYID><CATEGORYNAME>Straining</CATEGORYNAME><EXPENSETYPE></EXPENSETYPE><USEINEXPENSE>No</USEINEXPENSE><USEINPRODUCTION>Yes</USEINPRODUCTION><USEINPROJECT>No</USEINPROJECT></SHAREDCATEGORYENTITY><SHAREDCATEGORYENTITY><CATEGORYID>STRAINING</CATEGORYID><CATEGORYNAME>Straining</CATEGORYNAME><EXPENSETYPE></EXPENSETYPE><USEINEXPENSE>No</USEINEXPENSE><USEINPRODUCTION>Yes</USEINPRODUCTION><USEINPROJECT>No</USEINPROJECT></SHAREDCATEGORYENTITY><SHAREDCATEGORYENTITY><CATEGORYID>SUBSCRIPTION</CATEGORYID><CATEGORYNAME>Subscription Fee</CATEGORYNAME><EXPENSETYPE></EXPENSETYPE><USEINEXPENSE>No</USEINEXPENSE><USEINPRODUCTION>No</USEINPRODUCTION><USEINPROJECT>Yes</USEINPROJECT></SHAREDCATEGORYENTITY></Document>