﻿<?xml version="1.0" encoding="utf-8"?><Document><HCMJOBBASEENTITY><ALLOWUNLIMITEDPOSITIONS>Yes</ALLOWUNLIMITEDPOSITIONS><JOBID>Accounts Payable Coordinator</JOBID><MAXIMUMNUMBEROFPOSITIONS>2147483647</MAXIMUMNUMBEROFPOSITIONS></HCMJOBBASEENTITY><HCMJOBBASEENTITY><ALLOWUNLIMITEDPOSITIONS>Yes</ALLOWUNLIMITEDPOSITIONS><JOBID>Accounts Receivable Coordinator</JOBID><MAXIMUMNUMBEROFPOSITIONS>2147483647</MAXIMUMNUMBEROFPOSITIONS></HCMJOBBASEENTITY><HCMJOBBASEENTITY><ALLOWUNLIMITEDPOSITIONS>Yes</ALLOWUNLIMITEDPOSITIONS><JOBID>Bookekeeper</JOBID><MAXIMUMNUMBEROFPOSITIONS>2147483647</MAXIMUMNUMBEROFPOSITIONS></HCMJOBBASEENTITY><HCMJOBBASEENTITY><ALLOWUNLIMITEDPOSITIONS>Yes</ALLOWUNLIMITEDPOSITIONS><JOBID>Credit and Collections Manager</JOBID><MAXIMUMNUMBEROFPOSITIONS>2147483647</MAXIMUMNUMBEROFPOSITIONS></HCMJOBBASEENTITY><HCMJOBBASEENTITY><ALLOWUNLIMITEDPOSITIONS>Yes</ALLOWUNLIMITEDPOSITIONS><JOBID>Customer Service Representative</JOBID><MAXIMUMNUMBEROFPOSITIONS>2147483647</MAXIMUMNUMBEROFPOSITIONS></HCMJOBBASEENTITY><HCMJOBBASEENTITY><ALLOWUNLIMITEDPOSITIONS>No</ALLOWUNLIMITEDPOSITIONS><JOBID>Human Resource Manager</JOBID><MAXIMUMNUMBEROFPOSITIONS>1</MAXIMUMNUMBEROFPOSITIONS></HCMJOBBASEENTITY><HCMJOBBASEENTITY><ALLOWUNLIMITEDPOSITIONS>Yes</ALLOWUNLIMITEDPOSITIONS><JOBID>Materials Manager</JOBID><MAXIMUMNUMBEROFPOSITIONS>2147483647</MAXIMUMNUMBEROFPOSITIONS></HCMJOBBASEENTITY><HCMJOBBASEENTITY><ALLOWUNLIMITEDPOSITIONS>No</ALLOWUNLIMITEDPOSITIONS><JOBID>Owner</JOBID><MAXIMUMNUMBEROFPOSITIONS>1</MAXIMUMNUMBEROFPOSITIONS></HCMJOBBASEENTITY><HCMJOBBASEENTITY><ALLOWUNLIMITEDPOSITIONS>Yes</ALLOWUNLIMITEDPOSITIONS><JOBID>Payroll Administrator</JOBID><MAXIMUMNUMBEROFPOSITIONS>2147483647</MAXIMUMNUMBEROFPOSITIONS></HCMJOBBASEENTITY><HCMJOBBASEENTITY><ALLOWUNLIMITEDPOSITIONS>Yes</ALLOWUNLIMITEDPOSITIONS><JOBID>Production Manager</JOBID><MAXIMUMNUMBEROFPOSITIONS>2147483647</MAXIMUMNUMBEROFPOSITIONS></HCMJOBBASEENTITY><HCMJOBBASEENTITY><ALLOWUNLIMITEDPOSITIONS>Yes</ALLOWUNLIMITEDPOSITIONS><JOBID>Production Planner</JOBID><MAXIMUMNUMBEROFPOSITIONS>2147483647</MAXIMUMNUMBEROFPOSITIONS></HCMJOBBASEENTITY><HCMJOBBASEENTITY><ALLOWUNLIMITEDPOSITIONS>Yes</ALLOWUNLIMITEDPOSITIONS><JOBID>Production Worker</JOBID><MAXIMUMNUMBEROFPOSITIONS>2147483647</MAXIMUMNUMBEROFPOSITIONS></HCMJOBBASEENTITY><HCMJOBBASEENTITY><ALLOWUNLIMITEDPOSITIONS>Yes</ALLOWUNLIMITEDPOSITIONS><JOBID>Purchasing Agent</JOBID><MAXIMUMNUMBEROFPOSITIONS>2147483647</MAXIMUMNUMBEROFPOSITIONS></HCMJOBBASEENTITY><HCMJOBBASEENTITY><ALLOWUNLIMITEDPOSITIONS>Yes</ALLOWUNLIMITEDPOSITIONS><JOBID>Quality Manager</JOBID><MAXIMUMNUMBEROFPOSITIONS>2147483647</MAXIMUMNUMBEROFPOSITIONS></HCMJOBBASEENTITY><HCMJOBBASEENTITY><ALLOWUNLIMITEDPOSITIONS>Yes</ALLOWUNLIMITEDPOSITIONS><JOBID>Research and Development</JOBID><MAXIMUMNUMBEROFPOSITIONS>2147483647</MAXIMUMNUMBEROFPOSITIONS></HCMJOBBASEENTITY><HCMJOBBASEENTITY><ALLOWUNLIMITEDPOSITIONS>Yes</ALLOWUNLIMITEDPOSITIONS><JOBID>Sales Manager</JOBID><MAXIMUMNUMBEROFPOSITIONS>2147483647</MAXIMUMNUMBEROFPOSITIONS></HCMJOBBASEENTITY><HCMJOBBASEENTITY><ALLOWUNLIMITEDPOSITIONS>Yes</ALLOWUNLIMITEDPOSITIONS><JOBID>Sales Representative</JOBID><MAXIMUMNUMBEROFPOSITIONS>2147483647</MAXIMUMNUMBEROFPOSITIONS></HCMJOBBASEENTITY><HCMJOBBASEENTITY><ALLOWUNLIMITEDPOSITIONS>Yes</ALLOWUNLIMITEDPOSITIONS><JOBID>Shipping and Receiving Clerk</JOBID><MAXIMUMNUMBEROFPOSITIONS>2147483647</MAXIMUMNUMBEROFPOSITIONS></HCMJOBBASEENTITY><HCMJOBBASEENTITY><ALLOWUNLIMITEDPOSITIONS>Yes</ALLOWUNLIMITEDPOSITIONS><JOBID>Store Clerk</JOBID><MAXIMUMNUMBEROFPOSITIONS>2147483647</MAXIMUMNUMBEROFPOSITIONS></HCMJOBBASEENTITY><HCMJOBBASEENTITY><ALLOWUNLIMITEDPOSITIONS>Yes</ALLOWUNLIMITEDPOSITIONS><JOBID>Store Manager</JOBID><MAXIMUMNUMBEROFPOSITIONS>2147483647</MAXIMUMNUMBEROFPOSITIONS></HCMJOBBASEENTITY><HCMJOBBASEENTITY><ALLOWUNLIMITEDPOSITIONS>Yes</ALLOWUNLIMITEDPOSITIONS><JOBID>System Administrator</JOBID><MAXIMUMNUMBEROFPOSITIONS>2147483647</MAXIMUMNUMBEROFPOSITIONS></HCMJOBBASEENTITY><HCMJOBBASEENTITY><ALLOWUNLIMITEDPOSITIONS>Yes</ALLOWUNLIMITEDPOSITIONS><JOBID>Warehouse Worker</JOBID><MAXIMUMNUMBEROFPOSITIONS>2147483647</MAXIMUMNUMBEROFPOSITIONS></HCMJOBBASEENTITY></Document>