﻿<?xml version="1.0" encoding="utf-8"?><Document><HCMPOSITIONBASEENTITY><POSITIONID>000002</POSITIONID></HCMPOSITIONBASEENTITY><HCMPOSITIONBASEENTITY><POSITIONID>000004</POSITIONID></HCMPOSITIONBASEENTITY><HCMPOSITIONBASEENTITY><POSITIONID>000005</POSITIONID></HCMPOSITIONBASEENTITY><HCMPOSITIONBASEENTITY><POSITIONID>000006</POSITIONID></HCMPOSITIONBASEENTITY><HCMPOSITIONBASEENTITY><POSITIONID>000007</POSITIONID></HCMPOSITIONBASEENTITY><HCMPOSITIONBASEENTITY><POSITIONID>000008</POSITIONID></HCMPOSITIONBASEENTITY><HCMPOSITIONBASEENTITY><POSITIONID>000009</POSITIONID></HCMPOSITIONBASEENTITY><HCMPOSITIONBASEENTITY><POSITIONID>000010</POSITIONID></HCMPOSITIONBASEENTITY><HCMPOSITIONBASEENTITY><POSITIONID>000011</POSITIONID></HCMPOSITIONBASEENTITY><HCMPOSITIONBASEENTITY><POSITIONID>000012</POSITIONID></HCMPOSITIONBASEENTITY></Document>