﻿<?xml version="1.0" encoding="utf-8"?><Document><HCMJOBTYPEENTITY><DESCRIPTION>Agents</DESCRIPTION><EXEMPTSTATUS>Exempt</EXEMPTSTATUS><JOBTYPEID>AGENTS</JOBTYPEID><PAIDHOURLY>No</PAIDHOURLY><SYSTEM_CREATEDBY>Admin</SYSTEM_CREATEDBY><SYSTEM_CREATEDDATETIME>2024-08-21T11:57:23</SYSTEM_CREATEDDATETIME><SYSTEM_MODIFIEDBY>Admin</SYSTEM_MODIFIEDBY><SYSTEM_MODIFIEDDATETIME>2024-08-21T11:57:23</SYSTEM_MODIFIEDDATETIME></HCMJOBTYPEENTITY><HCMJOBTYPEENTITY><DESCRIPTION>Clerical</DESCRIPTION><EXEMPTSTATUS>NonExempt</EXEMPTSTATUS><JOBTYPEID>CLERICAL</JOBTYPEID><PAIDHOURLY>No</PAIDHOURLY><SYSTEM_CREATEDBY>Admin</SYSTEM_CREATEDBY><SYSTEM_CREATEDDATETIME>2024-08-21T11:57:31</SYSTEM_CREATEDDATETIME><SYSTEM_MODIFIEDBY>Admin</SYSTEM_MODIFIEDBY><SYSTEM_MODIFIEDDATETIME>2024-08-21T11:57:31</SYSTEM_MODIFIEDDATETIME></HCMJOBTYPEENTITY><HCMJOBTYPEENTITY><DESCRIPTION>Contractors</DESCRIPTION><EXEMPTSTATUS>Exempt</EXEMPTSTATUS><JOBTYPEID>CONTRACTORS</JOBTYPEID><PAIDHOURLY>No</PAIDHOURLY><SYSTEM_CREATEDBY>Admin</SYSTEM_CREATEDBY><SYSTEM_CREATEDDATETIME>2024-08-21T11:59:29</SYSTEM_CREATEDDATETIME><SYSTEM_MODIFIEDBY>Admin</SYSTEM_MODIFIEDBY><SYSTEM_MODIFIEDDATETIME>2024-08-21T11:59:29</SYSTEM_MODIFIEDDATETIME></HCMJOBTYPEENTITY><HCMJOBTYPEENTITY><DESCRIPTION>Directors</DESCRIPTION><EXEMPTSTATUS>Exempt</EXEMPTSTATUS><JOBTYPEID>DIRECTORS</JOBTYPEID><PAIDHOURLY>No</PAIDHOURLY><SYSTEM_CREATEDBY>Admin</SYSTEM_CREATEDBY><SYSTEM_CREATEDDATETIME>2024-08-21T11:57:41</SYSTEM_CREATEDDATETIME><SYSTEM_MODIFIEDBY>Admin</SYSTEM_MODIFIEDBY><SYSTEM_MODIFIEDDATETIME>2024-08-21T11:57:41</SYSTEM_MODIFIEDDATETIME></HCMJOBTYPEENTITY><HCMJOBTYPEENTITY><DESCRIPTION>Executives</DESCRIPTION><EXEMPTSTATUS>Exempt</EXEMPTSTATUS><JOBTYPEID>EXECUTIVES</JOBTYPEID><PAIDHOURLY>No</PAIDHOURLY><SYSTEM_CREATEDBY>Admin</SYSTEM_CREATEDBY><SYSTEM_CREATEDDATETIME>2024-08-21T11:57:54</SYSTEM_CREATEDDATETIME><SYSTEM_MODIFIEDBY>Admin</SYSTEM_MODIFIEDBY><SYSTEM_MODIFIEDDATETIME>2024-08-21T11:57:54</SYSTEM_MODIFIEDDATETIME></HCMJOBTYPEENTITY><HCMJOBTYPEENTITY><DESCRIPTION>Hourly Workers</DESCRIPTION><EXEMPTSTATUS>NonExempt</EXEMPTSTATUS><JOBTYPEID>HOURLY</JOBTYPEID><PAIDHOURLY>Yes</PAIDHOURLY><SYSTEM_CREATEDBY>Admin</SYSTEM_CREATEDBY><SYSTEM_CREATEDDATETIME>2024-08-21T11:58:04</SYSTEM_CREATEDDATETIME><SYSTEM_MODIFIEDBY>Admin</SYSTEM_MODIFIEDBY><SYSTEM_MODIFIEDDATETIME>2024-08-21T11:58:04</SYSTEM_MODIFIEDDATETIME></HCMJOBTYPEENTITY><HCMJOBTYPEENTITY><DESCRIPTION>Managers</DESCRIPTION><EXEMPTSTATUS>Exempt</EXEMPTSTATUS><JOBTYPEID>MANAGERS</JOBTYPEID><PAIDHOURLY>No</PAIDHOURLY><SYSTEM_CREATEDBY>Admin</SYSTEM_CREATEDBY><SYSTEM_CREATEDDATETIME>2024-08-21T11:58:22</SYSTEM_CREATEDDATETIME><SYSTEM_MODIFIEDBY>Admin</SYSTEM_MODIFIEDBY><SYSTEM_MODIFIEDDATETIME>2024-08-21T11:58:22</SYSTEM_MODIFIEDDATETIME></HCMJOBTYPEENTITY><HCMJOBTYPEENTITY><DESCRIPTION>Salary</DESCRIPTION><EXEMPTSTATUS>NonExempt</EXEMPTSTATUS><JOBTYPEID>SALARY</JOBTYPEID><PAIDHOURLY>No</PAIDHOURLY><SYSTEM_CREATEDBY>Admin</SYSTEM_CREATEDBY><SYSTEM_CREATEDDATETIME>2024-08-21T12:18:25</SYSTEM_CREATEDDATETIME><SYSTEM_MODIFIEDBY>Admin</SYSTEM_MODIFIEDBY><SYSTEM_MODIFIEDDATETIME>2024-08-21T12:18:25</SYSTEM_MODIFIEDDATETIME></HCMJOBTYPEENTITY></Document>