﻿<?xml version="1.0" encoding="utf-8"?><Document><HCMJOBFUNCTIONENTITY><DESCRIPTION>Administrative Support Workers</DESCRIPTION><JOBFUNCTIONID>ADMIN</JOBFUNCTIONID></HCMJOBFUNCTIONENTITY><HCMJOBFUNCTIONENTITY><DESCRIPTION>Craft Workers</DESCRIPTION><JOBFUNCTIONID>CRAFT</JOBFUNCTIONID></HCMJOBFUNCTIONENTITY><HCMJOBFUNCTIONENTITY><DESCRIPTION>Laborers and Helpers</DESCRIPTION><JOBFUNCTIONID>LABOR</JOBFUNCTIONID></HCMJOBFUNCTIONENTITY><HCMJOBFUNCTIONENTITY><DESCRIPTION>Officials and Managers</DESCRIPTION><JOBFUNCTIONID>OFFICALS</JOBFUNCTIONID></HCMJOBFUNCTIONENTITY><HCMJOBFUNCTIONENTITY><DESCRIPTION>Operatives</DESCRIPTION><JOBFUNCTIONID>OPERATIVES</JOBFUNCTIONID></HCMJOBFUNCTIONENTITY><HCMJOBFUNCTIONENTITY><DESCRIPTION>Professionals</DESCRIPTION><JOBFUNCTIONID>PROF</JOBFUNCTIONID></HCMJOBFUNCTIONENTITY><HCMJOBFUNCTIONENTITY><DESCRIPTION>Sales Workers</DESCRIPTION><JOBFUNCTIONID>SALES</JOBFUNCTIONID></HCMJOBFUNCTIONENTITY><HCMJOBFUNCTIONENTITY><DESCRIPTION>Service Workers</DESCRIPTION><JOBFUNCTIONID>SERVICE</JOBFUNCTIONID></HCMJOBFUNCTIONENTITY><HCMJOBFUNCTIONENTITY><DESCRIPTION>Technicians</DESCRIPTION><JOBFUNCTIONID>TECH</JOBFUNCTIONID></HCMJOBFUNCTIONENTITY></Document>