﻿<?xml version="1.0" encoding="utf-8"?><Document><CUSTCUSTOMERDETAILV2ENTITY><ACCOUNTSTATEMENT>Always</ACCOUNTSTATEMENT><CENTRALBANKPURPOSECODE></CENTRALBANKPURPOSECODE><CENTRALBANKPURPOSENOTES></CENTRALBANKPURPOSENOTES><CHARGESGROUPID></CHARGESGROUPID><COLLECTIONLETTERCODE>None</COLLECTIONLETTERCODE><COLLECTIONSCONTACTPERSONID></COLLECTIONSCONTACTPERSONID><COMMISSIONCUSTOMERGROUPID></COMMISSIONCUSTOMERGROUPID><COMMISSIONSALESGROUPID></COMMISSIONSALESGROUPID><COMPANYCHAIN></COMPANYCHAIN><CONTACTPERSONID></CONTACTPERSONID><CREDITCARDADDRESSVERIFICATION>None</CREDITCARDADDRESSVERIFICATION><CREDITCARDADDRESSVERIFICATIONISAUTHORIZATIONVOIDEDONFAILURE>No</CREDITCARDADDRESSVERIFICATIONISAUTHORIZATIONVOIDEDONFAILURE><CREDITCARDADDRESSVERIFICATIONLEVEL>Accept</CREDITCARDADDRESSVERIFICATIONLEVEL><CREDITCARDCVC>None</CREDITCARDCVC><CREDITLIMIT>0.000000</CREDITLIMIT><CREDITLIMITISMANDATORY>No</CREDITLIMITISMANDATORY><CREDITRATING></CREDITRATING><CUSTOMERACCOUNT>DHUSARRAELABHURK</CUSTOMERACCOUNT><CUSTOMERREBATEGROUPID></CUSTOMERREBATEGROUPID><CUSTOMERTMAGROUPID></CUSTOMERTMAGROUPID><DEFAULTDIMENSIONDISPLAYVALUE></DEFAULTDIMENSIONDISPLAYVALUE><DEFAULTINVENTORYSTATUSID></DEFAULTINVENTORYSTATUSID><DELIVERYFREIGHTZONE></DELIVERYFREIGHTZONE><DELIVERYMODE></DELIVERYMODE><DELIVERYREASON></DELIVERYREASON><DELIVERYTERMS></DELIVERYTERMS><DESTINATIONCODE></DESTINATIONCODE><DISCOUNTPRICEGROUPID></DISCOUNTPRICEGROUPID><EMPLOYEERESPONSIBLENUMBER>000001</EMPLOYEERESPONSIBLENUMBER><FULFILLMENTPOLICYNAME></FULFILLMENTPOLICYNAME><IDENTIFICATIONNUMBER></IDENTIFICATIONNUMBER><INVOICEACCOUNT></INVOICEACCOUNT><INVOICEADDRESS>InvoiceAccount</INVOICEADDRESS><ISALLOWCREATEINDIRECTORDERLINES>No</ISALLOWCREATEINDIRECTORDERLINES><ISELECTRONICINVOICE>No</ISELECTRONICINVOICE><ISEXCLUDEDFROMCOLLECTIONFEECALCULATION>No</ISEXCLUDEDFROMCOLLECTIONFEECALCULATION><ISEXCLUDEDFROMINTERESTCHARGECALCULATION>No</ISEXCLUDEDFROMINTERESTCHARGECALCULATION><ISEXPRESSBILLOFLADINGACCEPTED>No</ISEXPRESSBILLOFLADINGACCEPTED><ISFREIGHTACCRUED>No</ISFREIGHTACCRUED><ISONETIMECUSTOMER>No</ISONETIMECUSTOMER><ISORDERNUMBERREFERENCEUSED></ISORDERNUMBERREFERENCEUSED><ISPURCHREQUESTUSED>No</ISPURCHREQUESTUSED><ISSALESTAXINCLUDEDINPRICES>No</ISSALESTAXINCLUDEDINPRICES><ISTRANSACTIONPOSTEDASSHIPMENT></ISTRANSACTIONPOSTEDASSHIPMENT><ISWITHHOLDINGTAXCALCULATED>No</ISWITHHOLDINGTAXCALCULATED><ITEMCUSTOMERGROUPID></ITEMCUSTOMERGROUPID><LINEDISCOUNTCODE></LINEDISCOUNTCODE><LINEOFBUSINESSID></LINEOFBUSINESSID><MULTILINEDISCOUNTCODE></MULTILINEDISCOUNTCODE><NUMBERSEQUENCEGROUP></NUMBERSEQUENCEGROUP><ONHOLDSTATUS>No</ONHOLDSTATUS><ORDERENTRYDEADLINE></ORDERENTRYDEADLINE><OVERRIDESALESTAX>No</OVERRIDESALESTAX><PACKINGDUTYLICENSE></PACKINGDUTYLICENSE><PACKINGMATERIALFEELICENSENUMBER></PACKINGMATERIALFEELICENSENUMBER><PAYMENTBANKACCOUNT></PAYMENTBANKACCOUNT><PAYMENTCASHDISCOUNT></PAYMENTCASHDISCOUNT><PAYMENTDAY></PAYMENTDAY><PAYMENTIDTYPE></PAYMENTIDTYPE><PAYMENTMETHOD></PAYMENTMETHOD><PAYMENTSCHEDULE></PAYMENTSCHEDULE><PAYMENTSPECIFICATION></PAYMENTSPECIFICATION><PAYMENTTERMS>CASH</PAYMENTTERMS><PAYMENTTERMSBASEDAYS>0</PAYMENTTERMSBASEDAYS><PAYMENTUSECASHDISCOUNT>Normal</PAYMENTUSECASHDISCOUNT><RECEIPTCALENDAR></RECEIPTCALENDAR><RECEIPTEMAIL></RECEIPTEMAIL><RECEIPTOPTION></RECEIPTOPTION><SALESACCOUNTNUMBER></SALESACCOUNTNUMBER><SALESDISTRICT></SALESDISTRICT><SALESMEMO></SALESMEMO><SALESORDERPOOLID></SALESORDERPOOLID><SALESSEGMENTID></SALESSEGMENTID><SALESSUBSEGMENTID></SALESSUBSEGMENTID><SALESTAXGROUP></SALESTAXGROUP><SITEID></SITEID><STATISTICSGROUPID></STATISTICSGROUPID><SUPPLEMENTARYITEMGROUPID></SUPPLEMENTARYITEMGROUPID><TAXEXEMPTNUMBER></TAXEXEMPTNUMBER><TOTALDISCOUNTCODE></TOTALDISCOUNTCODE><VENDORACCOUNT></VENDORACCOUNT><WAREHOUSEID></WAREHOUSEID><WAREHOUSEISASNGENERATED></WAREHOUSEISASNGENERATED><WAREHOUSEISENTIRESHIPMENTFILLED></WAREHOUSEISENTIRESHIPMENTFILLED><WITHHOLDINGTAXGROUPCODE></WITHHOLDINGTAXGROUPCODE><WRITEOFFREASON></WRITEOFFREASON></CUSTCUSTOMERDETAILV2ENTITY><CUSTCUSTOMERDETAILV2ENTITY><ACCOUNTSTATEMENT>Always</ACCOUNTSTATEMENT><CENTRALBANKPURPOSECODE></CENTRALBANKPURPOSECODE><CENTRALBANKPURPOSENOTES></CENTRALBANKPURPOSENOTES><CHARGESGROUPID></CHARGESGROUPID><COLLECTIONLETTERCODE>None</COLLECTIONLETTERCODE><COLLECTIONSCONTACTPERSONID></COLLECTIONSCONTACTPERSONID><COMMISSIONCUSTOMERGROUPID></COMMISSIONCUSTOMERGROUPID><COMMISSIONSALESGROUPID></COMMISSIONSALESGROUPID><COMPANYCHAIN></COMPANYCHAIN><CONTACTPERSONID></CONTACTPERSONID><CREDITCARDADDRESSVERIFICATION>None</CREDITCARDADDRESSVERIFICATION><CREDITCARDADDRESSVERIFICATIONISAUTHORIZATIONVOIDEDONFAILURE>No</CREDITCARDADDRESSVERIFICATIONISAUTHORIZATIONVOIDEDONFAILURE><CREDITCARDADDRESSVERIFICATIONLEVEL>Accept</CREDITCARDADDRESSVERIFICATIONLEVEL><CREDITCARDCVC>None</CREDITCARDCVC><CREDITLIMIT>0.000000</CREDITLIMIT><CREDITLIMITISMANDATORY>No</CREDITLIMITISMANDATORY><CREDITRATING></CREDITRATING><CUSTOMERACCOUNT>EAMONBLACKBRIAR</CUSTOMERACCOUNT><CUSTOMERREBATEGROUPID></CUSTOMERREBATEGROUPID><CUSTOMERTMAGROUPID></CUSTOMERTMAGROUPID><DEFAULTDIMENSIONDISPLAYVALUE></DEFAULTDIMENSIONDISPLAYVALUE><DEFAULTINVENTORYSTATUSID></DEFAULTINVENTORYSTATUSID><DELIVERYFREIGHTZONE></DELIVERYFREIGHTZONE><DELIVERYMODE>SEA</DELIVERYMODE><DELIVERYREASON></DELIVERYREASON><DELIVERYTERMS>DDP</DELIVERYTERMS><DESTINATIONCODE></DESTINATIONCODE><DISCOUNTPRICEGROUPID></DISCOUNTPRICEGROUPID><EMPLOYEERESPONSIBLENUMBER>000001</EMPLOYEERESPONSIBLENUMBER><FULFILLMENTPOLICYNAME></FULFILLMENTPOLICYNAME><IDENTIFICATIONNUMBER></IDENTIFICATIONNUMBER><INVOICEACCOUNT></INVOICEACCOUNT><INVOICEADDRESS>InvoiceAccount</INVOICEADDRESS><ISALLOWCREATEINDIRECTORDERLINES>No</ISALLOWCREATEINDIRECTORDERLINES><ISELECTRONICINVOICE>No</ISELECTRONICINVOICE><ISEXCLUDEDFROMCOLLECTIONFEECALCULATION>No</ISEXCLUDEDFROMCOLLECTIONFEECALCULATION><ISEXCLUDEDFROMINTERESTCHARGECALCULATION>No</ISEXCLUDEDFROMINTERESTCHARGECALCULATION><ISEXPRESSBILLOFLADINGACCEPTED>No</ISEXPRESSBILLOFLADINGACCEPTED><ISFREIGHTACCRUED>No</ISFREIGHTACCRUED><ISONETIMECUSTOMER>No</ISONETIMECUSTOMER><ISORDERNUMBERREFERENCEUSED>No</ISORDERNUMBERREFERENCEUSED><ISPURCHREQUESTUSED>No</ISPURCHREQUESTUSED><ISSALESTAXINCLUDEDINPRICES>No</ISSALESTAXINCLUDEDINPRICES><ISTRANSACTIONPOSTEDASSHIPMENT>No</ISTRANSACTIONPOSTEDASSHIPMENT><ISWITHHOLDINGTAXCALCULATED>No</ISWITHHOLDINGTAXCALCULATED><ITEMCUSTOMERGROUPID></ITEMCUSTOMERGROUPID><LINEDISCOUNTCODE></LINEDISCOUNTCODE><LINEOFBUSINESSID></LINEOFBUSINESSID><MULTILINEDISCOUNTCODE></MULTILINEDISCOUNTCODE><NUMBERSEQUENCEGROUP></NUMBERSEQUENCEGROUP><ONHOLDSTATUS>No</ONHOLDSTATUS><ORDERENTRYDEADLINE></ORDERENTRYDEADLINE><OVERRIDESALESTAX>No</OVERRIDESALESTAX><PACKINGDUTYLICENSE></PACKINGDUTYLICENSE><PACKINGMATERIALFEELICENSENUMBER></PACKINGMATERIALFEELICENSENUMBER><PAYMENTBANKACCOUNT></PAYMENTBANKACCOUNT><PAYMENTCASHDISCOUNT></PAYMENTCASHDISCOUNT><PAYMENTDAY></PAYMENTDAY><PAYMENTIDTYPE></PAYMENTIDTYPE><PAYMENTMETHOD></PAYMENTMETHOD><PAYMENTSCHEDULE></PAYMENTSCHEDULE><PAYMENTSPECIFICATION></PAYMENTSPECIFICATION><PAYMENTTERMS>CASH</PAYMENTTERMS><PAYMENTTERMSBASEDAYS>0</PAYMENTTERMSBASEDAYS><PAYMENTUSECASHDISCOUNT>Normal</PAYMENTUSECASHDISCOUNT><RECEIPTCALENDAR></RECEIPTCALENDAR><RECEIPTEMAIL></RECEIPTEMAIL><RECEIPTOPTION>RetailEx3</RECEIPTOPTION><SALESACCOUNTNUMBER></SALESACCOUNTNUMBER><SALESDISTRICT></SALESDISTRICT><SALESMEMO></SALESMEMO><SALESORDERPOOLID></SALESORDERPOOLID><SALESSEGMENTID></SALESSEGMENTID><SALESSUBSEGMENTID></SALESSUBSEGMENTID><SALESTAXGROUP></SALESTAXGROUP><SITEID></SITEID><STATISTICSGROUPID></STATISTICSGROUPID><SUPPLEMENTARYITEMGROUPID></SUPPLEMENTARYITEMGROUPID><TAXEXEMPTNUMBER></TAXEXEMPTNUMBER><TOTALDISCOUNTCODE></TOTALDISCOUNTCODE><VENDORACCOUNT></VENDORACCOUNT><WAREHOUSEID></WAREHOUSEID><WAREHOUSEISASNGENERATED>No</WAREHOUSEISASNGENERATED><WAREHOUSEISENTIRESHIPMENTFILLED>No</WAREHOUSEISENTIRESHIPMENTFILLED><WITHHOLDINGTAXGROUPCODE></WITHHOLDINGTAXGROUPCODE><WRITEOFFREASON></WRITEOFFREASON></CUSTCUSTOMERDETAILV2ENTITY><CUSTCUSTOMERDETAILV2ENTITY><ACCOUNTSTATEMENT>Always</ACCOUNTSTATEMENT><CENTRALBANKPURPOSECODE></CENTRALBANKPURPOSECODE><CENTRALBANKPURPOSENOTES></CENTRALBANKPURPOSENOTES><CHARGESGROUPID></CHARGESGROUPID><COLLECTIONLETTERCODE>None</COLLECTIONLETTERCODE><COLLECTIONSCONTACTPERSONID></COLLECTIONSCONTACTPERSONID><COMMISSIONCUSTOMERGROUPID></COMMISSIONCUSTOMERGROUPID><COMMISSIONSALESGROUPID></COMMISSIONSALESGROUPID><COMPANYCHAIN></COMPANYCHAIN><CONTACTPERSONID></CONTACTPERSONID><CREDITCARDADDRESSVERIFICATION>None</CREDITCARDADDRESSVERIFICATION><CREDITCARDADDRESSVERIFICATIONISAUTHORIZATIONVOIDEDONFAILURE>No</CREDITCARDADDRESSVERIFICATIONISAUTHORIZATIONVOIDEDONFAILURE><CREDITCARDADDRESSVERIFICATIONLEVEL>Accept</CREDITCARDADDRESSVERIFICATIONLEVEL><CREDITCARDCVC>None</CREDITCARDCVC><CREDITLIMIT>0.000000</CREDITLIMIT><CREDITLIMITISMANDATORY>No</CREDITLIMITISMANDATORY><CREDITRATING></CREDITRATING><CUSTOMERACCOUNT>SERAPHINEDUSKWIND</CUSTOMERACCOUNT><CUSTOMERREBATEGROUPID></CUSTOMERREBATEGROUPID><CUSTOMERTMAGROUPID></CUSTOMERTMAGROUPID><DEFAULTDIMENSIONDISPLAYVALUE></DEFAULTDIMENSIONDISPLAYVALUE><DEFAULTINVENTORYSTATUSID></DEFAULTINVENTORYSTATUSID><DELIVERYFREIGHTZONE></DELIVERYFREIGHTZONE><DELIVERYMODE>CPU</DELIVERYMODE><DELIVERYREASON></DELIVERYREASON><DELIVERYTERMS>CFR</DELIVERYTERMS><DESTINATIONCODE></DESTINATIONCODE><DISCOUNTPRICEGROUPID></DISCOUNTPRICEGROUPID><EMPLOYEERESPONSIBLENUMBER>000001</EMPLOYEERESPONSIBLENUMBER><FULFILLMENTPOLICYNAME></FULFILLMENTPOLICYNAME><IDENTIFICATIONNUMBER></IDENTIFICATIONNUMBER><INVOICEACCOUNT></INVOICEACCOUNT><INVOICEADDRESS>InvoiceAccount</INVOICEADDRESS><ISALLOWCREATEINDIRECTORDERLINES>No</ISALLOWCREATEINDIRECTORDERLINES><ISELECTRONICINVOICE>No</ISELECTRONICINVOICE><ISEXCLUDEDFROMCOLLECTIONFEECALCULATION>No</ISEXCLUDEDFROMCOLLECTIONFEECALCULATION><ISEXCLUDEDFROMINTERESTCHARGECALCULATION>No</ISEXCLUDEDFROMINTERESTCHARGECALCULATION><ISEXPRESSBILLOFLADINGACCEPTED>No</ISEXPRESSBILLOFLADINGACCEPTED><ISFREIGHTACCRUED>No</ISFREIGHTACCRUED><ISONETIMECUSTOMER>No</ISONETIMECUSTOMER><ISORDERNUMBERREFERENCEUSED>No</ISORDERNUMBERREFERENCEUSED><ISPURCHREQUESTUSED>No</ISPURCHREQUESTUSED><ISSALESTAXINCLUDEDINPRICES>No</ISSALESTAXINCLUDEDINPRICES><ISTRANSACTIONPOSTEDASSHIPMENT>No</ISTRANSACTIONPOSTEDASSHIPMENT><ISWITHHOLDINGTAXCALCULATED>No</ISWITHHOLDINGTAXCALCULATED><ITEMCUSTOMERGROUPID></ITEMCUSTOMERGROUPID><LINEDISCOUNTCODE></LINEDISCOUNTCODE><LINEOFBUSINESSID></LINEOFBUSINESSID><MULTILINEDISCOUNTCODE></MULTILINEDISCOUNTCODE><NUMBERSEQUENCEGROUP></NUMBERSEQUENCEGROUP><ONHOLDSTATUS>No</ONHOLDSTATUS><ORDERENTRYDEADLINE></ORDERENTRYDEADLINE><OVERRIDESALESTAX>No</OVERRIDESALESTAX><PACKINGDUTYLICENSE></PACKINGDUTYLICENSE><PACKINGMATERIALFEELICENSENUMBER></PACKINGMATERIALFEELICENSENUMBER><PAYMENTBANKACCOUNT></PAYMENTBANKACCOUNT><PAYMENTCASHDISCOUNT></PAYMENTCASHDISCOUNT><PAYMENTDAY></PAYMENTDAY><PAYMENTIDTYPE></PAYMENTIDTYPE><PAYMENTMETHOD></PAYMENTMETHOD><PAYMENTSCHEDULE></PAYMENTSCHEDULE><PAYMENTSPECIFICATION></PAYMENTSPECIFICATION><PAYMENTTERMS>CASH</PAYMENTTERMS><PAYMENTTERMSBASEDAYS>0</PAYMENTTERMSBASEDAYS><PAYMENTUSECASHDISCOUNT>Normal</PAYMENTUSECASHDISCOUNT><RECEIPTCALENDAR></RECEIPTCALENDAR><RECEIPTEMAIL></RECEIPTEMAIL><RECEIPTOPTION>RetailEx3</RECEIPTOPTION><SALESACCOUNTNUMBER></SALESACCOUNTNUMBER><SALESDISTRICT></SALESDISTRICT><SALESMEMO></SALESMEMO><SALESORDERPOOLID></SALESORDERPOOLID><SALESSEGMENTID></SALESSEGMENTID><SALESSUBSEGMENTID></SALESSUBSEGMENTID><SALESTAXGROUP></SALESTAXGROUP><SITEID></SITEID><STATISTICSGROUPID></STATISTICSGROUPID><SUPPLEMENTARYITEMGROUPID></SUPPLEMENTARYITEMGROUPID><TAXEXEMPTNUMBER></TAXEXEMPTNUMBER><TOTALDISCOUNTCODE></TOTALDISCOUNTCODE><VENDORACCOUNT></VENDORACCOUNT><WAREHOUSEID></WAREHOUSEID><WAREHOUSEISASNGENERATED>No</WAREHOUSEISASNGENERATED><WAREHOUSEISENTIRESHIPMENTFILLED>No</WAREHOUSEISENTIRESHIPMENTFILLED><WITHHOLDINGTAXGROUPCODE></WITHHOLDINGTAXGROUPCODE><WRITEOFFREASON></WRITEOFFREASON></CUSTCUSTOMERDETAILV2ENTITY><CUSTCUSTOMERDETAILV2ENTITY><ACCOUNTSTATEMENT>Always</ACCOUNTSTATEMENT><CENTRALBANKPURPOSECODE></CENTRALBANKPURPOSECODE><CENTRALBANKPURPOSENOTES></CENTRALBANKPURPOSENOTES><CHARGESGROUPID></CHARGESGROUPID><COLLECTIONLETTERCODE>None</COLLECTIONLETTERCODE><COLLECTIONSCONTACTPERSONID></COLLECTIONSCONTACTPERSONID><COMMISSIONCUSTOMERGROUPID></COMMISSIONCUSTOMERGROUPID><COMMISSIONSALESGROUPID></COMMISSIONSALESGROUPID><COMPANYCHAIN></COMPANYCHAIN><CONTACTPERSONID></CONTACTPERSONID><CREDITCARDADDRESSVERIFICATION>None</CREDITCARDADDRESSVERIFICATION><CREDITCARDADDRESSVERIFICATIONISAUTHORIZATIONVOIDEDONFAILURE>No</CREDITCARDADDRESSVERIFICATIONISAUTHORIZATIONVOIDEDONFAILURE><CREDITCARDADDRESSVERIFICATIONLEVEL>Accept</CREDITCARDADDRESSVERIFICATIONLEVEL><CREDITCARDCVC>None</CREDITCARDCVC><CREDITLIMIT>0.000000</CREDITLIMIT><CREDITLIMITISMANDATORY>No</CREDITLIMITISMANDATORY><CREDITRATING></CREDITRATING><CUSTOMERACCOUNT>THALINDRAVALEWOOD</CUSTOMERACCOUNT><CUSTOMERREBATEGROUPID></CUSTOMERREBATEGROUPID><CUSTOMERTMAGROUPID></CUSTOMERTMAGROUPID><DEFAULTDIMENSIONDISPLAYVALUE></DEFAULTDIMENSIONDISPLAYVALUE><DEFAULTINVENTORYSTATUSID></DEFAULTINVENTORYSTATUSID><DELIVERYFREIGHTZONE></DELIVERYFREIGHTZONE><DELIVERYMODE>AIR-AIR</DELIVERYMODE><DELIVERYREASON></DELIVERYREASON><DELIVERYTERMS>DDP</DELIVERYTERMS><DESTINATIONCODE></DESTINATIONCODE><DISCOUNTPRICEGROUPID></DISCOUNTPRICEGROUPID><EMPLOYEERESPONSIBLENUMBER>000001</EMPLOYEERESPONSIBLENUMBER><FULFILLMENTPOLICYNAME></FULFILLMENTPOLICYNAME><IDENTIFICATIONNUMBER></IDENTIFICATIONNUMBER><INVOICEACCOUNT></INVOICEACCOUNT><INVOICEADDRESS>InvoiceAccount</INVOICEADDRESS><ISALLOWCREATEINDIRECTORDERLINES>No</ISALLOWCREATEINDIRECTORDERLINES><ISELECTRONICINVOICE>No</ISELECTRONICINVOICE><ISEXCLUDEDFROMCOLLECTIONFEECALCULATION>No</ISEXCLUDEDFROMCOLLECTIONFEECALCULATION><ISEXCLUDEDFROMINTERESTCHARGECALCULATION>No</ISEXCLUDEDFROMINTERESTCHARGECALCULATION><ISEXPRESSBILLOFLADINGACCEPTED>No</ISEXPRESSBILLOFLADINGACCEPTED><ISFREIGHTACCRUED>No</ISFREIGHTACCRUED><ISONETIMECUSTOMER>No</ISONETIMECUSTOMER><ISORDERNUMBERREFERENCEUSED></ISORDERNUMBERREFERENCEUSED><ISPURCHREQUESTUSED>No</ISPURCHREQUESTUSED><ISSALESTAXINCLUDEDINPRICES>No</ISSALESTAXINCLUDEDINPRICES><ISTRANSACTIONPOSTEDASSHIPMENT></ISTRANSACTIONPOSTEDASSHIPMENT><ISWITHHOLDINGTAXCALCULATED>No</ISWITHHOLDINGTAXCALCULATED><ITEMCUSTOMERGROUPID></ITEMCUSTOMERGROUPID><LINEDISCOUNTCODE></LINEDISCOUNTCODE><LINEOFBUSINESSID></LINEOFBUSINESSID><MULTILINEDISCOUNTCODE></MULTILINEDISCOUNTCODE><NUMBERSEQUENCEGROUP></NUMBERSEQUENCEGROUP><ONHOLDSTATUS>No</ONHOLDSTATUS><ORDERENTRYDEADLINE></ORDERENTRYDEADLINE><OVERRIDESALESTAX>No</OVERRIDESALESTAX><PACKINGDUTYLICENSE></PACKINGDUTYLICENSE><PACKINGMATERIALFEELICENSENUMBER></PACKINGMATERIALFEELICENSENUMBER><PAYMENTBANKACCOUNT></PAYMENTBANKACCOUNT><PAYMENTCASHDISCOUNT></PAYMENTCASHDISCOUNT><PAYMENTDAY></PAYMENTDAY><PAYMENTIDTYPE></PAYMENTIDTYPE><PAYMENTMETHOD></PAYMENTMETHOD><PAYMENTSCHEDULE></PAYMENTSCHEDULE><PAYMENTSPECIFICATION></PAYMENTSPECIFICATION><PAYMENTTERMS>CASH</PAYMENTTERMS><PAYMENTTERMSBASEDAYS>0</PAYMENTTERMSBASEDAYS><PAYMENTUSECASHDISCOUNT>Normal</PAYMENTUSECASHDISCOUNT><RECEIPTCALENDAR></RECEIPTCALENDAR><RECEIPTEMAIL></RECEIPTEMAIL><RECEIPTOPTION></RECEIPTOPTION><SALESACCOUNTNUMBER></SALESACCOUNTNUMBER><SALESDISTRICT></SALESDISTRICT><SALESMEMO></SALESMEMO><SALESORDERPOOLID></SALESORDERPOOLID><SALESSEGMENTID></SALESSEGMENTID><SALESSUBSEGMENTID></SALESSUBSEGMENTID><SALESTAXGROUP></SALESTAXGROUP><SITEID></SITEID><STATISTICSGROUPID></STATISTICSGROUPID><SUPPLEMENTARYITEMGROUPID></SUPPLEMENTARYITEMGROUPID><TAXEXEMPTNUMBER></TAXEXEMPTNUMBER><TOTALDISCOUNTCODE></TOTALDISCOUNTCODE><VENDORACCOUNT></VENDORACCOUNT><WAREHOUSEID></WAREHOUSEID><WAREHOUSEISASNGENERATED></WAREHOUSEISASNGENERATED><WAREHOUSEISENTIRESHIPMENTFILLED></WAREHOUSEISENTIRESHIPMENTFILLED><WITHHOLDINGTAXGROUPCODE></WITHHOLDINGTAXGROUPCODE><WRITEOFFREASON></WRITEOFFREASON></CUSTCUSTOMERDETAILV2ENTITY><CUSTCUSTOMERDETAILV2ENTITY><ACCOUNTSTATEMENT>Always</ACCOUNTSTATEMENT><CENTRALBANKPURPOSECODE></CENTRALBANKPURPOSECODE><CENTRALBANKPURPOSENOTES></CENTRALBANKPURPOSENOTES><CHARGESGROUPID></CHARGESGROUPID><COLLECTIONLETTERCODE>None</COLLECTIONLETTERCODE><COLLECTIONSCONTACTPERSONID></COLLECTIONSCONTACTPERSONID><COMMISSIONCUSTOMERGROUPID></COMMISSIONCUSTOMERGROUPID><COMMISSIONSALESGROUPID></COMMISSIONSALESGROUPID><COMPANYCHAIN></COMPANYCHAIN><CONTACTPERSONID></CONTACTPERSONID><CREDITCARDADDRESSVERIFICATION>None</CREDITCARDADDRESSVERIFICATION><CREDITCARDADDRESSVERIFICATIONISAUTHORIZATIONVOIDEDONFAILURE>No</CREDITCARDADDRESSVERIFICATIONISAUTHORIZATIONVOIDEDONFAILURE><CREDITCARDADDRESSVERIFICATIONLEVEL>Accept</CREDITCARDADDRESSVERIFICATIONLEVEL><CREDITCARDCVC>None</CREDITCARDCVC><CREDITLIMIT>0.000000</CREDITLIMIT><CREDITLIMITISMANDATORY>No</CREDITLIMITISMANDATORY><CREDITRATING></CREDITRATING><CUSTOMERACCOUNT>VARRISBLACKBLADE</CUSTOMERACCOUNT><CUSTOMERREBATEGROUPID></CUSTOMERREBATEGROUPID><CUSTOMERTMAGROUPID></CUSTOMERTMAGROUPID><DEFAULTDIMENSIONDISPLAYVALUE></DEFAULTDIMENSIONDISPLAYVALUE><DEFAULTINVENTORYSTATUSID></DEFAULTINVENTORYSTATUSID><DELIVERYFREIGHTZONE></DELIVERYFREIGHTZONE><DELIVERYMODE></DELIVERYMODE><DELIVERYREASON></DELIVERYREASON><DELIVERYTERMS></DELIVERYTERMS><DESTINATIONCODE></DESTINATIONCODE><DISCOUNTPRICEGROUPID></DISCOUNTPRICEGROUPID><EMPLOYEERESPONSIBLENUMBER>000001</EMPLOYEERESPONSIBLENUMBER><FULFILLMENTPOLICYNAME></FULFILLMENTPOLICYNAME><IDENTIFICATIONNUMBER></IDENTIFICATIONNUMBER><INVOICEACCOUNT></INVOICEACCOUNT><INVOICEADDRESS>InvoiceAccount</INVOICEADDRESS><ISALLOWCREATEINDIRECTORDERLINES>No</ISALLOWCREATEINDIRECTORDERLINES><ISELECTRONICINVOICE>No</ISELECTRONICINVOICE><ISEXCLUDEDFROMCOLLECTIONFEECALCULATION>No</ISEXCLUDEDFROMCOLLECTIONFEECALCULATION><ISEXCLUDEDFROMINTERESTCHARGECALCULATION>No</ISEXCLUDEDFROMINTERESTCHARGECALCULATION><ISEXPRESSBILLOFLADINGACCEPTED>No</ISEXPRESSBILLOFLADINGACCEPTED><ISFREIGHTACCRUED>No</ISFREIGHTACCRUED><ISONETIMECUSTOMER>No</ISONETIMECUSTOMER><ISORDERNUMBERREFERENCEUSED></ISORDERNUMBERREFERENCEUSED><ISPURCHREQUESTUSED>No</ISPURCHREQUESTUSED><ISSALESTAXINCLUDEDINPRICES>No</ISSALESTAXINCLUDEDINPRICES><ISTRANSACTIONPOSTEDASSHIPMENT></ISTRANSACTIONPOSTEDASSHIPMENT><ISWITHHOLDINGTAXCALCULATED>No</ISWITHHOLDINGTAXCALCULATED><ITEMCUSTOMERGROUPID></ITEMCUSTOMERGROUPID><LINEDISCOUNTCODE></LINEDISCOUNTCODE><LINEOFBUSINESSID></LINEOFBUSINESSID><MULTILINEDISCOUNTCODE></MULTILINEDISCOUNTCODE><NUMBERSEQUENCEGROUP></NUMBERSEQUENCEGROUP><ONHOLDSTATUS>No</ONHOLDSTATUS><ORDERENTRYDEADLINE></ORDERENTRYDEADLINE><OVERRIDESALESTAX>No</OVERRIDESALESTAX><PACKINGDUTYLICENSE></PACKINGDUTYLICENSE><PACKINGMATERIALFEELICENSENUMBER></PACKINGMATERIALFEELICENSENUMBER><PAYMENTBANKACCOUNT></PAYMENTBANKACCOUNT><PAYMENTCASHDISCOUNT></PAYMENTCASHDISCOUNT><PAYMENTDAY></PAYMENTDAY><PAYMENTIDTYPE></PAYMENTIDTYPE><PAYMENTMETHOD></PAYMENTMETHOD><PAYMENTSCHEDULE></PAYMENTSCHEDULE><PAYMENTSPECIFICATION></PAYMENTSPECIFICATION><PAYMENTTERMS>CASH</PAYMENTTERMS><PAYMENTTERMSBASEDAYS>0</PAYMENTTERMSBASEDAYS><PAYMENTUSECASHDISCOUNT>Normal</PAYMENTUSECASHDISCOUNT><RECEIPTCALENDAR></RECEIPTCALENDAR><RECEIPTEMAIL></RECEIPTEMAIL><RECEIPTOPTION></RECEIPTOPTION><SALESACCOUNTNUMBER></SALESACCOUNTNUMBER><SALESDISTRICT></SALESDISTRICT><SALESMEMO></SALESMEMO><SALESORDERPOOLID></SALESORDERPOOLID><SALESSEGMENTID></SALESSEGMENTID><SALESSUBSEGMENTID></SALESSUBSEGMENTID><SALESTAXGROUP></SALESTAXGROUP><SITEID></SITEID><STATISTICSGROUPID></STATISTICSGROUPID><SUPPLEMENTARYITEMGROUPID></SUPPLEMENTARYITEMGROUPID><TAXEXEMPTNUMBER></TAXEXEMPTNUMBER><TOTALDISCOUNTCODE></TOTALDISCOUNTCODE><VENDORACCOUNT></VENDORACCOUNT><WAREHOUSEID></WAREHOUSEID><WAREHOUSEISASNGENERATED></WAREHOUSEISASNGENERATED><WAREHOUSEISENTIRESHIPMENTFILLED></WAREHOUSEISENTIRESHIPMENTFILLED><WITHHOLDINGTAXGROUPCODE></WITHHOLDINGTAXGROUPCODE><WRITEOFFREASON></WRITEOFFREASON></CUSTCUSTOMERDETAILV2ENTITY><CUSTCUSTOMERDETAILV2ENTITY><ACCOUNTSTATEMENT>Always</ACCOUNTSTATEMENT><CENTRALBANKPURPOSECODE></CENTRALBANKPURPOSECODE><CENTRALBANKPURPOSENOTES></CENTRALBANKPURPOSENOTES><CHARGESGROUPID></CHARGESGROUPID><COLLECTIONLETTERCODE>None</COLLECTIONLETTERCODE><COLLECTIONSCONTACTPERSONID></COLLECTIONSCONTACTPERSONID><COMMISSIONCUSTOMERGROUPID></COMMISSIONCUSTOMERGROUPID><COMMISSIONSALESGROUPID></COMMISSIONSALESGROUPID><COMPANYCHAIN></COMPANYCHAIN><CONTACTPERSONID></CONTACTPERSONID><CREDITCARDADDRESSVERIFICATION>None</CREDITCARDADDRESSVERIFICATION><CREDITCARDADDRESSVERIFICATIONISAUTHORIZATIONVOIDEDONFAILURE>No</CREDITCARDADDRESSVERIFICATIONISAUTHORIZATIONVOIDEDONFAILURE><CREDITCARDADDRESSVERIFICATIONLEVEL>Accept</CREDITCARDADDRESSVERIFICATIONLEVEL><CREDITCARDCVC>None</CREDITCARDCVC><CREDITLIMIT>0.000000</CREDITLIMIT><CREDITLIMITISMANDATORY>No</CREDITLIMITISMANDATORY><CREDITRATING></CREDITRATING><CUSTOMERACCOUNT>VELOSEMBERLIGHT</CUSTOMERACCOUNT><CUSTOMERREBATEGROUPID></CUSTOMERREBATEGROUPID><CUSTOMERTMAGROUPID></CUSTOMERTMAGROUPID><DEFAULTDIMENSIONDISPLAYVALUE></DEFAULTDIMENSIONDISPLAYVALUE><DEFAULTINVENTORYSTATUSID></DEFAULTINVENTORYSTATUSID><DELIVERYFREIGHTZONE></DELIVERYFREIGHTZONE><DELIVERYMODE></DELIVERYMODE><DELIVERYREASON></DELIVERYREASON><DELIVERYTERMS></DELIVERYTERMS><DESTINATIONCODE></DESTINATIONCODE><DISCOUNTPRICEGROUPID></DISCOUNTPRICEGROUPID><EMPLOYEERESPONSIBLENUMBER>000001</EMPLOYEERESPONSIBLENUMBER><FULFILLMENTPOLICYNAME></FULFILLMENTPOLICYNAME><IDENTIFICATIONNUMBER></IDENTIFICATIONNUMBER><INVOICEACCOUNT></INVOICEACCOUNT><INVOICEADDRESS>InvoiceAccount</INVOICEADDRESS><ISALLOWCREATEINDIRECTORDERLINES>No</ISALLOWCREATEINDIRECTORDERLINES><ISELECTRONICINVOICE>No</ISELECTRONICINVOICE><ISEXCLUDEDFROMCOLLECTIONFEECALCULATION>No</ISEXCLUDEDFROMCOLLECTIONFEECALCULATION><ISEXCLUDEDFROMINTERESTCHARGECALCULATION>No</ISEXCLUDEDFROMINTERESTCHARGECALCULATION><ISEXPRESSBILLOFLADINGACCEPTED>No</ISEXPRESSBILLOFLADINGACCEPTED><ISFREIGHTACCRUED>No</ISFREIGHTACCRUED><ISONETIMECUSTOMER>No</ISONETIMECUSTOMER><ISORDERNUMBERREFERENCEUSED>No</ISORDERNUMBERREFERENCEUSED><ISPURCHREQUESTUSED>No</ISPURCHREQUESTUSED><ISSALESTAXINCLUDEDINPRICES>No</ISSALESTAXINCLUDEDINPRICES><ISTRANSACTIONPOSTEDASSHIPMENT>No</ISTRANSACTIONPOSTEDASSHIPMENT><ISWITHHOLDINGTAXCALCULATED>No</ISWITHHOLDINGTAXCALCULATED><ITEMCUSTOMERGROUPID></ITEMCUSTOMERGROUPID><LINEDISCOUNTCODE></LINEDISCOUNTCODE><LINEOFBUSINESSID></LINEOFBUSINESSID><MULTILINEDISCOUNTCODE></MULTILINEDISCOUNTCODE><NUMBERSEQUENCEGROUP></NUMBERSEQUENCEGROUP><ONHOLDSTATUS>No</ONHOLDSTATUS><ORDERENTRYDEADLINE></ORDERENTRYDEADLINE><OVERRIDESALESTAX>No</OVERRIDESALESTAX><PACKINGDUTYLICENSE></PACKINGDUTYLICENSE><PACKINGMATERIALFEELICENSENUMBER></PACKINGMATERIALFEELICENSENUMBER><PAYMENTBANKACCOUNT></PAYMENTBANKACCOUNT><PAYMENTCASHDISCOUNT></PAYMENTCASHDISCOUNT><PAYMENTDAY></PAYMENTDAY><PAYMENTIDTYPE></PAYMENTIDTYPE><PAYMENTMETHOD></PAYMENTMETHOD><PAYMENTSCHEDULE></PAYMENTSCHEDULE><PAYMENTSPECIFICATION></PAYMENTSPECIFICATION><PAYMENTTERMS>CASH</PAYMENTTERMS><PAYMENTTERMSBASEDAYS>0</PAYMENTTERMSBASEDAYS><PAYMENTUSECASHDISCOUNT>Normal</PAYMENTUSECASHDISCOUNT><RECEIPTCALENDAR></RECEIPTCALENDAR><RECEIPTEMAIL></RECEIPTEMAIL><RECEIPTOPTION>RetailEx3</RECEIPTOPTION><SALESACCOUNTNUMBER></SALESACCOUNTNUMBER><SALESDISTRICT></SALESDISTRICT><SALESMEMO></SALESMEMO><SALESORDERPOOLID></SALESORDERPOOLID><SALESSEGMENTID></SALESSEGMENTID><SALESSUBSEGMENTID></SALESSUBSEGMENTID><SALESTAXGROUP></SALESTAXGROUP><SITEID></SITEID><STATISTICSGROUPID></STATISTICSGROUPID><SUPPLEMENTARYITEMGROUPID></SUPPLEMENTARYITEMGROUPID><TAXEXEMPTNUMBER></TAXEXEMPTNUMBER><TOTALDISCOUNTCODE></TOTALDISCOUNTCODE><VENDORACCOUNT></VENDORACCOUNT><WAREHOUSEID></WAREHOUSEID><WAREHOUSEISASNGENERATED>No</WAREHOUSEISASNGENERATED><WAREHOUSEISENTIRESHIPMENTFILLED>No</WAREHOUSEISENTIRESHIPMENTFILLED><WITHHOLDINGTAXGROUPCODE></WITHHOLDINGTAXGROUPCODE><WRITEOFFREASON></WRITEOFFREASON></CUSTCUSTOMERDETAILV2ENTITY></Document>