﻿<?xml version="1.0" encoding="utf-8"?><Document><HCMEMPLOYMENTV2ENTITY><CALENDARID></CALENDARID><DIMENSIONDISPLAYVALUE></DIMENSIONDISPLAYVALUE><EMPLOYMENTENDDATE>2154-12-31T23:59:59</EMPLOYMENTENDDATE><EMPLOYMENTID>000000001</EMPLOYMENTID><EMPLOYMENTSTARTDATE>2024-01-01T00:00:00</EMPLOYMENTSTARTDATE><LEGALENTITYID>WDTC</LEGALENTITYID><PERSONNELNUMBER>000001</PERSONNELNUMBER><WORKERTYPE>Contractor</WORKERTYPE></HCMEMPLOYMENTV2ENTITY><HCMEMPLOYMENTV2ENTITY><CALENDARID></CALENDARID><DIMENSIONDISPLAYVALUE></DIMENSIONDISPLAYVALUE><EMPLOYMENTENDDATE>2154-12-31T23:59:59</EMPLOYMENTENDDATE><EMPLOYMENTID>000000011</EMPLOYMENTID><EMPLOYMENTSTARTDATE>2024-01-01T00:00:00</EMPLOYMENTSTARTDATE><LEGALENTITYID>WDTC</LEGALENTITYID><PERSONNELNUMBER>000011</PERSONNELNUMBER><WORKERTYPE>Employee</WORKERTYPE></HCMEMPLOYMENTV2ENTITY><HCMEMPLOYMENTV2ENTITY><CALENDARID></CALENDARID><DIMENSIONDISPLAYVALUE></DIMENSIONDISPLAYVALUE><EMPLOYMENTENDDATE>2154-12-31T23:59:59</EMPLOYMENTENDDATE><EMPLOYMENTID>000000012</EMPLOYMENTID><EMPLOYMENTSTARTDATE>2024-01-01T00:00:00</EMPLOYMENTSTARTDATE><LEGALENTITYID>WDTC</LEGALENTITYID><PERSONNELNUMBER>000012</PERSONNELNUMBER><WORKERTYPE>Employee</WORKERTYPE></HCMEMPLOYMENTV2ENTITY><HCMEMPLOYMENTV2ENTITY><CALENDARID>STANDARD</CALENDARID><DIMENSIONDISPLAYVALUE></DIMENSIONDISPLAYVALUE><EMPLOYMENTENDDATE>2154-12-31T23:59:59</EMPLOYMENTENDDATE><EMPLOYMENTID>000000013</EMPLOYMENTID><EMPLOYMENTSTARTDATE>2024-01-01T00:00:00</EMPLOYMENTSTARTDATE><LEGALENTITYID>WDTC</LEGALENTITYID><PERSONNELNUMBER>000013</PERSONNELNUMBER><WORKERTYPE>Employee</WORKERTYPE></HCMEMPLOYMENTV2ENTITY><HCMEMPLOYMENTV2ENTITY><CALENDARID></CALENDARID><DIMENSIONDISPLAYVALUE></DIMENSIONDISPLAYVALUE><EMPLOYMENTENDDATE>2154-12-31T23:59:59</EMPLOYMENTENDDATE><EMPLOYMENTID>000000014</EMPLOYMENTID><EMPLOYMENTSTARTDATE>2024-01-01T00:00:00</EMPLOYMENTSTARTDATE><LEGALENTITYID>WDTC</LEGALENTITYID><PERSONNELNUMBER>000014</PERSONNELNUMBER><WORKERTYPE>Employee</WORKERTYPE></HCMEMPLOYMENTV2ENTITY><HCMEMPLOYMENTV2ENTITY><CALENDARID></CALENDARID><DIMENSIONDISPLAYVALUE></DIMENSIONDISPLAYVALUE><EMPLOYMENTENDDATE>2154-12-31T23:59:59</EMPLOYMENTENDDATE><EMPLOYMENTID>000000015</EMPLOYMENTID><EMPLOYMENTSTARTDATE>2024-01-01T00:00:00</EMPLOYMENTSTARTDATE><LEGALENTITYID>WDTC</LEGALENTITYID><PERSONNELNUMBER>000015</PERSONNELNUMBER><WORKERTYPE>Employee</WORKERTYPE></HCMEMPLOYMENTV2ENTITY><HCMEMPLOYMENTV2ENTITY><CALENDARID></CALENDARID><DIMENSIONDISPLAYVALUE></DIMENSIONDISPLAYVALUE><EMPLOYMENTENDDATE>2154-12-31T23:59:59</EMPLOYMENTENDDATE><EMPLOYMENTID>000000016</EMPLOYMENTID><EMPLOYMENTSTARTDATE>2024-01-01T00:00:00</EMPLOYMENTSTARTDATE><LEGALENTITYID>WDTC</LEGALENTITYID><PERSONNELNUMBER>000016</PERSONNELNUMBER><WORKERTYPE>Employee</WORKERTYPE></HCMEMPLOYMENTV2ENTITY><HCMEMPLOYMENTV2ENTITY><CALENDARID></CALENDARID><DIMENSIONDISPLAYVALUE></DIMENSIONDISPLAYVALUE><EMPLOYMENTENDDATE>2154-12-31T23:59:59</EMPLOYMENTENDDATE><EMPLOYMENTID>000000017</EMPLOYMENTID><EMPLOYMENTSTARTDATE>2024-01-01T00:00:00</EMPLOYMENTSTARTDATE><LEGALENTITYID>WDTC</LEGALENTITYID><PERSONNELNUMBER>000017</PERSONNELNUMBER><WORKERTYPE>Employee</WORKERTYPE></HCMEMPLOYMENTV2ENTITY><HCMEMPLOYMENTV2ENTITY><CALENDARID></CALENDARID><DIMENSIONDISPLAYVALUE></DIMENSIONDISPLAYVALUE><EMPLOYMENTENDDATE>2154-12-31T23:59:59</EMPLOYMENTENDDATE><EMPLOYMENTID>000000018</EMPLOYMENTID><EMPLOYMENTSTARTDATE>2024-01-01T00:00:00</EMPLOYMENTSTARTDATE><LEGALENTITYID>WDTC</LEGALENTITYID><PERSONNELNUMBER>000018</PERSONNELNUMBER><WORKERTYPE>Employee</WORKERTYPE></HCMEMPLOYMENTV2ENTITY></Document>