﻿<?xml version="1.0" encoding="utf-8"?><Document><HCMPOSITIONFORECASTENTITY><ANNIVERSARYDATE /><ANNUALAMOUNT /><ASSIGNEDWORKER /><BUDGETAMOUNT /><BUDGETPLANNINGPROCESSNAME /><BUDGETPLANSCENARIONAME /><COMPENSATIONLEVELID /><COMPENSATIONREGIONID /><COSTELEMENTDATAAREAID /><COSTELEMENTEFFECTIVEDATE /><COSTELEMENTEXPIRATIONDATE /><COSTELEMENTLINEENDDATE /><COSTELEMENTLINEMAINACCOUNTDISPLAYVALUE /><COSTELEMENTLINEREFERENCEPOINTID /><COSTELEMENTLINEREFERENCESETUPID /><COSTELEMENTLINESTARTDATE /><COSTELEMENTNAME /><COSTELEMENTSOURCE /><DEPARTMENTNUMBER /><DESCRIPTION /><FORECASTPOSITIONACTIVATIONDATE /><FORECASTPOSITIONCOMPENSATIONGROUPDATAAREAID /><FORECASTPOSITIONCOMPENSATIONGROUPID /><FORECASTPOSITIONFULLTIMEEQUIVALENCY /><FORECASTPOSITIONID /><FORECASTPOSITIONLEGALENITYTNAME /><FORECASTPOSITIONREFPOINTID /><FORECASTPOSITIONREFPOINTSETUPID /><FORECASTPOSITIONRETIREMENTDATE /><ISPERCENTAGEBASED /><JOBID /><PERCENT /><POSITIONTYPEID /><TITLEID /></HCMPOSITIONFORECASTENTITY></Document>