﻿<?xml version="1.0" encoding="utf-8"?><Document><HCMJOBTASKENTITY><DESCRIPTION>Financials and Accounting</DESCRIPTION><JOBTASKID>ACCOUNTING</JOBTASKID><NOTE></NOTE></HCMJOBTASKENTITY><HCMJOBTASKENTITY><DESCRIPTION>Compensation and Benefits</DESCRIPTION><JOBTASKID>COMPESAION</JOBTASKID><NOTE></NOTE></HCMJOBTASKENTITY><HCMJOBTASKENTITY><DESCRIPTION>Customer Calls</DESCRIPTION><JOBTASKID>CUSTCALLS</JOBTASKID><NOTE></NOTE></HCMJOBTASKENTITY><HCMJOBTASKENTITY><DESCRIPTION>Finance</DESCRIPTION><JOBTASKID>FINANCE</JOBTASKID><NOTE></NOTE></HCMJOBTASKENTITY><HCMJOBTASKENTITY><DESCRIPTION>Fixed Assets</DESCRIPTION><JOBTASKID>FIXEDASSETS</JOBTASKID><NOTE></NOTE></HCMJOBTASKENTITY><HCMJOBTASKENTITY><DESCRIPTION>Logistics</DESCRIPTION><JOBTASKID>LOGISTICS</JOBTASKID><NOTE></NOTE></HCMJOBTASKENTITY><HCMJOBTASKENTITY><DESCRIPTION>Manufacturing</DESCRIPTION><JOBTASKID>MANUFACTURING</JOBTASKID><NOTE></NOTE></HCMJOBTASKENTITY><HCMJOBTASKENTITY><DESCRIPTION>Project Management</DESCRIPTION><JOBTASKID>PROJECTS</JOBTASKID><NOTE></NOTE></HCMJOBTASKENTITY><HCMJOBTASKENTITY><DESCRIPTION>Purchasing</DESCRIPTION><JOBTASKID>PURCHASING</JOBTASKID><NOTE></NOTE></HCMJOBTASKENTITY><HCMJOBTASKENTITY><DESCRIPTION>Recruitsing</DESCRIPTION><JOBTASKID>RECRUITING</JOBTASKID><NOTE></NOTE></HCMJOBTASKENTITY><HCMJOBTASKENTITY><DESCRIPTION>Safety</DESCRIPTION><JOBTASKID>SAFETY</JOBTASKID><NOTE></NOTE></HCMJOBTASKENTITY><HCMJOBTASKENTITY><DESCRIPTION>Sales</DESCRIPTION><JOBTASKID>SALES</JOBTASKID><NOTE></NOTE></HCMJOBTASKENTITY><HCMJOBTASKENTITY><DESCRIPTION>Strategy</DESCRIPTION><JOBTASKID>STRATEGY</JOBTASKID><NOTE></NOTE></HCMJOBTASKENTITY><HCMJOBTASKENTITY><DESCRIPTION>Customer Support</DESCRIPTION><JOBTASKID>SUPPORT</JOBTASKID><NOTE></NOTE></HCMJOBTASKENTITY><HCMJOBTASKENTITY><DESCRIPTION>Internal Systems</DESCRIPTION><JOBTASKID>SYSTES</JOBTASKID><NOTE></NOTE></HCMJOBTASKENTITY></Document>