﻿<?xml version="1.0" encoding="utf-8"?><Document><HCMJOBDETAILENTITY><DESCRIPTION>Accounts Payable Coordinator</DESCRIPTION><FULLTIMEEQUIVALENT>1.000000</FULLTIMEEQUIVALENT><FUNCTIONID>ADMIN</FUNCTIONID><JOBDESCRIPTION></JOBDESCRIPTION><JOBFAMILYID></JOBFAMILYID><JOBID>Accounts Payable Coordinator</JOBID><JOBTYPEID>MANAGERS</JOBTYPEID><PAIDHOURLY>No</PAIDHOURLY><TITLEID>Accounts Payable Coordinator</TITLEID><VALIDFROM>2024-08-21T12:15:54</VALIDFROM><VALIDTO>2154-12-31T23:59:59</VALIDTO></HCMJOBDETAILENTITY><HCMJOBDETAILENTITY><DESCRIPTION>Accounts Receivable Coordinator</DESCRIPTION><FULLTIMEEQUIVALENT>1.000000</FULLTIMEEQUIVALENT><FUNCTIONID>ADMIN</FUNCTIONID><JOBDESCRIPTION></JOBDESCRIPTION><JOBFAMILYID></JOBFAMILYID><JOBID>Accounts Receivable Coordinator</JOBID><JOBTYPEID>MANAGERS</JOBTYPEID><PAIDHOURLY>No</PAIDHOURLY><TITLEID>Accounts Receivable Coordinator</TITLEID><VALIDFROM>2024-08-21T12:16:35</VALIDFROM><VALIDTO>2154-12-31T23:59:59</VALIDTO></HCMJOBDETAILENTITY><HCMJOBDETAILENTITY><DESCRIPTION>Bookkeeper</DESCRIPTION><FULLTIMEEQUIVALENT>1.000000</FULLTIMEEQUIVALENT><FUNCTIONID>PROF</FUNCTIONID><JOBDESCRIPTION></JOBDESCRIPTION><JOBFAMILYID></JOBFAMILYID><JOBID>Bookekeeper</JOBID><JOBTYPEID>MANAGERS</JOBTYPEID><PAIDHOURLY>No</PAIDHOURLY><TITLEID>Bookkeeper</TITLEID><VALIDFROM>2024-08-21T12:10:09</VALIDFROM><VALIDTO>2154-12-31T23:59:59</VALIDTO></HCMJOBDETAILENTITY><HCMJOBDETAILENTITY><DESCRIPTION>Credit and Collections Manager</DESCRIPTION><FULLTIMEEQUIVALENT>1.000000</FULLTIMEEQUIVALENT><FUNCTIONID>ADMIN</FUNCTIONID><JOBDESCRIPTION></JOBDESCRIPTION><JOBFAMILYID></JOBFAMILYID><JOBID>Credit and Collections Manager</JOBID><JOBTYPEID>MANAGERS</JOBTYPEID><PAIDHOURLY>No</PAIDHOURLY><TITLEID>Credit and Collections Manager</TITLEID><VALIDFROM>2024-08-21T12:17:10</VALIDFROM><VALIDTO>2154-12-31T23:59:59</VALIDTO></HCMJOBDETAILENTITY><HCMJOBDETAILENTITY><DESCRIPTION>Customer Service Representative</DESCRIPTION><FULLTIMEEQUIVALENT>1.000000</FULLTIMEEQUIVALENT><FUNCTIONID>ADMIN</FUNCTIONID><JOBDESCRIPTION></JOBDESCRIPTION><JOBFAMILYID></JOBFAMILYID><JOBID>Customer Service Representative</JOBID><JOBTYPEID>HOURLY</JOBTYPEID><PAIDHOURLY>Yes</PAIDHOURLY><TITLEID>Customer Service Representative</TITLEID><VALIDFROM>2024-08-21T12:18:40</VALIDFROM><VALIDTO>2154-12-31T23:59:59</VALIDTO></HCMJOBDETAILENTITY><HCMJOBDETAILENTITY><DESCRIPTION>Human Resource Manager</DESCRIPTION><FULLTIMEEQUIVALENT>1.000000</FULLTIMEEQUIVALENT><FUNCTIONID></FUNCTIONID><JOBDESCRIPTION></JOBDESCRIPTION><JOBFAMILYID></JOBFAMILYID><JOBID>Human Resource Manager</JOBID><JOBTYPEID></JOBTYPEID><PAIDHOURLY></PAIDHOURLY><TITLEID>Human Resource Manager</TITLEID><VALIDFROM>2024-08-21T12:10:57</VALIDFROM><VALIDTO>2024-08-21T12:11:48</VALIDTO></HCMJOBDETAILENTITY><HCMJOBDETAILENTITY><DESCRIPTION>Human Resource Manager</DESCRIPTION><FULLTIMEEQUIVALENT>1.000000</FULLTIMEEQUIVALENT><FUNCTIONID>OFFICALS</FUNCTIONID><JOBDESCRIPTION></JOBDESCRIPTION><JOBFAMILYID></JOBFAMILYID><JOBID>Human Resource Manager</JOBID><JOBTYPEID>MANAGERS</JOBTYPEID><PAIDHOURLY>No</PAIDHOURLY><TITLEID>Human Resource Manager</TITLEID><VALIDFROM>2024-08-21T12:11:49</VALIDFROM><VALIDTO>2154-12-31T23:59:59</VALIDTO></HCMJOBDETAILENTITY><HCMJOBDETAILENTITY><DESCRIPTION>Materials Manager</DESCRIPTION><FULLTIMEEQUIVALENT>1.000000</FULLTIMEEQUIVALENT><FUNCTIONID>OFFICALS</FUNCTIONID><JOBDESCRIPTION></JOBDESCRIPTION><JOBFAMILYID></JOBFAMILYID><JOBID>Materials Manager</JOBID><JOBTYPEID>HOURLY</JOBTYPEID><PAIDHOURLY>Yes</PAIDHOURLY><TITLEID>Materials Manager</TITLEID><VALIDFROM>2024-08-21T12:12:25</VALIDFROM><VALIDTO>2154-12-31T23:59:59</VALIDTO></HCMJOBDETAILENTITY><HCMJOBDETAILENTITY><DESCRIPTION>Owner</DESCRIPTION><FULLTIMEEQUIVALENT>1.000000</FULLTIMEEQUIVALENT><FUNCTIONID>OFFICALS</FUNCTIONID><JOBDESCRIPTION></JOBDESCRIPTION><JOBFAMILYID></JOBFAMILYID><JOBID>Owner</JOBID><JOBTYPEID>EXECUTIVES</JOBTYPEID><PAIDHOURLY>No</PAIDHOURLY><TITLEID>Owner</TITLEID><VALIDFROM>2024-08-21T12:08:25</VALIDFROM><VALIDTO>2154-12-31T23:59:59</VALIDTO></HCMJOBDETAILENTITY><HCMJOBDETAILENTITY><DESCRIPTION>Payroll Administrator</DESCRIPTION><FULLTIMEEQUIVALENT>1.000000</FULLTIMEEQUIVALENT><FUNCTIONID>ADMIN</FUNCTIONID><JOBDESCRIPTION></JOBDESCRIPTION><JOBFAMILYID></JOBFAMILYID><JOBID>Payroll Administrator</JOBID><JOBTYPEID>SALARY</JOBTYPEID><PAIDHOURLY>No</PAIDHOURLY><TITLEID>Payroll Administrator</TITLEID><VALIDFROM>2024-08-21T12:17:47</VALIDFROM><VALIDTO>2154-12-31T23:59:59</VALIDTO></HCMJOBDETAILENTITY><HCMJOBDETAILENTITY><DESCRIPTION>Production Manager</DESCRIPTION><FULLTIMEEQUIVALENT>1.000000</FULLTIMEEQUIVALENT><FUNCTIONID>OFFICALS</FUNCTIONID><JOBDESCRIPTION></JOBDESCRIPTION><JOBFAMILYID></JOBFAMILYID><JOBID>Production Manager</JOBID><JOBTYPEID>MANAGERS</JOBTYPEID><PAIDHOURLY>No</PAIDHOURLY><TITLEID>Production Manager</TITLEID><VALIDFROM>2024-08-21T12:12:58</VALIDFROM><VALIDTO>2154-12-31T23:59:59</VALIDTO></HCMJOBDETAILENTITY><HCMJOBDETAILENTITY><DESCRIPTION>Production Planner</DESCRIPTION><FULLTIMEEQUIVALENT>1.000000</FULLTIMEEQUIVALENT><FUNCTIONID>ADMIN</FUNCTIONID><JOBDESCRIPTION></JOBDESCRIPTION><JOBFAMILYID></JOBFAMILYID><JOBID>Production Planner</JOBID><JOBTYPEID>MANAGERS</JOBTYPEID><PAIDHOURLY>No</PAIDHOURLY><TITLEID>Production Planner</TITLEID><VALIDFROM>2024-08-21T12:21:05</VALIDFROM><VALIDTO>2154-12-31T23:59:59</VALIDTO></HCMJOBDETAILENTITY><HCMJOBDETAILENTITY><DESCRIPTION>Production Worker</DESCRIPTION><FULLTIMEEQUIVALENT>1.000000</FULLTIMEEQUIVALENT><FUNCTIONID>LABOR</FUNCTIONID><JOBDESCRIPTION></JOBDESCRIPTION><JOBFAMILYID></JOBFAMILYID><JOBID>Production Worker</JOBID><JOBTYPEID>HOURLY</JOBTYPEID><PAIDHOURLY>Yes</PAIDHOURLY><TITLEID>Production Worker</TITLEID><VALIDFROM>2024-08-21T12:20:45</VALIDFROM><VALIDTO>2154-12-31T23:59:59</VALIDTO></HCMJOBDETAILENTITY><HCMJOBDETAILENTITY><DESCRIPTION>Purchasing Agent</DESCRIPTION><FULLTIMEEQUIVALENT>1.000000</FULLTIMEEQUIVALENT><FUNCTIONID>ADMIN</FUNCTIONID><JOBDESCRIPTION></JOBDESCRIPTION><JOBFAMILYID></JOBFAMILYID><JOBID>Purchasing Agent</JOBID><JOBTYPEID>HOURLY</JOBTYPEID><PAIDHOURLY>Yes</PAIDHOURLY><TITLEID>Purchasing Agent</TITLEID><VALIDFROM>2024-08-21T12:19:24</VALIDFROM><VALIDTO>2154-12-31T23:59:59</VALIDTO></HCMJOBDETAILENTITY><HCMJOBDETAILENTITY><DESCRIPTION>Quality Manager</DESCRIPTION><FULLTIMEEQUIVALENT>1.000000</FULLTIMEEQUIVALENT><FUNCTIONID>OFFICALS</FUNCTIONID><JOBDESCRIPTION></JOBDESCRIPTION><JOBFAMILYID></JOBFAMILYID><JOBID>Quality Manager</JOBID><JOBTYPEID>HOURLY</JOBTYPEID><PAIDHOURLY>Yes</PAIDHOURLY><TITLEID>Quality Manager</TITLEID><VALIDFROM>2024-08-21T12:21:58</VALIDFROM><VALIDTO>2154-12-31T23:59:59</VALIDTO></HCMJOBDETAILENTITY><HCMJOBDETAILENTITY><DESCRIPTION>Research and Development</DESCRIPTION><FULLTIMEEQUIVALENT>1.000000</FULLTIMEEQUIVALENT><FUNCTIONID>ADMIN</FUNCTIONID><JOBDESCRIPTION></JOBDESCRIPTION><JOBFAMILYID></JOBFAMILYID><JOBID>Research and Development</JOBID><JOBTYPEID>HOURLY</JOBTYPEID><PAIDHOURLY>Yes</PAIDHOURLY><TITLEID>Research and Development</TITLEID><VALIDFROM>2024-08-21T12:21:24</VALIDFROM><VALIDTO>2154-12-31T23:59:59</VALIDTO></HCMJOBDETAILENTITY><HCMJOBDETAILENTITY><DESCRIPTION>Sales Manager</DESCRIPTION><FULLTIMEEQUIVALENT>1.000000</FULLTIMEEQUIVALENT><FUNCTIONID>SALES</FUNCTIONID><JOBDESCRIPTION></JOBDESCRIPTION><JOBFAMILYID></JOBFAMILYID><JOBID>Sales Manager</JOBID><JOBTYPEID>MANAGERS</JOBTYPEID><PAIDHOURLY>No</PAIDHOURLY><TITLEID>Sales Manager</TITLEID><VALIDFROM>2024-08-21T12:11:49</VALIDFROM><VALIDTO>2154-12-31T23:59:59</VALIDTO></HCMJOBDETAILENTITY><HCMJOBDETAILENTITY><DESCRIPTION>Sales Representative</DESCRIPTION><FULLTIMEEQUIVALENT>1.000000</FULLTIMEEQUIVALENT><FUNCTIONID>SALES</FUNCTIONID><JOBDESCRIPTION></JOBDESCRIPTION><JOBFAMILYID></JOBFAMILYID><JOBID>Sales Representative</JOBID><JOBTYPEID>HOURLY</JOBTYPEID><PAIDHOURLY>Yes</PAIDHOURLY><TITLEID>Sales Representative</TITLEID><VALIDFROM>2024-08-21T12:19:03</VALIDFROM><VALIDTO>2154-12-31T23:59:59</VALIDTO></HCMJOBDETAILENTITY><HCMJOBDETAILENTITY><DESCRIPTION>Shipping and Receiving Clerk</DESCRIPTION><FULLTIMEEQUIVALENT>1.000000</FULLTIMEEQUIVALENT><FUNCTIONID>ADMIN</FUNCTIONID><JOBDESCRIPTION></JOBDESCRIPTION><JOBFAMILYID></JOBFAMILYID><JOBID>Shipping and Receiving Clerk</JOBID><JOBTYPEID>HOURLY</JOBTYPEID><PAIDHOURLY>Yes</PAIDHOURLY><TITLEID>Shipping and Receiving Clerk</TITLEID><VALIDFROM>2024-08-21T12:20:22</VALIDFROM><VALIDTO>2154-12-31T23:59:59</VALIDTO></HCMJOBDETAILENTITY><HCMJOBDETAILENTITY><DESCRIPTION>Store Clerk</DESCRIPTION><FULLTIMEEQUIVALENT>1.000000</FULLTIMEEQUIVALENT><FUNCTIONID>SALES</FUNCTIONID><JOBDESCRIPTION></JOBDESCRIPTION><JOBFAMILYID></JOBFAMILYID><JOBID>Store Clerk</JOBID><JOBTYPEID>HOURLY</JOBTYPEID><PAIDHOURLY>Yes</PAIDHOURLY><TITLEID>Store Clerk</TITLEID><VALIDFROM>2024-08-21T12:14:20</VALIDFROM><VALIDTO>2154-12-31T23:59:59</VALIDTO></HCMJOBDETAILENTITY><HCMJOBDETAILENTITY><DESCRIPTION>Store Manager</DESCRIPTION><FULLTIMEEQUIVALENT>1.000000</FULLTIMEEQUIVALENT><FUNCTIONID>PROF</FUNCTIONID><JOBDESCRIPTION></JOBDESCRIPTION><JOBFAMILYID></JOBFAMILYID><JOBID>Store Manager</JOBID><JOBTYPEID>MANAGERS</JOBTYPEID><PAIDHOURLY>No</PAIDHOURLY><TITLEID>Store Manager</TITLEID><VALIDFROM>2024-08-21T12:09:22</VALIDFROM><VALIDTO>2154-12-31T23:59:59</VALIDTO></HCMJOBDETAILENTITY><HCMJOBDETAILENTITY><DESCRIPTION>System Administrator</DESCRIPTION><FULLTIMEEQUIVALENT>1.000000</FULLTIMEEQUIVALENT><FUNCTIONID>ADMIN</FUNCTIONID><JOBDESCRIPTION></JOBDESCRIPTION><JOBFAMILYID></JOBFAMILYID><JOBID>System Administrator</JOBID><JOBTYPEID>MANAGERS</JOBTYPEID><PAIDHOURLY>No</PAIDHOURLY><TITLEID>System Administrator</TITLEID><VALIDFROM>2024-08-21T12:13:31</VALIDFROM><VALIDTO>2154-12-31T23:59:59</VALIDTO></HCMJOBDETAILENTITY><HCMJOBDETAILENTITY><DESCRIPTION>Warehouse Worker</DESCRIPTION><FULLTIMEEQUIVALENT>1.000000</FULLTIMEEQUIVALENT><FUNCTIONID>LABOR</FUNCTIONID><JOBDESCRIPTION></JOBDESCRIPTION><JOBFAMILYID></JOBFAMILYID><JOBID>Warehouse Worker</JOBID><JOBTYPEID>HOURLY</JOBTYPEID><PAIDHOURLY>Yes</PAIDHOURLY><TITLEID>Warehouse Worker</TITLEID><VALIDFROM>2024-08-21T12:19:46</VALIDFROM><VALIDTO>2154-12-31T23:59:59</VALIDTO></HCMJOBDETAILENTITY></Document>