﻿<?xml version="1.0" encoding="utf-8"?><Document><HCMJOBTEMPLATEADAREQUIREMENTENTITY><ADVERSECONDITIONS /><ATMOSPHERICCONDITIONS /><BALANCING /><CLIMBING /><CLOSEQUATERS /><CRAWLING /><CROUCHING /><ENVIRONMENTBOTH /><ENVIRONMENTCOLD /><ENVIRONMENTHEAT /><ENVIRONMENTINSIDE /><ENVIRONMENTOUTSIDE /><FEELING /><FINGERING /><GRASPING /><HAZARDS /><HEARING /><INFECTIOUSDISEASE /><JOBTEMPLATEID /><KNEELING /><LIFTING /><MENTALPATIENTS /><NARROWAISLES /><NOISE /><OILS /><PHYSICALREQUIREMENT /><PULLING /><PUSHING /><REACHING /><REPETITIVEMOTIONS /><RESPIRATOR /><STANDING /><STOOPING /><TALKING /><VIBRATION /><VISUALACUITY /><WALKING /></HCMJOBTEMPLATEADAREQUIREMENTENTITY></Document>