﻿<?xml version="1.0" encoding="utf-8"?><Document><SMMLEADENTITY><COMMENTS></COMMENTS><LEADCLOSEDDATE>1900-01-01T00:00:00</LEADCLOSEDDATE><LEADCLOSEDOPPORTUNITYREASONCODE></LEADCLOSEDOPPORTUNITYREASONCODE><LEADCLOSINGPERSONNELNUMBER></LEADCLOSINGPERSONNELNUMBER><LEADID>WDTC-000001</LEADID><LEADOPENEDDATE>2024-08-21T00:00:00</LEADOPENEDDATE><LEADOPENINGPERSONNELNUMBER>000001</LEADOPENINGPERSONNELNUMBER><LEADPARTYNUMBER>000000317</LEADPARTYNUMBER><LEADPRIORITYCODE>TOP</LEADPRIORITYCODE><LEADQUALIFYINGPROCESSNAME>QUALIFICATION</LEADQUALIFYINGPROCESSNAME><LEADRATINGID>3</LEADRATINGID><LEADRESPONSIBLEPERSONNELNUMBER>000001</LEADRESPONSIBLEPERSONNELNUMBER><LEADSOURCETYPEID>Prospect</LEADSOURCETYPEID><LEADSTATUS>Open</LEADSTATUS><LEADTYPEID>EMAIL</LEADTYPEID><MEMO>Feldyn is looking for bulk Cockatrice carcasses for his Roasted Cockatrice specialty plate.</MEMO><SALESUNITID>SWORDCOAST</SALESUNITID><SOURCEACTIVITYNUMBER></SOURCEACTIVITYNUMBER><SOURCECAMPAIGNID></SOURCECAMPAIGNID><SOURCECUSTOMERACCOUNTNUMBER></SOURCECUSTOMERACCOUNTNUMBER><SOURCEPROSPECTID></SOURCEPROSPECTID><SOURCEVENDORACCOUNTNUMBER></SOURCEVENDORACCOUNTNUMBER><SOURCEWORKERPERSONNELNUMBER></SOURCEWORKERPERSONNELNUMBER><SUBJECT>Exotic Food Supplies Request</SUBJECT><USERDEFINEDSOURCEID></USERDEFINEDSOURCEID></SMMLEADENTITY></Document>