﻿<?xml version="1.0" encoding="utf-8"?><Document><HCMPOSITIONHIERARCHYENTITY><HIERARCHYTYPENAME>Line</HIERARCHYTYPENAME><PARENTPOSITIONID>000002</PARENTPOSITIONID><POSITIONID>000004</POSITIONID><VALIDFROM>2024-08-21T00:00:00</VALIDFROM><VALIDTO>2154-12-31T23:59:59</VALIDTO></HCMPOSITIONHIERARCHYENTITY><HCMPOSITIONHIERARCHYENTITY><HIERARCHYTYPENAME>Line</HIERARCHYTYPENAME><PARENTPOSITIONID>000002</PARENTPOSITIONID><POSITIONID>000005</POSITIONID><VALIDFROM>2024-08-21T00:00:00</VALIDFROM><VALIDTO>2154-12-31T23:59:59</VALIDTO></HCMPOSITIONHIERARCHYENTITY><HCMPOSITIONHIERARCHYENTITY><HIERARCHYTYPENAME>Line</HIERARCHYTYPENAME><PARENTPOSITIONID>000002</PARENTPOSITIONID><POSITIONID>000006</POSITIONID><VALIDFROM>2024-08-21T00:00:00</VALIDFROM><VALIDTO>2154-12-31T23:59:59</VALIDTO></HCMPOSITIONHIERARCHYENTITY><HCMPOSITIONHIERARCHYENTITY><HIERARCHYTYPENAME>Line</HIERARCHYTYPENAME><PARENTPOSITIONID>000002</PARENTPOSITIONID><POSITIONID>000007</POSITIONID><VALIDFROM>2024-08-21T00:00:00</VALIDFROM><VALIDTO>2154-12-31T23:59:59</VALIDTO></HCMPOSITIONHIERARCHYENTITY><HCMPOSITIONHIERARCHYENTITY><HIERARCHYTYPENAME>Line</HIERARCHYTYPENAME><PARENTPOSITIONID>000002</PARENTPOSITIONID><POSITIONID>000009</POSITIONID><VALIDFROM>2024-08-21T00:00:00</VALIDFROM><VALIDTO>2154-12-31T23:59:59</VALIDTO></HCMPOSITIONHIERARCHYENTITY><HCMPOSITIONHIERARCHYENTITY><HIERARCHYTYPENAME>Line</HIERARCHYTYPENAME><PARENTPOSITIONID>000002</PARENTPOSITIONID><POSITIONID>000010</POSITIONID><VALIDFROM>2024-08-21T00:00:00</VALIDFROM><VALIDTO>2154-12-31T23:59:59</VALIDTO></HCMPOSITIONHIERARCHYENTITY><HCMPOSITIONHIERARCHYENTITY><HIERARCHYTYPENAME>Line</HIERARCHYTYPENAME><PARENTPOSITIONID>000004</PARENTPOSITIONID><POSITIONID>000011</POSITIONID><VALIDFROM>2024-08-21T00:00:00</VALIDFROM><VALIDTO>2154-12-31T23:59:59</VALIDTO></HCMPOSITIONHIERARCHYENTITY><HCMPOSITIONHIERARCHYENTITY><HIERARCHYTYPENAME>Line</HIERARCHYTYPENAME><PARENTPOSITIONID>000005</PARENTPOSITIONID><POSITIONID>000012</POSITIONID><VALIDFROM>2024-08-21T00:00:00</VALIDFROM><VALIDTO>2154-12-31T23:59:59</VALIDTO></HCMPOSITIONHIERARCHYENTITY></Document>