﻿<?xml version="1.0" encoding="utf-8"?><Document><HCMPOSITIONDURATIONENTITY><POSITIONID>000002</POSITIONID><VALIDFROM>2024-08-21T00:00:00</VALIDFROM><VALIDTO>2154-12-31T23:59:59</VALIDTO></HCMPOSITIONDURATIONENTITY><HCMPOSITIONDURATIONENTITY><POSITIONID>000004</POSITIONID><VALIDFROM>2024-08-21T00:00:00</VALIDFROM><VALIDTO>2154-12-31T23:59:59</VALIDTO></HCMPOSITIONDURATIONENTITY><HCMPOSITIONDURATIONENTITY><POSITIONID>000005</POSITIONID><VALIDFROM>2024-08-21T00:00:00</VALIDFROM><VALIDTO>2154-12-31T23:59:59</VALIDTO></HCMPOSITIONDURATIONENTITY><HCMPOSITIONDURATIONENTITY><POSITIONID>000006</POSITIONID><VALIDFROM>2024-08-21T00:00:00</VALIDFROM><VALIDTO>2154-12-31T23:59:59</VALIDTO></HCMPOSITIONDURATIONENTITY><HCMPOSITIONDURATIONENTITY><POSITIONID>000007</POSITIONID><VALIDFROM>2024-08-21T00:00:00</VALIDFROM><VALIDTO>2154-12-31T23:59:59</VALIDTO></HCMPOSITIONDURATIONENTITY><HCMPOSITIONDURATIONENTITY><POSITIONID>000008</POSITIONID><VALIDFROM>2024-08-21T00:00:00</VALIDFROM><VALIDTO>2154-12-31T23:59:59</VALIDTO></HCMPOSITIONDURATIONENTITY><HCMPOSITIONDURATIONENTITY><POSITIONID>000009</POSITIONID><VALIDFROM>2024-08-21T00:00:00</VALIDFROM><VALIDTO>2154-12-31T23:59:59</VALIDTO></HCMPOSITIONDURATIONENTITY><HCMPOSITIONDURATIONENTITY><POSITIONID>000010</POSITIONID><VALIDFROM>2024-08-21T00:00:00</VALIDFROM><VALIDTO>2154-12-31T23:59:59</VALIDTO></HCMPOSITIONDURATIONENTITY><HCMPOSITIONDURATIONENTITY><POSITIONID>000011</POSITIONID><VALIDFROM>2024-08-21T00:00:00</VALIDFROM><VALIDTO>2154-12-31T23:59:59</VALIDTO></HCMPOSITIONDURATIONENTITY><HCMPOSITIONDURATIONENTITY><POSITIONID>000012</POSITIONID><VALIDFROM>2024-08-21T00:00:00</VALIDFROM><VALIDTO>2154-12-31T23:59:59</VALIDTO></HCMPOSITIONDURATIONENTITY></Document>