﻿<?xml version="1.0" encoding="utf-8"?><Document><HCMPOSITIONTYPEENTITY><CLASSIFICATION>FullTime</CLASSIFICATION><DESCRIPTION>Full-time employment</DESCRIPTION><POSITIONTYPEID>Fill-time</POSITIONTYPEID></HCMPOSITIONTYPEENTITY><HCMPOSITIONTYPEENTITY><CLASSIFICATION>FullTime</CLASSIFICATION><DESCRIPTION>Full-time employment</DESCRIPTION><POSITIONTYPEID>Full-time</POSITIONTYPEID></HCMPOSITIONTYPEENTITY><HCMPOSITIONTYPEENTITY><CLASSIFICATION>PartTime</CLASSIFICATION><DESCRIPTION>Part-time employment</DESCRIPTION><POSITIONTYPEID>Part-time</POSITIONTYPEID></HCMPOSITIONTYPEENTITY></Document>