﻿<?xml version="1.0" encoding="utf-8"?><Document><HCMPOSITIONDETAILENTITY><AVAILABLEFORASSIGNMENT>1900-01-01T00:00:00</AVAILABLEFORASSIGNMENT><COMPENSATIONREGIONID></COMPENSATIONREGIONID><DEPARTMENTNUMBER></DEPARTMENTNUMBER><DESCRIPTION>Owner</DESCRIPTION><FULLTIMEEQUIVALENT>1.000000</FULLTIMEEQUIVALENT><JOBFAMILYID></JOBFAMILYID><JOBID>Owner</JOBID><POSITIONID>000002</POSITIONID><POSITIONTYPEID></POSITIONTYPEID><TITLEID>Owner</TITLEID><VALIDFROM>2024-08-21T00:00:00</VALIDFROM><VALIDTO>2024-08-21T12:55:17</VALIDTO></HCMPOSITIONDETAILENTITY><HCMPOSITIONDETAILENTITY><AVAILABLEFORASSIGNMENT>1900-01-01T00:00:00</AVAILABLEFORASSIGNMENT><COMPENSATIONREGIONID></COMPENSATIONREGIONID><DEPARTMENTNUMBER>121</DEPARTMENTNUMBER><DESCRIPTION>Owner</DESCRIPTION><FULLTIMEEQUIVALENT>1.000000</FULLTIMEEQUIVALENT><JOBFAMILYID></JOBFAMILYID><JOBID>Owner</JOBID><POSITIONID>000002</POSITIONID><POSITIONTYPEID>Fill-time</POSITIONTYPEID><TITLEID>Owner</TITLEID><VALIDFROM>2024-08-21T12:55:18</VALIDFROM><VALIDTO>2024-08-21T12:58:41</VALIDTO></HCMPOSITIONDETAILENTITY><HCMPOSITIONDETAILENTITY><AVAILABLEFORASSIGNMENT>1900-01-01T00:00:00</AVAILABLEFORASSIGNMENT><COMPENSATIONREGIONID></COMPENSATIONREGIONID><DEPARTMENTNUMBER>121</DEPARTMENTNUMBER><DESCRIPTION>Owner</DESCRIPTION><FULLTIMEEQUIVALENT>1.000000</FULLTIMEEQUIVALENT><JOBFAMILYID></JOBFAMILYID><JOBID>Owner</JOBID><POSITIONID>000002</POSITIONID><POSITIONTYPEID>Full-time</POSITIONTYPEID><TITLEID>Owner</TITLEID><VALIDFROM>2024-08-21T12:58:42</VALIDFROM><VALIDTO>2024-09-05T19:40:28</VALIDTO></HCMPOSITIONDETAILENTITY><HCMPOSITIONDETAILENTITY><AVAILABLEFORASSIGNMENT>1900-01-01T00:00:00</AVAILABLEFORASSIGNMENT><COMPENSATIONREGIONID>SC</COMPENSATIONREGIONID><DEPARTMENTNUMBER>121</DEPARTMENTNUMBER><DESCRIPTION>Owner</DESCRIPTION><FULLTIMEEQUIVALENT>1.000000</FULLTIMEEQUIVALENT><JOBFAMILYID></JOBFAMILYID><JOBID>Owner</JOBID><POSITIONID>000002</POSITIONID><POSITIONTYPEID>Full-time</POSITIONTYPEID><TITLEID>Owner</TITLEID><VALIDFROM>2024-09-05T19:40:29</VALIDFROM><VALIDTO>2154-12-31T23:59:59</VALIDTO></HCMPOSITIONDETAILENTITY><HCMPOSITIONDETAILENTITY><AVAILABLEFORASSIGNMENT>1900-01-01T00:00:00</AVAILABLEFORASSIGNMENT><COMPENSATIONREGIONID></COMPENSATIONREGIONID><DEPARTMENTNUMBER></DEPARTMENTNUMBER><DESCRIPTION>Store Manager</DESCRIPTION><FULLTIMEEQUIVALENT>1.000000</FULLTIMEEQUIVALENT><JOBFAMILYID></JOBFAMILYID><JOBID>Store Manager</JOBID><POSITIONID>000004</POSITIONID><POSITIONTYPEID></POSITIONTYPEID><TITLEID>Store Manager</TITLEID><VALIDFROM>2024-08-21T00:00:00</VALIDFROM><VALIDTO>2024-08-21T12:56:22</VALIDTO></HCMPOSITIONDETAILENTITY><HCMPOSITIONDETAILENTITY><AVAILABLEFORASSIGNMENT>1900-01-01T00:00:00</AVAILABLEFORASSIGNMENT><COMPENSATIONREGIONID></COMPENSATIONREGIONID><DEPARTMENTNUMBER>122</DEPARTMENTNUMBER><DESCRIPTION>Store Manager</DESCRIPTION><FULLTIMEEQUIVALENT>1.000000</FULLTIMEEQUIVALENT><JOBFAMILYID></JOBFAMILYID><JOBID>Store Manager</JOBID><POSITIONID>000004</POSITIONID><POSITIONTYPEID>Fill-time</POSITIONTYPEID><TITLEID>Store Manager</TITLEID><VALIDFROM>2024-08-21T12:56:23</VALIDFROM><VALIDTO>2024-08-21T12:58:26</VALIDTO></HCMPOSITIONDETAILENTITY><HCMPOSITIONDETAILENTITY><AVAILABLEFORASSIGNMENT>1900-01-01T00:00:00</AVAILABLEFORASSIGNMENT><COMPENSATIONREGIONID></COMPENSATIONREGIONID><DEPARTMENTNUMBER>122</DEPARTMENTNUMBER><DESCRIPTION>Store Manager</DESCRIPTION><FULLTIMEEQUIVALENT>1.000000</FULLTIMEEQUIVALENT><JOBFAMILYID></JOBFAMILYID><JOBID>Store Manager</JOBID><POSITIONID>000004</POSITIONID><POSITIONTYPEID>Full-time</POSITIONTYPEID><TITLEID>Store Manager</TITLEID><VALIDFROM>2024-08-21T12:58:27</VALIDFROM><VALIDTO>2154-12-31T23:59:59</VALIDTO></HCMPOSITIONDETAILENTITY><HCMPOSITIONDETAILENTITY><AVAILABLEFORASSIGNMENT>1900-01-01T00:00:00</AVAILABLEFORASSIGNMENT><COMPENSATIONREGIONID></COMPENSATIONREGIONID><DEPARTMENTNUMBER>107</DEPARTMENTNUMBER><DESCRIPTION>Bookkeeper</DESCRIPTION><FULLTIMEEQUIVALENT>1.000000</FULLTIMEEQUIVALENT><JOBFAMILYID></JOBFAMILYID><JOBID>Bookekeeper</JOBID><POSITIONID>000005</POSITIONID><POSITIONTYPEID></POSITIONTYPEID><TITLEID>Bookkeeper</TITLEID><VALIDFROM>2024-08-21T00:00:00</VALIDFROM><VALIDTO>2024-08-21T12:58:18</VALIDTO></HCMPOSITIONDETAILENTITY><HCMPOSITIONDETAILENTITY><AVAILABLEFORASSIGNMENT>1900-01-01T00:00:00</AVAILABLEFORASSIGNMENT><COMPENSATIONREGIONID></COMPENSATIONREGIONID><DEPARTMENTNUMBER>107</DEPARTMENTNUMBER><DESCRIPTION>Bookkeeper</DESCRIPTION><FULLTIMEEQUIVALENT>1.000000</FULLTIMEEQUIVALENT><JOBFAMILYID></JOBFAMILYID><JOBID>Bookekeeper</JOBID><POSITIONID>000005</POSITIONID><POSITIONTYPEID>Full-time</POSITIONTYPEID><TITLEID>Bookkeeper</TITLEID><VALIDFROM>2024-08-21T12:58:19</VALIDFROM><VALIDTO>2154-12-31T23:59:59</VALIDTO></HCMPOSITIONDETAILENTITY><HCMPOSITIONDETAILENTITY><AVAILABLEFORASSIGNMENT>1900-01-01T00:00:00</AVAILABLEFORASSIGNMENT><COMPENSATIONREGIONID></COMPENSATIONREGIONID><DEPARTMENTNUMBER>109</DEPARTMENTNUMBER><DESCRIPTION>Human Resource Manager</DESCRIPTION><FULLTIMEEQUIVALENT>1.000000</FULLTIMEEQUIVALENT><JOBFAMILYID></JOBFAMILYID><JOBID>Human Resource Manager</JOBID><POSITIONID>000006</POSITIONID><POSITIONTYPEID></POSITIONTYPEID><TITLEID>Human Resource Manager</TITLEID><VALIDFROM>2024-08-21T00:00:00</VALIDFROM><VALIDTO>2024-08-21T12:59:31</VALIDTO></HCMPOSITIONDETAILENTITY><HCMPOSITIONDETAILENTITY><AVAILABLEFORASSIGNMENT>1900-01-01T00:00:00</AVAILABLEFORASSIGNMENT><COMPENSATIONREGIONID></COMPENSATIONREGIONID><DEPARTMENTNUMBER>109</DEPARTMENTNUMBER><DESCRIPTION>Human Resource Manager</DESCRIPTION><FULLTIMEEQUIVALENT>1.000000</FULLTIMEEQUIVALENT><JOBFAMILYID></JOBFAMILYID><JOBID>Human Resource Manager</JOBID><POSITIONID>000006</POSITIONID><POSITIONTYPEID>Full-time</POSITIONTYPEID><TITLEID>Human Resource Manager</TITLEID><VALIDFROM>2024-08-21T12:59:32</VALIDFROM><VALIDTO>2154-12-31T23:59:59</VALIDTO></HCMPOSITIONDETAILENTITY><HCMPOSITIONDETAILENTITY><AVAILABLEFORASSIGNMENT>1900-01-01T00:00:00</AVAILABLEFORASSIGNMENT><COMPENSATIONREGIONID></COMPENSATIONREGIONID><DEPARTMENTNUMBER>119</DEPARTMENTNUMBER><DESCRIPTION>Sales Manager</DESCRIPTION><FULLTIMEEQUIVALENT>1.000000</FULLTIMEEQUIVALENT><JOBFAMILYID></JOBFAMILYID><JOBID>Sales Manager</JOBID><POSITIONID>000007</POSITIONID><POSITIONTYPEID></POSITIONTYPEID><TITLEID>Sales Manager</TITLEID><VALIDFROM>2024-08-21T00:00:00</VALIDFROM><VALIDTO>2024-08-21T13:00:08</VALIDTO></HCMPOSITIONDETAILENTITY><HCMPOSITIONDETAILENTITY><AVAILABLEFORASSIGNMENT>1900-01-01T00:00:00</AVAILABLEFORASSIGNMENT><COMPENSATIONREGIONID></COMPENSATIONREGIONID><DEPARTMENTNUMBER>119</DEPARTMENTNUMBER><DESCRIPTION>Sales Manager</DESCRIPTION><FULLTIMEEQUIVALENT>1.000000</FULLTIMEEQUIVALENT><JOBFAMILYID></JOBFAMILYID><JOBID>Sales Manager</JOBID><POSITIONID>000007</POSITIONID><POSITIONTYPEID>Full-time</POSITIONTYPEID><TITLEID>Sales Manager</TITLEID><VALIDFROM>2024-08-21T13:00:09</VALIDFROM><VALIDTO>2154-12-31T23:59:59</VALIDTO></HCMPOSITIONDETAILENTITY><HCMPOSITIONDETAILENTITY><AVAILABLEFORASSIGNMENT>1900-01-01T00:00:00</AVAILABLEFORASSIGNMENT><COMPENSATIONREGIONID></COMPENSATIONREGIONID><DEPARTMENTNUMBER>121</DEPARTMENTNUMBER><DESCRIPTION>Materials Manager</DESCRIPTION><FULLTIMEEQUIVALENT>1.000000</FULLTIMEEQUIVALENT><JOBFAMILYID></JOBFAMILYID><JOBID>Materials Manager</JOBID><POSITIONID>000008</POSITIONID><POSITIONTYPEID></POSITIONTYPEID><TITLEID>Materials Manager</TITLEID><VALIDFROM>2024-08-21T00:00:00</VALIDFROM><VALIDTO>2024-08-21T13:00:41</VALIDTO></HCMPOSITIONDETAILENTITY><HCMPOSITIONDETAILENTITY><AVAILABLEFORASSIGNMENT>1900-01-01T00:00:00</AVAILABLEFORASSIGNMENT><COMPENSATIONREGIONID></COMPENSATIONREGIONID><DEPARTMENTNUMBER>121</DEPARTMENTNUMBER><DESCRIPTION>Materials Manager</DESCRIPTION><FULLTIMEEQUIVALENT>1.000000</FULLTIMEEQUIVALENT><JOBFAMILYID></JOBFAMILYID><JOBID>Materials Manager</JOBID><POSITIONID>000008</POSITIONID><POSITIONTYPEID>Full-time</POSITIONTYPEID><TITLEID>Materials Manager</TITLEID><VALIDFROM>2024-08-21T13:00:42</VALIDFROM><VALIDTO>2154-12-31T23:59:59</VALIDTO></HCMPOSITIONDETAILENTITY><HCMPOSITIONDETAILENTITY><AVAILABLEFORASSIGNMENT>1900-01-01T00:00:00</AVAILABLEFORASSIGNMENT><COMPENSATIONREGIONID></COMPENSATIONREGIONID><DEPARTMENTNUMBER>121</DEPARTMENTNUMBER><DESCRIPTION>Production Manager</DESCRIPTION><FULLTIMEEQUIVALENT>1.000000</FULLTIMEEQUIVALENT><JOBFAMILYID></JOBFAMILYID><JOBID>Production Manager</JOBID><POSITIONID>000009</POSITIONID><POSITIONTYPEID></POSITIONTYPEID><TITLEID>Production Manager</TITLEID><VALIDFROM>2024-08-21T00:00:00</VALIDFROM><VALIDTO>2024-08-21T13:01:14</VALIDTO></HCMPOSITIONDETAILENTITY><HCMPOSITIONDETAILENTITY><AVAILABLEFORASSIGNMENT>1900-01-01T00:00:00</AVAILABLEFORASSIGNMENT><COMPENSATIONREGIONID></COMPENSATIONREGIONID><DEPARTMENTNUMBER>121</DEPARTMENTNUMBER><DESCRIPTION>Production Manager</DESCRIPTION><FULLTIMEEQUIVALENT>1.000000</FULLTIMEEQUIVALENT><JOBFAMILYID></JOBFAMILYID><JOBID>Production Manager</JOBID><POSITIONID>000009</POSITIONID><POSITIONTYPEID>Full-time</POSITIONTYPEID><TITLEID>Production Manager</TITLEID><VALIDFROM>2024-08-21T13:01:15</VALIDFROM><VALIDTO>2154-12-31T23:59:59</VALIDTO></HCMPOSITIONDETAILENTITY><HCMPOSITIONDETAILENTITY><AVAILABLEFORASSIGNMENT>1900-01-01T00:00:00</AVAILABLEFORASSIGNMENT><COMPENSATIONREGIONID></COMPENSATIONREGIONID><DEPARTMENTNUMBER></DEPARTMENTNUMBER><DESCRIPTION>System Administrator</DESCRIPTION><FULLTIMEEQUIVALENT>1.000000</FULLTIMEEQUIVALENT><JOBFAMILYID></JOBFAMILYID><JOBID>System Administrator</JOBID><POSITIONID>000010</POSITIONID><POSITIONTYPEID></POSITIONTYPEID><TITLEID>System Administrator</TITLEID><VALIDFROM>2024-08-21T00:00:00</VALIDFROM><VALIDTO>2024-08-21T13:02:22</VALIDTO></HCMPOSITIONDETAILENTITY><HCMPOSITIONDETAILENTITY><AVAILABLEFORASSIGNMENT>1900-01-01T00:00:00</AVAILABLEFORASSIGNMENT><COMPENSATIONREGIONID></COMPENSATIONREGIONID><DEPARTMENTNUMBER>Information and Technology</DEPARTMENTNUMBER><DESCRIPTION>System Administrator</DESCRIPTION><FULLTIMEEQUIVALENT>1.000000</FULLTIMEEQUIVALENT><JOBFAMILYID></JOBFAMILYID><JOBID>System Administrator</JOBID><POSITIONID>000010</POSITIONID><POSITIONTYPEID></POSITIONTYPEID><TITLEID>System Administrator</TITLEID><VALIDFROM>2024-08-21T13:02:23</VALIDFROM><VALIDTO>2154-12-31T23:59:59</VALIDTO></HCMPOSITIONDETAILENTITY><HCMPOSITIONDETAILENTITY><AVAILABLEFORASSIGNMENT>1900-01-01T00:00:00</AVAILABLEFORASSIGNMENT><COMPENSATIONREGIONID></COMPENSATIONREGIONID><DEPARTMENTNUMBER>122</DEPARTMENTNUMBER><DESCRIPTION>Store Clerk</DESCRIPTION><FULLTIMEEQUIVALENT>1.000000</FULLTIMEEQUIVALENT><JOBFAMILYID></JOBFAMILYID><JOBID>Store Clerk</JOBID><POSITIONID>000011</POSITIONID><POSITIONTYPEID></POSITIONTYPEID><TITLEID>Store Clerk</TITLEID><VALIDFROM>2024-08-21T00:00:00</VALIDFROM><VALIDTO>2024-08-21T13:03:14</VALIDTO></HCMPOSITIONDETAILENTITY><HCMPOSITIONDETAILENTITY><AVAILABLEFORASSIGNMENT>1900-01-01T00:00:00</AVAILABLEFORASSIGNMENT><COMPENSATIONREGIONID></COMPENSATIONREGIONID><DEPARTMENTNUMBER>122</DEPARTMENTNUMBER><DESCRIPTION>Store Clerk</DESCRIPTION><FULLTIMEEQUIVALENT>1.000000</FULLTIMEEQUIVALENT><JOBFAMILYID></JOBFAMILYID><JOBID>Store Clerk</JOBID><POSITIONID>000011</POSITIONID><POSITIONTYPEID>Full-time</POSITIONTYPEID><TITLEID>Store Clerk</TITLEID><VALIDFROM>2024-08-21T13:03:15</VALIDFROM><VALIDTO>2154-12-31T23:59:59</VALIDTO></HCMPOSITIONDETAILENTITY><HCMPOSITIONDETAILENTITY><AVAILABLEFORASSIGNMENT>1900-01-01T00:00:00</AVAILABLEFORASSIGNMENT><COMPENSATIONREGIONID></COMPENSATIONREGIONID><DEPARTMENTNUMBER>107</DEPARTMENTNUMBER><DESCRIPTION>Credit and Collections Manager</DESCRIPTION><FULLTIMEEQUIVALENT>1.000000</FULLTIMEEQUIVALENT><JOBFAMILYID></JOBFAMILYID><JOBID>Credit and Collections Manager</JOBID><POSITIONID>000012</POSITIONID><POSITIONTYPEID></POSITIONTYPEID><TITLEID>Credit and Collections Manager</TITLEID><VALIDFROM>2024-08-21T00:00:00</VALIDFROM><VALIDTO>2024-08-21T13:13:04</VALIDTO></HCMPOSITIONDETAILENTITY><HCMPOSITIONDETAILENTITY><AVAILABLEFORASSIGNMENT>1900-01-01T00:00:00</AVAILABLEFORASSIGNMENT><COMPENSATIONREGIONID></COMPENSATIONREGIONID><DEPARTMENTNUMBER>107</DEPARTMENTNUMBER><DESCRIPTION>Credit and Collections Manager</DESCRIPTION><FULLTIMEEQUIVALENT>1.000000</FULLTIMEEQUIVALENT><JOBFAMILYID></JOBFAMILYID><JOBID>Credit and Collections Manager</JOBID><POSITIONID>000012</POSITIONID><POSITIONTYPEID>Full-time</POSITIONTYPEID><TITLEID>Credit and Collections Manager</TITLEID><VALIDFROM>2024-08-21T13:13:05</VALIDFROM><VALIDTO>2154-12-31T23:59:59</VALIDTO></HCMPOSITIONDETAILENTITY></Document>