﻿<?xml version="1.0" encoding="utf-8"?><Document><HCMWORKERENTITY><PERSONNELNUMBER>000001</PERSONNELNUMBER><ADDRESSBOOKS></ADDRESSBOOKS><ADDRESSCITY></ADDRESSCITY><ADDRESSCOUNTRYREGIONID></ADDRESSCOUNTRYREGIONID><ADDRESSCOUNTRYREGIONISOCODE></ADDRESSCOUNTRYREGIONISOCODE><ADDRESSCOUNTY></ADDRESSCOUNTY><ADDRESSDISTRICTNAME></ADDRESSDISTRICTNAME><ADDRESSLOCATIONID></ADDRESSLOCATIONID><ADDRESSNAMEDESCRIPTION></ADDRESSNAMEDESCRIPTION><ADDRESSPURPOSE></ADDRESSPURPOSE><ADDRESSSTATE></ADDRESSSTATE><ADDRESSSTREET></ADDRESSSTREET><ADDRESSVALIDFROM>1900-01-01T00:00:00</ADDRESSVALIDFROM><ADDRESSVALIDTO>1900-01-01T00:00:00</ADDRESSVALIDTO><ADDRESSZIPCODE></ADDRESSZIPCODE><ALLOWREHIRE>No</ALLOWREHIRE><ANNIVERSARYDATETIME>1900-01-01T00:00:00</ANNIVERSARYDATETIME><BIRTHDATE>1900-01-01T00:00:00</BIRTHDATE><CITIZENSHIPCOUNTRYREGION></CITIZENSHIPCOUNTRYREGION><DECEASEDDATE>1900-01-01T00:00:00</DECEASEDDATE><DISABLEDVERIFICATIONDATE>1900-01-01T00:00:00</DISABLEDVERIFICATIONDATE><EDUCATION></EDUCATION><ELECTRONICLOCATIONID></ELECTRONICLOCATIONID><EXPATRIATERULINGVALIDFROM>1900-01-01T00:00:00</EXPATRIATERULINGVALIDFROM><EXPATRIATERULINGVALIDTO>1900-01-01T00:00:00</EXPATRIATERULINGVALIDTO><FATHERBIRTHCOUNTRYREGION></FATHERBIRTHCOUNTRYREGION><FIRSTNAME>Dungeon</FIRSTNAME><GENDER>None</GENDER><IDENTITYEMAIL>dm@adnd365.com</IDENTITYEMAIL><IDENTITYPROVIDER>https://sts.windows.net/</IDENTITYPROVIDER><ISDISABLED>No</ISDISABLED><ISDISABLEDVETERAN>No</ISDISABLEDVETERAN><ISEXPATRIATERULINGAPPLICABLE>No</ISEXPATRIATERULINGAPPLICABLE><ISFULLTIMESTUDENT>No</ISFULLTIMESTUDENT><KNOWNAS></KNOWNAS><LANGUAGEID>fae-cm</LANGUAGEID><LASTNAME>Master</LASTNAME><LASTNAMEPREFIX></LASTNAMEPREFIX><MARITALSTATUS>None</MARITALSTATUS><MIDDLENAME></MIDDLENAME><MILITARYSERVICEENDDATE>1900-01-01T00:00:00</MILITARYSERVICEENDDATE><MILITARYSERVICESTARTDATE>1900-01-01T00:00:00</MILITARYSERVICESTARTDATE><MOTHERBIRTHCOUNTRYREGION></MOTHERBIRTHCOUNTRYREGION><NAME>Dungeon Master</NAME><NAMEALIAS>Dungeon Master</NAMEALIAS><NAMESEQUENCEDISPLAYAS>FirstMiddleLast</NAMESEQUENCEDISPLAYAS><NATIONALITYCOUNTRYREGION></NATIONALITYCOUNTRYREGION><NUMBEROFDEPENDENTS>0</NUMBEROFDEPENDENTS><OBJECTID>8f57fb15-588a-4999-9835-8b92612bab40</OBJECTID><OFFICELOCATION></OFFICELOCATION><OFFICELOCATIONID></OFFICELOCATIONID><ORIGINALHIREDATETIME>1900-01-01T00:00:00</ORIGINALHIREDATETIME><PARTYNUMBER>000000101</PARTYNUMBER><PARTYTYPE>Person</PARTYTYPE><PERSONALSUFFIX></PERSONALSUFFIX><PERSONALTITLE></PERSONALTITLE><PERSONBIRTHCITY></PERSONBIRTHCITY><PERSONBIRTHCOUNTRYREGION></PERSONBIRTHCOUNTRYREGION><PERSONDETAILSVALIDFROM>1900-01-01T00:00:00</PERSONDETAILSVALIDFROM><PERSONDETAILSVALIDTO>1900-01-01T00:00:00</PERSONDETAILSVALIDTO><PERSONUSERVALIDFROM>2024-06-30T20:39:27</PERSONUSERVALIDFROM><PERSONUSERVALIDTO>2154-12-31T23:59:59</PERSONUSERVALIDTO><PHONETICFIRSTNAME></PHONETICFIRSTNAME><PHONETICLASTNAME></PHONETICLASTNAME><PHONETICMIDDLENAME></PHONETICMIDDLENAME><PRIMARYADDRESSLOCATION>0</PRIMARYADDRESSLOCATION><PRIMARYCONTACTEMAIL></PRIMARYCONTACTEMAIL><PRIMARYCONTACTEMAILDESCRIPTION></PRIMARYCONTACTEMAILDESCRIPTION><PRIMARYCONTACTEMAILISIM>No</PRIMARYCONTACTEMAILISIM><PRIMARYCONTACTEMAILISPRIVATE>No</PRIMARYCONTACTEMAILISPRIVATE><PRIMARYCONTACTEMAILPURPOSE></PRIMARYCONTACTEMAILPURPOSE><PRIMARYCONTACTFACEBOOK></PRIMARYCONTACTFACEBOOK><PRIMARYCONTACTFACEBOOKDESCRIPTION></PRIMARYCONTACTFACEBOOKDESCRIPTION><PRIMARYCONTACTFACEBOOKISPRIVATE>No</PRIMARYCONTACTFACEBOOKISPRIVATE><PRIMARYCONTACTFACEBOOKPURPOSE></PRIMARYCONTACTFACEBOOKPURPOSE><PRIMARYCONTACTFAX></PRIMARYCONTACTFAX><PRIMARYCONTACTFAXDESCRIPTION></PRIMARYCONTACTFAXDESCRIPTION><PRIMARYCONTACTFAXEXTENSION></PRIMARYCONTACTFAXEXTENSION><PRIMARYCONTACTFAXISPRIVATE>No</PRIMARYCONTACTFAXISPRIVATE><PRIMARYCONTACTFAXPURPOSE></PRIMARYCONTACTFAXPURPOSE><PRIMARYCONTACTLINKEDIN></PRIMARYCONTACTLINKEDIN><PRIMARYCONTACTLINKEDINDESCRIPTION></PRIMARYCONTACTLINKEDINDESCRIPTION><PRIMARYCONTACTLINKEDINISPRIVATE>No</PRIMARYCONTACTLINKEDINISPRIVATE><PRIMARYCONTACTLINKEDINPURPOSE></PRIMARYCONTACTLINKEDINPURPOSE><PRIMARYCONTACTPHONE></PRIMARYCONTACTPHONE><PRIMARYCONTACTPHONEDESCRIPTION></PRIMARYCONTACTPHONEDESCRIPTION><PRIMARYCONTACTPHONEEXTENSION></PRIMARYCONTACTPHONEEXTENSION><PRIMARYCONTACTPHONEISMOBILE>No</PRIMARYCONTACTPHONEISMOBILE><PRIMARYCONTACTPHONEISPRIVATE>No</PRIMARYCONTACTPHONEISPRIVATE><PRIMARYCONTACTPHONEPURPOSE></PRIMARYCONTACTPHONEPURPOSE><PRIMARYCONTACTTWITTER></PRIMARYCONTACTTWITTER><PRIMARYCONTACTTWITTERDESCRIPTION></PRIMARYCONTACTTWITTERDESCRIPTION><PRIMARYCONTACTTWITTERISPRIVATE>No</PRIMARYCONTACTTWITTERISPRIVATE><PRIMARYCONTACTTWITTERPURPOSE></PRIMARYCONTACTTWITTERPURPOSE><PRIMARYCONTACTURL></PRIMARYCONTACTURL><PRIMARYCONTACTURLDESCRIPTION></PRIMARYCONTACTURLDESCRIPTION><PRIMARYCONTACTURLISPRIVATE>No</PRIMARYCONTACTURLISPRIVATE><PRIMARYCONTACTURLPURPOSE></PRIMARYCONTACTURLPURPOSE><PROFESSIONALSUFFIX></PROFESSIONALSUFFIX><PROFESSIONALTITLE></PROFESSIONALTITLE><SENIORITYDATE>1900-01-01T00:00:00</SENIORITYDATE><SUMMARYVALIDFROM>1900-01-01T00:00:00</SUMMARYVALIDFROM><SUMMARYVALIDTO>1900-01-01T00:00:00</SUMMARYVALIDTO><USER>Admin</USER><WORKERSTATUS>Employed</WORKERSTATUS><WORKERTYPE>Contractor</WORKERTYPE><WORKSFROMHOME>No</WORKSFROMHOME></HCMWORKERENTITY><HCMWORKERENTITY><PERSONNELNUMBER>000011</PERSONNELNUMBER><ADDRESSBOOKS></ADDRESSBOOKS><ADDRESSCITY></ADDRESSCITY><ADDRESSCOUNTRYREGIONID></ADDRESSCOUNTRYREGIONID><ADDRESSCOUNTRYREGIONISOCODE></ADDRESSCOUNTRYREGIONISOCODE><ADDRESSCOUNTY></ADDRESSCOUNTY><ADDRESSDISTRICTNAME></ADDRESSDISTRICTNAME><ADDRESSLOCATIONID></ADDRESSLOCATIONID><ADDRESSNAMEDESCRIPTION></ADDRESSNAMEDESCRIPTION><ADDRESSPURPOSE></ADDRESSPURPOSE><ADDRESSSTATE></ADDRESSSTATE><ADDRESSSTREET></ADDRESSSTREET><ADDRESSVALIDFROM>1900-01-01T00:00:00</ADDRESSVALIDFROM><ADDRESSVALIDTO>1900-01-01T00:00:00</ADDRESSVALIDTO><ADDRESSZIPCODE></ADDRESSZIPCODE><ALLOWREHIRE>No</ALLOWREHIRE><ANNIVERSARYDATETIME>1900-01-01T00:00:00</ANNIVERSARYDATETIME><BIRTHDATE>1955-05-12T00:00:00</BIRTHDATE><CITIZENSHIPCOUNTRYREGION>FAE</CITIZENSHIPCOUNTRYREGION><DECEASEDDATE>1900-01-01T00:00:00</DECEASEDDATE><DISABLEDVERIFICATIONDATE>1900-01-01T00:00:00</DISABLEDVERIFICATIONDATE><EDUCATION></EDUCATION><ELECTRONICLOCATIONID></ELECTRONICLOCATIONID><EXPATRIATERULINGVALIDFROM>1900-01-01T00:00:00</EXPATRIATERULINGVALIDFROM><EXPATRIATERULINGVALIDTO>1900-01-01T00:00:00</EXPATRIATERULINGVALIDTO><FATHERBIRTHCOUNTRYREGION>FAE</FATHERBIRTHCOUNTRYREGION><FIRSTNAME>Jolie</FIRSTNAME><GENDER>Male</GENDER><IDENTITYEMAIL></IDENTITYEMAIL><IDENTITYPROVIDER></IDENTITYPROVIDER><ISDISABLED>No</ISDISABLED><ISDISABLEDVETERAN>No</ISDISABLEDVETERAN><ISEXPATRIATERULINGAPPLICABLE>No</ISEXPATRIATERULINGAPPLICABLE><ISFULLTIMESTUDENT>No</ISFULLTIMESTUDENT><KNOWNAS></KNOWNAS><LANGUAGEID>fae-cm</LANGUAGEID><LASTNAME>Agafiteri</LASTNAME><LASTNAMEPREFIX></LASTNAMEPREFIX><MARITALSTATUS>None</MARITALSTATUS><MIDDLENAME></MIDDLENAME><MILITARYSERVICEENDDATE>1900-01-01T00:00:00</MILITARYSERVICEENDDATE><MILITARYSERVICESTARTDATE>1900-01-01T00:00:00</MILITARYSERVICESTARTDATE><MOTHERBIRTHCOUNTRYREGION>FAE</MOTHERBIRTHCOUNTRYREGION><NAME>Jolie Agafiteri</NAME><NAMEALIAS>Jolie Agafiteri</NAMEALIAS><NAMESEQUENCEDISPLAYAS>FirstMiddleLast</NAMESEQUENCEDISPLAYAS><NATIONALITYCOUNTRYREGION>FAE</NATIONALITYCOUNTRYREGION><NUMBEROFDEPENDENTS>0</NUMBEROFDEPENDENTS><OBJECTID>00000000-0000-0000-0000-000000000000</OBJECTID><OFFICELOCATION></OFFICELOCATION><OFFICELOCATIONID></OFFICELOCATIONID><ORIGINALHIREDATETIME>2024-08-21T00:00:00</ORIGINALHIREDATETIME><PARTYNUMBER>000000301</PARTYNUMBER><PARTYTYPE>Person</PARTYTYPE><PERSONALSUFFIX></PERSONALSUFFIX><PERSONALTITLE></PERSONALTITLE><PERSONBIRTHCITY>Waterdeep</PERSONBIRTHCITY><PERSONBIRTHCOUNTRYREGION>FAE</PERSONBIRTHCOUNTRYREGION><PERSONDETAILSVALIDFROM>1900-01-01T00:00:00</PERSONDETAILSVALIDFROM><PERSONDETAILSVALIDTO>1900-01-01T00:00:00</PERSONDETAILSVALIDTO><PERSONUSERVALIDFROM>1900-01-01T00:00:00</PERSONUSERVALIDFROM><PERSONUSERVALIDTO>1900-01-01T00:00:00</PERSONUSERVALIDTO><PHONETICFIRSTNAME></PHONETICFIRSTNAME><PHONETICLASTNAME></PHONETICLASTNAME><PHONETICMIDDLENAME></PHONETICMIDDLENAME><PRIMARYADDRESSLOCATION>0</PRIMARYADDRESSLOCATION><PRIMARYCONTACTEMAIL></PRIMARYCONTACTEMAIL><PRIMARYCONTACTEMAILDESCRIPTION></PRIMARYCONTACTEMAILDESCRIPTION><PRIMARYCONTACTEMAILISIM>No</PRIMARYCONTACTEMAILISIM><PRIMARYCONTACTEMAILISPRIVATE>No</PRIMARYCONTACTEMAILISPRIVATE><PRIMARYCONTACTEMAILPURPOSE></PRIMARYCONTACTEMAILPURPOSE><PRIMARYCONTACTFACEBOOK></PRIMARYCONTACTFACEBOOK><PRIMARYCONTACTFACEBOOKDESCRIPTION></PRIMARYCONTACTFACEBOOKDESCRIPTION><PRIMARYCONTACTFACEBOOKISPRIVATE>No</PRIMARYCONTACTFACEBOOKISPRIVATE><PRIMARYCONTACTFACEBOOKPURPOSE></PRIMARYCONTACTFACEBOOKPURPOSE><PRIMARYCONTACTFAX></PRIMARYCONTACTFAX><PRIMARYCONTACTFAXDESCRIPTION></PRIMARYCONTACTFAXDESCRIPTION><PRIMARYCONTACTFAXEXTENSION></PRIMARYCONTACTFAXEXTENSION><PRIMARYCONTACTFAXISPRIVATE>No</PRIMARYCONTACTFAXISPRIVATE><PRIMARYCONTACTFAXPURPOSE></PRIMARYCONTACTFAXPURPOSE><PRIMARYCONTACTLINKEDIN></PRIMARYCONTACTLINKEDIN><PRIMARYCONTACTLINKEDINDESCRIPTION></PRIMARYCONTACTLINKEDINDESCRIPTION><PRIMARYCONTACTLINKEDINISPRIVATE>No</PRIMARYCONTACTLINKEDINISPRIVATE><PRIMARYCONTACTLINKEDINPURPOSE></PRIMARYCONTACTLINKEDINPURPOSE><PRIMARYCONTACTPHONE></PRIMARYCONTACTPHONE><PRIMARYCONTACTPHONEDESCRIPTION></PRIMARYCONTACTPHONEDESCRIPTION><PRIMARYCONTACTPHONEEXTENSION></PRIMARYCONTACTPHONEEXTENSION><PRIMARYCONTACTPHONEISMOBILE>No</PRIMARYCONTACTPHONEISMOBILE><PRIMARYCONTACTPHONEISPRIVATE>No</PRIMARYCONTACTPHONEISPRIVATE><PRIMARYCONTACTPHONEPURPOSE></PRIMARYCONTACTPHONEPURPOSE><PRIMARYCONTACTTWITTER></PRIMARYCONTACTTWITTER><PRIMARYCONTACTTWITTERDESCRIPTION></PRIMARYCONTACTTWITTERDESCRIPTION><PRIMARYCONTACTTWITTERISPRIVATE>No</PRIMARYCONTACTTWITTERISPRIVATE><PRIMARYCONTACTTWITTERPURPOSE></PRIMARYCONTACTTWITTERPURPOSE><PRIMARYCONTACTURL></PRIMARYCONTACTURL><PRIMARYCONTACTURLDESCRIPTION></PRIMARYCONTACTURLDESCRIPTION><PRIMARYCONTACTURLISPRIVATE>No</PRIMARYCONTACTURLISPRIVATE><PRIMARYCONTACTURLPURPOSE></PRIMARYCONTACTURLPURPOSE><PROFESSIONALSUFFIX></PROFESSIONALSUFFIX><PROFESSIONALTITLE></PROFESSIONALTITLE><SENIORITYDATE>1900-01-01T00:00:00</SENIORITYDATE><SUMMARYVALIDFROM>2024-08-21T13:06:49</SUMMARYVALIDFROM><SUMMARYVALIDTO>2154-12-31T23:59:59</SUMMARYVALIDTO><USER></USER><WORKERSTATUS>Employed</WORKERSTATUS><WORKERTYPE>Employee</WORKERTYPE><WORKSFROMHOME>No</WORKSFROMHOME></HCMWORKERENTITY><HCMWORKERENTITY><PERSONNELNUMBER>000012</PERSONNELNUMBER><ADDRESSBOOKS></ADDRESSBOOKS><ADDRESSCITY></ADDRESSCITY><ADDRESSCOUNTRYREGIONID></ADDRESSCOUNTRYREGIONID><ADDRESSCOUNTRYREGIONISOCODE></ADDRESSCOUNTRYREGIONISOCODE><ADDRESSCOUNTY></ADDRESSCOUNTY><ADDRESSDISTRICTNAME></ADDRESSDISTRICTNAME><ADDRESSLOCATIONID></ADDRESSLOCATIONID><ADDRESSNAMEDESCRIPTION></ADDRESSNAMEDESCRIPTION><ADDRESSPURPOSE></ADDRESSPURPOSE><ADDRESSSTATE></ADDRESSSTATE><ADDRESSSTREET></ADDRESSSTREET><ADDRESSVALIDFROM>1900-01-01T00:00:00</ADDRESSVALIDFROM><ADDRESSVALIDTO>1900-01-01T00:00:00</ADDRESSVALIDTO><ADDRESSZIPCODE></ADDRESSZIPCODE><ALLOWREHIRE>No</ALLOWREHIRE><ANNIVERSARYDATETIME>1900-01-01T00:00:00</ANNIVERSARYDATETIME><BIRTHDATE>1900-01-01T00:00:00</BIRTHDATE><CITIZENSHIPCOUNTRYREGION></CITIZENSHIPCOUNTRYREGION><DECEASEDDATE>1900-01-01T00:00:00</DECEASEDDATE><DISABLEDVERIFICATIONDATE>1900-01-01T00:00:00</DISABLEDVERIFICATIONDATE><EDUCATION></EDUCATION><ELECTRONICLOCATIONID></ELECTRONICLOCATIONID><EXPATRIATERULINGVALIDFROM>1900-01-01T00:00:00</EXPATRIATERULINGVALIDFROM><EXPATRIATERULINGVALIDTO>1900-01-01T00:00:00</EXPATRIATERULINGVALIDTO><FATHERBIRTHCOUNTRYREGION></FATHERBIRTHCOUNTRYREGION><FIRSTNAME>Orabla</FIRSTNAME><GENDER>None</GENDER><IDENTITYEMAIL></IDENTITYEMAIL><IDENTITYPROVIDER></IDENTITYPROVIDER><ISDISABLED>No</ISDISABLED><ISDISABLEDVETERAN>No</ISDISABLEDVETERAN><ISEXPATRIATERULINGAPPLICABLE>No</ISEXPATRIATERULINGAPPLICABLE><ISFULLTIMESTUDENT>No</ISFULLTIMESTUDENT><KNOWNAS></KNOWNAS><LANGUAGEID>fae-cm</LANGUAGEID><LASTNAME>Del Piero</LASTNAME><LASTNAMEPREFIX></LASTNAMEPREFIX><MARITALSTATUS>None</MARITALSTATUS><MIDDLENAME></MIDDLENAME><MILITARYSERVICEENDDATE>1900-01-01T00:00:00</MILITARYSERVICEENDDATE><MILITARYSERVICESTARTDATE>1900-01-01T00:00:00</MILITARYSERVICESTARTDATE><MOTHERBIRTHCOUNTRYREGION></MOTHERBIRTHCOUNTRYREGION><NAME>Orabla Del Piero</NAME><NAMEALIAS>Orabla Del Piero</NAMEALIAS><NAMESEQUENCEDISPLAYAS>FirstMiddleLast</NAMESEQUENCEDISPLAYAS><NATIONALITYCOUNTRYREGION></NATIONALITYCOUNTRYREGION><NUMBEROFDEPENDENTS>0</NUMBEROFDEPENDENTS><OBJECTID>00000000-0000-0000-0000-000000000000</OBJECTID><OFFICELOCATION></OFFICELOCATION><OFFICELOCATIONID></OFFICELOCATIONID><ORIGINALHIREDATETIME>1900-01-01T00:00:00</ORIGINALHIREDATETIME><PARTYNUMBER>000000302</PARTYNUMBER><PARTYTYPE>Person</PARTYTYPE><PERSONALSUFFIX></PERSONALSUFFIX><PERSONALTITLE></PERSONALTITLE><PERSONBIRTHCITY></PERSONBIRTHCITY><PERSONBIRTHCOUNTRYREGION></PERSONBIRTHCOUNTRYREGION><PERSONDETAILSVALIDFROM>1900-01-01T00:00:00</PERSONDETAILSVALIDFROM><PERSONDETAILSVALIDTO>1900-01-01T00:00:00</PERSONDETAILSVALIDTO><PERSONUSERVALIDFROM>1900-01-01T00:00:00</PERSONUSERVALIDFROM><PERSONUSERVALIDTO>1900-01-01T00:00:00</PERSONUSERVALIDTO><PHONETICFIRSTNAME></PHONETICFIRSTNAME><PHONETICLASTNAME></PHONETICLASTNAME><PHONETICMIDDLENAME></PHONETICMIDDLENAME><PRIMARYADDRESSLOCATION>0</PRIMARYADDRESSLOCATION><PRIMARYCONTACTEMAIL></PRIMARYCONTACTEMAIL><PRIMARYCONTACTEMAILDESCRIPTION></PRIMARYCONTACTEMAILDESCRIPTION><PRIMARYCONTACTEMAILISIM>No</PRIMARYCONTACTEMAILISIM><PRIMARYCONTACTEMAILISPRIVATE>No</PRIMARYCONTACTEMAILISPRIVATE><PRIMARYCONTACTEMAILPURPOSE></PRIMARYCONTACTEMAILPURPOSE><PRIMARYCONTACTFACEBOOK></PRIMARYCONTACTFACEBOOK><PRIMARYCONTACTFACEBOOKDESCRIPTION></PRIMARYCONTACTFACEBOOKDESCRIPTION><PRIMARYCONTACTFACEBOOKISPRIVATE>No</PRIMARYCONTACTFACEBOOKISPRIVATE><PRIMARYCONTACTFACEBOOKPURPOSE></PRIMARYCONTACTFACEBOOKPURPOSE><PRIMARYCONTACTFAX></PRIMARYCONTACTFAX><PRIMARYCONTACTFAXDESCRIPTION></PRIMARYCONTACTFAXDESCRIPTION><PRIMARYCONTACTFAXEXTENSION></PRIMARYCONTACTFAXEXTENSION><PRIMARYCONTACTFAXISPRIVATE>No</PRIMARYCONTACTFAXISPRIVATE><PRIMARYCONTACTFAXPURPOSE></PRIMARYCONTACTFAXPURPOSE><PRIMARYCONTACTLINKEDIN></PRIMARYCONTACTLINKEDIN><PRIMARYCONTACTLINKEDINDESCRIPTION></PRIMARYCONTACTLINKEDINDESCRIPTION><PRIMARYCONTACTLINKEDINISPRIVATE>No</PRIMARYCONTACTLINKEDINISPRIVATE><PRIMARYCONTACTLINKEDINPURPOSE></PRIMARYCONTACTLINKEDINPURPOSE><PRIMARYCONTACTPHONE></PRIMARYCONTACTPHONE><PRIMARYCONTACTPHONEDESCRIPTION></PRIMARYCONTACTPHONEDESCRIPTION><PRIMARYCONTACTPHONEEXTENSION></PRIMARYCONTACTPHONEEXTENSION><PRIMARYCONTACTPHONEISMOBILE>No</PRIMARYCONTACTPHONEISMOBILE><PRIMARYCONTACTPHONEISPRIVATE>No</PRIMARYCONTACTPHONEISPRIVATE><PRIMARYCONTACTPHONEPURPOSE></PRIMARYCONTACTPHONEPURPOSE><PRIMARYCONTACTTWITTER></PRIMARYCONTACTTWITTER><PRIMARYCONTACTTWITTERDESCRIPTION></PRIMARYCONTACTTWITTERDESCRIPTION><PRIMARYCONTACTTWITTERISPRIVATE>No</PRIMARYCONTACTTWITTERISPRIVATE><PRIMARYCONTACTTWITTERPURPOSE></PRIMARYCONTACTTWITTERPURPOSE><PRIMARYCONTACTURL></PRIMARYCONTACTURL><PRIMARYCONTACTURLDESCRIPTION></PRIMARYCONTACTURLDESCRIPTION><PRIMARYCONTACTURLISPRIVATE>No</PRIMARYCONTACTURLISPRIVATE><PRIMARYCONTACTURLPURPOSE></PRIMARYCONTACTURLPURPOSE><PROFESSIONALSUFFIX></PROFESSIONALSUFFIX><PROFESSIONALTITLE></PROFESSIONALTITLE><SENIORITYDATE>1900-01-01T00:00:00</SENIORITYDATE><SUMMARYVALIDFROM>1900-01-01T00:00:00</SUMMARYVALIDFROM><SUMMARYVALIDTO>1900-01-01T00:00:00</SUMMARYVALIDTO><USER></USER><WORKERSTATUS>Employed</WORKERSTATUS><WORKERTYPE>Employee</WORKERTYPE><WORKSFROMHOME>No</WORKSFROMHOME></HCMWORKERENTITY><HCMWORKERENTITY><PERSONNELNUMBER>000013</PERSONNELNUMBER><ADDRESSBOOKS></ADDRESSBOOKS><ADDRESSCITY></ADDRESSCITY><ADDRESSCOUNTRYREGIONID></ADDRESSCOUNTRYREGIONID><ADDRESSCOUNTRYREGIONISOCODE></ADDRESSCOUNTRYREGIONISOCODE><ADDRESSCOUNTY></ADDRESSCOUNTY><ADDRESSDISTRICTNAME></ADDRESSDISTRICTNAME><ADDRESSLOCATIONID></ADDRESSLOCATIONID><ADDRESSNAMEDESCRIPTION></ADDRESSNAMEDESCRIPTION><ADDRESSPURPOSE></ADDRESSPURPOSE><ADDRESSSTATE></ADDRESSSTATE><ADDRESSSTREET></ADDRESSSTREET><ADDRESSVALIDFROM>1900-01-01T00:00:00</ADDRESSVALIDFROM><ADDRESSVALIDTO>1900-01-01T00:00:00</ADDRESSVALIDTO><ADDRESSZIPCODE></ADDRESSZIPCODE><ALLOWREHIRE>No</ALLOWREHIRE><ANNIVERSARYDATETIME>1900-01-01T00:00:00</ANNIVERSARYDATETIME><BIRTHDATE>1900-01-01T00:00:00</BIRTHDATE><CITIZENSHIPCOUNTRYREGION></CITIZENSHIPCOUNTRYREGION><DECEASEDDATE>1900-01-01T00:00:00</DECEASEDDATE><DISABLEDVERIFICATIONDATE>1900-01-01T00:00:00</DISABLEDVERIFICATIONDATE><EDUCATION></EDUCATION><ELECTRONICLOCATIONID></ELECTRONICLOCATIONID><EXPATRIATERULINGVALIDFROM>1900-01-01T00:00:00</EXPATRIATERULINGVALIDFROM><EXPATRIATERULINGVALIDTO>1900-01-01T00:00:00</EXPATRIATERULINGVALIDTO><FATHERBIRTHCOUNTRYREGION></FATHERBIRTHCOUNTRYREGION><FIRSTNAME>Quintin</FIRSTNAME><GENDER>None</GENDER><IDENTITYEMAIL></IDENTITYEMAIL><IDENTITYPROVIDER></IDENTITYPROVIDER><ISDISABLED>No</ISDISABLED><ISDISABLEDVETERAN>No</ISDISABLEDVETERAN><ISEXPATRIATERULINGAPPLICABLE>No</ISEXPATRIATERULINGAPPLICABLE><ISFULLTIMESTUDENT>No</ISFULLTIMESTUDENT><KNOWNAS></KNOWNAS><LANGUAGEID>fae-cm</LANGUAGEID><LASTNAME>Jongmans</LASTNAME><LASTNAMEPREFIX></LASTNAMEPREFIX><MARITALSTATUS>None</MARITALSTATUS><MIDDLENAME></MIDDLENAME><MILITARYSERVICEENDDATE>1900-01-01T00:00:00</MILITARYSERVICEENDDATE><MILITARYSERVICESTARTDATE>1900-01-01T00:00:00</MILITARYSERVICESTARTDATE><MOTHERBIRTHCOUNTRYREGION></MOTHERBIRTHCOUNTRYREGION><NAME>Quintin Jongmans</NAME><NAMEALIAS>Quintin Jongmans</NAMEALIAS><NAMESEQUENCEDISPLAYAS>FirstMiddleLast</NAMESEQUENCEDISPLAYAS><NATIONALITYCOUNTRYREGION></NATIONALITYCOUNTRYREGION><NUMBEROFDEPENDENTS>0</NUMBEROFDEPENDENTS><OBJECTID>00000000-0000-0000-0000-000000000000</OBJECTID><OFFICELOCATION></OFFICELOCATION><OFFICELOCATIONID></OFFICELOCATIONID><ORIGINALHIREDATETIME>1900-01-01T00:00:00</ORIGINALHIREDATETIME><PARTYNUMBER>000000303</PARTYNUMBER><PARTYTYPE>Person</PARTYTYPE><PERSONALSUFFIX></PERSONALSUFFIX><PERSONALTITLE></PERSONALTITLE><PERSONBIRTHCITY></PERSONBIRTHCITY><PERSONBIRTHCOUNTRYREGION></PERSONBIRTHCOUNTRYREGION><PERSONDETAILSVALIDFROM>1900-01-01T00:00:00</PERSONDETAILSVALIDFROM><PERSONDETAILSVALIDTO>1900-01-01T00:00:00</PERSONDETAILSVALIDTO><PERSONUSERVALIDFROM>1900-01-01T00:00:00</PERSONUSERVALIDFROM><PERSONUSERVALIDTO>1900-01-01T00:00:00</PERSONUSERVALIDTO><PHONETICFIRSTNAME></PHONETICFIRSTNAME><PHONETICLASTNAME></PHONETICLASTNAME><PHONETICMIDDLENAME></PHONETICMIDDLENAME><PRIMARYADDRESSLOCATION>0</PRIMARYADDRESSLOCATION><PRIMARYCONTACTEMAIL></PRIMARYCONTACTEMAIL><PRIMARYCONTACTEMAILDESCRIPTION></PRIMARYCONTACTEMAILDESCRIPTION><PRIMARYCONTACTEMAILISIM>No</PRIMARYCONTACTEMAILISIM><PRIMARYCONTACTEMAILISPRIVATE>No</PRIMARYCONTACTEMAILISPRIVATE><PRIMARYCONTACTEMAILPURPOSE></PRIMARYCONTACTEMAILPURPOSE><PRIMARYCONTACTFACEBOOK></PRIMARYCONTACTFACEBOOK><PRIMARYCONTACTFACEBOOKDESCRIPTION></PRIMARYCONTACTFACEBOOKDESCRIPTION><PRIMARYCONTACTFACEBOOKISPRIVATE>No</PRIMARYCONTACTFACEBOOKISPRIVATE><PRIMARYCONTACTFACEBOOKPURPOSE></PRIMARYCONTACTFACEBOOKPURPOSE><PRIMARYCONTACTFAX></PRIMARYCONTACTFAX><PRIMARYCONTACTFAXDESCRIPTION></PRIMARYCONTACTFAXDESCRIPTION><PRIMARYCONTACTFAXEXTENSION></PRIMARYCONTACTFAXEXTENSION><PRIMARYCONTACTFAXISPRIVATE>No</PRIMARYCONTACTFAXISPRIVATE><PRIMARYCONTACTFAXPURPOSE></PRIMARYCONTACTFAXPURPOSE><PRIMARYCONTACTLINKEDIN></PRIMARYCONTACTLINKEDIN><PRIMARYCONTACTLINKEDINDESCRIPTION></PRIMARYCONTACTLINKEDINDESCRIPTION><PRIMARYCONTACTLINKEDINISPRIVATE>No</PRIMARYCONTACTLINKEDINISPRIVATE><PRIMARYCONTACTLINKEDINPURPOSE></PRIMARYCONTACTLINKEDINPURPOSE><PRIMARYCONTACTPHONE></PRIMARYCONTACTPHONE><PRIMARYCONTACTPHONEDESCRIPTION></PRIMARYCONTACTPHONEDESCRIPTION><PRIMARYCONTACTPHONEEXTENSION></PRIMARYCONTACTPHONEEXTENSION><PRIMARYCONTACTPHONEISMOBILE>No</PRIMARYCONTACTPHONEISMOBILE><PRIMARYCONTACTPHONEISPRIVATE>No</PRIMARYCONTACTPHONEISPRIVATE><PRIMARYCONTACTPHONEPURPOSE></PRIMARYCONTACTPHONEPURPOSE><PRIMARYCONTACTTWITTER></PRIMARYCONTACTTWITTER><PRIMARYCONTACTTWITTERDESCRIPTION></PRIMARYCONTACTTWITTERDESCRIPTION><PRIMARYCONTACTTWITTERISPRIVATE>No</PRIMARYCONTACTTWITTERISPRIVATE><PRIMARYCONTACTTWITTERPURPOSE></PRIMARYCONTACTTWITTERPURPOSE><PRIMARYCONTACTURL></PRIMARYCONTACTURL><PRIMARYCONTACTURLDESCRIPTION></PRIMARYCONTACTURLDESCRIPTION><PRIMARYCONTACTURLISPRIVATE>No</PRIMARYCONTACTURLISPRIVATE><PRIMARYCONTACTURLPURPOSE></PRIMARYCONTACTURLPURPOSE><PROFESSIONALSUFFIX></PROFESSIONALSUFFIX><PROFESSIONALTITLE></PROFESSIONALTITLE><SENIORITYDATE>1900-01-01T00:00:00</SENIORITYDATE><SUMMARYVALIDFROM>1900-01-01T00:00:00</SUMMARYVALIDFROM><SUMMARYVALIDTO>1900-01-01T00:00:00</SUMMARYVALIDTO><USER></USER><WORKERSTATUS>Employed</WORKERSTATUS><WORKERTYPE>Employee</WORKERTYPE><WORKSFROMHOME>No</WORKSFROMHOME></HCMWORKERENTITY><HCMWORKERENTITY><PERSONNELNUMBER>000014</PERSONNELNUMBER><ADDRESSBOOKS></ADDRESSBOOKS><ADDRESSCITY></ADDRESSCITY><ADDRESSCOUNTRYREGIONID></ADDRESSCOUNTRYREGIONID><ADDRESSCOUNTRYREGIONISOCODE></ADDRESSCOUNTRYREGIONISOCODE><ADDRESSCOUNTY></ADDRESSCOUNTY><ADDRESSDISTRICTNAME></ADDRESSDISTRICTNAME><ADDRESSLOCATIONID></ADDRESSLOCATIONID><ADDRESSNAMEDESCRIPTION></ADDRESSNAMEDESCRIPTION><ADDRESSPURPOSE></ADDRESSPURPOSE><ADDRESSSTATE></ADDRESSSTATE><ADDRESSSTREET></ADDRESSSTREET><ADDRESSVALIDFROM>1900-01-01T00:00:00</ADDRESSVALIDFROM><ADDRESSVALIDTO>1900-01-01T00:00:00</ADDRESSVALIDTO><ADDRESSZIPCODE></ADDRESSZIPCODE><ALLOWREHIRE>No</ALLOWREHIRE><ANNIVERSARYDATETIME>1900-01-01T00:00:00</ANNIVERSARYDATETIME><BIRTHDATE>1900-01-01T00:00:00</BIRTHDATE><CITIZENSHIPCOUNTRYREGION></CITIZENSHIPCOUNTRYREGION><DECEASEDDATE>1900-01-01T00:00:00</DECEASEDDATE><DISABLEDVERIFICATIONDATE>1900-01-01T00:00:00</DISABLEDVERIFICATIONDATE><EDUCATION></EDUCATION><ELECTRONICLOCATIONID></ELECTRONICLOCATIONID><EXPATRIATERULINGVALIDFROM>1900-01-01T00:00:00</EXPATRIATERULINGVALIDFROM><EXPATRIATERULINGVALIDTO>1900-01-01T00:00:00</EXPATRIATERULINGVALIDTO><FATHERBIRTHCOUNTRYREGION></FATHERBIRTHCOUNTRYREGION><FIRSTNAME>Bechmann</FIRSTNAME><GENDER>None</GENDER><IDENTITYEMAIL></IDENTITYEMAIL><IDENTITYPROVIDER></IDENTITYPROVIDER><ISDISABLED>No</ISDISABLED><ISDISABLEDVETERAN>No</ISDISABLEDVETERAN><ISEXPATRIATERULINGAPPLICABLE>No</ISEXPATRIATERULINGAPPLICABLE><ISFULLTIMESTUDENT>No</ISFULLTIMESTUDENT><KNOWNAS></KNOWNAS><LANGUAGEID>fae-cm</LANGUAGEID><LASTNAME>Daiane</LASTNAME><LASTNAMEPREFIX></LASTNAMEPREFIX><MARITALSTATUS>None</MARITALSTATUS><MIDDLENAME></MIDDLENAME><MILITARYSERVICEENDDATE>1900-01-01T00:00:00</MILITARYSERVICEENDDATE><MILITARYSERVICESTARTDATE>1900-01-01T00:00:00</MILITARYSERVICESTARTDATE><MOTHERBIRTHCOUNTRYREGION></MOTHERBIRTHCOUNTRYREGION><NAME>Bechmann Daiane</NAME><NAMEALIAS>Bechmann Daiane</NAMEALIAS><NAMESEQUENCEDISPLAYAS>FirstMiddleLast</NAMESEQUENCEDISPLAYAS><NATIONALITYCOUNTRYREGION></NATIONALITYCOUNTRYREGION><NUMBEROFDEPENDENTS>0</NUMBEROFDEPENDENTS><OBJECTID>00000000-0000-0000-0000-000000000000</OBJECTID><OFFICELOCATION></OFFICELOCATION><OFFICELOCATIONID></OFFICELOCATIONID><ORIGINALHIREDATETIME>1900-01-01T00:00:00</ORIGINALHIREDATETIME><PARTYNUMBER>000000304</PARTYNUMBER><PARTYTYPE>Person</PARTYTYPE><PERSONALSUFFIX></PERSONALSUFFIX><PERSONALTITLE></PERSONALTITLE><PERSONBIRTHCITY></PERSONBIRTHCITY><PERSONBIRTHCOUNTRYREGION></PERSONBIRTHCOUNTRYREGION><PERSONDETAILSVALIDFROM>1900-01-01T00:00:00</PERSONDETAILSVALIDFROM><PERSONDETAILSVALIDTO>1900-01-01T00:00:00</PERSONDETAILSVALIDTO><PERSONUSERVALIDFROM>1900-01-01T00:00:00</PERSONUSERVALIDFROM><PERSONUSERVALIDTO>1900-01-01T00:00:00</PERSONUSERVALIDTO><PHONETICFIRSTNAME></PHONETICFIRSTNAME><PHONETICLASTNAME></PHONETICLASTNAME><PHONETICMIDDLENAME></PHONETICMIDDLENAME><PRIMARYADDRESSLOCATION>0</PRIMARYADDRESSLOCATION><PRIMARYCONTACTEMAIL></PRIMARYCONTACTEMAIL><PRIMARYCONTACTEMAILDESCRIPTION></PRIMARYCONTACTEMAILDESCRIPTION><PRIMARYCONTACTEMAILISIM>No</PRIMARYCONTACTEMAILISIM><PRIMARYCONTACTEMAILISPRIVATE>No</PRIMARYCONTACTEMAILISPRIVATE><PRIMARYCONTACTEMAILPURPOSE></PRIMARYCONTACTEMAILPURPOSE><PRIMARYCONTACTFACEBOOK></PRIMARYCONTACTFACEBOOK><PRIMARYCONTACTFACEBOOKDESCRIPTION></PRIMARYCONTACTFACEBOOKDESCRIPTION><PRIMARYCONTACTFACEBOOKISPRIVATE>No</PRIMARYCONTACTFACEBOOKISPRIVATE><PRIMARYCONTACTFACEBOOKPURPOSE></PRIMARYCONTACTFACEBOOKPURPOSE><PRIMARYCONTACTFAX></PRIMARYCONTACTFAX><PRIMARYCONTACTFAXDESCRIPTION></PRIMARYCONTACTFAXDESCRIPTION><PRIMARYCONTACTFAXEXTENSION></PRIMARYCONTACTFAXEXTENSION><PRIMARYCONTACTFAXISPRIVATE>No</PRIMARYCONTACTFAXISPRIVATE><PRIMARYCONTACTFAXPURPOSE></PRIMARYCONTACTFAXPURPOSE><PRIMARYCONTACTLINKEDIN></PRIMARYCONTACTLINKEDIN><PRIMARYCONTACTLINKEDINDESCRIPTION></PRIMARYCONTACTLINKEDINDESCRIPTION><PRIMARYCONTACTLINKEDINISPRIVATE>No</PRIMARYCONTACTLINKEDINISPRIVATE><PRIMARYCONTACTLINKEDINPURPOSE></PRIMARYCONTACTLINKEDINPURPOSE><PRIMARYCONTACTPHONE></PRIMARYCONTACTPHONE><PRIMARYCONTACTPHONEDESCRIPTION></PRIMARYCONTACTPHONEDESCRIPTION><PRIMARYCONTACTPHONEEXTENSION></PRIMARYCONTACTPHONEEXTENSION><PRIMARYCONTACTPHONEISMOBILE>No</PRIMARYCONTACTPHONEISMOBILE><PRIMARYCONTACTPHONEISPRIVATE>No</PRIMARYCONTACTPHONEISPRIVATE><PRIMARYCONTACTPHONEPURPOSE></PRIMARYCONTACTPHONEPURPOSE><PRIMARYCONTACTTWITTER></PRIMARYCONTACTTWITTER><PRIMARYCONTACTTWITTERDESCRIPTION></PRIMARYCONTACTTWITTERDESCRIPTION><PRIMARYCONTACTTWITTERISPRIVATE>No</PRIMARYCONTACTTWITTERISPRIVATE><PRIMARYCONTACTTWITTERPURPOSE></PRIMARYCONTACTTWITTERPURPOSE><PRIMARYCONTACTURL></PRIMARYCONTACTURL><PRIMARYCONTACTURLDESCRIPTION></PRIMARYCONTACTURLDESCRIPTION><PRIMARYCONTACTURLISPRIVATE>No</PRIMARYCONTACTURLISPRIVATE><PRIMARYCONTACTURLPURPOSE></PRIMARYCONTACTURLPURPOSE><PROFESSIONALSUFFIX></PROFESSIONALSUFFIX><PROFESSIONALTITLE></PROFESSIONALTITLE><SENIORITYDATE>1900-01-01T00:00:00</SENIORITYDATE><SUMMARYVALIDFROM>1900-01-01T00:00:00</SUMMARYVALIDFROM><SUMMARYVALIDTO>1900-01-01T00:00:00</SUMMARYVALIDTO><USER></USER><WORKERSTATUS>Employed</WORKERSTATUS><WORKERTYPE>Employee</WORKERTYPE><WORKSFROMHOME>No</WORKSFROMHOME></HCMWORKERENTITY><HCMWORKERENTITY><PERSONNELNUMBER>000015</PERSONNELNUMBER><ADDRESSBOOKS></ADDRESSBOOKS><ADDRESSCITY></ADDRESSCITY><ADDRESSCOUNTRYREGIONID></ADDRESSCOUNTRYREGIONID><ADDRESSCOUNTRYREGIONISOCODE></ADDRESSCOUNTRYREGIONISOCODE><ADDRESSCOUNTY></ADDRESSCOUNTY><ADDRESSDISTRICTNAME></ADDRESSDISTRICTNAME><ADDRESSLOCATIONID></ADDRESSLOCATIONID><ADDRESSNAMEDESCRIPTION></ADDRESSNAMEDESCRIPTION><ADDRESSPURPOSE></ADDRESSPURPOSE><ADDRESSSTATE></ADDRESSSTATE><ADDRESSSTREET></ADDRESSSTREET><ADDRESSVALIDFROM>1900-01-01T00:00:00</ADDRESSVALIDFROM><ADDRESSVALIDTO>1900-01-01T00:00:00</ADDRESSVALIDTO><ADDRESSZIPCODE></ADDRESSZIPCODE><ALLOWREHIRE>No</ALLOWREHIRE><ANNIVERSARYDATETIME>1900-01-01T00:00:00</ANNIVERSARYDATETIME><BIRTHDATE>1900-01-01T00:00:00</BIRTHDATE><CITIZENSHIPCOUNTRYREGION></CITIZENSHIPCOUNTRYREGION><DECEASEDDATE>1900-01-01T00:00:00</DECEASEDDATE><DISABLEDVERIFICATIONDATE>1900-01-01T00:00:00</DISABLEDVERIFICATIONDATE><EDUCATION></EDUCATION><ELECTRONICLOCATIONID></ELECTRONICLOCATIONID><EXPATRIATERULINGVALIDFROM>1900-01-01T00:00:00</EXPATRIATERULINGVALIDFROM><EXPATRIATERULINGVALIDTO>1900-01-01T00:00:00</EXPATRIATERULINGVALIDTO><FATHERBIRTHCOUNTRYREGION></FATHERBIRTHCOUNTRYREGION><FIRSTNAME>Launceletus</FIRSTNAME><GENDER>None</GENDER><IDENTITYEMAIL></IDENTITYEMAIL><IDENTITYPROVIDER></IDENTITYPROVIDER><ISDISABLED>No</ISDISABLED><ISDISABLEDVETERAN>No</ISDISABLEDVETERAN><ISEXPATRIATERULINGAPPLICABLE>No</ISEXPATRIATERULINGAPPLICABLE><ISFULLTIMESTUDENT>No</ISFULLTIMESTUDENT><KNOWNAS></KNOWNAS><LANGUAGEID>fae-cm</LANGUAGEID><LASTNAME>Nivel</LASTNAME><LASTNAMEPREFIX></LASTNAMEPREFIX><MARITALSTATUS>None</MARITALSTATUS><MIDDLENAME></MIDDLENAME><MILITARYSERVICEENDDATE>1900-01-01T00:00:00</MILITARYSERVICEENDDATE><MILITARYSERVICESTARTDATE>1900-01-01T00:00:00</MILITARYSERVICESTARTDATE><MOTHERBIRTHCOUNTRYREGION></MOTHERBIRTHCOUNTRYREGION><NAME>Launceletus Nivel</NAME><NAMEALIAS>Launceletus Nivel</NAMEALIAS><NAMESEQUENCEDISPLAYAS>FirstMiddleLast</NAMESEQUENCEDISPLAYAS><NATIONALITYCOUNTRYREGION></NATIONALITYCOUNTRYREGION><NUMBEROFDEPENDENTS>0</NUMBEROFDEPENDENTS><OBJECTID>00000000-0000-0000-0000-000000000000</OBJECTID><OFFICELOCATION></OFFICELOCATION><OFFICELOCATIONID></OFFICELOCATIONID><ORIGINALHIREDATETIME>1900-01-01T00:00:00</ORIGINALHIREDATETIME><PARTYNUMBER>000000305</PARTYNUMBER><PARTYTYPE>Person</PARTYTYPE><PERSONALSUFFIX></PERSONALSUFFIX><PERSONALTITLE></PERSONALTITLE><PERSONBIRTHCITY></PERSONBIRTHCITY><PERSONBIRTHCOUNTRYREGION></PERSONBIRTHCOUNTRYREGION><PERSONDETAILSVALIDFROM>1900-01-01T00:00:00</PERSONDETAILSVALIDFROM><PERSONDETAILSVALIDTO>1900-01-01T00:00:00</PERSONDETAILSVALIDTO><PERSONUSERVALIDFROM>1900-01-01T00:00:00</PERSONUSERVALIDFROM><PERSONUSERVALIDTO>1900-01-01T00:00:00</PERSONUSERVALIDTO><PHONETICFIRSTNAME></PHONETICFIRSTNAME><PHONETICLASTNAME></PHONETICLASTNAME><PHONETICMIDDLENAME></PHONETICMIDDLENAME><PRIMARYADDRESSLOCATION>0</PRIMARYADDRESSLOCATION><PRIMARYCONTACTEMAIL></PRIMARYCONTACTEMAIL><PRIMARYCONTACTEMAILDESCRIPTION></PRIMARYCONTACTEMAILDESCRIPTION><PRIMARYCONTACTEMAILISIM>No</PRIMARYCONTACTEMAILISIM><PRIMARYCONTACTEMAILISPRIVATE>No</PRIMARYCONTACTEMAILISPRIVATE><PRIMARYCONTACTEMAILPURPOSE></PRIMARYCONTACTEMAILPURPOSE><PRIMARYCONTACTFACEBOOK></PRIMARYCONTACTFACEBOOK><PRIMARYCONTACTFACEBOOKDESCRIPTION></PRIMARYCONTACTFACEBOOKDESCRIPTION><PRIMARYCONTACTFACEBOOKISPRIVATE>No</PRIMARYCONTACTFACEBOOKISPRIVATE><PRIMARYCONTACTFACEBOOKPURPOSE></PRIMARYCONTACTFACEBOOKPURPOSE><PRIMARYCONTACTFAX></PRIMARYCONTACTFAX><PRIMARYCONTACTFAXDESCRIPTION></PRIMARYCONTACTFAXDESCRIPTION><PRIMARYCONTACTFAXEXTENSION></PRIMARYCONTACTFAXEXTENSION><PRIMARYCONTACTFAXISPRIVATE>No</PRIMARYCONTACTFAXISPRIVATE><PRIMARYCONTACTFAXPURPOSE></PRIMARYCONTACTFAXPURPOSE><PRIMARYCONTACTLINKEDIN></PRIMARYCONTACTLINKEDIN><PRIMARYCONTACTLINKEDINDESCRIPTION></PRIMARYCONTACTLINKEDINDESCRIPTION><PRIMARYCONTACTLINKEDINISPRIVATE>No</PRIMARYCONTACTLINKEDINISPRIVATE><PRIMARYCONTACTLINKEDINPURPOSE></PRIMARYCONTACTLINKEDINPURPOSE><PRIMARYCONTACTPHONE></PRIMARYCONTACTPHONE><PRIMARYCONTACTPHONEDESCRIPTION></PRIMARYCONTACTPHONEDESCRIPTION><PRIMARYCONTACTPHONEEXTENSION></PRIMARYCONTACTPHONEEXTENSION><PRIMARYCONTACTPHONEISMOBILE>No</PRIMARYCONTACTPHONEISMOBILE><PRIMARYCONTACTPHONEISPRIVATE>No</PRIMARYCONTACTPHONEISPRIVATE><PRIMARYCONTACTPHONEPURPOSE></PRIMARYCONTACTPHONEPURPOSE><PRIMARYCONTACTTWITTER></PRIMARYCONTACTTWITTER><PRIMARYCONTACTTWITTERDESCRIPTION></PRIMARYCONTACTTWITTERDESCRIPTION><PRIMARYCONTACTTWITTERISPRIVATE>No</PRIMARYCONTACTTWITTERISPRIVATE><PRIMARYCONTACTTWITTERPURPOSE></PRIMARYCONTACTTWITTERPURPOSE><PRIMARYCONTACTURL></PRIMARYCONTACTURL><PRIMARYCONTACTURLDESCRIPTION></PRIMARYCONTACTURLDESCRIPTION><PRIMARYCONTACTURLISPRIVATE>No</PRIMARYCONTACTURLISPRIVATE><PRIMARYCONTACTURLPURPOSE></PRIMARYCONTACTURLPURPOSE><PROFESSIONALSUFFIX></PROFESSIONALSUFFIX><PROFESSIONALTITLE></PROFESSIONALTITLE><SENIORITYDATE>1900-01-01T00:00:00</SENIORITYDATE><SUMMARYVALIDFROM>1900-01-01T00:00:00</SUMMARYVALIDFROM><SUMMARYVALIDTO>1900-01-01T00:00:00</SUMMARYVALIDTO><USER></USER><WORKERSTATUS>Employed</WORKERSTATUS><WORKERTYPE>Employee</WORKERTYPE><WORKSFROMHOME>No</WORKSFROMHOME></HCMWORKERENTITY><HCMWORKERENTITY><PERSONNELNUMBER>000016</PERSONNELNUMBER><ADDRESSBOOKS></ADDRESSBOOKS><ADDRESSCITY></ADDRESSCITY><ADDRESSCOUNTRYREGIONID></ADDRESSCOUNTRYREGIONID><ADDRESSCOUNTRYREGIONISOCODE></ADDRESSCOUNTRYREGIONISOCODE><ADDRESSCOUNTY></ADDRESSCOUNTY><ADDRESSDISTRICTNAME></ADDRESSDISTRICTNAME><ADDRESSLOCATIONID></ADDRESSLOCATIONID><ADDRESSNAMEDESCRIPTION></ADDRESSNAMEDESCRIPTION><ADDRESSPURPOSE></ADDRESSPURPOSE><ADDRESSSTATE></ADDRESSSTATE><ADDRESSSTREET></ADDRESSSTREET><ADDRESSVALIDFROM>1900-01-01T00:00:00</ADDRESSVALIDFROM><ADDRESSVALIDTO>1900-01-01T00:00:00</ADDRESSVALIDTO><ADDRESSZIPCODE></ADDRESSZIPCODE><ALLOWREHIRE>No</ALLOWREHIRE><ANNIVERSARYDATETIME>1900-01-01T00:00:00</ANNIVERSARYDATETIME><BIRTHDATE>1900-01-01T00:00:00</BIRTHDATE><CITIZENSHIPCOUNTRYREGION></CITIZENSHIPCOUNTRYREGION><DECEASEDDATE>1900-01-01T00:00:00</DECEASEDDATE><DISABLEDVERIFICATIONDATE>1900-01-01T00:00:00</DISABLEDVERIFICATIONDATE><EDUCATION></EDUCATION><ELECTRONICLOCATIONID></ELECTRONICLOCATIONID><EXPATRIATERULINGVALIDFROM>1900-01-01T00:00:00</EXPATRIATERULINGVALIDFROM><EXPATRIATERULINGVALIDTO>1900-01-01T00:00:00</EXPATRIATERULINGVALIDTO><FATHERBIRTHCOUNTRYREGION></FATHERBIRTHCOUNTRYREGION><FIRSTNAME>Arturus</FIRSTNAME><GENDER>None</GENDER><IDENTITYEMAIL></IDENTITYEMAIL><IDENTITYPROVIDER></IDENTITYPROVIDER><ISDISABLED>No</ISDISABLED><ISDISABLEDVETERAN>No</ISDISABLEDVETERAN><ISEXPATRIATERULINGAPPLICABLE>No</ISEXPATRIATERULINGAPPLICABLE><ISFULLTIMESTUDENT>No</ISFULLTIMESTUDENT><KNOWNAS></KNOWNAS><LANGUAGEID>fae-cm</LANGUAGEID><LASTNAME>Klee</LASTNAME><LASTNAMEPREFIX></LASTNAMEPREFIX><MARITALSTATUS>None</MARITALSTATUS><MIDDLENAME></MIDDLENAME><MILITARYSERVICEENDDATE>1900-01-01T00:00:00</MILITARYSERVICEENDDATE><MILITARYSERVICESTARTDATE>1900-01-01T00:00:00</MILITARYSERVICESTARTDATE><MOTHERBIRTHCOUNTRYREGION></MOTHERBIRTHCOUNTRYREGION><NAME>Arturus Klee</NAME><NAMEALIAS>Arturus Klee</NAMEALIAS><NAMESEQUENCEDISPLAYAS>FirstMiddleLast</NAMESEQUENCEDISPLAYAS><NATIONALITYCOUNTRYREGION></NATIONALITYCOUNTRYREGION><NUMBEROFDEPENDENTS>0</NUMBEROFDEPENDENTS><OBJECTID>00000000-0000-0000-0000-000000000000</OBJECTID><OFFICELOCATION></OFFICELOCATION><OFFICELOCATIONID></OFFICELOCATIONID><ORIGINALHIREDATETIME>1900-01-01T00:00:00</ORIGINALHIREDATETIME><PARTYNUMBER>000000306</PARTYNUMBER><PARTYTYPE>Person</PARTYTYPE><PERSONALSUFFIX></PERSONALSUFFIX><PERSONALTITLE></PERSONALTITLE><PERSONBIRTHCITY></PERSONBIRTHCITY><PERSONBIRTHCOUNTRYREGION></PERSONBIRTHCOUNTRYREGION><PERSONDETAILSVALIDFROM>1900-01-01T00:00:00</PERSONDETAILSVALIDFROM><PERSONDETAILSVALIDTO>1900-01-01T00:00:00</PERSONDETAILSVALIDTO><PERSONUSERVALIDFROM>1900-01-01T00:00:00</PERSONUSERVALIDFROM><PERSONUSERVALIDTO>1900-01-01T00:00:00</PERSONUSERVALIDTO><PHONETICFIRSTNAME></PHONETICFIRSTNAME><PHONETICLASTNAME></PHONETICLASTNAME><PHONETICMIDDLENAME></PHONETICMIDDLENAME><PRIMARYADDRESSLOCATION>0</PRIMARYADDRESSLOCATION><PRIMARYCONTACTEMAIL></PRIMARYCONTACTEMAIL><PRIMARYCONTACTEMAILDESCRIPTION></PRIMARYCONTACTEMAILDESCRIPTION><PRIMARYCONTACTEMAILISIM>No</PRIMARYCONTACTEMAILISIM><PRIMARYCONTACTEMAILISPRIVATE>No</PRIMARYCONTACTEMAILISPRIVATE><PRIMARYCONTACTEMAILPURPOSE></PRIMARYCONTACTEMAILPURPOSE><PRIMARYCONTACTFACEBOOK></PRIMARYCONTACTFACEBOOK><PRIMARYCONTACTFACEBOOKDESCRIPTION></PRIMARYCONTACTFACEBOOKDESCRIPTION><PRIMARYCONTACTFACEBOOKISPRIVATE>No</PRIMARYCONTACTFACEBOOKISPRIVATE><PRIMARYCONTACTFACEBOOKPURPOSE></PRIMARYCONTACTFACEBOOKPURPOSE><PRIMARYCONTACTFAX></PRIMARYCONTACTFAX><PRIMARYCONTACTFAXDESCRIPTION></PRIMARYCONTACTFAXDESCRIPTION><PRIMARYCONTACTFAXEXTENSION></PRIMARYCONTACTFAXEXTENSION><PRIMARYCONTACTFAXISPRIVATE>No</PRIMARYCONTACTFAXISPRIVATE><PRIMARYCONTACTFAXPURPOSE></PRIMARYCONTACTFAXPURPOSE><PRIMARYCONTACTLINKEDIN></PRIMARYCONTACTLINKEDIN><PRIMARYCONTACTLINKEDINDESCRIPTION></PRIMARYCONTACTLINKEDINDESCRIPTION><PRIMARYCONTACTLINKEDINISPRIVATE>No</PRIMARYCONTACTLINKEDINISPRIVATE><PRIMARYCONTACTLINKEDINPURPOSE></PRIMARYCONTACTLINKEDINPURPOSE><PRIMARYCONTACTPHONE></PRIMARYCONTACTPHONE><PRIMARYCONTACTPHONEDESCRIPTION></PRIMARYCONTACTPHONEDESCRIPTION><PRIMARYCONTACTPHONEEXTENSION></PRIMARYCONTACTPHONEEXTENSION><PRIMARYCONTACTPHONEISMOBILE>No</PRIMARYCONTACTPHONEISMOBILE><PRIMARYCONTACTPHONEISPRIVATE>No</PRIMARYCONTACTPHONEISPRIVATE><PRIMARYCONTACTPHONEPURPOSE></PRIMARYCONTACTPHONEPURPOSE><PRIMARYCONTACTTWITTER></PRIMARYCONTACTTWITTER><PRIMARYCONTACTTWITTERDESCRIPTION></PRIMARYCONTACTTWITTERDESCRIPTION><PRIMARYCONTACTTWITTERISPRIVATE>No</PRIMARYCONTACTTWITTERISPRIVATE><PRIMARYCONTACTTWITTERPURPOSE></PRIMARYCONTACTTWITTERPURPOSE><PRIMARYCONTACTURL></PRIMARYCONTACTURL><PRIMARYCONTACTURLDESCRIPTION></PRIMARYCONTACTURLDESCRIPTION><PRIMARYCONTACTURLISPRIVATE>No</PRIMARYCONTACTURLISPRIVATE><PRIMARYCONTACTURLPURPOSE></PRIMARYCONTACTURLPURPOSE><PROFESSIONALSUFFIX></PROFESSIONALSUFFIX><PROFESSIONALTITLE></PROFESSIONALTITLE><SENIORITYDATE>1900-01-01T00:00:00</SENIORITYDATE><SUMMARYVALIDFROM>1900-01-01T00:00:00</SUMMARYVALIDFROM><SUMMARYVALIDTO>1900-01-01T00:00:00</SUMMARYVALIDTO><USER></USER><WORKERSTATUS>Employed</WORKERSTATUS><WORKERTYPE>Employee</WORKERTYPE><WORKSFROMHOME>No</WORKSFROMHOME></HCMWORKERENTITY><HCMWORKERENTITY><PERSONNELNUMBER>000017</PERSONNELNUMBER><ADDRESSBOOKS></ADDRESSBOOKS><ADDRESSCITY></ADDRESSCITY><ADDRESSCOUNTRYREGIONID></ADDRESSCOUNTRYREGIONID><ADDRESSCOUNTRYREGIONISOCODE></ADDRESSCOUNTRYREGIONISOCODE><ADDRESSCOUNTY></ADDRESSCOUNTY><ADDRESSDISTRICTNAME></ADDRESSDISTRICTNAME><ADDRESSLOCATIONID></ADDRESSLOCATIONID><ADDRESSNAMEDESCRIPTION></ADDRESSNAMEDESCRIPTION><ADDRESSPURPOSE></ADDRESSPURPOSE><ADDRESSSTATE></ADDRESSSTATE><ADDRESSSTREET></ADDRESSSTREET><ADDRESSVALIDFROM>1900-01-01T00:00:00</ADDRESSVALIDFROM><ADDRESSVALIDTO>1900-01-01T00:00:00</ADDRESSVALIDTO><ADDRESSZIPCODE></ADDRESSZIPCODE><ALLOWREHIRE>No</ALLOWREHIRE><ANNIVERSARYDATETIME>1900-01-01T00:00:00</ANNIVERSARYDATETIME><BIRTHDATE>1900-01-01T00:00:00</BIRTHDATE><CITIZENSHIPCOUNTRYREGION></CITIZENSHIPCOUNTRYREGION><DECEASEDDATE>1900-01-01T00:00:00</DECEASEDDATE><DISABLEDVERIFICATIONDATE>1900-01-01T00:00:00</DISABLEDVERIFICATIONDATE><EDUCATION></EDUCATION><ELECTRONICLOCATIONID></ELECTRONICLOCATIONID><EXPATRIATERULINGVALIDFROM>1900-01-01T00:00:00</EXPATRIATERULINGVALIDFROM><EXPATRIATERULINGVALIDTO>1900-01-01T00:00:00</EXPATRIATERULINGVALIDTO><FATHERBIRTHCOUNTRYREGION></FATHERBIRTHCOUNTRYREGION><FIRSTNAME>Souplice</FIRSTNAME><GENDER>None</GENDER><IDENTITYEMAIL></IDENTITYEMAIL><IDENTITYPROVIDER></IDENTITYPROVIDER><ISDISABLED>No</ISDISABLED><ISDISABLEDVETERAN>No</ISDISABLEDVETERAN><ISEXPATRIATERULINGAPPLICABLE>No</ISEXPATRIATERULINGAPPLICABLE><ISFULLTIMESTUDENT>No</ISFULLTIMESTUDENT><KNOWNAS></KNOWNAS><LANGUAGEID>fae-cm</LANGUAGEID><LASTNAME>Mingeon</LASTNAME><LASTNAMEPREFIX></LASTNAMEPREFIX><MARITALSTATUS>None</MARITALSTATUS><MIDDLENAME></MIDDLENAME><MILITARYSERVICEENDDATE>1900-01-01T00:00:00</MILITARYSERVICEENDDATE><MILITARYSERVICESTARTDATE>1900-01-01T00:00:00</MILITARYSERVICESTARTDATE><MOTHERBIRTHCOUNTRYREGION></MOTHERBIRTHCOUNTRYREGION><NAME>Souplice Mingeon</NAME><NAMEALIAS>Souplice Mingeon</NAMEALIAS><NAMESEQUENCEDISPLAYAS>FirstMiddleLast</NAMESEQUENCEDISPLAYAS><NATIONALITYCOUNTRYREGION></NATIONALITYCOUNTRYREGION><NUMBEROFDEPENDENTS>0</NUMBEROFDEPENDENTS><OBJECTID>00000000-0000-0000-0000-000000000000</OBJECTID><OFFICELOCATION></OFFICELOCATION><OFFICELOCATIONID></OFFICELOCATIONID><ORIGINALHIREDATETIME>1900-01-01T00:00:00</ORIGINALHIREDATETIME><PARTYNUMBER>000000307</PARTYNUMBER><PARTYTYPE>Person</PARTYTYPE><PERSONALSUFFIX></PERSONALSUFFIX><PERSONALTITLE></PERSONALTITLE><PERSONBIRTHCITY></PERSONBIRTHCITY><PERSONBIRTHCOUNTRYREGION></PERSONBIRTHCOUNTRYREGION><PERSONDETAILSVALIDFROM>1900-01-01T00:00:00</PERSONDETAILSVALIDFROM><PERSONDETAILSVALIDTO>1900-01-01T00:00:00</PERSONDETAILSVALIDTO><PERSONUSERVALIDFROM>1900-01-01T00:00:00</PERSONUSERVALIDFROM><PERSONUSERVALIDTO>1900-01-01T00:00:00</PERSONUSERVALIDTO><PHONETICFIRSTNAME></PHONETICFIRSTNAME><PHONETICLASTNAME></PHONETICLASTNAME><PHONETICMIDDLENAME></PHONETICMIDDLENAME><PRIMARYADDRESSLOCATION>0</PRIMARYADDRESSLOCATION><PRIMARYCONTACTEMAIL></PRIMARYCONTACTEMAIL><PRIMARYCONTACTEMAILDESCRIPTION></PRIMARYCONTACTEMAILDESCRIPTION><PRIMARYCONTACTEMAILISIM>No</PRIMARYCONTACTEMAILISIM><PRIMARYCONTACTEMAILISPRIVATE>No</PRIMARYCONTACTEMAILISPRIVATE><PRIMARYCONTACTEMAILPURPOSE></PRIMARYCONTACTEMAILPURPOSE><PRIMARYCONTACTFACEBOOK></PRIMARYCONTACTFACEBOOK><PRIMARYCONTACTFACEBOOKDESCRIPTION></PRIMARYCONTACTFACEBOOKDESCRIPTION><PRIMARYCONTACTFACEBOOKISPRIVATE>No</PRIMARYCONTACTFACEBOOKISPRIVATE><PRIMARYCONTACTFACEBOOKPURPOSE></PRIMARYCONTACTFACEBOOKPURPOSE><PRIMARYCONTACTFAX></PRIMARYCONTACTFAX><PRIMARYCONTACTFAXDESCRIPTION></PRIMARYCONTACTFAXDESCRIPTION><PRIMARYCONTACTFAXEXTENSION></PRIMARYCONTACTFAXEXTENSION><PRIMARYCONTACTFAXISPRIVATE>No</PRIMARYCONTACTFAXISPRIVATE><PRIMARYCONTACTFAXPURPOSE></PRIMARYCONTACTFAXPURPOSE><PRIMARYCONTACTLINKEDIN></PRIMARYCONTACTLINKEDIN><PRIMARYCONTACTLINKEDINDESCRIPTION></PRIMARYCONTACTLINKEDINDESCRIPTION><PRIMARYCONTACTLINKEDINISPRIVATE>No</PRIMARYCONTACTLINKEDINISPRIVATE><PRIMARYCONTACTLINKEDINPURPOSE></PRIMARYCONTACTLINKEDINPURPOSE><PRIMARYCONTACTPHONE></PRIMARYCONTACTPHONE><PRIMARYCONTACTPHONEDESCRIPTION></PRIMARYCONTACTPHONEDESCRIPTION><PRIMARYCONTACTPHONEEXTENSION></PRIMARYCONTACTPHONEEXTENSION><PRIMARYCONTACTPHONEISMOBILE>No</PRIMARYCONTACTPHONEISMOBILE><PRIMARYCONTACTPHONEISPRIVATE>No</PRIMARYCONTACTPHONEISPRIVATE><PRIMARYCONTACTPHONEPURPOSE></PRIMARYCONTACTPHONEPURPOSE><PRIMARYCONTACTTWITTER></PRIMARYCONTACTTWITTER><PRIMARYCONTACTTWITTERDESCRIPTION></PRIMARYCONTACTTWITTERDESCRIPTION><PRIMARYCONTACTTWITTERISPRIVATE>No</PRIMARYCONTACTTWITTERISPRIVATE><PRIMARYCONTACTTWITTERPURPOSE></PRIMARYCONTACTTWITTERPURPOSE><PRIMARYCONTACTURL></PRIMARYCONTACTURL><PRIMARYCONTACTURLDESCRIPTION></PRIMARYCONTACTURLDESCRIPTION><PRIMARYCONTACTURLISPRIVATE>No</PRIMARYCONTACTURLISPRIVATE><PRIMARYCONTACTURLPURPOSE></PRIMARYCONTACTURLPURPOSE><PROFESSIONALSUFFIX></PROFESSIONALSUFFIX><PROFESSIONALTITLE></PROFESSIONALTITLE><SENIORITYDATE>1900-01-01T00:00:00</SENIORITYDATE><SUMMARYVALIDFROM>1900-01-01T00:00:00</SUMMARYVALIDFROM><SUMMARYVALIDTO>1900-01-01T00:00:00</SUMMARYVALIDTO><USER></USER><WORKERSTATUS>Employed</WORKERSTATUS><WORKERTYPE>Employee</WORKERTYPE><WORKSFROMHOME>No</WORKSFROMHOME></HCMWORKERENTITY><HCMWORKERENTITY><PERSONNELNUMBER>000018</PERSONNELNUMBER><ADDRESSBOOKS></ADDRESSBOOKS><ADDRESSCITY></ADDRESSCITY><ADDRESSCOUNTRYREGIONID></ADDRESSCOUNTRYREGIONID><ADDRESSCOUNTRYREGIONISOCODE></ADDRESSCOUNTRYREGIONISOCODE><ADDRESSCOUNTY></ADDRESSCOUNTY><ADDRESSDISTRICTNAME></ADDRESSDISTRICTNAME><ADDRESSLOCATIONID></ADDRESSLOCATIONID><ADDRESSNAMEDESCRIPTION></ADDRESSNAMEDESCRIPTION><ADDRESSPURPOSE></ADDRESSPURPOSE><ADDRESSSTATE></ADDRESSSTATE><ADDRESSSTREET></ADDRESSSTREET><ADDRESSVALIDFROM>1900-01-01T00:00:00</ADDRESSVALIDFROM><ADDRESSVALIDTO>1900-01-01T00:00:00</ADDRESSVALIDTO><ADDRESSZIPCODE></ADDRESSZIPCODE><ALLOWREHIRE>No</ALLOWREHIRE><ANNIVERSARYDATETIME>1900-01-01T00:00:00</ANNIVERSARYDATETIME><BIRTHDATE>1900-01-01T00:00:00</BIRTHDATE><CITIZENSHIPCOUNTRYREGION></CITIZENSHIPCOUNTRYREGION><DECEASEDDATE>1900-01-01T00:00:00</DECEASEDDATE><DISABLEDVERIFICATIONDATE>1900-01-01T00:00:00</DISABLEDVERIFICATIONDATE><EDUCATION></EDUCATION><ELECTRONICLOCATIONID></ELECTRONICLOCATIONID><EXPATRIATERULINGVALIDFROM>1900-01-01T00:00:00</EXPATRIATERULINGVALIDFROM><EXPATRIATERULINGVALIDTO>1900-01-01T00:00:00</EXPATRIATERULINGVALIDTO><FATHERBIRTHCOUNTRYREGION></FATHERBIRTHCOUNTRYREGION><FIRSTNAME>Franch</FIRSTNAME><GENDER>None</GENDER><IDENTITYEMAIL></IDENTITYEMAIL><IDENTITYPROVIDER></IDENTITYPROVIDER><ISDISABLED>No</ISDISABLED><ISDISABLEDVETERAN>No</ISDISABLEDVETERAN><ISEXPATRIATERULINGAPPLICABLE>No</ISEXPATRIATERULINGAPPLICABLE><ISFULLTIMESTUDENT>No</ISFULLTIMESTUDENT><KNOWNAS></KNOWNAS><LANGUAGEID>fae-cm</LANGUAGEID><LASTNAME>Horthor</LASTNAME><LASTNAMEPREFIX></LASTNAMEPREFIX><MARITALSTATUS>None</MARITALSTATUS><MIDDLENAME></MIDDLENAME><MILITARYSERVICEENDDATE>1900-01-01T00:00:00</MILITARYSERVICEENDDATE><MILITARYSERVICESTARTDATE>1900-01-01T00:00:00</MILITARYSERVICESTARTDATE><MOTHERBIRTHCOUNTRYREGION></MOTHERBIRTHCOUNTRYREGION><NAME>Franch Horthor</NAME><NAMEALIAS>Franch Horthor</NAMEALIAS><NAMESEQUENCEDISPLAYAS>FirstMiddleLast</NAMESEQUENCEDISPLAYAS><NATIONALITYCOUNTRYREGION></NATIONALITYCOUNTRYREGION><NUMBEROFDEPENDENTS>0</NUMBEROFDEPENDENTS><OBJECTID>00000000-0000-0000-0000-000000000000</OBJECTID><OFFICELOCATION></OFFICELOCATION><OFFICELOCATIONID></OFFICELOCATIONID><ORIGINALHIREDATETIME>1900-01-01T00:00:00</ORIGINALHIREDATETIME><PARTYNUMBER>000000308</PARTYNUMBER><PARTYTYPE>Person</PARTYTYPE><PERSONALSUFFIX></PERSONALSUFFIX><PERSONALTITLE></PERSONALTITLE><PERSONBIRTHCITY></PERSONBIRTHCITY><PERSONBIRTHCOUNTRYREGION></PERSONBIRTHCOUNTRYREGION><PERSONDETAILSVALIDFROM>1900-01-01T00:00:00</PERSONDETAILSVALIDFROM><PERSONDETAILSVALIDTO>1900-01-01T00:00:00</PERSONDETAILSVALIDTO><PERSONUSERVALIDFROM>1900-01-01T00:00:00</PERSONUSERVALIDFROM><PERSONUSERVALIDTO>1900-01-01T00:00:00</PERSONUSERVALIDTO><PHONETICFIRSTNAME></PHONETICFIRSTNAME><PHONETICLASTNAME></PHONETICLASTNAME><PHONETICMIDDLENAME></PHONETICMIDDLENAME><PRIMARYADDRESSLOCATION>0</PRIMARYADDRESSLOCATION><PRIMARYCONTACTEMAIL></PRIMARYCONTACTEMAIL><PRIMARYCONTACTEMAILDESCRIPTION></PRIMARYCONTACTEMAILDESCRIPTION><PRIMARYCONTACTEMAILISIM>No</PRIMARYCONTACTEMAILISIM><PRIMARYCONTACTEMAILISPRIVATE>No</PRIMARYCONTACTEMAILISPRIVATE><PRIMARYCONTACTEMAILPURPOSE></PRIMARYCONTACTEMAILPURPOSE><PRIMARYCONTACTFACEBOOK></PRIMARYCONTACTFACEBOOK><PRIMARYCONTACTFACEBOOKDESCRIPTION></PRIMARYCONTACTFACEBOOKDESCRIPTION><PRIMARYCONTACTFACEBOOKISPRIVATE>No</PRIMARYCONTACTFACEBOOKISPRIVATE><PRIMARYCONTACTFACEBOOKPURPOSE></PRIMARYCONTACTFACEBOOKPURPOSE><PRIMARYCONTACTFAX></PRIMARYCONTACTFAX><PRIMARYCONTACTFAXDESCRIPTION></PRIMARYCONTACTFAXDESCRIPTION><PRIMARYCONTACTFAXEXTENSION></PRIMARYCONTACTFAXEXTENSION><PRIMARYCONTACTFAXISPRIVATE>No</PRIMARYCONTACTFAXISPRIVATE><PRIMARYCONTACTFAXPURPOSE></PRIMARYCONTACTFAXPURPOSE><PRIMARYCONTACTLINKEDIN></PRIMARYCONTACTLINKEDIN><PRIMARYCONTACTLINKEDINDESCRIPTION></PRIMARYCONTACTLINKEDINDESCRIPTION><PRIMARYCONTACTLINKEDINISPRIVATE>No</PRIMARYCONTACTLINKEDINISPRIVATE><PRIMARYCONTACTLINKEDINPURPOSE></PRIMARYCONTACTLINKEDINPURPOSE><PRIMARYCONTACTPHONE></PRIMARYCONTACTPHONE><PRIMARYCONTACTPHONEDESCRIPTION></PRIMARYCONTACTPHONEDESCRIPTION><PRIMARYCONTACTPHONEEXTENSION></PRIMARYCONTACTPHONEEXTENSION><PRIMARYCONTACTPHONEISMOBILE>No</PRIMARYCONTACTPHONEISMOBILE><PRIMARYCONTACTPHONEISPRIVATE>No</PRIMARYCONTACTPHONEISPRIVATE><PRIMARYCONTACTPHONEPURPOSE></PRIMARYCONTACTPHONEPURPOSE><PRIMARYCONTACTTWITTER></PRIMARYCONTACTTWITTER><PRIMARYCONTACTTWITTERDESCRIPTION></PRIMARYCONTACTTWITTERDESCRIPTION><PRIMARYCONTACTTWITTERISPRIVATE>No</PRIMARYCONTACTTWITTERISPRIVATE><PRIMARYCONTACTTWITTERPURPOSE></PRIMARYCONTACTTWITTERPURPOSE><PRIMARYCONTACTURL></PRIMARYCONTACTURL><PRIMARYCONTACTURLDESCRIPTION></PRIMARYCONTACTURLDESCRIPTION><PRIMARYCONTACTURLISPRIVATE>No</PRIMARYCONTACTURLISPRIVATE><PRIMARYCONTACTURLPURPOSE></PRIMARYCONTACTURLPURPOSE><PROFESSIONALSUFFIX></PROFESSIONALSUFFIX><PROFESSIONALTITLE></PROFESSIONALTITLE><SENIORITYDATE>1900-01-01T00:00:00</SENIORITYDATE><SUMMARYVALIDFROM>1900-01-01T00:00:00</SUMMARYVALIDFROM><SUMMARYVALIDTO>1900-01-01T00:00:00</SUMMARYVALIDTO><USER></USER><WORKERSTATUS>Employed</WORKERSTATUS><WORKERTYPE>Employee</WORKERTYPE><WORKSFROMHOME>No</WORKSFROMHOME></HCMWORKERENTITY></Document>