﻿<?xml version="1.0" encoding="utf-8"?><Document><LEDGERACCOUNTSTRUCTUREACTIVEONLYENTITY><ACCOUNTSTRUCTURENAME>Balance Sheet</ACCOUNTSTRUCTURENAME><STATUS>2</STATUS><DESCRIPTION>Balance Sheet</DESCRIPTION><SEGMENTNAME01>MainAccount</SEGMENTNAME01><SEGMENTNAME02>BusinessUnit</SEGMENTNAME02><SEGMENTNAME03>Department</SEGMENTNAME03><SEGMENTNAME04 /><SEGMENTNAME05 /><SEGMENTNAME06 /><SEGMENTNAME07 /><SEGMENTNAME08 /><SEGMENTNAME09 /><SEGMENTNAME10 /><SEGMENTNAME11 /><LEDGERACCOUNTSTRUCTURECONSTRAINTENTITY><ACCOUNTSTRUCTURE>Balance Sheet</ACCOUNTSTRUCTURE><STATUS>2</STATUS><POSITION>1</POSITION><ACTIVEFROM>1900-01-01T00:00:00+00:00</ACTIVEFROM><ACTIVETO>1900-01-01T00:00:00+00:00</ACTIVETO><SEGMENTCRITERIA01>1000..3999</SEGMENTCRITERIA01><SEGMENTCRITERIA02>"";*</SEGMENTCRITERIA02><SEGMENTCRITERIA03>"";*</SEGMENTCRITERIA03><SEGMENTCRITERIA04 /><SEGMENTCRITERIA05 /><SEGMENTCRITERIA06 /><SEGMENTCRITERIA07 /><SEGMENTCRITERIA08 /><SEGMENTCRITERIA09 /><SEGMENTCRITERIA10 /><SEGMENTCRITERIA11 /></LEDGERACCOUNTSTRUCTURECONSTRAINTENTITY></LEDGERACCOUNTSTRUCTUREACTIVEONLYENTITY><LEDGERACCOUNTSTRUCTUREACTIVEONLYENTITY><ACCOUNTSTRUCTURENAME>Profit &amp; Loss</ACCOUNTSTRUCTURENAME><STATUS>2</STATUS><DESCRIPTION>Profit &amp; Loss</DESCRIPTION><SEGMENTNAME01>MainAccount</SEGMENTNAME01><SEGMENTNAME02>BusinessUnit</SEGMENTNAME02><SEGMENTNAME03>Department</SEGMENTNAME03><SEGMENTNAME04>CostCenter</SEGMENTNAME04><SEGMENTNAME05 /><SEGMENTNAME06 /><SEGMENTNAME07 /><SEGMENTNAME08 /><SEGMENTNAME09 /><SEGMENTNAME10 /><SEGMENTNAME11 /><LEDGERACCOUNTSTRUCTURECONSTRAINTENTITY><ACCOUNTSTRUCTURE>Profit &amp; Loss</ACCOUNTSTRUCTURE><STATUS>2</STATUS><POSITION>1</POSITION><ACTIVEFROM>1900-01-01T00:00:00+00:00</ACTIVEFROM><ACTIVETO>1900-01-01T00:00:00+00:00</ACTIVETO><SEGMENTCRITERIA01>4000..9999</SEGMENTCRITERIA01><SEGMENTCRITERIA02>"";*</SEGMENTCRITERIA02><SEGMENTCRITERIA03>"";*</SEGMENTCRITERIA03><SEGMENTCRITERIA04>"";*</SEGMENTCRITERIA04><SEGMENTCRITERIA05 /><SEGMENTCRITERIA06 /><SEGMENTCRITERIA07 /><SEGMENTCRITERIA08 /><SEGMENTCRITERIA09 /><SEGMENTCRITERIA10 /><SEGMENTCRITERIA11 /></LEDGERACCOUNTSTRUCTURECONSTRAINTENTITY></LEDGERACCOUNTSTRUCTUREACTIVEONLYENTITY></Document>