﻿<?xml version="1.0" encoding="utf-8"?><Document><LOGISTICSADDRESSFORMATENTITY><ADDRESSFORMAT>0000</ADDRESSFORMAT><DESCRIPTION>Street;District;City_State;Country/Region</DESCRIPTION></LOGISTICSADDRESSFORMATENTITY><LOGISTICSADDRESSFORMATENTITY><ADDRESSFORMAT>0001</ADDRESSFORMAT><DESCRIPTION>Street;City_State_PostCode;Country/Region</DESCRIPTION></LOGISTICSADDRESSFORMATENTITY><LOGISTICSADDRESSFORMATENTITY><ADDRESSFORMAT>0002</ADDRESSFORMAT><DESCRIPTION>Street;PostCode_City;Country/Region</DESCRIPTION></LOGISTICSADDRESSFORMATENTITY><LOGISTICSADDRESSFORMATENTITY><ADDRESSFORMAT>0003</ADDRESSFORMAT><DESCRIPTION>Street;City,_State_PostCode;Country/Region</DESCRIPTION></LOGISTICSADDRESSFORMATENTITY><LOGISTICSADDRESSFORMATENTITY><ADDRESSFORMAT>0004</ADDRESSFORMAT><DESCRIPTION>Street;PostCode_City;Country/Region</DESCRIPTION></LOGISTICSADDRESSFORMATENTITY><LOGISTICSADDRESSFORMATENTITY><ADDRESSFORMAT>0005</ADDRESSFORMAT><DESCRIPTION>Street;City;State;County;PostCode;Country/Region</DESCRIPTION></LOGISTICSADDRESSFORMATENTITY><LOGISTICSADDRESSFORMATENTITY><ADDRESSFORMAT>0006</ADDRESSFORMAT><DESCRIPTION>Street;City;State;County;Country/Region</DESCRIPTION></LOGISTICSADDRESSFORMATENTITY><LOGISTICSADDRESSFORMATENTITY><ADDRESSFORMAT>0007</ADDRESSFORMAT><DESCRIPTION>Street;City;PostCode;Country/Region</DESCRIPTION></LOGISTICSADDRESSFORMATENTITY><LOGISTICSADDRESSFORMATENTITY><ADDRESSFORMAT>0008</ADDRESSFORMAT><DESCRIPTION>Street;City,_State_PostCode;Country/Region</DESCRIPTION></LOGISTICSADDRESSFORMATENTITY><LOGISTICSADDRESSFORMATENTITY><ADDRESSFORMAT>0009</ADDRESSFORMAT><DESCRIPTION>Street;Post;PostCode_City;Country/Region</DESCRIPTION></LOGISTICSADDRESSFORMATENTITY><LOGISTICSADDRESSFORMATENTITY><ADDRESSFORMAT>0010</ADDRESSFORMAT><DESCRIPTION>Street_Number_Complement;Post_District;PostCode_City_State_Country/Region</DESCRIPTION></LOGISTICSADDRESSFORMATENTITY><LOGISTICSADDRESSFORMATENTITY><ADDRESSFORMAT>0011</ADDRESSFORMAT><DESCRIPTION>Street,_Complement;District_City;County;State;Country/Region;PostCode</DESCRIPTION></LOGISTICSADDRESSFORMATENTITY><LOGISTICSADDRESSFORMATENTITY><ADDRESSFORMAT>0012</ADDRESSFORMAT><DESCRIPTION>Street_Number_Complement;County;City,_State,_PostCode;Country/Region</DESCRIPTION></LOGISTICSADDRESSFORMATENTITY><LOGISTICSADDRESSFORMATENTITY><ADDRESSFORMAT>0013</ADDRESSFORMAT><DESCRIPTION>Street;PostCode_City;Country/Region</DESCRIPTION></LOGISTICSADDRESSFORMATENTITY><LOGISTICSADDRESSFORMATENTITY><ADDRESSFORMAT>0014</ADDRESSFORMAT><DESCRIPTION>Number,_Street;Complement,_County_District;City;PostCode;Country/Region</DESCRIPTION></LOGISTICSADDRESSFORMATENTITY><LOGISTICSADDRESSFORMATENTITY><ADDRESSFORMAT>0015</ADDRESSFORMAT><DESCRIPTION>Complement;Street;Post box;District,_City_ -_ZIP/postal code;County;State or province;Country/region</DESCRIPTION></LOGISTICSADDRESSFORMATENTITY><LOGISTICSADDRESSFORMATENTITY><ADDRESSFORMAT>0016</ADDRESSFORMAT><DESCRIPTION>Street_Complement;PostCode_City;Country/Region</DESCRIPTION></LOGISTICSADDRESSFORMATENTITY><LOGISTICSADDRESSFORMATENTITY><ADDRESSFORMAT>0017</ADDRESSFORMAT><DESCRIPTION>PostCode_City;Street_Complement;Country/Region</DESCRIPTION></LOGISTICSADDRESSFORMATENTITY><LOGISTICSADDRESSFORMATENTITY><ADDRESSFORMAT>0018</ADDRESSFORMAT><DESCRIPTION>Complement;Street;County;District;State or province;ZIP/postal code_City;Country/region</DESCRIPTION></LOGISTICSADDRESSFORMATENTITY><LOGISTICSADDRESSFORMATENTITY><ADDRESSFORMAT>0019</ADDRESSFORMAT><DESCRIPTION>PostCode;Country/Region,_State,_County,_City,_District;Street,_Building,_Complement,_Apartment</DESCRIPTION></LOGISTICSADDRESSFORMATENTITY><LOGISTICSADDRESSFORMATENTITY><ADDRESSFORMAT>0020</ADDRESSFORMAT><DESCRIPTION>Street_Number;PostBox;PostCode_City;Country/Region</DESCRIPTION></LOGISTICSADDRESSFORMATENTITY><LOGISTICSADDRESSFORMATENTITY><ADDRESSFORMAT>0021</ADDRESSFORMAT><DESCRIPTION>Street;District;City_State or province;ZIP/postal code;Country/region</DESCRIPTION></LOGISTICSADDRESSFORMATENTITY><LOGISTICSADDRESSFORMATENTITY><ADDRESSFORMAT>0022</ADDRESSFORMAT><DESCRIPTION>Street;ZIP/postal_code_City;State or province;Country/region</DESCRIPTION></LOGISTICSADDRESSFORMATENTITY><LOGISTICSADDRESSFORMATENTITY><ADDRESSFORMAT>0023</ADDRESSFORMAT><DESCRIPTION>Street;ZIP/postal_code_City;Country/region</DESCRIPTION></LOGISTICSADDRESSFORMATENTITY><LOGISTICSADDRESSFORMATENTITY><ADDRESSFORMAT>0024</ADDRESSFORMAT><DESCRIPTION>City;Street;ZIP/postal_code;Country/region</DESCRIPTION></LOGISTICSADDRESSFORMATENTITY><LOGISTICSADDRESSFORMATENTITY><ADDRESSFORMAT>0025</ADDRESSFORMAT><DESCRIPTION>Street;City;Country/region;ZIP/postal_code</DESCRIPTION></LOGISTICSADDRESSFORMATENTITY><LOGISTICSADDRESSFORMATENTITY><ADDRESSFORMAT>0026</ADDRESSFORMAT><DESCRIPTION>Street;ZIP/postal_code_City_State_or_province;Country/region</DESCRIPTION></LOGISTICSADDRESSFORMATENTITY><LOGISTICSADDRESSFORMATENTITY><ADDRESSFORMAT>0027</ADDRESSFORMAT><DESCRIPTION>Street;City_State_or_province_ZIP/postal_code;Country/region</DESCRIPTION></LOGISTICSADDRESSFORMATENTITY><LOGISTICSADDRESSFORMATENTITY><ADDRESSFORMAT>0028</ADDRESSFORMAT><DESCRIPTION>Street;City_ZIP/postal_code;Country/region</DESCRIPTION></LOGISTICSADDRESSFORMATENTITY><LOGISTICSADDRESSFORMATENTITY><ADDRESSFORMAT>0029</ADDRESSFORMAT><DESCRIPTION>Street;ZIP/postal code_City_State_or_province;Country/region</DESCRIPTION></LOGISTICSADDRESSFORMATENTITY></Document>