﻿<?xml version="1.0" encoding="utf-8"?><Document><DIRADDRESSBOOKSENTITY><DESCRIPTION>Customer Address Book</DESCRIPTION><NAME>CUSTOMERS</NAME><SYSTEM>No</SYSTEM></DIRADDRESSBOOKSENTITY><DIRADDRESSBOOKSENTITY><DESCRIPTION>Global Address Book</DESCRIPTION><NAME>GLOBAL</NAME><SYSTEM>No</SYSTEM></DIRADDRESSBOOKSENTITY><DIRADDRESSBOOKSENTITY><DESCRIPTION>Guild Address Book</DESCRIPTION><NAME>GUILD</NAME><SYSTEM>No</SYSTEM></DIRADDRESSBOOKSENTITY><DIRADDRESSBOOKSENTITY><DESCRIPTION>Retail Address Book</DESCRIPTION><NAME>RETAIL</NAME><SYSTEM>No</SYSTEM></DIRADDRESSBOOKSENTITY><DIRADDRESSBOOKSENTITY><DESCRIPTION>Vendor Address Book</DESCRIPTION><NAME>VENDORS</NAME><SYSTEM>No</SYSTEM></DIRADDRESSBOOKSENTITY></Document>