﻿<?xml version="1.0" encoding="utf-8"?><Document><LOGISTICSADDRESSFORMATLINESENTITY><ADDRESSAPPLICATIONOBJECT>StreetName</ADDRESSAPPLICATIONOBJECT><ADDRESSFORMAT>0000</ADDRESSFORMAT><DATAENTRYONLY>No</DATAENTRYONLY><EXPAND>No</EXPAND><LINENUMBER>-4.5000000000000000</LINENUMBER><NEWLINE>Yes</NEWLINE><NOTACTIVE>No</NOTACTIVE><SEPARATOR></SEPARATOR><SPECIAL>No</SPECIAL></LOGISTICSADDRESSFORMATLINESENTITY><LOGISTICSADDRESSFORMATLINESENTITY><ADDRESSAPPLICATIONOBJECT>District</ADDRESSAPPLICATIONOBJECT><ADDRESSFORMAT>0000</ADDRESSFORMAT><DATAENTRYONLY>No</DATAENTRYONLY><EXPAND>No</EXPAND><LINENUMBER>-3.5000000000000000</LINENUMBER><NEWLINE>Yes</NEWLINE><NOTACTIVE>No</NOTACTIVE><SEPARATOR></SEPARATOR><SPECIAL>No</SPECIAL></LOGISTICSADDRESSFORMATLINESENTITY><LOGISTICSADDRESSFORMATLINESENTITY><ADDRESSAPPLICATIONOBJECT>City</ADDRESSAPPLICATIONOBJECT><ADDRESSFORMAT>0000</ADDRESSFORMAT><DATAENTRYONLY>No</DATAENTRYONLY><EXPAND>No</EXPAND><LINENUMBER>-2.5000000000000000</LINENUMBER><NEWLINE>No</NEWLINE><NOTACTIVE>No</NOTACTIVE><SEPARATOR><![CDATA[","]]></SEPARATOR><SPECIAL>No</SPECIAL></LOGISTICSADDRESSFORMATLINESENTITY><LOGISTICSADDRESSFORMATLINESENTITY><ADDRESSAPPLICATIONOBJECT>State</ADDRESSAPPLICATIONOBJECT><ADDRESSFORMAT>0000</ADDRESSFORMAT><DATAENTRYONLY>No</DATAENTRYONLY><EXPAND>No</EXPAND><LINENUMBER>-1.5000000000000000</LINENUMBER><NEWLINE>No</NEWLINE><NOTACTIVE>No</NOTACTIVE><SEPARATOR><![CDATA[" "]]></SEPARATOR><SPECIAL>No</SPECIAL></LOGISTICSADDRESSFORMATLINESENTITY><LOGISTICSADDRESSFORMATLINESENTITY><ADDRESSAPPLICATIONOBJECT>ZipCode</ADDRESSAPPLICATIONOBJECT><ADDRESSFORMAT>0000</ADDRESSFORMAT><DATAENTRYONLY>No</DATAENTRYONLY><EXPAND>No</EXPAND><LINENUMBER>-1.0000000000000000</LINENUMBER><NEWLINE>Yes</NEWLINE><NOTACTIVE>No</NOTACTIVE><SEPARATOR></SEPARATOR><SPECIAL>No</SPECIAL></LOGISTICSADDRESSFORMATLINESENTITY><LOGISTICSADDRESSFORMATLINESENTITY><ADDRESSAPPLICATIONOBJECT>CountryRegion</ADDRESSAPPLICATIONOBJECT><ADDRESSFORMAT>0000</ADDRESSFORMAT><DATAENTRYONLY>No</DATAENTRYONLY><EXPAND>No</EXPAND><LINENUMBER>1.0000000000000000</LINENUMBER><NEWLINE>No</NEWLINE><NOTACTIVE>No</NOTACTIVE><SEPARATOR></SEPARATOR><SPECIAL>No</SPECIAL></LOGISTICSADDRESSFORMATLINESENTITY><LOGISTICSADDRESSFORMATLINESENTITY><ADDRESSAPPLICATIONOBJECT>StreetName</ADDRESSAPPLICATIONOBJECT><ADDRESSFORMAT>0001</ADDRESSFORMAT><DATAENTRYONLY>No</DATAENTRYONLY><EXPAND>No</EXPAND><LINENUMBER>1.0000000000000000</LINENUMBER><NEWLINE>Yes</NEWLINE><NOTACTIVE>No</NOTACTIVE><SEPARATOR></SEPARATOR><SPECIAL>No</SPECIAL></LOGISTICSADDRESSFORMATLINESENTITY><LOGISTICSADDRESSFORMATLINESENTITY><ADDRESSAPPLICATIONOBJECT>City</ADDRESSAPPLICATIONOBJECT><ADDRESSFORMAT>0001</ADDRESSFORMAT><DATAENTRYONLY>No</DATAENTRYONLY><EXPAND>No</EXPAND><LINENUMBER>2.0000000000000000</LINENUMBER><NEWLINE>No</NEWLINE><NOTACTIVE>No</NOTACTIVE><SEPARATOR><![CDATA[" "]]></SEPARATOR><SPECIAL>No</SPECIAL></LOGISTICSADDRESSFORMATLINESENTITY><LOGISTICSADDRESSFORMATLINESENTITY><ADDRESSAPPLICATIONOBJECT>State</ADDRESSAPPLICATIONOBJECT><ADDRESSFORMAT>0001</ADDRESSFORMAT><DATAENTRYONLY>No</DATAENTRYONLY><EXPAND>No</EXPAND><LINENUMBER>3.0000000000000000</LINENUMBER><NEWLINE>No</NEWLINE><NOTACTIVE>No</NOTACTIVE><SEPARATOR><![CDATA[" "]]></SEPARATOR><SPECIAL>No</SPECIAL></LOGISTICSADDRESSFORMATLINESENTITY><LOGISTICSADDRESSFORMATLINESENTITY><ADDRESSAPPLICATIONOBJECT>ZipCode</ADDRESSAPPLICATIONOBJECT><ADDRESSFORMAT>0001</ADDRESSFORMAT><DATAENTRYONLY>No</DATAENTRYONLY><EXPAND>No</EXPAND><LINENUMBER>4.0000000000000000</LINENUMBER><NEWLINE>Yes</NEWLINE><NOTACTIVE>No</NOTACTIVE><SEPARATOR></SEPARATOR><SPECIAL>No</SPECIAL></LOGISTICSADDRESSFORMATLINESENTITY><LOGISTICSADDRESSFORMATLINESENTITY><ADDRESSAPPLICATIONOBJECT>CountryRegion</ADDRESSAPPLICATIONOBJECT><ADDRESSFORMAT>0001</ADDRESSFORMAT><DATAENTRYONLY>No</DATAENTRYONLY><EXPAND>No</EXPAND><LINENUMBER>5.0000000000000000</LINENUMBER><NEWLINE>No</NEWLINE><NOTACTIVE>No</NOTACTIVE><SEPARATOR></SEPARATOR><SPECIAL>No</SPECIAL></LOGISTICSADDRESSFORMATLINESENTITY><LOGISTICSADDRESSFORMATLINESENTITY><ADDRESSAPPLICATIONOBJECT>StreetName</ADDRESSAPPLICATIONOBJECT><ADDRESSFORMAT>0002</ADDRESSFORMAT><DATAENTRYONLY>No</DATAENTRYONLY><EXPAND>No</EXPAND><LINENUMBER>1.0000000000000000</LINENUMBER><NEWLINE>Yes</NEWLINE><NOTACTIVE>No</NOTACTIVE><SEPARATOR></SEPARATOR><SPECIAL>No</SPECIAL></LOGISTICSADDRESSFORMATLINESENTITY><LOGISTICSADDRESSFORMATLINESENTITY><ADDRESSAPPLICATIONOBJECT>ZipCode</ADDRESSAPPLICATIONOBJECT><ADDRESSFORMAT>0002</ADDRESSFORMAT><DATAENTRYONLY>No</DATAENTRYONLY><EXPAND>No</EXPAND><LINENUMBER>2.0000000000000000</LINENUMBER><NEWLINE>No</NEWLINE><NOTACTIVE>No</NOTACTIVE><SEPARATOR><![CDATA[" "]]></SEPARATOR><SPECIAL>No</SPECIAL></LOGISTICSADDRESSFORMATLINESENTITY><LOGISTICSADDRESSFORMATLINESENTITY><ADDRESSAPPLICATIONOBJECT>City</ADDRESSAPPLICATIONOBJECT><ADDRESSFORMAT>0002</ADDRESSFORMAT><DATAENTRYONLY>No</DATAENTRYONLY><EXPAND>No</EXPAND><LINENUMBER>3.0000000000000000</LINENUMBER><NEWLINE>Yes</NEWLINE><NOTACTIVE>No</NOTACTIVE><SEPARATOR></SEPARATOR><SPECIAL>No</SPECIAL></LOGISTICSADDRESSFORMATLINESENTITY><LOGISTICSADDRESSFORMATLINESENTITY><ADDRESSAPPLICATIONOBJECT>CountryRegion</ADDRESSAPPLICATIONOBJECT><ADDRESSFORMAT>0002</ADDRESSFORMAT><DATAENTRYONLY>No</DATAENTRYONLY><EXPAND>No</EXPAND><LINENUMBER>4.0000000000000000</LINENUMBER><NEWLINE>No</NEWLINE><NOTACTIVE>No</NOTACTIVE><SEPARATOR></SEPARATOR><SPECIAL>No</SPECIAL></LOGISTICSADDRESSFORMATLINESENTITY><LOGISTICSADDRESSFORMATLINESENTITY><ADDRESSAPPLICATIONOBJECT>StreetName</ADDRESSAPPLICATIONOBJECT><ADDRESSFORMAT>0003</ADDRESSFORMAT><DATAENTRYONLY>No</DATAENTRYONLY><EXPAND>No</EXPAND><LINENUMBER>1.0000000000000000</LINENUMBER><NEWLINE>Yes</NEWLINE><NOTACTIVE>No</NOTACTIVE><SEPARATOR></SEPARATOR><SPECIAL>No</SPECIAL></LOGISTICSADDRESSFORMATLINESENTITY><LOGISTICSADDRESSFORMATLINESENTITY><ADDRESSAPPLICATIONOBJECT>City</ADDRESSAPPLICATIONOBJECT><ADDRESSFORMAT>0003</ADDRESSFORMAT><DATAENTRYONLY>No</DATAENTRYONLY><EXPAND>No</EXPAND><LINENUMBER>2.0000000000000000</LINENUMBER><NEWLINE>No</NEWLINE><NOTACTIVE>No</NOTACTIVE><SEPARATOR><![CDATA[", "]]></SEPARATOR><SPECIAL>No</SPECIAL></LOGISTICSADDRESSFORMATLINESENTITY><LOGISTICSADDRESSFORMATLINESENTITY><ADDRESSAPPLICATIONOBJECT>State</ADDRESSAPPLICATIONOBJECT><ADDRESSFORMAT>0003</ADDRESSFORMAT><DATAENTRYONLY>No</DATAENTRYONLY><EXPAND>No</EXPAND><LINENUMBER>3.0000000000000000</LINENUMBER><NEWLINE>No</NEWLINE><NOTACTIVE>No</NOTACTIVE><SEPARATOR><![CDATA[" "]]></SEPARATOR><SPECIAL>No</SPECIAL></LOGISTICSADDRESSFORMATLINESENTITY><LOGISTICSADDRESSFORMATLINESENTITY><ADDRESSAPPLICATIONOBJECT>ZipCode</ADDRESSAPPLICATIONOBJECT><ADDRESSFORMAT>0003</ADDRESSFORMAT><DATAENTRYONLY>No</DATAENTRYONLY><EXPAND>No</EXPAND><LINENUMBER>4.0000000000000000</LINENUMBER><NEWLINE>Yes</NEWLINE><NOTACTIVE>No</NOTACTIVE><SEPARATOR></SEPARATOR><SPECIAL>No</SPECIAL></LOGISTICSADDRESSFORMATLINESENTITY><LOGISTICSADDRESSFORMATLINESENTITY><ADDRESSAPPLICATIONOBJECT>CountryRegion</ADDRESSAPPLICATIONOBJECT><ADDRESSFORMAT>0003</ADDRESSFORMAT><DATAENTRYONLY>No</DATAENTRYONLY><EXPAND>No</EXPAND><LINENUMBER>5.0000000000000000</LINENUMBER><NEWLINE>No</NEWLINE><NOTACTIVE>No</NOTACTIVE><SEPARATOR></SEPARATOR><SPECIAL>No</SPECIAL></LOGISTICSADDRESSFORMATLINESENTITY><LOGISTICSADDRESSFORMATLINESENTITY><ADDRESSAPPLICATIONOBJECT>StreetName</ADDRESSAPPLICATIONOBJECT><ADDRESSFORMAT>0004</ADDRESSFORMAT><DATAENTRYONLY>No</DATAENTRYONLY><EXPAND>No</EXPAND><LINENUMBER>1.0000000000000000</LINENUMBER><NEWLINE>Yes</NEWLINE><NOTACTIVE>No</NOTACTIVE><SEPARATOR></SEPARATOR><SPECIAL>No</SPECIAL></LOGISTICSADDRESSFORMATLINESENTITY><LOGISTICSADDRESSFORMATLINESENTITY><ADDRESSAPPLICATIONOBJECT>ZipCode</ADDRESSAPPLICATIONOBJECT><ADDRESSFORMAT>0004</ADDRESSFORMAT><DATAENTRYONLY>No</DATAENTRYONLY><EXPAND>No</EXPAND><LINENUMBER>2.0000000000000000</LINENUMBER><NEWLINE>No</NEWLINE><NOTACTIVE>No</NOTACTIVE><SEPARATOR><![CDATA[" "]]></SEPARATOR><SPECIAL>No</SPECIAL></LOGISTICSADDRESSFORMATLINESENTITY><LOGISTICSADDRESSFORMATLINESENTITY><ADDRESSAPPLICATIONOBJECT>City</ADDRESSAPPLICATIONOBJECT><ADDRESSFORMAT>0004</ADDRESSFORMAT><DATAENTRYONLY>No</DATAENTRYONLY><EXPAND>No</EXPAND><LINENUMBER>3.0000000000000000</LINENUMBER><NEWLINE>Yes</NEWLINE><NOTACTIVE>No</NOTACTIVE><SEPARATOR></SEPARATOR><SPECIAL>No</SPECIAL></LOGISTICSADDRESSFORMATLINESENTITY><LOGISTICSADDRESSFORMATLINESENTITY><ADDRESSAPPLICATIONOBJECT>CountryRegion</ADDRESSAPPLICATIONOBJECT><ADDRESSFORMAT>0004</ADDRESSFORMAT><DATAENTRYONLY>No</DATAENTRYONLY><EXPAND>No</EXPAND><LINENUMBER>4.0000000000000000</LINENUMBER><NEWLINE>No</NEWLINE><NOTACTIVE>No</NOTACTIVE><SEPARATOR></SEPARATOR><SPECIAL>No</SPECIAL></LOGISTICSADDRESSFORMATLINESENTITY><LOGISTICSADDRESSFORMATLINESENTITY><ADDRESSAPPLICATIONOBJECT>StreetName</ADDRESSAPPLICATIONOBJECT><ADDRESSFORMAT>0005</ADDRESSFORMAT><DATAENTRYONLY>No</DATAENTRYONLY><EXPAND>No</EXPAND><LINENUMBER>1.0000000000000000</LINENUMBER><NEWLINE>Yes</NEWLINE><NOTACTIVE>No</NOTACTIVE><SEPARATOR></SEPARATOR><SPECIAL>No</SPECIAL></LOGISTICSADDRESSFORMATLINESENTITY><LOGISTICSADDRESSFORMATLINESENTITY><ADDRESSAPPLICATIONOBJECT>City</ADDRESSAPPLICATIONOBJECT><ADDRESSFORMAT>0005</ADDRESSFORMAT><DATAENTRYONLY>No</DATAENTRYONLY><EXPAND>No</EXPAND><LINENUMBER>2.0000000000000000</LINENUMBER><NEWLINE>Yes</NEWLINE><NOTACTIVE>No</NOTACTIVE><SEPARATOR></SEPARATOR><SPECIAL>No</SPECIAL></LOGISTICSADDRESSFORMATLINESENTITY><LOGISTICSADDRESSFORMATLINESENTITY><ADDRESSAPPLICATIONOBJECT>State</ADDRESSAPPLICATIONOBJECT><ADDRESSFORMAT>0005</ADDRESSFORMAT><DATAENTRYONLY>No</DATAENTRYONLY><EXPAND>No</EXPAND><LINENUMBER>3.0000000000000000</LINENUMBER><NEWLINE>Yes</NEWLINE><NOTACTIVE>No</NOTACTIVE><SEPARATOR></SEPARATOR><SPECIAL>No</SPECIAL></LOGISTICSADDRESSFORMATLINESENTITY><LOGISTICSADDRESSFORMATLINESENTITY><ADDRESSAPPLICATIONOBJECT>County</ADDRESSAPPLICATIONOBJECT><ADDRESSFORMAT>0005</ADDRESSFORMAT><DATAENTRYONLY>No</DATAENTRYONLY><EXPAND>No</EXPAND><LINENUMBER>4.0000000000000000</LINENUMBER><NEWLINE>Yes</NEWLINE><NOTACTIVE>No</NOTACTIVE><SEPARATOR></SEPARATOR><SPECIAL>No</SPECIAL></LOGISTICSADDRESSFORMATLINESENTITY><LOGISTICSADDRESSFORMATLINESENTITY><ADDRESSAPPLICATIONOBJECT>ZipCode</ADDRESSAPPLICATIONOBJECT><ADDRESSFORMAT>0005</ADDRESSFORMAT><DATAENTRYONLY>No</DATAENTRYONLY><EXPAND>No</EXPAND><LINENUMBER>5.0000000000000000</LINENUMBER><NEWLINE>Yes</NEWLINE><NOTACTIVE>No</NOTACTIVE><SEPARATOR></SEPARATOR><SPECIAL>No</SPECIAL></LOGISTICSADDRESSFORMATLINESENTITY><LOGISTICSADDRESSFORMATLINESENTITY><ADDRESSAPPLICATIONOBJECT>CountryRegion</ADDRESSAPPLICATIONOBJECT><ADDRESSFORMAT>0005</ADDRESSFORMAT><DATAENTRYONLY>No</DATAENTRYONLY><EXPAND>No</EXPAND><LINENUMBER>6.0000000000000000</LINENUMBER><NEWLINE>No</NEWLINE><NOTACTIVE>No</NOTACTIVE><SEPARATOR></SEPARATOR><SPECIAL>No</SPECIAL></LOGISTICSADDRESSFORMATLINESENTITY><LOGISTICSADDRESSFORMATLINESENTITY><ADDRESSAPPLICATIONOBJECT>StreetName</ADDRESSAPPLICATIONOBJECT><ADDRESSFORMAT>0006</ADDRESSFORMAT><DATAENTRYONLY>No</DATAENTRYONLY><EXPAND>No</EXPAND><LINENUMBER>1.0000000000000000</LINENUMBER><NEWLINE>Yes</NEWLINE><NOTACTIVE>No</NOTACTIVE><SEPARATOR></SEPARATOR><SPECIAL>No</SPECIAL></LOGISTICSADDRESSFORMATLINESENTITY><LOGISTICSADDRESSFORMATLINESENTITY><ADDRESSAPPLICATIONOBJECT>City</ADDRESSAPPLICATIONOBJECT><ADDRESSFORMAT>0006</ADDRESSFORMAT><DATAENTRYONLY>No</DATAENTRYONLY><EXPAND>No</EXPAND><LINENUMBER>2.0000000000000000</LINENUMBER><NEWLINE>Yes</NEWLINE><NOTACTIVE>No</NOTACTIVE><SEPARATOR></SEPARATOR><SPECIAL>No</SPECIAL></LOGISTICSADDRESSFORMATLINESENTITY><LOGISTICSADDRESSFORMATLINESENTITY><ADDRESSAPPLICATIONOBJECT>State</ADDRESSAPPLICATIONOBJECT><ADDRESSFORMAT>0006</ADDRESSFORMAT><DATAENTRYONLY>No</DATAENTRYONLY><EXPAND>No</EXPAND><LINENUMBER>3.0000000000000000</LINENUMBER><NEWLINE>Yes</NEWLINE><NOTACTIVE>No</NOTACTIVE><SEPARATOR></SEPARATOR><SPECIAL>No</SPECIAL></LOGISTICSADDRESSFORMATLINESENTITY><LOGISTICSADDRESSFORMATLINESENTITY><ADDRESSAPPLICATIONOBJECT>County</ADDRESSAPPLICATIONOBJECT><ADDRESSFORMAT>0006</ADDRESSFORMAT><DATAENTRYONLY>No</DATAENTRYONLY><EXPAND>No</EXPAND><LINENUMBER>4.0000000000000000</LINENUMBER><NEWLINE>Yes</NEWLINE><NOTACTIVE>No</NOTACTIVE><SEPARATOR></SEPARATOR><SPECIAL>No</SPECIAL></LOGISTICSADDRESSFORMATLINESENTITY><LOGISTICSADDRESSFORMATLINESENTITY><ADDRESSAPPLICATIONOBJECT>CountryRegion</ADDRESSAPPLICATIONOBJECT><ADDRESSFORMAT>0006</ADDRESSFORMAT><DATAENTRYONLY>No</DATAENTRYONLY><EXPAND>No</EXPAND><LINENUMBER>5.0000000000000000</LINENUMBER><NEWLINE>No</NEWLINE><NOTACTIVE>No</NOTACTIVE><SEPARATOR></SEPARATOR><SPECIAL>No</SPECIAL></LOGISTICSADDRESSFORMATLINESENTITY><LOGISTICSADDRESSFORMATLINESENTITY><ADDRESSAPPLICATIONOBJECT>StreetName</ADDRESSAPPLICATIONOBJECT><ADDRESSFORMAT>0007</ADDRESSFORMAT><DATAENTRYONLY>No</DATAENTRYONLY><EXPAND>No</EXPAND><LINENUMBER>1.0000000000000000</LINENUMBER><NEWLINE>Yes</NEWLINE><NOTACTIVE>No</NOTACTIVE><SEPARATOR></SEPARATOR><SPECIAL>No</SPECIAL></LOGISTICSADDRESSFORMATLINESENTITY><LOGISTICSADDRESSFORMATLINESENTITY><ADDRESSAPPLICATIONOBJECT>City</ADDRESSAPPLICATIONOBJECT><ADDRESSFORMAT>0007</ADDRESSFORMAT><DATAENTRYONLY>No</DATAENTRYONLY><EXPAND>No</EXPAND><LINENUMBER>2.0000000000000000</LINENUMBER><NEWLINE>Yes</NEWLINE><NOTACTIVE>No</NOTACTIVE><SEPARATOR></SEPARATOR><SPECIAL>No</SPECIAL></LOGISTICSADDRESSFORMATLINESENTITY><LOGISTICSADDRESSFORMATLINESENTITY><ADDRESSAPPLICATIONOBJECT>ZipCode</ADDRESSAPPLICATIONOBJECT><ADDRESSFORMAT>0007</ADDRESSFORMAT><DATAENTRYONLY>No</DATAENTRYONLY><EXPAND>No</EXPAND><LINENUMBER>3.0000000000000000</LINENUMBER><NEWLINE>Yes</NEWLINE><NOTACTIVE>No</NOTACTIVE><SEPARATOR></SEPARATOR><SPECIAL>No</SPECIAL></LOGISTICSADDRESSFORMATLINESENTITY><LOGISTICSADDRESSFORMATLINESENTITY><ADDRESSAPPLICATIONOBJECT>CountryRegion</ADDRESSAPPLICATIONOBJECT><ADDRESSFORMAT>0007</ADDRESSFORMAT><DATAENTRYONLY>No</DATAENTRYONLY><EXPAND>No</EXPAND><LINENUMBER>4.0000000000000000</LINENUMBER><NEWLINE>No</NEWLINE><NOTACTIVE>No</NOTACTIVE><SEPARATOR></SEPARATOR><SPECIAL>No</SPECIAL></LOGISTICSADDRESSFORMATLINESENTITY><LOGISTICSADDRESSFORMATLINESENTITY><ADDRESSAPPLICATIONOBJECT>StreetName</ADDRESSAPPLICATIONOBJECT><ADDRESSFORMAT>0008</ADDRESSFORMAT><DATAENTRYONLY>No</DATAENTRYONLY><EXPAND>No</EXPAND><LINENUMBER>1.0000000000000000</LINENUMBER><NEWLINE>Yes</NEWLINE><NOTACTIVE>No</NOTACTIVE><SEPARATOR></SEPARATOR><SPECIAL>No</SPECIAL></LOGISTICSADDRESSFORMATLINESENTITY><LOGISTICSADDRESSFORMATLINESENTITY><ADDRESSAPPLICATIONOBJECT>City</ADDRESSAPPLICATIONOBJECT><ADDRESSFORMAT>0008</ADDRESSFORMAT><DATAENTRYONLY>No</DATAENTRYONLY><EXPAND>No</EXPAND><LINENUMBER>2.0000000000000000</LINENUMBER><NEWLINE>No</NEWLINE><NOTACTIVE>No</NOTACTIVE><SEPARATOR><![CDATA[", "]]></SEPARATOR><SPECIAL>No</SPECIAL></LOGISTICSADDRESSFORMATLINESENTITY><LOGISTICSADDRESSFORMATLINESENTITY><ADDRESSAPPLICATIONOBJECT>State</ADDRESSAPPLICATIONOBJECT><ADDRESSFORMAT>0008</ADDRESSFORMAT><DATAENTRYONLY>No</DATAENTRYONLY><EXPAND>No</EXPAND><LINENUMBER>3.0000000000000000</LINENUMBER><NEWLINE>No</NEWLINE><NOTACTIVE>No</NOTACTIVE><SEPARATOR><![CDATA[" "]]></SEPARATOR><SPECIAL>No</SPECIAL></LOGISTICSADDRESSFORMATLINESENTITY><LOGISTICSADDRESSFORMATLINESENTITY><ADDRESSAPPLICATIONOBJECT>County</ADDRESSAPPLICATIONOBJECT><ADDRESSFORMAT>0008</ADDRESSFORMAT><DATAENTRYONLY>Yes</DATAENTRYONLY><EXPAND>No</EXPAND><LINENUMBER>4.0000000000000000</LINENUMBER><NEWLINE>No</NEWLINE><NOTACTIVE>No</NOTACTIVE><SEPARATOR></SEPARATOR><SPECIAL>No</SPECIAL></LOGISTICSADDRESSFORMATLINESENTITY><LOGISTICSADDRESSFORMATLINESENTITY><ADDRESSAPPLICATIONOBJECT>ZipCode</ADDRESSAPPLICATIONOBJECT><ADDRESSFORMAT>0008</ADDRESSFORMAT><DATAENTRYONLY>No</DATAENTRYONLY><EXPAND>No</EXPAND><LINENUMBER>5.0000000000000000</LINENUMBER><NEWLINE>Yes</NEWLINE><NOTACTIVE>No</NOTACTIVE><SEPARATOR></SEPARATOR><SPECIAL>No</SPECIAL></LOGISTICSADDRESSFORMATLINESENTITY><LOGISTICSADDRESSFORMATLINESENTITY><ADDRESSAPPLICATIONOBJECT>CountryRegion</ADDRESSAPPLICATIONOBJECT><ADDRESSFORMAT>0008</ADDRESSFORMAT><DATAENTRYONLY>No</DATAENTRYONLY><EXPAND>No</EXPAND><LINENUMBER>6.0000000000000000</LINENUMBER><NEWLINE>No</NEWLINE><NOTACTIVE>No</NOTACTIVE><SEPARATOR></SEPARATOR><SPECIAL>No</SPECIAL></LOGISTICSADDRESSFORMATLINESENTITY><LOGISTICSADDRESSFORMATLINESENTITY><ADDRESSAPPLICATIONOBJECT>StreetName</ADDRESSAPPLICATIONOBJECT><ADDRESSFORMAT>0009</ADDRESSFORMAT><DATAENTRYONLY>No</DATAENTRYONLY><EXPAND>No</EXPAND><LINENUMBER>1.0000000000000000</LINENUMBER><NEWLINE>Yes</NEWLINE><NOTACTIVE>No</NOTACTIVE><SEPARATOR></SEPARATOR><SPECIAL>No</SPECIAL></LOGISTICSADDRESSFORMATLINESENTITY><LOGISTICSADDRESSFORMATLINESENTITY><ADDRESSAPPLICATIONOBJECT>PostBox</ADDRESSAPPLICATIONOBJECT><ADDRESSFORMAT>0009</ADDRESSFORMAT><DATAENTRYONLY>No</DATAENTRYONLY><EXPAND>No</EXPAND><LINENUMBER>2.0000000000000000</LINENUMBER><NEWLINE>Yes</NEWLINE><NOTACTIVE>No</NOTACTIVE><SEPARATOR></SEPARATOR><SPECIAL>No</SPECIAL></LOGISTICSADDRESSFORMATLINESENTITY><LOGISTICSADDRESSFORMATLINESENTITY><ADDRESSAPPLICATIONOBJECT>ZipCode</ADDRESSAPPLICATIONOBJECT><ADDRESSFORMAT>0009</ADDRESSFORMAT><DATAENTRYONLY>No</DATAENTRYONLY><EXPAND>No</EXPAND><LINENUMBER>3.0000000000000000</LINENUMBER><NEWLINE>No</NEWLINE><NOTACTIVE>No</NOTACTIVE><SEPARATOR><![CDATA[" "]]></SEPARATOR><SPECIAL>No</SPECIAL></LOGISTICSADDRESSFORMATLINESENTITY><LOGISTICSADDRESSFORMATLINESENTITY><ADDRESSAPPLICATIONOBJECT>City</ADDRESSAPPLICATIONOBJECT><ADDRESSFORMAT>0009</ADDRESSFORMAT><DATAENTRYONLY>No</DATAENTRYONLY><EXPAND>No</EXPAND><LINENUMBER>4.0000000000000000</LINENUMBER><NEWLINE>Yes</NEWLINE><NOTACTIVE>No</NOTACTIVE><SEPARATOR></SEPARATOR><SPECIAL>No</SPECIAL></LOGISTICSADDRESSFORMATLINESENTITY><LOGISTICSADDRESSFORMATLINESENTITY><ADDRESSAPPLICATIONOBJECT>CountryRegion</ADDRESSAPPLICATIONOBJECT><ADDRESSFORMAT>0009</ADDRESSFORMAT><DATAENTRYONLY>No</DATAENTRYONLY><EXPAND>No</EXPAND><LINENUMBER>5.0000000000000000</LINENUMBER><NEWLINE>No</NEWLINE><NOTACTIVE>No</NOTACTIVE><SEPARATOR></SEPARATOR><SPECIAL>No</SPECIAL></LOGISTICSADDRESSFORMATLINESENTITY><LOGISTICSADDRESSFORMATLINESENTITY><ADDRESSAPPLICATIONOBJECT>StreetName</ADDRESSAPPLICATIONOBJECT><ADDRESSFORMAT>0010</ADDRESSFORMAT><DATAENTRYONLY>No</DATAENTRYONLY><EXPAND>No</EXPAND><LINENUMBER>1.0000000000000000</LINENUMBER><NEWLINE>No</NEWLINE><NOTACTIVE>No</NOTACTIVE><SEPARATOR><![CDATA[" "]]></SEPARATOR><SPECIAL>No</SPECIAL></LOGISTICSADDRESSFORMATLINESENTITY><LOGISTICSADDRESSFORMATLINESENTITY><ADDRESSAPPLICATIONOBJECT>StreetNumber</ADDRESSAPPLICATIONOBJECT><ADDRESSFORMAT>0010</ADDRESSFORMAT><DATAENTRYONLY>No</DATAENTRYONLY><EXPAND>No</EXPAND><LINENUMBER>2.0000000000000000</LINENUMBER><NEWLINE>No</NEWLINE><NOTACTIVE>No</NOTACTIVE><SEPARATOR><![CDATA[" "]]></SEPARATOR><SPECIAL>No</SPECIAL></LOGISTICSADDRESSFORMATLINESENTITY><LOGISTICSADDRESSFORMATLINESENTITY><ADDRESSAPPLICATIONOBJECT>BuildingCompliment</ADDRESSAPPLICATIONOBJECT><ADDRESSFORMAT>0010</ADDRESSFORMAT><DATAENTRYONLY>No</DATAENTRYONLY><EXPAND>No</EXPAND><LINENUMBER>3.0000000000000000</LINENUMBER><NEWLINE>Yes</NEWLINE><NOTACTIVE>No</NOTACTIVE><SEPARATOR></SEPARATOR><SPECIAL>No</SPECIAL></LOGISTICSADDRESSFORMATLINESENTITY><LOGISTICSADDRESSFORMATLINESENTITY><ADDRESSAPPLICATIONOBJECT>PostBox</ADDRESSAPPLICATIONOBJECT><ADDRESSFORMAT>0010</ADDRESSFORMAT><DATAENTRYONLY>No</DATAENTRYONLY><EXPAND>No</EXPAND><LINENUMBER>4.0000000000000000</LINENUMBER><NEWLINE>No</NEWLINE><NOTACTIVE>No</NOTACTIVE><SEPARATOR><![CDATA[" "]]></SEPARATOR><SPECIAL>No</SPECIAL></LOGISTICSADDRESSFORMATLINESENTITY><LOGISTICSADDRESSFORMATLINESENTITY><ADDRESSAPPLICATIONOBJECT>District</ADDRESSAPPLICATIONOBJECT><ADDRESSFORMAT>0010</ADDRESSFORMAT><DATAENTRYONLY>No</DATAENTRYONLY><EXPAND>No</EXPAND><LINENUMBER>5.0000000000000000</LINENUMBER><NEWLINE>Yes</NEWLINE><NOTACTIVE>No</NOTACTIVE><SEPARATOR></SEPARATOR><SPECIAL>No</SPECIAL></LOGISTICSADDRESSFORMATLINESENTITY><LOGISTICSADDRESSFORMATLINESENTITY><ADDRESSAPPLICATIONOBJECT>ZipCode</ADDRESSAPPLICATIONOBJECT><ADDRESSFORMAT>0010</ADDRESSFORMAT><DATAENTRYONLY>No</DATAENTRYONLY><EXPAND>No</EXPAND><LINENUMBER>6.0000000000000000</LINENUMBER><NEWLINE>No</NEWLINE><NOTACTIVE>No</NOTACTIVE><SEPARATOR><![CDATA[" "]]></SEPARATOR><SPECIAL>No</SPECIAL></LOGISTICSADDRESSFORMATLINESENTITY><LOGISTICSADDRESSFORMATLINESENTITY><ADDRESSAPPLICATIONOBJECT>City</ADDRESSAPPLICATIONOBJECT><ADDRESSFORMAT>0010</ADDRESSFORMAT><DATAENTRYONLY>No</DATAENTRYONLY><EXPAND>No</EXPAND><LINENUMBER>7.0000000000000000</LINENUMBER><NEWLINE>No</NEWLINE><NOTACTIVE>No</NOTACTIVE><SEPARATOR><![CDATA[" "]]></SEPARATOR><SPECIAL>No</SPECIAL></LOGISTICSADDRESSFORMATLINESENTITY><LOGISTICSADDRESSFORMATLINESENTITY><ADDRESSAPPLICATIONOBJECT>State</ADDRESSAPPLICATIONOBJECT><ADDRESSFORMAT>0010</ADDRESSFORMAT><DATAENTRYONLY>No</DATAENTRYONLY><EXPAND>No</EXPAND><LINENUMBER>8.0000000000000000</LINENUMBER><NEWLINE>Yes</NEWLINE><NOTACTIVE>No</NOTACTIVE><SEPARATOR></SEPARATOR><SPECIAL>No</SPECIAL></LOGISTICSADDRESSFORMATLINESENTITY><LOGISTICSADDRESSFORMATLINESENTITY><ADDRESSAPPLICATIONOBJECT>CountryRegion</ADDRESSAPPLICATIONOBJECT><ADDRESSFORMAT>0010</ADDRESSFORMAT><DATAENTRYONLY>No</DATAENTRYONLY><EXPAND>No</EXPAND><LINENUMBER>9.0000000000000000</LINENUMBER><NEWLINE>No</NEWLINE><NOTACTIVE>No</NOTACTIVE><SEPARATOR></SEPARATOR><SPECIAL>No</SPECIAL></LOGISTICSADDRESSFORMATLINESENTITY><LOGISTICSADDRESSFORMATLINESENTITY><ADDRESSAPPLICATIONOBJECT>StreetName</ADDRESSAPPLICATIONOBJECT><ADDRESSFORMAT>0011</ADDRESSFORMAT><DATAENTRYONLY>No</DATAENTRYONLY><EXPAND>No</EXPAND><LINENUMBER>1.0000000000000000</LINENUMBER><NEWLINE>No</NEWLINE><NOTACTIVE>No</NOTACTIVE><SEPARATOR><![CDATA[", "]]></SEPARATOR><SPECIAL>No</SPECIAL></LOGISTICSADDRESSFORMATLINESENTITY><LOGISTICSADDRESSFORMATLINESENTITY><ADDRESSAPPLICATIONOBJECT>BuildingCompliment</ADDRESSAPPLICATIONOBJECT><ADDRESSFORMAT>0011</ADDRESSFORMAT><DATAENTRYONLY>No</DATAENTRYONLY><EXPAND>No</EXPAND><LINENUMBER>2.0000000000000000</LINENUMBER><NEWLINE>Yes</NEWLINE><NOTACTIVE>No</NOTACTIVE><SEPARATOR></SEPARATOR><SPECIAL>No</SPECIAL></LOGISTICSADDRESSFORMATLINESENTITY><LOGISTICSADDRESSFORMATLINESENTITY><ADDRESSAPPLICATIONOBJECT>District</ADDRESSAPPLICATIONOBJECT><ADDRESSFORMAT>0011</ADDRESSFORMAT><DATAENTRYONLY>No</DATAENTRYONLY><EXPAND>No</EXPAND><LINENUMBER>3.0000000000000000</LINENUMBER><NEWLINE>No</NEWLINE><NOTACTIVE>No</NOTACTIVE><SEPARATOR><![CDATA[" "]]></SEPARATOR><SPECIAL>No</SPECIAL></LOGISTICSADDRESSFORMATLINESENTITY><LOGISTICSADDRESSFORMATLINESENTITY><ADDRESSAPPLICATIONOBJECT>City</ADDRESSAPPLICATIONOBJECT><ADDRESSFORMAT>0011</ADDRESSFORMAT><DATAENTRYONLY>No</DATAENTRYONLY><EXPAND>No</EXPAND><LINENUMBER>4.0000000000000000</LINENUMBER><NEWLINE>Yes</NEWLINE><NOTACTIVE>No</NOTACTIVE><SEPARATOR></SEPARATOR><SPECIAL>No</SPECIAL></LOGISTICSADDRESSFORMATLINESENTITY><LOGISTICSADDRESSFORMATLINESENTITY><ADDRESSAPPLICATIONOBJECT>County</ADDRESSAPPLICATIONOBJECT><ADDRESSFORMAT>0011</ADDRESSFORMAT><DATAENTRYONLY>No</DATAENTRYONLY><EXPAND>No</EXPAND><LINENUMBER>5.0000000000000000</LINENUMBER><NEWLINE>Yes</NEWLINE><NOTACTIVE>No</NOTACTIVE><SEPARATOR></SEPARATOR><SPECIAL>No</SPECIAL></LOGISTICSADDRESSFORMATLINESENTITY><LOGISTICSADDRESSFORMATLINESENTITY><ADDRESSAPPLICATIONOBJECT>State</ADDRESSAPPLICATIONOBJECT><ADDRESSFORMAT>0011</ADDRESSFORMAT><DATAENTRYONLY>No</DATAENTRYONLY><EXPAND>No</EXPAND><LINENUMBER>6.0000000000000000</LINENUMBER><NEWLINE>Yes</NEWLINE><NOTACTIVE>No</NOTACTIVE><SEPARATOR></SEPARATOR><SPECIAL>No</SPECIAL></LOGISTICSADDRESSFORMATLINESENTITY><LOGISTICSADDRESSFORMATLINESENTITY><ADDRESSAPPLICATIONOBJECT>CountryRegion</ADDRESSAPPLICATIONOBJECT><ADDRESSFORMAT>0011</ADDRESSFORMAT><DATAENTRYONLY>No</DATAENTRYONLY><EXPAND>No</EXPAND><LINENUMBER>7.0000000000000000</LINENUMBER><NEWLINE>Yes</NEWLINE><NOTACTIVE>No</NOTACTIVE><SEPARATOR></SEPARATOR><SPECIAL>No</SPECIAL></LOGISTICSADDRESSFORMATLINESENTITY><LOGISTICSADDRESSFORMATLINESENTITY><ADDRESSAPPLICATIONOBJECT>ZipCode</ADDRESSAPPLICATIONOBJECT><ADDRESSFORMAT>0011</ADDRESSFORMAT><DATAENTRYONLY>No</DATAENTRYONLY><EXPAND>No</EXPAND><LINENUMBER>8.0000000000000000</LINENUMBER><NEWLINE>Yes</NEWLINE><NOTACTIVE>No</NOTACTIVE><SEPARATOR></SEPARATOR><SPECIAL>No</SPECIAL></LOGISTICSADDRESSFORMATLINESENTITY><LOGISTICSADDRESSFORMATLINESENTITY><ADDRESSAPPLICATIONOBJECT>StreetName</ADDRESSAPPLICATIONOBJECT><ADDRESSFORMAT>0012</ADDRESSFORMAT><DATAENTRYONLY>No</DATAENTRYONLY><EXPAND>No</EXPAND><LINENUMBER>1.0000000000000000</LINENUMBER><NEWLINE>No</NEWLINE><NOTACTIVE>No</NOTACTIVE><SEPARATOR><![CDATA[" "]]></SEPARATOR><SPECIAL>No</SPECIAL></LOGISTICSADDRESSFORMATLINESENTITY><LOGISTICSADDRESSFORMATLINESENTITY><ADDRESSAPPLICATIONOBJECT>StreetNumber</ADDRESSAPPLICATIONOBJECT><ADDRESSFORMAT>0012</ADDRESSFORMAT><DATAENTRYONLY>No</DATAENTRYONLY><EXPAND>No</EXPAND><LINENUMBER>2.0000000000000000</LINENUMBER><NEWLINE>No</NEWLINE><NOTACTIVE>No</NOTACTIVE><SEPARATOR><![CDATA[" "]]></SEPARATOR><SPECIAL>No</SPECIAL></LOGISTICSADDRESSFORMATLINESENTITY><LOGISTICSADDRESSFORMATLINESENTITY><ADDRESSAPPLICATIONOBJECT>BuildingCompliment</ADDRESSAPPLICATIONOBJECT><ADDRESSFORMAT>0012</ADDRESSFORMAT><DATAENTRYONLY>No</DATAENTRYONLY><EXPAND>No</EXPAND><LINENUMBER>3.0000000000000000</LINENUMBER><NEWLINE>Yes</NEWLINE><NOTACTIVE>No</NOTACTIVE><SEPARATOR></SEPARATOR><SPECIAL>No</SPECIAL></LOGISTICSADDRESSFORMATLINESENTITY><LOGISTICSADDRESSFORMATLINESENTITY><ADDRESSAPPLICATIONOBJECT>County</ADDRESSAPPLICATIONOBJECT><ADDRESSFORMAT>0012</ADDRESSFORMAT><DATAENTRYONLY>No</DATAENTRYONLY><EXPAND>No</EXPAND><LINENUMBER>4.0000000000000000</LINENUMBER><NEWLINE>Yes</NEWLINE><NOTACTIVE>No</NOTACTIVE><SEPARATOR></SEPARATOR><SPECIAL>No</SPECIAL></LOGISTICSADDRESSFORMATLINESENTITY><LOGISTICSADDRESSFORMATLINESENTITY><ADDRESSAPPLICATIONOBJECT>City</ADDRESSAPPLICATIONOBJECT><ADDRESSFORMAT>0012</ADDRESSFORMAT><DATAENTRYONLY>No</DATAENTRYONLY><EXPAND>No</EXPAND><LINENUMBER>5.0000000000000000</LINENUMBER><NEWLINE>No</NEWLINE><NOTACTIVE>No</NOTACTIVE><SEPARATOR><![CDATA[", "]]></SEPARATOR><SPECIAL>No</SPECIAL></LOGISTICSADDRESSFORMATLINESENTITY><LOGISTICSADDRESSFORMATLINESENTITY><ADDRESSAPPLICATIONOBJECT>State</ADDRESSAPPLICATIONOBJECT><ADDRESSFORMAT>0012</ADDRESSFORMAT><DATAENTRYONLY>No</DATAENTRYONLY><EXPAND>No</EXPAND><LINENUMBER>6.0000000000000000</LINENUMBER><NEWLINE>No</NEWLINE><NOTACTIVE>No</NOTACTIVE><SEPARATOR><![CDATA[", "]]></SEPARATOR><SPECIAL>No</SPECIAL></LOGISTICSADDRESSFORMATLINESENTITY><LOGISTICSADDRESSFORMATLINESENTITY><ADDRESSAPPLICATIONOBJECT>ZipCode</ADDRESSAPPLICATIONOBJECT><ADDRESSFORMAT>0012</ADDRESSFORMAT><DATAENTRYONLY>No</DATAENTRYONLY><EXPAND>No</EXPAND><LINENUMBER>7.0000000000000000</LINENUMBER><NEWLINE>Yes</NEWLINE><NOTACTIVE>No</NOTACTIVE><SEPARATOR></SEPARATOR><SPECIAL>No</SPECIAL></LOGISTICSADDRESSFORMATLINESENTITY><LOGISTICSADDRESSFORMATLINESENTITY><ADDRESSAPPLICATIONOBJECT>CountryRegion</ADDRESSAPPLICATIONOBJECT><ADDRESSFORMAT>0012</ADDRESSFORMAT><DATAENTRYONLY>No</DATAENTRYONLY><EXPAND>No</EXPAND><LINENUMBER>8.0000000000000000</LINENUMBER><NEWLINE>No</NEWLINE><NOTACTIVE>No</NOTACTIVE><SEPARATOR></SEPARATOR><SPECIAL>No</SPECIAL></LOGISTICSADDRESSFORMATLINESENTITY><LOGISTICSADDRESSFORMATLINESENTITY><ADDRESSAPPLICATIONOBJECT>StreetName</ADDRESSAPPLICATIONOBJECT><ADDRESSFORMAT>0013</ADDRESSFORMAT><DATAENTRYONLY>No</DATAENTRYONLY><EXPAND>No</EXPAND><LINENUMBER>1.0000000000000000</LINENUMBER><NEWLINE>Yes</NEWLINE><NOTACTIVE>No</NOTACTIVE><SEPARATOR></SEPARATOR><SPECIAL>No</SPECIAL></LOGISTICSADDRESSFORMATLINESENTITY><LOGISTICSADDRESSFORMATLINESENTITY><ADDRESSAPPLICATIONOBJECT>ZipCode</ADDRESSAPPLICATIONOBJECT><ADDRESSFORMAT>0013</ADDRESSFORMAT><DATAENTRYONLY>No</DATAENTRYONLY><EXPAND>No</EXPAND><LINENUMBER>2.0000000000000000</LINENUMBER><NEWLINE>No</NEWLINE><NOTACTIVE>No</NOTACTIVE><SEPARATOR><![CDATA[" "]]></SEPARATOR><SPECIAL>No</SPECIAL></LOGISTICSADDRESSFORMATLINESENTITY><LOGISTICSADDRESSFORMATLINESENTITY><ADDRESSAPPLICATIONOBJECT>City</ADDRESSAPPLICATIONOBJECT><ADDRESSFORMAT>0013</ADDRESSFORMAT><DATAENTRYONLY>No</DATAENTRYONLY><EXPAND>No</EXPAND><LINENUMBER>3.0000000000000000</LINENUMBER><NEWLINE>Yes</NEWLINE><NOTACTIVE>No</NOTACTIVE><SEPARATOR></SEPARATOR><SPECIAL>No</SPECIAL></LOGISTICSADDRESSFORMATLINESENTITY><LOGISTICSADDRESSFORMATLINESENTITY><ADDRESSAPPLICATIONOBJECT>CountryRegion</ADDRESSAPPLICATIONOBJECT><ADDRESSFORMAT>0013</ADDRESSFORMAT><DATAENTRYONLY>No</DATAENTRYONLY><EXPAND>No</EXPAND><LINENUMBER>4.0000000000000000</LINENUMBER><NEWLINE>No</NEWLINE><NOTACTIVE>No</NOTACTIVE><SEPARATOR></SEPARATOR><SPECIAL>No</SPECIAL></LOGISTICSADDRESSFORMATLINESENTITY><LOGISTICSADDRESSFORMATLINESENTITY><ADDRESSAPPLICATIONOBJECT>StreetNumber</ADDRESSAPPLICATIONOBJECT><ADDRESSFORMAT>0014</ADDRESSFORMAT><DATAENTRYONLY>No</DATAENTRYONLY><EXPAND>No</EXPAND><LINENUMBER>1.0000000000000000</LINENUMBER><NEWLINE>No</NEWLINE><NOTACTIVE>No</NOTACTIVE><SEPARATOR><![CDATA[", "]]></SEPARATOR><SPECIAL>No</SPECIAL></LOGISTICSADDRESSFORMATLINESENTITY><LOGISTICSADDRESSFORMATLINESENTITY><ADDRESSAPPLICATIONOBJECT>StreetName</ADDRESSAPPLICATIONOBJECT><ADDRESSFORMAT>0014</ADDRESSFORMAT><DATAENTRYONLY>No</DATAENTRYONLY><EXPAND>No</EXPAND><LINENUMBER>2.0000000000000000</LINENUMBER><NEWLINE>Yes</NEWLINE><NOTACTIVE>No</NOTACTIVE><SEPARATOR></SEPARATOR><SPECIAL>No</SPECIAL></LOGISTICSADDRESSFORMATLINESENTITY><LOGISTICSADDRESSFORMATLINESENTITY><ADDRESSAPPLICATIONOBJECT>BuildingCompliment</ADDRESSAPPLICATIONOBJECT><ADDRESSFORMAT>0014</ADDRESSFORMAT><DATAENTRYONLY>No</DATAENTRYONLY><EXPAND>No</EXPAND><LINENUMBER>3.0000000000000000</LINENUMBER><NEWLINE>No</NEWLINE><NOTACTIVE>No</NOTACTIVE><SEPARATOR><![CDATA[", "]]></SEPARATOR><SPECIAL>No</SPECIAL></LOGISTICSADDRESSFORMATLINESENTITY><LOGISTICSADDRESSFORMATLINESENTITY><ADDRESSAPPLICATIONOBJECT>County</ADDRESSAPPLICATIONOBJECT><ADDRESSFORMAT>0014</ADDRESSFORMAT><DATAENTRYONLY>No</DATAENTRYONLY><EXPAND>No</EXPAND><LINENUMBER>4.0000000000000000</LINENUMBER><NEWLINE>No</NEWLINE><NOTACTIVE>No</NOTACTIVE><SEPARATOR><![CDATA[" "]]></SEPARATOR><SPECIAL>No</SPECIAL></LOGISTICSADDRESSFORMATLINESENTITY><LOGISTICSADDRESSFORMATLINESENTITY><ADDRESSAPPLICATIONOBJECT>District</ADDRESSAPPLICATIONOBJECT><ADDRESSFORMAT>0014</ADDRESSFORMAT><DATAENTRYONLY>No</DATAENTRYONLY><EXPAND>No</EXPAND><LINENUMBER>5.0000000000000000</LINENUMBER><NEWLINE>Yes</NEWLINE><NOTACTIVE>No</NOTACTIVE><SEPARATOR></SEPARATOR><SPECIAL>No</SPECIAL></LOGISTICSADDRESSFORMATLINESENTITY><LOGISTICSADDRESSFORMATLINESENTITY><ADDRESSAPPLICATIONOBJECT>City</ADDRESSAPPLICATIONOBJECT><ADDRESSFORMAT>0014</ADDRESSFORMAT><DATAENTRYONLY>No</DATAENTRYONLY><EXPAND>No</EXPAND><LINENUMBER>6.0000000000000000</LINENUMBER><NEWLINE>Yes</NEWLINE><NOTACTIVE>No</NOTACTIVE><SEPARATOR></SEPARATOR><SPECIAL>No</SPECIAL></LOGISTICSADDRESSFORMATLINESENTITY><LOGISTICSADDRESSFORMATLINESENTITY><ADDRESSAPPLICATIONOBJECT>ZipCode</ADDRESSAPPLICATIONOBJECT><ADDRESSFORMAT>0014</ADDRESSFORMAT><DATAENTRYONLY>No</DATAENTRYONLY><EXPAND>No</EXPAND><LINENUMBER>7.0000000000000000</LINENUMBER><NEWLINE>Yes</NEWLINE><NOTACTIVE>No</NOTACTIVE><SEPARATOR></SEPARATOR><SPECIAL>No</SPECIAL></LOGISTICSADDRESSFORMATLINESENTITY><LOGISTICSADDRESSFORMATLINESENTITY><ADDRESSAPPLICATIONOBJECT>CountryRegion</ADDRESSAPPLICATIONOBJECT><ADDRESSFORMAT>0014</ADDRESSFORMAT><DATAENTRYONLY>No</DATAENTRYONLY><EXPAND>No</EXPAND><LINENUMBER>8.0000000000000000</LINENUMBER><NEWLINE>No</NEWLINE><NOTACTIVE>No</NOTACTIVE><SEPARATOR></SEPARATOR><SPECIAL>No</SPECIAL></LOGISTICSADDRESSFORMATLINESENTITY><LOGISTICSADDRESSFORMATLINESENTITY><ADDRESSAPPLICATIONOBJECT>BuildingCompliment</ADDRESSAPPLICATIONOBJECT><ADDRESSFORMAT>0015</ADDRESSFORMAT><DATAENTRYONLY>No</DATAENTRYONLY><EXPAND>No</EXPAND><LINENUMBER>1.0000000000000000</LINENUMBER><NEWLINE>Yes</NEWLINE><NOTACTIVE>No</NOTACTIVE><SEPARATOR></SEPARATOR><SPECIAL>No</SPECIAL></LOGISTICSADDRESSFORMATLINESENTITY><LOGISTICSADDRESSFORMATLINESENTITY><ADDRESSAPPLICATIONOBJECT>StreetName</ADDRESSAPPLICATIONOBJECT><ADDRESSFORMAT>0015</ADDRESSFORMAT><DATAENTRYONLY>No</DATAENTRYONLY><EXPAND>No</EXPAND><LINENUMBER>2.0000000000000000</LINENUMBER><NEWLINE>Yes</NEWLINE><NOTACTIVE>No</NOTACTIVE><SEPARATOR></SEPARATOR><SPECIAL>No</SPECIAL></LOGISTICSADDRESSFORMATLINESENTITY><LOGISTICSADDRESSFORMATLINESENTITY><ADDRESSAPPLICATIONOBJECT>PostBox</ADDRESSAPPLICATIONOBJECT><ADDRESSFORMAT>0015</ADDRESSFORMAT><DATAENTRYONLY>No</DATAENTRYONLY><EXPAND>No</EXPAND><LINENUMBER>3.0000000000000000</LINENUMBER><NEWLINE>Yes</NEWLINE><NOTACTIVE>No</NOTACTIVE><SEPARATOR></SEPARATOR><SPECIAL>No</SPECIAL></LOGISTICSADDRESSFORMATLINESENTITY><LOGISTICSADDRESSFORMATLINESENTITY><ADDRESSAPPLICATIONOBJECT>District</ADDRESSAPPLICATIONOBJECT><ADDRESSFORMAT>0015</ADDRESSFORMAT><DATAENTRYONLY>No</DATAENTRYONLY><EXPAND>No</EXPAND><LINENUMBER>4.0000000000000000</LINENUMBER><NEWLINE>No</NEWLINE><NOTACTIVE>No</NOTACTIVE><SEPARATOR><![CDATA[", "]]></SEPARATOR><SPECIAL>No</SPECIAL></LOGISTICSADDRESSFORMATLINESENTITY><LOGISTICSADDRESSFORMATLINESENTITY><ADDRESSAPPLICATIONOBJECT>City</ADDRESSAPPLICATIONOBJECT><ADDRESSFORMAT>0015</ADDRESSFORMAT><DATAENTRYONLY>No</DATAENTRYONLY><EXPAND>No</EXPAND><LINENUMBER>5.0000000000000000</LINENUMBER><NEWLINE>No</NEWLINE><NOTACTIVE>No</NOTACTIVE><SEPARATOR><![CDATA[" - "]]></SEPARATOR><SPECIAL>No</SPECIAL></LOGISTICSADDRESSFORMATLINESENTITY><LOGISTICSADDRESSFORMATLINESENTITY><ADDRESSAPPLICATIONOBJECT>ZipCode</ADDRESSAPPLICATIONOBJECT><ADDRESSFORMAT>0015</ADDRESSFORMAT><DATAENTRYONLY>No</DATAENTRYONLY><EXPAND>No</EXPAND><LINENUMBER>6.0000000000000000</LINENUMBER><NEWLINE>Yes</NEWLINE><NOTACTIVE>No</NOTACTIVE><SEPARATOR></SEPARATOR><SPECIAL>No</SPECIAL></LOGISTICSADDRESSFORMATLINESENTITY><LOGISTICSADDRESSFORMATLINESENTITY><ADDRESSAPPLICATIONOBJECT>County</ADDRESSAPPLICATIONOBJECT><ADDRESSFORMAT>0015</ADDRESSFORMAT><DATAENTRYONLY>No</DATAENTRYONLY><EXPAND>No</EXPAND><LINENUMBER>7.0000000000000000</LINENUMBER><NEWLINE>Yes</NEWLINE><NOTACTIVE>No</NOTACTIVE><SEPARATOR></SEPARATOR><SPECIAL>No</SPECIAL></LOGISTICSADDRESSFORMATLINESENTITY><LOGISTICSADDRESSFORMATLINESENTITY><ADDRESSAPPLICATIONOBJECT>State</ADDRESSAPPLICATIONOBJECT><ADDRESSFORMAT>0015</ADDRESSFORMAT><DATAENTRYONLY>No</DATAENTRYONLY><EXPAND>No</EXPAND><LINENUMBER>8.0000000000000000</LINENUMBER><NEWLINE>Yes</NEWLINE><NOTACTIVE>No</NOTACTIVE><SEPARATOR></SEPARATOR><SPECIAL>No</SPECIAL></LOGISTICSADDRESSFORMATLINESENTITY><LOGISTICSADDRESSFORMATLINESENTITY><ADDRESSAPPLICATIONOBJECT>CountryRegion</ADDRESSAPPLICATIONOBJECT><ADDRESSFORMAT>0015</ADDRESSFORMAT><DATAENTRYONLY>No</DATAENTRYONLY><EXPAND>No</EXPAND><LINENUMBER>9.0000000000000000</LINENUMBER><NEWLINE>No</NEWLINE><NOTACTIVE>No</NOTACTIVE><SEPARATOR></SEPARATOR><SPECIAL>No</SPECIAL></LOGISTICSADDRESSFORMATLINESENTITY><LOGISTICSADDRESSFORMATLINESENTITY><ADDRESSAPPLICATIONOBJECT>StreetName</ADDRESSAPPLICATIONOBJECT><ADDRESSFORMAT>0016</ADDRESSFORMAT><DATAENTRYONLY>No</DATAENTRYONLY><EXPAND>No</EXPAND><LINENUMBER>1.0000000000000000</LINENUMBER><NEWLINE>No</NEWLINE><NOTACTIVE>No</NOTACTIVE><SEPARATOR><![CDATA[" "]]></SEPARATOR><SPECIAL>No</SPECIAL></LOGISTICSADDRESSFORMATLINESENTITY><LOGISTICSADDRESSFORMATLINESENTITY><ADDRESSAPPLICATIONOBJECT>BuildingCompliment</ADDRESSAPPLICATIONOBJECT><ADDRESSFORMAT>0016</ADDRESSFORMAT><DATAENTRYONLY>No</DATAENTRYONLY><EXPAND>No</EXPAND><LINENUMBER>2.0000000000000000</LINENUMBER><NEWLINE>Yes</NEWLINE><NOTACTIVE>No</NOTACTIVE><SEPARATOR></SEPARATOR><SPECIAL>No</SPECIAL></LOGISTICSADDRESSFORMATLINESENTITY><LOGISTICSADDRESSFORMATLINESENTITY><ADDRESSAPPLICATIONOBJECT>ZipCode</ADDRESSAPPLICATIONOBJECT><ADDRESSFORMAT>0016</ADDRESSFORMAT><DATAENTRYONLY>No</DATAENTRYONLY><EXPAND>No</EXPAND><LINENUMBER>3.0000000000000000</LINENUMBER><NEWLINE>No</NEWLINE><NOTACTIVE>No</NOTACTIVE><SEPARATOR><![CDATA[" "]]></SEPARATOR><SPECIAL>No</SPECIAL></LOGISTICSADDRESSFORMATLINESENTITY><LOGISTICSADDRESSFORMATLINESENTITY><ADDRESSAPPLICATIONOBJECT>City</ADDRESSAPPLICATIONOBJECT><ADDRESSFORMAT>0016</ADDRESSFORMAT><DATAENTRYONLY>No</DATAENTRYONLY><EXPAND>No</EXPAND><LINENUMBER>4.0000000000000000</LINENUMBER><NEWLINE>Yes</NEWLINE><NOTACTIVE>No</NOTACTIVE><SEPARATOR></SEPARATOR><SPECIAL>No</SPECIAL></LOGISTICSADDRESSFORMATLINESENTITY><LOGISTICSADDRESSFORMATLINESENTITY><ADDRESSAPPLICATIONOBJECT>CountryRegion</ADDRESSAPPLICATIONOBJECT><ADDRESSFORMAT>0016</ADDRESSFORMAT><DATAENTRYONLY>No</DATAENTRYONLY><EXPAND>No</EXPAND><LINENUMBER>5.0000000000000000</LINENUMBER><NEWLINE>No</NEWLINE><NOTACTIVE>No</NOTACTIVE><SEPARATOR></SEPARATOR><SPECIAL>No</SPECIAL></LOGISTICSADDRESSFORMATLINESENTITY><LOGISTICSADDRESSFORMATLINESENTITY><ADDRESSAPPLICATIONOBJECT>ZipCode</ADDRESSAPPLICATIONOBJECT><ADDRESSFORMAT>0017</ADDRESSFORMAT><DATAENTRYONLY>No</DATAENTRYONLY><EXPAND>No</EXPAND><LINENUMBER>1.0000000000000000</LINENUMBER><NEWLINE>No</NEWLINE><NOTACTIVE>No</NOTACTIVE><SEPARATOR><![CDATA[" "]]></SEPARATOR><SPECIAL>No</SPECIAL></LOGISTICSADDRESSFORMATLINESENTITY><LOGISTICSADDRESSFORMATLINESENTITY><ADDRESSAPPLICATIONOBJECT>City</ADDRESSAPPLICATIONOBJECT><ADDRESSFORMAT>0017</ADDRESSFORMAT><DATAENTRYONLY>No</DATAENTRYONLY><EXPAND>No</EXPAND><LINENUMBER>2.0000000000000000</LINENUMBER><NEWLINE>Yes</NEWLINE><NOTACTIVE>No</NOTACTIVE><SEPARATOR></SEPARATOR><SPECIAL>No</SPECIAL></LOGISTICSADDRESSFORMATLINESENTITY><LOGISTICSADDRESSFORMATLINESENTITY><ADDRESSAPPLICATIONOBJECT>StreetName</ADDRESSAPPLICATIONOBJECT><ADDRESSFORMAT>0017</ADDRESSFORMAT><DATAENTRYONLY>No</DATAENTRYONLY><EXPAND>No</EXPAND><LINENUMBER>3.0000000000000000</LINENUMBER><NEWLINE>No</NEWLINE><NOTACTIVE>No</NOTACTIVE><SEPARATOR><![CDATA[" "]]></SEPARATOR><SPECIAL>No</SPECIAL></LOGISTICSADDRESSFORMATLINESENTITY><LOGISTICSADDRESSFORMATLINESENTITY><ADDRESSAPPLICATIONOBJECT>BuildingCompliment</ADDRESSAPPLICATIONOBJECT><ADDRESSFORMAT>0017</ADDRESSFORMAT><DATAENTRYONLY>No</DATAENTRYONLY><EXPAND>No</EXPAND><LINENUMBER>4.0000000000000000</LINENUMBER><NEWLINE>Yes</NEWLINE><NOTACTIVE>No</NOTACTIVE><SEPARATOR></SEPARATOR><SPECIAL>No</SPECIAL></LOGISTICSADDRESSFORMATLINESENTITY><LOGISTICSADDRESSFORMATLINESENTITY><ADDRESSAPPLICATIONOBJECT>CountryRegion</ADDRESSAPPLICATIONOBJECT><ADDRESSFORMAT>0017</ADDRESSFORMAT><DATAENTRYONLY>No</DATAENTRYONLY><EXPAND>No</EXPAND><LINENUMBER>5.0000000000000000</LINENUMBER><NEWLINE>No</NEWLINE><NOTACTIVE>No</NOTACTIVE><SEPARATOR></SEPARATOR><SPECIAL>No</SPECIAL></LOGISTICSADDRESSFORMATLINESENTITY><LOGISTICSADDRESSFORMATLINESENTITY><ADDRESSAPPLICATIONOBJECT>BuildingCompliment</ADDRESSAPPLICATIONOBJECT><ADDRESSFORMAT>0018</ADDRESSFORMAT><DATAENTRYONLY>No</DATAENTRYONLY><EXPAND>No</EXPAND><LINENUMBER>1.0000000000000000</LINENUMBER><NEWLINE>Yes</NEWLINE><NOTACTIVE>No</NOTACTIVE><SEPARATOR></SEPARATOR><SPECIAL>No</SPECIAL></LOGISTICSADDRESSFORMATLINESENTITY><LOGISTICSADDRESSFORMATLINESENTITY><ADDRESSAPPLICATIONOBJECT>StreetName</ADDRESSAPPLICATIONOBJECT><ADDRESSFORMAT>0018</ADDRESSFORMAT><DATAENTRYONLY>No</DATAENTRYONLY><EXPAND>No</EXPAND><LINENUMBER>2.0000000000000000</LINENUMBER><NEWLINE>Yes</NEWLINE><NOTACTIVE>No</NOTACTIVE><SEPARATOR></SEPARATOR><SPECIAL>No</SPECIAL></LOGISTICSADDRESSFORMATLINESENTITY><LOGISTICSADDRESSFORMATLINESENTITY><ADDRESSAPPLICATIONOBJECT>County</ADDRESSAPPLICATIONOBJECT><ADDRESSFORMAT>0018</ADDRESSFORMAT><DATAENTRYONLY>No</DATAENTRYONLY><EXPAND>No</EXPAND><LINENUMBER>3.0000000000000000</LINENUMBER><NEWLINE>Yes</NEWLINE><NOTACTIVE>No</NOTACTIVE><SEPARATOR></SEPARATOR><SPECIAL>No</SPECIAL></LOGISTICSADDRESSFORMATLINESENTITY><LOGISTICSADDRESSFORMATLINESENTITY><ADDRESSAPPLICATIONOBJECT>District</ADDRESSAPPLICATIONOBJECT><ADDRESSFORMAT>0018</ADDRESSFORMAT><DATAENTRYONLY>No</DATAENTRYONLY><EXPAND>No</EXPAND><LINENUMBER>4.0000000000000000</LINENUMBER><NEWLINE>Yes</NEWLINE><NOTACTIVE>No</NOTACTIVE><SEPARATOR></SEPARATOR><SPECIAL>No</SPECIAL></LOGISTICSADDRESSFORMATLINESENTITY><LOGISTICSADDRESSFORMATLINESENTITY><ADDRESSAPPLICATIONOBJECT>State</ADDRESSAPPLICATIONOBJECT><ADDRESSFORMAT>0018</ADDRESSFORMAT><DATAENTRYONLY>No</DATAENTRYONLY><EXPAND>No</EXPAND><LINENUMBER>5.0000000000000000</LINENUMBER><NEWLINE>Yes</NEWLINE><NOTACTIVE>No</NOTACTIVE><SEPARATOR></SEPARATOR><SPECIAL>No</SPECIAL></LOGISTICSADDRESSFORMATLINESENTITY><LOGISTICSADDRESSFORMATLINESENTITY><ADDRESSAPPLICATIONOBJECT>ZipCode</ADDRESSAPPLICATIONOBJECT><ADDRESSFORMAT>0018</ADDRESSFORMAT><DATAENTRYONLY>No</DATAENTRYONLY><EXPAND>No</EXPAND><LINENUMBER>6.0000000000000000</LINENUMBER><NEWLINE>No</NEWLINE><NOTACTIVE>No</NOTACTIVE><SEPARATOR><![CDATA[" "]]></SEPARATOR><SPECIAL>No</SPECIAL></LOGISTICSADDRESSFORMATLINESENTITY><LOGISTICSADDRESSFORMATLINESENTITY><ADDRESSAPPLICATIONOBJECT>City</ADDRESSAPPLICATIONOBJECT><ADDRESSFORMAT>0018</ADDRESSFORMAT><DATAENTRYONLY>No</DATAENTRYONLY><EXPAND>No</EXPAND><LINENUMBER>7.0000000000000000</LINENUMBER><NEWLINE>Yes</NEWLINE><NOTACTIVE>No</NOTACTIVE><SEPARATOR></SEPARATOR><SPECIAL>No</SPECIAL></LOGISTICSADDRESSFORMATLINESENTITY><LOGISTICSADDRESSFORMATLINESENTITY><ADDRESSAPPLICATIONOBJECT>CountryRegion</ADDRESSAPPLICATIONOBJECT><ADDRESSFORMAT>0018</ADDRESSFORMAT><DATAENTRYONLY>No</DATAENTRYONLY><EXPAND>No</EXPAND><LINENUMBER>8.0000000000000000</LINENUMBER><NEWLINE>No</NEWLINE><NOTACTIVE>No</NOTACTIVE><SEPARATOR></SEPARATOR><SPECIAL>No</SPECIAL></LOGISTICSADDRESSFORMATLINESENTITY><LOGISTICSADDRESSFORMATLINESENTITY><ADDRESSAPPLICATIONOBJECT>ZipCode</ADDRESSAPPLICATIONOBJECT><ADDRESSFORMAT>0019</ADDRESSFORMAT><DATAENTRYONLY>No</DATAENTRYONLY><EXPAND>No</EXPAND><LINENUMBER>1.0000000000000000</LINENUMBER><NEWLINE>Yes</NEWLINE><NOTACTIVE>No</NOTACTIVE><SEPARATOR></SEPARATOR><SPECIAL>No</SPECIAL></LOGISTICSADDRESSFORMATLINESENTITY><LOGISTICSADDRESSFORMATLINESENTITY><ADDRESSAPPLICATIONOBJECT>CountryRegion</ADDRESSAPPLICATIONOBJECT><ADDRESSFORMAT>0019</ADDRESSFORMAT><DATAENTRYONLY>No</DATAENTRYONLY><EXPAND>Yes</EXPAND><LINENUMBER>2.0000000000000000</LINENUMBER><NEWLINE>No</NEWLINE><NOTACTIVE>No</NOTACTIVE><SEPARATOR><![CDATA[", "]]></SEPARATOR><SPECIAL>No</SPECIAL></LOGISTICSADDRESSFORMATLINESENTITY><LOGISTICSADDRESSFORMATLINESENTITY><ADDRESSAPPLICATIONOBJECT>State</ADDRESSAPPLICATIONOBJECT><ADDRESSFORMAT>0019</ADDRESSFORMAT><DATAENTRYONLY>No</DATAENTRYONLY><EXPAND>Yes</EXPAND><LINENUMBER>3.0000000000000000</LINENUMBER><NEWLINE>No</NEWLINE><NOTACTIVE>No</NOTACTIVE><SEPARATOR><![CDATA[", "]]></SEPARATOR><SPECIAL>No</SPECIAL></LOGISTICSADDRESSFORMATLINESENTITY><LOGISTICSADDRESSFORMATLINESENTITY><ADDRESSAPPLICATIONOBJECT>County</ADDRESSAPPLICATIONOBJECT><ADDRESSFORMAT>0019</ADDRESSFORMAT><DATAENTRYONLY>Yes</DATAENTRYONLY><EXPAND>Yes</EXPAND><LINENUMBER>4.0000000000000000</LINENUMBER><NEWLINE>No</NEWLINE><NOTACTIVE>No</NOTACTIVE><SEPARATOR><![CDATA[", "]]></SEPARATOR><SPECIAL>No</SPECIAL></LOGISTICSADDRESSFORMATLINESENTITY><LOGISTICSADDRESSFORMATLINESENTITY><ADDRESSAPPLICATIONOBJECT>City</ADDRESSAPPLICATIONOBJECT><ADDRESSFORMAT>0019</ADDRESSFORMAT><DATAENTRYONLY>No</DATAENTRYONLY><EXPAND>Yes</EXPAND><LINENUMBER>5.0000000000000000</LINENUMBER><NEWLINE>No</NEWLINE><NOTACTIVE>No</NOTACTIVE><SEPARATOR><![CDATA[", "]]></SEPARATOR><SPECIAL>No</SPECIAL></LOGISTICSADDRESSFORMATLINESENTITY><LOGISTICSADDRESSFORMATLINESENTITY><ADDRESSAPPLICATIONOBJECT>District</ADDRESSAPPLICATIONOBJECT><ADDRESSFORMAT>0019</ADDRESSFORMAT><DATAENTRYONLY>No</DATAENTRYONLY><EXPAND>Yes</EXPAND><LINENUMBER>6.0000000000000000</LINENUMBER><NEWLINE>Yes</NEWLINE><NOTACTIVE>No</NOTACTIVE><SEPARATOR></SEPARATOR><SPECIAL>No</SPECIAL></LOGISTICSADDRESSFORMATLINESENTITY><LOGISTICSADDRESSFORMATLINESENTITY><ADDRESSAPPLICATIONOBJECT>StreetId_RU</ADDRESSAPPLICATIONOBJECT><ADDRESSFORMAT>0019</ADDRESSFORMAT><DATAENTRYONLY>No</DATAENTRYONLY><EXPAND>Yes</EXPAND><LINENUMBER>7.0000000000000000</LINENUMBER><NEWLINE>No</NEWLINE><NOTACTIVE>No</NOTACTIVE><SEPARATOR><![CDATA[", "]]></SEPARATOR><SPECIAL>No</SPECIAL></LOGISTICSADDRESSFORMATLINESENTITY><LOGISTICSADDRESSFORMATLINESENTITY><ADDRESSAPPLICATIONOBJECT>Building_RU</ADDRESSAPPLICATIONOBJECT><ADDRESSFORMAT>0019</ADDRESSFORMAT><DATAENTRYONLY>No</DATAENTRYONLY><EXPAND>No</EXPAND><LINENUMBER>8.0000000000000000</LINENUMBER><NEWLINE>No</NEWLINE><NOTACTIVE>No</NOTACTIVE><SEPARATOR><![CDATA[", "]]></SEPARATOR><SPECIAL>No</SPECIAL></LOGISTICSADDRESSFORMATLINESENTITY><LOGISTICSADDRESSFORMATLINESENTITY><ADDRESSAPPLICATIONOBJECT>BuildingCompliment</ADDRESSAPPLICATIONOBJECT><ADDRESSFORMAT>0019</ADDRESSFORMAT><DATAENTRYONLY>No</DATAENTRYONLY><EXPAND>No</EXPAND><LINENUMBER>9.0000000000000000</LINENUMBER><NEWLINE>No</NEWLINE><NOTACTIVE>No</NOTACTIVE><SEPARATOR><![CDATA[", "]]></SEPARATOR><SPECIAL>No</SPECIAL></LOGISTICSADDRESSFORMATLINESENTITY><LOGISTICSADDRESSFORMATLINESENTITY><ADDRESSAPPLICATIONOBJECT>Apartment_RU</ADDRESSAPPLICATIONOBJECT><ADDRESSFORMAT>0019</ADDRESSFORMAT><DATAENTRYONLY>No</DATAENTRYONLY><EXPAND>No</EXPAND><LINENUMBER>10.0000000000000000</LINENUMBER><NEWLINE>No</NEWLINE><NOTACTIVE>No</NOTACTIVE><SEPARATOR></SEPARATOR><SPECIAL>No</SPECIAL></LOGISTICSADDRESSFORMATLINESENTITY><LOGISTICSADDRESSFORMATLINESENTITY><ADDRESSAPPLICATIONOBJECT>StreetName</ADDRESSAPPLICATIONOBJECT><ADDRESSFORMAT>0020</ADDRESSFORMAT><DATAENTRYONLY>No</DATAENTRYONLY><EXPAND>No</EXPAND><LINENUMBER>1.0000000000000000</LINENUMBER><NEWLINE>No</NEWLINE><NOTACTIVE>No</NOTACTIVE><SEPARATOR><![CDATA[" "]]></SEPARATOR><SPECIAL>No</SPECIAL></LOGISTICSADDRESSFORMATLINESENTITY><LOGISTICSADDRESSFORMATLINESENTITY><ADDRESSAPPLICATIONOBJECT>StreetNumber</ADDRESSAPPLICATIONOBJECT><ADDRESSFORMAT>0020</ADDRESSFORMAT><DATAENTRYONLY>No</DATAENTRYONLY><EXPAND>No</EXPAND><LINENUMBER>2.0000000000000000</LINENUMBER><NEWLINE>Yes</NEWLINE><NOTACTIVE>No</NOTACTIVE><SEPARATOR></SEPARATOR><SPECIAL>No</SPECIAL></LOGISTICSADDRESSFORMATLINESENTITY><LOGISTICSADDRESSFORMATLINESENTITY><ADDRESSAPPLICATIONOBJECT>PostBox</ADDRESSAPPLICATIONOBJECT><ADDRESSFORMAT>0020</ADDRESSFORMAT><DATAENTRYONLY>No</DATAENTRYONLY><EXPAND>No</EXPAND><LINENUMBER>3.0000000000000000</LINENUMBER><NEWLINE>Yes</NEWLINE><NOTACTIVE>No</NOTACTIVE><SEPARATOR></SEPARATOR><SPECIAL>No</SPECIAL></LOGISTICSADDRESSFORMATLINESENTITY><LOGISTICSADDRESSFORMATLINESENTITY><ADDRESSAPPLICATIONOBJECT>ZipCode</ADDRESSAPPLICATIONOBJECT><ADDRESSFORMAT>0020</ADDRESSFORMAT><DATAENTRYONLY>No</DATAENTRYONLY><EXPAND>No</EXPAND><LINENUMBER>4.0000000000000000</LINENUMBER><NEWLINE>No</NEWLINE><NOTACTIVE>No</NOTACTIVE><SEPARATOR><![CDATA[" "]]></SEPARATOR><SPECIAL>No</SPECIAL></LOGISTICSADDRESSFORMATLINESENTITY><LOGISTICSADDRESSFORMATLINESENTITY><ADDRESSAPPLICATIONOBJECT>City</ADDRESSAPPLICATIONOBJECT><ADDRESSFORMAT>0020</ADDRESSFORMAT><DATAENTRYONLY>No</DATAENTRYONLY><EXPAND>No</EXPAND><LINENUMBER>5.0000000000000000</LINENUMBER><NEWLINE>Yes</NEWLINE><NOTACTIVE>No</NOTACTIVE><SEPARATOR></SEPARATOR><SPECIAL>No</SPECIAL></LOGISTICSADDRESSFORMATLINESENTITY><LOGISTICSADDRESSFORMATLINESENTITY><ADDRESSAPPLICATIONOBJECT>CountryRegion</ADDRESSAPPLICATIONOBJECT><ADDRESSFORMAT>0020</ADDRESSFORMAT><DATAENTRYONLY>No</DATAENTRYONLY><EXPAND>No</EXPAND><LINENUMBER>6.0000000000000000</LINENUMBER><NEWLINE>No</NEWLINE><NOTACTIVE>No</NOTACTIVE><SEPARATOR></SEPARATOR><SPECIAL>No</SPECIAL></LOGISTICSADDRESSFORMATLINESENTITY><LOGISTICSADDRESSFORMATLINESENTITY><ADDRESSAPPLICATIONOBJECT>StreetName</ADDRESSAPPLICATIONOBJECT><ADDRESSFORMAT>0021</ADDRESSFORMAT><DATAENTRYONLY>No</DATAENTRYONLY><EXPAND>No</EXPAND><LINENUMBER>1.0000000000000000</LINENUMBER><NEWLINE>Yes</NEWLINE><NOTACTIVE>No</NOTACTIVE><SEPARATOR></SEPARATOR><SPECIAL>No</SPECIAL></LOGISTICSADDRESSFORMATLINESENTITY><LOGISTICSADDRESSFORMATLINESENTITY><ADDRESSAPPLICATIONOBJECT>District</ADDRESSAPPLICATIONOBJECT><ADDRESSFORMAT>0021</ADDRESSFORMAT><DATAENTRYONLY>No</DATAENTRYONLY><EXPAND>No</EXPAND><LINENUMBER>2.0000000000000000</LINENUMBER><NEWLINE>Yes</NEWLINE><NOTACTIVE>No</NOTACTIVE><SEPARATOR></SEPARATOR><SPECIAL>No</SPECIAL></LOGISTICSADDRESSFORMATLINESENTITY><LOGISTICSADDRESSFORMATLINESENTITY><ADDRESSAPPLICATIONOBJECT>City</ADDRESSAPPLICATIONOBJECT><ADDRESSFORMAT>0021</ADDRESSFORMAT><DATAENTRYONLY>No</DATAENTRYONLY><EXPAND>No</EXPAND><LINENUMBER>3.0000000000000000</LINENUMBER><NEWLINE>No</NEWLINE><NOTACTIVE>No</NOTACTIVE><SEPARATOR><![CDATA[" "]]></SEPARATOR><SPECIAL>No</SPECIAL></LOGISTICSADDRESSFORMATLINESENTITY><LOGISTICSADDRESSFORMATLINESENTITY><ADDRESSAPPLICATIONOBJECT>State</ADDRESSAPPLICATIONOBJECT><ADDRESSFORMAT>0021</ADDRESSFORMAT><DATAENTRYONLY>No</DATAENTRYONLY><EXPAND>No</EXPAND><LINENUMBER>4.0000000000000000</LINENUMBER><NEWLINE>Yes</NEWLINE><NOTACTIVE>No</NOTACTIVE><SEPARATOR></SEPARATOR><SPECIAL>No</SPECIAL></LOGISTICSADDRESSFORMATLINESENTITY><LOGISTICSADDRESSFORMATLINESENTITY><ADDRESSAPPLICATIONOBJECT>ZipCode</ADDRESSAPPLICATIONOBJECT><ADDRESSFORMAT>0021</ADDRESSFORMAT><DATAENTRYONLY>No</DATAENTRYONLY><EXPAND>No</EXPAND><LINENUMBER>5.0000000000000000</LINENUMBER><NEWLINE>Yes</NEWLINE><NOTACTIVE>No</NOTACTIVE><SEPARATOR></SEPARATOR><SPECIAL>No</SPECIAL></LOGISTICSADDRESSFORMATLINESENTITY><LOGISTICSADDRESSFORMATLINESENTITY><ADDRESSAPPLICATIONOBJECT>CountryRegion</ADDRESSAPPLICATIONOBJECT><ADDRESSFORMAT>0021</ADDRESSFORMAT><DATAENTRYONLY>No</DATAENTRYONLY><EXPAND>No</EXPAND><LINENUMBER>6.0000000000000000</LINENUMBER><NEWLINE>No</NEWLINE><NOTACTIVE>No</NOTACTIVE><SEPARATOR></SEPARATOR><SPECIAL>No</SPECIAL></LOGISTICSADDRESSFORMATLINESENTITY><LOGISTICSADDRESSFORMATLINESENTITY><ADDRESSAPPLICATIONOBJECT>StreetName</ADDRESSAPPLICATIONOBJECT><ADDRESSFORMAT>0022</ADDRESSFORMAT><DATAENTRYONLY>No</DATAENTRYONLY><EXPAND>No</EXPAND><LINENUMBER>1.0000000000000000</LINENUMBER><NEWLINE>Yes</NEWLINE><NOTACTIVE>No</NOTACTIVE><SEPARATOR></SEPARATOR><SPECIAL>No</SPECIAL></LOGISTICSADDRESSFORMATLINESENTITY><LOGISTICSADDRESSFORMATLINESENTITY><ADDRESSAPPLICATIONOBJECT>ZipCode</ADDRESSAPPLICATIONOBJECT><ADDRESSFORMAT>0022</ADDRESSFORMAT><DATAENTRYONLY>No</DATAENTRYONLY><EXPAND>No</EXPAND><LINENUMBER>2.0000000000000000</LINENUMBER><NEWLINE>No</NEWLINE><NOTACTIVE>No</NOTACTIVE><SEPARATOR><![CDATA[" "]]></SEPARATOR><SPECIAL>No</SPECIAL></LOGISTICSADDRESSFORMATLINESENTITY><LOGISTICSADDRESSFORMATLINESENTITY><ADDRESSAPPLICATIONOBJECT>City</ADDRESSAPPLICATIONOBJECT><ADDRESSFORMAT>0022</ADDRESSFORMAT><DATAENTRYONLY>No</DATAENTRYONLY><EXPAND>No</EXPAND><LINENUMBER>3.0000000000000000</LINENUMBER><NEWLINE>Yes</NEWLINE><NOTACTIVE>No</NOTACTIVE><SEPARATOR></SEPARATOR><SPECIAL>No</SPECIAL></LOGISTICSADDRESSFORMATLINESENTITY><LOGISTICSADDRESSFORMATLINESENTITY><ADDRESSAPPLICATIONOBJECT>State</ADDRESSAPPLICATIONOBJECT><ADDRESSFORMAT>0022</ADDRESSFORMAT><DATAENTRYONLY>No</DATAENTRYONLY><EXPAND>Yes</EXPAND><LINENUMBER>4.0000000000000000</LINENUMBER><NEWLINE>Yes</NEWLINE><NOTACTIVE>No</NOTACTIVE><SEPARATOR></SEPARATOR><SPECIAL>No</SPECIAL></LOGISTICSADDRESSFORMATLINESENTITY><LOGISTICSADDRESSFORMATLINESENTITY><ADDRESSAPPLICATIONOBJECT>CountryRegion</ADDRESSAPPLICATIONOBJECT><ADDRESSFORMAT>0022</ADDRESSFORMAT><DATAENTRYONLY>No</DATAENTRYONLY><EXPAND>No</EXPAND><LINENUMBER>5.0000000000000000</LINENUMBER><NEWLINE>No</NEWLINE><NOTACTIVE>No</NOTACTIVE><SEPARATOR></SEPARATOR><SPECIAL>No</SPECIAL></LOGISTICSADDRESSFORMATLINESENTITY><LOGISTICSADDRESSFORMATLINESENTITY><ADDRESSAPPLICATIONOBJECT>StreetName</ADDRESSAPPLICATIONOBJECT><ADDRESSFORMAT>0023</ADDRESSFORMAT><DATAENTRYONLY>No</DATAENTRYONLY><EXPAND>No</EXPAND><LINENUMBER>1.0000000000000000</LINENUMBER><NEWLINE>Yes</NEWLINE><NOTACTIVE>No</NOTACTIVE><SEPARATOR></SEPARATOR><SPECIAL>No</SPECIAL></LOGISTICSADDRESSFORMATLINESENTITY><LOGISTICSADDRESSFORMATLINESENTITY><ADDRESSAPPLICATIONOBJECT>ZipCode</ADDRESSAPPLICATIONOBJECT><ADDRESSFORMAT>0023</ADDRESSFORMAT><DATAENTRYONLY>No</DATAENTRYONLY><EXPAND>No</EXPAND><LINENUMBER>2.0000000000000000</LINENUMBER><NEWLINE>No</NEWLINE><NOTACTIVE>No</NOTACTIVE><SEPARATOR><![CDATA[" "]]></SEPARATOR><SPECIAL>No</SPECIAL></LOGISTICSADDRESSFORMATLINESENTITY><LOGISTICSADDRESSFORMATLINESENTITY><ADDRESSAPPLICATIONOBJECT>City</ADDRESSAPPLICATIONOBJECT><ADDRESSFORMAT>0023</ADDRESSFORMAT><DATAENTRYONLY>No</DATAENTRYONLY><EXPAND>Yes</EXPAND><LINENUMBER>3.0000000000000000</LINENUMBER><NEWLINE>Yes</NEWLINE><NOTACTIVE>No</NOTACTIVE><SEPARATOR></SEPARATOR><SPECIAL>No</SPECIAL></LOGISTICSADDRESSFORMATLINESENTITY><LOGISTICSADDRESSFORMATLINESENTITY><ADDRESSAPPLICATIONOBJECT>CountryRegion</ADDRESSAPPLICATIONOBJECT><ADDRESSFORMAT>0023</ADDRESSFORMAT><DATAENTRYONLY>No</DATAENTRYONLY><EXPAND>No</EXPAND><LINENUMBER>4.0000000000000000</LINENUMBER><NEWLINE>No</NEWLINE><NOTACTIVE>No</NOTACTIVE><SEPARATOR></SEPARATOR><SPECIAL>No</SPECIAL></LOGISTICSADDRESSFORMATLINESENTITY><LOGISTICSADDRESSFORMATLINESENTITY><ADDRESSAPPLICATIONOBJECT>City</ADDRESSAPPLICATIONOBJECT><ADDRESSFORMAT>0024</ADDRESSFORMAT><DATAENTRYONLY>No</DATAENTRYONLY><EXPAND>No</EXPAND><LINENUMBER>1.0000000000000000</LINENUMBER><NEWLINE>Yes</NEWLINE><NOTACTIVE>No</NOTACTIVE><SEPARATOR></SEPARATOR><SPECIAL>No</SPECIAL></LOGISTICSADDRESSFORMATLINESENTITY><LOGISTICSADDRESSFORMATLINESENTITY><ADDRESSAPPLICATIONOBJECT>StreetName</ADDRESSAPPLICATIONOBJECT><ADDRESSFORMAT>0024</ADDRESSFORMAT><DATAENTRYONLY>No</DATAENTRYONLY><EXPAND>No</EXPAND><LINENUMBER>2.0000000000000000</LINENUMBER><NEWLINE>Yes</NEWLINE><NOTACTIVE>No</NOTACTIVE><SEPARATOR></SEPARATOR><SPECIAL>No</SPECIAL></LOGISTICSADDRESSFORMATLINESENTITY><LOGISTICSADDRESSFORMATLINESENTITY><ADDRESSAPPLICATIONOBJECT>ZipCode</ADDRESSAPPLICATIONOBJECT><ADDRESSFORMAT>0024</ADDRESSFORMAT><DATAENTRYONLY>No</DATAENTRYONLY><EXPAND>No</EXPAND><LINENUMBER>3.0000000000000000</LINENUMBER><NEWLINE>Yes</NEWLINE><NOTACTIVE>No</NOTACTIVE><SEPARATOR></SEPARATOR><SPECIAL>No</SPECIAL></LOGISTICSADDRESSFORMATLINESENTITY><LOGISTICSADDRESSFORMATLINESENTITY><ADDRESSAPPLICATIONOBJECT>CountryRegion</ADDRESSAPPLICATIONOBJECT><ADDRESSFORMAT>0024</ADDRESSFORMAT><DATAENTRYONLY>No</DATAENTRYONLY><EXPAND>No</EXPAND><LINENUMBER>4.0000000000000000</LINENUMBER><NEWLINE>No</NEWLINE><NOTACTIVE>No</NOTACTIVE><SEPARATOR></SEPARATOR><SPECIAL>No</SPECIAL></LOGISTICSADDRESSFORMATLINESENTITY><LOGISTICSADDRESSFORMATLINESENTITY><ADDRESSAPPLICATIONOBJECT>StreetName</ADDRESSAPPLICATIONOBJECT><ADDRESSFORMAT>0025</ADDRESSFORMAT><DATAENTRYONLY>No</DATAENTRYONLY><EXPAND>No</EXPAND><LINENUMBER>1.0000000000000000</LINENUMBER><NEWLINE>Yes</NEWLINE><NOTACTIVE>No</NOTACTIVE><SEPARATOR></SEPARATOR><SPECIAL>No</SPECIAL></LOGISTICSADDRESSFORMATLINESENTITY><LOGISTICSADDRESSFORMATLINESENTITY><ADDRESSAPPLICATIONOBJECT>City</ADDRESSAPPLICATIONOBJECT><ADDRESSFORMAT>0025</ADDRESSFORMAT><DATAENTRYONLY>No</DATAENTRYONLY><EXPAND>No</EXPAND><LINENUMBER>2.0000000000000000</LINENUMBER><NEWLINE>Yes</NEWLINE><NOTACTIVE>No</NOTACTIVE><SEPARATOR></SEPARATOR><SPECIAL>No</SPECIAL></LOGISTICSADDRESSFORMATLINESENTITY><LOGISTICSADDRESSFORMATLINESENTITY><ADDRESSAPPLICATIONOBJECT>CountryRegion</ADDRESSAPPLICATIONOBJECT><ADDRESSFORMAT>0025</ADDRESSFORMAT><DATAENTRYONLY>No</DATAENTRYONLY><EXPAND>Yes</EXPAND><LINENUMBER>3.0000000000000000</LINENUMBER><NEWLINE>Yes</NEWLINE><NOTACTIVE>No</NOTACTIVE><SEPARATOR></SEPARATOR><SPECIAL>No</SPECIAL></LOGISTICSADDRESSFORMATLINESENTITY><LOGISTICSADDRESSFORMATLINESENTITY><ADDRESSAPPLICATIONOBJECT>ZipCode</ADDRESSAPPLICATIONOBJECT><ADDRESSFORMAT>0025</ADDRESSFORMAT><DATAENTRYONLY>No</DATAENTRYONLY><EXPAND>No</EXPAND><LINENUMBER>4.0000000000000000</LINENUMBER><NEWLINE>No</NEWLINE><NOTACTIVE>No</NOTACTIVE><SEPARATOR></SEPARATOR><SPECIAL>No</SPECIAL></LOGISTICSADDRESSFORMATLINESENTITY><LOGISTICSADDRESSFORMATLINESENTITY><ADDRESSAPPLICATIONOBJECT>StreetName</ADDRESSAPPLICATIONOBJECT><ADDRESSFORMAT>0026</ADDRESSFORMAT><DATAENTRYONLY>No</DATAENTRYONLY><EXPAND>No</EXPAND><LINENUMBER>1.0000000000000000</LINENUMBER><NEWLINE>Yes</NEWLINE><NOTACTIVE>No</NOTACTIVE><SEPARATOR></SEPARATOR><SPECIAL>No</SPECIAL></LOGISTICSADDRESSFORMATLINESENTITY><LOGISTICSADDRESSFORMATLINESENTITY><ADDRESSAPPLICATIONOBJECT>ZipCode</ADDRESSAPPLICATIONOBJECT><ADDRESSFORMAT>0026</ADDRESSFORMAT><DATAENTRYONLY>No</DATAENTRYONLY><EXPAND>No</EXPAND><LINENUMBER>2.0000000000000000</LINENUMBER><NEWLINE>No</NEWLINE><NOTACTIVE>No</NOTACTIVE><SEPARATOR><![CDATA[" "]]></SEPARATOR><SPECIAL>No</SPECIAL></LOGISTICSADDRESSFORMATLINESENTITY><LOGISTICSADDRESSFORMATLINESENTITY><ADDRESSAPPLICATIONOBJECT>City</ADDRESSAPPLICATIONOBJECT><ADDRESSFORMAT>0026</ADDRESSFORMAT><DATAENTRYONLY>No</DATAENTRYONLY><EXPAND>No</EXPAND><LINENUMBER>3.0000000000000000</LINENUMBER><NEWLINE>No</NEWLINE><NOTACTIVE>No</NOTACTIVE><SEPARATOR><![CDATA[" "]]></SEPARATOR><SPECIAL>No</SPECIAL></LOGISTICSADDRESSFORMATLINESENTITY><LOGISTICSADDRESSFORMATLINESENTITY><ADDRESSAPPLICATIONOBJECT>State</ADDRESSAPPLICATIONOBJECT><ADDRESSFORMAT>0026</ADDRESSFORMAT><DATAENTRYONLY>No</DATAENTRYONLY><EXPAND>No</EXPAND><LINENUMBER>4.0000000000000000</LINENUMBER><NEWLINE>Yes</NEWLINE><NOTACTIVE>No</NOTACTIVE><SEPARATOR></SEPARATOR><SPECIAL>No</SPECIAL></LOGISTICSADDRESSFORMATLINESENTITY><LOGISTICSADDRESSFORMATLINESENTITY><ADDRESSAPPLICATIONOBJECT>CountryRegion</ADDRESSAPPLICATIONOBJECT><ADDRESSFORMAT>0026</ADDRESSFORMAT><DATAENTRYONLY>No</DATAENTRYONLY><EXPAND>No</EXPAND><LINENUMBER>5.0000000000000000</LINENUMBER><NEWLINE>No</NEWLINE><NOTACTIVE>No</NOTACTIVE><SEPARATOR></SEPARATOR><SPECIAL>No</SPECIAL></LOGISTICSADDRESSFORMATLINESENTITY><LOGISTICSADDRESSFORMATLINESENTITY><ADDRESSAPPLICATIONOBJECT>StreetName</ADDRESSAPPLICATIONOBJECT><ADDRESSFORMAT>0027</ADDRESSFORMAT><DATAENTRYONLY>No</DATAENTRYONLY><EXPAND>No</EXPAND><LINENUMBER>1.0000000000000000</LINENUMBER><NEWLINE>Yes</NEWLINE><NOTACTIVE>No</NOTACTIVE><SEPARATOR></SEPARATOR><SPECIAL>No</SPECIAL></LOGISTICSADDRESSFORMATLINESENTITY><LOGISTICSADDRESSFORMATLINESENTITY><ADDRESSAPPLICATIONOBJECT>City</ADDRESSAPPLICATIONOBJECT><ADDRESSFORMAT>0027</ADDRESSFORMAT><DATAENTRYONLY>No</DATAENTRYONLY><EXPAND>No</EXPAND><LINENUMBER>2.0000000000000000</LINENUMBER><NEWLINE>No</NEWLINE><NOTACTIVE>No</NOTACTIVE><SEPARATOR><![CDATA[" "]]></SEPARATOR><SPECIAL>No</SPECIAL></LOGISTICSADDRESSFORMATLINESENTITY><LOGISTICSADDRESSFORMATLINESENTITY><ADDRESSAPPLICATIONOBJECT>State</ADDRESSAPPLICATIONOBJECT><ADDRESSFORMAT>0027</ADDRESSFORMAT><DATAENTRYONLY>No</DATAENTRYONLY><EXPAND>Yes</EXPAND><LINENUMBER>3.0000000000000000</LINENUMBER><NEWLINE>No</NEWLINE><NOTACTIVE>No</NOTACTIVE><SEPARATOR><![CDATA[" "]]></SEPARATOR><SPECIAL>No</SPECIAL></LOGISTICSADDRESSFORMATLINESENTITY><LOGISTICSADDRESSFORMATLINESENTITY><ADDRESSAPPLICATIONOBJECT>ZipCode</ADDRESSAPPLICATIONOBJECT><ADDRESSFORMAT>0027</ADDRESSFORMAT><DATAENTRYONLY>No</DATAENTRYONLY><EXPAND>No</EXPAND><LINENUMBER>4.0000000000000000</LINENUMBER><NEWLINE>Yes</NEWLINE><NOTACTIVE>No</NOTACTIVE><SEPARATOR></SEPARATOR><SPECIAL>No</SPECIAL></LOGISTICSADDRESSFORMATLINESENTITY><LOGISTICSADDRESSFORMATLINESENTITY><ADDRESSAPPLICATIONOBJECT>CountryRegion</ADDRESSAPPLICATIONOBJECT><ADDRESSFORMAT>0027</ADDRESSFORMAT><DATAENTRYONLY>No</DATAENTRYONLY><EXPAND>No</EXPAND><LINENUMBER>5.0000000000000000</LINENUMBER><NEWLINE>No</NEWLINE><NOTACTIVE>No</NOTACTIVE><SEPARATOR></SEPARATOR><SPECIAL>No</SPECIAL></LOGISTICSADDRESSFORMATLINESENTITY><LOGISTICSADDRESSFORMATLINESENTITY><ADDRESSAPPLICATIONOBJECT>StreetName</ADDRESSAPPLICATIONOBJECT><ADDRESSFORMAT>0028</ADDRESSFORMAT><DATAENTRYONLY>No</DATAENTRYONLY><EXPAND>No</EXPAND><LINENUMBER>1.0000000000000000</LINENUMBER><NEWLINE>Yes</NEWLINE><NOTACTIVE>No</NOTACTIVE><SEPARATOR></SEPARATOR><SPECIAL>No</SPECIAL></LOGISTICSADDRESSFORMATLINESENTITY><LOGISTICSADDRESSFORMATLINESENTITY><ADDRESSAPPLICATIONOBJECT>City</ADDRESSAPPLICATIONOBJECT><ADDRESSFORMAT>0028</ADDRESSFORMAT><DATAENTRYONLY>No</DATAENTRYONLY><EXPAND>No</EXPAND><LINENUMBER>2.0000000000000000</LINENUMBER><NEWLINE>No</NEWLINE><NOTACTIVE>No</NOTACTIVE><SEPARATOR><![CDATA[" "]]></SEPARATOR><SPECIAL>No</SPECIAL></LOGISTICSADDRESSFORMATLINESENTITY><LOGISTICSADDRESSFORMATLINESENTITY><ADDRESSAPPLICATIONOBJECT>ZipCode</ADDRESSAPPLICATIONOBJECT><ADDRESSFORMAT>0028</ADDRESSFORMAT><DATAENTRYONLY>No</DATAENTRYONLY><EXPAND>No</EXPAND><LINENUMBER>3.0000000000000000</LINENUMBER><NEWLINE>Yes</NEWLINE><NOTACTIVE>No</NOTACTIVE><SEPARATOR></SEPARATOR><SPECIAL>No</SPECIAL></LOGISTICSADDRESSFORMATLINESENTITY><LOGISTICSADDRESSFORMATLINESENTITY><ADDRESSAPPLICATIONOBJECT>CountryRegion</ADDRESSAPPLICATIONOBJECT><ADDRESSFORMAT>0028</ADDRESSFORMAT><DATAENTRYONLY>No</DATAENTRYONLY><EXPAND>No</EXPAND><LINENUMBER>4.0000000000000000</LINENUMBER><NEWLINE>No</NEWLINE><NOTACTIVE>No</NOTACTIVE><SEPARATOR><![CDATA[" "]]></SEPARATOR><SPECIAL>No</SPECIAL></LOGISTICSADDRESSFORMATLINESENTITY><LOGISTICSADDRESSFORMATLINESENTITY><ADDRESSAPPLICATIONOBJECT>StreetName</ADDRESSAPPLICATIONOBJECT><ADDRESSFORMAT>0029</ADDRESSFORMAT><DATAENTRYONLY>No</DATAENTRYONLY><EXPAND>No</EXPAND><LINENUMBER>1.0000000000000000</LINENUMBER><NEWLINE>Yes</NEWLINE><NOTACTIVE>No</NOTACTIVE><SEPARATOR></SEPARATOR><SPECIAL>No</SPECIAL></LOGISTICSADDRESSFORMATLINESENTITY><LOGISTICSADDRESSFORMATLINESENTITY><ADDRESSAPPLICATIONOBJECT>ZipCode</ADDRESSAPPLICATIONOBJECT><ADDRESSFORMAT>0029</ADDRESSFORMAT><DATAENTRYONLY>No</DATAENTRYONLY><EXPAND>No</EXPAND><LINENUMBER>2.0000000000000000</LINENUMBER><NEWLINE>No</NEWLINE><NOTACTIVE>No</NOTACTIVE><SEPARATOR><![CDATA[" "]]></SEPARATOR><SPECIAL>No</SPECIAL></LOGISTICSADDRESSFORMATLINESENTITY><LOGISTICSADDRESSFORMATLINESENTITY><ADDRESSAPPLICATIONOBJECT>City</ADDRESSAPPLICATIONOBJECT><ADDRESSFORMAT>0029</ADDRESSFORMAT><DATAENTRYONLY>No</DATAENTRYONLY><EXPAND>Yes</EXPAND><LINENUMBER>3.0000000000000000</LINENUMBER><NEWLINE>No</NEWLINE><NOTACTIVE>No</NOTACTIVE><SEPARATOR><![CDATA[" "]]></SEPARATOR><SPECIAL>No</SPECIAL></LOGISTICSADDRESSFORMATLINESENTITY><LOGISTICSADDRESSFORMATLINESENTITY><ADDRESSAPPLICATIONOBJECT>State</ADDRESSAPPLICATIONOBJECT><ADDRESSFORMAT>0029</ADDRESSFORMAT><DATAENTRYONLY>No</DATAENTRYONLY><EXPAND>Yes</EXPAND><LINENUMBER>4.0000000000000000</LINENUMBER><NEWLINE>Yes</NEWLINE><NOTACTIVE>No</NOTACTIVE><SEPARATOR></SEPARATOR><SPECIAL>No</SPECIAL></LOGISTICSADDRESSFORMATLINESENTITY><LOGISTICSADDRESSFORMATLINESENTITY><ADDRESSAPPLICATIONOBJECT>CountryRegion</ADDRESSAPPLICATIONOBJECT><ADDRESSFORMAT>0029</ADDRESSFORMAT><DATAENTRYONLY>No</DATAENTRYONLY><EXPAND>Yes</EXPAND><LINENUMBER>5.0000000000000000</LINENUMBER><NEWLINE>No</NEWLINE><NOTACTIVE>No</NOTACTIVE><SEPARATOR></SEPARATOR><SPECIAL>No</SPECIAL></LOGISTICSADDRESSFORMATLINESENTITY></Document>