﻿<?xml version="1.0" encoding="utf-8"?><Document><LOGISTICSADDRESSCITYENTITY><CITYKEY><![CDATA[Baldur's Gate, SC, FAE]]></CITYKEY><COUNTRYREGIONID>FAE</COUNTRYREGIONID><COUNTYID></COUNTYID><DESCRIPTION><![CDATA[Baldur's Gate]]></DESCRIPTION><NAME><![CDATA[Baldur's Gate]]></NAME><STATEID>SC</STATEID></LOGISTICSADDRESSCITYENTITY><LOGISTICSADDRESSCITYENTITY><CITYKEY>Caer Callidyrr, MI, FAE</CITYKEY><COUNTRYREGIONID>FAE</COUNTRYREGIONID><COUNTYID></COUNTYID><DESCRIPTION>Caer Callidyrr</DESCRIPTION><NAME>Caer Callidyrr</NAME><STATEID>MI</STATEID></LOGISTICSADDRESSCITYENTITY><LOGISTICSADDRESSCITYENTITY><CITYKEY>Menzoberranzan, SC, FAE</CITYKEY><COUNTRYREGIONID>FAE</COUNTRYREGIONID><COUNTYID></COUNTYID><DESCRIPTION>Menzoberranzan</DESCRIPTION><NAME>Menzoberranzan</NAME><STATEID>SC</STATEID></LOGISTICSADDRESSCITYENTITY><LOGISTICSADDRESSCITYENTITY><CITYKEY>Neverwinter, FAE</CITYKEY><COUNTRYREGIONID>FAE</COUNTRYREGIONID><COUNTYID></COUNTYID><DESCRIPTION>Neverwinter</DESCRIPTION><NAME>Neverwinter</NAME><STATEID>SC</STATEID></LOGISTICSADDRESSCITYENTITY><LOGISTICSADDRESSCITYENTITY><CITYKEY>Waterdeep, SC, FAE</CITYKEY><COUNTRYREGIONID>FAE</COUNTRYREGIONID><COUNTYID></COUNTYID><DESCRIPTION>Waterdeep</DESCRIPTION><NAME>Waterdeep</NAME><STATEID>SC</STATEID></LOGISTICSADDRESSCITYENTITY></Document>