﻿<?xml version="1.0" encoding="utf-8"?><Document><LOGISTICSADDRESSCOUNTRYREGIONENTITY><ADDRESSFORMAT>0001</ADDRESSFORMAT><COUNTRYREGION>ABW</COUNTRYREGION><CURRENCYCODE></CURRENCYCODE><ISOCODE>AW</ISOCODE><TIMEZONE></TIMEZONE><USEZIPPLUS4>No</USEZIPPLUS4></LOGISTICSADDRESSCOUNTRYREGIONENTITY><LOGISTICSADDRESSCOUNTRYREGIONENTITY><ADDRESSFORMAT>0006</ADDRESSFORMAT><COUNTRYREGION>AFG</COUNTRYREGION><CURRENCYCODE></CURRENCYCODE><ISOCODE>AF</ISOCODE><TIMEZONE></TIMEZONE><USEZIPPLUS4>No</USEZIPPLUS4></LOGISTICSADDRESSCOUNTRYREGIONENTITY><LOGISTICSADDRESSCOUNTRYREGIONENTITY><ADDRESSFORMAT>0006</ADDRESSFORMAT><COUNTRYREGION>AGO</COUNTRYREGION><CURRENCYCODE></CURRENCYCODE><ISOCODE>AO</ISOCODE><TIMEZONE></TIMEZONE><USEZIPPLUS4>No</USEZIPPLUS4></LOGISTICSADDRESSCOUNTRYREGIONENTITY><LOGISTICSADDRESSCOUNTRYREGIONENTITY><ADDRESSFORMAT>0006</ADDRESSFORMAT><COUNTRYREGION>AIA</COUNTRYREGION><CURRENCYCODE></CURRENCYCODE><ISOCODE>AI</ISOCODE><TIMEZONE></TIMEZONE><USEZIPPLUS4>No</USEZIPPLUS4></LOGISTICSADDRESSCOUNTRYREGIONENTITY><LOGISTICSADDRESSCOUNTRYREGIONENTITY><ADDRESSFORMAT>0001</ADDRESSFORMAT><COUNTRYREGION>ALA</COUNTRYREGION><CURRENCYCODE></CURRENCYCODE><ISOCODE>AX</ISOCODE><TIMEZONE></TIMEZONE><USEZIPPLUS4>No</USEZIPPLUS4></LOGISTICSADDRESSCOUNTRYREGIONENTITY><LOGISTICSADDRESSCOUNTRYREGIONENTITY><ADDRESSFORMAT>0006</ADDRESSFORMAT><COUNTRYREGION>ALB</COUNTRYREGION><CURRENCYCODE></CURRENCYCODE><ISOCODE>AL</ISOCODE><TIMEZONE></TIMEZONE><USEZIPPLUS4>No</USEZIPPLUS4></LOGISTICSADDRESSCOUNTRYREGIONENTITY><LOGISTICSADDRESSCOUNTRYREGIONENTITY><ADDRESSFORMAT>0006</ADDRESSFORMAT><COUNTRYREGION>AND</COUNTRYREGION><CURRENCYCODE></CURRENCYCODE><ISOCODE>AD</ISOCODE><TIMEZONE></TIMEZONE><USEZIPPLUS4>No</USEZIPPLUS4></LOGISTICSADDRESSCOUNTRYREGIONENTITY><LOGISTICSADDRESSCOUNTRYREGIONENTITY><ADDRESSFORMAT>0001</ADDRESSFORMAT><COUNTRYREGION>ANT</COUNTRYREGION><CURRENCYCODE></CURRENCYCODE><ISOCODE>AN</ISOCODE><TIMEZONE></TIMEZONE><USEZIPPLUS4>No</USEZIPPLUS4></LOGISTICSADDRESSCOUNTRYREGIONENTITY><LOGISTICSADDRESSCOUNTRYREGIONENTITY><ADDRESSFORMAT>0006</ADDRESSFORMAT><COUNTRYREGION>ARE</COUNTRYREGION><CURRENCYCODE></CURRENCYCODE><ISOCODE>AE</ISOCODE><TIMEZONE></TIMEZONE><USEZIPPLUS4>No</USEZIPPLUS4></LOGISTICSADDRESSCOUNTRYREGIONENTITY><LOGISTICSADDRESSCOUNTRYREGIONENTITY><ADDRESSFORMAT>0012</ADDRESSFORMAT><COUNTRYREGION>ARG</COUNTRYREGION><CURRENCYCODE></CURRENCYCODE><ISOCODE>AR</ISOCODE><TIMEZONE></TIMEZONE><USEZIPPLUS4>No</USEZIPPLUS4></LOGISTICSADDRESSCOUNTRYREGIONENTITY><LOGISTICSADDRESSCOUNTRYREGIONENTITY><ADDRESSFORMAT>0008</ADDRESSFORMAT><COUNTRYREGION>ARM</COUNTRYREGION><CURRENCYCODE></CURRENCYCODE><ISOCODE>AM</ISOCODE><TIMEZONE></TIMEZONE><USEZIPPLUS4>No</USEZIPPLUS4></LOGISTICSADDRESSCOUNTRYREGIONENTITY><LOGISTICSADDRESSCOUNTRYREGIONENTITY><ADDRESSFORMAT>0001</ADDRESSFORMAT><COUNTRYREGION>ASM</COUNTRYREGION><CURRENCYCODE></CURRENCYCODE><ISOCODE>AS</ISOCODE><TIMEZONE></TIMEZONE><USEZIPPLUS4>No</USEZIPPLUS4></LOGISTICSADDRESSCOUNTRYREGIONENTITY><LOGISTICSADDRESSCOUNTRYREGIONENTITY><ADDRESSFORMAT>0001</ADDRESSFORMAT><COUNTRYREGION>ATA</COUNTRYREGION><CURRENCYCODE></CURRENCYCODE><ISOCODE>AQ</ISOCODE><TIMEZONE></TIMEZONE><USEZIPPLUS4>No</USEZIPPLUS4></LOGISTICSADDRESSCOUNTRYREGIONENTITY><LOGISTICSADDRESSCOUNTRYREGIONENTITY><ADDRESSFORMAT>0003</ADDRESSFORMAT><COUNTRYREGION>ATF</COUNTRYREGION><CURRENCYCODE></CURRENCYCODE><ISOCODE>TF</ISOCODE><TIMEZONE></TIMEZONE><USEZIPPLUS4>No</USEZIPPLUS4></LOGISTICSADDRESSCOUNTRYREGIONENTITY><LOGISTICSADDRESSCOUNTRYREGIONENTITY><ADDRESSFORMAT>0006</ADDRESSFORMAT><COUNTRYREGION>ATG</COUNTRYREGION><CURRENCYCODE></CURRENCYCODE><ISOCODE>AG</ISOCODE><TIMEZONE></TIMEZONE><USEZIPPLUS4>No</USEZIPPLUS4></LOGISTICSADDRESSCOUNTRYREGIONENTITY><LOGISTICSADDRESSCOUNTRYREGIONENTITY><ADDRESSFORMAT>0001</ADDRESSFORMAT><COUNTRYREGION>AUS</COUNTRYREGION><CURRENCYCODE></CURRENCYCODE><ISOCODE>AU</ISOCODE><TIMEZONE></TIMEZONE><USEZIPPLUS4>No</USEZIPPLUS4></LOGISTICSADDRESSCOUNTRYREGIONENTITY><LOGISTICSADDRESSCOUNTRYREGIONENTITY><ADDRESSFORMAT>0002</ADDRESSFORMAT><COUNTRYREGION>AUT</COUNTRYREGION><CURRENCYCODE></CURRENCYCODE><ISOCODE>AT</ISOCODE><TIMEZONE></TIMEZONE><USEZIPPLUS4>No</USEZIPPLUS4></LOGISTICSADDRESSCOUNTRYREGIONENTITY><LOGISTICSADDRESSCOUNTRYREGIONENTITY><ADDRESSFORMAT>0007</ADDRESSFORMAT><COUNTRYREGION>AZE</COUNTRYREGION><CURRENCYCODE></CURRENCYCODE><ISOCODE>AZ</ISOCODE><TIMEZONE></TIMEZONE><USEZIPPLUS4>No</USEZIPPLUS4></LOGISTICSADDRESSCOUNTRYREGIONENTITY><LOGISTICSADDRESSCOUNTRYREGIONENTITY><ADDRESSFORMAT>0003</ADDRESSFORMAT><COUNTRYREGION>BDI</COUNTRYREGION><CURRENCYCODE></CURRENCYCODE><ISOCODE>BI</ISOCODE><TIMEZONE></TIMEZONE><USEZIPPLUS4>No</USEZIPPLUS4></LOGISTICSADDRESSCOUNTRYREGIONENTITY><LOGISTICSADDRESSCOUNTRYREGIONENTITY><ADDRESSFORMAT>0020</ADDRESSFORMAT><COUNTRYREGION>BEL</COUNTRYREGION><CURRENCYCODE></CURRENCYCODE><ISOCODE>BE</ISOCODE><TIMEZONE></TIMEZONE><USEZIPPLUS4>No</USEZIPPLUS4></LOGISTICSADDRESSCOUNTRYREGIONENTITY><LOGISTICSADDRESSCOUNTRYREGIONENTITY><ADDRESSFORMAT>0003</ADDRESSFORMAT><COUNTRYREGION>BEN</COUNTRYREGION><CURRENCYCODE></CURRENCYCODE><ISOCODE>BJ</ISOCODE><TIMEZONE></TIMEZONE><USEZIPPLUS4>No</USEZIPPLUS4></LOGISTICSADDRESSCOUNTRYREGIONENTITY><LOGISTICSADDRESSCOUNTRYREGIONENTITY><ADDRESSFORMAT>0002</ADDRESSFORMAT><COUNTRYREGION>BES</COUNTRYREGION><CURRENCYCODE></CURRENCYCODE><ISOCODE>BQ</ISOCODE><TIMEZONE></TIMEZONE><USEZIPPLUS4>No</USEZIPPLUS4></LOGISTICSADDRESSCOUNTRYREGIONENTITY><LOGISTICSADDRESSCOUNTRYREGIONENTITY><ADDRESSFORMAT>0006</ADDRESSFORMAT><COUNTRYREGION>BFA</COUNTRYREGION><CURRENCYCODE></CURRENCYCODE><ISOCODE>BF</ISOCODE><TIMEZONE></TIMEZONE><USEZIPPLUS4>No</USEZIPPLUS4></LOGISTICSADDRESSCOUNTRYREGIONENTITY><LOGISTICSADDRESSCOUNTRYREGIONENTITY><ADDRESSFORMAT>0001</ADDRESSFORMAT><COUNTRYREGION>BGD</COUNTRYREGION><CURRENCYCODE></CURRENCYCODE><ISOCODE>BD</ISOCODE><TIMEZONE></TIMEZONE><USEZIPPLUS4>No</USEZIPPLUS4></LOGISTICSADDRESSCOUNTRYREGIONENTITY><LOGISTICSADDRESSCOUNTRYREGIONENTITY><ADDRESSFORMAT>0007</ADDRESSFORMAT><COUNTRYREGION>BGR</COUNTRYREGION><CURRENCYCODE></CURRENCYCODE><ISOCODE>BG</ISOCODE><TIMEZONE></TIMEZONE><USEZIPPLUS4>No</USEZIPPLUS4></LOGISTICSADDRESSCOUNTRYREGIONENTITY><LOGISTICSADDRESSCOUNTRYREGIONENTITY><ADDRESSFORMAT>0001</ADDRESSFORMAT><COUNTRYREGION>BHR</COUNTRYREGION><CURRENCYCODE></CURRENCYCODE><ISOCODE>BH</ISOCODE><TIMEZONE></TIMEZONE><USEZIPPLUS4>No</USEZIPPLUS4></LOGISTICSADDRESSCOUNTRYREGIONENTITY><LOGISTICSADDRESSCOUNTRYREGIONENTITY><ADDRESSFORMAT>0006</ADDRESSFORMAT><COUNTRYREGION>BHS</COUNTRYREGION><CURRENCYCODE></CURRENCYCODE><ISOCODE>BS</ISOCODE><TIMEZONE></TIMEZONE><USEZIPPLUS4>No</USEZIPPLUS4></LOGISTICSADDRESSCOUNTRYREGIONENTITY><LOGISTICSADDRESSCOUNTRYREGIONENTITY><ADDRESSFORMAT>0003</ADDRESSFORMAT><COUNTRYREGION>BIH</COUNTRYREGION><CURRENCYCODE></CURRENCYCODE><ISOCODE>BA</ISOCODE><TIMEZONE></TIMEZONE><USEZIPPLUS4>No</USEZIPPLUS4></LOGISTICSADDRESSCOUNTRYREGIONENTITY><LOGISTICSADDRESSCOUNTRYREGIONENTITY><ADDRESSFORMAT>0004</ADDRESSFORMAT><COUNTRYREGION>BLM</COUNTRYREGION><CURRENCYCODE></CURRENCYCODE><ISOCODE>BL</ISOCODE><TIMEZONE></TIMEZONE><USEZIPPLUS4>No</USEZIPPLUS4></LOGISTICSADDRESSCOUNTRYREGIONENTITY><LOGISTICSADDRESSCOUNTRYREGIONENTITY><ADDRESSFORMAT>0008</ADDRESSFORMAT><COUNTRYREGION>BLR</COUNTRYREGION><CURRENCYCODE></CURRENCYCODE><ISOCODE>BY</ISOCODE><TIMEZONE></TIMEZONE><USEZIPPLUS4>No</USEZIPPLUS4></LOGISTICSADDRESSCOUNTRYREGIONENTITY><LOGISTICSADDRESSCOUNTRYREGIONENTITY><ADDRESSFORMAT>0006</ADDRESSFORMAT><COUNTRYREGION>BLZ</COUNTRYREGION><CURRENCYCODE></CURRENCYCODE><ISOCODE>BZ</ISOCODE><TIMEZONE></TIMEZONE><USEZIPPLUS4>No</USEZIPPLUS4></LOGISTICSADDRESSCOUNTRYREGIONENTITY><LOGISTICSADDRESSCOUNTRYREGIONENTITY><ADDRESSFORMAT>0003</ADDRESSFORMAT><COUNTRYREGION>BMU</COUNTRYREGION><CURRENCYCODE></CURRENCYCODE><ISOCODE>BM</ISOCODE><TIMEZONE></TIMEZONE><USEZIPPLUS4>No</USEZIPPLUS4></LOGISTICSADDRESSCOUNTRYREGIONENTITY><LOGISTICSADDRESSCOUNTRYREGIONENTITY><ADDRESSFORMAT>0012</ADDRESSFORMAT><COUNTRYREGION>BOL</COUNTRYREGION><CURRENCYCODE></CURRENCYCODE><ISOCODE>BO</ISOCODE><TIMEZONE></TIMEZONE><USEZIPPLUS4>No</USEZIPPLUS4></LOGISTICSADDRESSCOUNTRYREGIONENTITY><LOGISTICSADDRESSCOUNTRYREGIONENTITY><ADDRESSFORMAT>0021</ADDRESSFORMAT><COUNTRYREGION>BRA</COUNTRYREGION><CURRENCYCODE></CURRENCYCODE><ISOCODE>BR</ISOCODE><TIMEZONE></TIMEZONE><USEZIPPLUS4>No</USEZIPPLUS4></LOGISTICSADDRESSCOUNTRYREGIONENTITY><LOGISTICSADDRESSCOUNTRYREGIONENTITY><ADDRESSFORMAT>0006</ADDRESSFORMAT><COUNTRYREGION>BRB</COUNTRYREGION><CURRENCYCODE></CURRENCYCODE><ISOCODE>BB</ISOCODE><TIMEZONE></TIMEZONE><USEZIPPLUS4>No</USEZIPPLUS4></LOGISTICSADDRESSCOUNTRYREGIONENTITY><LOGISTICSADDRESSCOUNTRYREGIONENTITY><ADDRESSFORMAT>0003</ADDRESSFORMAT><COUNTRYREGION>BRN</COUNTRYREGION><CURRENCYCODE></CURRENCYCODE><ISOCODE>BN</ISOCODE><TIMEZONE></TIMEZONE><USEZIPPLUS4>No</USEZIPPLUS4></LOGISTICSADDRESSCOUNTRYREGIONENTITY><LOGISTICSADDRESSCOUNTRYREGIONENTITY><ADDRESSFORMAT>0006</ADDRESSFORMAT><COUNTRYREGION>BTN</COUNTRYREGION><CURRENCYCODE></CURRENCYCODE><ISOCODE>BT</ISOCODE><TIMEZONE></TIMEZONE><USEZIPPLUS4>No</USEZIPPLUS4></LOGISTICSADDRESSCOUNTRYREGIONENTITY><LOGISTICSADDRESSCOUNTRYREGIONENTITY><ADDRESSFORMAT>0001</ADDRESSFORMAT><COUNTRYREGION>BVT</COUNTRYREGION><CURRENCYCODE></CURRENCYCODE><ISOCODE>BV</ISOCODE><TIMEZONE></TIMEZONE><USEZIPPLUS4>No</USEZIPPLUS4></LOGISTICSADDRESSCOUNTRYREGIONENTITY><LOGISTICSADDRESSCOUNTRYREGIONENTITY><ADDRESSFORMAT>0001</ADDRESSFORMAT><COUNTRYREGION>BWA</COUNTRYREGION><CURRENCYCODE></CURRENCYCODE><ISOCODE>BW</ISOCODE><TIMEZONE></TIMEZONE><USEZIPPLUS4>No</USEZIPPLUS4></LOGISTICSADDRESSCOUNTRYREGIONENTITY><LOGISTICSADDRESSCOUNTRYREGIONENTITY><ADDRESSFORMAT>0008</ADDRESSFORMAT><COUNTRYREGION>CAF</COUNTRYREGION><CURRENCYCODE></CURRENCYCODE><ISOCODE>CF</ISOCODE><TIMEZONE></TIMEZONE><USEZIPPLUS4>No</USEZIPPLUS4></LOGISTICSADDRESSCOUNTRYREGIONENTITY><LOGISTICSADDRESSCOUNTRYREGIONENTITY><ADDRESSFORMAT>0003</ADDRESSFORMAT><COUNTRYREGION>CAN</COUNTRYREGION><CURRENCYCODE></CURRENCYCODE><ISOCODE>CA</ISOCODE><TIMEZONE></TIMEZONE><USEZIPPLUS4>No</USEZIPPLUS4></LOGISTICSADDRESSCOUNTRYREGIONENTITY><LOGISTICSADDRESSCOUNTRYREGIONENTITY><ADDRESSFORMAT>0001</ADDRESSFORMAT><COUNTRYREGION>CCK</COUNTRYREGION><CURRENCYCODE></CURRENCYCODE><ISOCODE>CC</ISOCODE><TIMEZONE></TIMEZONE><USEZIPPLUS4>No</USEZIPPLUS4></LOGISTICSADDRESSCOUNTRYREGIONENTITY><LOGISTICSADDRESSCOUNTRYREGIONENTITY><ADDRESSFORMAT>0002</ADDRESSFORMAT><COUNTRYREGION>CHE</COUNTRYREGION><CURRENCYCODE></CURRENCYCODE><ISOCODE>CH</ISOCODE><TIMEZONE></TIMEZONE><USEZIPPLUS4>No</USEZIPPLUS4></LOGISTICSADDRESSCOUNTRYREGIONENTITY><LOGISTICSADDRESSCOUNTRYREGIONENTITY><ADDRESSFORMAT>0012</ADDRESSFORMAT><COUNTRYREGION>CHL</COUNTRYREGION><CURRENCYCODE></CURRENCYCODE><ISOCODE>CL</ISOCODE><TIMEZONE></TIMEZONE><USEZIPPLUS4>No</USEZIPPLUS4></LOGISTICSADDRESSCOUNTRYREGIONENTITY><LOGISTICSADDRESSCOUNTRYREGIONENTITY><ADDRESSFORMAT>0018</ADDRESSFORMAT><COUNTRYREGION>CHN</COUNTRYREGION><CURRENCYCODE></CURRENCYCODE><ISOCODE>CN</ISOCODE><TIMEZONE></TIMEZONE><USEZIPPLUS4>No</USEZIPPLUS4></LOGISTICSADDRESSCOUNTRYREGIONENTITY><LOGISTICSADDRESSCOUNTRYREGIONENTITY><ADDRESSFORMAT>0004</ADDRESSFORMAT><COUNTRYREGION>CIV</COUNTRYREGION><CURRENCYCODE></CURRENCYCODE><ISOCODE>CI</ISOCODE><TIMEZONE></TIMEZONE><USEZIPPLUS4>No</USEZIPPLUS4></LOGISTICSADDRESSCOUNTRYREGIONENTITY><LOGISTICSADDRESSCOUNTRYREGIONENTITY><ADDRESSFORMAT>0006</ADDRESSFORMAT><COUNTRYREGION>CMR</COUNTRYREGION><CURRENCYCODE></CURRENCYCODE><ISOCODE>CM</ISOCODE><TIMEZONE></TIMEZONE><USEZIPPLUS4>No</USEZIPPLUS4></LOGISTICSADDRESSCOUNTRYREGIONENTITY><LOGISTICSADDRESSCOUNTRYREGIONENTITY><ADDRESSFORMAT>0001</ADDRESSFORMAT><COUNTRYREGION>COD</COUNTRYREGION><CURRENCYCODE></CURRENCYCODE><ISOCODE>CD</ISOCODE><TIMEZONE></TIMEZONE><USEZIPPLUS4>No</USEZIPPLUS4></LOGISTICSADDRESSCOUNTRYREGIONENTITY><LOGISTICSADDRESSCOUNTRYREGIONENTITY><ADDRESSFORMAT>0001</ADDRESSFORMAT><COUNTRYREGION>COG</COUNTRYREGION><CURRENCYCODE></CURRENCYCODE><ISOCODE>CG</ISOCODE><TIMEZONE></TIMEZONE><USEZIPPLUS4>No</USEZIPPLUS4></LOGISTICSADDRESSCOUNTRYREGIONENTITY><LOGISTICSADDRESSCOUNTRYREGIONENTITY><ADDRESSFORMAT>0001</ADDRESSFORMAT><COUNTRYREGION>COK</COUNTRYREGION><CURRENCYCODE></CURRENCYCODE><ISOCODE>CK</ISOCODE><TIMEZONE></TIMEZONE><USEZIPPLUS4>No</USEZIPPLUS4></LOGISTICSADDRESSCOUNTRYREGIONENTITY><LOGISTICSADDRESSCOUNTRYREGIONENTITY><ADDRESSFORMAT>0012</ADDRESSFORMAT><COUNTRYREGION>COL</COUNTRYREGION><CURRENCYCODE></CURRENCYCODE><ISOCODE>CO</ISOCODE><TIMEZONE></TIMEZONE><USEZIPPLUS4>No</USEZIPPLUS4></LOGISTICSADDRESSCOUNTRYREGIONENTITY><LOGISTICSADDRESSCOUNTRYREGIONENTITY><ADDRESSFORMAT>0006</ADDRESSFORMAT><COUNTRYREGION>COM</COUNTRYREGION><CURRENCYCODE></CURRENCYCODE><ISOCODE>KM</ISOCODE><TIMEZONE></TIMEZONE><USEZIPPLUS4>No</USEZIPPLUS4></LOGISTICSADDRESSCOUNTRYREGIONENTITY><LOGISTICSADDRESSCOUNTRYREGIONENTITY><ADDRESSFORMAT>0006</ADDRESSFORMAT><COUNTRYREGION>CPV</COUNTRYREGION><CURRENCYCODE></CURRENCYCODE><ISOCODE>CV</ISOCODE><TIMEZONE></TIMEZONE><USEZIPPLUS4>No</USEZIPPLUS4></LOGISTICSADDRESSCOUNTRYREGIONENTITY><LOGISTICSADDRESSCOUNTRYREGIONENTITY><ADDRESSFORMAT>0012</ADDRESSFORMAT><COUNTRYREGION>CRI</COUNTRYREGION><CURRENCYCODE></CURRENCYCODE><ISOCODE>CR</ISOCODE><TIMEZONE></TIMEZONE><USEZIPPLUS4>No</USEZIPPLUS4></LOGISTICSADDRESSCOUNTRYREGIONENTITY><LOGISTICSADDRESSCOUNTRYREGIONENTITY><ADDRESSFORMAT>0001</ADDRESSFORMAT><COUNTRYREGION>CUB</COUNTRYREGION><CURRENCYCODE></CURRENCYCODE><ISOCODE>CU</ISOCODE><TIMEZONE></TIMEZONE><USEZIPPLUS4>No</USEZIPPLUS4></LOGISTICSADDRESSCOUNTRYREGIONENTITY><LOGISTICSADDRESSCOUNTRYREGIONENTITY><ADDRESSFORMAT>0001</ADDRESSFORMAT><COUNTRYREGION>CUW</COUNTRYREGION><CURRENCYCODE></CURRENCYCODE><ISOCODE>CW</ISOCODE><TIMEZONE></TIMEZONE><USEZIPPLUS4>No</USEZIPPLUS4></LOGISTICSADDRESSCOUNTRYREGIONENTITY><LOGISTICSADDRESSCOUNTRYREGIONENTITY><ADDRESSFORMAT>0001</ADDRESSFORMAT><COUNTRYREGION>CXR</COUNTRYREGION><CURRENCYCODE></CURRENCYCODE><ISOCODE>CX</ISOCODE><TIMEZONE></TIMEZONE><USEZIPPLUS4>No</USEZIPPLUS4></LOGISTICSADDRESSCOUNTRYREGIONENTITY><LOGISTICSADDRESSCOUNTRYREGIONENTITY><ADDRESSFORMAT>0006</ADDRESSFORMAT><COUNTRYREGION>CYM</COUNTRYREGION><CURRENCYCODE></CURRENCYCODE><ISOCODE>KY</ISOCODE><TIMEZONE></TIMEZONE><USEZIPPLUS4>No</USEZIPPLUS4></LOGISTICSADDRESSCOUNTRYREGIONENTITY><LOGISTICSADDRESSCOUNTRYREGIONENTITY><ADDRESSFORMAT>0003</ADDRESSFORMAT><COUNTRYREGION>CYP</COUNTRYREGION><CURRENCYCODE></CURRENCYCODE><ISOCODE>CY</ISOCODE><TIMEZONE></TIMEZONE><USEZIPPLUS4>No</USEZIPPLUS4></LOGISTICSADDRESSCOUNTRYREGIONENTITY><LOGISTICSADDRESSCOUNTRYREGIONENTITY><ADDRESSFORMAT>0016</ADDRESSFORMAT><COUNTRYREGION>CZE</COUNTRYREGION><CURRENCYCODE></CURRENCYCODE><ISOCODE>CZ</ISOCODE><TIMEZONE></TIMEZONE><USEZIPPLUS4>No</USEZIPPLUS4></LOGISTICSADDRESSCOUNTRYREGIONENTITY><LOGISTICSADDRESSCOUNTRYREGIONENTITY><ADDRESSFORMAT>0002</ADDRESSFORMAT><COUNTRYREGION>DEU</COUNTRYREGION><CURRENCYCODE></CURRENCYCODE><ISOCODE>DE</ISOCODE><TIMEZONE></TIMEZONE><USEZIPPLUS4>No</USEZIPPLUS4></LOGISTICSADDRESSCOUNTRYREGIONENTITY><LOGISTICSADDRESSCOUNTRYREGIONENTITY><ADDRESSFORMAT>0001</ADDRESSFORMAT><COUNTRYREGION>DJI</COUNTRYREGION><CURRENCYCODE></CURRENCYCODE><ISOCODE>DJ</ISOCODE><TIMEZONE></TIMEZONE><USEZIPPLUS4>No</USEZIPPLUS4></LOGISTICSADDRESSCOUNTRYREGIONENTITY><LOGISTICSADDRESSCOUNTRYREGIONENTITY><ADDRESSFORMAT>0001</ADDRESSFORMAT><COUNTRYREGION>DMA</COUNTRYREGION><CURRENCYCODE></CURRENCYCODE><ISOCODE>DM</ISOCODE><TIMEZONE></TIMEZONE><USEZIPPLUS4>No</USEZIPPLUS4></LOGISTICSADDRESSCOUNTRYREGIONENTITY><LOGISTICSADDRESSCOUNTRYREGIONENTITY><ADDRESSFORMAT>0002</ADDRESSFORMAT><COUNTRYREGION>DNK</COUNTRYREGION><CURRENCYCODE></CURRENCYCODE><ISOCODE>DK</ISOCODE><TIMEZONE></TIMEZONE><USEZIPPLUS4>No</USEZIPPLUS4></LOGISTICSADDRESSCOUNTRYREGIONENTITY><LOGISTICSADDRESSCOUNTRYREGIONENTITY><ADDRESSFORMAT>0012</ADDRESSFORMAT><COUNTRYREGION>DOM</COUNTRYREGION><CURRENCYCODE></CURRENCYCODE><ISOCODE>DO</ISOCODE><TIMEZONE></TIMEZONE><USEZIPPLUS4>No</USEZIPPLUS4></LOGISTICSADDRESSCOUNTRYREGIONENTITY><LOGISTICSADDRESSCOUNTRYREGIONENTITY><ADDRESSFORMAT>0001</ADDRESSFORMAT><COUNTRYREGION>DZA</COUNTRYREGION><CURRENCYCODE></CURRENCYCODE><ISOCODE>DZ</ISOCODE><TIMEZONE></TIMEZONE><USEZIPPLUS4>No</USEZIPPLUS4></LOGISTICSADDRESSCOUNTRYREGIONENTITY><LOGISTICSADDRESSCOUNTRYREGIONENTITY><ADDRESSFORMAT>0012</ADDRESSFORMAT><COUNTRYREGION>ECU</COUNTRYREGION><CURRENCYCODE></CURRENCYCODE><ISOCODE>EC</ISOCODE><TIMEZONE></TIMEZONE><USEZIPPLUS4>No</USEZIPPLUS4></LOGISTICSADDRESSCOUNTRYREGIONENTITY><LOGISTICSADDRESSCOUNTRYREGIONENTITY><ADDRESSFORMAT>0001</ADDRESSFORMAT><COUNTRYREGION>EGY</COUNTRYREGION><CURRENCYCODE></CURRENCYCODE><ISOCODE>EG</ISOCODE><TIMEZONE></TIMEZONE><USEZIPPLUS4>No</USEZIPPLUS4></LOGISTICSADDRESSCOUNTRYREGIONENTITY><LOGISTICSADDRESSCOUNTRYREGIONENTITY><ADDRESSFORMAT>0001</ADDRESSFORMAT><COUNTRYREGION>ERI</COUNTRYREGION><CURRENCYCODE></CURRENCYCODE><ISOCODE>ER</ISOCODE><TIMEZONE></TIMEZONE><USEZIPPLUS4>No</USEZIPPLUS4></LOGISTICSADDRESSCOUNTRYREGIONENTITY><LOGISTICSADDRESSCOUNTRYREGIONENTITY><ADDRESSFORMAT>0022</ADDRESSFORMAT><COUNTRYREGION>ESP</COUNTRYREGION><CURRENCYCODE></CURRENCYCODE><ISOCODE>ES</ISOCODE><TIMEZONE></TIMEZONE><USEZIPPLUS4>No</USEZIPPLUS4></LOGISTICSADDRESSCOUNTRYREGIONENTITY><LOGISTICSADDRESSCOUNTRYREGIONENTITY><ADDRESSFORMAT>0023</ADDRESSFORMAT><COUNTRYREGION>EST</COUNTRYREGION><CURRENCYCODE></CURRENCYCODE><ISOCODE>EE</ISOCODE><TIMEZONE></TIMEZONE><USEZIPPLUS4>No</USEZIPPLUS4></LOGISTICSADDRESSCOUNTRYREGIONENTITY><LOGISTICSADDRESSCOUNTRYREGIONENTITY><ADDRESSFORMAT>0001</ADDRESSFORMAT><COUNTRYREGION>ETH</COUNTRYREGION><CURRENCYCODE></CURRENCYCODE><ISOCODE>ET</ISOCODE><TIMEZONE></TIMEZONE><USEZIPPLUS4>No</USEZIPPLUS4></LOGISTICSADDRESSCOUNTRYREGIONENTITY><LOGISTICSADDRESSCOUNTRYREGIONENTITY><ADDRESSFORMAT>0000</ADDRESSFORMAT><COUNTRYREGION>FAE</COUNTRYREGION><CURRENCYCODE></CURRENCYCODE><ISOCODE></ISOCODE><TIMEZONE>GMT_DUBLIN_EDINBURGH_LISBON_LONDON</TIMEZONE><USEZIPPLUS4>No</USEZIPPLUS4></LOGISTICSADDRESSCOUNTRYREGIONENTITY><LOGISTICSADDRESSCOUNTRYREGIONENTITY><ADDRESSFORMAT>0009</ADDRESSFORMAT><COUNTRYREGION>FIN</COUNTRYREGION><CURRENCYCODE></CURRENCYCODE><ISOCODE>FI</ISOCODE><TIMEZONE></TIMEZONE><USEZIPPLUS4>No</USEZIPPLUS4></LOGISTICSADDRESSCOUNTRYREGIONENTITY><LOGISTICSADDRESSCOUNTRYREGIONENTITY><ADDRESSFORMAT>0006</ADDRESSFORMAT><COUNTRYREGION>FJI</COUNTRYREGION><CURRENCYCODE></CURRENCYCODE><ISOCODE>FJ</ISOCODE><TIMEZONE></TIMEZONE><USEZIPPLUS4>No</USEZIPPLUS4></LOGISTICSADDRESSCOUNTRYREGIONENTITY><LOGISTICSADDRESSCOUNTRYREGIONENTITY><ADDRESSFORMAT>0012</ADDRESSFORMAT><COUNTRYREGION>FLK</COUNTRYREGION><CURRENCYCODE></CURRENCYCODE><ISOCODE>FK</ISOCODE><TIMEZONE></TIMEZONE><USEZIPPLUS4>No</USEZIPPLUS4></LOGISTICSADDRESSCOUNTRYREGIONENTITY><LOGISTICSADDRESSCOUNTRYREGIONENTITY><ADDRESSFORMAT>0004</ADDRESSFORMAT><COUNTRYREGION>FRA</COUNTRYREGION><CURRENCYCODE></CURRENCYCODE><ISOCODE>FR</ISOCODE><TIMEZONE></TIMEZONE><USEZIPPLUS4>No</USEZIPPLUS4></LOGISTICSADDRESSCOUNTRYREGIONENTITY><LOGISTICSADDRESSCOUNTRYREGIONENTITY><ADDRESSFORMAT>0005</ADDRESSFORMAT><COUNTRYREGION>FRO</COUNTRYREGION><CURRENCYCODE></CURRENCYCODE><ISOCODE>FO</ISOCODE><TIMEZONE></TIMEZONE><USEZIPPLUS4>No</USEZIPPLUS4></LOGISTICSADDRESSCOUNTRYREGIONENTITY><LOGISTICSADDRESSCOUNTRYREGIONENTITY><ADDRESSFORMAT>0003</ADDRESSFORMAT><COUNTRYREGION>FSM</COUNTRYREGION><CURRENCYCODE></CURRENCYCODE><ISOCODE>FM</ISOCODE><TIMEZONE></TIMEZONE><USEZIPPLUS4>No</USEZIPPLUS4></LOGISTICSADDRESSCOUNTRYREGIONENTITY><LOGISTICSADDRESSCOUNTRYREGIONENTITY><ADDRESSFORMAT>0003</ADDRESSFORMAT><COUNTRYREGION>GAB</COUNTRYREGION><CURRENCYCODE></CURRENCYCODE><ISOCODE>GA</ISOCODE><TIMEZONE></TIMEZONE><USEZIPPLUS4>No</USEZIPPLUS4></LOGISTICSADDRESSCOUNTRYREGIONENTITY><LOGISTICSADDRESSCOUNTRYREGIONENTITY><ADDRESSFORMAT>0005</ADDRESSFORMAT><COUNTRYREGION>GBR</COUNTRYREGION><CURRENCYCODE></CURRENCYCODE><ISOCODE>GB</ISOCODE><TIMEZONE></TIMEZONE><USEZIPPLUS4>No</USEZIPPLUS4></LOGISTICSADDRESSCOUNTRYREGIONENTITY><LOGISTICSADDRESSCOUNTRYREGIONENTITY><ADDRESSFORMAT>0003</ADDRESSFORMAT><COUNTRYREGION>GEO</COUNTRYREGION><CURRENCYCODE></CURRENCYCODE><ISOCODE>GE</ISOCODE><TIMEZONE></TIMEZONE><USEZIPPLUS4>No</USEZIPPLUS4></LOGISTICSADDRESSCOUNTRYREGIONENTITY><LOGISTICSADDRESSCOUNTRYREGIONENTITY><ADDRESSFORMAT>0025</ADDRESSFORMAT><COUNTRYREGION>GGY</COUNTRYREGION><CURRENCYCODE></CURRENCYCODE><ISOCODE>GG</ISOCODE><TIMEZONE></TIMEZONE><USEZIPPLUS4>No</USEZIPPLUS4></LOGISTICSADDRESSCOUNTRYREGIONENTITY><LOGISTICSADDRESSCOUNTRYREGIONENTITY><ADDRESSFORMAT>0003</ADDRESSFORMAT><COUNTRYREGION>GHA</COUNTRYREGION><CURRENCYCODE></CURRENCYCODE><ISOCODE>GH</ISOCODE><TIMEZONE></TIMEZONE><USEZIPPLUS4>No</USEZIPPLUS4></LOGISTICSADDRESSCOUNTRYREGIONENTITY><LOGISTICSADDRESSCOUNTRYREGIONENTITY><ADDRESSFORMAT>0006</ADDRESSFORMAT><COUNTRYREGION>GIB</COUNTRYREGION><CURRENCYCODE></CURRENCYCODE><ISOCODE>GI</ISOCODE><TIMEZONE></TIMEZONE><USEZIPPLUS4>No</USEZIPPLUS4></LOGISTICSADDRESSCOUNTRYREGIONENTITY><LOGISTICSADDRESSCOUNTRYREGIONENTITY><ADDRESSFORMAT>0006</ADDRESSFORMAT><COUNTRYREGION>GIN</COUNTRYREGION><CURRENCYCODE></CURRENCYCODE><ISOCODE>GN</ISOCODE><TIMEZONE></TIMEZONE><USEZIPPLUS4>No</USEZIPPLUS4></LOGISTICSADDRESSCOUNTRYREGIONENTITY><LOGISTICSADDRESSCOUNTRYREGIONENTITY><ADDRESSFORMAT>0003</ADDRESSFORMAT><COUNTRYREGION>GLP</COUNTRYREGION><CURRENCYCODE></CURRENCYCODE><ISOCODE>GP</ISOCODE><TIMEZONE></TIMEZONE><USEZIPPLUS4>No</USEZIPPLUS4></LOGISTICSADDRESSCOUNTRYREGIONENTITY><LOGISTICSADDRESSCOUNTRYREGIONENTITY><ADDRESSFORMAT>0003</ADDRESSFORMAT><COUNTRYREGION>GMB</COUNTRYREGION><CURRENCYCODE></CURRENCYCODE><ISOCODE>GM</ISOCODE><TIMEZONE></TIMEZONE><USEZIPPLUS4>No</USEZIPPLUS4></LOGISTICSADDRESSCOUNTRYREGIONENTITY><LOGISTICSADDRESSCOUNTRYREGIONENTITY><ADDRESSFORMAT>0003</ADDRESSFORMAT><COUNTRYREGION>GNB</COUNTRYREGION><CURRENCYCODE></CURRENCYCODE><ISOCODE>GW</ISOCODE><TIMEZONE></TIMEZONE><USEZIPPLUS4>No</USEZIPPLUS4></LOGISTICSADDRESSCOUNTRYREGIONENTITY><LOGISTICSADDRESSCOUNTRYREGIONENTITY><ADDRESSFORMAT>0001</ADDRESSFORMAT><COUNTRYREGION>GNQ</COUNTRYREGION><CURRENCYCODE></CURRENCYCODE><ISOCODE>GQ</ISOCODE><TIMEZONE></TIMEZONE><USEZIPPLUS4>No</USEZIPPLUS4></LOGISTICSADDRESSCOUNTRYREGIONENTITY><LOGISTICSADDRESSCOUNTRYREGIONENTITY><ADDRESSFORMAT>0023</ADDRESSFORMAT><COUNTRYREGION>GRC</COUNTRYREGION><CURRENCYCODE></CURRENCYCODE><ISOCODE>GR</ISOCODE><TIMEZONE></TIMEZONE><USEZIPPLUS4>No</USEZIPPLUS4></LOGISTICSADDRESSCOUNTRYREGIONENTITY><LOGISTICSADDRESSCOUNTRYREGIONENTITY><ADDRESSFORMAT>0006</ADDRESSFORMAT><COUNTRYREGION>GRD</COUNTRYREGION><CURRENCYCODE></CURRENCYCODE><ISOCODE>GD</ISOCODE><TIMEZONE></TIMEZONE><USEZIPPLUS4>No</USEZIPPLUS4></LOGISTICSADDRESSCOUNTRYREGIONENTITY><LOGISTICSADDRESSCOUNTRYREGIONENTITY><ADDRESSFORMAT>0003</ADDRESSFORMAT><COUNTRYREGION>GRL</COUNTRYREGION><CURRENCYCODE></CURRENCYCODE><ISOCODE>GL</ISOCODE><TIMEZONE></TIMEZONE><USEZIPPLUS4>No</USEZIPPLUS4></LOGISTICSADDRESSCOUNTRYREGIONENTITY><LOGISTICSADDRESSCOUNTRYREGIONENTITY><ADDRESSFORMAT>0012</ADDRESSFORMAT><COUNTRYREGION>GTM</COUNTRYREGION><CURRENCYCODE></CURRENCYCODE><ISOCODE>GT</ISOCODE><TIMEZONE></TIMEZONE><USEZIPPLUS4>No</USEZIPPLUS4></LOGISTICSADDRESSCOUNTRYREGIONENTITY><LOGISTICSADDRESSCOUNTRYREGIONENTITY><ADDRESSFORMAT>0005</ADDRESSFORMAT><COUNTRYREGION>GUF</COUNTRYREGION><CURRENCYCODE></CURRENCYCODE><ISOCODE>GF</ISOCODE><TIMEZONE></TIMEZONE><USEZIPPLUS4>No</USEZIPPLUS4></LOGISTICSADDRESSCOUNTRYREGIONENTITY><LOGISTICSADDRESSCOUNTRYREGIONENTITY><ADDRESSFORMAT>0003</ADDRESSFORMAT><COUNTRYREGION>GUM</COUNTRYREGION><CURRENCYCODE></CURRENCYCODE><ISOCODE>GU</ISOCODE><TIMEZONE></TIMEZONE><USEZIPPLUS4>No</USEZIPPLUS4></LOGISTICSADDRESSCOUNTRYREGIONENTITY><LOGISTICSADDRESSCOUNTRYREGIONENTITY><ADDRESSFORMAT>0012</ADDRESSFORMAT><COUNTRYREGION>GUY</COUNTRYREGION><CURRENCYCODE></CURRENCYCODE><ISOCODE>GY</ISOCODE><TIMEZONE></TIMEZONE><USEZIPPLUS4>No</USEZIPPLUS4></LOGISTICSADDRESSCOUNTRYREGIONENTITY><LOGISTICSADDRESSCOUNTRYREGIONENTITY><ADDRESSFORMAT>0006</ADDRESSFORMAT><COUNTRYREGION>HKG</COUNTRYREGION><CURRENCYCODE></CURRENCYCODE><ISOCODE>HK</ISOCODE><TIMEZONE></TIMEZONE><USEZIPPLUS4>No</USEZIPPLUS4></LOGISTICSADDRESSCOUNTRYREGIONENTITY><LOGISTICSADDRESSCOUNTRYREGIONENTITY><ADDRESSFORMAT>0001</ADDRESSFORMAT><COUNTRYREGION>HMD</COUNTRYREGION><CURRENCYCODE></CURRENCYCODE><ISOCODE>HM</ISOCODE><TIMEZONE></TIMEZONE><USEZIPPLUS4>No</USEZIPPLUS4></LOGISTICSADDRESSCOUNTRYREGIONENTITY><LOGISTICSADDRESSCOUNTRYREGIONENTITY><ADDRESSFORMAT>0012</ADDRESSFORMAT><COUNTRYREGION>HND</COUNTRYREGION><CURRENCYCODE></CURRENCYCODE><ISOCODE>HN</ISOCODE><TIMEZONE></TIMEZONE><USEZIPPLUS4>No</USEZIPPLUS4></LOGISTICSADDRESSCOUNTRYREGIONENTITY><LOGISTICSADDRESSCOUNTRYREGIONENTITY><ADDRESSFORMAT>0003</ADDRESSFORMAT><COUNTRYREGION>HRV</COUNTRYREGION><CURRENCYCODE></CURRENCYCODE><ISOCODE>HR</ISOCODE><TIMEZONE></TIMEZONE><USEZIPPLUS4>No</USEZIPPLUS4></LOGISTICSADDRESSCOUNTRYREGIONENTITY><LOGISTICSADDRESSCOUNTRYREGIONENTITY><ADDRESSFORMAT>0012</ADDRESSFORMAT><COUNTRYREGION>HTI</COUNTRYREGION><CURRENCYCODE></CURRENCYCODE><ISOCODE>HT</ISOCODE><TIMEZONE></TIMEZONE><USEZIPPLUS4>No</USEZIPPLUS4></LOGISTICSADDRESSCOUNTRYREGIONENTITY><LOGISTICSADDRESSCOUNTRYREGIONENTITY><ADDRESSFORMAT>0024</ADDRESSFORMAT><COUNTRYREGION>HUN</COUNTRYREGION><CURRENCYCODE></CURRENCYCODE><ISOCODE>HU</ISOCODE><TIMEZONE></TIMEZONE><USEZIPPLUS4>No</USEZIPPLUS4></LOGISTICSADDRESSCOUNTRYREGIONENTITY><LOGISTICSADDRESSCOUNTRYREGIONENTITY><ADDRESSFORMAT>0003</ADDRESSFORMAT><COUNTRYREGION>IDN</COUNTRYREGION><CURRENCYCODE></CURRENCYCODE><ISOCODE>ID</ISOCODE><TIMEZONE></TIMEZONE><USEZIPPLUS4>No</USEZIPPLUS4></LOGISTICSADDRESSCOUNTRYREGIONENTITY><LOGISTICSADDRESSCOUNTRYREGIONENTITY><ADDRESSFORMAT>0025</ADDRESSFORMAT><COUNTRYREGION>IMN</COUNTRYREGION><CURRENCYCODE></CURRENCYCODE><ISOCODE>IM</ISOCODE><TIMEZONE></TIMEZONE><USEZIPPLUS4>No</USEZIPPLUS4></LOGISTICSADDRESSCOUNTRYREGIONENTITY><LOGISTICSADDRESSCOUNTRYREGIONENTITY><ADDRESSFORMAT>0015</ADDRESSFORMAT><COUNTRYREGION>IND</COUNTRYREGION><CURRENCYCODE></CURRENCYCODE><ISOCODE>IN</ISOCODE><TIMEZONE></TIMEZONE><USEZIPPLUS4>No</USEZIPPLUS4></LOGISTICSADDRESSCOUNTRYREGIONENTITY><LOGISTICSADDRESSCOUNTRYREGIONENTITY><ADDRESSFORMAT>0005</ADDRESSFORMAT><COUNTRYREGION>IOT</COUNTRYREGION><CURRENCYCODE></CURRENCYCODE><ISOCODE>IO</ISOCODE><TIMEZONE></TIMEZONE><USEZIPPLUS4>No</USEZIPPLUS4></LOGISTICSADDRESSCOUNTRYREGIONENTITY><LOGISTICSADDRESSCOUNTRYREGIONENTITY><ADDRESSFORMAT>0006</ADDRESSFORMAT><COUNTRYREGION>IRL</COUNTRYREGION><CURRENCYCODE></CURRENCYCODE><ISOCODE>IE</ISOCODE><TIMEZONE></TIMEZONE><USEZIPPLUS4>No</USEZIPPLUS4></LOGISTICSADDRESSCOUNTRYREGIONENTITY><LOGISTICSADDRESSCOUNTRYREGIONENTITY><ADDRESSFORMAT>0001</ADDRESSFORMAT><COUNTRYREGION>IRN</COUNTRYREGION><CURRENCYCODE></CURRENCYCODE><ISOCODE>IR</ISOCODE><TIMEZONE></TIMEZONE><USEZIPPLUS4>No</USEZIPPLUS4></LOGISTICSADDRESSCOUNTRYREGIONENTITY><LOGISTICSADDRESSCOUNTRYREGIONENTITY><ADDRESSFORMAT>0001</ADDRESSFORMAT><COUNTRYREGION>IRQ</COUNTRYREGION><CURRENCYCODE></CURRENCYCODE><ISOCODE>IQ</ISOCODE><TIMEZONE></TIMEZONE><USEZIPPLUS4>No</USEZIPPLUS4></LOGISTICSADDRESSCOUNTRYREGIONENTITY><LOGISTICSADDRESSCOUNTRYREGIONENTITY><ADDRESSFORMAT>0002</ADDRESSFORMAT><COUNTRYREGION>ISL</COUNTRYREGION><CURRENCYCODE></CURRENCYCODE><ISOCODE>IS</ISOCODE><TIMEZONE></TIMEZONE><USEZIPPLUS4>No</USEZIPPLUS4></LOGISTICSADDRESSCOUNTRYREGIONENTITY><LOGISTICSADDRESSCOUNTRYREGIONENTITY><ADDRESSFORMAT>0013</ADDRESSFORMAT><COUNTRYREGION>ISR</COUNTRYREGION><CURRENCYCODE></CURRENCYCODE><ISOCODE>IL</ISOCODE><TIMEZONE></TIMEZONE><USEZIPPLUS4>No</USEZIPPLUS4></LOGISTICSADDRESSCOUNTRYREGIONENTITY><LOGISTICSADDRESSCOUNTRYREGIONENTITY><ADDRESSFORMAT>0026</ADDRESSFORMAT><COUNTRYREGION>ITA</COUNTRYREGION><CURRENCYCODE></CURRENCYCODE><ISOCODE>IT</ISOCODE><TIMEZONE></TIMEZONE><USEZIPPLUS4>No</USEZIPPLUS4></LOGISTICSADDRESSCOUNTRYREGIONENTITY><LOGISTICSADDRESSCOUNTRYREGIONENTITY><ADDRESSFORMAT>0012</ADDRESSFORMAT><COUNTRYREGION>JAM</COUNTRYREGION><CURRENCYCODE></CURRENCYCODE><ISOCODE>JM</ISOCODE><TIMEZONE></TIMEZONE><USEZIPPLUS4>No</USEZIPPLUS4></LOGISTICSADDRESSCOUNTRYREGIONENTITY><LOGISTICSADDRESSCOUNTRYREGIONENTITY><ADDRESSFORMAT>0001</ADDRESSFORMAT><COUNTRYREGION>JEY</COUNTRYREGION><CURRENCYCODE></CURRENCYCODE><ISOCODE>JE</ISOCODE><TIMEZONE></TIMEZONE><USEZIPPLUS4>No</USEZIPPLUS4></LOGISTICSADDRESSCOUNTRYREGIONENTITY><LOGISTICSADDRESSCOUNTRYREGIONENTITY><ADDRESSFORMAT>0005</ADDRESSFORMAT><COUNTRYREGION>JOR</COUNTRYREGION><CURRENCYCODE></CURRENCYCODE><ISOCODE>JO</ISOCODE><TIMEZONE></TIMEZONE><USEZIPPLUS4>No</USEZIPPLUS4></LOGISTICSADDRESSCOUNTRYREGIONENTITY><LOGISTICSADDRESSCOUNTRYREGIONENTITY><ADDRESSFORMAT>0003</ADDRESSFORMAT><COUNTRYREGION>JPN</COUNTRYREGION><CURRENCYCODE></CURRENCYCODE><ISOCODE>JP</ISOCODE><TIMEZONE></TIMEZONE><USEZIPPLUS4>No</USEZIPPLUS4></LOGISTICSADDRESSCOUNTRYREGIONENTITY><LOGISTICSADDRESSCOUNTRYREGIONENTITY><ADDRESSFORMAT>0006</ADDRESSFORMAT><COUNTRYREGION>KAZ</COUNTRYREGION><CURRENCYCODE></CURRENCYCODE><ISOCODE>KZ</ISOCODE><TIMEZONE></TIMEZONE><USEZIPPLUS4>No</USEZIPPLUS4></LOGISTICSADDRESSCOUNTRYREGIONENTITY><LOGISTICSADDRESSCOUNTRYREGIONENTITY><ADDRESSFORMAT>0006</ADDRESSFORMAT><COUNTRYREGION>KEN</COUNTRYREGION><CURRENCYCODE></CURRENCYCODE><ISOCODE>KE</ISOCODE><TIMEZONE></TIMEZONE><USEZIPPLUS4>No</USEZIPPLUS4></LOGISTICSADDRESSCOUNTRYREGIONENTITY><LOGISTICSADDRESSCOUNTRYREGIONENTITY><ADDRESSFORMAT>0003</ADDRESSFORMAT><COUNTRYREGION>KGZ</COUNTRYREGION><CURRENCYCODE></CURRENCYCODE><ISOCODE>KG</ISOCODE><TIMEZONE></TIMEZONE><USEZIPPLUS4>No</USEZIPPLUS4></LOGISTICSADDRESSCOUNTRYREGIONENTITY><LOGISTICSADDRESSCOUNTRYREGIONENTITY><ADDRESSFORMAT>0006</ADDRESSFORMAT><COUNTRYREGION>KHM</COUNTRYREGION><CURRENCYCODE></CURRENCYCODE><ISOCODE>KH</ISOCODE><TIMEZONE></TIMEZONE><USEZIPPLUS4>No</USEZIPPLUS4></LOGISTICSADDRESSCOUNTRYREGIONENTITY><LOGISTICSADDRESSCOUNTRYREGIONENTITY><ADDRESSFORMAT>0001</ADDRESSFORMAT><COUNTRYREGION>KIR</COUNTRYREGION><CURRENCYCODE></CURRENCYCODE><ISOCODE>KI</ISOCODE><TIMEZONE></TIMEZONE><USEZIPPLUS4>No</USEZIPPLUS4></LOGISTICSADDRESSCOUNTRYREGIONENTITY><LOGISTICSADDRESSCOUNTRYREGIONENTITY><ADDRESSFORMAT>0001</ADDRESSFORMAT><COUNTRYREGION>KNA</COUNTRYREGION><CURRENCYCODE></CURRENCYCODE><ISOCODE>KN</ISOCODE><TIMEZONE></TIMEZONE><USEZIPPLUS4>No</USEZIPPLUS4></LOGISTICSADDRESSCOUNTRYREGIONENTITY><LOGISTICSADDRESSCOUNTRYREGIONENTITY><ADDRESSFORMAT>0027</ADDRESSFORMAT><COUNTRYREGION>KOR</COUNTRYREGION><CURRENCYCODE></CURRENCYCODE><ISOCODE>KR</ISOCODE><TIMEZONE></TIMEZONE><USEZIPPLUS4>No</USEZIPPLUS4></LOGISTICSADDRESSCOUNTRYREGIONENTITY><LOGISTICSADDRESSCOUNTRYREGIONENTITY><ADDRESSFORMAT>0003</ADDRESSFORMAT><COUNTRYREGION>KWT</COUNTRYREGION><CURRENCYCODE></CURRENCYCODE><ISOCODE>KW</ISOCODE><TIMEZONE></TIMEZONE><USEZIPPLUS4>No</USEZIPPLUS4></LOGISTICSADDRESSCOUNTRYREGIONENTITY><LOGISTICSADDRESSCOUNTRYREGIONENTITY><ADDRESSFORMAT>0001</ADDRESSFORMAT><COUNTRYREGION>LAO</COUNTRYREGION><CURRENCYCODE></CURRENCYCODE><ISOCODE>LA</ISOCODE><TIMEZONE></TIMEZONE><USEZIPPLUS4>No</USEZIPPLUS4></LOGISTICSADDRESSCOUNTRYREGIONENTITY><LOGISTICSADDRESSCOUNTRYREGIONENTITY><ADDRESSFORMAT>0006</ADDRESSFORMAT><COUNTRYREGION>LBN</COUNTRYREGION><CURRENCYCODE></CURRENCYCODE><ISOCODE>LB</ISOCODE><TIMEZONE></TIMEZONE><USEZIPPLUS4>No</USEZIPPLUS4></LOGISTICSADDRESSCOUNTRYREGIONENTITY><LOGISTICSADDRESSCOUNTRYREGIONENTITY><ADDRESSFORMAT>0003</ADDRESSFORMAT><COUNTRYREGION>LBR</COUNTRYREGION><CURRENCYCODE></CURRENCYCODE><ISOCODE>LR</ISOCODE><TIMEZONE></TIMEZONE><USEZIPPLUS4>No</USEZIPPLUS4></LOGISTICSADDRESSCOUNTRYREGIONENTITY><LOGISTICSADDRESSCOUNTRYREGIONENTITY><ADDRESSFORMAT>0001</ADDRESSFORMAT><COUNTRYREGION>LBY</COUNTRYREGION><CURRENCYCODE></CURRENCYCODE><ISOCODE>LY</ISOCODE><TIMEZONE></TIMEZONE><USEZIPPLUS4>No</USEZIPPLUS4></LOGISTICSADDRESSCOUNTRYREGIONENTITY><LOGISTICSADDRESSCOUNTRYREGIONENTITY><ADDRESSFORMAT>0001</ADDRESSFORMAT><COUNTRYREGION>LCA</COUNTRYREGION><CURRENCYCODE></CURRENCYCODE><ISOCODE>LC</ISOCODE><TIMEZONE></TIMEZONE><USEZIPPLUS4>No</USEZIPPLUS4></LOGISTICSADDRESSCOUNTRYREGIONENTITY><LOGISTICSADDRESSCOUNTRYREGIONENTITY><ADDRESSFORMAT>0003</ADDRESSFORMAT><COUNTRYREGION>LIE</COUNTRYREGION><CURRENCYCODE></CURRENCYCODE><ISOCODE>LI</ISOCODE><TIMEZONE></TIMEZONE><USEZIPPLUS4>No</USEZIPPLUS4></LOGISTICSADDRESSCOUNTRYREGIONENTITY><LOGISTICSADDRESSCOUNTRYREGIONENTITY><ADDRESSFORMAT>0001</ADDRESSFORMAT><COUNTRYREGION>LKA</COUNTRYREGION><CURRENCYCODE></CURRENCYCODE><ISOCODE>LK</ISOCODE><TIMEZONE></TIMEZONE><USEZIPPLUS4>No</USEZIPPLUS4></LOGISTICSADDRESSCOUNTRYREGIONENTITY><LOGISTICSADDRESSCOUNTRYREGIONENTITY><ADDRESSFORMAT>0003</ADDRESSFORMAT><COUNTRYREGION>LSO</COUNTRYREGION><CURRENCYCODE></CURRENCYCODE><ISOCODE>LS</ISOCODE><TIMEZONE></TIMEZONE><USEZIPPLUS4>No</USEZIPPLUS4></LOGISTICSADDRESSCOUNTRYREGIONENTITY><LOGISTICSADDRESSCOUNTRYREGIONENTITY><ADDRESSFORMAT>0003</ADDRESSFORMAT><COUNTRYREGION>LTU</COUNTRYREGION><CURRENCYCODE></CURRENCYCODE><ISOCODE>LT</ISOCODE><TIMEZONE></TIMEZONE><USEZIPPLUS4>No</USEZIPPLUS4></LOGISTICSADDRESSCOUNTRYREGIONENTITY><LOGISTICSADDRESSCOUNTRYREGIONENTITY><ADDRESSFORMAT>0003</ADDRESSFORMAT><COUNTRYREGION>LUX</COUNTRYREGION><CURRENCYCODE></CURRENCYCODE><ISOCODE>LU</ISOCODE><TIMEZONE></TIMEZONE><USEZIPPLUS4>No</USEZIPPLUS4></LOGISTICSADDRESSCOUNTRYREGIONENTITY><LOGISTICSADDRESSCOUNTRYREGIONENTITY><ADDRESSFORMAT>0003</ADDRESSFORMAT><COUNTRYREGION>LVA</COUNTRYREGION><CURRENCYCODE></CURRENCYCODE><ISOCODE>LV</ISOCODE><TIMEZONE></TIMEZONE><USEZIPPLUS4>No</USEZIPPLUS4></LOGISTICSADDRESSCOUNTRYREGIONENTITY><LOGISTICSADDRESSCOUNTRYREGIONENTITY><ADDRESSFORMAT>0001</ADDRESSFORMAT><COUNTRYREGION>MAC</COUNTRYREGION><CURRENCYCODE></CURRENCYCODE><ISOCODE>MO</ISOCODE><TIMEZONE></TIMEZONE><USEZIPPLUS4>No</USEZIPPLUS4></LOGISTICSADDRESSCOUNTRYREGIONENTITY><LOGISTICSADDRESSCOUNTRYREGIONENTITY><ADDRESSFORMAT>0004</ADDRESSFORMAT><COUNTRYREGION>MAF</COUNTRYREGION><CURRENCYCODE></CURRENCYCODE><ISOCODE>MF</ISOCODE><TIMEZONE></TIMEZONE><USEZIPPLUS4>No</USEZIPPLUS4></LOGISTICSADDRESSCOUNTRYREGIONENTITY><LOGISTICSADDRESSCOUNTRYREGIONENTITY><ADDRESSFORMAT>0001</ADDRESSFORMAT><COUNTRYREGION>MAR</COUNTRYREGION><CURRENCYCODE></CURRENCYCODE><ISOCODE>MA</ISOCODE><TIMEZONE></TIMEZONE><USEZIPPLUS4>No</USEZIPPLUS4></LOGISTICSADDRESSCOUNTRYREGIONENTITY><LOGISTICSADDRESSCOUNTRYREGIONENTITY><ADDRESSFORMAT>0003</ADDRESSFORMAT><COUNTRYREGION>MCO</COUNTRYREGION><CURRENCYCODE></CURRENCYCODE><ISOCODE>MC</ISOCODE><TIMEZONE></TIMEZONE><USEZIPPLUS4>No</USEZIPPLUS4></LOGISTICSADDRESSCOUNTRYREGIONENTITY><LOGISTICSADDRESSCOUNTRYREGIONENTITY><ADDRESSFORMAT>0003</ADDRESSFORMAT><COUNTRYREGION>MDA</COUNTRYREGION><CURRENCYCODE></CURRENCYCODE><ISOCODE>MD</ISOCODE><TIMEZONE></TIMEZONE><USEZIPPLUS4>No</USEZIPPLUS4></LOGISTICSADDRESSCOUNTRYREGIONENTITY><LOGISTICSADDRESSCOUNTRYREGIONENTITY><ADDRESSFORMAT>0006</ADDRESSFORMAT><COUNTRYREGION>MDG</COUNTRYREGION><CURRENCYCODE></CURRENCYCODE><ISOCODE>MG</ISOCODE><TIMEZONE></TIMEZONE><USEZIPPLUS4>No</USEZIPPLUS4></LOGISTICSADDRESSCOUNTRYREGIONENTITY><LOGISTICSADDRESSCOUNTRYREGIONENTITY><ADDRESSFORMAT>0001</ADDRESSFORMAT><COUNTRYREGION>MDV</COUNTRYREGION><CURRENCYCODE></CURRENCYCODE><ISOCODE>MV</ISOCODE><TIMEZONE></TIMEZONE><USEZIPPLUS4>No</USEZIPPLUS4></LOGISTICSADDRESSCOUNTRYREGIONENTITY><LOGISTICSADDRESSCOUNTRYREGIONENTITY><ADDRESSFORMAT>0012</ADDRESSFORMAT><COUNTRYREGION>MEX</COUNTRYREGION><CURRENCYCODE></CURRENCYCODE><ISOCODE>MX</ISOCODE><TIMEZONE></TIMEZONE><USEZIPPLUS4>No</USEZIPPLUS4></LOGISTICSADDRESSCOUNTRYREGIONENTITY><LOGISTICSADDRESSCOUNTRYREGIONENTITY><ADDRESSFORMAT>0003</ADDRESSFORMAT><COUNTRYREGION>MHL</COUNTRYREGION><CURRENCYCODE></CURRENCYCODE><ISOCODE>MH</ISOCODE><TIMEZONE></TIMEZONE><USEZIPPLUS4>No</USEZIPPLUS4></LOGISTICSADDRESSCOUNTRYREGIONENTITY><LOGISTICSADDRESSCOUNTRYREGIONENTITY><ADDRESSFORMAT>0003</ADDRESSFORMAT><COUNTRYREGION>MKD</COUNTRYREGION><CURRENCYCODE></CURRENCYCODE><ISOCODE>MK</ISOCODE><TIMEZONE></TIMEZONE><USEZIPPLUS4>No</USEZIPPLUS4></LOGISTICSADDRESSCOUNTRYREGIONENTITY><LOGISTICSADDRESSCOUNTRYREGIONENTITY><ADDRESSFORMAT>0003</ADDRESSFORMAT><COUNTRYREGION>MLI</COUNTRYREGION><CURRENCYCODE></CURRENCYCODE><ISOCODE>ML</ISOCODE><TIMEZONE></TIMEZONE><USEZIPPLUS4>No</USEZIPPLUS4></LOGISTICSADDRESSCOUNTRYREGIONENTITY><LOGISTICSADDRESSCOUNTRYREGIONENTITY><ADDRESSFORMAT>0003</ADDRESSFORMAT><COUNTRYREGION>MLT</COUNTRYREGION><CURRENCYCODE></CURRENCYCODE><ISOCODE>MT</ISOCODE><TIMEZONE></TIMEZONE><USEZIPPLUS4>No</USEZIPPLUS4></LOGISTICSADDRESSCOUNTRYREGIONENTITY><LOGISTICSADDRESSCOUNTRYREGIONENTITY><ADDRESSFORMAT>0001</ADDRESSFORMAT><COUNTRYREGION>MMR</COUNTRYREGION><CURRENCYCODE></CURRENCYCODE><ISOCODE>MM</ISOCODE><TIMEZONE></TIMEZONE><USEZIPPLUS4>No</USEZIPPLUS4></LOGISTICSADDRESSCOUNTRYREGIONENTITY><LOGISTICSADDRESSCOUNTRYREGIONENTITY><ADDRESSFORMAT>0003</ADDRESSFORMAT><COUNTRYREGION>MNE</COUNTRYREGION><CURRENCYCODE></CURRENCYCODE><ISOCODE>ME</ISOCODE><TIMEZONE></TIMEZONE><USEZIPPLUS4>No</USEZIPPLUS4></LOGISTICSADDRESSCOUNTRYREGIONENTITY><LOGISTICSADDRESSCOUNTRYREGIONENTITY><ADDRESSFORMAT>0001</ADDRESSFORMAT><COUNTRYREGION>MNG</COUNTRYREGION><CURRENCYCODE></CURRENCYCODE><ISOCODE>MN</ISOCODE><TIMEZONE></TIMEZONE><USEZIPPLUS4>No</USEZIPPLUS4></LOGISTICSADDRESSCOUNTRYREGIONENTITY><LOGISTICSADDRESSCOUNTRYREGIONENTITY><ADDRESSFORMAT>0001</ADDRESSFORMAT><COUNTRYREGION>MNP</COUNTRYREGION><CURRENCYCODE></CURRENCYCODE><ISOCODE>MP</ISOCODE><TIMEZONE></TIMEZONE><USEZIPPLUS4>No</USEZIPPLUS4></LOGISTICSADDRESSCOUNTRYREGIONENTITY><LOGISTICSADDRESSCOUNTRYREGIONENTITY><ADDRESSFORMAT>0003</ADDRESSFORMAT><COUNTRYREGION>MOZ</COUNTRYREGION><CURRENCYCODE></CURRENCYCODE><ISOCODE>MZ</ISOCODE><TIMEZONE></TIMEZONE><USEZIPPLUS4>No</USEZIPPLUS4></LOGISTICSADDRESSCOUNTRYREGIONENTITY><LOGISTICSADDRESSCOUNTRYREGIONENTITY><ADDRESSFORMAT>0001</ADDRESSFORMAT><COUNTRYREGION>MRT</COUNTRYREGION><CURRENCYCODE></CURRENCYCODE><ISOCODE>MR</ISOCODE><TIMEZONE></TIMEZONE><USEZIPPLUS4>No</USEZIPPLUS4></LOGISTICSADDRESSCOUNTRYREGIONENTITY><LOGISTICSADDRESSCOUNTRYREGIONENTITY><ADDRESSFORMAT>0001</ADDRESSFORMAT><COUNTRYREGION>MSR</COUNTRYREGION><CURRENCYCODE></CURRENCYCODE><ISOCODE>MS</ISOCODE><TIMEZONE></TIMEZONE><USEZIPPLUS4>No</USEZIPPLUS4></LOGISTICSADDRESSCOUNTRYREGIONENTITY><LOGISTICSADDRESSCOUNTRYREGIONENTITY><ADDRESSFORMAT>0003</ADDRESSFORMAT><COUNTRYREGION>MTQ</COUNTRYREGION><CURRENCYCODE></CURRENCYCODE><ISOCODE>MQ</ISOCODE><TIMEZONE></TIMEZONE><USEZIPPLUS4>No</USEZIPPLUS4></LOGISTICSADDRESSCOUNTRYREGIONENTITY><LOGISTICSADDRESSCOUNTRYREGIONENTITY><ADDRESSFORMAT>0001</ADDRESSFORMAT><COUNTRYREGION>MUS</COUNTRYREGION><CURRENCYCODE></CURRENCYCODE><ISOCODE>MU</ISOCODE><TIMEZONE></TIMEZONE><USEZIPPLUS4>No</USEZIPPLUS4></LOGISTICSADDRESSCOUNTRYREGIONENTITY><LOGISTICSADDRESSCOUNTRYREGIONENTITY><ADDRESSFORMAT>0006</ADDRESSFORMAT><COUNTRYREGION>MWI</COUNTRYREGION><CURRENCYCODE></CURRENCYCODE><ISOCODE>MW</ISOCODE><TIMEZONE></TIMEZONE><USEZIPPLUS4>No</USEZIPPLUS4></LOGISTICSADDRESSCOUNTRYREGIONENTITY><LOGISTICSADDRESSCOUNTRYREGIONENTITY><ADDRESSFORMAT>0003</ADDRESSFORMAT><COUNTRYREGION>MYS</COUNTRYREGION><CURRENCYCODE></CURRENCYCODE><ISOCODE>MY</ISOCODE><TIMEZONE></TIMEZONE><USEZIPPLUS4>No</USEZIPPLUS4></LOGISTICSADDRESSCOUNTRYREGIONENTITY><LOGISTICSADDRESSCOUNTRYREGIONENTITY><ADDRESSFORMAT>0003</ADDRESSFORMAT><COUNTRYREGION>MYT</COUNTRYREGION><CURRENCYCODE></CURRENCYCODE><ISOCODE>YT</ISOCODE><TIMEZONE></TIMEZONE><USEZIPPLUS4>No</USEZIPPLUS4></LOGISTICSADDRESSCOUNTRYREGIONENTITY><LOGISTICSADDRESSCOUNTRYREGIONENTITY><ADDRESSFORMAT>0001</ADDRESSFORMAT><COUNTRYREGION>NAM</COUNTRYREGION><CURRENCYCODE></CURRENCYCODE><ISOCODE>NA</ISOCODE><TIMEZONE></TIMEZONE><USEZIPPLUS4>No</USEZIPPLUS4></LOGISTICSADDRESSCOUNTRYREGIONENTITY><LOGISTICSADDRESSCOUNTRYREGIONENTITY><ADDRESSFORMAT>0003</ADDRESSFORMAT><COUNTRYREGION>NCL</COUNTRYREGION><CURRENCYCODE></CURRENCYCODE><ISOCODE>NC</ISOCODE><TIMEZONE></TIMEZONE><USEZIPPLUS4>No</USEZIPPLUS4></LOGISTICSADDRESSCOUNTRYREGIONENTITY><LOGISTICSADDRESSCOUNTRYREGIONENTITY><ADDRESSFORMAT>0001</ADDRESSFORMAT><COUNTRYREGION>NER</COUNTRYREGION><CURRENCYCODE></CURRENCYCODE><ISOCODE>NE</ISOCODE><TIMEZONE></TIMEZONE><USEZIPPLUS4>No</USEZIPPLUS4></LOGISTICSADDRESSCOUNTRYREGIONENTITY><LOGISTICSADDRESSCOUNTRYREGIONENTITY><ADDRESSFORMAT>0003</ADDRESSFORMAT><COUNTRYREGION>NFK</COUNTRYREGION><CURRENCYCODE></CURRENCYCODE><ISOCODE>NF</ISOCODE><TIMEZONE></TIMEZONE><USEZIPPLUS4>No</USEZIPPLUS4></LOGISTICSADDRESSCOUNTRYREGIONENTITY><LOGISTICSADDRESSCOUNTRYREGIONENTITY><ADDRESSFORMAT>0001</ADDRESSFORMAT><COUNTRYREGION>NGA</COUNTRYREGION><CURRENCYCODE></CURRENCYCODE><ISOCODE>NG</ISOCODE><TIMEZONE></TIMEZONE><USEZIPPLUS4>No</USEZIPPLUS4></LOGISTICSADDRESSCOUNTRYREGIONENTITY><LOGISTICSADDRESSCOUNTRYREGIONENTITY><ADDRESSFORMAT>0012</ADDRESSFORMAT><COUNTRYREGION>NIC</COUNTRYREGION><CURRENCYCODE></CURRENCYCODE><ISOCODE>NI</ISOCODE><TIMEZONE></TIMEZONE><USEZIPPLUS4>No</USEZIPPLUS4></LOGISTICSADDRESSCOUNTRYREGIONENTITY><LOGISTICSADDRESSCOUNTRYREGIONENTITY><ADDRESSFORMAT>0001</ADDRESSFORMAT><COUNTRYREGION>NIU</COUNTRYREGION><CURRENCYCODE></CURRENCYCODE><ISOCODE>NU</ISOCODE><TIMEZONE></TIMEZONE><USEZIPPLUS4>No</USEZIPPLUS4></LOGISTICSADDRESSCOUNTRYREGIONENTITY><LOGISTICSADDRESSCOUNTRYREGIONENTITY><ADDRESSFORMAT>0002</ADDRESSFORMAT><COUNTRYREGION>NLD</COUNTRYREGION><CURRENCYCODE></CURRENCYCODE><ISOCODE>NL</ISOCODE><TIMEZONE></TIMEZONE><USEZIPPLUS4>No</USEZIPPLUS4></LOGISTICSADDRESSCOUNTRYREGIONENTITY><LOGISTICSADDRESSCOUNTRYREGIONENTITY><ADDRESSFORMAT>0004</ADDRESSFORMAT><COUNTRYREGION>NOR</COUNTRYREGION><CURRENCYCODE></CURRENCYCODE><ISOCODE>NO</ISOCODE><TIMEZONE></TIMEZONE><USEZIPPLUS4>No</USEZIPPLUS4></LOGISTICSADDRESSCOUNTRYREGIONENTITY><LOGISTICSADDRESSCOUNTRYREGIONENTITY><ADDRESSFORMAT>0001</ADDRESSFORMAT><COUNTRYREGION>NPL</COUNTRYREGION><CURRENCYCODE></CURRENCYCODE><ISOCODE>NP</ISOCODE><TIMEZONE></TIMEZONE><USEZIPPLUS4>No</USEZIPPLUS4></LOGISTICSADDRESSCOUNTRYREGIONENTITY><LOGISTICSADDRESSCOUNTRYREGIONENTITY><ADDRESSFORMAT>0001</ADDRESSFORMAT><COUNTRYREGION>NRU</COUNTRYREGION><CURRENCYCODE></CURRENCYCODE><ISOCODE>NR</ISOCODE><TIMEZONE></TIMEZONE><USEZIPPLUS4>No</USEZIPPLUS4></LOGISTICSADDRESSCOUNTRYREGIONENTITY><LOGISTICSADDRESSCOUNTRYREGIONENTITY><ADDRESSFORMAT>0001</ADDRESSFORMAT><COUNTRYREGION>NZL</COUNTRYREGION><CURRENCYCODE></CURRENCYCODE><ISOCODE>NZ</ISOCODE><TIMEZONE></TIMEZONE><USEZIPPLUS4>No</USEZIPPLUS4></LOGISTICSADDRESSCOUNTRYREGIONENTITY><LOGISTICSADDRESSCOUNTRYREGIONENTITY><ADDRESSFORMAT>0001</ADDRESSFORMAT><COUNTRYREGION>OMN</COUNTRYREGION><CURRENCYCODE></CURRENCYCODE><ISOCODE>OM</ISOCODE><TIMEZONE></TIMEZONE><USEZIPPLUS4>No</USEZIPPLUS4></LOGISTICSADDRESSCOUNTRYREGIONENTITY><LOGISTICSADDRESSCOUNTRYREGIONENTITY><ADDRESSFORMAT>0003</ADDRESSFORMAT><COUNTRYREGION>PAK</COUNTRYREGION><CURRENCYCODE></CURRENCYCODE><ISOCODE>PK</ISOCODE><TIMEZONE></TIMEZONE><USEZIPPLUS4>No</USEZIPPLUS4></LOGISTICSADDRESSCOUNTRYREGIONENTITY><LOGISTICSADDRESSCOUNTRYREGIONENTITY><ADDRESSFORMAT>0012</ADDRESSFORMAT><COUNTRYREGION>PAN</COUNTRYREGION><CURRENCYCODE></CURRENCYCODE><ISOCODE>PA</ISOCODE><TIMEZONE></TIMEZONE><USEZIPPLUS4>No</USEZIPPLUS4></LOGISTICSADDRESSCOUNTRYREGIONENTITY><LOGISTICSADDRESSCOUNTRYREGIONENTITY><ADDRESSFORMAT>0001</ADDRESSFORMAT><COUNTRYREGION>PCN</COUNTRYREGION><CURRENCYCODE></CURRENCYCODE><ISOCODE>PN</ISOCODE><TIMEZONE></TIMEZONE><USEZIPPLUS4>No</USEZIPPLUS4></LOGISTICSADDRESSCOUNTRYREGIONENTITY><LOGISTICSADDRESSCOUNTRYREGIONENTITY><ADDRESSFORMAT>0012</ADDRESSFORMAT><COUNTRYREGION>PER</COUNTRYREGION><CURRENCYCODE></CURRENCYCODE><ISOCODE>PE</ISOCODE><TIMEZONE></TIMEZONE><USEZIPPLUS4>No</USEZIPPLUS4></LOGISTICSADDRESSCOUNTRYREGIONENTITY><LOGISTICSADDRESSCOUNTRYREGIONENTITY><ADDRESSFORMAT>0001</ADDRESSFORMAT><COUNTRYREGION>PHL</COUNTRYREGION><CURRENCYCODE></CURRENCYCODE><ISOCODE>PH</ISOCODE><TIMEZONE></TIMEZONE><USEZIPPLUS4>No</USEZIPPLUS4></LOGISTICSADDRESSCOUNTRYREGIONENTITY><LOGISTICSADDRESSCOUNTRYREGIONENTITY><ADDRESSFORMAT>0003</ADDRESSFORMAT><COUNTRYREGION>PLW</COUNTRYREGION><CURRENCYCODE></CURRENCYCODE><ISOCODE>PW</ISOCODE><TIMEZONE></TIMEZONE><USEZIPPLUS4>No</USEZIPPLUS4></LOGISTICSADDRESSCOUNTRYREGIONENTITY><LOGISTICSADDRESSCOUNTRYREGIONENTITY><ADDRESSFORMAT>0003</ADDRESSFORMAT><COUNTRYREGION>PNG</COUNTRYREGION><CURRENCYCODE></CURRENCYCODE><ISOCODE>PG</ISOCODE><TIMEZONE></TIMEZONE><USEZIPPLUS4>No</USEZIPPLUS4></LOGISTICSADDRESSCOUNTRYREGIONENTITY><LOGISTICSADDRESSCOUNTRYREGIONENTITY><ADDRESSFORMAT>0016</ADDRESSFORMAT><COUNTRYREGION>POL</COUNTRYREGION><CURRENCYCODE></CURRENCYCODE><ISOCODE>PL</ISOCODE><TIMEZONE></TIMEZONE><USEZIPPLUS4>No</USEZIPPLUS4></LOGISTICSADDRESSCOUNTRYREGIONENTITY><LOGISTICSADDRESSCOUNTRYREGIONENTITY><ADDRESSFORMAT>0004</ADDRESSFORMAT><COUNTRYREGION>PRI</COUNTRYREGION><CURRENCYCODE></CURRENCYCODE><ISOCODE>PR</ISOCODE><TIMEZONE></TIMEZONE><USEZIPPLUS4>No</USEZIPPLUS4></LOGISTICSADDRESSCOUNTRYREGIONENTITY><LOGISTICSADDRESSCOUNTRYREGIONENTITY><ADDRESSFORMAT>0001</ADDRESSFORMAT><COUNTRYREGION>PRK</COUNTRYREGION><CURRENCYCODE></CURRENCYCODE><ISOCODE>KP</ISOCODE><TIMEZONE></TIMEZONE><USEZIPPLUS4>No</USEZIPPLUS4></LOGISTICSADDRESSCOUNTRYREGIONENTITY><LOGISTICSADDRESSCOUNTRYREGIONENTITY><ADDRESSFORMAT>0003</ADDRESSFORMAT><COUNTRYREGION>PRT</COUNTRYREGION><CURRENCYCODE></CURRENCYCODE><ISOCODE>PT</ISOCODE><TIMEZONE></TIMEZONE><USEZIPPLUS4>No</USEZIPPLUS4></LOGISTICSADDRESSCOUNTRYREGIONENTITY><LOGISTICSADDRESSCOUNTRYREGIONENTITY><ADDRESSFORMAT>0012</ADDRESSFORMAT><COUNTRYREGION>PRY</COUNTRYREGION><CURRENCYCODE></CURRENCYCODE><ISOCODE>PY</ISOCODE><TIMEZONE></TIMEZONE><USEZIPPLUS4>No</USEZIPPLUS4></LOGISTICSADDRESSCOUNTRYREGIONENTITY><LOGISTICSADDRESSCOUNTRYREGIONENTITY><ADDRESSFORMAT>0001</ADDRESSFORMAT><COUNTRYREGION>PSE</COUNTRYREGION><CURRENCYCODE></CURRENCYCODE><ISOCODE>PS</ISOCODE><TIMEZONE></TIMEZONE><USEZIPPLUS4>No</USEZIPPLUS4></LOGISTICSADDRESSCOUNTRYREGIONENTITY><LOGISTICSADDRESSCOUNTRYREGIONENTITY><ADDRESSFORMAT>0005</ADDRESSFORMAT><COUNTRYREGION>PYF</COUNTRYREGION><CURRENCYCODE></CURRENCYCODE><ISOCODE>PF</ISOCODE><TIMEZONE></TIMEZONE><USEZIPPLUS4>No</USEZIPPLUS4></LOGISTICSADDRESSCOUNTRYREGIONENTITY><LOGISTICSADDRESSCOUNTRYREGIONENTITY><ADDRESSFORMAT>0003</ADDRESSFORMAT><COUNTRYREGION>QAT</COUNTRYREGION><CURRENCYCODE></CURRENCYCODE><ISOCODE>QA</ISOCODE><TIMEZONE></TIMEZONE><USEZIPPLUS4>No</USEZIPPLUS4></LOGISTICSADDRESSCOUNTRYREGIONENTITY><LOGISTICSADDRESSCOUNTRYREGIONENTITY><ADDRESSFORMAT>0003</ADDRESSFORMAT><COUNTRYREGION>REU</COUNTRYREGION><CURRENCYCODE></CURRENCYCODE><ISOCODE>RE</ISOCODE><TIMEZONE></TIMEZONE><USEZIPPLUS4>No</USEZIPPLUS4></LOGISTICSADDRESSCOUNTRYREGIONENTITY><LOGISTICSADDRESSCOUNTRYREGIONENTITY><ADDRESSFORMAT>0001</ADDRESSFORMAT><COUNTRYREGION>ROU</COUNTRYREGION><CURRENCYCODE></CURRENCYCODE><ISOCODE>RO</ISOCODE><TIMEZONE></TIMEZONE><USEZIPPLUS4>No</USEZIPPLUS4></LOGISTICSADDRESSCOUNTRYREGIONENTITY><LOGISTICSADDRESSCOUNTRYREGIONENTITY><ADDRESSFORMAT>0019</ADDRESSFORMAT><COUNTRYREGION>RUS</COUNTRYREGION><CURRENCYCODE></CURRENCYCODE><ISOCODE>RU</ISOCODE><TIMEZONE></TIMEZONE><USEZIPPLUS4>No</USEZIPPLUS4></LOGISTICSADDRESSCOUNTRYREGIONENTITY><LOGISTICSADDRESSCOUNTRYREGIONENTITY><ADDRESSFORMAT>0001</ADDRESSFORMAT><COUNTRYREGION>RWA</COUNTRYREGION><CURRENCYCODE></CURRENCYCODE><ISOCODE>RW</ISOCODE><TIMEZONE></TIMEZONE><USEZIPPLUS4>No</USEZIPPLUS4></LOGISTICSADDRESSCOUNTRYREGIONENTITY><LOGISTICSADDRESSCOUNTRYREGIONENTITY><ADDRESSFORMAT>0009</ADDRESSFORMAT><COUNTRYREGION>SAU</COUNTRYREGION><CURRENCYCODE></CURRENCYCODE><ISOCODE>SA</ISOCODE><TIMEZONE></TIMEZONE><USEZIPPLUS4>No</USEZIPPLUS4></LOGISTICSADDRESSCOUNTRYREGIONENTITY><LOGISTICSADDRESSCOUNTRYREGIONENTITY><ADDRESSFORMAT>0003</ADDRESSFORMAT><COUNTRYREGION>SDN</COUNTRYREGION><CURRENCYCODE></CURRENCYCODE><ISOCODE>SD</ISOCODE><TIMEZONE></TIMEZONE><USEZIPPLUS4>No</USEZIPPLUS4></LOGISTICSADDRESSCOUNTRYREGIONENTITY><LOGISTICSADDRESSCOUNTRYREGIONENTITY><ADDRESSFORMAT>0003</ADDRESSFORMAT><COUNTRYREGION>SEN</COUNTRYREGION><CURRENCYCODE></CURRENCYCODE><ISOCODE>SN</ISOCODE><TIMEZONE></TIMEZONE><USEZIPPLUS4>No</USEZIPPLUS4></LOGISTICSADDRESSCOUNTRYREGIONENTITY><LOGISTICSADDRESSCOUNTRYREGIONENTITY><ADDRESSFORMAT>0028</ADDRESSFORMAT><COUNTRYREGION>SGP</COUNTRYREGION><CURRENCYCODE></CURRENCYCODE><ISOCODE>SG</ISOCODE><TIMEZONE></TIMEZONE><USEZIPPLUS4>No</USEZIPPLUS4></LOGISTICSADDRESSCOUNTRYREGIONENTITY><LOGISTICSADDRESSCOUNTRYREGIONENTITY><ADDRESSFORMAT>0005</ADDRESSFORMAT><COUNTRYREGION>SGS</COUNTRYREGION><CURRENCYCODE></CURRENCYCODE><ISOCODE>GS</ISOCODE><TIMEZONE></TIMEZONE><USEZIPPLUS4>No</USEZIPPLUS4></LOGISTICSADDRESSCOUNTRYREGIONENTITY><LOGISTICSADDRESSCOUNTRYREGIONENTITY><ADDRESSFORMAT>0001</ADDRESSFORMAT><COUNTRYREGION>SHN</COUNTRYREGION><CURRENCYCODE></CURRENCYCODE><ISOCODE>SH</ISOCODE><TIMEZONE></TIMEZONE><USEZIPPLUS4>No</USEZIPPLUS4></LOGISTICSADDRESSCOUNTRYREGIONENTITY><LOGISTICSADDRESSCOUNTRYREGIONENTITY><ADDRESSFORMAT>0004</ADDRESSFORMAT><COUNTRYREGION>SJM</COUNTRYREGION><CURRENCYCODE></CURRENCYCODE><ISOCODE>SJ</ISOCODE><TIMEZONE></TIMEZONE><USEZIPPLUS4>No</USEZIPPLUS4></LOGISTICSADDRESSCOUNTRYREGIONENTITY><LOGISTICSADDRESSCOUNTRYREGIONENTITY><ADDRESSFORMAT>0001</ADDRESSFORMAT><COUNTRYREGION>SLB</COUNTRYREGION><CURRENCYCODE></CURRENCYCODE><ISOCODE>SB</ISOCODE><TIMEZONE></TIMEZONE><USEZIPPLUS4>No</USEZIPPLUS4></LOGISTICSADDRESSCOUNTRYREGIONENTITY><LOGISTICSADDRESSCOUNTRYREGIONENTITY><ADDRESSFORMAT>0001</ADDRESSFORMAT><COUNTRYREGION>SLE</COUNTRYREGION><CURRENCYCODE></CURRENCYCODE><ISOCODE>SL</ISOCODE><TIMEZONE></TIMEZONE><USEZIPPLUS4>No</USEZIPPLUS4></LOGISTICSADDRESSCOUNTRYREGIONENTITY><LOGISTICSADDRESSCOUNTRYREGIONENTITY><ADDRESSFORMAT>0012</ADDRESSFORMAT><COUNTRYREGION>SLV</COUNTRYREGION><CURRENCYCODE></CURRENCYCODE><ISOCODE>SV</ISOCODE><TIMEZONE></TIMEZONE><USEZIPPLUS4>No</USEZIPPLUS4></LOGISTICSADDRESSCOUNTRYREGIONENTITY><LOGISTICSADDRESSCOUNTRYREGIONENTITY><ADDRESSFORMAT>0001</ADDRESSFORMAT><COUNTRYREGION>SMR</COUNTRYREGION><CURRENCYCODE></CURRENCYCODE><ISOCODE>SM</ISOCODE><TIMEZONE></TIMEZONE><USEZIPPLUS4>No</USEZIPPLUS4></LOGISTICSADDRESSCOUNTRYREGIONENTITY><LOGISTICSADDRESSCOUNTRYREGIONENTITY><ADDRESSFORMAT>0001</ADDRESSFORMAT><COUNTRYREGION>SOM</COUNTRYREGION><CURRENCYCODE></CURRENCYCODE><ISOCODE>SO</ISOCODE><TIMEZONE></TIMEZONE><USEZIPPLUS4>No</USEZIPPLUS4></LOGISTICSADDRESSCOUNTRYREGIONENTITY><LOGISTICSADDRESSCOUNTRYREGIONENTITY><ADDRESSFORMAT>0003</ADDRESSFORMAT><COUNTRYREGION>SPM</COUNTRYREGION><CURRENCYCODE></CURRENCYCODE><ISOCODE>PM</ISOCODE><TIMEZONE></TIMEZONE><USEZIPPLUS4>No</USEZIPPLUS4></LOGISTICSADDRESSCOUNTRYREGIONENTITY><LOGISTICSADDRESSCOUNTRYREGIONENTITY><ADDRESSFORMAT>0003</ADDRESSFORMAT><COUNTRYREGION>SRB</COUNTRYREGION><CURRENCYCODE></CURRENCYCODE><ISOCODE>RS</ISOCODE><TIMEZONE></TIMEZONE><USEZIPPLUS4>No</USEZIPPLUS4></LOGISTICSADDRESSCOUNTRYREGIONENTITY><LOGISTICSADDRESSCOUNTRYREGIONENTITY><ADDRESSFORMAT>0003</ADDRESSFORMAT><COUNTRYREGION>SSD</COUNTRYREGION><CURRENCYCODE></CURRENCYCODE><ISOCODE>SS</ISOCODE><TIMEZONE></TIMEZONE><USEZIPPLUS4>No</USEZIPPLUS4></LOGISTICSADDRESSCOUNTRYREGIONENTITY><LOGISTICSADDRESSCOUNTRYREGIONENTITY><ADDRESSFORMAT>0001</ADDRESSFORMAT><COUNTRYREGION>STP</COUNTRYREGION><CURRENCYCODE></CURRENCYCODE><ISOCODE>ST</ISOCODE><TIMEZONE></TIMEZONE><USEZIPPLUS4>No</USEZIPPLUS4></LOGISTICSADDRESSCOUNTRYREGIONENTITY><LOGISTICSADDRESSCOUNTRYREGIONENTITY><ADDRESSFORMAT>0006</ADDRESSFORMAT><COUNTRYREGION>SUR</COUNTRYREGION><CURRENCYCODE></CURRENCYCODE><ISOCODE>SR</ISOCODE><TIMEZONE></TIMEZONE><USEZIPPLUS4>No</USEZIPPLUS4></LOGISTICSADDRESSCOUNTRYREGIONENTITY><LOGISTICSADDRESSCOUNTRYREGIONENTITY><ADDRESSFORMAT>0023</ADDRESSFORMAT><COUNTRYREGION>SVK</COUNTRYREGION><CURRENCYCODE></CURRENCYCODE><ISOCODE>SK</ISOCODE><TIMEZONE></TIMEZONE><USEZIPPLUS4>No</USEZIPPLUS4></LOGISTICSADDRESSCOUNTRYREGIONENTITY><LOGISTICSADDRESSCOUNTRYREGIONENTITY><ADDRESSFORMAT>0006</ADDRESSFORMAT><COUNTRYREGION>SVN</COUNTRYREGION><CURRENCYCODE></CURRENCYCODE><ISOCODE>SI</ISOCODE><TIMEZONE></TIMEZONE><USEZIPPLUS4>No</USEZIPPLUS4></LOGISTICSADDRESSCOUNTRYREGIONENTITY><LOGISTICSADDRESSCOUNTRYREGIONENTITY><ADDRESSFORMAT>0009</ADDRESSFORMAT><COUNTRYREGION>SWE</COUNTRYREGION><CURRENCYCODE></CURRENCYCODE><ISOCODE>SE</ISOCODE><TIMEZONE></TIMEZONE><USEZIPPLUS4>No</USEZIPPLUS4></LOGISTICSADDRESSCOUNTRYREGIONENTITY><LOGISTICSADDRESSCOUNTRYREGIONENTITY><ADDRESSFORMAT>0001</ADDRESSFORMAT><COUNTRYREGION>SWZ</COUNTRYREGION><CURRENCYCODE></CURRENCYCODE><ISOCODE>SZ</ISOCODE><TIMEZONE></TIMEZONE><USEZIPPLUS4>No</USEZIPPLUS4></LOGISTICSADDRESSCOUNTRYREGIONENTITY><LOGISTICSADDRESSCOUNTRYREGIONENTITY><ADDRESSFORMAT>0001</ADDRESSFORMAT><COUNTRYREGION>SXM</COUNTRYREGION><CURRENCYCODE></CURRENCYCODE><ISOCODE>SX</ISOCODE><TIMEZONE></TIMEZONE><USEZIPPLUS4>No</USEZIPPLUS4></LOGISTICSADDRESSCOUNTRYREGIONENTITY><LOGISTICSADDRESSCOUNTRYREGIONENTITY><ADDRESSFORMAT>0001</ADDRESSFORMAT><COUNTRYREGION>SYC</COUNTRYREGION><CURRENCYCODE></CURRENCYCODE><ISOCODE>SC</ISOCODE><TIMEZONE></TIMEZONE><USEZIPPLUS4>No</USEZIPPLUS4></LOGISTICSADDRESSCOUNTRYREGIONENTITY><LOGISTICSADDRESSCOUNTRYREGIONENTITY><ADDRESSFORMAT>0001</ADDRESSFORMAT><COUNTRYREGION>SYR</COUNTRYREGION><CURRENCYCODE></CURRENCYCODE><ISOCODE>SY</ISOCODE><TIMEZONE></TIMEZONE><USEZIPPLUS4>No</USEZIPPLUS4></LOGISTICSADDRESSCOUNTRYREGIONENTITY><LOGISTICSADDRESSCOUNTRYREGIONENTITY><ADDRESSFORMAT>0001</ADDRESSFORMAT><COUNTRYREGION>TCA</COUNTRYREGION><CURRENCYCODE></CURRENCYCODE><ISOCODE>TC</ISOCODE><TIMEZONE></TIMEZONE><USEZIPPLUS4>No</USEZIPPLUS4></LOGISTICSADDRESSCOUNTRYREGIONENTITY><LOGISTICSADDRESSCOUNTRYREGIONENTITY><ADDRESSFORMAT>0004</ADDRESSFORMAT><COUNTRYREGION>TCD</COUNTRYREGION><CURRENCYCODE></CURRENCYCODE><ISOCODE>TD</ISOCODE><TIMEZONE></TIMEZONE><USEZIPPLUS4>No</USEZIPPLUS4></LOGISTICSADDRESSCOUNTRYREGIONENTITY><LOGISTICSADDRESSCOUNTRYREGIONENTITY><ADDRESSFORMAT>0006</ADDRESSFORMAT><COUNTRYREGION>TGO</COUNTRYREGION><CURRENCYCODE></CURRENCYCODE><ISOCODE>TG</ISOCODE><TIMEZONE></TIMEZONE><USEZIPPLUS4>No</USEZIPPLUS4></LOGISTICSADDRESSCOUNTRYREGIONENTITY><LOGISTICSADDRESSCOUNTRYREGIONENTITY><ADDRESSFORMAT>0003</ADDRESSFORMAT><COUNTRYREGION>THA</COUNTRYREGION><CURRENCYCODE></CURRENCYCODE><ISOCODE>TH</ISOCODE><TIMEZONE></TIMEZONE><USEZIPPLUS4>No</USEZIPPLUS4></LOGISTICSADDRESSCOUNTRYREGIONENTITY><LOGISTICSADDRESSCOUNTRYREGIONENTITY><ADDRESSFORMAT>0003</ADDRESSFORMAT><COUNTRYREGION>TJK</COUNTRYREGION><CURRENCYCODE></CURRENCYCODE><ISOCODE>TJ</ISOCODE><TIMEZONE></TIMEZONE><USEZIPPLUS4>No</USEZIPPLUS4></LOGISTICSADDRESSCOUNTRYREGIONENTITY><LOGISTICSADDRESSCOUNTRYREGIONENTITY><ADDRESSFORMAT>0001</ADDRESSFORMAT><COUNTRYREGION>TKL</COUNTRYREGION><CURRENCYCODE></CURRENCYCODE><ISOCODE>TK</ISOCODE><TIMEZONE></TIMEZONE><USEZIPPLUS4>No</USEZIPPLUS4></LOGISTICSADDRESSCOUNTRYREGIONENTITY><LOGISTICSADDRESSCOUNTRYREGIONENTITY><ADDRESSFORMAT>0001</ADDRESSFORMAT><COUNTRYREGION>TKM</COUNTRYREGION><CURRENCYCODE></CURRENCYCODE><ISOCODE>TM</ISOCODE><TIMEZONE></TIMEZONE><USEZIPPLUS4>No</USEZIPPLUS4></LOGISTICSADDRESSCOUNTRYREGIONENTITY><LOGISTICSADDRESSCOUNTRYREGIONENTITY><ADDRESSFORMAT>0001</ADDRESSFORMAT><COUNTRYREGION>TLS</COUNTRYREGION><CURRENCYCODE></CURRENCYCODE><ISOCODE>TL</ISOCODE><TIMEZONE></TIMEZONE><USEZIPPLUS4>No</USEZIPPLUS4></LOGISTICSADDRESSCOUNTRYREGIONENTITY><LOGISTICSADDRESSCOUNTRYREGIONENTITY><ADDRESSFORMAT>0001</ADDRESSFORMAT><COUNTRYREGION>TON</COUNTRYREGION><CURRENCYCODE></CURRENCYCODE><ISOCODE>TO</ISOCODE><TIMEZONE></TIMEZONE><USEZIPPLUS4>No</USEZIPPLUS4></LOGISTICSADDRESSCOUNTRYREGIONENTITY><LOGISTICSADDRESSCOUNTRYREGIONENTITY><ADDRESSFORMAT>0001</ADDRESSFORMAT><COUNTRYREGION>TTO</COUNTRYREGION><CURRENCYCODE></CURRENCYCODE><ISOCODE>TT</ISOCODE><TIMEZONE></TIMEZONE><USEZIPPLUS4>No</USEZIPPLUS4></LOGISTICSADDRESSCOUNTRYREGIONENTITY><LOGISTICSADDRESSCOUNTRYREGIONENTITY><ADDRESSFORMAT>0003</ADDRESSFORMAT><COUNTRYREGION>TUN</COUNTRYREGION><CURRENCYCODE></CURRENCYCODE><ISOCODE>TN</ISOCODE><TIMEZONE></TIMEZONE><USEZIPPLUS4>No</USEZIPPLUS4></LOGISTICSADDRESSCOUNTRYREGIONENTITY><LOGISTICSADDRESSCOUNTRYREGIONENTITY><ADDRESSFORMAT>0003</ADDRESSFORMAT><COUNTRYREGION>TUR</COUNTRYREGION><CURRENCYCODE></CURRENCYCODE><ISOCODE>TR</ISOCODE><TIMEZONE></TIMEZONE><USEZIPPLUS4>No</USEZIPPLUS4></LOGISTICSADDRESSCOUNTRYREGIONENTITY><LOGISTICSADDRESSCOUNTRYREGIONENTITY><ADDRESSFORMAT>0001</ADDRESSFORMAT><COUNTRYREGION>TUV</COUNTRYREGION><CURRENCYCODE></CURRENCYCODE><ISOCODE>TV</ISOCODE><TIMEZONE></TIMEZONE><USEZIPPLUS4>No</USEZIPPLUS4></LOGISTICSADDRESSCOUNTRYREGIONENTITY><LOGISTICSADDRESSCOUNTRYREGIONENTITY><ADDRESSFORMAT>0018</ADDRESSFORMAT><COUNTRYREGION>TWN</COUNTRYREGION><CURRENCYCODE></CURRENCYCODE><ISOCODE>TW</ISOCODE><TIMEZONE></TIMEZONE><USEZIPPLUS4>No</USEZIPPLUS4></LOGISTICSADDRESSCOUNTRYREGIONENTITY><LOGISTICSADDRESSCOUNTRYREGIONENTITY><ADDRESSFORMAT>0001</ADDRESSFORMAT><COUNTRYREGION>TZA</COUNTRYREGION><CURRENCYCODE></CURRENCYCODE><ISOCODE>TZ</ISOCODE><TIMEZONE></TIMEZONE><USEZIPPLUS4>No</USEZIPPLUS4></LOGISTICSADDRESSCOUNTRYREGIONENTITY><LOGISTICSADDRESSCOUNTRYREGIONENTITY><ADDRESSFORMAT>0003</ADDRESSFORMAT><COUNTRYREGION>UGA</COUNTRYREGION><CURRENCYCODE></CURRENCYCODE><ISOCODE>UG</ISOCODE><TIMEZONE></TIMEZONE><USEZIPPLUS4>No</USEZIPPLUS4></LOGISTICSADDRESSCOUNTRYREGIONENTITY><LOGISTICSADDRESSCOUNTRYREGIONENTITY><ADDRESSFORMAT>0003</ADDRESSFORMAT><COUNTRYREGION>UKR</COUNTRYREGION><CURRENCYCODE></CURRENCYCODE><ISOCODE>UA</ISOCODE><TIMEZONE></TIMEZONE><USEZIPPLUS4>No</USEZIPPLUS4></LOGISTICSADDRESSCOUNTRYREGIONENTITY><LOGISTICSADDRESSCOUNTRYREGIONENTITY><ADDRESSFORMAT>0008</ADDRESSFORMAT><COUNTRYREGION>UMI</COUNTRYREGION><CURRENCYCODE></CURRENCYCODE><ISOCODE>UM</ISOCODE><TIMEZONE></TIMEZONE><USEZIPPLUS4>No</USEZIPPLUS4></LOGISTICSADDRESSCOUNTRYREGIONENTITY><LOGISTICSADDRESSCOUNTRYREGIONENTITY><ADDRESSFORMAT>0029</ADDRESSFORMAT><COUNTRYREGION>URY</COUNTRYREGION><CURRENCYCODE></CURRENCYCODE><ISOCODE>UY</ISOCODE><TIMEZONE></TIMEZONE><USEZIPPLUS4>No</USEZIPPLUS4></LOGISTICSADDRESSCOUNTRYREGIONENTITY><LOGISTICSADDRESSCOUNTRYREGIONENTITY><ADDRESSFORMAT>0008</ADDRESSFORMAT><COUNTRYREGION>USA</COUNTRYREGION><CURRENCYCODE></CURRENCYCODE><ISOCODE>US</ISOCODE><TIMEZONE></TIMEZONE><USEZIPPLUS4>No</USEZIPPLUS4></LOGISTICSADDRESSCOUNTRYREGIONENTITY><LOGISTICSADDRESSCOUNTRYREGIONENTITY><ADDRESSFORMAT>0006</ADDRESSFORMAT><COUNTRYREGION>UZB</COUNTRYREGION><CURRENCYCODE></CURRENCYCODE><ISOCODE>UZ</ISOCODE><TIMEZONE></TIMEZONE><USEZIPPLUS4>No</USEZIPPLUS4></LOGISTICSADDRESSCOUNTRYREGIONENTITY><LOGISTICSADDRESSCOUNTRYREGIONENTITY><ADDRESSFORMAT>0003</ADDRESSFORMAT><COUNTRYREGION>VAT</COUNTRYREGION><CURRENCYCODE></CURRENCYCODE><ISOCODE>VA</ISOCODE><TIMEZONE></TIMEZONE><USEZIPPLUS4>No</USEZIPPLUS4></LOGISTICSADDRESSCOUNTRYREGIONENTITY><LOGISTICSADDRESSCOUNTRYREGIONENTITY><ADDRESSFORMAT>0001</ADDRESSFORMAT><COUNTRYREGION>VCT</COUNTRYREGION><CURRENCYCODE></CURRENCYCODE><ISOCODE>VC</ISOCODE><TIMEZONE></TIMEZONE><USEZIPPLUS4>No</USEZIPPLUS4></LOGISTICSADDRESSCOUNTRYREGIONENTITY><LOGISTICSADDRESSCOUNTRYREGIONENTITY><ADDRESSFORMAT>0012</ADDRESSFORMAT><COUNTRYREGION>VEN</COUNTRYREGION><CURRENCYCODE></CURRENCYCODE><ISOCODE>VE</ISOCODE><TIMEZONE></TIMEZONE><USEZIPPLUS4>No</USEZIPPLUS4></LOGISTICSADDRESSCOUNTRYREGIONENTITY><LOGISTICSADDRESSCOUNTRYREGIONENTITY><ADDRESSFORMAT>0001</ADDRESSFORMAT><COUNTRYREGION>VGB</COUNTRYREGION><CURRENCYCODE></CURRENCYCODE><ISOCODE>VG</ISOCODE><TIMEZONE></TIMEZONE><USEZIPPLUS4>No</USEZIPPLUS4></LOGISTICSADDRESSCOUNTRYREGIONENTITY><LOGISTICSADDRESSCOUNTRYREGIONENTITY><ADDRESSFORMAT>0003</ADDRESSFORMAT><COUNTRYREGION>VIR</COUNTRYREGION><CURRENCYCODE></CURRENCYCODE><ISOCODE>VI</ISOCODE><TIMEZONE></TIMEZONE><USEZIPPLUS4>No</USEZIPPLUS4></LOGISTICSADDRESSCOUNTRYREGIONENTITY><LOGISTICSADDRESSCOUNTRYREGIONENTITY><ADDRESSFORMAT>0005</ADDRESSFORMAT><COUNTRYREGION>VNM</COUNTRYREGION><CURRENCYCODE></CURRENCYCODE><ISOCODE>VN</ISOCODE><TIMEZONE></TIMEZONE><USEZIPPLUS4>No</USEZIPPLUS4></LOGISTICSADDRESSCOUNTRYREGIONENTITY><LOGISTICSADDRESSCOUNTRYREGIONENTITY><ADDRESSFORMAT>0001</ADDRESSFORMAT><COUNTRYREGION>VUT</COUNTRYREGION><CURRENCYCODE></CURRENCYCODE><ISOCODE>VU</ISOCODE><TIMEZONE></TIMEZONE><USEZIPPLUS4>No</USEZIPPLUS4></LOGISTICSADDRESSCOUNTRYREGIONENTITY><LOGISTICSADDRESSCOUNTRYREGIONENTITY><ADDRESSFORMAT>0003</ADDRESSFORMAT><COUNTRYREGION>WLF</COUNTRYREGION><CURRENCYCODE></CURRENCYCODE><ISOCODE>WF</ISOCODE><TIMEZONE></TIMEZONE><USEZIPPLUS4>No</USEZIPPLUS4></LOGISTICSADDRESSCOUNTRYREGIONENTITY><LOGISTICSADDRESSCOUNTRYREGIONENTITY><ADDRESSFORMAT>0006</ADDRESSFORMAT><COUNTRYREGION>WSM</COUNTRYREGION><CURRENCYCODE></CURRENCYCODE><ISOCODE>WS</ISOCODE><TIMEZONE></TIMEZONE><USEZIPPLUS4>No</USEZIPPLUS4></LOGISTICSADDRESSCOUNTRYREGIONENTITY><LOGISTICSADDRESSCOUNTRYREGIONENTITY><ADDRESSFORMAT>0004</ADDRESSFORMAT><COUNTRYREGION>XJA</COUNTRYREGION><CURRENCYCODE></CURRENCYCODE><ISOCODE>XJ</ISOCODE><TIMEZONE></TIMEZONE><USEZIPPLUS4>No</USEZIPPLUS4></LOGISTICSADDRESSCOUNTRYREGIONENTITY><LOGISTICSADDRESSCOUNTRYREGIONENTITY><ADDRESSFORMAT>0003</ADDRESSFORMAT><COUNTRYREGION>XKX</COUNTRYREGION><CURRENCYCODE></CURRENCYCODE><ISOCODE>XK</ISOCODE><TIMEZONE></TIMEZONE><USEZIPPLUS4>No</USEZIPPLUS4></LOGISTICSADDRESSCOUNTRYREGIONENTITY><LOGISTICSADDRESSCOUNTRYREGIONENTITY><ADDRESSFORMAT>0002</ADDRESSFORMAT><COUNTRYREGION>XSE</COUNTRYREGION><CURRENCYCODE></CURRENCYCODE><ISOCODE>XE</ISOCODE><TIMEZONE></TIMEZONE><USEZIPPLUS4>No</USEZIPPLUS4></LOGISTICSADDRESSCOUNTRYREGIONENTITY><LOGISTICSADDRESSCOUNTRYREGIONENTITY><ADDRESSFORMAT>0001</ADDRESSFORMAT><COUNTRYREGION>YEM</COUNTRYREGION><CURRENCYCODE></CURRENCYCODE><ISOCODE>YE</ISOCODE><TIMEZONE></TIMEZONE><USEZIPPLUS4>No</USEZIPPLUS4></LOGISTICSADDRESSCOUNTRYREGIONENTITY><LOGISTICSADDRESSCOUNTRYREGIONENTITY><ADDRESSFORMAT>0007</ADDRESSFORMAT><COUNTRYREGION>ZAF</COUNTRYREGION><CURRENCYCODE></CURRENCYCODE><ISOCODE>ZA</ISOCODE><TIMEZONE></TIMEZONE><USEZIPPLUS4>No</USEZIPPLUS4></LOGISTICSADDRESSCOUNTRYREGIONENTITY><LOGISTICSADDRESSCOUNTRYREGIONENTITY><ADDRESSFORMAT>0001</ADDRESSFORMAT><COUNTRYREGION>ZMB</COUNTRYREGION><CURRENCYCODE></CURRENCYCODE><ISOCODE>ZM</ISOCODE><TIMEZONE></TIMEZONE><USEZIPPLUS4>No</USEZIPPLUS4></LOGISTICSADDRESSCOUNTRYREGIONENTITY><LOGISTICSADDRESSCOUNTRYREGIONENTITY><ADDRESSFORMAT>0001</ADDRESSFORMAT><COUNTRYREGION>ZWE</COUNTRYREGION><CURRENCYCODE></CURRENCYCODE><ISOCODE>ZW</ISOCODE><TIMEZONE></TIMEZONE><USEZIPPLUS4>No</USEZIPPLUS4></LOGISTICSADDRESSCOUNTRYREGIONENTITY></Document>