﻿<?xml version="1.0" encoding="utf-8"?><Document><CURRENCYENTITY><CURRENCYCODE>FCP</CURRENCYCODE><CURRENCYGENDER></CURRENCYGENDER><GENERALROUNDINGRULE>0.000000</GENERALROUNDINGRULE><NAME>Faerûn Copper Pieces</NAME><REFERENCECURRENCYFORTRIANGULATION>No</REFERENCECURRENCYFORTRIANGULATION><ROUNDINGMETHODPRICES>Ordinary</ROUNDINGMETHODPRICES><ROUNDINGMETHODPURCHASEORDERS>Ordinary</ROUNDINGMETHODPURCHASEORDERS><ROUNDINGMETHODSALESORDERS>Ordinary</ROUNDINGMETHODSALESORDERS><ROUNDINGRULEPRICES>0.000000</ROUNDINGRULEPRICES><ROUNDINGRULEPURCHASEORDERS>0.000000</ROUNDINGRULEPURCHASEORDERS><ROUNDINGRULESALESORDERS>0.000000</ROUNDINGRULESALESORDERS><SYMBOL>cp</SYMBOL></CURRENCYENTITY><CURRENCYENTITY><CURRENCYCODE>FEP</CURRENCYCODE><CURRENCYGENDER></CURRENCYGENDER><GENERALROUNDINGRULE>0.000000</GENERALROUNDINGRULE><NAME>Faerûn Electrum Pieces</NAME><REFERENCECURRENCYFORTRIANGULATION>No</REFERENCECURRENCYFORTRIANGULATION><ROUNDINGMETHODPRICES>Ordinary</ROUNDINGMETHODPRICES><ROUNDINGMETHODPURCHASEORDERS>Ordinary</ROUNDINGMETHODPURCHASEORDERS><ROUNDINGMETHODSALESORDERS>Ordinary</ROUNDINGMETHODSALESORDERS><ROUNDINGRULEPRICES>0.000000</ROUNDINGRULEPRICES><ROUNDINGRULEPURCHASEORDERS>0.000000</ROUNDINGRULEPURCHASEORDERS><ROUNDINGRULESALESORDERS>0.000000</ROUNDINGRULESALESORDERS><SYMBOL>ep</SYMBOL></CURRENCYENTITY><CURRENCYENTITY><CURRENCYCODE>FGP</CURRENCYCODE><CURRENCYGENDER></CURRENCYGENDER><GENERALROUNDINGRULE>0.000000</GENERALROUNDINGRULE><NAME>Faerûn Gold Pieces</NAME><REFERENCECURRENCYFORTRIANGULATION>No</REFERENCECURRENCYFORTRIANGULATION><ROUNDINGMETHODPRICES>Ordinary</ROUNDINGMETHODPRICES><ROUNDINGMETHODPURCHASEORDERS>Ordinary</ROUNDINGMETHODPURCHASEORDERS><ROUNDINGMETHODSALESORDERS>Ordinary</ROUNDINGMETHODSALESORDERS><ROUNDINGRULEPRICES>0.000000</ROUNDINGRULEPRICES><ROUNDINGRULEPURCHASEORDERS>0.000000</ROUNDINGRULEPURCHASEORDERS><ROUNDINGRULESALESORDERS>0.000000</ROUNDINGRULESALESORDERS><SYMBOL>gp</SYMBOL></CURRENCYENTITY><CURRENCYENTITY><CURRENCYCODE>FPP</CURRENCYCODE><CURRENCYGENDER></CURRENCYGENDER><GENERALROUNDINGRULE>0.000000</GENERALROUNDINGRULE><NAME>Faerûn Platinum Pieces</NAME><REFERENCECURRENCYFORTRIANGULATION>No</REFERENCECURRENCYFORTRIANGULATION><ROUNDINGMETHODPRICES>Ordinary</ROUNDINGMETHODPRICES><ROUNDINGMETHODPURCHASEORDERS>Ordinary</ROUNDINGMETHODPURCHASEORDERS><ROUNDINGMETHODSALESORDERS>Ordinary</ROUNDINGMETHODSALESORDERS><ROUNDINGRULEPRICES>0.000000</ROUNDINGRULEPRICES><ROUNDINGRULEPURCHASEORDERS>0.000000</ROUNDINGRULEPURCHASEORDERS><ROUNDINGRULESALESORDERS>0.000000</ROUNDINGRULESALESORDERS><SYMBOL>pp</SYMBOL></CURRENCYENTITY><CURRENCYENTITY><CURRENCYCODE>FSD</CURRENCYCODE><CURRENCYGENDER></CURRENCYGENDER><GENERALROUNDINGRULE>0.000000</GENERALROUNDINGRULE><NAME>Faerûn Standard Dollar</NAME><REFERENCECURRENCYFORTRIANGULATION>No</REFERENCECURRENCYFORTRIANGULATION><ROUNDINGMETHODPRICES>Ordinary</ROUNDINGMETHODPRICES><ROUNDINGMETHODPURCHASEORDERS>Ordinary</ROUNDINGMETHODPURCHASEORDERS><ROUNDINGMETHODSALESORDERS>Ordinary</ROUNDINGMETHODSALESORDERS><ROUNDINGRULEPRICES>0.000000</ROUNDINGRULEPRICES><ROUNDINGRULEPURCHASEORDERS>0.000000</ROUNDINGRULEPURCHASEORDERS><ROUNDINGRULESALESORDERS>0.000000</ROUNDINGRULESALESORDERS><SYMBOL>§</SYMBOL></CURRENCYENTITY><CURRENCYENTITY><CURRENCYCODE>FSP</CURRENCYCODE><CURRENCYGENDER></CURRENCYGENDER><GENERALROUNDINGRULE>0.000000</GENERALROUNDINGRULE><NAME>Faerûn Silver Pieces</NAME><REFERENCECURRENCYFORTRIANGULATION>No</REFERENCECURRENCYFORTRIANGULATION><ROUNDINGMETHODPRICES>Ordinary</ROUNDINGMETHODPRICES><ROUNDINGMETHODPURCHASEORDERS>Ordinary</ROUNDINGMETHODPURCHASEORDERS><ROUNDINGMETHODSALESORDERS>Ordinary</ROUNDINGMETHODSALESORDERS><ROUNDINGRULEPRICES>0.000000</ROUNDINGRULEPRICES><ROUNDINGRULEPURCHASEORDERS>0.000000</ROUNDINGRULEPURCHASEORDERS><ROUNDINGRULESALESORDERS>0.000000</ROUNDINGRULESALESORDERS><SYMBOL>sp</SYMBOL></CURRENCYENTITY></Document>