﻿<?xml version="1.0" encoding="utf-8"?><Document><LOGISTICSADDRESSDISTRICTV2ENTITY><CITYKEY>Waterdeep, SC, FAE</CITYKEY><COUNTRYREGIONID>FAE</COUNTRYREGIONID><COUNTYID></COUNTYID><DESCRIPTION>Castle Ward</DESCRIPTION><DISTRICT>Castle Ward</DISTRICT><STATEID>SC</STATEID></LOGISTICSADDRESSDISTRICTV2ENTITY><LOGISTICSADDRESSDISTRICTV2ENTITY><CITYKEY>Waterdeep, SC, FAE</CITYKEY><COUNTRYREGIONID>FAE</COUNTRYREGIONID><COUNTYID></COUNTYID><DESCRIPTION>City of the Dead</DESCRIPTION><DISTRICT>City of the Dead</DISTRICT><STATEID>SC</STATEID></LOGISTICSADDRESSDISTRICTV2ENTITY><LOGISTICSADDRESSDISTRICTV2ENTITY><CITYKEY>Waterdeep, SC, FAE</CITYKEY><COUNTRYREGIONID>FAE</COUNTRYREGIONID><COUNTYID></COUNTYID><DESCRIPTION>Deepwater Harbor</DESCRIPTION><DISTRICT>Deepwater Harbor</DISTRICT><STATEID>SC</STATEID></LOGISTICSADDRESSDISTRICTV2ENTITY><LOGISTICSADDRESSDISTRICTV2ENTITY><CITYKEY>Waterdeep, SC, FAE</CITYKEY><COUNTRYREGIONID>FAE</COUNTRYREGIONID><COUNTYID></COUNTYID><DESCRIPTION>Dock Ward</DESCRIPTION><DISTRICT>Dock Ward</DISTRICT><STATEID>SC</STATEID></LOGISTICSADDRESSDISTRICTV2ENTITY><LOGISTICSADDRESSDISTRICTV2ENTITY><CITYKEY>Waterdeep, SC, FAE</CITYKEY><COUNTRYREGIONID>FAE</COUNTRYREGIONID><COUNTYID></COUNTYID><DESCRIPTION>Downshadow</DESCRIPTION><DISTRICT>Downshadow</DISTRICT><STATEID>SC</STATEID></LOGISTICSADDRESSDISTRICTV2ENTITY><LOGISTICSADDRESSDISTRICTV2ENTITY><CITYKEY>Waterdeep, SC, FAE</CITYKEY><COUNTRYREGIONID>FAE</COUNTRYREGIONID><COUNTYID></COUNTYID><DESCRIPTION>Field Ward</DESCRIPTION><DISTRICT>Field Ward</DISTRICT><STATEID>SC</STATEID></LOGISTICSADDRESSDISTRICTV2ENTITY><LOGISTICSADDRESSDISTRICTV2ENTITY><CITYKEY>Waterdeep, SC, FAE</CITYKEY><COUNTRYREGIONID>FAE</COUNTRYREGIONID><COUNTYID></COUNTYID><DESCRIPTION>Great Harbor</DESCRIPTION><DISTRICT>Great Harbor</DISTRICT><STATEID>SC</STATEID></LOGISTICSADDRESSDISTRICTV2ENTITY><LOGISTICSADDRESSDISTRICTV2ENTITY><CITYKEY>Waterdeep, SC, FAE</CITYKEY><COUNTRYREGIONID>FAE</COUNTRYREGIONID><COUNTYID></COUNTYID><DESCRIPTION>Mountainside</DESCRIPTION><DISTRICT>Mountainside</DISTRICT><STATEID>SC</STATEID></LOGISTICSADDRESSDISTRICTV2ENTITY><LOGISTICSADDRESSDISTRICTV2ENTITY><CITYKEY>Waterdeep, SC, FAE</CITYKEY><COUNTRYREGIONID>FAE</COUNTRYREGIONID><COUNTYID></COUNTYID><DESCRIPTION>Naval Harbor</DESCRIPTION><DISTRICT>Naval Harbor</DISTRICT><STATEID>SC</STATEID></LOGISTICSADDRESSDISTRICTV2ENTITY><LOGISTICSADDRESSDISTRICTV2ENTITY><CITYKEY>Waterdeep, SC, FAE</CITYKEY><COUNTRYREGIONID>FAE</COUNTRYREGIONID><COUNTYID></COUNTYID><DESCRIPTION>North Ward</DESCRIPTION><DISTRICT>North Ward</DISTRICT><STATEID>SC</STATEID></LOGISTICSADDRESSDISTRICTV2ENTITY><LOGISTICSADDRESSDISTRICTV2ENTITY><CITYKEY>Waterdeep, SC, FAE</CITYKEY><COUNTRYREGIONID>FAE</COUNTRYREGIONID><COUNTYID></COUNTYID><DESCRIPTION>Sea Ward</DESCRIPTION><DISTRICT>Sea Ward</DISTRICT><STATEID>SC</STATEID></LOGISTICSADDRESSDISTRICTV2ENTITY><LOGISTICSADDRESSDISTRICTV2ENTITY><CITYKEY>Waterdeep, SC, FAE</CITYKEY><COUNTRYREGIONID>FAE</COUNTRYREGIONID><COUNTYID></COUNTYID><DESCRIPTION>South Ward</DESCRIPTION><DISTRICT>South Ward</DISTRICT><STATEID>SC</STATEID></LOGISTICSADDRESSDISTRICTV2ENTITY><LOGISTICSADDRESSDISTRICTV2ENTITY><CITYKEY>Waterdeep, SC, FAE</CITYKEY><COUNTRYREGIONID>FAE</COUNTRYREGIONID><COUNTYID></COUNTYID><DESCRIPTION>Textile Ward</DESCRIPTION><DISTRICT>Textile Ward</DISTRICT><STATEID>SC</STATEID></LOGISTICSADDRESSDISTRICTV2ENTITY><LOGISTICSADDRESSDISTRICTV2ENTITY><CITYKEY>Waterdeep, SC, FAE</CITYKEY><COUNTRYREGIONID>FAE</COUNTRYREGIONID><COUNTYID></COUNTYID><DESCRIPTION>The Cartways</DESCRIPTION><DISTRICT>The Cartways</DISTRICT><STATEID>SC</STATEID></LOGISTICSADDRESSDISTRICTV2ENTITY><LOGISTICSADDRESSDISTRICTV2ENTITY><CITYKEY>Waterdeep, SC, FAE</CITYKEY><COUNTRYREGIONID>FAE</COUNTRYREGIONID><COUNTYID></COUNTYID><DESCRIPTION>The Sewers</DESCRIPTION><DISTRICT>The Sewers</DISTRICT><STATEID>SC</STATEID></LOGISTICSADDRESSDISTRICTV2ENTITY><LOGISTICSADDRESSDISTRICTV2ENTITY><CITYKEY>Caer Callidyrr, MI, FAE</CITYKEY><COUNTRYREGIONID>FAE</COUNTRYREGIONID><COUNTYID></COUNTYID><DESCRIPTION>The Stewards Quarters</DESCRIPTION><DISTRICT>The Stewards Quarters</DISTRICT><STATEID>MI</STATEID></LOGISTICSADDRESSDISTRICTV2ENTITY><LOGISTICSADDRESSDISTRICTV2ENTITY><CITYKEY>Waterdeep, SC, FAE</CITYKEY><COUNTRYREGIONID>FAE</COUNTRYREGIONID><COUNTYID></COUNTYID><DESCRIPTION>The Warrens</DESCRIPTION><DISTRICT>The Warrens</DISTRICT><STATEID>SC</STATEID></LOGISTICSADDRESSDISTRICTV2ENTITY><LOGISTICSADDRESSDISTRICTV2ENTITY><CITYKEY>Waterdeep, SC, FAE</CITYKEY><COUNTRYREGIONID>FAE</COUNTRYREGIONID><COUNTYID></COUNTYID><DESCRIPTION>Trades Ward</DESCRIPTION><DISTRICT>Trades Ward</DISTRICT><STATEID>SC</STATEID></LOGISTICSADDRESSDISTRICTV2ENTITY><LOGISTICSADDRESSDISTRICTV2ENTITY><CITYKEY>Waterdeep, SC, FAE</CITYKEY><COUNTRYREGIONID>FAE</COUNTRYREGIONID><COUNTYID></COUNTYID><DESCRIPTION>Undercliff</DESCRIPTION><DISTRICT>Undercliff</DISTRICT><STATEID>SC</STATEID></LOGISTICSADDRESSDISTRICTV2ENTITY></Document>