﻿<?xml version="1.0" encoding="utf-8"?><Document><EXCHANGERATEENTITY><CONVERSIONFACTOR>One</CONVERSIONFACTOR><ENDDATE>2154-12-31T00:00:00</ENDDATE><FROMCURRENCY>FCP</FROMCURRENCY><RATE>0.1260000000000000</RATE><RATETYPEDESCRIPTION>Faerûn Exchange Rate</RATETYPEDESCRIPTION><RATETYPENAME>Faerûn</RATETYPENAME><STARTDATE>1900-01-01T00:00:00</STARTDATE><TOCURRENCY>FSD</TOCURRENCY></EXCHANGERATEENTITY><EXCHANGERATEENTITY><CONVERSIONFACTOR>One</CONVERSIONFACTOR><ENDDATE>2154-12-31T00:00:00</ENDDATE><FROMCURRENCY>FEP</FROMCURRENCY><RATE>25.0000000000000000</RATE><RATETYPEDESCRIPTION>Faerûn Exchange Rate</RATETYPEDESCRIPTION><RATETYPENAME>Faerûn</RATETYPENAME><STARTDATE>1900-01-01T00:00:00</STARTDATE><TOCURRENCY>FCP</TOCURRENCY></EXCHANGERATEENTITY><EXCHANGERATEENTITY><CONVERSIONFACTOR>One</CONVERSIONFACTOR><ENDDATE>2154-12-31T00:00:00</ENDDATE><FROMCURRENCY>FEP</FROMCURRENCY><RATE>6.3000000000000000</RATE><RATETYPEDESCRIPTION>Faerûn Exchange Rate</RATETYPEDESCRIPTION><RATETYPENAME>Faerûn</RATETYPENAME><STARTDATE>1900-01-01T00:00:00</STARTDATE><TOCURRENCY>FSD</TOCURRENCY></EXCHANGERATEENTITY><EXCHANGERATEENTITY><CONVERSIONFACTOR>One</CONVERSIONFACTOR><ENDDATE>2154-12-31T00:00:00</ENDDATE><FROMCURRENCY>FEP</FROMCURRENCY><RATE>5.0000000000000000</RATE><RATETYPEDESCRIPTION>Faerûn Exchange Rate</RATETYPEDESCRIPTION><RATETYPENAME>Faerûn</RATETYPENAME><STARTDATE>1900-01-01T00:00:00</STARTDATE><TOCURRENCY>FSP</TOCURRENCY></EXCHANGERATEENTITY><EXCHANGERATEENTITY><CONVERSIONFACTOR>One</CONVERSIONFACTOR><ENDDATE>2154-12-31T00:00:00</ENDDATE><FROMCURRENCY>FGP</FROMCURRENCY><RATE>50.0000000000000000</RATE><RATETYPEDESCRIPTION>Faerûn Exchange Rate</RATETYPEDESCRIPTION><RATETYPENAME>Faerûn</RATETYPENAME><STARTDATE>1900-01-01T00:00:00</STARTDATE><TOCURRENCY>FCP</TOCURRENCY></EXCHANGERATEENTITY><EXCHANGERATEENTITY><CONVERSIONFACTOR>One</CONVERSIONFACTOR><ENDDATE>2154-12-31T00:00:00</ENDDATE><FROMCURRENCY>FGP</FROMCURRENCY><RATE>2.0000000000000000</RATE><RATETYPEDESCRIPTION>Faerûn Exchange Rate</RATETYPEDESCRIPTION><RATETYPENAME>Faerûn</RATETYPENAME><STARTDATE>1900-01-01T00:00:00</STARTDATE><TOCURRENCY>FEP</TOCURRENCY></EXCHANGERATEENTITY><EXCHANGERATEENTITY><CONVERSIONFACTOR>One</CONVERSIONFACTOR><ENDDATE>2154-12-31T00:00:00</ENDDATE><FROMCURRENCY>FGP</FROMCURRENCY><RATE>12.6000000000000000</RATE><RATETYPEDESCRIPTION>Faerûn Exchange Rate</RATETYPEDESCRIPTION><RATETYPENAME>Faerûn</RATETYPENAME><STARTDATE>1900-01-01T00:00:00</STARTDATE><TOCURRENCY>FSD</TOCURRENCY></EXCHANGERATEENTITY><EXCHANGERATEENTITY><CONVERSIONFACTOR>One</CONVERSIONFACTOR><ENDDATE>2154-12-31T00:00:00</ENDDATE><FROMCURRENCY>FGP</FROMCURRENCY><RATE>10.0000000000000000</RATE><RATETYPEDESCRIPTION>Faerûn Exchange Rate</RATETYPEDESCRIPTION><RATETYPENAME>Faerûn</RATETYPENAME><STARTDATE>1900-01-01T00:00:00</STARTDATE><TOCURRENCY>FSP</TOCURRENCY></EXCHANGERATEENTITY><EXCHANGERATEENTITY><CONVERSIONFACTOR>One</CONVERSIONFACTOR><ENDDATE>2154-12-31T00:00:00</ENDDATE><FROMCURRENCY>FPP</FROMCURRENCY><RATE>250.0000000000000000</RATE><RATETYPEDESCRIPTION>Faerûn Exchange Rate</RATETYPEDESCRIPTION><RATETYPENAME>Faerûn</RATETYPENAME><STARTDATE>1900-01-01T00:00:00</STARTDATE><TOCURRENCY>FCP</TOCURRENCY></EXCHANGERATEENTITY><EXCHANGERATEENTITY><CONVERSIONFACTOR>One</CONVERSIONFACTOR><ENDDATE>2154-12-31T00:00:00</ENDDATE><FROMCURRENCY>FPP</FROMCURRENCY><RATE>10.0000000000000000</RATE><RATETYPEDESCRIPTION>Faerûn Exchange Rate</RATETYPEDESCRIPTION><RATETYPENAME>Faerûn</RATETYPENAME><STARTDATE>1900-01-01T00:00:00</STARTDATE><TOCURRENCY>FEP</TOCURRENCY></EXCHANGERATEENTITY><EXCHANGERATEENTITY><CONVERSIONFACTOR>One</CONVERSIONFACTOR><ENDDATE>2154-12-31T00:00:00</ENDDATE><FROMCURRENCY>FPP</FROMCURRENCY><RATE>5.0000000000000000</RATE><RATETYPEDESCRIPTION>Faerûn Exchange Rate</RATETYPEDESCRIPTION><RATETYPENAME>Faerûn</RATETYPENAME><STARTDATE>1900-01-01T00:00:00</STARTDATE><TOCURRENCY>FGP</TOCURRENCY></EXCHANGERATEENTITY><EXCHANGERATEENTITY><CONVERSIONFACTOR>One</CONVERSIONFACTOR><ENDDATE>2154-12-31T00:00:00</ENDDATE><FROMCURRENCY>FPP</FROMCURRENCY><RATE>126.0000000000000000</RATE><RATETYPEDESCRIPTION>Faerûn Exchange Rate</RATETYPEDESCRIPTION><RATETYPENAME>Faerûn</RATETYPENAME><STARTDATE>1900-01-01T00:00:00</STARTDATE><TOCURRENCY>FSD</TOCURRENCY></EXCHANGERATEENTITY><EXCHANGERATEENTITY><CONVERSIONFACTOR>One</CONVERSIONFACTOR><ENDDATE>2154-12-31T00:00:00</ENDDATE><FROMCURRENCY>FPP</FROMCURRENCY><RATE>50.0000000000000000</RATE><RATETYPEDESCRIPTION>Faerûn Exchange Rate</RATETYPEDESCRIPTION><RATETYPENAME>Faerûn</RATETYPENAME><STARTDATE>1900-01-01T00:00:00</STARTDATE><TOCURRENCY>FSP</TOCURRENCY></EXCHANGERATEENTITY><EXCHANGERATEENTITY><CONVERSIONFACTOR>One</CONVERSIONFACTOR><ENDDATE>2154-12-31T00:00:00</ENDDATE><FROMCURRENCY>FSP</FROMCURRENCY><RATE>10.0000000000000000</RATE><RATETYPEDESCRIPTION>Faerûn Exchange Rate</RATETYPEDESCRIPTION><RATETYPENAME>Faerûn</RATETYPENAME><STARTDATE>1900-01-01T00:00:00</STARTDATE><TOCURRENCY>FCP</TOCURRENCY></EXCHANGERATEENTITY><EXCHANGERATEENTITY><CONVERSIONFACTOR>One</CONVERSIONFACTOR><ENDDATE>2154-12-31T00:00:00</ENDDATE><FROMCURRENCY>FSP</FROMCURRENCY><RATE>1.2600000000000000</RATE><RATETYPEDESCRIPTION>Faerûn Exchange Rate</RATETYPEDESCRIPTION><RATETYPENAME>Faerûn</RATETYPENAME><STARTDATE>1900-01-01T00:00:00</STARTDATE><TOCURRENCY>FSD</TOCURRENCY></EXCHANGERATEENTITY></Document>