﻿<?xml version="1.0" encoding="utf-8"?><Document><DIMENSIONATTRIBUTEENTITY><DIMENSIONNAME>BusinessUnit</DIMENSIONNAME><BALANCINGDIMENSION_PSN>0</BALANCINGDIMENSION_PSN><COPYVALUESONCREATE>No</COPYVALUESONCREATE><DIMENSIONVALUEMASK></DIMENSIONVALUEMASK><GIVEDERIVEDDIMENSIONSPRECEDENCE>No</GIVEDERIVEDDIMENSIONSPRECEDENCE><ISBALANCING_PSN>No</ISBALANCING_PSN><REPORTCOLUMNNAME></REPORTCOLUMNNAME><USEVALUESFROM>Business units</USEVALUESFROM></DIMENSIONATTRIBUTEENTITY><DIMENSIONATTRIBUTEENTITY><DIMENSIONNAME>CostCenter</DIMENSIONNAME><BALANCINGDIMENSION_PSN>0</BALANCINGDIMENSION_PSN><COPYVALUESONCREATE>No</COPYVALUESONCREATE><DIMENSIONVALUEMASK></DIMENSIONVALUEMASK><GIVEDERIVEDDIMENSIONSPRECEDENCE>No</GIVEDERIVEDDIMENSIONSPRECEDENCE><ISBALANCING_PSN>No</ISBALANCING_PSN><REPORTCOLUMNNAME></REPORTCOLUMNNAME><USEVALUESFROM>Cost centers</USEVALUESFROM></DIMENSIONATTRIBUTEENTITY><DIMENSIONATTRIBUTEENTITY><DIMENSIONNAME>Department</DIMENSIONNAME><BALANCINGDIMENSION_PSN>0</BALANCINGDIMENSION_PSN><COPYVALUESONCREATE>No</COPYVALUESONCREATE><DIMENSIONVALUEMASK></DIMENSIONVALUEMASK><GIVEDERIVEDDIMENSIONSPRECEDENCE>No</GIVEDERIVEDDIMENSIONSPRECEDENCE><ISBALANCING_PSN>No</ISBALANCING_PSN><REPORTCOLUMNNAME></REPORTCOLUMNNAME><USEVALUESFROM>Departments</USEVALUESFROM></DIMENSIONATTRIBUTEENTITY></Document>