﻿<?xml version="1.0" encoding="utf-8"?><Document><FINANCIALDIMENSIONSETENTITY><DESCRIPTION>Main account set</DESCRIPTION><FOCUSSTATE>NotInitialized</FOCUSSTATE><NAME>Main account set</NAME><SEGMENTNAME01>MainAccount</SEGMENTNAME01><SEGMENTNAME02></SEGMENTNAME02><SEGMENTNAME03></SEGMENTNAME03><SEGMENTNAME04></SEGMENTNAME04><SEGMENTNAME05></SEGMENTNAME05><SEGMENTNAME06></SEGMENTNAME06><SEGMENTNAME07></SEGMENTNAME07><SEGMENTNAME08></SEGMENTNAME08><SEGMENTNAME09></SEGMENTNAME09><SEGMENTNAME10></SEGMENTNAME10><SEGMENTNAME11></SEGMENTNAME11></FINANCIALDIMENSIONSETENTITY></Document>