﻿<?xml version="1.0" encoding="utf-8"?><Document><DIMENSIONATTRIBUTETRANSLATIONENTITY><FINANCIALDIMENSION>BusinessUnit</FINANCIALDIMENSION><LANGUAGECODE>en-US</LANGUAGECODE><TRANSLATEDFINANCIALDIMENSION>BusinessUnit</TRANSLATEDFINANCIALDIMENSION></DIMENSIONATTRIBUTETRANSLATIONENTITY><DIMENSIONATTRIBUTETRANSLATIONENTITY><FINANCIALDIMENSION>CostCenter</FINANCIALDIMENSION><LANGUAGECODE>en-US</LANGUAGECODE><TRANSLATEDFINANCIALDIMENSION>CostCenter</TRANSLATEDFINANCIALDIMENSION></DIMENSIONATTRIBUTETRANSLATIONENTITY><DIMENSIONATTRIBUTETRANSLATIONENTITY><FINANCIALDIMENSION>Department</FINANCIALDIMENSION><LANGUAGECODE>en-US</LANGUAGECODE><TRANSLATEDFINANCIALDIMENSION>Department</TRANSLATEDFINANCIALDIMENSION></DIMENSIONATTRIBUTETRANSLATIONENTITY></Document>