﻿<?xml version="1.0" encoding="utf-8"?><Document><FISCALYEARENTITY><CALENDAR>STANDARD</CALENDAR><DESCRIPTION>Standard Fiscal Calendar</DESCRIPTION><ENDDATE>2024-12-31T00:00:00</ENDDATE><FISCALYEAR>2024</FISCALYEAR><STARTDATE>2024-01-01T00:00:00</STARTDATE></FISCALYEARENTITY><FISCALYEARENTITY><CALENDAR>STANDARD</CALENDAR><DESCRIPTION>Standard Fiscal Calendar</DESCRIPTION><ENDDATE>2025-12-31T00:00:00</ENDDATE><FISCALYEAR>2025</FISCALYEAR><STARTDATE>2025-01-01T00:00:00</STARTDATE></FISCALYEARENTITY><FISCALYEARENTITY><CALENDAR>STANDARD</CALENDAR><DESCRIPTION>Standard Fiscal Calendar</DESCRIPTION><ENDDATE>2026-12-31T00:00:00</ENDDATE><FISCALYEAR>2026</FISCALYEAR><STARTDATE>2026-01-01T00:00:00</STARTDATE></FISCALYEARENTITY><FISCALYEARENTITY><CALENDAR>STANDARD</CALENDAR><DESCRIPTION>Standard Fiscal Calendar</DESCRIPTION><ENDDATE>2027-12-31T00:00:00</ENDDATE><FISCALYEAR>2027</FISCALYEAR><STARTDATE>2027-01-01T00:00:00</STARTDATE></FISCALYEARENTITY><FISCALYEARENTITY><CALENDAR>STANDARD</CALENDAR><DESCRIPTION>Standard Fiscal Calendar</DESCRIPTION><ENDDATE>2028-12-31T00:00:00</ENDDATE><FISCALYEAR>2028</FISCALYEAR><STARTDATE>2028-01-01T00:00:00</STARTDATE></FISCALYEARENTITY><FISCALYEARENTITY><CALENDAR>STANDARD</CALENDAR><DESCRIPTION>Standard Fiscal Calendar</DESCRIPTION><ENDDATE>2029-12-31T00:00:00</ENDDATE><FISCALYEAR>2029</FISCALYEAR><STARTDATE>2029-01-01T00:00:00</STARTDATE></FISCALYEARENTITY></Document>