﻿<?xml version="1.0" encoding="utf-8"?><Document><FISCALPERIODENTITY><CALENDAR>STANDARD</CALENDAR><COMMENTS></COMMENTS><ENDDATE>2024-01-01T00:00:00</ENDDATE><FISCALYEAR>2024</FISCALYEAR><MONTH>Month1</MONTH><PERIODNAME>Period 0</PERIODNAME><QUARTER>Q1</QUARTER><SHORTNAME></SHORTNAME><STARTDATE>2024-01-01T00:00:00</STARTDATE><TYPE>Opening</TYPE></FISCALPERIODENTITY><FISCALPERIODENTITY><CALENDAR>STANDARD</CALENDAR><COMMENTS></COMMENTS><ENDDATE>2024-01-31T00:00:00</ENDDATE><FISCALYEAR>2024</FISCALYEAR><MONTH>Month1</MONTH><PERIODNAME>Period 1</PERIODNAME><QUARTER>Q1</QUARTER><SHORTNAME></SHORTNAME><STARTDATE>2024-01-01T00:00:00</STARTDATE><TYPE>Operating</TYPE></FISCALPERIODENTITY><FISCALPERIODENTITY><CALENDAR>STANDARD</CALENDAR><COMMENTS></COMMENTS><ENDDATE>2024-02-29T00:00:00</ENDDATE><FISCALYEAR>2024</FISCALYEAR><MONTH>Month2</MONTH><PERIODNAME>Period 2</PERIODNAME><QUARTER>Q1</QUARTER><SHORTNAME></SHORTNAME><STARTDATE>2024-02-01T00:00:00</STARTDATE><TYPE>Operating</TYPE></FISCALPERIODENTITY><FISCALPERIODENTITY><CALENDAR>STANDARD</CALENDAR><COMMENTS></COMMENTS><ENDDATE>2024-03-31T00:00:00</ENDDATE><FISCALYEAR>2024</FISCALYEAR><MONTH>Month3</MONTH><PERIODNAME>Period 3</PERIODNAME><QUARTER>Q1</QUARTER><SHORTNAME></SHORTNAME><STARTDATE>2024-03-01T00:00:00</STARTDATE><TYPE>Operating</TYPE></FISCALPERIODENTITY><FISCALPERIODENTITY><CALENDAR>STANDARD</CALENDAR><COMMENTS></COMMENTS><ENDDATE>2024-04-30T00:00:00</ENDDATE><FISCALYEAR>2024</FISCALYEAR><MONTH>Month4</MONTH><PERIODNAME>Period 4</PERIODNAME><QUARTER>Q2</QUARTER><SHORTNAME></SHORTNAME><STARTDATE>2024-04-01T00:00:00</STARTDATE><TYPE>Operating</TYPE></FISCALPERIODENTITY><FISCALPERIODENTITY><CALENDAR>STANDARD</CALENDAR><COMMENTS></COMMENTS><ENDDATE>2024-05-31T00:00:00</ENDDATE><FISCALYEAR>2024</FISCALYEAR><MONTH>Month5</MONTH><PERIODNAME>Period 5</PERIODNAME><QUARTER>Q2</QUARTER><SHORTNAME></SHORTNAME><STARTDATE>2024-05-01T00:00:00</STARTDATE><TYPE>Operating</TYPE></FISCALPERIODENTITY><FISCALPERIODENTITY><CALENDAR>STANDARD</CALENDAR><COMMENTS></COMMENTS><ENDDATE>2024-06-30T00:00:00</ENDDATE><FISCALYEAR>2024</FISCALYEAR><MONTH>Month6</MONTH><PERIODNAME>Period 6</PERIODNAME><QUARTER>Q2</QUARTER><SHORTNAME></SHORTNAME><STARTDATE>2024-06-01T00:00:00</STARTDATE><TYPE>Operating</TYPE></FISCALPERIODENTITY><FISCALPERIODENTITY><CALENDAR>STANDARD</CALENDAR><COMMENTS></COMMENTS><ENDDATE>2024-07-31T00:00:00</ENDDATE><FISCALYEAR>2024</FISCALYEAR><MONTH>Month7</MONTH><PERIODNAME>Period 7</PERIODNAME><QUARTER>Q3</QUARTER><SHORTNAME></SHORTNAME><STARTDATE>2024-07-01T00:00:00</STARTDATE><TYPE>Operating</TYPE></FISCALPERIODENTITY><FISCALPERIODENTITY><CALENDAR>STANDARD</CALENDAR><COMMENTS></COMMENTS><ENDDATE>2024-08-31T00:00:00</ENDDATE><FISCALYEAR>2024</FISCALYEAR><MONTH>Month8</MONTH><PERIODNAME>Period 8</PERIODNAME><QUARTER>Q3</QUARTER><SHORTNAME></SHORTNAME><STARTDATE>2024-08-01T00:00:00</STARTDATE><TYPE>Operating</TYPE></FISCALPERIODENTITY><FISCALPERIODENTITY><CALENDAR>STANDARD</CALENDAR><COMMENTS></COMMENTS><ENDDATE>2024-09-30T00:00:00</ENDDATE><FISCALYEAR>2024</FISCALYEAR><MONTH>Month9</MONTH><PERIODNAME>Period 9</PERIODNAME><QUARTER>Q3</QUARTER><SHORTNAME></SHORTNAME><STARTDATE>2024-09-01T00:00:00</STARTDATE><TYPE>Operating</TYPE></FISCALPERIODENTITY><FISCALPERIODENTITY><CALENDAR>STANDARD</CALENDAR><COMMENTS></COMMENTS><ENDDATE>2024-10-31T00:00:00</ENDDATE><FISCALYEAR>2024</FISCALYEAR><MONTH>Month10</MONTH><PERIODNAME>Period 10</PERIODNAME><QUARTER>Q4</QUARTER><SHORTNAME></SHORTNAME><STARTDATE>2024-10-01T00:00:00</STARTDATE><TYPE>Operating</TYPE></FISCALPERIODENTITY><FISCALPERIODENTITY><CALENDAR>STANDARD</CALENDAR><COMMENTS></COMMENTS><ENDDATE>2024-11-30T00:00:00</ENDDATE><FISCALYEAR>2024</FISCALYEAR><MONTH>Month11</MONTH><PERIODNAME>Period 11</PERIODNAME><QUARTER>Q4</QUARTER><SHORTNAME></SHORTNAME><STARTDATE>2024-11-01T00:00:00</STARTDATE><TYPE>Operating</TYPE></FISCALPERIODENTITY><FISCALPERIODENTITY><CALENDAR>STANDARD</CALENDAR><COMMENTS></COMMENTS><ENDDATE>2024-12-31T00:00:00</ENDDATE><FISCALYEAR>2024</FISCALYEAR><MONTH>Month12</MONTH><PERIODNAME>Period 12</PERIODNAME><QUARTER>Q4</QUARTER><SHORTNAME></SHORTNAME><STARTDATE>2024-12-01T00:00:00</STARTDATE><TYPE>Operating</TYPE></FISCALPERIODENTITY><FISCALPERIODENTITY><CALENDAR>STANDARD</CALENDAR><COMMENTS></COMMENTS><ENDDATE>2024-12-31T00:00:00</ENDDATE><FISCALYEAR>2024</FISCALYEAR><MONTH>Month12</MONTH><PERIODNAME>Period 13</PERIODNAME><QUARTER>Q4</QUARTER><SHORTNAME></SHORTNAME><STARTDATE>2024-12-31T00:00:00</STARTDATE><TYPE>Closing</TYPE></FISCALPERIODENTITY><FISCALPERIODENTITY><CALENDAR>STANDARD</CALENDAR><COMMENTS></COMMENTS><ENDDATE>2025-01-01T00:00:00</ENDDATE><FISCALYEAR>2025</FISCALYEAR><MONTH>Month1</MONTH><PERIODNAME>Period 0</PERIODNAME><QUARTER>Q1</QUARTER><SHORTNAME></SHORTNAME><STARTDATE>2025-01-01T00:00:00</STARTDATE><TYPE>Opening</TYPE></FISCALPERIODENTITY><FISCALPERIODENTITY><CALENDAR>STANDARD</CALENDAR><COMMENTS></COMMENTS><ENDDATE>2025-01-31T00:00:00</ENDDATE><FISCALYEAR>2025</FISCALYEAR><MONTH>Month1</MONTH><PERIODNAME>Period 1</PERIODNAME><QUARTER>Q1</QUARTER><SHORTNAME></SHORTNAME><STARTDATE>2025-01-01T00:00:00</STARTDATE><TYPE>Operating</TYPE></FISCALPERIODENTITY><FISCALPERIODENTITY><CALENDAR>STANDARD</CALENDAR><COMMENTS></COMMENTS><ENDDATE>2025-02-28T00:00:00</ENDDATE><FISCALYEAR>2025</FISCALYEAR><MONTH>Month2</MONTH><PERIODNAME>Period 2</PERIODNAME><QUARTER>Q1</QUARTER><SHORTNAME></SHORTNAME><STARTDATE>2025-02-01T00:00:00</STARTDATE><TYPE>Operating</TYPE></FISCALPERIODENTITY><FISCALPERIODENTITY><CALENDAR>STANDARD</CALENDAR><COMMENTS></COMMENTS><ENDDATE>2025-03-31T00:00:00</ENDDATE><FISCALYEAR>2025</FISCALYEAR><MONTH>Month3</MONTH><PERIODNAME>Period 3</PERIODNAME><QUARTER>Q1</QUARTER><SHORTNAME></SHORTNAME><STARTDATE>2025-03-01T00:00:00</STARTDATE><TYPE>Operating</TYPE></FISCALPERIODENTITY><FISCALPERIODENTITY><CALENDAR>STANDARD</CALENDAR><COMMENTS></COMMENTS><ENDDATE>2025-04-30T00:00:00</ENDDATE><FISCALYEAR>2025</FISCALYEAR><MONTH>Month4</MONTH><PERIODNAME>Period 4</PERIODNAME><QUARTER>Q2</QUARTER><SHORTNAME></SHORTNAME><STARTDATE>2025-04-01T00:00:00</STARTDATE><TYPE>Operating</TYPE></FISCALPERIODENTITY><FISCALPERIODENTITY><CALENDAR>STANDARD</CALENDAR><COMMENTS></COMMENTS><ENDDATE>2025-05-31T00:00:00</ENDDATE><FISCALYEAR>2025</FISCALYEAR><MONTH>Month5</MONTH><PERIODNAME>Period 5</PERIODNAME><QUARTER>Q2</QUARTER><SHORTNAME></SHORTNAME><STARTDATE>2025-05-01T00:00:00</STARTDATE><TYPE>Operating</TYPE></FISCALPERIODENTITY><FISCALPERIODENTITY><CALENDAR>STANDARD</CALENDAR><COMMENTS></COMMENTS><ENDDATE>2025-06-30T00:00:00</ENDDATE><FISCALYEAR>2025</FISCALYEAR><MONTH>Month6</MONTH><PERIODNAME>Period 6</PERIODNAME><QUARTER>Q2</QUARTER><SHORTNAME></SHORTNAME><STARTDATE>2025-06-01T00:00:00</STARTDATE><TYPE>Operating</TYPE></FISCALPERIODENTITY><FISCALPERIODENTITY><CALENDAR>STANDARD</CALENDAR><COMMENTS></COMMENTS><ENDDATE>2025-07-31T00:00:00</ENDDATE><FISCALYEAR>2025</FISCALYEAR><MONTH>Month7</MONTH><PERIODNAME>Period 7</PERIODNAME><QUARTER>Q3</QUARTER><SHORTNAME></SHORTNAME><STARTDATE>2025-07-01T00:00:00</STARTDATE><TYPE>Operating</TYPE></FISCALPERIODENTITY><FISCALPERIODENTITY><CALENDAR>STANDARD</CALENDAR><COMMENTS></COMMENTS><ENDDATE>2025-08-31T00:00:00</ENDDATE><FISCALYEAR>2025</FISCALYEAR><MONTH>Month8</MONTH><PERIODNAME>Period 8</PERIODNAME><QUARTER>Q3</QUARTER><SHORTNAME></SHORTNAME><STARTDATE>2025-08-01T00:00:00</STARTDATE><TYPE>Operating</TYPE></FISCALPERIODENTITY><FISCALPERIODENTITY><CALENDAR>STANDARD</CALENDAR><COMMENTS></COMMENTS><ENDDATE>2025-09-30T00:00:00</ENDDATE><FISCALYEAR>2025</FISCALYEAR><MONTH>Month9</MONTH><PERIODNAME>Period 9</PERIODNAME><QUARTER>Q3</QUARTER><SHORTNAME></SHORTNAME><STARTDATE>2025-09-01T00:00:00</STARTDATE><TYPE>Operating</TYPE></FISCALPERIODENTITY><FISCALPERIODENTITY><CALENDAR>STANDARD</CALENDAR><COMMENTS></COMMENTS><ENDDATE>2025-10-31T00:00:00</ENDDATE><FISCALYEAR>2025</FISCALYEAR><MONTH>Month10</MONTH><PERIODNAME>Period 10</PERIODNAME><QUARTER>Q4</QUARTER><SHORTNAME></SHORTNAME><STARTDATE>2025-10-01T00:00:00</STARTDATE><TYPE>Operating</TYPE></FISCALPERIODENTITY><FISCALPERIODENTITY><CALENDAR>STANDARD</CALENDAR><COMMENTS></COMMENTS><ENDDATE>2025-11-30T00:00:00</ENDDATE><FISCALYEAR>2025</FISCALYEAR><MONTH>Month11</MONTH><PERIODNAME>Period 11</PERIODNAME><QUARTER>Q4</QUARTER><SHORTNAME></SHORTNAME><STARTDATE>2025-11-01T00:00:00</STARTDATE><TYPE>Operating</TYPE></FISCALPERIODENTITY><FISCALPERIODENTITY><CALENDAR>STANDARD</CALENDAR><COMMENTS></COMMENTS><ENDDATE>2025-12-31T00:00:00</ENDDATE><FISCALYEAR>2025</FISCALYEAR><MONTH>Month12</MONTH><PERIODNAME>Period 12</PERIODNAME><QUARTER>Q4</QUARTER><SHORTNAME></SHORTNAME><STARTDATE>2025-12-01T00:00:00</STARTDATE><TYPE>Operating</TYPE></FISCALPERIODENTITY><FISCALPERIODENTITY><CALENDAR>STANDARD</CALENDAR><COMMENTS></COMMENTS><ENDDATE>2025-12-31T00:00:00</ENDDATE><FISCALYEAR>2025</FISCALYEAR><MONTH>Month12</MONTH><PERIODNAME>Period 13</PERIODNAME><QUARTER>Q4</QUARTER><SHORTNAME></SHORTNAME><STARTDATE>2025-12-31T00:00:00</STARTDATE><TYPE>Closing</TYPE></FISCALPERIODENTITY><FISCALPERIODENTITY><CALENDAR>STANDARD</CALENDAR><COMMENTS></COMMENTS><ENDDATE>2026-01-01T00:00:00</ENDDATE><FISCALYEAR>2026</FISCALYEAR><MONTH>Month1</MONTH><PERIODNAME>Period 0</PERIODNAME><QUARTER>Q1</QUARTER><SHORTNAME></SHORTNAME><STARTDATE>2026-01-01T00:00:00</STARTDATE><TYPE>Opening</TYPE></FISCALPERIODENTITY><FISCALPERIODENTITY><CALENDAR>STANDARD</CALENDAR><COMMENTS></COMMENTS><ENDDATE>2026-01-31T00:00:00</ENDDATE><FISCALYEAR>2026</FISCALYEAR><MONTH>Month1</MONTH><PERIODNAME>Period 1</PERIODNAME><QUARTER>Q1</QUARTER><SHORTNAME></SHORTNAME><STARTDATE>2026-01-01T00:00:00</STARTDATE><TYPE>Operating</TYPE></FISCALPERIODENTITY><FISCALPERIODENTITY><CALENDAR>STANDARD</CALENDAR><COMMENTS></COMMENTS><ENDDATE>2026-02-28T00:00:00</ENDDATE><FISCALYEAR>2026</FISCALYEAR><MONTH>Month2</MONTH><PERIODNAME>Period 2</PERIODNAME><QUARTER>Q1</QUARTER><SHORTNAME></SHORTNAME><STARTDATE>2026-02-01T00:00:00</STARTDATE><TYPE>Operating</TYPE></FISCALPERIODENTITY><FISCALPERIODENTITY><CALENDAR>STANDARD</CALENDAR><COMMENTS></COMMENTS><ENDDATE>2026-03-31T00:00:00</ENDDATE><FISCALYEAR>2026</FISCALYEAR><MONTH>Month3</MONTH><PERIODNAME>Period 3</PERIODNAME><QUARTER>Q1</QUARTER><SHORTNAME></SHORTNAME><STARTDATE>2026-03-01T00:00:00</STARTDATE><TYPE>Operating</TYPE></FISCALPERIODENTITY><FISCALPERIODENTITY><CALENDAR>STANDARD</CALENDAR><COMMENTS></COMMENTS><ENDDATE>2026-04-30T00:00:00</ENDDATE><FISCALYEAR>2026</FISCALYEAR><MONTH>Month4</MONTH><PERIODNAME>Period 4</PERIODNAME><QUARTER>Q2</QUARTER><SHORTNAME></SHORTNAME><STARTDATE>2026-04-01T00:00:00</STARTDATE><TYPE>Operating</TYPE></FISCALPERIODENTITY><FISCALPERIODENTITY><CALENDAR>STANDARD</CALENDAR><COMMENTS></COMMENTS><ENDDATE>2026-05-31T00:00:00</ENDDATE><FISCALYEAR>2026</FISCALYEAR><MONTH>Month5</MONTH><PERIODNAME>Period 5</PERIODNAME><QUARTER>Q2</QUARTER><SHORTNAME></SHORTNAME><STARTDATE>2026-05-01T00:00:00</STARTDATE><TYPE>Operating</TYPE></FISCALPERIODENTITY><FISCALPERIODENTITY><CALENDAR>STANDARD</CALENDAR><COMMENTS></COMMENTS><ENDDATE>2026-06-30T00:00:00</ENDDATE><FISCALYEAR>2026</FISCALYEAR><MONTH>Month6</MONTH><PERIODNAME>Period 6</PERIODNAME><QUARTER>Q2</QUARTER><SHORTNAME></SHORTNAME><STARTDATE>2026-06-01T00:00:00</STARTDATE><TYPE>Operating</TYPE></FISCALPERIODENTITY><FISCALPERIODENTITY><CALENDAR>STANDARD</CALENDAR><COMMENTS></COMMENTS><ENDDATE>2026-07-31T00:00:00</ENDDATE><FISCALYEAR>2026</FISCALYEAR><MONTH>Month7</MONTH><PERIODNAME>Period 7</PERIODNAME><QUARTER>Q3</QUARTER><SHORTNAME></SHORTNAME><STARTDATE>2026-07-01T00:00:00</STARTDATE><TYPE>Operating</TYPE></FISCALPERIODENTITY><FISCALPERIODENTITY><CALENDAR>STANDARD</CALENDAR><COMMENTS></COMMENTS><ENDDATE>2026-08-31T00:00:00</ENDDATE><FISCALYEAR>2026</FISCALYEAR><MONTH>Month8</MONTH><PERIODNAME>Period 8</PERIODNAME><QUARTER>Q3</QUARTER><SHORTNAME></SHORTNAME><STARTDATE>2026-08-01T00:00:00</STARTDATE><TYPE>Operating</TYPE></FISCALPERIODENTITY><FISCALPERIODENTITY><CALENDAR>STANDARD</CALENDAR><COMMENTS></COMMENTS><ENDDATE>2026-09-30T00:00:00</ENDDATE><FISCALYEAR>2026</FISCALYEAR><MONTH>Month9</MONTH><PERIODNAME>Period 9</PERIODNAME><QUARTER>Q3</QUARTER><SHORTNAME></SHORTNAME><STARTDATE>2026-09-01T00:00:00</STARTDATE><TYPE>Operating</TYPE></FISCALPERIODENTITY><FISCALPERIODENTITY><CALENDAR>STANDARD</CALENDAR><COMMENTS></COMMENTS><ENDDATE>2026-10-31T00:00:00</ENDDATE><FISCALYEAR>2026</FISCALYEAR><MONTH>Month10</MONTH><PERIODNAME>Period 10</PERIODNAME><QUARTER>Q4</QUARTER><SHORTNAME></SHORTNAME><STARTDATE>2026-10-01T00:00:00</STARTDATE><TYPE>Operating</TYPE></FISCALPERIODENTITY><FISCALPERIODENTITY><CALENDAR>STANDARD</CALENDAR><COMMENTS></COMMENTS><ENDDATE>2026-11-30T00:00:00</ENDDATE><FISCALYEAR>2026</FISCALYEAR><MONTH>Month11</MONTH><PERIODNAME>Period 11</PERIODNAME><QUARTER>Q4</QUARTER><SHORTNAME></SHORTNAME><STARTDATE>2026-11-01T00:00:00</STARTDATE><TYPE>Operating</TYPE></FISCALPERIODENTITY><FISCALPERIODENTITY><CALENDAR>STANDARD</CALENDAR><COMMENTS></COMMENTS><ENDDATE>2026-12-31T00:00:00</ENDDATE><FISCALYEAR>2026</FISCALYEAR><MONTH>Month12</MONTH><PERIODNAME>Period 12</PERIODNAME><QUARTER>Q4</QUARTER><SHORTNAME></SHORTNAME><STARTDATE>2026-12-01T00:00:00</STARTDATE><TYPE>Operating</TYPE></FISCALPERIODENTITY><FISCALPERIODENTITY><CALENDAR>STANDARD</CALENDAR><COMMENTS></COMMENTS><ENDDATE>2026-12-31T00:00:00</ENDDATE><FISCALYEAR>2026</FISCALYEAR><MONTH>Month12</MONTH><PERIODNAME>Period 13</PERIODNAME><QUARTER>Q4</QUARTER><SHORTNAME></SHORTNAME><STARTDATE>2026-12-31T00:00:00</STARTDATE><TYPE>Closing</TYPE></FISCALPERIODENTITY><FISCALPERIODENTITY><CALENDAR>STANDARD</CALENDAR><COMMENTS></COMMENTS><ENDDATE>2027-01-01T00:00:00</ENDDATE><FISCALYEAR>2027</FISCALYEAR><MONTH>Month1</MONTH><PERIODNAME>Period 0</PERIODNAME><QUARTER>Q1</QUARTER><SHORTNAME></SHORTNAME><STARTDATE>2027-01-01T00:00:00</STARTDATE><TYPE>Opening</TYPE></FISCALPERIODENTITY><FISCALPERIODENTITY><CALENDAR>STANDARD</CALENDAR><COMMENTS></COMMENTS><ENDDATE>2027-01-31T00:00:00</ENDDATE><FISCALYEAR>2027</FISCALYEAR><MONTH>Month1</MONTH><PERIODNAME>Period 1</PERIODNAME><QUARTER>Q1</QUARTER><SHORTNAME></SHORTNAME><STARTDATE>2027-01-01T00:00:00</STARTDATE><TYPE>Operating</TYPE></FISCALPERIODENTITY><FISCALPERIODENTITY><CALENDAR>STANDARD</CALENDAR><COMMENTS></COMMENTS><ENDDATE>2027-02-28T00:00:00</ENDDATE><FISCALYEAR>2027</FISCALYEAR><MONTH>Month2</MONTH><PERIODNAME>Period 2</PERIODNAME><QUARTER>Q1</QUARTER><SHORTNAME></SHORTNAME><STARTDATE>2027-02-01T00:00:00</STARTDATE><TYPE>Operating</TYPE></FISCALPERIODENTITY><FISCALPERIODENTITY><CALENDAR>STANDARD</CALENDAR><COMMENTS></COMMENTS><ENDDATE>2027-03-31T00:00:00</ENDDATE><FISCALYEAR>2027</FISCALYEAR><MONTH>Month3</MONTH><PERIODNAME>Period 3</PERIODNAME><QUARTER>Q1</QUARTER><SHORTNAME></SHORTNAME><STARTDATE>2027-03-01T00:00:00</STARTDATE><TYPE>Operating</TYPE></FISCALPERIODENTITY><FISCALPERIODENTITY><CALENDAR>STANDARD</CALENDAR><COMMENTS></COMMENTS><ENDDATE>2027-04-30T00:00:00</ENDDATE><FISCALYEAR>2027</FISCALYEAR><MONTH>Month4</MONTH><PERIODNAME>Period 4</PERIODNAME><QUARTER>Q2</QUARTER><SHORTNAME></SHORTNAME><STARTDATE>2027-04-01T00:00:00</STARTDATE><TYPE>Operating</TYPE></FISCALPERIODENTITY><FISCALPERIODENTITY><CALENDAR>STANDARD</CALENDAR><COMMENTS></COMMENTS><ENDDATE>2027-05-31T00:00:00</ENDDATE><FISCALYEAR>2027</FISCALYEAR><MONTH>Month5</MONTH><PERIODNAME>Period 5</PERIODNAME><QUARTER>Q2</QUARTER><SHORTNAME></SHORTNAME><STARTDATE>2027-05-01T00:00:00</STARTDATE><TYPE>Operating</TYPE></FISCALPERIODENTITY><FISCALPERIODENTITY><CALENDAR>STANDARD</CALENDAR><COMMENTS></COMMENTS><ENDDATE>2027-06-30T00:00:00</ENDDATE><FISCALYEAR>2027</FISCALYEAR><MONTH>Month6</MONTH><PERIODNAME>Period 6</PERIODNAME><QUARTER>Q2</QUARTER><SHORTNAME></SHORTNAME><STARTDATE>2027-06-01T00:00:00</STARTDATE><TYPE>Operating</TYPE></FISCALPERIODENTITY><FISCALPERIODENTITY><CALENDAR>STANDARD</CALENDAR><COMMENTS></COMMENTS><ENDDATE>2027-07-31T00:00:00</ENDDATE><FISCALYEAR>2027</FISCALYEAR><MONTH>Month7</MONTH><PERIODNAME>Period 7</PERIODNAME><QUARTER>Q3</QUARTER><SHORTNAME></SHORTNAME><STARTDATE>2027-07-01T00:00:00</STARTDATE><TYPE>Operating</TYPE></FISCALPERIODENTITY><FISCALPERIODENTITY><CALENDAR>STANDARD</CALENDAR><COMMENTS></COMMENTS><ENDDATE>2027-08-31T00:00:00</ENDDATE><FISCALYEAR>2027</FISCALYEAR><MONTH>Month8</MONTH><PERIODNAME>Period 8</PERIODNAME><QUARTER>Q3</QUARTER><SHORTNAME></SHORTNAME><STARTDATE>2027-08-01T00:00:00</STARTDATE><TYPE>Operating</TYPE></FISCALPERIODENTITY><FISCALPERIODENTITY><CALENDAR>STANDARD</CALENDAR><COMMENTS></COMMENTS><ENDDATE>2027-09-30T00:00:00</ENDDATE><FISCALYEAR>2027</FISCALYEAR><MONTH>Month9</MONTH><PERIODNAME>Period 9</PERIODNAME><QUARTER>Q3</QUARTER><SHORTNAME></SHORTNAME><STARTDATE>2027-09-01T00:00:00</STARTDATE><TYPE>Operating</TYPE></FISCALPERIODENTITY><FISCALPERIODENTITY><CALENDAR>STANDARD</CALENDAR><COMMENTS></COMMENTS><ENDDATE>2027-10-31T00:00:00</ENDDATE><FISCALYEAR>2027</FISCALYEAR><MONTH>Month10</MONTH><PERIODNAME>Period 10</PERIODNAME><QUARTER>Q4</QUARTER><SHORTNAME></SHORTNAME><STARTDATE>2027-10-01T00:00:00</STARTDATE><TYPE>Operating</TYPE></FISCALPERIODENTITY><FISCALPERIODENTITY><CALENDAR>STANDARD</CALENDAR><COMMENTS></COMMENTS><ENDDATE>2027-11-30T00:00:00</ENDDATE><FISCALYEAR>2027</FISCALYEAR><MONTH>Month11</MONTH><PERIODNAME>Period 11</PERIODNAME><QUARTER>Q4</QUARTER><SHORTNAME></SHORTNAME><STARTDATE>2027-11-01T00:00:00</STARTDATE><TYPE>Operating</TYPE></FISCALPERIODENTITY><FISCALPERIODENTITY><CALENDAR>STANDARD</CALENDAR><COMMENTS></COMMENTS><ENDDATE>2027-12-31T00:00:00</ENDDATE><FISCALYEAR>2027</FISCALYEAR><MONTH>Month12</MONTH><PERIODNAME>Period 12</PERIODNAME><QUARTER>Q4</QUARTER><SHORTNAME></SHORTNAME><STARTDATE>2027-12-01T00:00:00</STARTDATE><TYPE>Operating</TYPE></FISCALPERIODENTITY><FISCALPERIODENTITY><CALENDAR>STANDARD</CALENDAR><COMMENTS></COMMENTS><ENDDATE>2027-12-31T00:00:00</ENDDATE><FISCALYEAR>2027</FISCALYEAR><MONTH>Month12</MONTH><PERIODNAME>Period 13</PERIODNAME><QUARTER>Q4</QUARTER><SHORTNAME></SHORTNAME><STARTDATE>2027-12-31T00:00:00</STARTDATE><TYPE>Closing</TYPE></FISCALPERIODENTITY><FISCALPERIODENTITY><CALENDAR>STANDARD</CALENDAR><COMMENTS></COMMENTS><ENDDATE>2028-01-01T00:00:00</ENDDATE><FISCALYEAR>2028</FISCALYEAR><MONTH>Month1</MONTH><PERIODNAME>Period 0</PERIODNAME><QUARTER>Q1</QUARTER><SHORTNAME></SHORTNAME><STARTDATE>2028-01-01T00:00:00</STARTDATE><TYPE>Opening</TYPE></FISCALPERIODENTITY><FISCALPERIODENTITY><CALENDAR>STANDARD</CALENDAR><COMMENTS></COMMENTS><ENDDATE>2028-01-31T00:00:00</ENDDATE><FISCALYEAR>2028</FISCALYEAR><MONTH>Month1</MONTH><PERIODNAME>Period 1</PERIODNAME><QUARTER>Q1</QUARTER><SHORTNAME></SHORTNAME><STARTDATE>2028-01-01T00:00:00</STARTDATE><TYPE>Operating</TYPE></FISCALPERIODENTITY><FISCALPERIODENTITY><CALENDAR>STANDARD</CALENDAR><COMMENTS></COMMENTS><ENDDATE>2028-02-29T00:00:00</ENDDATE><FISCALYEAR>2028</FISCALYEAR><MONTH>Month2</MONTH><PERIODNAME>Period 2</PERIODNAME><QUARTER>Q1</QUARTER><SHORTNAME></SHORTNAME><STARTDATE>2028-02-01T00:00:00</STARTDATE><TYPE>Operating</TYPE></FISCALPERIODENTITY><FISCALPERIODENTITY><CALENDAR>STANDARD</CALENDAR><COMMENTS></COMMENTS><ENDDATE>2028-03-31T00:00:00</ENDDATE><FISCALYEAR>2028</FISCALYEAR><MONTH>Month3</MONTH><PERIODNAME>Period 3</PERIODNAME><QUARTER>Q1</QUARTER><SHORTNAME></SHORTNAME><STARTDATE>2028-03-01T00:00:00</STARTDATE><TYPE>Operating</TYPE></FISCALPERIODENTITY><FISCALPERIODENTITY><CALENDAR>STANDARD</CALENDAR><COMMENTS></COMMENTS><ENDDATE>2028-04-30T00:00:00</ENDDATE><FISCALYEAR>2028</FISCALYEAR><MONTH>Month4</MONTH><PERIODNAME>Period 4</PERIODNAME><QUARTER>Q2</QUARTER><SHORTNAME></SHORTNAME><STARTDATE>2028-04-01T00:00:00</STARTDATE><TYPE>Operating</TYPE></FISCALPERIODENTITY><FISCALPERIODENTITY><CALENDAR>STANDARD</CALENDAR><COMMENTS></COMMENTS><ENDDATE>2028-05-31T00:00:00</ENDDATE><FISCALYEAR>2028</FISCALYEAR><MONTH>Month5</MONTH><PERIODNAME>Period 5</PERIODNAME><QUARTER>Q2</QUARTER><SHORTNAME></SHORTNAME><STARTDATE>2028-05-01T00:00:00</STARTDATE><TYPE>Operating</TYPE></FISCALPERIODENTITY><FISCALPERIODENTITY><CALENDAR>STANDARD</CALENDAR><COMMENTS></COMMENTS><ENDDATE>2028-06-30T00:00:00</ENDDATE><FISCALYEAR>2028</FISCALYEAR><MONTH>Month6</MONTH><PERIODNAME>Period 6</PERIODNAME><QUARTER>Q2</QUARTER><SHORTNAME></SHORTNAME><STARTDATE>2028-06-01T00:00:00</STARTDATE><TYPE>Operating</TYPE></FISCALPERIODENTITY><FISCALPERIODENTITY><CALENDAR>STANDARD</CALENDAR><COMMENTS></COMMENTS><ENDDATE>2028-07-31T00:00:00</ENDDATE><FISCALYEAR>2028</FISCALYEAR><MONTH>Month7</MONTH><PERIODNAME>Period 7</PERIODNAME><QUARTER>Q3</QUARTER><SHORTNAME></SHORTNAME><STARTDATE>2028-07-01T00:00:00</STARTDATE><TYPE>Operating</TYPE></FISCALPERIODENTITY><FISCALPERIODENTITY><CALENDAR>STANDARD</CALENDAR><COMMENTS></COMMENTS><ENDDATE>2028-08-31T00:00:00</ENDDATE><FISCALYEAR>2028</FISCALYEAR><MONTH>Month8</MONTH><PERIODNAME>Period 8</PERIODNAME><QUARTER>Q3</QUARTER><SHORTNAME></SHORTNAME><STARTDATE>2028-08-01T00:00:00</STARTDATE><TYPE>Operating</TYPE></FISCALPERIODENTITY><FISCALPERIODENTITY><CALENDAR>STANDARD</CALENDAR><COMMENTS></COMMENTS><ENDDATE>2028-09-30T00:00:00</ENDDATE><FISCALYEAR>2028</FISCALYEAR><MONTH>Month9</MONTH><PERIODNAME>Period 9</PERIODNAME><QUARTER>Q3</QUARTER><SHORTNAME></SHORTNAME><STARTDATE>2028-09-01T00:00:00</STARTDATE><TYPE>Operating</TYPE></FISCALPERIODENTITY><FISCALPERIODENTITY><CALENDAR>STANDARD</CALENDAR><COMMENTS></COMMENTS><ENDDATE>2028-10-31T00:00:00</ENDDATE><FISCALYEAR>2028</FISCALYEAR><MONTH>Month10</MONTH><PERIODNAME>Period 10</PERIODNAME><QUARTER>Q4</QUARTER><SHORTNAME></SHORTNAME><STARTDATE>2028-10-01T00:00:00</STARTDATE><TYPE>Operating</TYPE></FISCALPERIODENTITY><FISCALPERIODENTITY><CALENDAR>STANDARD</CALENDAR><COMMENTS></COMMENTS><ENDDATE>2028-11-30T00:00:00</ENDDATE><FISCALYEAR>2028</FISCALYEAR><MONTH>Month11</MONTH><PERIODNAME>Period 11</PERIODNAME><QUARTER>Q4</QUARTER><SHORTNAME></SHORTNAME><STARTDATE>2028-11-01T00:00:00</STARTDATE><TYPE>Operating</TYPE></FISCALPERIODENTITY><FISCALPERIODENTITY><CALENDAR>STANDARD</CALENDAR><COMMENTS></COMMENTS><ENDDATE>2028-12-31T00:00:00</ENDDATE><FISCALYEAR>2028</FISCALYEAR><MONTH>Month12</MONTH><PERIODNAME>Period 12</PERIODNAME><QUARTER>Q4</QUARTER><SHORTNAME></SHORTNAME><STARTDATE>2028-12-01T00:00:00</STARTDATE><TYPE>Operating</TYPE></FISCALPERIODENTITY><FISCALPERIODENTITY><CALENDAR>STANDARD</CALENDAR><COMMENTS></COMMENTS><ENDDATE>2028-12-31T00:00:00</ENDDATE><FISCALYEAR>2028</FISCALYEAR><MONTH>Month12</MONTH><PERIODNAME>Period 13</PERIODNAME><QUARTER>Q4</QUARTER><SHORTNAME></SHORTNAME><STARTDATE>2028-12-31T00:00:00</STARTDATE><TYPE>Closing</TYPE></FISCALPERIODENTITY><FISCALPERIODENTITY><CALENDAR>STANDARD</CALENDAR><COMMENTS></COMMENTS><ENDDATE>2029-01-01T00:00:00</ENDDATE><FISCALYEAR>2029</FISCALYEAR><MONTH>Month1</MONTH><PERIODNAME>Period 0</PERIODNAME><QUARTER>Q1</QUARTER><SHORTNAME></SHORTNAME><STARTDATE>2029-01-01T00:00:00</STARTDATE><TYPE>Opening</TYPE></FISCALPERIODENTITY><FISCALPERIODENTITY><CALENDAR>STANDARD</CALENDAR><COMMENTS></COMMENTS><ENDDATE>2029-01-31T00:00:00</ENDDATE><FISCALYEAR>2029</FISCALYEAR><MONTH>Month1</MONTH><PERIODNAME>Period 1</PERIODNAME><QUARTER>Q1</QUARTER><SHORTNAME></SHORTNAME><STARTDATE>2029-01-01T00:00:00</STARTDATE><TYPE>Operating</TYPE></FISCALPERIODENTITY><FISCALPERIODENTITY><CALENDAR>STANDARD</CALENDAR><COMMENTS></COMMENTS><ENDDATE>2029-02-28T00:00:00</ENDDATE><FISCALYEAR>2029</FISCALYEAR><MONTH>Month2</MONTH><PERIODNAME>Period 2</PERIODNAME><QUARTER>Q1</QUARTER><SHORTNAME></SHORTNAME><STARTDATE>2029-02-01T00:00:00</STARTDATE><TYPE>Operating</TYPE></FISCALPERIODENTITY><FISCALPERIODENTITY><CALENDAR>STANDARD</CALENDAR><COMMENTS></COMMENTS><ENDDATE>2029-03-31T00:00:00</ENDDATE><FISCALYEAR>2029</FISCALYEAR><MONTH>Month3</MONTH><PERIODNAME>Period 3</PERIODNAME><QUARTER>Q1</QUARTER><SHORTNAME></SHORTNAME><STARTDATE>2029-03-01T00:00:00</STARTDATE><TYPE>Operating</TYPE></FISCALPERIODENTITY><FISCALPERIODENTITY><CALENDAR>STANDARD</CALENDAR><COMMENTS></COMMENTS><ENDDATE>2029-04-30T00:00:00</ENDDATE><FISCALYEAR>2029</FISCALYEAR><MONTH>Month4</MONTH><PERIODNAME>Period 4</PERIODNAME><QUARTER>Q2</QUARTER><SHORTNAME></SHORTNAME><STARTDATE>2029-04-01T00:00:00</STARTDATE><TYPE>Operating</TYPE></FISCALPERIODENTITY><FISCALPERIODENTITY><CALENDAR>STANDARD</CALENDAR><COMMENTS></COMMENTS><ENDDATE>2029-05-31T00:00:00</ENDDATE><FISCALYEAR>2029</FISCALYEAR><MONTH>Month5</MONTH><PERIODNAME>Period 5</PERIODNAME><QUARTER>Q2</QUARTER><SHORTNAME></SHORTNAME><STARTDATE>2029-05-01T00:00:00</STARTDATE><TYPE>Operating</TYPE></FISCALPERIODENTITY><FISCALPERIODENTITY><CALENDAR>STANDARD</CALENDAR><COMMENTS></COMMENTS><ENDDATE>2029-06-30T00:00:00</ENDDATE><FISCALYEAR>2029</FISCALYEAR><MONTH>Month6</MONTH><PERIODNAME>Period 6</PERIODNAME><QUARTER>Q2</QUARTER><SHORTNAME></SHORTNAME><STARTDATE>2029-06-01T00:00:00</STARTDATE><TYPE>Operating</TYPE></FISCALPERIODENTITY><FISCALPERIODENTITY><CALENDAR>STANDARD</CALENDAR><COMMENTS></COMMENTS><ENDDATE>2029-07-31T00:00:00</ENDDATE><FISCALYEAR>2029</FISCALYEAR><MONTH>Month7</MONTH><PERIODNAME>Period 7</PERIODNAME><QUARTER>Q3</QUARTER><SHORTNAME></SHORTNAME><STARTDATE>2029-07-01T00:00:00</STARTDATE><TYPE>Operating</TYPE></FISCALPERIODENTITY><FISCALPERIODENTITY><CALENDAR>STANDARD</CALENDAR><COMMENTS></COMMENTS><ENDDATE>2029-08-31T00:00:00</ENDDATE><FISCALYEAR>2029</FISCALYEAR><MONTH>Month8</MONTH><PERIODNAME>Period 8</PERIODNAME><QUARTER>Q3</QUARTER><SHORTNAME></SHORTNAME><STARTDATE>2029-08-01T00:00:00</STARTDATE><TYPE>Operating</TYPE></FISCALPERIODENTITY><FISCALPERIODENTITY><CALENDAR>STANDARD</CALENDAR><COMMENTS></COMMENTS><ENDDATE>2029-09-30T00:00:00</ENDDATE><FISCALYEAR>2029</FISCALYEAR><MONTH>Month9</MONTH><PERIODNAME>Period 9</PERIODNAME><QUARTER>Q3</QUARTER><SHORTNAME></SHORTNAME><STARTDATE>2029-09-01T00:00:00</STARTDATE><TYPE>Operating</TYPE></FISCALPERIODENTITY><FISCALPERIODENTITY><CALENDAR>STANDARD</CALENDAR><COMMENTS></COMMENTS><ENDDATE>2029-10-31T00:00:00</ENDDATE><FISCALYEAR>2029</FISCALYEAR><MONTH>Month10</MONTH><PERIODNAME>Period 10</PERIODNAME><QUARTER>Q4</QUARTER><SHORTNAME></SHORTNAME><STARTDATE>2029-10-01T00:00:00</STARTDATE><TYPE>Operating</TYPE></FISCALPERIODENTITY><FISCALPERIODENTITY><CALENDAR>STANDARD</CALENDAR><COMMENTS></COMMENTS><ENDDATE>2029-11-30T00:00:00</ENDDATE><FISCALYEAR>2029</FISCALYEAR><MONTH>Month11</MONTH><PERIODNAME>Period 11</PERIODNAME><QUARTER>Q4</QUARTER><SHORTNAME></SHORTNAME><STARTDATE>2029-11-01T00:00:00</STARTDATE><TYPE>Operating</TYPE></FISCALPERIODENTITY><FISCALPERIODENTITY><CALENDAR>STANDARD</CALENDAR><COMMENTS></COMMENTS><ENDDATE>2029-12-31T00:00:00</ENDDATE><FISCALYEAR>2029</FISCALYEAR><MONTH>Month12</MONTH><PERIODNAME>Period 12</PERIODNAME><QUARTER>Q4</QUARTER><SHORTNAME></SHORTNAME><STARTDATE>2029-12-01T00:00:00</STARTDATE><TYPE>Operating</TYPE></FISCALPERIODENTITY><FISCALPERIODENTITY><CALENDAR>STANDARD</CALENDAR><COMMENTS></COMMENTS><ENDDATE>2029-12-31T00:00:00</ENDDATE><FISCALYEAR>2029</FISCALYEAR><MONTH>Month12</MONTH><PERIODNAME>Period 13</PERIODNAME><QUARTER>Q4</QUARTER><SHORTNAME></SHORTNAME><STARTDATE>2029-12-31T00:00:00</STARTDATE><TYPE>Closing</TYPE></FISCALPERIODENTITY></Document>