﻿<?xml version="1.0" encoding="utf-8"?><Document><DIRPARAMETERSENTITY><DEFAULTPARTYTYPE>Person</DEFAULTPARTYTYPE><DELETEPARTIESWITHNOROLE>No</DELETEPARTIESWITHNOROLE><DUNSCHECKUNIQUE>Yes</DUNSCHECKUNIQUE><DUNSDISPLAYONADDRESS>No</DUNSDISPLAYONADDRESS><ENABLEEDITFOREXTERNALLYMAINTAINEDFIELDS>No</ENABLEEDITFOREXTERNALLYMAINTAINEDFIELDS><ENABLEEMAILADDRESSFIELDVALIDATION>No</ENABLEEMAILADDRESSFIELDVALIDATION><ENABLESYSTEMRELATIONSHIPS>No</ENABLESYSTEMRELATIONSHIPS><KEY>0</KEY><NAMESEQUENCE>FirstMiddleLast</NAMESEQUENCE><USEDUPLICATECHECK>Yes</USEDUPLICATECHECK></DIRPARAMETERSENTITY></Document>