﻿<?xml version="1.0" encoding="utf-8"?>
<Document>
    <OMLEGALENTITY>
        <ADDRESSBOOKS></ADDRESSBOOKS>
        <ADDRESSCITY></ADDRESSCITY>
        <ADDRESSCOUNTRYREGIONID>FAE</ADDRESSCOUNTRYREGIONID>
        <ADDRESSCOUNTRYREGIONISOCODE></ADDRESSCOUNTRYREGIONISOCODE>
        <ADDRESSCOUNTY></ADDRESSCOUNTY>
        <ADDRESSDESCRIPTION>Bakers Guild</ADDRESSDESCRIPTION>
        <ADDRESSDISTRICTNAME></ADDRESSDISTRICTNAME>
        <ADDRESSLATITUDE>0.0000000000</ADDRESSLATITUDE>
        <ADDRESSLOCATIONROLES>Business</ADDRESSLOCATIONROLES>
        <ADDRESSLONGITUDE>0.0000000000</ADDRESSLONGITUDE>
        <ADDRESSSTATE></ADDRESSSTATE>
        <ADDRESSSTREET></ADDRESSSTREET>
        <ADDRESSTIMEZONE></ADDRESSTIMEZONE>
        <ADDRESSVALIDFROM>2024-09-03T13:36:31</ADDRESSVALIDFROM>
        <ADDRESSVALIDTO>2154-12-31T23:59:59</ADDRESSVALIDTO>
        <ADDRESSZIPCODE></ADDRESSZIPCODE>
        <FISCALCODE></FISCALCODE>
        <FULLPRIMARYADDRESS>FAE</FULLPRIMARYADDRESS>
        <IMPORTVATNUM></IMPORTVATNUM>
        <LANGUAGEID></LANGUAGEID>
        <LEGALENTITYID>BAKR</LEGALENTITYID>
        <LEGALNATURE></LEGALNATURE>
        <LOCALIZATIONCOUNTRYREGIONCODE>Default</LOCALIZATIONCOUNTRYREGIONCODE>
        <NAICS></NAICS>
        <NAME>Bakers Guild</NAME>
        <NAMEALIAS>Bakers Guild</NAMEALIAS>
        <PARTYNUMBER>000000502</PARTYNUMBER>
        <PHONETICNAME></PHONETICNAME>
        <PRIMARYADDRESSLOCATIONID>000000402</PRIMARYADDRESSLOCATIONID>
        <PRIMARYCONTACTEMAIL></PRIMARYCONTACTEMAIL>
        <PRIMARYCONTACTEMAILDESCRIPTION></PRIMARYCONTACTEMAILDESCRIPTION>
        <PRIMARYCONTACTEMAILISIM></PRIMARYCONTACTEMAILISIM>
        <PRIMARYCONTACTEMAILPURPOSE></PRIMARYCONTACTEMAILPURPOSE>
        <PRIMARYCONTACTFACEBOOK></PRIMARYCONTACTFACEBOOK>
        <PRIMARYCONTACTFACEBOOKDESCRIPTION></PRIMARYCONTACTFACEBOOKDESCRIPTION>
        <PRIMARYCONTACTFACEBOOKISPRIVATE></PRIMARYCONTACTFACEBOOKISPRIVATE>
        <PRIMARYCONTACTFACEBOOKPURPOSE></PRIMARYCONTACTFACEBOOKPURPOSE>
        <PRIMARYCONTACTFAX></PRIMARYCONTACTFAX>
        <PRIMARYCONTACTFAXDESCRIPTION></PRIMARYCONTACTFAXDESCRIPTION>
        <PRIMARYCONTACTFAXEXTENSION></PRIMARYCONTACTFAXEXTENSION>
        <PRIMARYCONTACTFAXPURPOSE></PRIMARYCONTACTFAXPURPOSE>
        <PRIMARYCONTACTLINKEDIN></PRIMARYCONTACTLINKEDIN>
        <PRIMARYCONTACTLINKEDINDESCRIPTION></PRIMARYCONTACTLINKEDINDESCRIPTION>
        <PRIMARYCONTACTLINKEDINISPRIVATE></PRIMARYCONTACTLINKEDINISPRIVATE>
        <PRIMARYCONTACTLINKEDINPURPOSE></PRIMARYCONTACTLINKEDINPURPOSE>
        <PRIMARYCONTACTPHONE></PRIMARYCONTACTPHONE>
        <PRIMARYCONTACTPHONEDESCRIPTION></PRIMARYCONTACTPHONEDESCRIPTION>
        <PRIMARYCONTACTPHONEEXTENSION></PRIMARYCONTACTPHONEEXTENSION>
        <PRIMARYCONTACTPHONEISMOBILE></PRIMARYCONTACTPHONEISMOBILE>
        <PRIMARYCONTACTPHONEPURPOSE></PRIMARYCONTACTPHONEPURPOSE>
        <PRIMARYCONTACTTELEX></PRIMARYCONTACTTELEX>
        <PRIMARYCONTACTTELEXDESCRIPTION></PRIMARYCONTACTTELEXDESCRIPTION>
        <PRIMARYCONTACTTELEXPURPOSE></PRIMARYCONTACTTELEXPURPOSE>
        <PRIMARYCONTACTTWITTER></PRIMARYCONTACTTWITTER>
        <PRIMARYCONTACTTWITTERDESCRIPTION></PRIMARYCONTACTTWITTERDESCRIPTION>
        <PRIMARYCONTACTTWITTERISPRIVATE></PRIMARYCONTACTTWITTERISPRIVATE>
        <PRIMARYCONTACTTWITTERPURPOSE></PRIMARYCONTACTTWITTERPURPOSE>
        <PRIMARYCONTACTURL></PRIMARYCONTACTURL>
        <PRIMARYCONTACTURLDESCRIPTION></PRIMARYCONTACTURLDESCRIPTION>
        <PRIMARYCONTACTURLPURPOSE></PRIMARYCONTACTURLPURPOSE>
        <TIMEZONE>GMT_COORDINATEDUNIVERSALTIME</TIMEZONE>
        <USEFORFINANCIALCONSOLIDATIONPROCESS>No</USEFORFINANCIALCONSOLIDATIONPROCESS>
        <USEFORFINANCIALELIMINATIONPROCESS>No</USEFORFINANCIALELIMINATIONPROCESS>
        <VATNUM></VATNUM>
    </OMLEGALENTITY>
    <OMLEGALENTITY>
        <ADDRESSBOOKS></ADDRESSBOOKS>
        <ADDRESSCITY></ADDRESSCITY>
        <ADDRESSCOUNTRYREGIONID>fae</ADDRESSCOUNTRYREGIONID>
        <ADDRESSCOUNTRYREGIONISOCODE></ADDRESSCOUNTRYREGIONISOCODE>
        <ADDRESSCOUNTY></ADDRESSCOUNTY>
        <ADDRESSDESCRIPTION>Bookbinders Guild</ADDRESSDESCRIPTION>
        <ADDRESSDISTRICTNAME></ADDRESSDISTRICTNAME>
        <ADDRESSLATITUDE>0.0000000000</ADDRESSLATITUDE>
        <ADDRESSLOCATIONROLES>Business</ADDRESSLOCATIONROLES>
        <ADDRESSLONGITUDE>0.0000000000</ADDRESSLONGITUDE>
        <ADDRESSSTATE></ADDRESSSTATE>
        <ADDRESSSTREET></ADDRESSSTREET>
        <ADDRESSTIMEZONE></ADDRESSTIMEZONE>
        <ADDRESSVALIDFROM>2024-09-03T13:40:59</ADDRESSVALIDFROM>
        <ADDRESSVALIDTO>2154-12-31T23:59:59</ADDRESSVALIDTO>
        <ADDRESSZIPCODE></ADDRESSZIPCODE>
        <FISCALCODE></FISCALCODE>
        <FULLPRIMARYADDRESS>fae</FULLPRIMARYADDRESS>
        <IMPORTVATNUM></IMPORTVATNUM>
        <LANGUAGEID></LANGUAGEID>
        <LEGALENTITYID>BKBD</LEGALENTITYID>
        <LEGALNATURE></LEGALNATURE>
        <LOCALIZATIONCOUNTRYREGIONCODE>Default</LOCALIZATIONCOUNTRYREGIONCODE>
        <NAICS></NAICS>
        <NAME>Bookbinders Guild</NAME>
        <NAMEALIAS>Bookbinders Guild</NAMEALIAS>
        <PARTYNUMBER>000000516</PARTYNUMBER>
        <PHONETICNAME></PHONETICNAME>
        <PRIMARYADDRESSLOCATIONID>000000416</PRIMARYADDRESSLOCATIONID>
        <PRIMARYCONTACTEMAIL></PRIMARYCONTACTEMAIL>
        <PRIMARYCONTACTEMAILDESCRIPTION></PRIMARYCONTACTEMAILDESCRIPTION>
        <PRIMARYCONTACTEMAILISIM></PRIMARYCONTACTEMAILISIM>
        <PRIMARYCONTACTEMAILPURPOSE></PRIMARYCONTACTEMAILPURPOSE>
        <PRIMARYCONTACTFACEBOOK></PRIMARYCONTACTFACEBOOK>
        <PRIMARYCONTACTFACEBOOKDESCRIPTION></PRIMARYCONTACTFACEBOOKDESCRIPTION>
        <PRIMARYCONTACTFACEBOOKISPRIVATE></PRIMARYCONTACTFACEBOOKISPRIVATE>
        <PRIMARYCONTACTFACEBOOKPURPOSE></PRIMARYCONTACTFACEBOOKPURPOSE>
        <PRIMARYCONTACTFAX></PRIMARYCONTACTFAX>
        <PRIMARYCONTACTFAXDESCRIPTION></PRIMARYCONTACTFAXDESCRIPTION>
        <PRIMARYCONTACTFAXEXTENSION></PRIMARYCONTACTFAXEXTENSION>
        <PRIMARYCONTACTFAXPURPOSE></PRIMARYCONTACTFAXPURPOSE>
        <PRIMARYCONTACTLINKEDIN></PRIMARYCONTACTLINKEDIN>
        <PRIMARYCONTACTLINKEDINDESCRIPTION></PRIMARYCONTACTLINKEDINDESCRIPTION>
        <PRIMARYCONTACTLINKEDINISPRIVATE></PRIMARYCONTACTLINKEDINISPRIVATE>
        <PRIMARYCONTACTLINKEDINPURPOSE></PRIMARYCONTACTLINKEDINPURPOSE>
        <PRIMARYCONTACTPHONE></PRIMARYCONTACTPHONE>
        <PRIMARYCONTACTPHONEDESCRIPTION></PRIMARYCONTACTPHONEDESCRIPTION>
        <PRIMARYCONTACTPHONEEXTENSION></PRIMARYCONTACTPHONEEXTENSION>
        <PRIMARYCONTACTPHONEISMOBILE></PRIMARYCONTACTPHONEISMOBILE>
        <PRIMARYCONTACTPHONEPURPOSE></PRIMARYCONTACTPHONEPURPOSE>
        <PRIMARYCONTACTTELEX></PRIMARYCONTACTTELEX>
        <PRIMARYCONTACTTELEXDESCRIPTION></PRIMARYCONTACTTELEXDESCRIPTION>
        <PRIMARYCONTACTTELEXPURPOSE></PRIMARYCONTACTTELEXPURPOSE>
        <PRIMARYCONTACTTWITTER></PRIMARYCONTACTTWITTER>
        <PRIMARYCONTACTTWITTERDESCRIPTION></PRIMARYCONTACTTWITTERDESCRIPTION>
        <PRIMARYCONTACTTWITTERISPRIVATE></PRIMARYCONTACTTWITTERISPRIVATE>
        <PRIMARYCONTACTTWITTERPURPOSE></PRIMARYCONTACTTWITTERPURPOSE>
        <PRIMARYCONTACTURL></PRIMARYCONTACTURL>
        <PRIMARYCONTACTURLDESCRIPTION></PRIMARYCONTACTURLDESCRIPTION>
        <PRIMARYCONTACTURLPURPOSE></PRIMARYCONTACTURLPURPOSE>
        <TIMEZONE>GMT_COORDINATEDUNIVERSALTIME</TIMEZONE>
        <USEFORFINANCIALCONSOLIDATIONPROCESS>No</USEFORFINANCIALCONSOLIDATIONPROCESS>
        <USEFORFINANCIALELIMINATIONPROCESS>No</USEFORFINANCIALELIMINATIONPROCESS>
        <VATNUM></VATNUM>
    </OMLEGALENTITY>
    <OMLEGALENTITY>
        <ADDRESSBOOKS></ADDRESSBOOKS>
        <ADDRESSCITY></ADDRESSCITY>
        <ADDRESSCOUNTRYREGIONID>FAE</ADDRESSCOUNTRYREGIONID>
        <ADDRESSCOUNTRYREGIONISOCODE></ADDRESSCOUNTRYREGIONISOCODE>
        <ADDRESSCOUNTY></ADDRESSCOUNTY>
        <ADDRESSDESCRIPTION>Blacksmiths Guild</ADDRESSDESCRIPTION>
        <ADDRESSDISTRICTNAME></ADDRESSDISTRICTNAME>
        <ADDRESSLATITUDE>0.0000000000</ADDRESSLATITUDE>
        <ADDRESSLOCATIONROLES>Business</ADDRESSLOCATIONROLES>
        <ADDRESSLONGITUDE>0.0000000000</ADDRESSLONGITUDE>
        <ADDRESSSTATE></ADDRESSSTATE>
        <ADDRESSSTREET></ADDRESSSTREET>
        <ADDRESSTIMEZONE></ADDRESSTIMEZONE>
        <ADDRESSVALIDFROM>2024-09-03T13:36:15</ADDRESSVALIDFROM>
        <ADDRESSVALIDTO>2154-12-31T23:59:59</ADDRESSVALIDTO>
        <ADDRESSZIPCODE></ADDRESSZIPCODE>
        <FISCALCODE></FISCALCODE>
        <FULLPRIMARYADDRESS>FAE</FULLPRIMARYADDRESS>
        <IMPORTVATNUM></IMPORTVATNUM>
        <LANGUAGEID></LANGUAGEID>
        <LEGALENTITYID>BLKM</LEGALENTITYID>
        <LEGALNATURE></LEGALNATURE>
        <LOCALIZATIONCOUNTRYREGIONCODE>Default</LOCALIZATIONCOUNTRYREGIONCODE>
        <NAICS></NAICS>
        <NAME>Blacksmiths Guild</NAME>
        <NAMEALIAS>Blacksmiths Guild</NAMEALIAS>
        <PARTYNUMBER>000000501</PARTYNUMBER>
        <PHONETICNAME></PHONETICNAME>
        <PRIMARYADDRESSLOCATIONID>000000401</PRIMARYADDRESSLOCATIONID>
        <PRIMARYCONTACTEMAIL></PRIMARYCONTACTEMAIL>
        <PRIMARYCONTACTEMAILDESCRIPTION></PRIMARYCONTACTEMAILDESCRIPTION>
        <PRIMARYCONTACTEMAILISIM></PRIMARYCONTACTEMAILISIM>
        <PRIMARYCONTACTEMAILPURPOSE></PRIMARYCONTACTEMAILPURPOSE>
        <PRIMARYCONTACTFACEBOOK></PRIMARYCONTACTFACEBOOK>
        <PRIMARYCONTACTFACEBOOKDESCRIPTION></PRIMARYCONTACTFACEBOOKDESCRIPTION>
        <PRIMARYCONTACTFACEBOOKISPRIVATE></PRIMARYCONTACTFACEBOOKISPRIVATE>
        <PRIMARYCONTACTFACEBOOKPURPOSE></PRIMARYCONTACTFACEBOOKPURPOSE>
        <PRIMARYCONTACTFAX></PRIMARYCONTACTFAX>
        <PRIMARYCONTACTFAXDESCRIPTION></PRIMARYCONTACTFAXDESCRIPTION>
        <PRIMARYCONTACTFAXEXTENSION></PRIMARYCONTACTFAXEXTENSION>
        <PRIMARYCONTACTFAXPURPOSE></PRIMARYCONTACTFAXPURPOSE>
        <PRIMARYCONTACTLINKEDIN></PRIMARYCONTACTLINKEDIN>
        <PRIMARYCONTACTLINKEDINDESCRIPTION></PRIMARYCONTACTLINKEDINDESCRIPTION>
        <PRIMARYCONTACTLINKEDINISPRIVATE></PRIMARYCONTACTLINKEDINISPRIVATE>
        <PRIMARYCONTACTLINKEDINPURPOSE></PRIMARYCONTACTLINKEDINPURPOSE>
        <PRIMARYCONTACTPHONE></PRIMARYCONTACTPHONE>
        <PRIMARYCONTACTPHONEDESCRIPTION></PRIMARYCONTACTPHONEDESCRIPTION>
        <PRIMARYCONTACTPHONEEXTENSION></PRIMARYCONTACTPHONEEXTENSION>
        <PRIMARYCONTACTPHONEISMOBILE></PRIMARYCONTACTPHONEISMOBILE>
        <PRIMARYCONTACTPHONEPURPOSE></PRIMARYCONTACTPHONEPURPOSE>
        <PRIMARYCONTACTTELEX></PRIMARYCONTACTTELEX>
        <PRIMARYCONTACTTELEXDESCRIPTION></PRIMARYCONTACTTELEXDESCRIPTION>
        <PRIMARYCONTACTTELEXPURPOSE></PRIMARYCONTACTTELEXPURPOSE>
        <PRIMARYCONTACTTWITTER></PRIMARYCONTACTTWITTER>
        <PRIMARYCONTACTTWITTERDESCRIPTION></PRIMARYCONTACTTWITTERDESCRIPTION>
        <PRIMARYCONTACTTWITTERISPRIVATE></PRIMARYCONTACTTWITTERISPRIVATE>
        <PRIMARYCONTACTTWITTERPURPOSE></PRIMARYCONTACTTWITTERPURPOSE>
        <PRIMARYCONTACTURL></PRIMARYCONTACTURL>
        <PRIMARYCONTACTURLDESCRIPTION></PRIMARYCONTACTURLDESCRIPTION>
        <PRIMARYCONTACTURLPURPOSE></PRIMARYCONTACTURLPURPOSE>
        <TIMEZONE>GMT_COORDINATEDUNIVERSALTIME</TIMEZONE>
        <USEFORFINANCIALCONSOLIDATIONPROCESS>No</USEFORFINANCIALCONSOLIDATIONPROCESS>
        <USEFORFINANCIALELIMINATIONPROCESS>No</USEFORFINANCIALELIMINATIONPROCESS>
        <VATNUM></VATNUM>
    </OMLEGALENTITY>
    <OMLEGALENTITY>
        <ADDRESSBOOKS></ADDRESSBOOKS>
        <ADDRESSCITY></ADDRESSCITY>
        <ADDRESSCOUNTRYREGIONID>fae</ADDRESSCOUNTRYREGIONID>
        <ADDRESSCOUNTRYREGIONISOCODE></ADDRESSCOUNTRYREGIONISOCODE>
        <ADDRESSCOUNTY></ADDRESSCOUNTY>
        <ADDRESSDESCRIPTION>Brewers Guild</ADDRESSDESCRIPTION>
        <ADDRESSDISTRICTNAME></ADDRESSDISTRICTNAME>
        <ADDRESSLATITUDE>0.0000000000</ADDRESSLATITUDE>
        <ADDRESSLOCATIONROLES>Business</ADDRESSLOCATIONROLES>
        <ADDRESSLONGITUDE>0.0000000000</ADDRESSLONGITUDE>
        <ADDRESSSTATE></ADDRESSSTATE>
        <ADDRESSSTREET></ADDRESSSTREET>
        <ADDRESSTIMEZONE></ADDRESSTIMEZONE>
        <ADDRESSVALIDFROM>2024-09-03T13:40:27</ADDRESSVALIDFROM>
        <ADDRESSVALIDTO>2154-12-31T23:59:59</ADDRESSVALIDTO>
        <ADDRESSZIPCODE></ADDRESSZIPCODE>
        <FISCALCODE></FISCALCODE>
        <FULLPRIMARYADDRESS>fae</FULLPRIMARYADDRESS>
        <IMPORTVATNUM></IMPORTVATNUM>
        <LANGUAGEID></LANGUAGEID>
        <LEGALENTITYID>BREW</LEGALENTITYID>
        <LEGALNATURE></LEGALNATURE>
        <LOCALIZATIONCOUNTRYREGIONCODE>Default</LOCALIZATIONCOUNTRYREGIONCODE>
        <NAICS></NAICS>
        <NAME>Brewers Guild</NAME>
        <NAMEALIAS>Brewers Guild</NAMEALIAS>
        <PARTYNUMBER>000000514</PARTYNUMBER>
        <PHONETICNAME></PHONETICNAME>
        <PRIMARYADDRESSLOCATIONID>000000414</PRIMARYADDRESSLOCATIONID>
        <PRIMARYCONTACTEMAIL></PRIMARYCONTACTEMAIL>
        <PRIMARYCONTACTEMAILDESCRIPTION></PRIMARYCONTACTEMAILDESCRIPTION>
        <PRIMARYCONTACTEMAILISIM></PRIMARYCONTACTEMAILISIM>
        <PRIMARYCONTACTEMAILPURPOSE></PRIMARYCONTACTEMAILPURPOSE>
        <PRIMARYCONTACTFACEBOOK></PRIMARYCONTACTFACEBOOK>
        <PRIMARYCONTACTFACEBOOKDESCRIPTION></PRIMARYCONTACTFACEBOOKDESCRIPTION>
        <PRIMARYCONTACTFACEBOOKISPRIVATE></PRIMARYCONTACTFACEBOOKISPRIVATE>
        <PRIMARYCONTACTFACEBOOKPURPOSE></PRIMARYCONTACTFACEBOOKPURPOSE>
        <PRIMARYCONTACTFAX></PRIMARYCONTACTFAX>
        <PRIMARYCONTACTFAXDESCRIPTION></PRIMARYCONTACTFAXDESCRIPTION>
        <PRIMARYCONTACTFAXEXTENSION></PRIMARYCONTACTFAXEXTENSION>
        <PRIMARYCONTACTFAXPURPOSE></PRIMARYCONTACTFAXPURPOSE>
        <PRIMARYCONTACTLINKEDIN></PRIMARYCONTACTLINKEDIN>
        <PRIMARYCONTACTLINKEDINDESCRIPTION></PRIMARYCONTACTLINKEDINDESCRIPTION>
        <PRIMARYCONTACTLINKEDINISPRIVATE></PRIMARYCONTACTLINKEDINISPRIVATE>
        <PRIMARYCONTACTLINKEDINPURPOSE></PRIMARYCONTACTLINKEDINPURPOSE>
        <PRIMARYCONTACTPHONE></PRIMARYCONTACTPHONE>
        <PRIMARYCONTACTPHONEDESCRIPTION></PRIMARYCONTACTPHONEDESCRIPTION>
        <PRIMARYCONTACTPHONEEXTENSION></PRIMARYCONTACTPHONEEXTENSION>
        <PRIMARYCONTACTPHONEISMOBILE></PRIMARYCONTACTPHONEISMOBILE>
        <PRIMARYCONTACTPHONEPURPOSE></PRIMARYCONTACTPHONEPURPOSE>
        <PRIMARYCONTACTTELEX></PRIMARYCONTACTTELEX>
        <PRIMARYCONTACTTELEXDESCRIPTION></PRIMARYCONTACTTELEXDESCRIPTION>
        <PRIMARYCONTACTTELEXPURPOSE></PRIMARYCONTACTTELEXPURPOSE>
        <PRIMARYCONTACTTWITTER></PRIMARYCONTACTTWITTER>
        <PRIMARYCONTACTTWITTERDESCRIPTION></PRIMARYCONTACTTWITTERDESCRIPTION>
        <PRIMARYCONTACTTWITTERISPRIVATE></PRIMARYCONTACTTWITTERISPRIVATE>
        <PRIMARYCONTACTTWITTERPURPOSE></PRIMARYCONTACTTWITTERPURPOSE>
        <PRIMARYCONTACTURL></PRIMARYCONTACTURL>
        <PRIMARYCONTACTURLDESCRIPTION></PRIMARYCONTACTURLDESCRIPTION>
        <PRIMARYCONTACTURLPURPOSE></PRIMARYCONTACTURLPURPOSE>
        <TIMEZONE>GMT_COORDINATEDUNIVERSALTIME</TIMEZONE>
        <USEFORFINANCIALCONSOLIDATIONPROCESS>No</USEFORFINANCIALCONSOLIDATIONPROCESS>
        <USEFORFINANCIALELIMINATIONPROCESS>No</USEFORFINANCIALELIMINATIONPROCESS>
        <VATNUM></VATNUM>
    </OMLEGALENTITY>
    <OMLEGALENTITY>
        <ADDRESSBOOKS></ADDRESSBOOKS>
        <ADDRESSCITY></ADDRESSCITY>
        <ADDRESSCOUNTRYREGIONID>fae</ADDRESSCOUNTRYREGIONID>
        <ADDRESSCOUNTRYREGIONISOCODE></ADDRESSCOUNTRYREGIONISOCODE>
        <ADDRESSCOUNTY></ADDRESSCOUNTY>
        <ADDRESSDESCRIPTION>Butchers Guild</ADDRESSDESCRIPTION>
        <ADDRESSDISTRICTNAME></ADDRESSDISTRICTNAME>
        <ADDRESSLATITUDE>0.0000000000</ADDRESSLATITUDE>
        <ADDRESSLOCATIONROLES>Business</ADDRESSLOCATIONROLES>
        <ADDRESSLONGITUDE>0.0000000000</ADDRESSLONGITUDE>
        <ADDRESSSTATE></ADDRESSSTATE>
        <ADDRESSSTREET></ADDRESSSTREET>
        <ADDRESSTIMEZONE></ADDRESSTIMEZONE>
        <ADDRESSVALIDFROM>2024-09-03T13:36:46</ADDRESSVALIDFROM>
        <ADDRESSVALIDTO>2154-12-31T23:59:59</ADDRESSVALIDTO>
        <ADDRESSZIPCODE></ADDRESSZIPCODE>
        <FISCALCODE></FISCALCODE>
        <FULLPRIMARYADDRESS>fae</FULLPRIMARYADDRESS>
        <IMPORTVATNUM></IMPORTVATNUM>
        <LANGUAGEID></LANGUAGEID>
        <LEGALENTITYID>BTCH</LEGALENTITYID>
        <LEGALNATURE></LEGALNATURE>
        <LOCALIZATIONCOUNTRYREGIONCODE>Default</LOCALIZATIONCOUNTRYREGIONCODE>
        <NAICS></NAICS>
        <NAME>Butchers Guild</NAME>
        <NAMEALIAS>Butchers Guild</NAMEALIAS>
        <PARTYNUMBER>000000503</PARTYNUMBER>
        <PHONETICNAME></PHONETICNAME>
        <PRIMARYADDRESSLOCATIONID>000000403</PRIMARYADDRESSLOCATIONID>
        <PRIMARYCONTACTEMAIL></PRIMARYCONTACTEMAIL>
        <PRIMARYCONTACTEMAILDESCRIPTION></PRIMARYCONTACTEMAILDESCRIPTION>
        <PRIMARYCONTACTEMAILISIM></PRIMARYCONTACTEMAILISIM>
        <PRIMARYCONTACTEMAILPURPOSE></PRIMARYCONTACTEMAILPURPOSE>
        <PRIMARYCONTACTFACEBOOK></PRIMARYCONTACTFACEBOOK>
        <PRIMARYCONTACTFACEBOOKDESCRIPTION></PRIMARYCONTACTFACEBOOKDESCRIPTION>
        <PRIMARYCONTACTFACEBOOKISPRIVATE></PRIMARYCONTACTFACEBOOKISPRIVATE>
        <PRIMARYCONTACTFACEBOOKPURPOSE></PRIMARYCONTACTFACEBOOKPURPOSE>
        <PRIMARYCONTACTFAX></PRIMARYCONTACTFAX>
        <PRIMARYCONTACTFAXDESCRIPTION></PRIMARYCONTACTFAXDESCRIPTION>
        <PRIMARYCONTACTFAXEXTENSION></PRIMARYCONTACTFAXEXTENSION>
        <PRIMARYCONTACTFAXPURPOSE></PRIMARYCONTACTFAXPURPOSE>
        <PRIMARYCONTACTLINKEDIN></PRIMARYCONTACTLINKEDIN>
        <PRIMARYCONTACTLINKEDINDESCRIPTION></PRIMARYCONTACTLINKEDINDESCRIPTION>
        <PRIMARYCONTACTLINKEDINISPRIVATE></PRIMARYCONTACTLINKEDINISPRIVATE>
        <PRIMARYCONTACTLINKEDINPURPOSE></PRIMARYCONTACTLINKEDINPURPOSE>
        <PRIMARYCONTACTPHONE></PRIMARYCONTACTPHONE>
        <PRIMARYCONTACTPHONEDESCRIPTION></PRIMARYCONTACTPHONEDESCRIPTION>
        <PRIMARYCONTACTPHONEEXTENSION></PRIMARYCONTACTPHONEEXTENSION>
        <PRIMARYCONTACTPHONEISMOBILE></PRIMARYCONTACTPHONEISMOBILE>
        <PRIMARYCONTACTPHONEPURPOSE></PRIMARYCONTACTPHONEPURPOSE>
        <PRIMARYCONTACTTELEX></PRIMARYCONTACTTELEX>
        <PRIMARYCONTACTTELEXDESCRIPTION></PRIMARYCONTACTTELEXDESCRIPTION>
        <PRIMARYCONTACTTELEXPURPOSE></PRIMARYCONTACTTELEXPURPOSE>
        <PRIMARYCONTACTTWITTER></PRIMARYCONTACTTWITTER>
        <PRIMARYCONTACTTWITTERDESCRIPTION></PRIMARYCONTACTTWITTERDESCRIPTION>
        <PRIMARYCONTACTTWITTERISPRIVATE></PRIMARYCONTACTTWITTERISPRIVATE>
        <PRIMARYCONTACTTWITTERPURPOSE></PRIMARYCONTACTTWITTERPURPOSE>
        <PRIMARYCONTACTURL></PRIMARYCONTACTURL>
        <PRIMARYCONTACTURLDESCRIPTION></PRIMARYCONTACTURLDESCRIPTION>
        <PRIMARYCONTACTURLPURPOSE></PRIMARYCONTACTURLPURPOSE>
        <TIMEZONE>GMT_COORDINATEDUNIVERSALTIME</TIMEZONE>
        <USEFORFINANCIALCONSOLIDATIONPROCESS>No</USEFORFINANCIALCONSOLIDATIONPROCESS>
        <USEFORFINANCIALELIMINATIONPROCESS>No</USEFORFINANCIALELIMINATIONPROCESS>
        <VATNUM></VATNUM>
    </OMLEGALENTITY>
    <OMLEGALENTITY>
        <ADDRESSBOOKS></ADDRESSBOOKS>
        <ADDRESSCITY></ADDRESSCITY>
        <ADDRESSCOUNTRYREGIONID>fae</ADDRESSCOUNTRYREGIONID>
        <ADDRESSCOUNTRYREGIONISOCODE></ADDRESSCOUNTRYREGIONISOCODE>
        <ADDRESSCOUNTY></ADDRESSCOUNTY>
        <ADDRESSDESCRIPTION>Carters Guild</ADDRESSDESCRIPTION>
        <ADDRESSDISTRICTNAME></ADDRESSDISTRICTNAME>
        <ADDRESSLATITUDE>0.0000000000</ADDRESSLATITUDE>
        <ADDRESSLOCATIONROLES>Business</ADDRESSLOCATIONROLES>
        <ADDRESSLONGITUDE>0.0000000000</ADDRESSLONGITUDE>
        <ADDRESSSTATE></ADDRESSSTATE>
        <ADDRESSSTREET></ADDRESSSTREET>
        <ADDRESSTIMEZONE></ADDRESSTIMEZONE>
        <ADDRESSVALIDFROM>2024-09-03T13:40:43</ADDRESSVALIDFROM>
        <ADDRESSVALIDTO>2154-12-31T23:59:59</ADDRESSVALIDTO>
        <ADDRESSZIPCODE></ADDRESSZIPCODE>
        <FISCALCODE></FISCALCODE>
        <FULLPRIMARYADDRESS>fae</FULLPRIMARYADDRESS>
        <IMPORTVATNUM></IMPORTVATNUM>
        <LANGUAGEID></LANGUAGEID>
        <LEGALENTITYID>CART</LEGALENTITYID>
        <LEGALNATURE></LEGALNATURE>
        <LOCALIZATIONCOUNTRYREGIONCODE>Default</LOCALIZATIONCOUNTRYREGIONCODE>
        <NAICS></NAICS>
        <NAME>Carters Guild</NAME>
        <NAMEALIAS>Carters Guild</NAMEALIAS>
        <PARTYNUMBER>000000515</PARTYNUMBER>
        <PHONETICNAME></PHONETICNAME>
        <PRIMARYADDRESSLOCATIONID>000000415</PRIMARYADDRESSLOCATIONID>
        <PRIMARYCONTACTEMAIL></PRIMARYCONTACTEMAIL>
        <PRIMARYCONTACTEMAILDESCRIPTION></PRIMARYCONTACTEMAILDESCRIPTION>
        <PRIMARYCONTACTEMAILISIM></PRIMARYCONTACTEMAILISIM>
        <PRIMARYCONTACTEMAILPURPOSE></PRIMARYCONTACTEMAILPURPOSE>
        <PRIMARYCONTACTFACEBOOK></PRIMARYCONTACTFACEBOOK>
        <PRIMARYCONTACTFACEBOOKDESCRIPTION></PRIMARYCONTACTFACEBOOKDESCRIPTION>
        <PRIMARYCONTACTFACEBOOKISPRIVATE></PRIMARYCONTACTFACEBOOKISPRIVATE>
        <PRIMARYCONTACTFACEBOOKPURPOSE></PRIMARYCONTACTFACEBOOKPURPOSE>
        <PRIMARYCONTACTFAX></PRIMARYCONTACTFAX>
        <PRIMARYCONTACTFAXDESCRIPTION></PRIMARYCONTACTFAXDESCRIPTION>
        <PRIMARYCONTACTFAXEXTENSION></PRIMARYCONTACTFAXEXTENSION>
        <PRIMARYCONTACTFAXPURPOSE></PRIMARYCONTACTFAXPURPOSE>
        <PRIMARYCONTACTLINKEDIN></PRIMARYCONTACTLINKEDIN>
        <PRIMARYCONTACTLINKEDINDESCRIPTION></PRIMARYCONTACTLINKEDINDESCRIPTION>
        <PRIMARYCONTACTLINKEDINISPRIVATE></PRIMARYCONTACTLINKEDINISPRIVATE>
        <PRIMARYCONTACTLINKEDINPURPOSE></PRIMARYCONTACTLINKEDINPURPOSE>
        <PRIMARYCONTACTPHONE></PRIMARYCONTACTPHONE>
        <PRIMARYCONTACTPHONEDESCRIPTION></PRIMARYCONTACTPHONEDESCRIPTION>
        <PRIMARYCONTACTPHONEEXTENSION></PRIMARYCONTACTPHONEEXTENSION>
        <PRIMARYCONTACTPHONEISMOBILE></PRIMARYCONTACTPHONEISMOBILE>
        <PRIMARYCONTACTPHONEPURPOSE></PRIMARYCONTACTPHONEPURPOSE>
        <PRIMARYCONTACTTELEX></PRIMARYCONTACTTELEX>
        <PRIMARYCONTACTTELEXDESCRIPTION></PRIMARYCONTACTTELEXDESCRIPTION>
        <PRIMARYCONTACTTELEXPURPOSE></PRIMARYCONTACTTELEXPURPOSE>
        <PRIMARYCONTACTTWITTER></PRIMARYCONTACTTWITTER>
        <PRIMARYCONTACTTWITTERDESCRIPTION></PRIMARYCONTACTTWITTERDESCRIPTION>
        <PRIMARYCONTACTTWITTERISPRIVATE></PRIMARYCONTACTTWITTERISPRIVATE>
        <PRIMARYCONTACTTWITTERPURPOSE></PRIMARYCONTACTTWITTERPURPOSE>
        <PRIMARYCONTACTURL></PRIMARYCONTACTURL>
        <PRIMARYCONTACTURLDESCRIPTION></PRIMARYCONTACTURLDESCRIPTION>
        <PRIMARYCONTACTURLPURPOSE></PRIMARYCONTACTURLPURPOSE>
        <TIMEZONE>GMT_COORDINATEDUNIVERSALTIME</TIMEZONE>
        <USEFORFINANCIALCONSOLIDATIONPROCESS>No</USEFORFINANCIALCONSOLIDATIONPROCESS>
        <USEFORFINANCIALELIMINATIONPROCESS>No</USEFORFINANCIALELIMINATIONPROCESS>
        <VATNUM></VATNUM>
    </OMLEGALENTITY>
    <OMLEGALENTITY>
        <ADDRESSBOOKS></ADDRESSBOOKS>
        <ADDRESSCITY></ADDRESSCITY>
        <ADDRESSCOUNTRYREGIONID>fae</ADDRESSCOUNTRYREGIONID>
        <ADDRESSCOUNTRYREGIONISOCODE></ADDRESSCOUNTRYREGIONISOCODE>
        <ADDRESSCOUNTY></ADDRESSCOUNTY>
        <ADDRESSDESCRIPTION>Chandlers Guild</ADDRESSDESCRIPTION>
        <ADDRESSDISTRICTNAME></ADDRESSDISTRICTNAME>
        <ADDRESSLATITUDE>0.0000000000</ADDRESSLATITUDE>
        <ADDRESSLOCATIONROLES>Business</ADDRESSLOCATIONROLES>
        <ADDRESSLONGITUDE>0.0000000000</ADDRESSLONGITUDE>
        <ADDRESSSTATE></ADDRESSSTATE>
        <ADDRESSSTREET></ADDRESSSTREET>
        <ADDRESSTIMEZONE></ADDRESSTIMEZONE>
        <ADDRESSVALIDFROM>2024-09-03T13:39:22</ADDRESSVALIDFROM>
        <ADDRESSVALIDTO>2154-12-31T23:59:59</ADDRESSVALIDTO>
        <ADDRESSZIPCODE></ADDRESSZIPCODE>
        <FISCALCODE></FISCALCODE>
        <FULLPRIMARYADDRESS>fae</FULLPRIMARYADDRESS>
        <IMPORTVATNUM></IMPORTVATNUM>
        <LANGUAGEID></LANGUAGEID>
        <LEGALENTITYID>CHDL</LEGALENTITYID>
        <LEGALNATURE></LEGALNATURE>
        <LOCALIZATIONCOUNTRYREGIONCODE>Default</LOCALIZATIONCOUNTRYREGIONCODE>
        <NAICS></NAICS>
        <NAME>Chandlers Guild</NAME>
        <NAMEALIAS>Chandlers Guild</NAMEALIAS>
        <PARTYNUMBER>000000511</PARTYNUMBER>
        <PHONETICNAME></PHONETICNAME>
        <PRIMARYADDRESSLOCATIONID>000000411</PRIMARYADDRESSLOCATIONID>
        <PRIMARYCONTACTEMAIL></PRIMARYCONTACTEMAIL>
        <PRIMARYCONTACTEMAILDESCRIPTION></PRIMARYCONTACTEMAILDESCRIPTION>
        <PRIMARYCONTACTEMAILISIM></PRIMARYCONTACTEMAILISIM>
        <PRIMARYCONTACTEMAILPURPOSE></PRIMARYCONTACTEMAILPURPOSE>
        <PRIMARYCONTACTFACEBOOK></PRIMARYCONTACTFACEBOOK>
        <PRIMARYCONTACTFACEBOOKDESCRIPTION></PRIMARYCONTACTFACEBOOKDESCRIPTION>
        <PRIMARYCONTACTFACEBOOKISPRIVATE></PRIMARYCONTACTFACEBOOKISPRIVATE>
        <PRIMARYCONTACTFACEBOOKPURPOSE></PRIMARYCONTACTFACEBOOKPURPOSE>
        <PRIMARYCONTACTFAX></PRIMARYCONTACTFAX>
        <PRIMARYCONTACTFAXDESCRIPTION></PRIMARYCONTACTFAXDESCRIPTION>
        <PRIMARYCONTACTFAXEXTENSION></PRIMARYCONTACTFAXEXTENSION>
        <PRIMARYCONTACTFAXPURPOSE></PRIMARYCONTACTFAXPURPOSE>
        <PRIMARYCONTACTLINKEDIN></PRIMARYCONTACTLINKEDIN>
        <PRIMARYCONTACTLINKEDINDESCRIPTION></PRIMARYCONTACTLINKEDINDESCRIPTION>
        <PRIMARYCONTACTLINKEDINISPRIVATE></PRIMARYCONTACTLINKEDINISPRIVATE>
        <PRIMARYCONTACTLINKEDINPURPOSE></PRIMARYCONTACTLINKEDINPURPOSE>
        <PRIMARYCONTACTPHONE></PRIMARYCONTACTPHONE>
        <PRIMARYCONTACTPHONEDESCRIPTION></PRIMARYCONTACTPHONEDESCRIPTION>
        <PRIMARYCONTACTPHONEEXTENSION></PRIMARYCONTACTPHONEEXTENSION>
        <PRIMARYCONTACTPHONEISMOBILE></PRIMARYCONTACTPHONEISMOBILE>
        <PRIMARYCONTACTPHONEPURPOSE></PRIMARYCONTACTPHONEPURPOSE>
        <PRIMARYCONTACTTELEX></PRIMARYCONTACTTELEX>
        <PRIMARYCONTACTTELEXDESCRIPTION></PRIMARYCONTACTTELEXDESCRIPTION>
        <PRIMARYCONTACTTELEXPURPOSE></PRIMARYCONTACTTELEXPURPOSE>
        <PRIMARYCONTACTTWITTER></PRIMARYCONTACTTWITTER>
        <PRIMARYCONTACTTWITTERDESCRIPTION></PRIMARYCONTACTTWITTERDESCRIPTION>
        <PRIMARYCONTACTTWITTERISPRIVATE></PRIMARYCONTACTTWITTERISPRIVATE>
        <PRIMARYCONTACTTWITTERPURPOSE></PRIMARYCONTACTTWITTERPURPOSE>
        <PRIMARYCONTACTURL></PRIMARYCONTACTURL>
        <PRIMARYCONTACTURLDESCRIPTION></PRIMARYCONTACTURLDESCRIPTION>
        <PRIMARYCONTACTURLPURPOSE></PRIMARYCONTACTURLPURPOSE>
        <TIMEZONE>GMT_COORDINATEDUNIVERSALTIME</TIMEZONE>
        <USEFORFINANCIALCONSOLIDATIONPROCESS>No</USEFORFINANCIALCONSOLIDATIONPROCESS>
        <USEFORFINANCIALELIMINATIONPROCESS>No</USEFORFINANCIALELIMINATIONPROCESS>
        <VATNUM></VATNUM>
    </OMLEGALENTITY>
    <OMLEGALENTITY>
        <ADDRESSBOOKS></ADDRESSBOOKS>
        <ADDRESSCITY></ADDRESSCITY>
        <ADDRESSCOUNTRYREGIONID>fae</ADDRESSCOUNTRYREGIONID>
        <ADDRESSCOUNTRYREGIONISOCODE></ADDRESSCOUNTRYREGIONISOCODE>
        <ADDRESSCOUNTY></ADDRESSCOUNTY>
        <ADDRESSDESCRIPTION>Cobblers Guild</ADDRESSDESCRIPTION>
        <ADDRESSDISTRICTNAME></ADDRESSDISTRICTNAME>
        <ADDRESSLATITUDE>0.0000000000</ADDRESSLATITUDE>
        <ADDRESSLOCATIONROLES>Business</ADDRESSLOCATIONROLES>
        <ADDRESSLONGITUDE>0.0000000000</ADDRESSLONGITUDE>
        <ADDRESSSTATE></ADDRESSSTATE>
        <ADDRESSSTREET></ADDRESSSTREET>
        <ADDRESSTIMEZONE></ADDRESSTIMEZONE>
        <ADDRESSVALIDFROM>2024-09-03T13:37:23</ADDRESSVALIDFROM>
        <ADDRESSVALIDTO>2154-12-31T23:59:59</ADDRESSVALIDTO>
        <ADDRESSZIPCODE></ADDRESSZIPCODE>
        <FISCALCODE></FISCALCODE>
        <FULLPRIMARYADDRESS>fae</FULLPRIMARYADDRESS>
        <IMPORTVATNUM></IMPORTVATNUM>
        <LANGUAGEID></LANGUAGEID>
        <LEGALENTITYID>COBL</LEGALENTITYID>
        <LEGALNATURE></LEGALNATURE>
        <LOCALIZATIONCOUNTRYREGIONCODE>Default</LOCALIZATIONCOUNTRYREGIONCODE>
        <NAICS></NAICS>
        <NAME>Cobblers Guild</NAME>
        <NAMEALIAS>Cobblers Guild</NAMEALIAS>
        <PARTYNUMBER>000000505</PARTYNUMBER>
        <PHONETICNAME></PHONETICNAME>
        <PRIMARYADDRESSLOCATIONID>000000405</PRIMARYADDRESSLOCATIONID>
        <PRIMARYCONTACTEMAIL></PRIMARYCONTACTEMAIL>
        <PRIMARYCONTACTEMAILDESCRIPTION></PRIMARYCONTACTEMAILDESCRIPTION>
        <PRIMARYCONTACTEMAILISIM></PRIMARYCONTACTEMAILISIM>
        <PRIMARYCONTACTEMAILPURPOSE></PRIMARYCONTACTEMAILPURPOSE>
        <PRIMARYCONTACTFACEBOOK></PRIMARYCONTACTFACEBOOK>
        <PRIMARYCONTACTFACEBOOKDESCRIPTION></PRIMARYCONTACTFACEBOOKDESCRIPTION>
        <PRIMARYCONTACTFACEBOOKISPRIVATE></PRIMARYCONTACTFACEBOOKISPRIVATE>
        <PRIMARYCONTACTFACEBOOKPURPOSE></PRIMARYCONTACTFACEBOOKPURPOSE>
        <PRIMARYCONTACTFAX></PRIMARYCONTACTFAX>
        <PRIMARYCONTACTFAXDESCRIPTION></PRIMARYCONTACTFAXDESCRIPTION>
        <PRIMARYCONTACTFAXEXTENSION></PRIMARYCONTACTFAXEXTENSION>
        <PRIMARYCONTACTFAXPURPOSE></PRIMARYCONTACTFAXPURPOSE>
        <PRIMARYCONTACTLINKEDIN></PRIMARYCONTACTLINKEDIN>
        <PRIMARYCONTACTLINKEDINDESCRIPTION></PRIMARYCONTACTLINKEDINDESCRIPTION>
        <PRIMARYCONTACTLINKEDINISPRIVATE></PRIMARYCONTACTLINKEDINISPRIVATE>
        <PRIMARYCONTACTLINKEDINPURPOSE></PRIMARYCONTACTLINKEDINPURPOSE>
        <PRIMARYCONTACTPHONE></PRIMARYCONTACTPHONE>
        <PRIMARYCONTACTPHONEDESCRIPTION></PRIMARYCONTACTPHONEDESCRIPTION>
        <PRIMARYCONTACTPHONEEXTENSION></PRIMARYCONTACTPHONEEXTENSION>
        <PRIMARYCONTACTPHONEISMOBILE></PRIMARYCONTACTPHONEISMOBILE>
        <PRIMARYCONTACTPHONEPURPOSE></PRIMARYCONTACTPHONEPURPOSE>
        <PRIMARYCONTACTTELEX></PRIMARYCONTACTTELEX>
        <PRIMARYCONTACTTELEXDESCRIPTION></PRIMARYCONTACTTELEXDESCRIPTION>
        <PRIMARYCONTACTTELEXPURPOSE></PRIMARYCONTACTTELEXPURPOSE>
        <PRIMARYCONTACTTWITTER></PRIMARYCONTACTTWITTER>
        <PRIMARYCONTACTTWITTERDESCRIPTION></PRIMARYCONTACTTWITTERDESCRIPTION>
        <PRIMARYCONTACTTWITTERISPRIVATE></PRIMARYCONTACTTWITTERISPRIVATE>
        <PRIMARYCONTACTTWITTERPURPOSE></PRIMARYCONTACTTWITTERPURPOSE>
        <PRIMARYCONTACTURL></PRIMARYCONTACTURL>
        <PRIMARYCONTACTURLDESCRIPTION></PRIMARYCONTACTURLDESCRIPTION>
        <PRIMARYCONTACTURLPURPOSE></PRIMARYCONTACTURLPURPOSE>
        <TIMEZONE>GMT_COORDINATEDUNIVERSALTIME</TIMEZONE>
        <USEFORFINANCIALCONSOLIDATIONPROCESS>No</USEFORFINANCIALCONSOLIDATIONPROCESS>
        <USEFORFINANCIALELIMINATIONPROCESS>No</USEFORFINANCIALELIMINATIONPROCESS>
        <VATNUM></VATNUM>
    </OMLEGALENTITY>
    <OMLEGALENTITY>
        <ADDRESSBOOKS></ADDRESSBOOKS>
        <ADDRESSCITY></ADDRESSCITY>
        <ADDRESSCOUNTRYREGIONID>fae</ADDRESSCOUNTRYREGIONID>
        <ADDRESSCOUNTRYREGIONISOCODE></ADDRESSCOUNTRYREGIONISOCODE>
        <ADDRESSCOUNTY></ADDRESSCOUNTY>
        <ADDRESSDESCRIPTION>Cooks and Bakers Guild</ADDRESSDESCRIPTION>
        <ADDRESSDISTRICTNAME></ADDRESSDISTRICTNAME>
        <ADDRESSLATITUDE>0.0000000000</ADDRESSLATITUDE>
        <ADDRESSLOCATIONROLES>Business</ADDRESSLOCATIONROLES>
        <ADDRESSLONGITUDE>0.0000000000</ADDRESSLONGITUDE>
        <ADDRESSSTATE></ADDRESSSTATE>
        <ADDRESSSTREET></ADDRESSSTREET>
        <ADDRESSTIMEZONE></ADDRESSTIMEZONE>
        <ADDRESSVALIDFROM>2024-09-03T13:41:14</ADDRESSVALIDFROM>
        <ADDRESSVALIDTO>2154-12-31T23:59:59</ADDRESSVALIDTO>
        <ADDRESSZIPCODE></ADDRESSZIPCODE>
        <FISCALCODE></FISCALCODE>
        <FULLPRIMARYADDRESS>fae</FULLPRIMARYADDRESS>
        <IMPORTVATNUM></IMPORTVATNUM>
        <LANGUAGEID></LANGUAGEID>
        <LEGALENTITYID>COKB</LEGALENTITYID>
        <LEGALNATURE></LEGALNATURE>
        <LOCALIZATIONCOUNTRYREGIONCODE>Default</LOCALIZATIONCOUNTRYREGIONCODE>
        <NAICS></NAICS>
        <NAME>Cooks and Bakers Guild</NAME>
        <NAMEALIAS>Cooks and Bakers Gui</NAMEALIAS>
        <PARTYNUMBER>000000517</PARTYNUMBER>
        <PHONETICNAME></PHONETICNAME>
        <PRIMARYADDRESSLOCATIONID>000000417</PRIMARYADDRESSLOCATIONID>
        <PRIMARYCONTACTEMAIL></PRIMARYCONTACTEMAIL>
        <PRIMARYCONTACTEMAILDESCRIPTION></PRIMARYCONTACTEMAILDESCRIPTION>
        <PRIMARYCONTACTEMAILISIM></PRIMARYCONTACTEMAILISIM>
        <PRIMARYCONTACTEMAILPURPOSE></PRIMARYCONTACTEMAILPURPOSE>
        <PRIMARYCONTACTFACEBOOK></PRIMARYCONTACTFACEBOOK>
        <PRIMARYCONTACTFACEBOOKDESCRIPTION></PRIMARYCONTACTFACEBOOKDESCRIPTION>
        <PRIMARYCONTACTFACEBOOKISPRIVATE></PRIMARYCONTACTFACEBOOKISPRIVATE>
        <PRIMARYCONTACTFACEBOOKPURPOSE></PRIMARYCONTACTFACEBOOKPURPOSE>
        <PRIMARYCONTACTFAX></PRIMARYCONTACTFAX>
        <PRIMARYCONTACTFAXDESCRIPTION></PRIMARYCONTACTFAXDESCRIPTION>
        <PRIMARYCONTACTFAXEXTENSION></PRIMARYCONTACTFAXEXTENSION>
        <PRIMARYCONTACTFAXPURPOSE></PRIMARYCONTACTFAXPURPOSE>
        <PRIMARYCONTACTLINKEDIN></PRIMARYCONTACTLINKEDIN>
        <PRIMARYCONTACTLINKEDINDESCRIPTION></PRIMARYCONTACTLINKEDINDESCRIPTION>
        <PRIMARYCONTACTLINKEDINISPRIVATE></PRIMARYCONTACTLINKEDINISPRIVATE>
        <PRIMARYCONTACTLINKEDINPURPOSE></PRIMARYCONTACTLINKEDINPURPOSE>
        <PRIMARYCONTACTPHONE></PRIMARYCONTACTPHONE>
        <PRIMARYCONTACTPHONEDESCRIPTION></PRIMARYCONTACTPHONEDESCRIPTION>
        <PRIMARYCONTACTPHONEEXTENSION></PRIMARYCONTACTPHONEEXTENSION>
        <PRIMARYCONTACTPHONEISMOBILE></PRIMARYCONTACTPHONEISMOBILE>
        <PRIMARYCONTACTPHONEPURPOSE></PRIMARYCONTACTPHONEPURPOSE>
        <PRIMARYCONTACTTELEX></PRIMARYCONTACTTELEX>
        <PRIMARYCONTACTTELEXDESCRIPTION></PRIMARYCONTACTTELEXDESCRIPTION>
        <PRIMARYCONTACTTELEXPURPOSE></PRIMARYCONTACTTELEXPURPOSE>
        <PRIMARYCONTACTTWITTER></PRIMARYCONTACTTWITTER>
        <PRIMARYCONTACTTWITTERDESCRIPTION></PRIMARYCONTACTTWITTERDESCRIPTION>
        <PRIMARYCONTACTTWITTERISPRIVATE></PRIMARYCONTACTTWITTERISPRIVATE>
        <PRIMARYCONTACTTWITTERPURPOSE></PRIMARYCONTACTTWITTERPURPOSE>
        <PRIMARYCONTACTURL></PRIMARYCONTACTURL>
        <PRIMARYCONTACTURLDESCRIPTION></PRIMARYCONTACTURLDESCRIPTION>
        <PRIMARYCONTACTURLPURPOSE></PRIMARYCONTACTURLPURPOSE>
        <TIMEZONE>GMT_COORDINATEDUNIVERSALTIME</TIMEZONE>
        <USEFORFINANCIALCONSOLIDATIONPROCESS>No</USEFORFINANCIALCONSOLIDATIONPROCESS>
        <USEFORFINANCIALELIMINATIONPROCESS>No</USEFORFINANCIALELIMINATIONPROCESS>
        <VATNUM></VATNUM>
    </OMLEGALENTITY>
    <OMLEGALENTITY>
        <ADDRESSBOOKS></ADDRESSBOOKS>
        <ADDRESSCITY></ADDRESSCITY>
        <ADDRESSCOUNTRYREGIONID>fae</ADDRESSCOUNTRYREGIONID>
        <ADDRESSCOUNTRYREGIONISOCODE></ADDRESSCOUNTRYREGIONISOCODE>
        <ADDRESSCOUNTY></ADDRESSCOUNTY>
        <ADDRESSDESCRIPTION>Caprpenters Guild</ADDRESSDESCRIPTION>
        <ADDRESSDISTRICTNAME></ADDRESSDISTRICTNAME>
        <ADDRESSLATITUDE>0.0000000000</ADDRESSLATITUDE>
        <ADDRESSLOCATIONROLES>Business</ADDRESSLOCATIONROLES>
        <ADDRESSLONGITUDE>0.0000000000</ADDRESSLONGITUDE>
        <ADDRESSSTATE></ADDRESSSTATE>
        <ADDRESSSTREET></ADDRESSSTREET>
        <ADDRESSTIMEZONE></ADDRESSTIMEZONE>
        <ADDRESSVALIDFROM>2024-09-03T13:37:08</ADDRESSVALIDFROM>
        <ADDRESSVALIDTO>2154-12-31T23:59:59</ADDRESSVALIDTO>
        <ADDRESSZIPCODE></ADDRESSZIPCODE>
        <FISCALCODE></FISCALCODE>
        <FULLPRIMARYADDRESS>fae</FULLPRIMARYADDRESS>
        <IMPORTVATNUM></IMPORTVATNUM>
        <LANGUAGEID></LANGUAGEID>
        <LEGALENTITYID>CRPG</LEGALENTITYID>
        <LEGALNATURE></LEGALNATURE>
        <LOCALIZATIONCOUNTRYREGIONCODE>Default</LOCALIZATIONCOUNTRYREGIONCODE>
        <NAICS></NAICS>
        <NAME>Carpenters Guild</NAME>
        <NAMEALIAS>Carpenters Guild</NAMEALIAS>
        <PARTYNUMBER>000000504</PARTYNUMBER>
        <PHONETICNAME></PHONETICNAME>
        <PRIMARYADDRESSLOCATIONID>000000404</PRIMARYADDRESSLOCATIONID>
        <PRIMARYCONTACTEMAIL></PRIMARYCONTACTEMAIL>
        <PRIMARYCONTACTEMAILDESCRIPTION></PRIMARYCONTACTEMAILDESCRIPTION>
        <PRIMARYCONTACTEMAILISIM></PRIMARYCONTACTEMAILISIM>
        <PRIMARYCONTACTEMAILPURPOSE></PRIMARYCONTACTEMAILPURPOSE>
        <PRIMARYCONTACTFACEBOOK></PRIMARYCONTACTFACEBOOK>
        <PRIMARYCONTACTFACEBOOKDESCRIPTION></PRIMARYCONTACTFACEBOOKDESCRIPTION>
        <PRIMARYCONTACTFACEBOOKISPRIVATE></PRIMARYCONTACTFACEBOOKISPRIVATE>
        <PRIMARYCONTACTFACEBOOKPURPOSE></PRIMARYCONTACTFACEBOOKPURPOSE>
        <PRIMARYCONTACTFAX></PRIMARYCONTACTFAX>
        <PRIMARYCONTACTFAXDESCRIPTION></PRIMARYCONTACTFAXDESCRIPTION>
        <PRIMARYCONTACTFAXEXTENSION></PRIMARYCONTACTFAXEXTENSION>
        <PRIMARYCONTACTFAXPURPOSE></PRIMARYCONTACTFAXPURPOSE>
        <PRIMARYCONTACTLINKEDIN></PRIMARYCONTACTLINKEDIN>
        <PRIMARYCONTACTLINKEDINDESCRIPTION></PRIMARYCONTACTLINKEDINDESCRIPTION>
        <PRIMARYCONTACTLINKEDINISPRIVATE></PRIMARYCONTACTLINKEDINISPRIVATE>
        <PRIMARYCONTACTLINKEDINPURPOSE></PRIMARYCONTACTLINKEDINPURPOSE>
        <PRIMARYCONTACTPHONE></PRIMARYCONTACTPHONE>
        <PRIMARYCONTACTPHONEDESCRIPTION></PRIMARYCONTACTPHONEDESCRIPTION>
        <PRIMARYCONTACTPHONEEXTENSION></PRIMARYCONTACTPHONEEXTENSION>
        <PRIMARYCONTACTPHONEISMOBILE></PRIMARYCONTACTPHONEISMOBILE>
        <PRIMARYCONTACTPHONEPURPOSE></PRIMARYCONTACTPHONEPURPOSE>
        <PRIMARYCONTACTTELEX></PRIMARYCONTACTTELEX>
        <PRIMARYCONTACTTELEXDESCRIPTION></PRIMARYCONTACTTELEXDESCRIPTION>
        <PRIMARYCONTACTTELEXPURPOSE></PRIMARYCONTACTTELEXPURPOSE>
        <PRIMARYCONTACTTWITTER></PRIMARYCONTACTTWITTER>
        <PRIMARYCONTACTTWITTERDESCRIPTION></PRIMARYCONTACTTWITTERDESCRIPTION>
        <PRIMARYCONTACTTWITTERISPRIVATE></PRIMARYCONTACTTWITTERISPRIVATE>
        <PRIMARYCONTACTTWITTERPURPOSE></PRIMARYCONTACTTWITTERPURPOSE>
        <PRIMARYCONTACTURL></PRIMARYCONTACTURL>
        <PRIMARYCONTACTURLDESCRIPTION></PRIMARYCONTACTURLDESCRIPTION>
        <PRIMARYCONTACTURLPURPOSE></PRIMARYCONTACTURLPURPOSE>
        <TIMEZONE>GMT_COORDINATEDUNIVERSALTIME</TIMEZONE>
        <USEFORFINANCIALCONSOLIDATIONPROCESS>No</USEFORFINANCIALCONSOLIDATIONPROCESS>
        <USEFORFINANCIALELIMINATIONPROCESS>No</USEFORFINANCIALELIMINATIONPROCESS>
        <VATNUM></VATNUM>
    </OMLEGALENTITY>
    <OMLEGALENTITY>
        <ADDRESSBOOKS></ADDRESSBOOKS>
        <ADDRESSCITY></ADDRESSCITY>
        <ADDRESSCOUNTRYREGIONID></ADDRESSCOUNTRYREGIONID>
        <ADDRESSCOUNTRYREGIONISOCODE></ADDRESSCOUNTRYREGIONISOCODE>
        <ADDRESSCOUNTY></ADDRESSCOUNTY>
        <ADDRESSDESCRIPTION></ADDRESSDESCRIPTION>
        <ADDRESSDISTRICTNAME></ADDRESSDISTRICTNAME>
        <ADDRESSLATITUDE></ADDRESSLATITUDE>
        <ADDRESSLOCATIONROLES></ADDRESSLOCATIONROLES>
        <ADDRESSLONGITUDE></ADDRESSLONGITUDE>
        <ADDRESSSTATE></ADDRESSSTATE>
        <ADDRESSSTREET></ADDRESSSTREET>
        <ADDRESSTIMEZONE></ADDRESSTIMEZONE>
        <ADDRESSVALIDFROM>2024-09-03T13:36:46</ADDRESSVALIDFROM>
        <ADDRESSVALIDTO>2154-12-31T23:59:59</ADDRESSVALIDTO>
        <ADDRESSZIPCODE></ADDRESSZIPCODE>
        <FISCALCODE></FISCALCODE>
        <FULLPRIMARYADDRESS></FULLPRIMARYADDRESS>
        <IMPORTVATNUM></IMPORTVATNUM>
        <LANGUAGEID></LANGUAGEID>
        <LEGALENTITYID>dat</LEGALENTITYID>
        <LEGALNATURE></LEGALNATURE>
        <LOCALIZATIONCOUNTRYREGIONCODE>Default</LOCALIZATIONCOUNTRYREGIONCODE>
        <NAICS></NAICS>
        <NAME>Company accounts data</NAME>
        <NAMEALIAS>Company accounts dat</NAMEALIAS>
        <PARTYNUMBER>{0AD0D73B-63AB-440D-8EC3-03BD2FCA1999}</PARTYNUMBER>
        <PHONETICNAME></PHONETICNAME>
        <PRIMARYADDRESSLOCATIONID></PRIMARYADDRESSLOCATIONID>
        <PRIMARYCONTACTEMAIL></PRIMARYCONTACTEMAIL>
        <PRIMARYCONTACTEMAILDESCRIPTION></PRIMARYCONTACTEMAILDESCRIPTION>
        <PRIMARYCONTACTEMAILISIM></PRIMARYCONTACTEMAILISIM>
        <PRIMARYCONTACTEMAILPURPOSE></PRIMARYCONTACTEMAILPURPOSE>
        <PRIMARYCONTACTFACEBOOK></PRIMARYCONTACTFACEBOOK>
        <PRIMARYCONTACTFACEBOOKDESCRIPTION></PRIMARYCONTACTFACEBOOKDESCRIPTION>
        <PRIMARYCONTACTFACEBOOKISPRIVATE></PRIMARYCONTACTFACEBOOKISPRIVATE>
        <PRIMARYCONTACTFACEBOOKPURPOSE></PRIMARYCONTACTFACEBOOKPURPOSE>
        <PRIMARYCONTACTFAX></PRIMARYCONTACTFAX>
        <PRIMARYCONTACTFAXDESCRIPTION></PRIMARYCONTACTFAXDESCRIPTION>
        <PRIMARYCONTACTFAXEXTENSION></PRIMARYCONTACTFAXEXTENSION>
        <PRIMARYCONTACTFAXPURPOSE></PRIMARYCONTACTFAXPURPOSE>
        <PRIMARYCONTACTLINKEDIN></PRIMARYCONTACTLINKEDIN>
        <PRIMARYCONTACTLINKEDINDESCRIPTION></PRIMARYCONTACTLINKEDINDESCRIPTION>
        <PRIMARYCONTACTLINKEDINISPRIVATE></PRIMARYCONTACTLINKEDINISPRIVATE>
        <PRIMARYCONTACTLINKEDINPURPOSE></PRIMARYCONTACTLINKEDINPURPOSE>
        <PRIMARYCONTACTPHONE></PRIMARYCONTACTPHONE>
        <PRIMARYCONTACTPHONEDESCRIPTION></PRIMARYCONTACTPHONEDESCRIPTION>
        <PRIMARYCONTACTPHONEEXTENSION></PRIMARYCONTACTPHONEEXTENSION>
        <PRIMARYCONTACTPHONEISMOBILE></PRIMARYCONTACTPHONEISMOBILE>
        <PRIMARYCONTACTPHONEPURPOSE></PRIMARYCONTACTPHONEPURPOSE>
        <PRIMARYCONTACTTELEX></PRIMARYCONTACTTELEX>
        <PRIMARYCONTACTTELEXDESCRIPTION></PRIMARYCONTACTTELEXDESCRIPTION>
        <PRIMARYCONTACTTELEXPURPOSE></PRIMARYCONTACTTELEXPURPOSE>
        <PRIMARYCONTACTTWITTER></PRIMARYCONTACTTWITTER>
        <PRIMARYCONTACTTWITTERDESCRIPTION></PRIMARYCONTACTTWITTERDESCRIPTION>
        <PRIMARYCONTACTTWITTERISPRIVATE></PRIMARYCONTACTTWITTERISPRIVATE>
        <PRIMARYCONTACTTWITTERPURPOSE></PRIMARYCONTACTTWITTERPURPOSE>
        <PRIMARYCONTACTURL></PRIMARYCONTACTURL>
        <PRIMARYCONTACTURLDESCRIPTION></PRIMARYCONTACTURLDESCRIPTION>
        <PRIMARYCONTACTURLPURPOSE></PRIMARYCONTACTURLPURPOSE>
        <TIMEZONE>GMTMINUS0800PACIFICTIME</TIMEZONE>
        <USEFORFINANCIALCONSOLIDATIONPROCESS>No</USEFORFINANCIALCONSOLIDATIONPROCESS>
        <USEFORFINANCIALELIMINATIONPROCESS>No</USEFORFINANCIALELIMINATIONPROCESS>
        <VATNUM></VATNUM>
    </OMLEGALENTITY>
    <OMLEGALENTITY>
        <ADDRESSBOOKS></ADDRESSBOOKS>
        <ADDRESSCITY></ADDRESSCITY>
        <ADDRESSCOUNTRYREGIONID>FAE</ADDRESSCOUNTRYREGIONID>
        <ADDRESSCOUNTRYREGIONISOCODE></ADDRESSCOUNTRYREGIONISOCODE>
        <ADDRESSCOUNTY></ADDRESSCOUNTY>
        <ADDRESSDESCRIPTION>Faerûn Board of Trade</ADDRESSDESCRIPTION>
        <ADDRESSDISTRICTNAME></ADDRESSDISTRICTNAME>
        <ADDRESSLATITUDE>0.0000000000</ADDRESSLATITUDE>
        <ADDRESSLOCATIONROLES>Business</ADDRESSLOCATIONROLES>
        <ADDRESSLONGITUDE>0.0000000000</ADDRESSLONGITUDE>
        <ADDRESSSTATE></ADDRESSSTATE>
        <ADDRESSSTREET></ADDRESSSTREET>
        <ADDRESSTIMEZONE></ADDRESSTIMEZONE>
        <ADDRESSVALIDFROM>2024-08-29T17:21:11</ADDRESSVALIDFROM>
        <ADDRESSVALIDTO>2154-12-31T23:59:59</ADDRESSVALIDTO>
        <ADDRESSZIPCODE></ADDRESSZIPCODE>
        <FISCALCODE></FISCALCODE>
        <FULLPRIMARYADDRESS>FAE</FULLPRIMARYADDRESS>
        <IMPORTVATNUM></IMPORTVATNUM>
        <LANGUAGEID>fae-cm</LANGUAGEID>
        <LEGALENTITYID>FBOT</LEGALENTITYID>
        <LEGALNATURE></LEGALNATURE>
        <LOCALIZATIONCOUNTRYREGIONCODE>Default</LOCALIZATIONCOUNTRYREGIONCODE>
        <NAICS></NAICS>
        <NAME>Faerûn Board of Trade</NAME>
        <NAMEALIAS>Faerûn Board of Trad</NAMEALIAS>
        <PARTYNUMBER>000000401</PARTYNUMBER>
        <PHONETICNAME></PHONETICNAME>
        <PRIMARYADDRESSLOCATIONID>000000302</PRIMARYADDRESSLOCATIONID>
        <PRIMARYCONTACTEMAIL></PRIMARYCONTACTEMAIL>
        <PRIMARYCONTACTEMAILDESCRIPTION></PRIMARYCONTACTEMAILDESCRIPTION>
        <PRIMARYCONTACTEMAILISIM></PRIMARYCONTACTEMAILISIM>
        <PRIMARYCONTACTEMAILPURPOSE></PRIMARYCONTACTEMAILPURPOSE>
        <PRIMARYCONTACTFACEBOOK></PRIMARYCONTACTFACEBOOK>
        <PRIMARYCONTACTFACEBOOKDESCRIPTION></PRIMARYCONTACTFACEBOOKDESCRIPTION>
        <PRIMARYCONTACTFACEBOOKISPRIVATE></PRIMARYCONTACTFACEBOOKISPRIVATE>
        <PRIMARYCONTACTFACEBOOKPURPOSE></PRIMARYCONTACTFACEBOOKPURPOSE>
        <PRIMARYCONTACTFAX></PRIMARYCONTACTFAX>
        <PRIMARYCONTACTFAXDESCRIPTION></PRIMARYCONTACTFAXDESCRIPTION>
        <PRIMARYCONTACTFAXEXTENSION></PRIMARYCONTACTFAXEXTENSION>
        <PRIMARYCONTACTFAXPURPOSE></PRIMARYCONTACTFAXPURPOSE>
        <PRIMARYCONTACTLINKEDIN></PRIMARYCONTACTLINKEDIN>
        <PRIMARYCONTACTLINKEDINDESCRIPTION></PRIMARYCONTACTLINKEDINDESCRIPTION>
        <PRIMARYCONTACTLINKEDINISPRIVATE></PRIMARYCONTACTLINKEDINISPRIVATE>
        <PRIMARYCONTACTLINKEDINPURPOSE></PRIMARYCONTACTLINKEDINPURPOSE>
        <PRIMARYCONTACTPHONE></PRIMARYCONTACTPHONE>
        <PRIMARYCONTACTPHONEDESCRIPTION></PRIMARYCONTACTPHONEDESCRIPTION>
        <PRIMARYCONTACTPHONEEXTENSION></PRIMARYCONTACTPHONEEXTENSION>
        <PRIMARYCONTACTPHONEISMOBILE></PRIMARYCONTACTPHONEISMOBILE>
        <PRIMARYCONTACTPHONEPURPOSE></PRIMARYCONTACTPHONEPURPOSE>
        <PRIMARYCONTACTTELEX></PRIMARYCONTACTTELEX>
        <PRIMARYCONTACTTELEXDESCRIPTION></PRIMARYCONTACTTELEXDESCRIPTION>
        <PRIMARYCONTACTTELEXPURPOSE></PRIMARYCONTACTTELEXPURPOSE>
        <PRIMARYCONTACTTWITTER></PRIMARYCONTACTTWITTER>
        <PRIMARYCONTACTTWITTERDESCRIPTION></PRIMARYCONTACTTWITTERDESCRIPTION>
        <PRIMARYCONTACTTWITTERISPRIVATE></PRIMARYCONTACTTWITTERISPRIVATE>
        <PRIMARYCONTACTTWITTERPURPOSE></PRIMARYCONTACTTWITTERPURPOSE>
        <PRIMARYCONTACTURL></PRIMARYCONTACTURL>
        <PRIMARYCONTACTURLDESCRIPTION></PRIMARYCONTACTURLDESCRIPTION>
        <PRIMARYCONTACTURLPURPOSE></PRIMARYCONTACTURLPURPOSE>
        <TIMEZONE>GMT_COORDINATEDUNIVERSALTIME</TIMEZONE>
        <USEFORFINANCIALCONSOLIDATIONPROCESS>No</USEFORFINANCIALCONSOLIDATIONPROCESS>
        <USEFORFINANCIALELIMINATIONPROCESS>No</USEFORFINANCIALELIMINATIONPROCESS>
        <VATNUM></VATNUM>
    </OMLEGALENTITY>
    <OMLEGALENTITY>
        <ADDRESSBOOKS></ADDRESSBOOKS>
        <ADDRESSCITY></ADDRESSCITY>
        <ADDRESSCOUNTRYREGIONID>fae</ADDRESSCOUNTRYREGIONID>
        <ADDRESSCOUNTRYREGIONISOCODE></ADDRESSCOUNTRYREGIONISOCODE>
        <ADDRESSCOUNTY></ADDRESSCOUNTY>
        <ADDRESSDESCRIPTION>Farmers Guild</ADDRESSDESCRIPTION>
        <ADDRESSDISTRICTNAME></ADDRESSDISTRICTNAME>
        <ADDRESSLATITUDE>0.0000000000</ADDRESSLATITUDE>
        <ADDRESSLOCATIONROLES>Business</ADDRESSLOCATIONROLES>
        <ADDRESSLONGITUDE>0.0000000000</ADDRESSLONGITUDE>
        <ADDRESSSTATE></ADDRESSSTATE>
        <ADDRESSSTREET></ADDRESSSTREET>
        <ADDRESSTIMEZONE></ADDRESSTIMEZONE>
        <ADDRESSVALIDFROM>2024-09-03T13:43:11</ADDRESSVALIDFROM>
        <ADDRESSVALIDTO>2154-12-31T23:59:59</ADDRESSVALIDTO>
        <ADDRESSZIPCODE></ADDRESSZIPCODE>
        <FISCALCODE></FISCALCODE>
        <FULLPRIMARYADDRESS>fae</FULLPRIMARYADDRESS>
        <IMPORTVATNUM></IMPORTVATNUM>
        <LANGUAGEID></LANGUAGEID>
        <LEGALENTITYID>FRMG</LEGALENTITYID>
        <LEGALNATURE></LEGALNATURE>
        <LOCALIZATIONCOUNTRYREGIONCODE>Default</LOCALIZATIONCOUNTRYREGIONCODE>
        <NAICS></NAICS>
        <NAME>Farmers Guild</NAME>
        <NAMEALIAS>Farmers Guild</NAMEALIAS>
        <PARTYNUMBER>000000519</PARTYNUMBER>
        <PHONETICNAME></PHONETICNAME>
        <PRIMARYADDRESSLOCATIONID>000000419</PRIMARYADDRESSLOCATIONID>
        <PRIMARYCONTACTEMAIL></PRIMARYCONTACTEMAIL>
        <PRIMARYCONTACTEMAILDESCRIPTION></PRIMARYCONTACTEMAILDESCRIPTION>
        <PRIMARYCONTACTEMAILISIM></PRIMARYCONTACTEMAILISIM>
        <PRIMARYCONTACTEMAILPURPOSE></PRIMARYCONTACTEMAILPURPOSE>
        <PRIMARYCONTACTFACEBOOK></PRIMARYCONTACTFACEBOOK>
        <PRIMARYCONTACTFACEBOOKDESCRIPTION></PRIMARYCONTACTFACEBOOKDESCRIPTION>
        <PRIMARYCONTACTFACEBOOKISPRIVATE></PRIMARYCONTACTFACEBOOKISPRIVATE>
        <PRIMARYCONTACTFACEBOOKPURPOSE></PRIMARYCONTACTFACEBOOKPURPOSE>
        <PRIMARYCONTACTFAX></PRIMARYCONTACTFAX>
        <PRIMARYCONTACTFAXDESCRIPTION></PRIMARYCONTACTFAXDESCRIPTION>
        <PRIMARYCONTACTFAXEXTENSION></PRIMARYCONTACTFAXEXTENSION>
        <PRIMARYCONTACTFAXPURPOSE></PRIMARYCONTACTFAXPURPOSE>
        <PRIMARYCONTACTLINKEDIN></PRIMARYCONTACTLINKEDIN>
        <PRIMARYCONTACTLINKEDINDESCRIPTION></PRIMARYCONTACTLINKEDINDESCRIPTION>
        <PRIMARYCONTACTLINKEDINISPRIVATE></PRIMARYCONTACTLINKEDINISPRIVATE>
        <PRIMARYCONTACTLINKEDINPURPOSE></PRIMARYCONTACTLINKEDINPURPOSE>
        <PRIMARYCONTACTPHONE></PRIMARYCONTACTPHONE>
        <PRIMARYCONTACTPHONEDESCRIPTION></PRIMARYCONTACTPHONEDESCRIPTION>
        <PRIMARYCONTACTPHONEEXTENSION></PRIMARYCONTACTPHONEEXTENSION>
        <PRIMARYCONTACTPHONEISMOBILE></PRIMARYCONTACTPHONEISMOBILE>
        <PRIMARYCONTACTPHONEPURPOSE></PRIMARYCONTACTPHONEPURPOSE>
        <PRIMARYCONTACTTELEX></PRIMARYCONTACTTELEX>
        <PRIMARYCONTACTTELEXDESCRIPTION></PRIMARYCONTACTTELEXDESCRIPTION>
        <PRIMARYCONTACTTELEXPURPOSE></PRIMARYCONTACTTELEXPURPOSE>
        <PRIMARYCONTACTTWITTER></PRIMARYCONTACTTWITTER>
        <PRIMARYCONTACTTWITTERDESCRIPTION></PRIMARYCONTACTTWITTERDESCRIPTION>
        <PRIMARYCONTACTTWITTERISPRIVATE></PRIMARYCONTACTTWITTERISPRIVATE>
        <PRIMARYCONTACTTWITTERPURPOSE></PRIMARYCONTACTTWITTERPURPOSE>
        <PRIMARYCONTACTURL></PRIMARYCONTACTURL>
        <PRIMARYCONTACTURLDESCRIPTION></PRIMARYCONTACTURLDESCRIPTION>
        <PRIMARYCONTACTURLPURPOSE></PRIMARYCONTACTURLPURPOSE>
        <TIMEZONE>GMT_COORDINATEDUNIVERSALTIME</TIMEZONE>
        <USEFORFINANCIALCONSOLIDATIONPROCESS>No</USEFORFINANCIALCONSOLIDATIONPROCESS>
        <USEFORFINANCIALELIMINATIONPROCESS>No</USEFORFINANCIALELIMINATIONPROCESS>
        <VATNUM></VATNUM>
    </OMLEGALENTITY>
    <OMLEGALENTITY>
        <ADDRESSBOOKS></ADDRESSBOOKS>
        <ADDRESSCITY></ADDRESSCITY>
        <ADDRESSCOUNTRYREGIONID>fae</ADDRESSCOUNTRYREGIONID>
        <ADDRESSCOUNTRYREGIONISOCODE></ADDRESSCOUNTRYREGIONISOCODE>
        <ADDRESSCOUNTY></ADDRESSCOUNTY>
        <ADDRESSDESCRIPTION>Fishmongers Guild</ADDRESSDESCRIPTION>
        <ADDRESSDISTRICTNAME></ADDRESSDISTRICTNAME>
        <ADDRESSLATITUDE>0.0000000000</ADDRESSLATITUDE>
        <ADDRESSLOCATIONROLES>Business</ADDRESSLOCATIONROLES>
        <ADDRESSLONGITUDE>0.0000000000</ADDRESSLONGITUDE>
        <ADDRESSSTATE></ADDRESSSTATE>
        <ADDRESSSTREET></ADDRESSSTREET>
        <ADDRESSTIMEZONE></ADDRESSTIMEZONE>
        <ADDRESSVALIDFROM>2024-09-03T13:37:59</ADDRESSVALIDFROM>
        <ADDRESSVALIDTO>2154-12-31T23:59:59</ADDRESSVALIDTO>
        <ADDRESSZIPCODE></ADDRESSZIPCODE>
        <FISCALCODE></FISCALCODE>
        <FULLPRIMARYADDRESS>fae</FULLPRIMARYADDRESS>
        <IMPORTVATNUM></IMPORTVATNUM>
        <LANGUAGEID></LANGUAGEID>
        <LEGALENTITYID>FSHM</LEGALENTITYID>
        <LEGALNATURE></LEGALNATURE>
        <LOCALIZATIONCOUNTRYREGIONCODE>Default</LOCALIZATIONCOUNTRYREGIONCODE>
        <NAICS></NAICS>
        <NAME>Fishmongers Guild</NAME>
        <NAMEALIAS>Fishmongers Guild</NAMEALIAS>
        <PARTYNUMBER>000000507</PARTYNUMBER>
        <PHONETICNAME></PHONETICNAME>
        <PRIMARYADDRESSLOCATIONID>000000407</PRIMARYADDRESSLOCATIONID>
        <PRIMARYCONTACTEMAIL></PRIMARYCONTACTEMAIL>
        <PRIMARYCONTACTEMAILDESCRIPTION></PRIMARYCONTACTEMAILDESCRIPTION>
        <PRIMARYCONTACTEMAILISIM></PRIMARYCONTACTEMAILISIM>
        <PRIMARYCONTACTEMAILPURPOSE></PRIMARYCONTACTEMAILPURPOSE>
        <PRIMARYCONTACTFACEBOOK></PRIMARYCONTACTFACEBOOK>
        <PRIMARYCONTACTFACEBOOKDESCRIPTION></PRIMARYCONTACTFACEBOOKDESCRIPTION>
        <PRIMARYCONTACTFACEBOOKISPRIVATE></PRIMARYCONTACTFACEBOOKISPRIVATE>
        <PRIMARYCONTACTFACEBOOKPURPOSE></PRIMARYCONTACTFACEBOOKPURPOSE>
        <PRIMARYCONTACTFAX></PRIMARYCONTACTFAX>
        <PRIMARYCONTACTFAXDESCRIPTION></PRIMARYCONTACTFAXDESCRIPTION>
        <PRIMARYCONTACTFAXEXTENSION></PRIMARYCONTACTFAXEXTENSION>
        <PRIMARYCONTACTFAXPURPOSE></PRIMARYCONTACTFAXPURPOSE>
        <PRIMARYCONTACTLINKEDIN></PRIMARYCONTACTLINKEDIN>
        <PRIMARYCONTACTLINKEDINDESCRIPTION></PRIMARYCONTACTLINKEDINDESCRIPTION>
        <PRIMARYCONTACTLINKEDINISPRIVATE></PRIMARYCONTACTLINKEDINISPRIVATE>
        <PRIMARYCONTACTLINKEDINPURPOSE></PRIMARYCONTACTLINKEDINPURPOSE>
        <PRIMARYCONTACTPHONE></PRIMARYCONTACTPHONE>
        <PRIMARYCONTACTPHONEDESCRIPTION></PRIMARYCONTACTPHONEDESCRIPTION>
        <PRIMARYCONTACTPHONEEXTENSION></PRIMARYCONTACTPHONEEXTENSION>
        <PRIMARYCONTACTPHONEISMOBILE></PRIMARYCONTACTPHONEISMOBILE>
        <PRIMARYCONTACTPHONEPURPOSE></PRIMARYCONTACTPHONEPURPOSE>
        <PRIMARYCONTACTTELEX></PRIMARYCONTACTTELEX>
        <PRIMARYCONTACTTELEXDESCRIPTION></PRIMARYCONTACTTELEXDESCRIPTION>
        <PRIMARYCONTACTTELEXPURPOSE></PRIMARYCONTACTTELEXPURPOSE>
        <PRIMARYCONTACTTWITTER></PRIMARYCONTACTTWITTER>
        <PRIMARYCONTACTTWITTERDESCRIPTION></PRIMARYCONTACTTWITTERDESCRIPTION>
        <PRIMARYCONTACTTWITTERISPRIVATE></PRIMARYCONTACTTWITTERISPRIVATE>
        <PRIMARYCONTACTTWITTERPURPOSE></PRIMARYCONTACTTWITTERPURPOSE>
        <PRIMARYCONTACTURL></PRIMARYCONTACTURL>
        <PRIMARYCONTACTURLDESCRIPTION></PRIMARYCONTACTURLDESCRIPTION>
        <PRIMARYCONTACTURLPURPOSE></PRIMARYCONTACTURLPURPOSE>
        <TIMEZONE>GMT_COORDINATEDUNIVERSALTIME</TIMEZONE>
        <USEFORFINANCIALCONSOLIDATIONPROCESS>No</USEFORFINANCIALCONSOLIDATIONPROCESS>
        <USEFORFINANCIALELIMINATIONPROCESS>No</USEFORFINANCIALELIMINATIONPROCESS>
        <VATNUM></VATNUM>
    </OMLEGALENTITY>
    <OMLEGALENTITY>
        <ADDRESSBOOKS></ADDRESSBOOKS>
        <ADDRESSCITY></ADDRESSCITY>
        <ADDRESSCOUNTRYREGIONID>FAE</ADDRESSCOUNTRYREGIONID>
        <ADDRESSCOUNTRYREGIONISOCODE></ADDRESSCOUNTRYREGIONISOCODE>
        <ADDRESSCOUNTY></ADDRESSCOUNTY>
        <ADDRESSDESCRIPTION>Glassblowers and Glaziers Guild</ADDRESSDESCRIPTION>
        <ADDRESSDISTRICTNAME></ADDRESSDISTRICTNAME>
        <ADDRESSLATITUDE>0.0000000000</ADDRESSLATITUDE>
        <ADDRESSLOCATIONROLES>Business</ADDRESSLOCATIONROLES>
        <ADDRESSLONGITUDE>0.0000000000</ADDRESSLONGITUDE>
        <ADDRESSSTATE></ADDRESSSTATE>
        <ADDRESSSTREET></ADDRESSSTREET>
        <ADDRESSTIMEZONE></ADDRESSTIMEZONE>
        <ADDRESSVALIDFROM>2024-09-03T13:39:46</ADDRESSVALIDFROM>
        <ADDRESSVALIDTO>2154-12-31T23:59:59</ADDRESSVALIDTO>
        <ADDRESSZIPCODE></ADDRESSZIPCODE>
        <FISCALCODE></FISCALCODE>
        <FULLPRIMARYADDRESS>FAE</FULLPRIMARYADDRESS>
        <IMPORTVATNUM></IMPORTVATNUM>
        <LANGUAGEID></LANGUAGEID>
        <LEGALENTITYID>GLBL</LEGALENTITYID>
        <LEGALNATURE></LEGALNATURE>
        <LOCALIZATIONCOUNTRYREGIONCODE>Default</LOCALIZATIONCOUNTRYREGIONCODE>
        <NAICS></NAICS>
        <NAME>Glassblowers and Glaziers Guild</NAME>
        <NAMEALIAS>Glassblowers and Gla</NAMEALIAS>
        <PARTYNUMBER>000000512</PARTYNUMBER>
        <PHONETICNAME></PHONETICNAME>
        <PRIMARYADDRESSLOCATIONID>000000412</PRIMARYADDRESSLOCATIONID>
        <PRIMARYCONTACTEMAIL></PRIMARYCONTACTEMAIL>
        <PRIMARYCONTACTEMAILDESCRIPTION></PRIMARYCONTACTEMAILDESCRIPTION>
        <PRIMARYCONTACTEMAILISIM></PRIMARYCONTACTEMAILISIM>
        <PRIMARYCONTACTEMAILPURPOSE></PRIMARYCONTACTEMAILPURPOSE>
        <PRIMARYCONTACTFACEBOOK></PRIMARYCONTACTFACEBOOK>
        <PRIMARYCONTACTFACEBOOKDESCRIPTION></PRIMARYCONTACTFACEBOOKDESCRIPTION>
        <PRIMARYCONTACTFACEBOOKISPRIVATE></PRIMARYCONTACTFACEBOOKISPRIVATE>
        <PRIMARYCONTACTFACEBOOKPURPOSE></PRIMARYCONTACTFACEBOOKPURPOSE>
        <PRIMARYCONTACTFAX></PRIMARYCONTACTFAX>
        <PRIMARYCONTACTFAXDESCRIPTION></PRIMARYCONTACTFAXDESCRIPTION>
        <PRIMARYCONTACTFAXEXTENSION></PRIMARYCONTACTFAXEXTENSION>
        <PRIMARYCONTACTFAXPURPOSE></PRIMARYCONTACTFAXPURPOSE>
        <PRIMARYCONTACTLINKEDIN></PRIMARYCONTACTLINKEDIN>
        <PRIMARYCONTACTLINKEDINDESCRIPTION></PRIMARYCONTACTLINKEDINDESCRIPTION>
        <PRIMARYCONTACTLINKEDINISPRIVATE></PRIMARYCONTACTLINKEDINISPRIVATE>
        <PRIMARYCONTACTLINKEDINPURPOSE></PRIMARYCONTACTLINKEDINPURPOSE>
        <PRIMARYCONTACTPHONE></PRIMARYCONTACTPHONE>
        <PRIMARYCONTACTPHONEDESCRIPTION></PRIMARYCONTACTPHONEDESCRIPTION>
        <PRIMARYCONTACTPHONEEXTENSION></PRIMARYCONTACTPHONEEXTENSION>
        <PRIMARYCONTACTPHONEISMOBILE></PRIMARYCONTACTPHONEISMOBILE>
        <PRIMARYCONTACTPHONEPURPOSE></PRIMARYCONTACTPHONEPURPOSE>
        <PRIMARYCONTACTTELEX></PRIMARYCONTACTTELEX>
        <PRIMARYCONTACTTELEXDESCRIPTION></PRIMARYCONTACTTELEXDESCRIPTION>
        <PRIMARYCONTACTTELEXPURPOSE></PRIMARYCONTACTTELEXPURPOSE>
        <PRIMARYCONTACTTWITTER></PRIMARYCONTACTTWITTER>
        <PRIMARYCONTACTTWITTERDESCRIPTION></PRIMARYCONTACTTWITTERDESCRIPTION>
        <PRIMARYCONTACTTWITTERISPRIVATE></PRIMARYCONTACTTWITTERISPRIVATE>
        <PRIMARYCONTACTTWITTERPURPOSE></PRIMARYCONTACTTWITTERPURPOSE>
        <PRIMARYCONTACTURL></PRIMARYCONTACTURL>
        <PRIMARYCONTACTURLDESCRIPTION></PRIMARYCONTACTURLDESCRIPTION>
        <PRIMARYCONTACTURLPURPOSE></PRIMARYCONTACTURLPURPOSE>
        <TIMEZONE>GMT_COORDINATEDUNIVERSALTIME</TIMEZONE>
        <USEFORFINANCIALCONSOLIDATIONPROCESS>No</USEFORFINANCIALCONSOLIDATIONPROCESS>
        <USEFORFINANCIALELIMINATIONPROCESS>No</USEFORFINANCIALELIMINATIONPROCESS>
        <VATNUM></VATNUM>
    </OMLEGALENTITY>
    <OMLEGALENTITY>
        <ADDRESSBOOKS></ADDRESSBOOKS>
        <ADDRESSCITY>Waterdeep</ADDRESSCITY>
        <ADDRESSCOUNTRYREGIONID>FAE</ADDRESSCOUNTRYREGIONID>
        <ADDRESSCOUNTRYREGIONISOCODE></ADDRESSCOUNTRYREGIONISOCODE>
        <ADDRESSCOUNTY></ADDRESSCOUNTY>
        <ADDRESSDESCRIPTION>Herbalists Guild</ADDRESSDESCRIPTION>
        <ADDRESSDISTRICTNAME>Trades Ward</ADDRESSDISTRICTNAME>
        <ADDRESSLATITUDE>0.0000000000</ADDRESSLATITUDE>
        <ADDRESSLOCATIONROLES>Business</ADDRESSLOCATIONROLES>
        <ADDRESSLONGITUDE>0.0000000000</ADDRESSLONGITUDE>
        <ADDRESSSTATE>SC</ADDRESSSTATE>
        <ADDRESSSTREET>12 Coriander Lane</ADDRESSSTREET>
        <ADDRESSTIMEZONE></ADDRESSTIMEZONE>
        <ADDRESSVALIDFROM>2024-09-03T18:42:03</ADDRESSVALIDFROM>
        <ADDRESSVALIDTO>2154-12-31T23:59:59</ADDRESSVALIDTO>
        <ADDRESSZIPCODE>WD-1001-TW</ADDRESSZIPCODE>
        <FISCALCODE></FISCALCODE>
        <FULLPRIMARYADDRESS>12 Coriander Lane
            Trades Ward
            Waterdeep,SC WD-1001-TW
            FAE</FULLPRIMARYADDRESS>
        <IMPORTVATNUM></IMPORTVATNUM>
        <LANGUAGEID>fae-cm</LANGUAGEID>
        <LEGALENTITYID>HRBL</LEGALENTITYID>
        <LEGALNATURE></LEGALNATURE>
        <LOCALIZATIONCOUNTRYREGIONCODE>Default</LOCALIZATIONCOUNTRYREGIONCODE>
        <NAICS></NAICS>
        <NAME>Herbalists Guild</NAME>
        <NAMEALIAS>Herbalists Guild</NAMEALIAS>
        <PARTYNUMBER>000000610</PARTYNUMBER>
        <PHONETICNAME></PHONETICNAME>
        <PRIMARYADDRESSLOCATIONID>000000510</PRIMARYADDRESSLOCATIONID>
        <PRIMARYCONTACTEMAIL></PRIMARYCONTACTEMAIL>
        <PRIMARYCONTACTEMAILDESCRIPTION></PRIMARYCONTACTEMAILDESCRIPTION>
        <PRIMARYCONTACTEMAILISIM></PRIMARYCONTACTEMAILISIM>
        <PRIMARYCONTACTEMAILPURPOSE></PRIMARYCONTACTEMAILPURPOSE>
        <PRIMARYCONTACTFACEBOOK></PRIMARYCONTACTFACEBOOK>
        <PRIMARYCONTACTFACEBOOKDESCRIPTION></PRIMARYCONTACTFACEBOOKDESCRIPTION>
        <PRIMARYCONTACTFACEBOOKISPRIVATE></PRIMARYCONTACTFACEBOOKISPRIVATE>
        <PRIMARYCONTACTFACEBOOKPURPOSE></PRIMARYCONTACTFACEBOOKPURPOSE>
        <PRIMARYCONTACTFAX></PRIMARYCONTACTFAX>
        <PRIMARYCONTACTFAXDESCRIPTION></PRIMARYCONTACTFAXDESCRIPTION>
        <PRIMARYCONTACTFAXEXTENSION></PRIMARYCONTACTFAXEXTENSION>
        <PRIMARYCONTACTFAXPURPOSE></PRIMARYCONTACTFAXPURPOSE>
        <PRIMARYCONTACTLINKEDIN></PRIMARYCONTACTLINKEDIN>
        <PRIMARYCONTACTLINKEDINDESCRIPTION></PRIMARYCONTACTLINKEDINDESCRIPTION>
        <PRIMARYCONTACTLINKEDINISPRIVATE></PRIMARYCONTACTLINKEDINISPRIVATE>
        <PRIMARYCONTACTLINKEDINPURPOSE></PRIMARYCONTACTLINKEDINPURPOSE>
        <PRIMARYCONTACTPHONE></PRIMARYCONTACTPHONE>
        <PRIMARYCONTACTPHONEDESCRIPTION></PRIMARYCONTACTPHONEDESCRIPTION>
        <PRIMARYCONTACTPHONEEXTENSION></PRIMARYCONTACTPHONEEXTENSION>
        <PRIMARYCONTACTPHONEISMOBILE></PRIMARYCONTACTPHONEISMOBILE>
        <PRIMARYCONTACTPHONEPURPOSE></PRIMARYCONTACTPHONEPURPOSE>
        <PRIMARYCONTACTTELEX></PRIMARYCONTACTTELEX>
        <PRIMARYCONTACTTELEXDESCRIPTION></PRIMARYCONTACTTELEXDESCRIPTION>
        <PRIMARYCONTACTTELEXPURPOSE></PRIMARYCONTACTTELEXPURPOSE>
        <PRIMARYCONTACTTWITTER></PRIMARYCONTACTTWITTER>
        <PRIMARYCONTACTTWITTERDESCRIPTION></PRIMARYCONTACTTWITTERDESCRIPTION>
        <PRIMARYCONTACTTWITTERISPRIVATE></PRIMARYCONTACTTWITTERISPRIVATE>
        <PRIMARYCONTACTTWITTERPURPOSE></PRIMARYCONTACTTWITTERPURPOSE>
        <PRIMARYCONTACTURL></PRIMARYCONTACTURL>
        <PRIMARYCONTACTURLDESCRIPTION></PRIMARYCONTACTURLDESCRIPTION>
        <PRIMARYCONTACTURLPURPOSE></PRIMARYCONTACTURLPURPOSE>
        <TIMEZONE>GMT_COORDINATEDUNIVERSALTIME</TIMEZONE>
        <USEFORFINANCIALCONSOLIDATIONPROCESS>No</USEFORFINANCIALCONSOLIDATIONPROCESS>
        <USEFORFINANCIALELIMINATIONPROCESS>No</USEFORFINANCIALELIMINATIONPROCESS>
        <VATNUM></VATNUM>
    </OMLEGALENTITY>
    <OMLEGALENTITY>
        <ADDRESSBOOKS></ADDRESSBOOKS>
        <ADDRESSCITY></ADDRESSCITY>
        <ADDRESSCOUNTRYREGIONID>FAE</ADDRESSCOUNTRYREGIONID>
        <ADDRESSCOUNTRYREGIONISOCODE></ADDRESSCOUNTRYREGIONISOCODE>
        <ADDRESSCOUNTY></ADDRESSCOUNTY>
        <ADDRESSDESCRIPTION>Masons and Stonecutters Guild</ADDRESSDESCRIPTION>
        <ADDRESSDISTRICTNAME></ADDRESSDISTRICTNAME>
        <ADDRESSLATITUDE>0.0000000000</ADDRESSLATITUDE>
        <ADDRESSLOCATIONROLES>Business</ADDRESSLOCATIONROLES>
        <ADDRESSLONGITUDE>0.0000000000</ADDRESSLONGITUDE>
        <ADDRESSSTATE></ADDRESSSTATE>
        <ADDRESSSTREET></ADDRESSSTREET>
        <ADDRESSTIMEZONE></ADDRESSTIMEZONE>
        <ADDRESSVALIDFROM>2024-09-03T13:39:06</ADDRESSVALIDFROM>
        <ADDRESSVALIDTO>2154-12-31T23:59:59</ADDRESSVALIDTO>
        <ADDRESSZIPCODE></ADDRESSZIPCODE>
        <FISCALCODE></FISCALCODE>
        <FULLPRIMARYADDRESS>FAE</FULLPRIMARYADDRESS>
        <IMPORTVATNUM></IMPORTVATNUM>
        <LANGUAGEID></LANGUAGEID>
        <LEGALENTITYID>MASC</LEGALENTITYID>
        <LEGALNATURE></LEGALNATURE>
        <LOCALIZATIONCOUNTRYREGIONCODE>Default</LOCALIZATIONCOUNTRYREGIONCODE>
        <NAICS></NAICS>
        <NAME>Masons and Stonecutters Guild</NAME>
        <NAMEALIAS>Masons and Stonecutt</NAMEALIAS>
        <PARTYNUMBER>000000510</PARTYNUMBER>
        <PHONETICNAME></PHONETICNAME>
        <PRIMARYADDRESSLOCATIONID>000000410</PRIMARYADDRESSLOCATIONID>
        <PRIMARYCONTACTEMAIL></PRIMARYCONTACTEMAIL>
        <PRIMARYCONTACTEMAILDESCRIPTION></PRIMARYCONTACTEMAILDESCRIPTION>
        <PRIMARYCONTACTEMAILISIM></PRIMARYCONTACTEMAILISIM>
        <PRIMARYCONTACTEMAILPURPOSE></PRIMARYCONTACTEMAILPURPOSE>
        <PRIMARYCONTACTFACEBOOK></PRIMARYCONTACTFACEBOOK>
        <PRIMARYCONTACTFACEBOOKDESCRIPTION></PRIMARYCONTACTFACEBOOKDESCRIPTION>
        <PRIMARYCONTACTFACEBOOKISPRIVATE></PRIMARYCONTACTFACEBOOKISPRIVATE>
        <PRIMARYCONTACTFACEBOOKPURPOSE></PRIMARYCONTACTFACEBOOKPURPOSE>
        <PRIMARYCONTACTFAX></PRIMARYCONTACTFAX>
        <PRIMARYCONTACTFAXDESCRIPTION></PRIMARYCONTACTFAXDESCRIPTION>
        <PRIMARYCONTACTFAXEXTENSION></PRIMARYCONTACTFAXEXTENSION>
        <PRIMARYCONTACTFAXPURPOSE></PRIMARYCONTACTFAXPURPOSE>
        <PRIMARYCONTACTLINKEDIN></PRIMARYCONTACTLINKEDIN>
        <PRIMARYCONTACTLINKEDINDESCRIPTION></PRIMARYCONTACTLINKEDINDESCRIPTION>
        <PRIMARYCONTACTLINKEDINISPRIVATE></PRIMARYCONTACTLINKEDINISPRIVATE>
        <PRIMARYCONTACTLINKEDINPURPOSE></PRIMARYCONTACTLINKEDINPURPOSE>
        <PRIMARYCONTACTPHONE></PRIMARYCONTACTPHONE>
        <PRIMARYCONTACTPHONEDESCRIPTION></PRIMARYCONTACTPHONEDESCRIPTION>
        <PRIMARYCONTACTPHONEEXTENSION></PRIMARYCONTACTPHONEEXTENSION>
        <PRIMARYCONTACTPHONEISMOBILE></PRIMARYCONTACTPHONEISMOBILE>
        <PRIMARYCONTACTPHONEPURPOSE></PRIMARYCONTACTPHONEPURPOSE>
        <PRIMARYCONTACTTELEX></PRIMARYCONTACTTELEX>
        <PRIMARYCONTACTTELEXDESCRIPTION></PRIMARYCONTACTTELEXDESCRIPTION>
        <PRIMARYCONTACTTELEXPURPOSE></PRIMARYCONTACTTELEXPURPOSE>
        <PRIMARYCONTACTTWITTER></PRIMARYCONTACTTWITTER>
        <PRIMARYCONTACTTWITTERDESCRIPTION></PRIMARYCONTACTTWITTERDESCRIPTION>
        <PRIMARYCONTACTTWITTERISPRIVATE></PRIMARYCONTACTTWITTERISPRIVATE>
        <PRIMARYCONTACTTWITTERPURPOSE></PRIMARYCONTACTTWITTERPURPOSE>
        <PRIMARYCONTACTURL></PRIMARYCONTACTURL>
        <PRIMARYCONTACTURLDESCRIPTION></PRIMARYCONTACTURLDESCRIPTION>
        <PRIMARYCONTACTURLPURPOSE></PRIMARYCONTACTURLPURPOSE>
        <TIMEZONE>GMT_COORDINATEDUNIVERSALTIME</TIMEZONE>
        <USEFORFINANCIALCONSOLIDATIONPROCESS>No</USEFORFINANCIALCONSOLIDATIONPROCESS>
        <USEFORFINANCIALELIMINATIONPROCESS>No</USEFORFINANCIALELIMINATIONPROCESS>
        <VATNUM></VATNUM>
    </OMLEGALENTITY>
    <OMLEGALENTITY>
        <ADDRESSBOOKS></ADDRESSBOOKS>
        <ADDRESSCITY></ADDRESSCITY>
        <ADDRESSCOUNTRYREGIONID>fae</ADDRESSCOUNTRYREGIONID>
        <ADDRESSCOUNTRYREGIONISOCODE></ADDRESSCOUNTRYREGIONISOCODE>
        <ADDRESSCOUNTY></ADDRESSCOUNTY>
        <ADDRESSDESCRIPTION>Potters and Thilemakers Guild</ADDRESSDESCRIPTION>
        <ADDRESSDISTRICTNAME></ADDRESSDISTRICTNAME>
        <ADDRESSLATITUDE>0.0000000000</ADDRESSLATITUDE>
        <ADDRESSLOCATIONROLES>Business</ADDRESSLOCATIONROLES>
        <ADDRESSLONGITUDE>0.0000000000</ADDRESSLONGITUDE>
        <ADDRESSSTATE></ADDRESSSTATE>
        <ADDRESSSTREET></ADDRESSSTREET>
        <ADDRESSTIMEZONE></ADDRESSTIMEZONE>
        <ADDRESSVALIDFROM>2024-09-03T13:40:08</ADDRESSVALIDFROM>
        <ADDRESSVALIDTO>2154-12-31T23:59:59</ADDRESSVALIDTO>
        <ADDRESSZIPCODE></ADDRESSZIPCODE>
        <FISCALCODE></FISCALCODE>
        <FULLPRIMARYADDRESS>fae</FULLPRIMARYADDRESS>
        <IMPORTVATNUM></IMPORTVATNUM>
        <LANGUAGEID></LANGUAGEID>
        <LEGALENTITYID>PTRT</LEGALENTITYID>
        <LEGALNATURE></LEGALNATURE>
        <LOCALIZATIONCOUNTRYREGIONCODE>Default</LOCALIZATIONCOUNTRYREGIONCODE>
        <NAICS></NAICS>
        <NAME>Potters and Thilemakers Guild</NAME>
        <NAMEALIAS>Potters and Thilemak</NAMEALIAS>
        <PARTYNUMBER>000000513</PARTYNUMBER>
        <PHONETICNAME></PHONETICNAME>
        <PRIMARYADDRESSLOCATIONID>000000413</PRIMARYADDRESSLOCATIONID>
        <PRIMARYCONTACTEMAIL></PRIMARYCONTACTEMAIL>
        <PRIMARYCONTACTEMAILDESCRIPTION></PRIMARYCONTACTEMAILDESCRIPTION>
        <PRIMARYCONTACTEMAILISIM></PRIMARYCONTACTEMAILISIM>
        <PRIMARYCONTACTEMAILPURPOSE></PRIMARYCONTACTEMAILPURPOSE>
        <PRIMARYCONTACTFACEBOOK></PRIMARYCONTACTFACEBOOK>
        <PRIMARYCONTACTFACEBOOKDESCRIPTION></PRIMARYCONTACTFACEBOOKDESCRIPTION>
        <PRIMARYCONTACTFACEBOOKISPRIVATE></PRIMARYCONTACTFACEBOOKISPRIVATE>
        <PRIMARYCONTACTFACEBOOKPURPOSE></PRIMARYCONTACTFACEBOOKPURPOSE>
        <PRIMARYCONTACTFAX></PRIMARYCONTACTFAX>
        <PRIMARYCONTACTFAXDESCRIPTION></PRIMARYCONTACTFAXDESCRIPTION>
        <PRIMARYCONTACTFAXEXTENSION></PRIMARYCONTACTFAXEXTENSION>
        <PRIMARYCONTACTFAXPURPOSE></PRIMARYCONTACTFAXPURPOSE>
        <PRIMARYCONTACTLINKEDIN></PRIMARYCONTACTLINKEDIN>
        <PRIMARYCONTACTLINKEDINDESCRIPTION></PRIMARYCONTACTLINKEDINDESCRIPTION>
        <PRIMARYCONTACTLINKEDINISPRIVATE></PRIMARYCONTACTLINKEDINISPRIVATE>
        <PRIMARYCONTACTLINKEDINPURPOSE></PRIMARYCONTACTLINKEDINPURPOSE>
        <PRIMARYCONTACTPHONE></PRIMARYCONTACTPHONE>
        <PRIMARYCONTACTPHONEDESCRIPTION></PRIMARYCONTACTPHONEDESCRIPTION>
        <PRIMARYCONTACTPHONEEXTENSION></PRIMARYCONTACTPHONEEXTENSION>
        <PRIMARYCONTACTPHONEISMOBILE></PRIMARYCONTACTPHONEISMOBILE>
        <PRIMARYCONTACTPHONEPURPOSE></PRIMARYCONTACTPHONEPURPOSE>
        <PRIMARYCONTACTTELEX></PRIMARYCONTACTTELEX>
        <PRIMARYCONTACTTELEXDESCRIPTION></PRIMARYCONTACTTELEXDESCRIPTION>
        <PRIMARYCONTACTTELEXPURPOSE></PRIMARYCONTACTTELEXPURPOSE>
        <PRIMARYCONTACTTWITTER></PRIMARYCONTACTTWITTER>
        <PRIMARYCONTACTTWITTERDESCRIPTION></PRIMARYCONTACTTWITTERDESCRIPTION>
        <PRIMARYCONTACTTWITTERISPRIVATE></PRIMARYCONTACTTWITTERISPRIVATE>
        <PRIMARYCONTACTTWITTERPURPOSE></PRIMARYCONTACTTWITTERPURPOSE>
        <PRIMARYCONTACTURL></PRIMARYCONTACTURL>
        <PRIMARYCONTACTURLDESCRIPTION></PRIMARYCONTACTURLDESCRIPTION>
        <PRIMARYCONTACTURLPURPOSE></PRIMARYCONTACTURLPURPOSE>
        <TIMEZONE>GMT_COORDINATEDUNIVERSALTIME</TIMEZONE>
        <USEFORFINANCIALCONSOLIDATIONPROCESS>No</USEFORFINANCIALCONSOLIDATIONPROCESS>
        <USEFORFINANCIALELIMINATIONPROCESS>No</USEFORFINANCIALELIMINATIONPROCESS>
        <VATNUM></VATNUM>
    </OMLEGALENTITY>
    <OMLEGALENTITY>
        <ADDRESSBOOKS></ADDRESSBOOKS>
        <ADDRESSCITY></ADDRESSCITY>
        <ADDRESSCOUNTRYREGIONID>fae</ADDRESSCOUNTRYREGIONID>
        <ADDRESSCOUNTRYREGIONISOCODE></ADDRESSCOUNTRYREGIONISOCODE>
        <ADDRESSCOUNTY></ADDRESSCOUNTY>
        <ADDRESSDESCRIPTION>Tailors Guild</ADDRESSDESCRIPTION>
        <ADDRESSDISTRICTNAME></ADDRESSDISTRICTNAME>
        <ADDRESSLATITUDE>0.0000000000</ADDRESSLATITUDE>
        <ADDRESSLOCATIONROLES>Business</ADDRESSLOCATIONROLES>
        <ADDRESSLONGITUDE>0.0000000000</ADDRESSLONGITUDE>
        <ADDRESSSTATE></ADDRESSSTATE>
        <ADDRESSSTREET></ADDRESSSTREET>
        <ADDRESSTIMEZONE></ADDRESSTIMEZONE>
        <ADDRESSVALIDFROM>2024-09-03T13:38:32</ADDRESSVALIDFROM>
        <ADDRESSVALIDTO>2154-12-31T23:59:59</ADDRESSVALIDTO>
        <ADDRESSZIPCODE></ADDRESSZIPCODE>
        <FISCALCODE></FISCALCODE>
        <FULLPRIMARYADDRESS>fae</FULLPRIMARYADDRESS>
        <IMPORTVATNUM></IMPORTVATNUM>
        <LANGUAGEID></LANGUAGEID>
        <LEGALENTITYID>TLRG</LEGALENTITYID>
        <LEGALNATURE></LEGALNATURE>
        <LOCALIZATIONCOUNTRYREGIONCODE>Default</LOCALIZATIONCOUNTRYREGIONCODE>
        <NAICS></NAICS>
        <NAME>Tailors Guild</NAME>
        <NAMEALIAS>Tailors Guild</NAMEALIAS>
        <PARTYNUMBER>000000509</PARTYNUMBER>
        <PHONETICNAME></PHONETICNAME>
        <PRIMARYADDRESSLOCATIONID>000000409</PRIMARYADDRESSLOCATIONID>
        <PRIMARYCONTACTEMAIL></PRIMARYCONTACTEMAIL>
        <PRIMARYCONTACTEMAILDESCRIPTION></PRIMARYCONTACTEMAILDESCRIPTION>
        <PRIMARYCONTACTEMAILISIM></PRIMARYCONTACTEMAILISIM>
        <PRIMARYCONTACTEMAILPURPOSE></PRIMARYCONTACTEMAILPURPOSE>
        <PRIMARYCONTACTFACEBOOK></PRIMARYCONTACTFACEBOOK>
        <PRIMARYCONTACTFACEBOOKDESCRIPTION></PRIMARYCONTACTFACEBOOKDESCRIPTION>
        <PRIMARYCONTACTFACEBOOKISPRIVATE></PRIMARYCONTACTFACEBOOKISPRIVATE>
        <PRIMARYCONTACTFACEBOOKPURPOSE></PRIMARYCONTACTFACEBOOKPURPOSE>
        <PRIMARYCONTACTFAX></PRIMARYCONTACTFAX>
        <PRIMARYCONTACTFAXDESCRIPTION></PRIMARYCONTACTFAXDESCRIPTION>
        <PRIMARYCONTACTFAXEXTENSION></PRIMARYCONTACTFAXEXTENSION>
        <PRIMARYCONTACTFAXPURPOSE></PRIMARYCONTACTFAXPURPOSE>
        <PRIMARYCONTACTLINKEDIN></PRIMARYCONTACTLINKEDIN>
        <PRIMARYCONTACTLINKEDINDESCRIPTION></PRIMARYCONTACTLINKEDINDESCRIPTION>
        <PRIMARYCONTACTLINKEDINISPRIVATE></PRIMARYCONTACTLINKEDINISPRIVATE>
        <PRIMARYCONTACTLINKEDINPURPOSE></PRIMARYCONTACTLINKEDINPURPOSE>
        <PRIMARYCONTACTPHONE></PRIMARYCONTACTPHONE>
        <PRIMARYCONTACTPHONEDESCRIPTION></PRIMARYCONTACTPHONEDESCRIPTION>
        <PRIMARYCONTACTPHONEEXTENSION></PRIMARYCONTACTPHONEEXTENSION>
        <PRIMARYCONTACTPHONEISMOBILE></PRIMARYCONTACTPHONEISMOBILE>
        <PRIMARYCONTACTPHONEPURPOSE></PRIMARYCONTACTPHONEPURPOSE>
        <PRIMARYCONTACTTELEX></PRIMARYCONTACTTELEX>
        <PRIMARYCONTACTTELEXDESCRIPTION></PRIMARYCONTACTTELEXDESCRIPTION>
        <PRIMARYCONTACTTELEXPURPOSE></PRIMARYCONTACTTELEXPURPOSE>
        <PRIMARYCONTACTTWITTER></PRIMARYCONTACTTWITTER>
        <PRIMARYCONTACTTWITTERDESCRIPTION></PRIMARYCONTACTTWITTERDESCRIPTION>
        <PRIMARYCONTACTTWITTERISPRIVATE></PRIMARYCONTACTTWITTERISPRIVATE>
        <PRIMARYCONTACTTWITTERPURPOSE></PRIMARYCONTACTTWITTERPURPOSE>
        <PRIMARYCONTACTURL></PRIMARYCONTACTURL>
        <PRIMARYCONTACTURLDESCRIPTION></PRIMARYCONTACTURLDESCRIPTION>
        <PRIMARYCONTACTURLPURPOSE></PRIMARYCONTACTURLPURPOSE>
        <TIMEZONE>GMT_COORDINATEDUNIVERSALTIME</TIMEZONE>
        <USEFORFINANCIALCONSOLIDATIONPROCESS>No</USEFORFINANCIALCONSOLIDATIONPROCESS>
        <USEFORFINANCIALELIMINATIONPROCESS>No</USEFORFINANCIALELIMINATIONPROCESS>
        <VATNUM></VATNUM>
    </OMLEGALENTITY>
    <OMLEGALENTITY>
        <ADDRESSBOOKS></ADDRESSBOOKS>
        <ADDRESSCITY></ADDRESSCITY>
        <ADDRESSCOUNTRYREGIONID>fae</ADDRESSCOUNTRYREGIONID>
        <ADDRESSCOUNTRYREGIONISOCODE></ADDRESSCOUNTRYREGIONISOCODE>
        <ADDRESSCOUNTY></ADDRESSCOUNTY>
        <ADDRESSDESCRIPTION>Tanners and Leatherworkers Guild</ADDRESSDESCRIPTION>
        <ADDRESSDISTRICTNAME></ADDRESSDISTRICTNAME>
        <ADDRESSLATITUDE>0.0000000000</ADDRESSLATITUDE>
        <ADDRESSLOCATIONROLES>Business</ADDRESSLOCATIONROLES>
        <ADDRESSLONGITUDE>0.0000000000</ADDRESSLONGITUDE>
        <ADDRESSSTATE></ADDRESSSTATE>
        <ADDRESSSTREET></ADDRESSSTREET>
        <ADDRESSTIMEZONE></ADDRESSTIMEZONE>
        <ADDRESSVALIDFROM>2024-09-03T13:37:43</ADDRESSVALIDFROM>
        <ADDRESSVALIDTO>2154-12-31T23:59:59</ADDRESSVALIDTO>
        <ADDRESSZIPCODE></ADDRESSZIPCODE>
        <FISCALCODE></FISCALCODE>
        <FULLPRIMARYADDRESS>fae</FULLPRIMARYADDRESS>
        <IMPORTVATNUM></IMPORTVATNUM>
        <LANGUAGEID></LANGUAGEID>
        <LEGALENTITYID>TNLW</LEGALENTITYID>
        <LEGALNATURE></LEGALNATURE>
        <LOCALIZATIONCOUNTRYREGIONCODE>Default</LOCALIZATIONCOUNTRYREGIONCODE>
        <NAICS></NAICS>
        <NAME>Tanners and Leatherworkers Guild</NAME>
        <NAMEALIAS>Tanners and Leatherw</NAMEALIAS>
        <PARTYNUMBER>000000506</PARTYNUMBER>
        <PHONETICNAME></PHONETICNAME>
        <PRIMARYADDRESSLOCATIONID>000000406</PRIMARYADDRESSLOCATIONID>
        <PRIMARYCONTACTEMAIL></PRIMARYCONTACTEMAIL>
        <PRIMARYCONTACTEMAILDESCRIPTION></PRIMARYCONTACTEMAILDESCRIPTION>
        <PRIMARYCONTACTEMAILISIM></PRIMARYCONTACTEMAILISIM>
        <PRIMARYCONTACTEMAILPURPOSE></PRIMARYCONTACTEMAILPURPOSE>
        <PRIMARYCONTACTFACEBOOK></PRIMARYCONTACTFACEBOOK>
        <PRIMARYCONTACTFACEBOOKDESCRIPTION></PRIMARYCONTACTFACEBOOKDESCRIPTION>
        <PRIMARYCONTACTFACEBOOKISPRIVATE></PRIMARYCONTACTFACEBOOKISPRIVATE>
        <PRIMARYCONTACTFACEBOOKPURPOSE></PRIMARYCONTACTFACEBOOKPURPOSE>
        <PRIMARYCONTACTFAX></PRIMARYCONTACTFAX>
        <PRIMARYCONTACTFAXDESCRIPTION></PRIMARYCONTACTFAXDESCRIPTION>
        <PRIMARYCONTACTFAXEXTENSION></PRIMARYCONTACTFAXEXTENSION>
        <PRIMARYCONTACTFAXPURPOSE></PRIMARYCONTACTFAXPURPOSE>
        <PRIMARYCONTACTLINKEDIN></PRIMARYCONTACTLINKEDIN>
        <PRIMARYCONTACTLINKEDINDESCRIPTION></PRIMARYCONTACTLINKEDINDESCRIPTION>
        <PRIMARYCONTACTLINKEDINISPRIVATE></PRIMARYCONTACTLINKEDINISPRIVATE>
        <PRIMARYCONTACTLINKEDINPURPOSE></PRIMARYCONTACTLINKEDINPURPOSE>
        <PRIMARYCONTACTPHONE></PRIMARYCONTACTPHONE>
        <PRIMARYCONTACTPHONEDESCRIPTION></PRIMARYCONTACTPHONEDESCRIPTION>
        <PRIMARYCONTACTPHONEEXTENSION></PRIMARYCONTACTPHONEEXTENSION>
        <PRIMARYCONTACTPHONEISMOBILE></PRIMARYCONTACTPHONEISMOBILE>
        <PRIMARYCONTACTPHONEPURPOSE></PRIMARYCONTACTPHONEPURPOSE>
        <PRIMARYCONTACTTELEX></PRIMARYCONTACTTELEX>
        <PRIMARYCONTACTTELEXDESCRIPTION></PRIMARYCONTACTTELEXDESCRIPTION>
        <PRIMARYCONTACTTELEXPURPOSE></PRIMARYCONTACTTELEXPURPOSE>
        <PRIMARYCONTACTTWITTER></PRIMARYCONTACTTWITTER>
        <PRIMARYCONTACTTWITTERDESCRIPTION></PRIMARYCONTACTTWITTERDESCRIPTION>
        <PRIMARYCONTACTTWITTERISPRIVATE></PRIMARYCONTACTTWITTERISPRIVATE>
        <PRIMARYCONTACTTWITTERPURPOSE></PRIMARYCONTACTTWITTERPURPOSE>
        <PRIMARYCONTACTURL></PRIMARYCONTACTURL>
        <PRIMARYCONTACTURLDESCRIPTION></PRIMARYCONTACTURLDESCRIPTION>
        <PRIMARYCONTACTURLPURPOSE></PRIMARYCONTACTURLPURPOSE>
        <TIMEZONE>GMT_COORDINATEDUNIVERSALTIME</TIMEZONE>
        <USEFORFINANCIALCONSOLIDATIONPROCESS>No</USEFORFINANCIALCONSOLIDATIONPROCESS>
        <USEFORFINANCIALELIMINATIONPROCESS>No</USEFORFINANCIALELIMINATIONPROCESS>
        <VATNUM></VATNUM>
    </OMLEGALENTITY>
    <OMLEGALENTITY>
        <ADDRESSBOOKS></ADDRESSBOOKS>
        <ADDRESSCITY></ADDRESSCITY>
        <ADDRESSCOUNTRYREGIONID>fae</ADDRESSCOUNTRYREGIONID>
        <ADDRESSCOUNTRYREGIONISOCODE></ADDRESSCOUNTRYREGIONISOCODE>
        <ADDRESSCOUNTY></ADDRESSCOUNTY>
        <ADDRESSDESCRIPTION>Woodcarvers and Coopers Guild</ADDRESSDESCRIPTION>
        <ADDRESSDISTRICTNAME></ADDRESSDISTRICTNAME>
        <ADDRESSLATITUDE>0.0000000000</ADDRESSLATITUDE>
        <ADDRESSLOCATIONROLES>Business</ADDRESSLOCATIONROLES>
        <ADDRESSLONGITUDE>0.0000000000</ADDRESSLONGITUDE>
        <ADDRESSSTATE></ADDRESSSTATE>
        <ADDRESSSTREET></ADDRESSSTREET>
        <ADDRESSTIMEZONE></ADDRESSTIMEZONE>
        <ADDRESSVALIDFROM>2024-09-03T13:41:39</ADDRESSVALIDFROM>
        <ADDRESSVALIDTO>2154-12-31T23:59:59</ADDRESSVALIDTO>
        <ADDRESSZIPCODE></ADDRESSZIPCODE>
        <FISCALCODE></FISCALCODE>
        <FULLPRIMARYADDRESS>fae</FULLPRIMARYADDRESS>
        <IMPORTVATNUM></IMPORTVATNUM>
        <LANGUAGEID>fae-cm</LANGUAGEID>
        <LEGALENTITYID>WDCP</LEGALENTITYID>
        <LEGALNATURE></LEGALNATURE>
        <LOCALIZATIONCOUNTRYREGIONCODE>Default</LOCALIZATIONCOUNTRYREGIONCODE>
        <NAICS></NAICS>
        <NAME>Woodcarvers and Coopers Guild</NAME>
        <NAMEALIAS>Woodcarvers and Coop</NAMEALIAS>
        <PARTYNUMBER>000000518</PARTYNUMBER>
        <PHONETICNAME></PHONETICNAME>
        <PRIMARYADDRESSLOCATIONID>000000418</PRIMARYADDRESSLOCATIONID>
        <PRIMARYCONTACTEMAIL></PRIMARYCONTACTEMAIL>
        <PRIMARYCONTACTEMAILDESCRIPTION></PRIMARYCONTACTEMAILDESCRIPTION>
        <PRIMARYCONTACTEMAILISIM></PRIMARYCONTACTEMAILISIM>
        <PRIMARYCONTACTEMAILPURPOSE></PRIMARYCONTACTEMAILPURPOSE>
        <PRIMARYCONTACTFACEBOOK></PRIMARYCONTACTFACEBOOK>
        <PRIMARYCONTACTFACEBOOKDESCRIPTION></PRIMARYCONTACTFACEBOOKDESCRIPTION>
        <PRIMARYCONTACTFACEBOOKISPRIVATE></PRIMARYCONTACTFACEBOOKISPRIVATE>
        <PRIMARYCONTACTFACEBOOKPURPOSE></PRIMARYCONTACTFACEBOOKPURPOSE>
        <PRIMARYCONTACTFAX></PRIMARYCONTACTFAX>
        <PRIMARYCONTACTFAXDESCRIPTION></PRIMARYCONTACTFAXDESCRIPTION>
        <PRIMARYCONTACTFAXEXTENSION></PRIMARYCONTACTFAXEXTENSION>
        <PRIMARYCONTACTFAXPURPOSE></PRIMARYCONTACTFAXPURPOSE>
        <PRIMARYCONTACTLINKEDIN></PRIMARYCONTACTLINKEDIN>
        <PRIMARYCONTACTLINKEDINDESCRIPTION></PRIMARYCONTACTLINKEDINDESCRIPTION>
        <PRIMARYCONTACTLINKEDINISPRIVATE></PRIMARYCONTACTLINKEDINISPRIVATE>
        <PRIMARYCONTACTLINKEDINPURPOSE></PRIMARYCONTACTLINKEDINPURPOSE>
        <PRIMARYCONTACTPHONE></PRIMARYCONTACTPHONE>
        <PRIMARYCONTACTPHONEDESCRIPTION></PRIMARYCONTACTPHONEDESCRIPTION>
        <PRIMARYCONTACTPHONEEXTENSION></PRIMARYCONTACTPHONEEXTENSION>
        <PRIMARYCONTACTPHONEISMOBILE></PRIMARYCONTACTPHONEISMOBILE>
        <PRIMARYCONTACTPHONEPURPOSE></PRIMARYCONTACTPHONEPURPOSE>
        <PRIMARYCONTACTTELEX></PRIMARYCONTACTTELEX>
        <PRIMARYCONTACTTELEXDESCRIPTION></PRIMARYCONTACTTELEXDESCRIPTION>
        <PRIMARYCONTACTTELEXPURPOSE></PRIMARYCONTACTTELEXPURPOSE>
        <PRIMARYCONTACTTWITTER></PRIMARYCONTACTTWITTER>
        <PRIMARYCONTACTTWITTERDESCRIPTION></PRIMARYCONTACTTWITTERDESCRIPTION>
        <PRIMARYCONTACTTWITTERISPRIVATE></PRIMARYCONTACTTWITTERISPRIVATE>
        <PRIMARYCONTACTTWITTERPURPOSE></PRIMARYCONTACTTWITTERPURPOSE>
        <PRIMARYCONTACTURL></PRIMARYCONTACTURL>
        <PRIMARYCONTACTURLDESCRIPTION></PRIMARYCONTACTURLDESCRIPTION>
        <PRIMARYCONTACTURLPURPOSE></PRIMARYCONTACTURLPURPOSE>
        <TIMEZONE>GMTMINUS0500EASTERNTIME</TIMEZONE>
        <USEFORFINANCIALCONSOLIDATIONPROCESS>No</USEFORFINANCIALCONSOLIDATIONPROCESS>
        <USEFORFINANCIALELIMINATIONPROCESS>No</USEFORFINANCIALELIMINATIONPROCESS>
        <VATNUM></VATNUM>
    </OMLEGALENTITY>
    <OMLEGALENTITY>
        <ADDRESSBOOKS></ADDRESSBOOKS>
        <ADDRESSCITY>Waterdeep</ADDRESSCITY>
        <ADDRESSCOUNTRYREGIONID>FAE</ADDRESSCOUNTRYREGIONID>
        <ADDRESSCOUNTRYREGIONISOCODE></ADDRESSCOUNTRYREGIONISOCODE>
        <ADDRESSCOUNTY></ADDRESSCOUNTY>
        <ADDRESSDESCRIPTION>Waterdeep Trading Company</ADDRESSDESCRIPTION>
        <ADDRESSDISTRICTNAME>Trades Ward</ADDRESSDISTRICTNAME>
        <ADDRESSLATITUDE>0.0000000000</ADDRESSLATITUDE>
        <ADDRESSLOCATIONROLES>Business</ADDRESSLOCATIONROLES>
        <ADDRESSLONGITUDE>0.0000000000</ADDRESSLONGITUDE>
        <ADDRESSSTATE>SC</ADDRESSSTATE>
        <ADDRESSSTREET>Tillmans Ward</ADDRESSSTREET>
        <ADDRESSTIMEZONE></ADDRESSTIMEZONE>
        <ADDRESSVALIDFROM>2024-06-30T20:41:59</ADDRESSVALIDFROM>
        <ADDRESSVALIDTO>2154-12-31T23:59:59</ADDRESSVALIDTO>
        <ADDRESSZIPCODE></ADDRESSZIPCODE>
        <FISCALCODE></FISCALCODE>
        <FULLPRIMARYADDRESS>Tillmans Ward
            Trades Ward
            Waterdeep,SC
            FAE</FULLPRIMARYADDRESS>
        <IMPORTVATNUM></IMPORTVATNUM>
        <LANGUAGEID>fae-cm</LANGUAGEID>
        <LEGALENTITYID>WDTC</LEGALENTITYID>
        <LEGALNATURE></LEGALNATURE>
        <LOCALIZATIONCOUNTRYREGIONCODE>Default</LOCALIZATIONCOUNTRYREGIONCODE>
        <NAICS></NAICS>
        <NAME>Waterdeep Trading Company</NAME>
        <NAMEALIAS>Waterdeep Trading Co</NAMEALIAS>
        <PARTYNUMBER>000000001</PARTYNUMBER>
        <PHONETICNAME></PHONETICNAME>
        <PRIMARYADDRESSLOCATIONID>000000001</PRIMARYADDRESSLOCATIONID>
        <PRIMARYCONTACTEMAIL></PRIMARYCONTACTEMAIL>
        <PRIMARYCONTACTEMAILDESCRIPTION></PRIMARYCONTACTEMAILDESCRIPTION>
        <PRIMARYCONTACTEMAILISIM></PRIMARYCONTACTEMAILISIM>
        <PRIMARYCONTACTEMAILPURPOSE></PRIMARYCONTACTEMAILPURPOSE>
        <PRIMARYCONTACTFACEBOOK></PRIMARYCONTACTFACEBOOK>
        <PRIMARYCONTACTFACEBOOKDESCRIPTION></PRIMARYCONTACTFACEBOOKDESCRIPTION>
        <PRIMARYCONTACTFACEBOOKISPRIVATE></PRIMARYCONTACTFACEBOOKISPRIVATE>
        <PRIMARYCONTACTFACEBOOKPURPOSE></PRIMARYCONTACTFACEBOOKPURPOSE>
        <PRIMARYCONTACTFAX></PRIMARYCONTACTFAX>
        <PRIMARYCONTACTFAXDESCRIPTION></PRIMARYCONTACTFAXDESCRIPTION>
        <PRIMARYCONTACTFAXEXTENSION></PRIMARYCONTACTFAXEXTENSION>
        <PRIMARYCONTACTFAXPURPOSE></PRIMARYCONTACTFAXPURPOSE>
        <PRIMARYCONTACTLINKEDIN></PRIMARYCONTACTLINKEDIN>
        <PRIMARYCONTACTLINKEDINDESCRIPTION></PRIMARYCONTACTLINKEDINDESCRIPTION>
        <PRIMARYCONTACTLINKEDINISPRIVATE></PRIMARYCONTACTLINKEDINISPRIVATE>
        <PRIMARYCONTACTLINKEDINPURPOSE></PRIMARYCONTACTLINKEDINPURPOSE>
        <PRIMARYCONTACTPHONE></PRIMARYCONTACTPHONE>
        <PRIMARYCONTACTPHONEDESCRIPTION></PRIMARYCONTACTPHONEDESCRIPTION>
        <PRIMARYCONTACTPHONEEXTENSION></PRIMARYCONTACTPHONEEXTENSION>
        <PRIMARYCONTACTPHONEISMOBILE></PRIMARYCONTACTPHONEISMOBILE>
        <PRIMARYCONTACTPHONEPURPOSE></PRIMARYCONTACTPHONEPURPOSE>
        <PRIMARYCONTACTTELEX></PRIMARYCONTACTTELEX>
        <PRIMARYCONTACTTELEXDESCRIPTION></PRIMARYCONTACTTELEXDESCRIPTION>
        <PRIMARYCONTACTTELEXPURPOSE></PRIMARYCONTACTTELEXPURPOSE>
        <PRIMARYCONTACTTWITTER></PRIMARYCONTACTTWITTER>
        <PRIMARYCONTACTTWITTERDESCRIPTION></PRIMARYCONTACTTWITTERDESCRIPTION>
        <PRIMARYCONTACTTWITTERISPRIVATE></PRIMARYCONTACTTWITTERISPRIVATE>
        <PRIMARYCONTACTTWITTERPURPOSE></PRIMARYCONTACTTWITTERPURPOSE>
        <PRIMARYCONTACTURL></PRIMARYCONTACTURL>
        <PRIMARYCONTACTURLDESCRIPTION></PRIMARYCONTACTURLDESCRIPTION>
        <PRIMARYCONTACTURLPURPOSE></PRIMARYCONTACTURLPURPOSE>
        <TIMEZONE>GMT_COORDINATEDUNIVERSALTIME</TIMEZONE>
        <USEFORFINANCIALCONSOLIDATIONPROCESS>No</USEFORFINANCIALCONSOLIDATIONPROCESS>
        <USEFORFINANCIALELIMINATIONPROCESS>No</USEFORFINANCIALELIMINATIONPROCESS>
        <VATNUM></VATNUM>
    </OMLEGALENTITY>
    <OMLEGALENTITY>
        <ADDRESSBOOKS></ADDRESSBOOKS>
        <ADDRESSCITY></ADDRESSCITY>
        <ADDRESSCOUNTRYREGIONID>fae</ADDRESSCOUNTRYREGIONID>
        <ADDRESSCOUNTRYREGIONISOCODE></ADDRESSCOUNTRYREGIONISOCODE>
        <ADDRESSCOUNTY></ADDRESSCOUNTY>
        <ADDRESSDESCRIPTION>Weavers Guild</ADDRESSDESCRIPTION>
        <ADDRESSDISTRICTNAME></ADDRESSDISTRICTNAME>
        <ADDRESSLATITUDE>0.0000000000</ADDRESSLATITUDE>
        <ADDRESSLOCATIONROLES>Business</ADDRESSLOCATIONROLES>
        <ADDRESSLONGITUDE>0.0000000000</ADDRESSLONGITUDE>
        <ADDRESSSTATE></ADDRESSSTATE>
        <ADDRESSSTREET></ADDRESSSTREET>
        <ADDRESSTIMEZONE></ADDRESSTIMEZONE>
        <ADDRESSVALIDFROM>2024-09-03T13:38:17</ADDRESSVALIDFROM>
        <ADDRESSVALIDTO>2154-12-31T23:59:59</ADDRESSVALIDTO>
        <ADDRESSZIPCODE></ADDRESSZIPCODE>
        <FISCALCODE></FISCALCODE>
        <FULLPRIMARYADDRESS>fae</FULLPRIMARYADDRESS>
        <IMPORTVATNUM></IMPORTVATNUM>
        <LANGUAGEID></LANGUAGEID>
        <LEGALENTITYID>WEAV</LEGALENTITYID>
        <LEGALNATURE></LEGALNATURE>
        <LOCALIZATIONCOUNTRYREGIONCODE>Default</LOCALIZATIONCOUNTRYREGIONCODE>
        <NAICS></NAICS>
        <NAME>Weavers Guild</NAME>
        <NAMEALIAS>Weavers Guild</NAMEALIAS>
        <PARTYNUMBER>000000508</PARTYNUMBER>
        <PHONETICNAME></PHONETICNAME>
        <PRIMARYADDRESSLOCATIONID>000000408</PRIMARYADDRESSLOCATIONID>
        <PRIMARYCONTACTEMAIL></PRIMARYCONTACTEMAIL>
        <PRIMARYCONTACTEMAILDESCRIPTION></PRIMARYCONTACTEMAILDESCRIPTION>
        <PRIMARYCONTACTEMAILISIM></PRIMARYCONTACTEMAILISIM>
        <PRIMARYCONTACTEMAILPURPOSE></PRIMARYCONTACTEMAILPURPOSE>
        <PRIMARYCONTACTFACEBOOK></PRIMARYCONTACTFACEBOOK>
        <PRIMARYCONTACTFACEBOOKDESCRIPTION></PRIMARYCONTACTFACEBOOKDESCRIPTION>
        <PRIMARYCONTACTFACEBOOKISPRIVATE></PRIMARYCONTACTFACEBOOKISPRIVATE>
        <PRIMARYCONTACTFACEBOOKPURPOSE></PRIMARYCONTACTFACEBOOKPURPOSE>
        <PRIMARYCONTACTFAX></PRIMARYCONTACTFAX>
        <PRIMARYCONTACTFAXDESCRIPTION></PRIMARYCONTACTFAXDESCRIPTION>
        <PRIMARYCONTACTFAXEXTENSION></PRIMARYCONTACTFAXEXTENSION>
        <PRIMARYCONTACTFAXPURPOSE></PRIMARYCONTACTFAXPURPOSE>
        <PRIMARYCONTACTLINKEDIN></PRIMARYCONTACTLINKEDIN>
        <PRIMARYCONTACTLINKEDINDESCRIPTION></PRIMARYCONTACTLINKEDINDESCRIPTION>
        <PRIMARYCONTACTLINKEDINISPRIVATE></PRIMARYCONTACTLINKEDINISPRIVATE>
        <PRIMARYCONTACTLINKEDINPURPOSE></PRIMARYCONTACTLINKEDINPURPOSE>
        <PRIMARYCONTACTPHONE></PRIMARYCONTACTPHONE>
        <PRIMARYCONTACTPHONEDESCRIPTION></PRIMARYCONTACTPHONEDESCRIPTION>
        <PRIMARYCONTACTPHONEEXTENSION></PRIMARYCONTACTPHONEEXTENSION>
        <PRIMARYCONTACTPHONEISMOBILE></PRIMARYCONTACTPHONEISMOBILE>
        <PRIMARYCONTACTPHONEPURPOSE></PRIMARYCONTACTPHONEPURPOSE>
        <PRIMARYCONTACTTELEX></PRIMARYCONTACTTELEX>
        <PRIMARYCONTACTTELEXDESCRIPTION></PRIMARYCONTACTTELEXDESCRIPTION>
        <PRIMARYCONTACTTELEXPURPOSE></PRIMARYCONTACTTELEXPURPOSE>
        <PRIMARYCONTACTTWITTER></PRIMARYCONTACTTWITTER>
        <PRIMARYCONTACTTWITTERDESCRIPTION></PRIMARYCONTACTTWITTERDESCRIPTION>
        <PRIMARYCONTACTTWITTERISPRIVATE></PRIMARYCONTACTTWITTERISPRIVATE>
        <PRIMARYCONTACTTWITTERPURPOSE></PRIMARYCONTACTTWITTERPURPOSE>
        <PRIMARYCONTACTURL></PRIMARYCONTACTURL>
        <PRIMARYCONTACTURLDESCRIPTION></PRIMARYCONTACTURLDESCRIPTION>
        <PRIMARYCONTACTURLPURPOSE></PRIMARYCONTACTURLPURPOSE>
        <TIMEZONE>GMT_COORDINATEDUNIVERSALTIME</TIMEZONE>
        <USEFORFINANCIALCONSOLIDATIONPROCESS>No</USEFORFINANCIALCONSOLIDATIONPROCESS>
        <USEFORFINANCIALELIMINATIONPROCESS>No</USEFORFINANCIALELIMINATIONPROCESS>
        <VATNUM></VATNUM>
    </OMLEGALENTITY>
</Document>