﻿<?xml version="1.0" encoding="utf-8"?><Document><MAINACCOUNTCATEGORYENTITY><CLOSED>No</CLOSED><DESCRIPTION>Cash</DESCRIPTION><DISPLAYORDER>1</DISPLAYORDER><MAINACCOUNTCATEGORY>CASH</MAINACCOUNTCATEGORY><MAINACCOUNTTYPE>Blank</MAINACCOUNTTYPE><REFERENCEID>1</REFERENCEID></MAINACCOUNTCATEGORYENTITY><MAINACCOUNTCATEGORYENTITY><CLOSED>No</CLOSED><DESCRIPTION>Cash equivalents</DESCRIPTION><DISPLAYORDER>2</DISPLAYORDER><MAINACCOUNTCATEGORY>CASHEQUIV</MAINACCOUNTCATEGORY><MAINACCOUNTTYPE>Blank</MAINACCOUNTTYPE><REFERENCEID>2</REFERENCEID></MAINACCOUNTCATEGORYENTITY><MAINACCOUNTCATEGORYENTITY><CLOSED>No</CLOSED><DESCRIPTION>Short-Term investments</DESCRIPTION><DISPLAYORDER>3</DISPLAYORDER><MAINACCOUNTCATEGORY>SHORTTERMINVEST</MAINACCOUNTCATEGORY><MAINACCOUNTTYPE>Blank</MAINACCOUNTTYPE><REFERENCEID>3</REFERENCEID></MAINACCOUNTCATEGORYENTITY><MAINACCOUNTCATEGORYENTITY><CLOSED>No</CLOSED><DESCRIPTION>Accounts receivable</DESCRIPTION><DISPLAYORDER>4</DISPLAYORDER><MAINACCOUNTCATEGORY>AR</MAINACCOUNTCATEGORY><MAINACCOUNTTYPE>Blank</MAINACCOUNTTYPE><REFERENCEID>4</REFERENCEID></MAINACCOUNTCATEGORYENTITY><MAINACCOUNTCATEGORYENTITY><CLOSED>No</CLOSED><DESCRIPTION>Inventory</DESCRIPTION><DISPLAYORDER>5</DISPLAYORDER><MAINACCOUNTCATEGORY>INV</MAINACCOUNTCATEGORY><MAINACCOUNTTYPE>Blank</MAINACCOUNTTYPE><REFERENCEID>5</REFERENCEID></MAINACCOUNTCATEGORYENTITY><MAINACCOUNTCATEGORYENTITY><CLOSED>No</CLOSED><DESCRIPTION>Notes receivables</DESCRIPTION><DISPLAYORDER>6</DISPLAYORDER><MAINACCOUNTCATEGORY>NOTESREC</MAINACCOUNTCATEGORY><MAINACCOUNTTYPE>Blank</MAINACCOUNTTYPE><REFERENCEID>6</REFERENCEID></MAINACCOUNTCATEGORYENTITY><MAINACCOUNTCATEGORYENTITY><CLOSED>No</CLOSED><DESCRIPTION>Work in process</DESCRIPTION><DISPLAYORDER>7</DISPLAYORDER><MAINACCOUNTCATEGORY>WIP</MAINACCOUNTCATEGORY><MAINACCOUNTTYPE>Blank</MAINACCOUNTTYPE><REFERENCEID>7</REFERENCEID></MAINACCOUNTCATEGORYENTITY><MAINACCOUNTCATEGORYENTITY><CLOSED>No</CLOSED><DESCRIPTION>Prepaid expenses</DESCRIPTION><DISPLAYORDER>8</DISPLAYORDER><MAINACCOUNTCATEGORY>PREPAIDEXP</MAINACCOUNTCATEGORY><MAINACCOUNTTYPE>Blank</MAINACCOUNTTYPE><REFERENCEID>8</REFERENCEID></MAINACCOUNTCATEGORYENTITY><MAINACCOUNTCATEGORYENTITY><CLOSED>No</CLOSED><DESCRIPTION>Other current assets</DESCRIPTION><DISPLAYORDER>9</DISPLAYORDER><MAINACCOUNTCATEGORY>OTHERCA</MAINACCOUNTCATEGORY><MAINACCOUNTTYPE>Blank</MAINACCOUNTTYPE><REFERENCEID>9</REFERENCEID></MAINACCOUNTCATEGORYENTITY><MAINACCOUNTCATEGORYENTITY><CLOSED>No</CLOSED><DESCRIPTION>Long-Term investments</DESCRIPTION><DISPLAYORDER>10</DISPLAYORDER><MAINACCOUNTCATEGORY>LONGTERMINVEST</MAINACCOUNTCATEGORY><MAINACCOUNTTYPE>Blank</MAINACCOUNTTYPE><REFERENCEID>10</REFERENCEID></MAINACCOUNTCATEGORYENTITY><MAINACCOUNTCATEGORYENTITY><CLOSED>No</CLOSED><DESCRIPTION>Property plant and equipment</DESCRIPTION><DISPLAYORDER>11</DISPLAYORDER><MAINACCOUNTCATEGORY>PPE</MAINACCOUNTCATEGORY><MAINACCOUNTTYPE>Blank</MAINACCOUNTTYPE><REFERENCEID>11</REFERENCEID></MAINACCOUNTCATEGORYENTITY><MAINACCOUNTCATEGORYENTITY><CLOSED>No</CLOSED><DESCRIPTION>Accumulated depreciation</DESCRIPTION><DISPLAYORDER>12</DISPLAYORDER><MAINACCOUNTCATEGORY>ACCUDEP</MAINACCOUNTCATEGORY><MAINACCOUNTTYPE>Blank</MAINACCOUNTTYPE><REFERENCEID>12</REFERENCEID></MAINACCOUNTCATEGORYENTITY><MAINACCOUNTCATEGORYENTITY><CLOSED>No</CLOSED><DESCRIPTION>Intangible assets</DESCRIPTION><DISPLAYORDER>13</DISPLAYORDER><MAINACCOUNTCATEGORY>INTANASSET</MAINACCOUNTCATEGORY><MAINACCOUNTTYPE>Blank</MAINACCOUNTTYPE><REFERENCEID>13</REFERENCEID></MAINACCOUNTCATEGORYENTITY><MAINACCOUNTCATEGORYENTITY><CLOSED>No</CLOSED><DESCRIPTION>Other assets</DESCRIPTION><DISPLAYORDER>14</DISPLAYORDER><MAINACCOUNTCATEGORY>OTHERASSET</MAINACCOUNTCATEGORY><MAINACCOUNTTYPE>Blank</MAINACCOUNTTYPE><REFERENCEID>14</REFERENCEID></MAINACCOUNTCATEGORYENTITY><MAINACCOUNTCATEGORYENTITY><CLOSED>No</CLOSED><DESCRIPTION>Accounts payable</DESCRIPTION><DISPLAYORDER>15</DISPLAYORDER><MAINACCOUNTCATEGORY>AP</MAINACCOUNTCATEGORY><MAINACCOUNTTYPE>Blank</MAINACCOUNTTYPE><REFERENCEID>15</REFERENCEID></MAINACCOUNTCATEGORYENTITY><MAINACCOUNTCATEGORYENTITY><CLOSED>No</CLOSED><DESCRIPTION>Notes payable</DESCRIPTION><DISPLAYORDER>16</DISPLAYORDER><MAINACCOUNTCATEGORY>NOTESPAY</MAINACCOUNTCATEGORY><MAINACCOUNTTYPE>Blank</MAINACCOUNTTYPE><REFERENCEID>16</REFERENCEID></MAINACCOUNTCATEGORYENTITY><MAINACCOUNTCATEGORYENTITY><CLOSED>No</CLOSED><DESCRIPTION>Current maturities on long-term debt</DESCRIPTION><DISPLAYORDER>17</DISPLAYORDER><MAINACCOUNTCATEGORY>CURRENTMATLTD</MAINACCOUNTCATEGORY><MAINACCOUNTTYPE>Blank</MAINACCOUNTTYPE><REFERENCEID>17</REFERENCEID></MAINACCOUNTCATEGORYENTITY><MAINACCOUNTCATEGORYENTITY><CLOSED>No</CLOSED><DESCRIPTION>Taxes payable</DESCRIPTION><DISPLAYORDER>18</DISPLAYORDER><MAINACCOUNTCATEGORY>TAXPAY</MAINACCOUNTCATEGORY><MAINACCOUNTTYPE>Blank</MAINACCOUNTTYPE><REFERENCEID>18</REFERENCEID></MAINACCOUNTCATEGORYENTITY><MAINACCOUNTCATEGORYENTITY><CLOSED>No</CLOSED><DESCRIPTION>Interest payable</DESCRIPTION><DISPLAYORDER>19</DISPLAYORDER><MAINACCOUNTCATEGORY>INTPAY</MAINACCOUNTCATEGORY><MAINACCOUNTTYPE>Blank</MAINACCOUNTTYPE><REFERENCEID>19</REFERENCEID></MAINACCOUNTCATEGORYENTITY><MAINACCOUNTCATEGORYENTITY><CLOSED>No</CLOSED><DESCRIPTION>Dividends payable</DESCRIPTION><DISPLAYORDER>20</DISPLAYORDER><MAINACCOUNTCATEGORY>DIVPAY</MAINACCOUNTCATEGORY><MAINACCOUNTTYPE>Blank</MAINACCOUNTTYPE><REFERENCEID>20</REFERENCEID></MAINACCOUNTCATEGORYENTITY><MAINACCOUNTCATEGORYENTITY><CLOSED>No</CLOSED><DESCRIPTION>Leases payable (current)</DESCRIPTION><DISPLAYORDER>21</DISPLAYORDER><MAINACCOUNTCATEGORY>LEASEPAY</MAINACCOUNTCATEGORY><MAINACCOUNTTYPE>Blank</MAINACCOUNTTYPE><REFERENCEID>21</REFERENCEID></MAINACCOUNTCATEGORYENTITY><MAINACCOUNTCATEGORYENTITY><CLOSED>No</CLOSED><DESCRIPTION>Sinking fund payable (current)</DESCRIPTION><DISPLAYORDER>22</DISPLAYORDER><MAINACCOUNTCATEGORY>SINKPAY</MAINACCOUNTCATEGORY><MAINACCOUNTTYPE>Blank</MAINACCOUNTTYPE><REFERENCEID>22</REFERENCEID></MAINACCOUNTCATEGORYENTITY><MAINACCOUNTCATEGORYENTITY><CLOSED>No</CLOSED><DESCRIPTION>Other current liabilities</DESCRIPTION><DISPLAYORDER>23</DISPLAYORDER><MAINACCOUNTCATEGORY>OTHERCURLIA</MAINACCOUNTCATEGORY><MAINACCOUNTTYPE>Blank</MAINACCOUNTTYPE><REFERENCEID>23</REFERENCEID></MAINACCOUNTCATEGORYENTITY><MAINACCOUNTCATEGORYENTITY><CLOSED>No</CLOSED><DESCRIPTION>Long-Term debt</DESCRIPTION><DISPLAYORDER>24</DISPLAYORDER><MAINACCOUNTCATEGORY>LONGTERMDEBT</MAINACCOUNTCATEGORY><MAINACCOUNTTYPE>Blank</MAINACCOUNTTYPE><REFERENCEID>24</REFERENCEID></MAINACCOUNTCATEGORYENTITY><MAINACCOUNTCATEGORYENTITY><CLOSED>No</CLOSED><DESCRIPTION>Common stock</DESCRIPTION><DISPLAYORDER>25</DISPLAYORDER><MAINACCOUNTCATEGORY>COMMONSTOCK</MAINACCOUNTCATEGORY><MAINACCOUNTTYPE>Blank</MAINACCOUNTTYPE><REFERENCEID>25</REFERENCEID></MAINACCOUNTCATEGORYENTITY><MAINACCOUNTCATEGORYENTITY><CLOSED>No</CLOSED><DESCRIPTION>Preferred stock</DESCRIPTION><DISPLAYORDER>26</DISPLAYORDER><MAINACCOUNTCATEGORY>PREFERREDSTOCK</MAINACCOUNTCATEGORY><MAINACCOUNTTYPE>Blank</MAINACCOUNTTYPE><REFERENCEID>26</REFERENCEID></MAINACCOUNTCATEGORYENTITY><MAINACCOUNTCATEGORYENTITY><CLOSED>No</CLOSED><DESCRIPTION>Additional paid in capital - common</DESCRIPTION><DISPLAYORDER>27</DISPLAYORDER><MAINACCOUNTCATEGORY>ADDPAIDINCAPCOM</MAINACCOUNTCATEGORY><MAINACCOUNTTYPE>Blank</MAINACCOUNTTYPE><REFERENCEID>27</REFERENCEID></MAINACCOUNTCATEGORYENTITY><MAINACCOUNTCATEGORYENTITY><CLOSED>No</CLOSED><DESCRIPTION>Additional paid in capital - preferred</DESCRIPTION><DISPLAYORDER>28</DISPLAYORDER><MAINACCOUNTCATEGORY>ADDPAIDINCAPPREF</MAINACCOUNTCATEGORY><MAINACCOUNTTYPE>Blank</MAINACCOUNTTYPE><REFERENCEID>28</REFERENCEID></MAINACCOUNTCATEGORYENTITY><MAINACCOUNTCATEGORYENTITY><CLOSED>No</CLOSED><DESCRIPTION>Retained earnings</DESCRIPTION><DISPLAYORDER>29</DISPLAYORDER><MAINACCOUNTCATEGORY>RETEARN</MAINACCOUNTCATEGORY><MAINACCOUNTTYPE>Blank</MAINACCOUNTTYPE><REFERENCEID>29</REFERENCEID></MAINACCOUNTCATEGORYENTITY><MAINACCOUNTCATEGORYENTITY><CLOSED>No</CLOSED><DESCRIPTION>Treasury stock</DESCRIPTION><DISPLAYORDER>30</DISPLAYORDER><MAINACCOUNTCATEGORY>TREASTOCK</MAINACCOUNTCATEGORY><MAINACCOUNTTYPE>Blank</MAINACCOUNTTYPE><REFERENCEID>30</REFERENCEID></MAINACCOUNTCATEGORYENTITY><MAINACCOUNTCATEGORYENTITY><CLOSED>No</CLOSED><DESCRIPTION>Common dividends</DESCRIPTION><DISPLAYORDER>31</DISPLAYORDER><MAINACCOUNTCATEGORY>COMMONDIV</MAINACCOUNTCATEGORY><MAINACCOUNTTYPE>Blank</MAINACCOUNTTYPE><REFERENCEID>31</REFERENCEID></MAINACCOUNTCATEGORYENTITY><MAINACCOUNTCATEGORYENTITY><CLOSED>No</CLOSED><DESCRIPTION>Preferred dividends</DESCRIPTION><DISPLAYORDER>32</DISPLAYORDER><MAINACCOUNTCATEGORY>PREFERREDDIV</MAINACCOUNTCATEGORY><MAINACCOUNTTYPE>Blank</MAINACCOUNTTYPE><REFERENCEID>32</REFERENCEID></MAINACCOUNTCATEGORYENTITY><MAINACCOUNTCATEGORYENTITY><CLOSED>No</CLOSED><DESCRIPTION>Sales</DESCRIPTION><DISPLAYORDER>33</DISPLAYORDER><MAINACCOUNTCATEGORY>SALES</MAINACCOUNTCATEGORY><MAINACCOUNTTYPE>Blank</MAINACCOUNTTYPE><REFERENCEID>33</REFERENCEID></MAINACCOUNTCATEGORYENTITY><MAINACCOUNTCATEGORYENTITY><CLOSED>No</CLOSED><DESCRIPTION>Sales returns and discounts</DESCRIPTION><DISPLAYORDER>34</DISPLAYORDER><MAINACCOUNTCATEGORY>SALERETDIS</MAINACCOUNTCATEGORY><MAINACCOUNTTYPE>Blank</MAINACCOUNTTYPE><REFERENCEID>34</REFERENCEID></MAINACCOUNTCATEGORYENTITY><MAINACCOUNTCATEGORYENTITY><CLOSED>No</CLOSED><DESCRIPTION>Cost of goods sold</DESCRIPTION><DISPLAYORDER>35</DISPLAYORDER><MAINACCOUNTCATEGORY>COGS</MAINACCOUNTCATEGORY><MAINACCOUNTTYPE>Blank</MAINACCOUNTTYPE><REFERENCEID>35</REFERENCEID></MAINACCOUNTCATEGORYENTITY><MAINACCOUNTCATEGORYENTITY><CLOSED>No</CLOSED><DESCRIPTION>Selling expense</DESCRIPTION><DISPLAYORDER>36</DISPLAYORDER><MAINACCOUNTCATEGORY>SELLEXP</MAINACCOUNTCATEGORY><MAINACCOUNTTYPE>Blank</MAINACCOUNTTYPE><REFERENCEID>36</REFERENCEID></MAINACCOUNTCATEGORYENTITY><MAINACCOUNTCATEGORYENTITY><CLOSED>No</CLOSED><DESCRIPTION>Administrative expense</DESCRIPTION><DISPLAYORDER>37</DISPLAYORDER><MAINACCOUNTCATEGORY>ADMINEXP</MAINACCOUNTCATEGORY><MAINACCOUNTTYPE>Blank</MAINACCOUNTTYPE><REFERENCEID>37</REFERENCEID></MAINACCOUNTCATEGORYENTITY><MAINACCOUNTCATEGORYENTITY><CLOSED>No</CLOSED><DESCRIPTION>Manufacturing expense</DESCRIPTION><DISPLAYORDER>38</DISPLAYORDER><MAINACCOUNTCATEGORY>MANUEXP</MAINACCOUNTCATEGORY><MAINACCOUNTTYPE>Blank</MAINACCOUNTTYPE><REFERENCEID>38</REFERENCEID></MAINACCOUNTCATEGORYENTITY><MAINACCOUNTCATEGORYENTITY><CLOSED>No</CLOSED><DESCRIPTION>Travel and entertainment expenses</DESCRIPTION><DISPLAYORDER>39</DISPLAYORDER><MAINACCOUNTCATEGORY>TANDEEXP</MAINACCOUNTCATEGORY><MAINACCOUNTTYPE>Blank</MAINACCOUNTTYPE><REFERENCEID>39</REFERENCEID></MAINACCOUNTCATEGORYENTITY><MAINACCOUNTCATEGORYENTITY><CLOSED>No</CLOSED><DESCRIPTION>Project operation expense</DESCRIPTION><DISPLAYORDER>40</DISPLAYORDER><MAINACCOUNTCATEGORY>PROJEXP</MAINACCOUNTCATEGORY><MAINACCOUNTTYPE>Blank</MAINACCOUNTTYPE><REFERENCEID>40</REFERENCEID></MAINACCOUNTCATEGORYENTITY><MAINACCOUNTCATEGORYENTITY><CLOSED>No</CLOSED><DESCRIPTION>Salaries expense</DESCRIPTION><DISPLAYORDER>41</DISPLAYORDER><MAINACCOUNTCATEGORY>SALARYEXP</MAINACCOUNTCATEGORY><MAINACCOUNTTYPE>Blank</MAINACCOUNTTYPE><REFERENCEID>41</REFERENCEID></MAINACCOUNTCATEGORYENTITY><MAINACCOUNTCATEGORYENTITY><CLOSED>No</CLOSED><DESCRIPTION>Other employee expenses</DESCRIPTION><DISPLAYORDER>42</DISPLAYORDER><MAINACCOUNTCATEGORY>OTHEREMPEXP</MAINACCOUNTCATEGORY><MAINACCOUNTTYPE>Blank</MAINACCOUNTTYPE><REFERENCEID>42</REFERENCEID></MAINACCOUNTCATEGORYENTITY><MAINACCOUNTCATEGORYENTITY><CLOSED>No</CLOSED><DESCRIPTION>Interest expense</DESCRIPTION><DISPLAYORDER>43</DISPLAYORDER><MAINACCOUNTCATEGORY>INTEXP</MAINACCOUNTCATEGORY><MAINACCOUNTTYPE>Blank</MAINACCOUNTTYPE><REFERENCEID>43</REFERENCEID></MAINACCOUNTCATEGORYENTITY><MAINACCOUNTCATEGORYENTITY><CLOSED>No</CLOSED><DESCRIPTION>Tax expense</DESCRIPTION><DISPLAYORDER>44</DISPLAYORDER><MAINACCOUNTCATEGORY>TAXEXP</MAINACCOUNTCATEGORY><MAINACCOUNTTYPE>Blank</MAINACCOUNTTYPE><REFERENCEID>44</REFERENCEID></MAINACCOUNTCATEGORYENTITY><MAINACCOUNTCATEGORYENTITY><CLOSED>No</CLOSED><DESCRIPTION>Depreciation expense</DESCRIPTION><DISPLAYORDER>45</DISPLAYORDER><MAINACCOUNTCATEGORY>DEPREXP</MAINACCOUNTCATEGORY><MAINACCOUNTTYPE>Blank</MAINACCOUNTTYPE><REFERENCEID>45</REFERENCEID></MAINACCOUNTCATEGORYENTITY><MAINACCOUNTCATEGORYENTITY><CLOSED>No</CLOSED><DESCRIPTION>Income tax expense</DESCRIPTION><DISPLAYORDER>46</DISPLAYORDER><MAINACCOUNTCATEGORY>INCTAXEXP</MAINACCOUNTCATEGORY><MAINACCOUNTTYPE>Blank</MAINACCOUNTTYPE><REFERENCEID>46</REFERENCEID></MAINACCOUNTCATEGORYENTITY><MAINACCOUNTCATEGORYENTITY><CLOSED>No</CLOSED><DESCRIPTION>Other expenses</DESCRIPTION><DISPLAYORDER>47</DISPLAYORDER><MAINACCOUNTCATEGORY>OTHEREXP</MAINACCOUNTCATEGORY><MAINACCOUNTTYPE>Blank</MAINACCOUNTTYPE><REFERENCEID>47</REFERENCEID></MAINACCOUNTCATEGORYENTITY><MAINACCOUNTCATEGORYENTITY><CLOSED>No</CLOSED><DESCRIPTION>Other income</DESCRIPTION><DISPLAYORDER>48</DISPLAYORDER><MAINACCOUNTCATEGORY>OTHERINC</MAINACCOUNTCATEGORY><MAINACCOUNTTYPE>Blank</MAINACCOUNTTYPE><REFERENCEID>48</REFERENCEID></MAINACCOUNTCATEGORYENTITY><MAINACCOUNTCATEGORYENTITY><CLOSED>No</CLOSED><DESCRIPTION>Charges not using working capital</DESCRIPTION><DISPLAYORDER>49</DISPLAYORDER><MAINACCOUNTCATEGORY>CHRNOTUSEWORKCAP</MAINACCOUNTCATEGORY><MAINACCOUNTTYPE>Blank</MAINACCOUNTTYPE><REFERENCEID>49</REFERENCEID></MAINACCOUNTCATEGORYENTITY><MAINACCOUNTCATEGORYENTITY><CLOSED>No</CLOSED><DESCRIPTION>Revenues not producing working capital</DESCRIPTION><DISPLAYORDER>50</DISPLAYORDER><MAINACCOUNTCATEGORY>REVNOTPRODWORKCAP</MAINACCOUNTCATEGORY><MAINACCOUNTTYPE>Blank</MAINACCOUNTTYPE><REFERENCEID>50</REFERENCEID></MAINACCOUNTCATEGORYENTITY><MAINACCOUNTCATEGORYENTITY><CLOSED>No</CLOSED><DESCRIPTION>Gain or loss on asset disposal</DESCRIPTION><DISPLAYORDER>51</DISPLAYORDER><MAINACCOUNTCATEGORY>GAINLOSSASSET</MAINACCOUNTCATEGORY><MAINACCOUNTTYPE>Blank</MAINACCOUNTTYPE><REFERENCEID>51</REFERENCEID></MAINACCOUNTCATEGORYENTITY><MAINACCOUNTCATEGORYENTITY><CLOSED>No</CLOSED><DESCRIPTION>Amortization of intangible assets</DESCRIPTION><DISPLAYORDER>52</DISPLAYORDER><MAINACCOUNTCATEGORY>AMORTINTAGASSET</MAINACCOUNTCATEGORY><MAINACCOUNTTYPE>Blank</MAINACCOUNTTYPE><REFERENCEID>52</REFERENCEID></MAINACCOUNTCATEGORYENTITY><MAINACCOUNTCATEGORYENTITY><CLOSED>No</CLOSED><DESCRIPTION>Statistical accounts</DESCRIPTION><DISPLAYORDER>53</DISPLAYORDER><MAINACCOUNTCATEGORY>STATISTICAL</MAINACCOUNTCATEGORY><MAINACCOUNTTYPE>Blank</MAINACCOUNTTYPE><REFERENCEID>53</REFERENCEID></MAINACCOUNTCATEGORYENTITY><MAINACCOUNTCATEGORYENTITY><CLOSED>No</CLOSED><DESCRIPTION>Encumbrance</DESCRIPTION><DISPLAYORDER>54</DISPLAYORDER><MAINACCOUNTCATEGORY>ENCUMBRANCE</MAINACCOUNTCATEGORY><MAINACCOUNTTYPE>Blank</MAINACCOUNTTYPE><REFERENCEID>54</REFERENCEID></MAINACCOUNTCATEGORYENTITY><MAINACCOUNTCATEGORYENTITY><CLOSED>No</CLOSED><DESCRIPTION>Pre-encumbrance</DESCRIPTION><DISPLAYORDER>55</DISPLAYORDER><MAINACCOUNTCATEGORY>PRE-ENCUMBRANCE</MAINACCOUNTCATEGORY><MAINACCOUNTTYPE>Blank</MAINACCOUNTTYPE><REFERENCEID>55</REFERENCEID></MAINACCOUNTCATEGORYENTITY><MAINACCOUNTCATEGORYENTITY><CLOSED>No</CLOSED><DESCRIPTION>Consolidations</DESCRIPTION><DISPLAYORDER>56</DISPLAYORDER><MAINACCOUNTCATEGORY>CONSOL</MAINACCOUNTCATEGORY><MAINACCOUNTTYPE>Blank</MAINACCOUNTTYPE><REFERENCEID>1001</REFERENCEID></MAINACCOUNTCATEGORYENTITY></Document>