﻿<?xml version="1.0" encoding="utf-8"?>
<Document>
    <MAINACCOUNTENTITY>
        <ACCOUNTCATEGORYDESCRIPTION>Cash</ACCOUNTCATEGORYDESCRIPTION>
        <ACTIVEFROM>1900-01-01T00:00:00</ACTIVEFROM>
        <ACTIVETO>1900-01-01T00:00:00</ACTIVETO>
        <BALANCECONTROL>None</BALANCECONTROL>
        <CHARTOFACCOUNTS>STANDARD</CHARTOFACCOUNTS>
        <CHARTOFACCOUNTSRECID>5637144576</CHARTOFACCOUNTSRECID>
        <CLOSING>None</CLOSING>
        <DEBITCREDITDEFAULT>None</DEBITCREDITDEFAULT>
        <DEBITCREDITREQUIREMENT>None</DEBITCREDITREQUIREMENT>
        <DEFAULTCONSOLIDATIONACCOUNT></DEFAULTCONSOLIDATIONACCOUNT>
        <DEFAULTCURRENCY>FGP</DEFAULTCURRENCY>
        <DONOTALLOWMANUALENTRY>No</DONOTALLOWMANUALENTRY>
        <EXCHANGEADJUSTMENTRATETYPE></EXCHANGEADJUSTMENTRATETYPE>
        <FINANCIALREPORTINGCURRENCYTRANSLATIONTYPE>WeightedAverage</FINANCIALREPORTINGCURRENCYTRANSLATIONTYPE>
        <FINANCIALREPORTINGEXCHANGERATETYPE></FINANCIALREPORTINGEXCHANGERATETYPE>
        <FOREIGNCURRENCYREVALUATION>No</FOREIGNCURRENCYREVALUATION>
        <ISSUSPENDED>No</ISSUSPENDED>
        <MAINACCOUNTCATEGORY>CASH</MAINACCOUNTCATEGORY>
        <MAINACCOUNTID>1000</MAINACCOUNTID>
        <MAINACCOUNTRECID>5637144576</MAINACCOUNTRECID>
        <MAINACCOUNTTYPE>BalanceSheet</MAINACCOUNTTYPE>
        <MONETARY>No</MONETARY>
        <NAME>Coin On Hand - FGP</NAME>
        <OFFSETACCOUNTDISPLAYVALUE></OFFSETACCOUNTDISPLAYVALUE>
        <OPENINGACCOUNTID></OPENINGACCOUNTID>
        <POSTINGTYPE>None</POSTINGTYPE>
        <REPORTINGEXCHANGEADJUSTMENTRATETYPE></REPORTINGEXCHANGEADJUSTMENTRATETYPE>
        <USER></USER>
        <VALIDATECURRENCY>Optional</VALIDATECURRENCY>
        <VALIDATEPOSTINGTYPE>Optional</VALIDATEPOSTINGTYPE>
        <VALIDATEUSER>Optional</VALIDATEUSER>
    </MAINACCOUNTENTITY>
    <MAINACCOUNTENTITY>
        <ACCOUNTCATEGORYDESCRIPTION>Cash</ACCOUNTCATEGORYDESCRIPTION>
        <ACTIVEFROM>1900-01-01T00:00:00</ACTIVEFROM>
        <ACTIVETO>1900-01-01T00:00:00</ACTIVETO>
        <BALANCECONTROL>None</BALANCECONTROL>
        <CHARTOFACCOUNTS>STANDARD</CHARTOFACCOUNTS>
        <CHARTOFACCOUNTSRECID>5637144576</CHARTOFACCOUNTSRECID>
        <CLOSING>None</CLOSING>
        <DEBITCREDITDEFAULT>None</DEBITCREDITDEFAULT>
        <DEBITCREDITREQUIREMENT>None</DEBITCREDITREQUIREMENT>
        <DEFAULTCONSOLIDATIONACCOUNT></DEFAULTCONSOLIDATIONACCOUNT>
        <DEFAULTCURRENCY>FSD</DEFAULTCURRENCY>
        <DONOTALLOWMANUALENTRY>No</DONOTALLOWMANUALENTRY>
        <EXCHANGEADJUSTMENTRATETYPE></EXCHANGEADJUSTMENTRATETYPE>
        <FINANCIALREPORTINGCURRENCYTRANSLATIONTYPE>WeightedAverage</FINANCIALREPORTINGCURRENCYTRANSLATIONTYPE>
        <FINANCIALREPORTINGEXCHANGERATETYPE></FINANCIALREPORTINGEXCHANGERATETYPE>
        <FOREIGNCURRENCYREVALUATION>No</FOREIGNCURRENCYREVALUATION>
        <ISSUSPENDED>No</ISSUSPENDED>
        <MAINACCOUNTCATEGORY>CASH</MAINACCOUNTCATEGORY>
        <MAINACCOUNTID>1010</MAINACCOUNTID>
        <MAINACCOUNTRECID>5637144577</MAINACCOUNTRECID>
        <MAINACCOUNTTYPE>BalanceSheet</MAINACCOUNTTYPE>
        <MONETARY>No</MONETARY>
        <NAME>Cash On Hand - FSD</NAME>
        <OFFSETACCOUNTDISPLAYVALUE></OFFSETACCOUNTDISPLAYVALUE>
        <OPENINGACCOUNTID></OPENINGACCOUNTID>
        <POSTINGTYPE>None</POSTINGTYPE>
        <REPORTINGEXCHANGEADJUSTMENTRATETYPE></REPORTINGEXCHANGEADJUSTMENTRATETYPE>
        <USER></USER>
        <VALIDATECURRENCY>Optional</VALIDATECURRENCY>
        <VALIDATEPOSTINGTYPE>Optional</VALIDATEPOSTINGTYPE>
        <VALIDATEUSER>Optional</VALIDATEUSER>
    </MAINACCOUNTENTITY>
    <MAINACCOUNTENTITY>
        <ACCOUNTCATEGORYDESCRIPTION>Cash</ACCOUNTCATEGORYDESCRIPTION>
        <ACTIVEFROM>1900-01-01T00:00:00</ACTIVEFROM>
        <ACTIVETO>1900-01-01T00:00:00</ACTIVETO>
        <BALANCECONTROL>None</BALANCECONTROL>
        <CHARTOFACCOUNTS>STANDARD</CHARTOFACCOUNTS>
        <CHARTOFACCOUNTSRECID>5637144576</CHARTOFACCOUNTSRECID>
        <CLOSING>None</CLOSING>
        <DEBITCREDITDEFAULT>None</DEBITCREDITDEFAULT>
        <DEBITCREDITREQUIREMENT>None</DEBITCREDITREQUIREMENT>
        <DEFAULTCONSOLIDATIONACCOUNT></DEFAULTCONSOLIDATIONACCOUNT>
        <DEFAULTCURRENCY>FSD</DEFAULTCURRENCY>
        <DONOTALLOWMANUALENTRY>No</DONOTALLOWMANUALENTRY>
        <EXCHANGEADJUSTMENTRATETYPE></EXCHANGEADJUSTMENTRATETYPE>
        <FINANCIALREPORTINGCURRENCYTRANSLATIONTYPE>WeightedAverage</FINANCIALREPORTINGCURRENCYTRANSLATIONTYPE>
        <FINANCIALREPORTINGEXCHANGERATETYPE></FINANCIALREPORTINGEXCHANGERATETYPE>
        <FOREIGNCURRENCYREVALUATION>No</FOREIGNCURRENCYREVALUATION>
        <ISSUSPENDED>No</ISSUSPENDED>
        <MAINACCOUNTCATEGORY>CASH</MAINACCOUNTCATEGORY>
        <MAINACCOUNTID>1100</MAINACCOUNTID>
        <MAINACCOUNTRECID>5637144578</MAINACCOUNTRECID>
        <MAINACCOUNTTYPE>BalanceSheet</MAINACCOUNTTYPE>
        <MONETARY>No</MONETARY>
        <NAME>Operating Account - FSD</NAME>
        <OFFSETACCOUNTDISPLAYVALUE></OFFSETACCOUNTDISPLAYVALUE>
        <OPENINGACCOUNTID></OPENINGACCOUNTID>
        <POSTINGTYPE>None</POSTINGTYPE>
        <REPORTINGEXCHANGEADJUSTMENTRATETYPE></REPORTINGEXCHANGEADJUSTMENTRATETYPE>
        <USER></USER>
        <VALIDATECURRENCY>Optional</VALIDATECURRENCY>
        <VALIDATEPOSTINGTYPE>Optional</VALIDATEPOSTINGTYPE>
        <VALIDATEUSER>Optional</VALIDATEUSER>
    </MAINACCOUNTENTITY>
    <MAINACCOUNTENTITY>
        <ACCOUNTCATEGORYDESCRIPTION>Cash</ACCOUNTCATEGORYDESCRIPTION>
        <ACTIVEFROM>1900-01-01T00:00:00</ACTIVEFROM>
        <ACTIVETO>1900-01-01T00:00:00</ACTIVETO>
        <BALANCECONTROL>None</BALANCECONTROL>
        <CHARTOFACCOUNTS>STANDARD</CHARTOFACCOUNTS>
        <CHARTOFACCOUNTSRECID>5637144576</CHARTOFACCOUNTSRECID>
        <CLOSING>None</CLOSING>
        <DEBITCREDITDEFAULT>Debit</DEBITCREDITDEFAULT>
        <DEBITCREDITREQUIREMENT>None</DEBITCREDITREQUIREMENT>
        <DEFAULTCONSOLIDATIONACCOUNT></DEFAULTCONSOLIDATIONACCOUNT>
        <DEFAULTCURRENCY>FSD</DEFAULTCURRENCY>
        <DONOTALLOWMANUALENTRY>No</DONOTALLOWMANUALENTRY>
        <EXCHANGEADJUSTMENTRATETYPE></EXCHANGEADJUSTMENTRATETYPE>
        <FINANCIALREPORTINGCURRENCYTRANSLATIONTYPE>WeightedAverage</FINANCIALREPORTINGCURRENCYTRANSLATIONTYPE>
        <FINANCIALREPORTINGEXCHANGERATETYPE></FINANCIALREPORTINGEXCHANGERATETYPE>
        <FOREIGNCURRENCYREVALUATION>No</FOREIGNCURRENCYREVALUATION>
        <ISSUSPENDED>No</ISSUSPENDED>
        <MAINACCOUNTCATEGORY>CASH</MAINACCOUNTCATEGORY>
        <MAINACCOUNTID>1110</MAINACCOUNTID>
        <MAINACCOUNTRECID>5637145328</MAINACCOUNTRECID>
        <MAINACCOUNTTYPE>Asset</MAINACCOUNTTYPE>
        <MONETARY>No</MONETARY>
        <NAME>Payroll Account - FSD</NAME>
        <OFFSETACCOUNTDISPLAYVALUE></OFFSETACCOUNTDISPLAYVALUE>
        <OPENINGACCOUNTID></OPENINGACCOUNTID>
        <POSTINGTYPE>None</POSTINGTYPE>
        <REPORTINGEXCHANGEADJUSTMENTRATETYPE></REPORTINGEXCHANGEADJUSTMENTRATETYPE>
        <USER></USER>
        <VALIDATECURRENCY>Optional</VALIDATECURRENCY>
        <VALIDATEPOSTINGTYPE>Optional</VALIDATEPOSTINGTYPE>
        <VALIDATEUSER>Optional</VALIDATEUSER>
    </MAINACCOUNTENTITY>
    <MAINACCOUNTENTITY>
        <ACCOUNTCATEGORYDESCRIPTION>Accounts receivable</ACCOUNTCATEGORYDESCRIPTION>
        <ACTIVEFROM>1900-01-01T00:00:00</ACTIVEFROM>
        <ACTIVETO>1900-01-01T00:00:00</ACTIVETO>
        <BALANCECONTROL>None</BALANCECONTROL>
        <CHARTOFACCOUNTS>STANDARD</CHARTOFACCOUNTS>
        <CHARTOFACCOUNTSRECID>5637144576</CHARTOFACCOUNTSRECID>
        <CLOSING>None</CLOSING>
        <DEBITCREDITDEFAULT>None</DEBITCREDITDEFAULT>
        <DEBITCREDITREQUIREMENT>None</DEBITCREDITREQUIREMENT>
        <DEFAULTCONSOLIDATIONACCOUNT></DEFAULTCONSOLIDATIONACCOUNT>
        <DEFAULTCURRENCY></DEFAULTCURRENCY>
        <DONOTALLOWMANUALENTRY>Yes</DONOTALLOWMANUALENTRY>
        <EXCHANGEADJUSTMENTRATETYPE></EXCHANGEADJUSTMENTRATETYPE>
        <FINANCIALREPORTINGCURRENCYTRANSLATIONTYPE>WeightedAverage</FINANCIALREPORTINGCURRENCYTRANSLATIONTYPE>
        <FINANCIALREPORTINGEXCHANGERATETYPE></FINANCIALREPORTINGEXCHANGERATETYPE>
        <FOREIGNCURRENCYREVALUATION>No</FOREIGNCURRENCYREVALUATION>
        <ISSUSPENDED>No</ISSUSPENDED>
        <MAINACCOUNTCATEGORY>AR</MAINACCOUNTCATEGORY>
        <MAINACCOUNTID>1200</MAINACCOUNTID>
        <MAINACCOUNTRECID>5637144579</MAINACCOUNTRECID>
        <MAINACCOUNTTYPE>BalanceSheet</MAINACCOUNTTYPE>
        <MONETARY>No</MONETARY>
        <NAME>Accounts Receivable</NAME>
        <OFFSETACCOUNTDISPLAYVALUE></OFFSETACCOUNTDISPLAYVALUE>
        <OPENINGACCOUNTID></OPENINGACCOUNTID>
        <POSTINGTYPE>None</POSTINGTYPE>
        <REPORTINGEXCHANGEADJUSTMENTRATETYPE></REPORTINGEXCHANGEADJUSTMENTRATETYPE>
        <USER></USER>
        <VALIDATECURRENCY>Optional</VALIDATECURRENCY>
        <VALIDATEPOSTINGTYPE>Optional</VALIDATEPOSTINGTYPE>
        <VALIDATEUSER>Optional</VALIDATEUSER>
    </MAINACCOUNTENTITY>
    <MAINACCOUNTENTITY>
        <ACCOUNTCATEGORYDESCRIPTION>Accounts payable</ACCOUNTCATEGORYDESCRIPTION>
        <ACTIVEFROM>1900-01-01T00:00:00</ACTIVEFROM>
        <ACTIVETO>1900-01-01T00:00:00</ACTIVETO>
        <BALANCECONTROL>None</BALANCECONTROL>
        <CHARTOFACCOUNTS>STANDARD</CHARTOFACCOUNTS>
        <CHARTOFACCOUNTSRECID>5637144576</CHARTOFACCOUNTSRECID>
        <CLOSING>None</CLOSING>
        <DEBITCREDITDEFAULT>None</DEBITCREDITDEFAULT>
        <DEBITCREDITREQUIREMENT>None</DEBITCREDITREQUIREMENT>
        <DEFAULTCONSOLIDATIONACCOUNT></DEFAULTCONSOLIDATIONACCOUNT>
        <DEFAULTCURRENCY></DEFAULTCURRENCY>
        <DONOTALLOWMANUALENTRY>Yes</DONOTALLOWMANUALENTRY>
        <EXCHANGEADJUSTMENTRATETYPE></EXCHANGEADJUSTMENTRATETYPE>
        <FINANCIALREPORTINGCURRENCYTRANSLATIONTYPE>WeightedAverage</FINANCIALREPORTINGCURRENCYTRANSLATIONTYPE>
        <FINANCIALREPORTINGEXCHANGERATETYPE></FINANCIALREPORTINGEXCHANGERATETYPE>
        <FOREIGNCURRENCYREVALUATION>No</FOREIGNCURRENCYREVALUATION>
        <ISSUSPENDED>No</ISSUSPENDED>
        <MAINACCOUNTCATEGORY>AP</MAINACCOUNTCATEGORY>
        <MAINACCOUNTID>2000</MAINACCOUNTID>
        <MAINACCOUNTRECID>5637144580</MAINACCOUNTRECID>
        <MAINACCOUNTTYPE>BalanceSheet</MAINACCOUNTTYPE>
        <MONETARY>No</MONETARY>
        <NAME>Accounts Payable</NAME>
        <OFFSETACCOUNTDISPLAYVALUE></OFFSETACCOUNTDISPLAYVALUE>
        <OPENINGACCOUNTID></OPENINGACCOUNTID>
        <POSTINGTYPE>None</POSTINGTYPE>
        <REPORTINGEXCHANGEADJUSTMENTRATETYPE></REPORTINGEXCHANGEADJUSTMENTRATETYPE>
        <USER></USER>
        <VALIDATECURRENCY>Optional</VALIDATECURRENCY>
        <VALIDATEPOSTINGTYPE>Optional</VALIDATEPOSTINGTYPE>
        <VALIDATEUSER>Optional</VALIDATEUSER>
    </MAINACCOUNTENTITY>
    <MAINACCOUNTENTITY>
        <ACCOUNTCATEGORYDESCRIPTION>Accounts payable</ACCOUNTCATEGORYDESCRIPTION>
        <ACTIVEFROM>1900-01-01T00:00:00</ACTIVEFROM>
        <ACTIVETO>1900-01-01T00:00:00</ACTIVETO>
        <BALANCECONTROL>None</BALANCECONTROL>
        <CHARTOFACCOUNTS>STANDARD</CHARTOFACCOUNTS>
        <CHARTOFACCOUNTSRECID>5637144576</CHARTOFACCOUNTSRECID>
        <CLOSING>None</CLOSING>
        <DEBITCREDITDEFAULT>None</DEBITCREDITDEFAULT>
        <DEBITCREDITREQUIREMENT>None</DEBITCREDITREQUIREMENT>
        <DEFAULTCONSOLIDATIONACCOUNT></DEFAULTCONSOLIDATIONACCOUNT>
        <DEFAULTCURRENCY></DEFAULTCURRENCY>
        <DONOTALLOWMANUALENTRY>No</DONOTALLOWMANUALENTRY>
        <EXCHANGEADJUSTMENTRATETYPE></EXCHANGEADJUSTMENTRATETYPE>
        <FINANCIALREPORTINGCURRENCYTRANSLATIONTYPE>WeightedAverage</FINANCIALREPORTINGCURRENCYTRANSLATIONTYPE>
        <FINANCIALREPORTINGEXCHANGERATETYPE></FINANCIALREPORTINGEXCHANGERATETYPE>
        <FOREIGNCURRENCYREVALUATION>No</FOREIGNCURRENCYREVALUATION>
        <ISSUSPENDED>No</ISSUSPENDED>
        <MAINACCOUNTCATEGORY>AP</MAINACCOUNTCATEGORY>
        <MAINACCOUNTID>2010</MAINACCOUNTID>
        <MAINACCOUNTRECID>5637145334</MAINACCOUNTRECID>
        <MAINACCOUNTTYPE>BalanceSheet</MAINACCOUNTTYPE>
        <MONETARY>No</MONETARY>
        <NAME>Pending Accounts Payable</NAME>
        <OFFSETACCOUNTDISPLAYVALUE></OFFSETACCOUNTDISPLAYVALUE>
        <OPENINGACCOUNTID></OPENINGACCOUNTID>
        <POSTINGTYPE>None</POSTINGTYPE>
        <REPORTINGEXCHANGEADJUSTMENTRATETYPE></REPORTINGEXCHANGEADJUSTMENTRATETYPE>
        <USER></USER>
        <VALIDATECURRENCY>Optional</VALIDATECURRENCY>
        <VALIDATEPOSTINGTYPE>Optional</VALIDATEPOSTINGTYPE>
        <VALIDATEUSER>Optional</VALIDATEUSER>
    </MAINACCOUNTENTITY>
    <MAINACCOUNTENTITY>
        <ACCOUNTCATEGORYDESCRIPTION>Accounts payable</ACCOUNTCATEGORYDESCRIPTION>
        <ACTIVEFROM>1900-01-01T00:00:00</ACTIVEFROM>
        <ACTIVETO>1900-01-01T00:00:00</ACTIVETO>
        <BALANCECONTROL>None</BALANCECONTROL>
        <CHARTOFACCOUNTS>STANDARD</CHARTOFACCOUNTS>
        <CHARTOFACCOUNTSRECID>5637144576</CHARTOFACCOUNTSRECID>
        <CLOSING>None</CLOSING>
        <DEBITCREDITDEFAULT>None</DEBITCREDITDEFAULT>
        <DEBITCREDITREQUIREMENT>None</DEBITCREDITREQUIREMENT>
        <DEFAULTCONSOLIDATIONACCOUNT></DEFAULTCONSOLIDATIONACCOUNT>
        <DEFAULTCURRENCY></DEFAULTCURRENCY>
        <DONOTALLOWMANUALENTRY>No</DONOTALLOWMANUALENTRY>
        <EXCHANGEADJUSTMENTRATETYPE></EXCHANGEADJUSTMENTRATETYPE>
        <FINANCIALREPORTINGCURRENCYTRANSLATIONTYPE>WeightedAverage</FINANCIALREPORTINGCURRENCYTRANSLATIONTYPE>
        <FINANCIALREPORTINGEXCHANGERATETYPE></FINANCIALREPORTINGEXCHANGERATETYPE>
        <FOREIGNCURRENCYREVALUATION>No</FOREIGNCURRENCYREVALUATION>
        <ISSUSPENDED>No</ISSUSPENDED>
        <MAINACCOUNTCATEGORY>AP</MAINACCOUNTCATEGORY>
        <MAINACCOUNTID>2050</MAINACCOUNTID>
        <MAINACCOUNTRECID>5637145335</MAINACCOUNTRECID>
        <MAINACCOUNTTYPE>BalanceSheet</MAINACCOUNTTYPE>
        <MONETARY>No</MONETARY>
        <NAME>Accruals</NAME>
        <OFFSETACCOUNTDISPLAYVALUE></OFFSETACCOUNTDISPLAYVALUE>
        <OPENINGACCOUNTID></OPENINGACCOUNTID>
        <POSTINGTYPE>None</POSTINGTYPE>
        <REPORTINGEXCHANGEADJUSTMENTRATETYPE></REPORTINGEXCHANGEADJUSTMENTRATETYPE>
        <USER></USER>
        <VALIDATECURRENCY>Optional</VALIDATECURRENCY>
        <VALIDATEPOSTINGTYPE>Optional</VALIDATEPOSTINGTYPE>
        <VALIDATEUSER>Optional</VALIDATEUSER>
    </MAINACCOUNTENTITY>
    <MAINACCOUNTENTITY>
        <ACCOUNTCATEGORYDESCRIPTION></ACCOUNTCATEGORYDESCRIPTION>
        <ACTIVEFROM>1900-01-01T00:00:00</ACTIVEFROM>
        <ACTIVETO>1900-01-01T00:00:00</ACTIVETO>
        <BALANCECONTROL>None</BALANCECONTROL>
        <CHARTOFACCOUNTS>STANDARD</CHARTOFACCOUNTS>
        <CHARTOFACCOUNTSRECID>5637144576</CHARTOFACCOUNTSRECID>
        <CLOSING>None</CLOSING>
        <DEBITCREDITDEFAULT>Credit</DEBITCREDITDEFAULT>
        <DEBITCREDITREQUIREMENT>None</DEBITCREDITREQUIREMENT>
        <DEFAULTCONSOLIDATIONACCOUNT></DEFAULTCONSOLIDATIONACCOUNT>
        <DEFAULTCURRENCY></DEFAULTCURRENCY>
        <DONOTALLOWMANUALENTRY>Yes</DONOTALLOWMANUALENTRY>
        <EXCHANGEADJUSTMENTRATETYPE></EXCHANGEADJUSTMENTRATETYPE>
        <FINANCIALREPORTINGCURRENCYTRANSLATIONTYPE>WeightedAverage</FINANCIALREPORTINGCURRENCYTRANSLATIONTYPE>
        <FINANCIALREPORTINGEXCHANGERATETYPE></FINANCIALREPORTINGEXCHANGERATETYPE>
        <FOREIGNCURRENCYREVALUATION>No</FOREIGNCURRENCYREVALUATION>
        <ISSUSPENDED>No</ISSUSPENDED>
        <MAINACCOUNTCATEGORY></MAINACCOUNTCATEGORY>
        <MAINACCOUNTID>2450</MAINACCOUNTID>
        <MAINACCOUNTRECID>5637145329</MAINACCOUNTRECID>
        <MAINACCOUNTTYPE>Liability</MAINACCOUNTTYPE>
        <MONETARY>No</MONETARY>
        <NAME>Other Tax Payable</NAME>
        <OFFSETACCOUNTDISPLAYVALUE></OFFSETACCOUNTDISPLAYVALUE>
        <OPENINGACCOUNTID></OPENINGACCOUNTID>
        <POSTINGTYPE>None</POSTINGTYPE>
        <REPORTINGEXCHANGEADJUSTMENTRATETYPE></REPORTINGEXCHANGEADJUSTMENTRATETYPE>
        <USER></USER>
        <VALIDATECURRENCY>Optional</VALIDATECURRENCY>
        <VALIDATEPOSTINGTYPE>Optional</VALIDATEPOSTINGTYPE>
        <VALIDATEUSER>Optional</VALIDATEUSER>
    </MAINACCOUNTENTITY>
    <MAINACCOUNTENTITY>
        <ACCOUNTCATEGORYDESCRIPTION></ACCOUNTCATEGORYDESCRIPTION>
        <ACTIVEFROM>1900-01-01T00:00:00</ACTIVEFROM>
        <ACTIVETO>1900-01-01T00:00:00</ACTIVETO>
        <BALANCECONTROL>None</BALANCECONTROL>
        <CHARTOFACCOUNTS>STANDARD</CHARTOFACCOUNTS>
        <CHARTOFACCOUNTSRECID>5637144576</CHARTOFACCOUNTSRECID>
        <CLOSING>None</CLOSING>
        <DEBITCREDITDEFAULT>None</DEBITCREDITDEFAULT>
        <DEBITCREDITREQUIREMENT>None</DEBITCREDITREQUIREMENT>
        <DEFAULTCONSOLIDATIONACCOUNT></DEFAULTCONSOLIDATIONACCOUNT>
        <DEFAULTCURRENCY></DEFAULTCURRENCY>
        <DONOTALLOWMANUALENTRY>No</DONOTALLOWMANUALENTRY>
        <EXCHANGEADJUSTMENTRATETYPE></EXCHANGEADJUSTMENTRATETYPE>
        <FINANCIALREPORTINGCURRENCYTRANSLATIONTYPE>WeightedAverage</FINANCIALREPORTINGCURRENCYTRANSLATIONTYPE>
        <FINANCIALREPORTINGEXCHANGERATETYPE></FINANCIALREPORTINGEXCHANGERATETYPE>
        <FOREIGNCURRENCYREVALUATION>No</FOREIGNCURRENCYREVALUATION>
        <ISSUSPENDED>No</ISSUSPENDED>
        <MAINACCOUNTCATEGORY></MAINACCOUNTCATEGORY>
        <MAINACCOUNTID>2600</MAINACCOUNTID>
        <MAINACCOUNTRECID>5637144581</MAINACCOUNTRECID>
        <MAINACCOUNTTYPE>BalanceSheet</MAINACCOUNTTYPE>
        <MONETARY>No</MONETARY>
        <NAME>Rounding</NAME>
        <OFFSETACCOUNTDISPLAYVALUE></OFFSETACCOUNTDISPLAYVALUE>
        <OPENINGACCOUNTID></OPENINGACCOUNTID>
        <POSTINGTYPE>None</POSTINGTYPE>
        <REPORTINGEXCHANGEADJUSTMENTRATETYPE></REPORTINGEXCHANGEADJUSTMENTRATETYPE>
        <USER></USER>
        <VALIDATECURRENCY>Optional</VALIDATECURRENCY>
        <VALIDATEPOSTINGTYPE>Optional</VALIDATEPOSTINGTYPE>
        <VALIDATEUSER>Optional</VALIDATEUSER>
    </MAINACCOUNTENTITY>
    <MAINACCOUNTENTITY>
        <ACCOUNTCATEGORYDESCRIPTION></ACCOUNTCATEGORYDESCRIPTION>
        <ACTIVEFROM>1900-01-01T00:00:00</ACTIVEFROM>
        <ACTIVETO>1900-01-01T00:00:00</ACTIVETO>
        <BALANCECONTROL>None</BALANCECONTROL>
        <CHARTOFACCOUNTS>STANDARD</CHARTOFACCOUNTS>
        <CHARTOFACCOUNTSRECID>5637144576</CHARTOFACCOUNTSRECID>
        <CLOSING>None</CLOSING>
        <DEBITCREDITDEFAULT>Credit</DEBITCREDITDEFAULT>
        <DEBITCREDITREQUIREMENT>None</DEBITCREDITREQUIREMENT>
        <DEFAULTCONSOLIDATIONACCOUNT></DEFAULTCONSOLIDATIONACCOUNT>
        <DEFAULTCURRENCY></DEFAULTCURRENCY>
        <DONOTALLOWMANUALENTRY>No</DONOTALLOWMANUALENTRY>
        <EXCHANGEADJUSTMENTRATETYPE></EXCHANGEADJUSTMENTRATETYPE>
        <FINANCIALREPORTINGCURRENCYTRANSLATIONTYPE>WeightedAverage</FINANCIALREPORTINGCURRENCYTRANSLATIONTYPE>
        <FINANCIALREPORTINGEXCHANGERATETYPE></FINANCIALREPORTINGEXCHANGERATETYPE>
        <FOREIGNCURRENCYREVALUATION>No</FOREIGNCURRENCYREVALUATION>
        <ISSUSPENDED>No</ISSUSPENDED>
        <MAINACCOUNTCATEGORY></MAINACCOUNTCATEGORY>
        <MAINACCOUNTID>2950</MAINACCOUNTID>
        <MAINACCOUNTRECID>5637145336</MAINACCOUNTRECID>
        <MAINACCOUNTTYPE>Liability</MAINACCOUNTTYPE>
        <MONETARY>No</MONETARY>
        <NAME>Bridging</NAME>
        <OFFSETACCOUNTDISPLAYVALUE></OFFSETACCOUNTDISPLAYVALUE>
        <OPENINGACCOUNTID></OPENINGACCOUNTID>
        <POSTINGTYPE>None</POSTINGTYPE>
        <REPORTINGEXCHANGEADJUSTMENTRATETYPE></REPORTINGEXCHANGEADJUSTMENTRATETYPE>
        <USER></USER>
        <VALIDATECURRENCY>Optional</VALIDATECURRENCY>
        <VALIDATEPOSTINGTYPE>Optional</VALIDATEPOSTINGTYPE>
        <VALIDATEUSER>Optional</VALIDATEUSER>
    </MAINACCOUNTENTITY>
    <MAINACCOUNTENTITY>
        <ACCOUNTCATEGORYDESCRIPTION></ACCOUNTCATEGORYDESCRIPTION>
        <ACTIVEFROM>1900-01-01T00:00:00</ACTIVEFROM>
        <ACTIVETO>1900-01-01T00:00:00</ACTIVETO>
        <BALANCECONTROL>None</BALANCECONTROL>
        <CHARTOFACCOUNTS>STANDARD</CHARTOFACCOUNTS>
        <CHARTOFACCOUNTSRECID>5637144576</CHARTOFACCOUNTSRECID>
        <CLOSING>None</CLOSING>
        <DEBITCREDITDEFAULT>None</DEBITCREDITDEFAULT>
        <DEBITCREDITREQUIREMENT>None</DEBITCREDITREQUIREMENT>
        <DEFAULTCONSOLIDATIONACCOUNT></DEFAULTCONSOLIDATIONACCOUNT>
        <DEFAULTCURRENCY></DEFAULTCURRENCY>
        <DONOTALLOWMANUALENTRY></DONOTALLOWMANUALENTRY>
        <EXCHANGEADJUSTMENTRATETYPE></EXCHANGEADJUSTMENTRATETYPE>
        <FINANCIALREPORTINGCURRENCYTRANSLATIONTYPE>WeightedAverage</FINANCIALREPORTINGCURRENCYTRANSLATIONTYPE>
        <FINANCIALREPORTINGEXCHANGERATETYPE></FINANCIALREPORTINGEXCHANGERATETYPE>
        <FOREIGNCURRENCYREVALUATION>No</FOREIGNCURRENCYREVALUATION>
        <ISSUSPENDED></ISSUSPENDED>
        <MAINACCOUNTCATEGORY></MAINACCOUNTCATEGORY>
        <MAINACCOUNTID>3000</MAINACCOUNTID>
        <MAINACCOUNTRECID>5637144582</MAINACCOUNTRECID>
        <MAINACCOUNTTYPE>BalanceSheet</MAINACCOUNTTYPE>
        <MONETARY>No</MONETARY>
        <NAME>Owners Contribution</NAME>
        <OFFSETACCOUNTDISPLAYVALUE></OFFSETACCOUNTDISPLAYVALUE>
        <OPENINGACCOUNTID></OPENINGACCOUNTID>
        <POSTINGTYPE>None</POSTINGTYPE>
        <REPORTINGEXCHANGEADJUSTMENTRATETYPE></REPORTINGEXCHANGEADJUSTMENTRATETYPE>
        <USER></USER>
        <VALIDATECURRENCY>Optional</VALIDATECURRENCY>
        <VALIDATEPOSTINGTYPE>Optional</VALIDATEPOSTINGTYPE>
        <VALIDATEUSER>Optional</VALIDATEUSER>
    </MAINACCOUNTENTITY>
    <MAINACCOUNTENTITY>
        <ACCOUNTCATEGORYDESCRIPTION>Sales</ACCOUNTCATEGORYDESCRIPTION>
        <ACTIVEFROM>1900-01-01T00:00:00</ACTIVEFROM>
        <ACTIVETO>1900-01-01T00:00:00</ACTIVETO>
        <BALANCECONTROL>None</BALANCECONTROL>
        <CHARTOFACCOUNTS>STANDARD</CHARTOFACCOUNTS>
        <CHARTOFACCOUNTSRECID>5637144576</CHARTOFACCOUNTSRECID>
        <CLOSING>None</CLOSING>
        <DEBITCREDITDEFAULT>None</DEBITCREDITDEFAULT>
        <DEBITCREDITREQUIREMENT>None</DEBITCREDITREQUIREMENT>
        <DEFAULTCONSOLIDATIONACCOUNT></DEFAULTCONSOLIDATIONACCOUNT>
        <DEFAULTCURRENCY></DEFAULTCURRENCY>
        <DONOTALLOWMANUALENTRY>No</DONOTALLOWMANUALENTRY>
        <EXCHANGEADJUSTMENTRATETYPE></EXCHANGEADJUSTMENTRATETYPE>
        <FINANCIALREPORTINGCURRENCYTRANSLATIONTYPE>WeightedAverage</FINANCIALREPORTINGCURRENCYTRANSLATIONTYPE>
        <FINANCIALREPORTINGEXCHANGERATETYPE></FINANCIALREPORTINGEXCHANGERATETYPE>
        <FOREIGNCURRENCYREVALUATION>No</FOREIGNCURRENCYREVALUATION>
        <ISSUSPENDED>No</ISSUSPENDED>
        <MAINACCOUNTCATEGORY>SALES</MAINACCOUNTCATEGORY>
        <MAINACCOUNTID>4000</MAINACCOUNTID>
        <MAINACCOUNTRECID>5637144583</MAINACCOUNTRECID>
        <MAINACCOUNTTYPE>ProfitAndLoss</MAINACCOUNTTYPE>
        <MONETARY>No</MONETARY>
        <NAME>Product Revenue</NAME>
        <OFFSETACCOUNTDISPLAYVALUE></OFFSETACCOUNTDISPLAYVALUE>
        <OPENINGACCOUNTID></OPENINGACCOUNTID>
        <POSTINGTYPE>None</POSTINGTYPE>
        <REPORTINGEXCHANGEADJUSTMENTRATETYPE></REPORTINGEXCHANGEADJUSTMENTRATETYPE>
        <USER></USER>
        <VALIDATECURRENCY>Optional</VALIDATECURRENCY>
        <VALIDATEPOSTINGTYPE>Optional</VALIDATEPOSTINGTYPE>
        <VALIDATEUSER>Optional</VALIDATEUSER>
    </MAINACCOUNTENTITY>
    <MAINACCOUNTENTITY>
        <ACCOUNTCATEGORYDESCRIPTION></ACCOUNTCATEGORYDESCRIPTION>
        <ACTIVEFROM>1900-01-01T00:00:00</ACTIVEFROM>
        <ACTIVETO>1900-01-01T00:00:00</ACTIVETO>
        <BALANCECONTROL>None</BALANCECONTROL>
        <CHARTOFACCOUNTS>STANDARD</CHARTOFACCOUNTS>
        <CHARTOFACCOUNTSRECID>5637144576</CHARTOFACCOUNTSRECID>
        <CLOSING>None</CLOSING>
        <DEBITCREDITDEFAULT>Credit</DEBITCREDITDEFAULT>
        <DEBITCREDITREQUIREMENT>None</DEBITCREDITREQUIREMENT>
        <DEFAULTCONSOLIDATIONACCOUNT></DEFAULTCONSOLIDATIONACCOUNT>
        <DEFAULTCURRENCY></DEFAULTCURRENCY>
        <DONOTALLOWMANUALENTRY>No</DONOTALLOWMANUALENTRY>
        <EXCHANGEADJUSTMENTRATETYPE></EXCHANGEADJUSTMENTRATETYPE>
        <FINANCIALREPORTINGCURRENCYTRANSLATIONTYPE>WeightedAverage</FINANCIALREPORTINGCURRENCYTRANSLATIONTYPE>
        <FINANCIALREPORTINGEXCHANGERATETYPE></FINANCIALREPORTINGEXCHANGERATETYPE>
        <FOREIGNCURRENCYREVALUATION>No</FOREIGNCURRENCYREVALUATION>
        <ISSUSPENDED>No</ISSUSPENDED>
        <MAINACCOUNTCATEGORY></MAINACCOUNTCATEGORY>
        <MAINACCOUNTID>4400</MAINACCOUNTID>
        <MAINACCOUNTRECID>5637145330</MAINACCOUNTRECID>
        <MAINACCOUNTTYPE>Revenue</MAINACCOUNTTYPE>
        <MONETARY>No</MONETARY>
        <NAME>Cash Discounts</NAME>
        <OFFSETACCOUNTDISPLAYVALUE></OFFSETACCOUNTDISPLAYVALUE>
        <OPENINGACCOUNTID></OPENINGACCOUNTID>
        <POSTINGTYPE>None</POSTINGTYPE>
        <REPORTINGEXCHANGEADJUSTMENTRATETYPE></REPORTINGEXCHANGEADJUSTMENTRATETYPE>
        <USER></USER>
        <VALIDATECURRENCY>Optional</VALIDATECURRENCY>
        <VALIDATEPOSTINGTYPE>Optional</VALIDATEPOSTINGTYPE>
        <VALIDATEUSER>Optional</VALIDATEUSER>
    </MAINACCOUNTENTITY>
    <MAINACCOUNTENTITY>
        <ACCOUNTCATEGORYDESCRIPTION></ACCOUNTCATEGORYDESCRIPTION>
        <ACTIVEFROM>1900-01-01T00:00:00</ACTIVEFROM>
        <ACTIVETO>1900-01-01T00:00:00</ACTIVETO>
        <BALANCECONTROL>None</BALANCECONTROL>
        <CHARTOFACCOUNTS>STANDARD</CHARTOFACCOUNTS>
        <CHARTOFACCOUNTSRECID>5637144576</CHARTOFACCOUNTSRECID>
        <CLOSING>None</CLOSING>
        <DEBITCREDITDEFAULT>None</DEBITCREDITDEFAULT>
        <DEBITCREDITREQUIREMENT>None</DEBITCREDITREQUIREMENT>
        <DEFAULTCONSOLIDATIONACCOUNT></DEFAULTCONSOLIDATIONACCOUNT>
        <DEFAULTCURRENCY></DEFAULTCURRENCY>
        <DONOTALLOWMANUALENTRY>No</DONOTALLOWMANUALENTRY>
        <EXCHANGEADJUSTMENTRATETYPE></EXCHANGEADJUSTMENTRATETYPE>
        <FINANCIALREPORTINGCURRENCYTRANSLATIONTYPE>WeightedAverage</FINANCIALREPORTINGCURRENCYTRANSLATIONTYPE>
        <FINANCIALREPORTINGEXCHANGERATETYPE></FINANCIALREPORTINGEXCHANGERATETYPE>
        <FOREIGNCURRENCYREVALUATION>No</FOREIGNCURRENCYREVALUATION>
        <ISSUSPENDED>No</ISSUSPENDED>
        <MAINACCOUNTCATEGORY></MAINACCOUNTCATEGORY>
        <MAINACCOUNTID>4450</MAINACCOUNTID>
        <MAINACCOUNTRECID>5637145332</MAINACCOUNTRECID>
        <MAINACCOUNTTYPE>ProfitAndLoss</MAINACCOUNTTYPE>
        <MONETARY>No</MONETARY>
        <NAME>Deduction Expenses</NAME>
        <OFFSETACCOUNTDISPLAYVALUE></OFFSETACCOUNTDISPLAYVALUE>
        <OPENINGACCOUNTID></OPENINGACCOUNTID>
        <POSTINGTYPE>None</POSTINGTYPE>
        <REPORTINGEXCHANGEADJUSTMENTRATETYPE></REPORTINGEXCHANGEADJUSTMENTRATETYPE>
        <USER></USER>
        <VALIDATECURRENCY>Optional</VALIDATECURRENCY>
        <VALIDATEPOSTINGTYPE>Optional</VALIDATEPOSTINGTYPE>
        <VALIDATEUSER>Optional</VALIDATEUSER>
    </MAINACCOUNTENTITY>
    <MAINACCOUNTENTITY>
        <ACCOUNTCATEGORYDESCRIPTION></ACCOUNTCATEGORYDESCRIPTION>
        <ACTIVEFROM>1900-01-01T00:00:00</ACTIVEFROM>
        <ACTIVETO>1900-01-01T00:00:00</ACTIVETO>
        <BALANCECONTROL>None</BALANCECONTROL>
        <CHARTOFACCOUNTS>STANDARD</CHARTOFACCOUNTS>
        <CHARTOFACCOUNTSRECID>5637144576</CHARTOFACCOUNTSRECID>
        <CLOSING>None</CLOSING>
        <DEBITCREDITDEFAULT>Credit</DEBITCREDITDEFAULT>
        <DEBITCREDITREQUIREMENT>None</DEBITCREDITREQUIREMENT>
        <DEFAULTCONSOLIDATIONACCOUNT></DEFAULTCONSOLIDATIONACCOUNT>
        <DEFAULTCURRENCY></DEFAULTCURRENCY>
        <DONOTALLOWMANUALENTRY>No</DONOTALLOWMANUALENTRY>
        <EXCHANGEADJUSTMENTRATETYPE></EXCHANGEADJUSTMENTRATETYPE>
        <FINANCIALREPORTINGCURRENCYTRANSLATIONTYPE>WeightedAverage</FINANCIALREPORTINGCURRENCYTRANSLATIONTYPE>
        <FINANCIALREPORTINGEXCHANGERATETYPE></FINANCIALREPORTINGEXCHANGERATETYPE>
        <FOREIGNCURRENCYREVALUATION>No</FOREIGNCURRENCYREVALUATION>
        <ISSUSPENDED>No</ISSUSPENDED>
        <MAINACCOUNTCATEGORY></MAINACCOUNTCATEGORY>
        <MAINACCOUNTID>4500</MAINACCOUNTID>
        <MAINACCOUNTRECID>5637145331</MAINACCOUNTRECID>
        <MAINACCOUNTTYPE>Revenue</MAINACCOUNTTYPE>
        <MONETARY>No</MONETARY>
        <NAME>Collections Charges</NAME>
        <OFFSETACCOUNTDISPLAYVALUE></OFFSETACCOUNTDISPLAYVALUE>
        <OPENINGACCOUNTID></OPENINGACCOUNTID>
        <POSTINGTYPE>None</POSTINGTYPE>
        <REPORTINGEXCHANGEADJUSTMENTRATETYPE></REPORTINGEXCHANGEADJUSTMENTRATETYPE>
        <USER></USER>
        <VALIDATECURRENCY>Optional</VALIDATECURRENCY>
        <VALIDATEPOSTINGTYPE>Optional</VALIDATEPOSTINGTYPE>
        <VALIDATEUSER>Optional</VALIDATEUSER>
    </MAINACCOUNTENTITY>
    <MAINACCOUNTENTITY>
        <ACCOUNTCATEGORYDESCRIPTION></ACCOUNTCATEGORYDESCRIPTION>
        <ACTIVEFROM>1900-01-01T00:00:00</ACTIVEFROM>
        <ACTIVETO>1900-01-01T00:00:00</ACTIVETO>
        <BALANCECONTROL>None</BALANCECONTROL>
        <CHARTOFACCOUNTS>STANDARD</CHARTOFACCOUNTS>
        <CHARTOFACCOUNTSRECID>5637144576</CHARTOFACCOUNTSRECID>
        <CLOSING>None</CLOSING>
        <DEBITCREDITDEFAULT>None</DEBITCREDITDEFAULT>
        <DEBITCREDITREQUIREMENT>None</DEBITCREDITREQUIREMENT>
        <DEFAULTCONSOLIDATIONACCOUNT></DEFAULTCONSOLIDATIONACCOUNT>
        <DEFAULTCURRENCY></DEFAULTCURRENCY>
        <DONOTALLOWMANUALENTRY>No</DONOTALLOWMANUALENTRY>
        <EXCHANGEADJUSTMENTRATETYPE></EXCHANGEADJUSTMENTRATETYPE>
        <FINANCIALREPORTINGCURRENCYTRANSLATIONTYPE>WeightedAverage</FINANCIALREPORTINGCURRENCYTRANSLATIONTYPE>
        <FINANCIALREPORTINGEXCHANGERATETYPE></FINANCIALREPORTINGEXCHANGERATETYPE>
        <FOREIGNCURRENCYREVALUATION>No</FOREIGNCURRENCYREVALUATION>
        <ISSUSPENDED>No</ISSUSPENDED>
        <MAINACCOUNTCATEGORY></MAINACCOUNTCATEGORY>
        <MAINACCOUNTID>4600</MAINACCOUNTID>
        <MAINACCOUNTRECID>5637145337</MAINACCOUNTRECID>
        <MAINACCOUNTTYPE>ProfitAndLoss</MAINACCOUNTTYPE>
        <MONETARY>No</MONETARY>
        <NAME>Freight, Outbound</NAME>
        <OFFSETACCOUNTDISPLAYVALUE></OFFSETACCOUNTDISPLAYVALUE>
        <OPENINGACCOUNTID></OPENINGACCOUNTID>
        <POSTINGTYPE>None</POSTINGTYPE>
        <REPORTINGEXCHANGEADJUSTMENTRATETYPE></REPORTINGEXCHANGEADJUSTMENTRATETYPE>
        <USER></USER>
        <VALIDATECURRENCY>Optional</VALIDATECURRENCY>
        <VALIDATEPOSTINGTYPE>Optional</VALIDATEPOSTINGTYPE>
        <VALIDATEUSER>Optional</VALIDATEUSER>
    </MAINACCOUNTENTITY>
    <MAINACCOUNTENTITY>
        <ACCOUNTCATEGORYDESCRIPTION></ACCOUNTCATEGORYDESCRIPTION>
        <ACTIVEFROM>1900-01-01T00:00:00</ACTIVEFROM>
        <ACTIVETO>1900-01-01T00:00:00</ACTIVETO>
        <BALANCECONTROL>None</BALANCECONTROL>
        <CHARTOFACCOUNTS>STANDARD</CHARTOFACCOUNTS>
        <CHARTOFACCOUNTSRECID>5637144576</CHARTOFACCOUNTSRECID>
        <CLOSING>None</CLOSING>
        <DEBITCREDITDEFAULT>None</DEBITCREDITDEFAULT>
        <DEBITCREDITREQUIREMENT>None</DEBITCREDITREQUIREMENT>
        <DEFAULTCONSOLIDATIONACCOUNT></DEFAULTCONSOLIDATIONACCOUNT>
        <DEFAULTCURRENCY></DEFAULTCURRENCY>
        <DONOTALLOWMANUALENTRY>No</DONOTALLOWMANUALENTRY>
        <EXCHANGEADJUSTMENTRATETYPE></EXCHANGEADJUSTMENTRATETYPE>
        <FINANCIALREPORTINGCURRENCYTRANSLATIONTYPE>WeightedAverage</FINANCIALREPORTINGCURRENCYTRANSLATIONTYPE>
        <FINANCIALREPORTINGEXCHANGERATETYPE></FINANCIALREPORTINGEXCHANGERATETYPE>
        <FOREIGNCURRENCYREVALUATION>No</FOREIGNCURRENCYREVALUATION>
        <ISSUSPENDED>No</ISSUSPENDED>
        <MAINACCOUNTCATEGORY></MAINACCOUNTCATEGORY>
        <MAINACCOUNTID>4900</MAINACCOUNTID>
        <MAINACCOUNTRECID>5637145333</MAINACCOUNTRECID>
        <MAINACCOUNTTYPE>ProfitAndLoss</MAINACCOUNTTYPE>
        <MONETARY>No</MONETARY>
        <NAME>Miscellaneous Charges</NAME>
        <OFFSETACCOUNTDISPLAYVALUE></OFFSETACCOUNTDISPLAYVALUE>
        <OPENINGACCOUNTID></OPENINGACCOUNTID>
        <POSTINGTYPE>None</POSTINGTYPE>
        <REPORTINGEXCHANGEADJUSTMENTRATETYPE></REPORTINGEXCHANGEADJUSTMENTRATETYPE>
        <USER></USER>
        <VALIDATECURRENCY>Optional</VALIDATECURRENCY>
        <VALIDATEPOSTINGTYPE>Optional</VALIDATEPOSTINGTYPE>
        <VALIDATEUSER>Optional</VALIDATEUSER>
    </MAINACCOUNTENTITY>
    <MAINACCOUNTENTITY>
        <ACCOUNTCATEGORYDESCRIPTION>Cost of goods sold</ACCOUNTCATEGORYDESCRIPTION>
        <ACTIVEFROM>1900-01-01T00:00:00</ACTIVEFROM>
        <ACTIVETO>1900-01-01T00:00:00</ACTIVETO>
        <BALANCECONTROL>None</BALANCECONTROL>
        <CHARTOFACCOUNTS>STANDARD</CHARTOFACCOUNTS>
        <CHARTOFACCOUNTSRECID>5637144576</CHARTOFACCOUNTSRECID>
        <CLOSING>None</CLOSING>
        <DEBITCREDITDEFAULT>None</DEBITCREDITDEFAULT>
        <DEBITCREDITREQUIREMENT>None</DEBITCREDITREQUIREMENT>
        <DEFAULTCONSOLIDATIONACCOUNT></DEFAULTCONSOLIDATIONACCOUNT>
        <DEFAULTCURRENCY></DEFAULTCURRENCY>
        <DONOTALLOWMANUALENTRY>No</DONOTALLOWMANUALENTRY>
        <EXCHANGEADJUSTMENTRATETYPE></EXCHANGEADJUSTMENTRATETYPE>
        <FINANCIALREPORTINGCURRENCYTRANSLATIONTYPE>WeightedAverage</FINANCIALREPORTINGCURRENCYTRANSLATIONTYPE>
        <FINANCIALREPORTINGEXCHANGERATETYPE></FINANCIALREPORTINGEXCHANGERATETYPE>
        <FOREIGNCURRENCYREVALUATION>No</FOREIGNCURRENCYREVALUATION>
        <ISSUSPENDED>No</ISSUSPENDED>
        <MAINACCOUNTCATEGORY>COGS</MAINACCOUNTCATEGORY>
        <MAINACCOUNTID>5000</MAINACCOUNTID>
        <MAINACCOUNTRECID>5637144584</MAINACCOUNTRECID>
        <MAINACCOUNTTYPE>ProfitAndLoss</MAINACCOUNTTYPE>
        <MONETARY>No</MONETARY>
        <NAME>Cost of Goods Sold</NAME>
        <OFFSETACCOUNTDISPLAYVALUE></OFFSETACCOUNTDISPLAYVALUE>
        <OPENINGACCOUNTID></OPENINGACCOUNTID>
        <POSTINGTYPE>None</POSTINGTYPE>
        <REPORTINGEXCHANGEADJUSTMENTRATETYPE></REPORTINGEXCHANGEADJUSTMENTRATETYPE>
        <USER></USER>
        <VALIDATECURRENCY>Optional</VALIDATECURRENCY>
        <VALIDATEPOSTINGTYPE>Optional</VALIDATEPOSTINGTYPE>
        <VALIDATEUSER>Optional</VALIDATEUSER>
    </MAINACCOUNTENTITY>
    <MAINACCOUNTENTITY>
        <ACCOUNTCATEGORYDESCRIPTION>Other expenses</ACCOUNTCATEGORYDESCRIPTION>
        <ACTIVEFROM>1900-01-01T00:00:00</ACTIVEFROM>
        <ACTIVETO>1900-01-01T00:00:00</ACTIVETO>
        <BALANCECONTROL>None</BALANCECONTROL>
        <CHARTOFACCOUNTS>STANDARD</CHARTOFACCOUNTS>
        <CHARTOFACCOUNTSRECID>5637144576</CHARTOFACCOUNTSRECID>
        <CLOSING>None</CLOSING>
        <DEBITCREDITDEFAULT>None</DEBITCREDITDEFAULT>
        <DEBITCREDITREQUIREMENT>None</DEBITCREDITREQUIREMENT>
        <DEFAULTCONSOLIDATIONACCOUNT></DEFAULTCONSOLIDATIONACCOUNT>
        <DEFAULTCURRENCY></DEFAULTCURRENCY>
        <DONOTALLOWMANUALENTRY>No</DONOTALLOWMANUALENTRY>
        <EXCHANGEADJUSTMENTRATETYPE></EXCHANGEADJUSTMENTRATETYPE>
        <FINANCIALREPORTINGCURRENCYTRANSLATIONTYPE>WeightedAverage</FINANCIALREPORTINGCURRENCYTRANSLATIONTYPE>
        <FINANCIALREPORTINGEXCHANGERATETYPE></FINANCIALREPORTINGEXCHANGERATETYPE>
        <FOREIGNCURRENCYREVALUATION>No</FOREIGNCURRENCYREVALUATION>
        <ISSUSPENDED>No</ISSUSPENDED>
        <MAINACCOUNTCATEGORY>OTHEREXP</MAINACCOUNTCATEGORY>
        <MAINACCOUNTID>6040</MAINACCOUNTID>
        <MAINACCOUNTRECID>5637144585</MAINACCOUNTRECID>
        <MAINACCOUNTTYPE>ProfitAndLoss</MAINACCOUNTTYPE>
        <MONETARY>No</MONETARY>
        <NAME>Bank Service Charges</NAME>
        <OFFSETACCOUNTDISPLAYVALUE></OFFSETACCOUNTDISPLAYVALUE>
        <OPENINGACCOUNTID></OPENINGACCOUNTID>
        <POSTINGTYPE>None</POSTINGTYPE>
        <REPORTINGEXCHANGEADJUSTMENTRATETYPE></REPORTINGEXCHANGEADJUSTMENTRATETYPE>
        <USER></USER>
        <VALIDATECURRENCY>Optional</VALIDATECURRENCY>
        <VALIDATEPOSTINGTYPE>Optional</VALIDATEPOSTINGTYPE>
        <VALIDATEUSER>Optional</VALIDATEUSER>
    </MAINACCOUNTENTITY>
    <MAINACCOUNTENTITY>
        <ACCOUNTCATEGORYDESCRIPTION>Other expenses</ACCOUNTCATEGORYDESCRIPTION>
        <ACTIVEFROM>1900-01-01T00:00:00</ACTIVEFROM>
        <ACTIVETO>1900-01-01T00:00:00</ACTIVETO>
        <BALANCECONTROL>None</BALANCECONTROL>
        <CHARTOFACCOUNTS>STANDARD</CHARTOFACCOUNTS>
        <CHARTOFACCOUNTSRECID>5637144576</CHARTOFACCOUNTSRECID>
        <CLOSING>None</CLOSING>
        <DEBITCREDITDEFAULT>None</DEBITCREDITDEFAULT>
        <DEBITCREDITREQUIREMENT>None</DEBITCREDITREQUIREMENT>
        <DEFAULTCONSOLIDATIONACCOUNT></DEFAULTCONSOLIDATIONACCOUNT>
        <DEFAULTCURRENCY></DEFAULTCURRENCY>
        <DONOTALLOWMANUALENTRY></DONOTALLOWMANUALENTRY>
        <EXCHANGEADJUSTMENTRATETYPE></EXCHANGEADJUSTMENTRATETYPE>
        <FINANCIALREPORTINGCURRENCYTRANSLATIONTYPE>WeightedAverage</FINANCIALREPORTINGCURRENCYTRANSLATIONTYPE>
        <FINANCIALREPORTINGEXCHANGERATETYPE></FINANCIALREPORTINGEXCHANGERATETYPE>
        <FOREIGNCURRENCYREVALUATION>No</FOREIGNCURRENCYREVALUATION>
        <ISSUSPENDED></ISSUSPENDED>
        <MAINACCOUNTCATEGORY>OTHEREXP</MAINACCOUNTCATEGORY>
        <MAINACCOUNTID>6280</MAINACCOUNTID>
        <MAINACCOUNTRECID>5637144586</MAINACCOUNTRECID>
        <MAINACCOUNTTYPE>ProfitAndLoss</MAINACCOUNTTYPE>
        <MONETARY>No</MONETARY>
        <NAME>General Expenses</NAME>
        <OFFSETACCOUNTDISPLAYVALUE></OFFSETACCOUNTDISPLAYVALUE>
        <OPENINGACCOUNTID></OPENINGACCOUNTID>
        <POSTINGTYPE>None</POSTINGTYPE>
        <REPORTINGEXCHANGEADJUSTMENTRATETYPE></REPORTINGEXCHANGEADJUSTMENTRATETYPE>
        <USER></USER>
        <VALIDATECURRENCY>Optional</VALIDATECURRENCY>
        <VALIDATEPOSTINGTYPE>Optional</VALIDATEPOSTINGTYPE>
        <VALIDATEUSER>Optional</VALIDATEUSER>
    </MAINACCOUNTENTITY>
    <MAINACCOUNTENTITY>
        <ACCOUNTCATEGORYDESCRIPTION>Other expenses</ACCOUNTCATEGORYDESCRIPTION>
        <ACTIVEFROM>1900-01-01T00:00:00</ACTIVEFROM>
        <ACTIVETO>1900-01-01T00:00:00</ACTIVETO>
        <BALANCECONTROL>None</BALANCECONTROL>
        <CHARTOFACCOUNTS>STANDARD</CHARTOFACCOUNTS>
        <CHARTOFACCOUNTSRECID>5637144576</CHARTOFACCOUNTSRECID>
        <CLOSING>None</CLOSING>
        <DEBITCREDITDEFAULT>None</DEBITCREDITDEFAULT>
        <DEBITCREDITREQUIREMENT>None</DEBITCREDITREQUIREMENT>
        <DEFAULTCONSOLIDATIONACCOUNT></DEFAULTCONSOLIDATIONACCOUNT>
        <DEFAULTCURRENCY></DEFAULTCURRENCY>
        <DONOTALLOWMANUALENTRY></DONOTALLOWMANUALENTRY>
        <EXCHANGEADJUSTMENTRATETYPE></EXCHANGEADJUSTMENTRATETYPE>
        <FINANCIALREPORTINGCURRENCYTRANSLATIONTYPE>WeightedAverage</FINANCIALREPORTINGCURRENCYTRANSLATIONTYPE>
        <FINANCIALREPORTINGEXCHANGERATETYPE></FINANCIALREPORTINGEXCHANGERATETYPE>
        <FOREIGNCURRENCYREVALUATION>No</FOREIGNCURRENCYREVALUATION>
        <ISSUSPENDED></ISSUSPENDED>
        <MAINACCOUNTCATEGORY>OTHEREXP</MAINACCOUNTCATEGORY>
        <MAINACCOUNTID>6440</MAINACCOUNTID>
        <MAINACCOUNTRECID>5637144587</MAINACCOUNTRECID>
        <MAINACCOUNTTYPE>ProfitAndLoss</MAINACCOUNTTYPE>
        <MONETARY>No</MONETARY>
        <NAME>Utilities</NAME>
        <OFFSETACCOUNTDISPLAYVALUE></OFFSETACCOUNTDISPLAYVALUE>
        <OPENINGACCOUNTID></OPENINGACCOUNTID>
        <POSTINGTYPE>None</POSTINGTYPE>
        <REPORTINGEXCHANGEADJUSTMENTRATETYPE></REPORTINGEXCHANGEADJUSTMENTRATETYPE>
        <USER></USER>
        <VALIDATECURRENCY>Optional</VALIDATECURRENCY>
        <VALIDATEPOSTINGTYPE>Optional</VALIDATEPOSTINGTYPE>
        <VALIDATEUSER>Optional</VALIDATEUSER>
    </MAINACCOUNTENTITY>
    <MAINACCOUNTENTITY>
        <ACCOUNTCATEGORYDESCRIPTION>Other expenses</ACCOUNTCATEGORYDESCRIPTION>
        <ACTIVEFROM>1900-01-01T00:00:00</ACTIVEFROM>
        <ACTIVETO>1900-01-01T00:00:00</ACTIVETO>
        <BALANCECONTROL>None</BALANCECONTROL>
        <CHARTOFACCOUNTS>STANDARD</CHARTOFACCOUNTS>
        <CHARTOFACCOUNTSRECID>5637144576</CHARTOFACCOUNTSRECID>
        <CLOSING>None</CLOSING>
        <DEBITCREDITDEFAULT>None</DEBITCREDITDEFAULT>
        <DEBITCREDITREQUIREMENT>None</DEBITCREDITREQUIREMENT>
        <DEFAULTCONSOLIDATIONACCOUNT></DEFAULTCONSOLIDATIONACCOUNT>
        <DEFAULTCURRENCY></DEFAULTCURRENCY>
        <DONOTALLOWMANUALENTRY></DONOTALLOWMANUALENTRY>
        <EXCHANGEADJUSTMENTRATETYPE></EXCHANGEADJUSTMENTRATETYPE>
        <FINANCIALREPORTINGCURRENCYTRANSLATIONTYPE>WeightedAverage</FINANCIALREPORTINGCURRENCYTRANSLATIONTYPE>
        <FINANCIALREPORTINGEXCHANGERATETYPE></FINANCIALREPORTINGEXCHANGERATETYPE>
        <FOREIGNCURRENCYREVALUATION>No</FOREIGNCURRENCYREVALUATION>
        <ISSUSPENDED></ISSUSPENDED>
        <MAINACCOUNTCATEGORY>OTHEREXP</MAINACCOUNTCATEGORY>
        <MAINACCOUNTID>6520</MAINACCOUNTID>
        <MAINACCOUNTRECID>5637144588</MAINACCOUNTRECID>
        <MAINACCOUNTTYPE>ProfitAndLoss</MAINACCOUNTTYPE>
        <MONETARY>No</MONETARY>
        <NAME>Office Expenses</NAME>
        <OFFSETACCOUNTDISPLAYVALUE></OFFSETACCOUNTDISPLAYVALUE>
        <OPENINGACCOUNTID></OPENINGACCOUNTID>
        <POSTINGTYPE>None</POSTINGTYPE>
        <REPORTINGEXCHANGEADJUSTMENTRATETYPE></REPORTINGEXCHANGEADJUSTMENTRATETYPE>
        <USER></USER>
        <VALIDATECURRENCY>Optional</VALIDATECURRENCY>
        <VALIDATEPOSTINGTYPE>Optional</VALIDATEPOSTINGTYPE>
        <VALIDATEUSER>Optional</VALIDATEUSER>
    </MAINACCOUNTENTITY>
    <MAINACCOUNTENTITY>
        <ACCOUNTCATEGORYDESCRIPTION></ACCOUNTCATEGORYDESCRIPTION>
        <ACTIVEFROM>1900-01-01T00:00:00</ACTIVEFROM>
        <ACTIVETO>1900-01-01T00:00:00</ACTIVETO>
        <BALANCECONTROL>None</BALANCECONTROL>
        <CHARTOFACCOUNTS>STANDARD</CHARTOFACCOUNTS>
        <CHARTOFACCOUNTSRECID>5637144576</CHARTOFACCOUNTSRECID>
        <CLOSING>None</CLOSING>
        <DEBITCREDITDEFAULT>None</DEBITCREDITDEFAULT>
        <DEBITCREDITREQUIREMENT>None</DEBITCREDITREQUIREMENT>
        <DEFAULTCONSOLIDATIONACCOUNT></DEFAULTCONSOLIDATIONACCOUNT>
        <DEFAULTCURRENCY></DEFAULTCURRENCY>
        <DONOTALLOWMANUALENTRY>No</DONOTALLOWMANUALENTRY>
        <EXCHANGEADJUSTMENTRATETYPE></EXCHANGEADJUSTMENTRATETYPE>
        <FINANCIALREPORTINGCURRENCYTRANSLATIONTYPE>WeightedAverage</FINANCIALREPORTINGCURRENCYTRANSLATIONTYPE>
        <FINANCIALREPORTINGEXCHANGERATETYPE></FINANCIALREPORTINGEXCHANGERATETYPE>
        <FOREIGNCURRENCYREVALUATION>No</FOREIGNCURRENCYREVALUATION>
        <ISSUSPENDED>No</ISSUSPENDED>
        <MAINACCOUNTCATEGORY></MAINACCOUNTCATEGORY>
        <MAINACCOUNTID>6640</MAINACCOUNTID>
        <MAINACCOUNTRECID>5637146076</MAINACCOUNTRECID>
        <MAINACCOUNTTYPE>ProfitAndLoss</MAINACCOUNTTYPE>
        <MONETARY>No</MONETARY>
        <NAME>Repairs and Maintenance</NAME>
        <OFFSETACCOUNTDISPLAYVALUE></OFFSETACCOUNTDISPLAYVALUE>
        <OPENINGACCOUNTID></OPENINGACCOUNTID>
        <POSTINGTYPE>None</POSTINGTYPE>
        <REPORTINGEXCHANGEADJUSTMENTRATETYPE></REPORTINGEXCHANGEADJUSTMENTRATETYPE>
        <USER></USER>
        <VALIDATECURRENCY>Optional</VALIDATECURRENCY>
        <VALIDATEPOSTINGTYPE>Optional</VALIDATEPOSTINGTYPE>
        <VALIDATEUSER>Optional</VALIDATEUSER>
    </MAINACCOUNTENTITY>
    <MAINACCOUNTENTITY>
        <ACCOUNTCATEGORYDESCRIPTION>Other expenses</ACCOUNTCATEGORYDESCRIPTION>
        <ACTIVEFROM>1900-01-01T00:00:00</ACTIVEFROM>
        <ACTIVETO>1900-01-01T00:00:00</ACTIVETO>
        <BALANCECONTROL>None</BALANCECONTROL>
        <CHARTOFACCOUNTS>STANDARD</CHARTOFACCOUNTS>
        <CHARTOFACCOUNTSRECID>5637144576</CHARTOFACCOUNTSRECID>
        <CLOSING>None</CLOSING>
        <DEBITCREDITDEFAULT>None</DEBITCREDITDEFAULT>
        <DEBITCREDITREQUIREMENT>None</DEBITCREDITREQUIREMENT>
        <DEFAULTCONSOLIDATIONACCOUNT></DEFAULTCONSOLIDATIONACCOUNT>
        <DEFAULTCURRENCY></DEFAULTCURRENCY>
        <DONOTALLOWMANUALENTRY></DONOTALLOWMANUALENTRY>
        <EXCHANGEADJUSTMENTRATETYPE></EXCHANGEADJUSTMENTRATETYPE>
        <FINANCIALREPORTINGCURRENCYTRANSLATIONTYPE>WeightedAverage</FINANCIALREPORTINGCURRENCYTRANSLATIONTYPE>
        <FINANCIALREPORTINGEXCHANGERATETYPE></FINANCIALREPORTINGEXCHANGERATETYPE>
        <FOREIGNCURRENCYREVALUATION>No</FOREIGNCURRENCYREVALUATION>
        <ISSUSPENDED></ISSUSPENDED>
        <MAINACCOUNTCATEGORY>OTHEREXP</MAINACCOUNTCATEGORY>
        <MAINACCOUNTID>6760</MAINACCOUNTID>
        <MAINACCOUNTRECID>5637144589</MAINACCOUNTRECID>
        <MAINACCOUNTTYPE>ProfitAndLoss</MAINACCOUNTTYPE>
        <MONETARY>No</MONETARY>
        <NAME><![CDATA[Dues & Subscriptions]]></NAME>
        <OFFSETACCOUNTDISPLAYVALUE></OFFSETACCOUNTDISPLAYVALUE>
        <OPENINGACCOUNTID></OPENINGACCOUNTID>
        <POSTINGTYPE>None</POSTINGTYPE>
        <REPORTINGEXCHANGEADJUSTMENTRATETYPE></REPORTINGEXCHANGEADJUSTMENTRATETYPE>
        <USER></USER>
        <VALIDATECURRENCY>Optional</VALIDATECURRENCY>
        <VALIDATEPOSTINGTYPE>Optional</VALIDATEPOSTINGTYPE>
        <VALIDATEUSER>Optional</VALIDATEUSER>
    </MAINACCOUNTENTITY>
    <MAINACCOUNTENTITY>
        <ACCOUNTCATEGORYDESCRIPTION>Depreciation expense</ACCOUNTCATEGORYDESCRIPTION>
        <ACTIVEFROM>1900-01-01T00:00:00</ACTIVEFROM>
        <ACTIVETO>1900-01-01T00:00:00</ACTIVETO>
        <BALANCECONTROL>None</BALANCECONTROL>
        <CHARTOFACCOUNTS>STANDARD</CHARTOFACCOUNTS>
        <CHARTOFACCOUNTSRECID>5637144576</CHARTOFACCOUNTSRECID>
        <CLOSING>None</CLOSING>
        <DEBITCREDITDEFAULT>None</DEBITCREDITDEFAULT>
        <DEBITCREDITREQUIREMENT>None</DEBITCREDITREQUIREMENT>
        <DEFAULTCONSOLIDATIONACCOUNT></DEFAULTCONSOLIDATIONACCOUNT>
        <DEFAULTCURRENCY></DEFAULTCURRENCY>
        <DONOTALLOWMANUALENTRY></DONOTALLOWMANUALENTRY>
        <EXCHANGEADJUSTMENTRATETYPE></EXCHANGEADJUSTMENTRATETYPE>
        <FINANCIALREPORTINGCURRENCYTRANSLATIONTYPE>WeightedAverage</FINANCIALREPORTINGCURRENCYTRANSLATIONTYPE>
        <FINANCIALREPORTINGEXCHANGERATETYPE></FINANCIALREPORTINGEXCHANGERATETYPE>
        <FOREIGNCURRENCYREVALUATION>No</FOREIGNCURRENCYREVALUATION>
        <ISSUSPENDED></ISSUSPENDED>
        <MAINACCOUNTCATEGORY>DEPREXP</MAINACCOUNTCATEGORY>
        <MAINACCOUNTID>7000</MAINACCOUNTID>
        <MAINACCOUNTRECID>5637144590</MAINACCOUNTRECID>
        <MAINACCOUNTTYPE>ProfitAndLoss</MAINACCOUNTTYPE>
        <MONETARY>No</MONETARY>
        <NAME>Depreciation</NAME>
        <OFFSETACCOUNTDISPLAYVALUE></OFFSETACCOUNTDISPLAYVALUE>
        <OPENINGACCOUNTID></OPENINGACCOUNTID>
        <POSTINGTYPE>None</POSTINGTYPE>
        <REPORTINGEXCHANGEADJUSTMENTRATETYPE></REPORTINGEXCHANGEADJUSTMENTRATETYPE>
        <USER></USER>
        <VALIDATECURRENCY>Optional</VALIDATECURRENCY>
        <VALIDATEPOSTINGTYPE>Optional</VALIDATEPOSTINGTYPE>
        <VALIDATEUSER>Optional</VALIDATEUSER>
    </MAINACCOUNTENTITY>
    <MAINACCOUNTENTITY>
        <ACCOUNTCATEGORYDESCRIPTION>Interest expense</ACCOUNTCATEGORYDESCRIPTION>
        <ACTIVEFROM>1900-01-01T00:00:00</ACTIVEFROM>
        <ACTIVETO>1900-01-01T00:00:00</ACTIVETO>
        <BALANCECONTROL>None</BALANCECONTROL>
        <CHARTOFACCOUNTS>STANDARD</CHARTOFACCOUNTS>
        <CHARTOFACCOUNTSRECID>5637144576</CHARTOFACCOUNTSRECID>
        <CLOSING>None</CLOSING>
        <DEBITCREDITDEFAULT>None</DEBITCREDITDEFAULT>
        <DEBITCREDITREQUIREMENT>None</DEBITCREDITREQUIREMENT>
        <DEFAULTCONSOLIDATIONACCOUNT></DEFAULTCONSOLIDATIONACCOUNT>
        <DEFAULTCURRENCY></DEFAULTCURRENCY>
        <DONOTALLOWMANUALENTRY>No</DONOTALLOWMANUALENTRY>
        <EXCHANGEADJUSTMENTRATETYPE></EXCHANGEADJUSTMENTRATETYPE>
        <FINANCIALREPORTINGCURRENCYTRANSLATIONTYPE>WeightedAverage</FINANCIALREPORTINGCURRENCYTRANSLATIONTYPE>
        <FINANCIALREPORTINGEXCHANGERATETYPE></FINANCIALREPORTINGEXCHANGERATETYPE>
        <FOREIGNCURRENCYREVALUATION>No</FOREIGNCURRENCYREVALUATION>
        <ISSUSPENDED>No</ISSUSPENDED>
        <MAINACCOUNTCATEGORY>INTEXP</MAINACCOUNTCATEGORY>
        <MAINACCOUNTID>8000</MAINACCOUNTID>
        <MAINACCOUNTRECID>5637144591</MAINACCOUNTRECID>
        <MAINACCOUNTTYPE>ProfitAndLoss</MAINACCOUNTTYPE>
        <MONETARY>No</MONETARY>
        <NAME>Interest Expense</NAME>
        <OFFSETACCOUNTDISPLAYVALUE></OFFSETACCOUNTDISPLAYVALUE>
        <OPENINGACCOUNTID></OPENINGACCOUNTID>
        <POSTINGTYPE>None</POSTINGTYPE>
        <REPORTINGEXCHANGEADJUSTMENTRATETYPE></REPORTINGEXCHANGEADJUSTMENTRATETYPE>
        <USER></USER>
        <VALIDATECURRENCY>Optional</VALIDATECURRENCY>
        <VALIDATEPOSTINGTYPE>Optional</VALIDATEPOSTINGTYPE>
        <VALIDATEUSER>Optional</VALIDATEUSER>
    </MAINACCOUNTENTITY>
    <MAINACCOUNTENTITY>
        <ACCOUNTCATEGORYDESCRIPTION></ACCOUNTCATEGORYDESCRIPTION>
        <ACTIVEFROM>1900-01-01T00:00:00</ACTIVEFROM>
        <ACTIVETO>1900-01-01T00:00:00</ACTIVETO>
        <BALANCECONTROL>None</BALANCECONTROL>
        <CHARTOFACCOUNTS>STANDARD</CHARTOFACCOUNTS>
        <CHARTOFACCOUNTSRECID>5637144576</CHARTOFACCOUNTSRECID>
        <CLOSING>None</CLOSING>
        <DEBITCREDITDEFAULT>None</DEBITCREDITDEFAULT>
        <DEBITCREDITREQUIREMENT>None</DEBITCREDITREQUIREMENT>
        <DEFAULTCONSOLIDATIONACCOUNT></DEFAULTCONSOLIDATIONACCOUNT>
        <DEFAULTCURRENCY></DEFAULTCURRENCY>
        <DONOTALLOWMANUALENTRY>No</DONOTALLOWMANUALENTRY>
        <EXCHANGEADJUSTMENTRATETYPE></EXCHANGEADJUSTMENTRATETYPE>
        <FINANCIALREPORTINGCURRENCYTRANSLATIONTYPE>WeightedAverage</FINANCIALREPORTINGCURRENCYTRANSLATIONTYPE>
        <FINANCIALREPORTINGEXCHANGERATETYPE></FINANCIALREPORTINGEXCHANGERATETYPE>
        <FOREIGNCURRENCYREVALUATION>No</FOREIGNCURRENCYREVALUATION>
        <ISSUSPENDED>No</ISSUSPENDED>
        <MAINACCOUNTCATEGORY></MAINACCOUNTCATEGORY>
        <MAINACCOUNTID>8150</MAINACCOUNTID>
        <MAINACCOUNTRECID>5637144592</MAINACCOUNTRECID>
        <MAINACCOUNTTYPE>ProfitAndLoss</MAINACCOUNTTYPE>
        <MONETARY>No</MONETARY>
        <NAME>Unrealized Currency Gains</NAME>
        <OFFSETACCOUNTDISPLAYVALUE></OFFSETACCOUNTDISPLAYVALUE>
        <OPENINGACCOUNTID></OPENINGACCOUNTID>
        <POSTINGTYPE>None</POSTINGTYPE>
        <REPORTINGEXCHANGEADJUSTMENTRATETYPE></REPORTINGEXCHANGEADJUSTMENTRATETYPE>
        <USER></USER>
        <VALIDATECURRENCY>Optional</VALIDATECURRENCY>
        <VALIDATEPOSTINGTYPE>Optional</VALIDATEPOSTINGTYPE>
        <VALIDATEUSER>Optional</VALIDATEUSER>
    </MAINACCOUNTENTITY>
    <MAINACCOUNTENTITY>
        <ACCOUNTCATEGORYDESCRIPTION></ACCOUNTCATEGORYDESCRIPTION>
        <ACTIVEFROM>1900-01-01T00:00:00</ACTIVEFROM>
        <ACTIVETO>1900-01-01T00:00:00</ACTIVETO>
        <BALANCECONTROL>None</BALANCECONTROL>
        <CHARTOFACCOUNTS>STANDARD</CHARTOFACCOUNTS>
        <CHARTOFACCOUNTSRECID>5637144576</CHARTOFACCOUNTSRECID>
        <CLOSING>None</CLOSING>
        <DEBITCREDITDEFAULT>None</DEBITCREDITDEFAULT>
        <DEBITCREDITREQUIREMENT>None</DEBITCREDITREQUIREMENT>
        <DEFAULTCONSOLIDATIONACCOUNT></DEFAULTCONSOLIDATIONACCOUNT>
        <DEFAULTCURRENCY></DEFAULTCURRENCY>
        <DONOTALLOWMANUALENTRY>No</DONOTALLOWMANUALENTRY>
        <EXCHANGEADJUSTMENTRATETYPE></EXCHANGEADJUSTMENTRATETYPE>
        <FINANCIALREPORTINGCURRENCYTRANSLATIONTYPE>WeightedAverage</FINANCIALREPORTINGCURRENCYTRANSLATIONTYPE>
        <FINANCIALREPORTINGEXCHANGERATETYPE></FINANCIALREPORTINGEXCHANGERATETYPE>
        <FOREIGNCURRENCYREVALUATION>No</FOREIGNCURRENCYREVALUATION>
        <ISSUSPENDED>No</ISSUSPENDED>
        <MAINACCOUNTCATEGORY></MAINACCOUNTCATEGORY>
        <MAINACCOUNTID>8160</MAINACCOUNTID>
        <MAINACCOUNTRECID>5637145327</MAINACCOUNTRECID>
        <MAINACCOUNTTYPE>ProfitAndLoss</MAINACCOUNTTYPE>
        <MONETARY>No</MONETARY>
        <NAME>Unrealized Currency Losses</NAME>
        <OFFSETACCOUNTDISPLAYVALUE></OFFSETACCOUNTDISPLAYVALUE>
        <OPENINGACCOUNTID></OPENINGACCOUNTID>
        <POSTINGTYPE>None</POSTINGTYPE>
        <REPORTINGEXCHANGEADJUSTMENTRATETYPE></REPORTINGEXCHANGEADJUSTMENTRATETYPE>
        <USER></USER>
        <VALIDATECURRENCY>Optional</VALIDATECURRENCY>
        <VALIDATEPOSTINGTYPE>Optional</VALIDATEPOSTINGTYPE>
        <VALIDATEUSER>Optional</VALIDATEUSER>
    </MAINACCOUNTENTITY>
    <MAINACCOUNTENTITY>
        <ACCOUNTCATEGORYDESCRIPTION></ACCOUNTCATEGORYDESCRIPTION>
        <ACTIVEFROM>1900-01-01T00:00:00</ACTIVEFROM>
        <ACTIVETO>1900-01-01T00:00:00</ACTIVETO>
        <BALANCECONTROL>None</BALANCECONTROL>
        <CHARTOFACCOUNTS>STANDARD</CHARTOFACCOUNTS>
        <CHARTOFACCOUNTSRECID>5637144576</CHARTOFACCOUNTSRECID>
        <CLOSING>None</CLOSING>
        <DEBITCREDITDEFAULT>None</DEBITCREDITDEFAULT>
        <DEBITCREDITREQUIREMENT>None</DEBITCREDITREQUIREMENT>
        <DEFAULTCONSOLIDATIONACCOUNT></DEFAULTCONSOLIDATIONACCOUNT>
        <DEFAULTCURRENCY></DEFAULTCURRENCY>
        <DONOTALLOWMANUALENTRY>No</DONOTALLOWMANUALENTRY>
        <EXCHANGEADJUSTMENTRATETYPE></EXCHANGEADJUSTMENTRATETYPE>
        <FINANCIALREPORTINGCURRENCYTRANSLATIONTYPE>WeightedAverage</FINANCIALREPORTINGCURRENCYTRANSLATIONTYPE>
        <FINANCIALREPORTINGEXCHANGERATETYPE></FINANCIALREPORTINGEXCHANGERATETYPE>
        <FOREIGNCURRENCYREVALUATION>No</FOREIGNCURRENCYREVALUATION>
        <ISSUSPENDED>No</ISSUSPENDED>
        <MAINACCOUNTCATEGORY></MAINACCOUNTCATEGORY>
        <MAINACCOUNTID>8200</MAINACCOUNTID>
        <MAINACCOUNTRECID>5637144593</MAINACCOUNTRECID>
        <MAINACCOUNTTYPE>ProfitAndLoss</MAINACCOUNTTYPE>
        <MONETARY>No</MONETARY>
        <NAME>Realized Currency Gains</NAME>
        <OFFSETACCOUNTDISPLAYVALUE></OFFSETACCOUNTDISPLAYVALUE>
        <OPENINGACCOUNTID></OPENINGACCOUNTID>
        <POSTINGTYPE>None</POSTINGTYPE>
        <REPORTINGEXCHANGEADJUSTMENTRATETYPE></REPORTINGEXCHANGEADJUSTMENTRATETYPE>
        <USER></USER>
        <VALIDATECURRENCY>Optional</VALIDATECURRENCY>
        <VALIDATEPOSTINGTYPE>Optional</VALIDATEPOSTINGTYPE>
        <VALIDATEUSER>Optional</VALIDATEUSER>
    </MAINACCOUNTENTITY>
    <MAINACCOUNTENTITY>
        <ACCOUNTCATEGORYDESCRIPTION></ACCOUNTCATEGORYDESCRIPTION>
        <ACTIVEFROM>1900-01-01T00:00:00</ACTIVEFROM>
        <ACTIVETO>1900-01-01T00:00:00</ACTIVETO>
        <BALANCECONTROL>None</BALANCECONTROL>
        <CHARTOFACCOUNTS>STANDARD</CHARTOFACCOUNTS>
        <CHARTOFACCOUNTSRECID>5637144576</CHARTOFACCOUNTSRECID>
        <CLOSING>None</CLOSING>
        <DEBITCREDITDEFAULT>None</DEBITCREDITDEFAULT>
        <DEBITCREDITREQUIREMENT>None</DEBITCREDITREQUIREMENT>
        <DEFAULTCONSOLIDATIONACCOUNT></DEFAULTCONSOLIDATIONACCOUNT>
        <DEFAULTCURRENCY></DEFAULTCURRENCY>
        <DONOTALLOWMANUALENTRY>No</DONOTALLOWMANUALENTRY>
        <EXCHANGEADJUSTMENTRATETYPE></EXCHANGEADJUSTMENTRATETYPE>
        <FINANCIALREPORTINGCURRENCYTRANSLATIONTYPE>WeightedAverage</FINANCIALREPORTINGCURRENCYTRANSLATIONTYPE>
        <FINANCIALREPORTINGEXCHANGERATETYPE></FINANCIALREPORTINGEXCHANGERATETYPE>
        <FOREIGNCURRENCYREVALUATION>No</FOREIGNCURRENCYREVALUATION>
        <ISSUSPENDED>No</ISSUSPENDED>
        <MAINACCOUNTCATEGORY></MAINACCOUNTCATEGORY>
        <MAINACCOUNTID>8210</MAINACCOUNTID>
        <MAINACCOUNTRECID>5637145326</MAINACCOUNTRECID>
        <MAINACCOUNTTYPE>ProfitAndLoss</MAINACCOUNTTYPE>
        <MONETARY>No</MONETARY>
        <NAME>Realized Currency Losses</NAME>
        <OFFSETACCOUNTDISPLAYVALUE></OFFSETACCOUNTDISPLAYVALUE>
        <OPENINGACCOUNTID></OPENINGACCOUNTID>
        <POSTINGTYPE>None</POSTINGTYPE>
        <REPORTINGEXCHANGEADJUSTMENTRATETYPE></REPORTINGEXCHANGEADJUSTMENTRATETYPE>
        <USER></USER>
        <VALIDATECURRENCY>Optional</VALIDATECURRENCY>
        <VALIDATEPOSTINGTYPE>Optional</VALIDATEPOSTINGTYPE>
        <VALIDATEUSER>Optional</VALIDATEUSER>
    </MAINACCOUNTENTITY>
    <MAINACCOUNTENTITY>
        <ACCOUNTCATEGORYDESCRIPTION>Other expenses</ACCOUNTCATEGORYDESCRIPTION>
        <ACTIVEFROM>1900-01-01T00:00:00</ACTIVEFROM>
        <ACTIVETO>1900-01-01T00:00:00</ACTIVETO>
        <BALANCECONTROL>None</BALANCECONTROL>
        <CHARTOFACCOUNTS>STANDARD</CHARTOFACCOUNTS>
        <CHARTOFACCOUNTSRECID>5637144576</CHARTOFACCOUNTSRECID>
        <CLOSING>None</CLOSING>
        <DEBITCREDITDEFAULT>None</DEBITCREDITDEFAULT>
        <DEBITCREDITREQUIREMENT>None</DEBITCREDITREQUIREMENT>
        <DEFAULTCONSOLIDATIONACCOUNT></DEFAULTCONSOLIDATIONACCOUNT>
        <DEFAULTCURRENCY></DEFAULTCURRENCY>
        <DONOTALLOWMANUALENTRY>No</DONOTALLOWMANUALENTRY>
        <EXCHANGEADJUSTMENTRATETYPE></EXCHANGEADJUSTMENTRATETYPE>
        <FINANCIALREPORTINGCURRENCYTRANSLATIONTYPE>WeightedAverage</FINANCIALREPORTINGCURRENCYTRANSLATIONTYPE>
        <FINANCIALREPORTINGEXCHANGERATETYPE></FINANCIALREPORTINGEXCHANGERATETYPE>
        <FOREIGNCURRENCYREVALUATION>No</FOREIGNCURRENCYREVALUATION>
        <ISSUSPENDED>No</ISSUSPENDED>
        <MAINACCOUNTCATEGORY>OTHEREXP</MAINACCOUNTCATEGORY>
        <MAINACCOUNTID>9999</MAINACCOUNTID>
        <MAINACCOUNTRECID>5637144594</MAINACCOUNTRECID>
        <MAINACCOUNTTYPE>ProfitAndLoss</MAINACCOUNTTYPE>
        <MONETARY>No</MONETARY>
        <NAME>Suspense</NAME>
        <OFFSETACCOUNTDISPLAYVALUE></OFFSETACCOUNTDISPLAYVALUE>
        <OPENINGACCOUNTID></OPENINGACCOUNTID>
        <POSTINGTYPE>None</POSTINGTYPE>
        <REPORTINGEXCHANGEADJUSTMENTRATETYPE></REPORTINGEXCHANGEADJUSTMENTRATETYPE>
        <USER></USER>
        <VALIDATECURRENCY>Optional</VALIDATECURRENCY>
        <VALIDATEPOSTINGTYPE>Optional</VALIDATEPOSTINGTYPE>
        <VALIDATEUSER>Optional</VALIDATEUSER>
    </MAINACCOUNTENTITY>
</Document>