﻿<?xml version="1.0" encoding="utf-8"?><Document><DIRNAMEAFFIXENTITY><AFFIX>Dr.</AFFIX><DESCRIPTION></DESCRIPTION><TYPE>PersonalPrefix</TYPE></DIRNAMEAFFIXENTITY><DIRNAMEAFFIXENTITY><AFFIX>Lady</AFFIX><DESCRIPTION></DESCRIPTION><TYPE>PersonalPrefix</TYPE></DIRNAMEAFFIXENTITY><DIRNAMEAFFIXENTITY><AFFIX>Miss</AFFIX><DESCRIPTION></DESCRIPTION><TYPE>PersonalPrefix</TYPE></DIRNAMEAFFIXENTITY><DIRNAMEAFFIXENTITY><AFFIX>Mr.</AFFIX><DESCRIPTION></DESCRIPTION><TYPE>PersonalPrefix</TYPE></DIRNAMEAFFIXENTITY><DIRNAMEAFFIXENTITY><AFFIX>Mrs.</AFFIX><DESCRIPTION></DESCRIPTION><TYPE>PersonalPrefix</TYPE></DIRNAMEAFFIXENTITY><DIRNAMEAFFIXENTITY><AFFIX>Ms.</AFFIX><DESCRIPTION></DESCRIPTION><TYPE>PersonalPrefix</TYPE></DIRNAMEAFFIXENTITY><DIRNAMEAFFIXENTITY><AFFIX>I</AFFIX><DESCRIPTION></DESCRIPTION><TYPE>PersonalSuffix</TYPE></DIRNAMEAFFIXENTITY><DIRNAMEAFFIXENTITY><AFFIX>II</AFFIX><DESCRIPTION></DESCRIPTION><TYPE>PersonalSuffix</TYPE></DIRNAMEAFFIXENTITY><DIRNAMEAFFIXENTITY><AFFIX>III</AFFIX><DESCRIPTION></DESCRIPTION><TYPE>PersonalSuffix</TYPE></DIRNAMEAFFIXENTITY><DIRNAMEAFFIXENTITY><AFFIX>Jr.</AFFIX><DESCRIPTION></DESCRIPTION><TYPE>PersonalSuffix</TYPE></DIRNAMEAFFIXENTITY><DIRNAMEAFFIXENTITY><AFFIX>Sr.</AFFIX><DESCRIPTION></DESCRIPTION><TYPE>PersonalSuffix</TYPE></DIRNAMEAFFIXENTITY></Document>