﻿<?xml version="1.0" encoding="utf-8"?><Document><OMORGANIZATIONHIERARCHYPUBLISHEDANDDRAFTV2ENTITY><CHILDORGANIZATION>5637145328</CHILDORGANIZATION><CHILDORGANIZATIONNAME>Waterdeep</CHILDORGANIZATIONNAME><CHILDORGANIZATIONPARTYNUMBER>000000102</CHILDORGANIZATIONPARTYNUMBER><HIERARCHY>5637144576</HIERARCHY><HIERARCHYTYPE>Department</HIERARCHYTYPE><ISDRAFT>Yes</ISDRAFT><PARENTORGANIZATION>0</PARENTORGANIZATION><PARENTORGANIZATIONNAME></PARENTORGANIZATIONNAME><PARENTORGANIZATIONPARTYNUMBER></PARENTORGANIZATIONPARTYNUMBER><RELATIONSHIPTYPE>OUParentChild</RELATIONSHIPTYPE><VALIDFROM>1900-01-01T00:00:00</VALIDFROM><VALIDTO>2154-12-31T23:59:59</VALIDTO></OMORGANIZATIONHIERARCHYPUBLISHEDANDDRAFTV2ENTITY></Document>