﻿<?xml version="1.0" encoding="utf-8"?><Document><DIRPARTYCONTACTENTITY><COUNTRYREGIONCODE></COUNTRYREGIONCODE><DESCRIPTION></DESCRIPTION><ISINSTANTMESSAGE>No</ISINSTANTMESSAGE><ISMOBILEPHONE>No</ISMOBILEPHONE><ISPRIMARY>Yes</ISPRIMARY><ISPRIVATE>No</ISPRIVATE><LOCATIONID>000000103</LOCATIONID><LOCATOR>(935) 392-847</LOCATOR><LOCATOREXTENSION></LOCATOREXTENSION><PARTYNUMBER>000000201</PARTYNUMBER><PURPOSE>Business</PURPOSE><RETAILMARKETINGOPTIN>No</RETAILMARKETINGOPTIN><TYPE>Phone</TYPE></DIRPARTYCONTACTENTITY><DIRPARTYCONTACTENTITY><COUNTRYREGIONCODE></COUNTRYREGIONCODE><DESCRIPTION></DESCRIPTION><ISINSTANTMESSAGE>No</ISINSTANTMESSAGE><ISMOBILEPHONE>No</ISMOBILEPHONE><ISPRIMARY>Yes</ISPRIMARY><ISPRIVATE>No</ISPRIVATE><LOCATIONID>000000103</LOCATIONID><LOCATOR>D.Abhuk456@faerunonline.com</LOCATOR><LOCATOREXTENSION></LOCATOREXTENSION><PARTYNUMBER>000000201</PARTYNUMBER><PURPOSE>Business</PURPOSE><RETAILMARKETINGOPTIN>No</RETAILMARKETINGOPTIN><TYPE>Email</TYPE></DIRPARTYCONTACTENTITY><DIRPARTYCONTACTENTITY><COUNTRYREGIONCODE></COUNTRYREGIONCODE><DESCRIPTION>Bakers Hall</DESCRIPTION><ISINSTANTMESSAGE>No</ISINSTANTMESSAGE><ISMOBILEPHONE>No</ISMOBILEPHONE><ISPRIMARY>Yes</ISPRIMARY><ISPRIVATE>No</ISPRIVATE><LOCATIONID>000000106</LOCATIONID><LOCATOR>(935) 121-293</LOCATOR><LOCATOREXTENSION></LOCATOREXTENSION><PARTYNUMBER>000000202</PARTYNUMBER><PURPOSE>Business</PURPOSE><RETAILMARKETINGOPTIN>No</RETAILMARKETINGOPTIN><TYPE>Phone</TYPE></DIRPARTYCONTACTENTITY><DIRPARTYCONTACTENTITY><COUNTRYREGIONCODE></COUNTRYREGIONCODE><DESCRIPTION>Primary Phone</DESCRIPTION><ISINSTANTMESSAGE>No</ISINSTANTMESSAGE><ISMOBILEPHONE>No</ISMOBILEPHONE><ISPRIMARY>Yes</ISPRIMARY><ISPRIVATE>No</ISPRIVATE><LOCATIONID>000000111</LOCATIONID><LOCATOR>(935) 321-456</LOCATOR><LOCATOREXTENSION></LOCATOREXTENSION><PARTYNUMBER>000000203</PARTYNUMBER><PURPOSE>Business</PURPOSE><RETAILMARKETINGOPTIN>No</RETAILMARKETINGOPTIN><TYPE>Phone</TYPE></DIRPARTYCONTACTENTITY><DIRPARTYCONTACTENTITY><COUNTRYREGIONCODE></COUNTRYREGIONCODE><DESCRIPTION>Primary Email</DESCRIPTION><ISINSTANTMESSAGE>No</ISINSTANTMESSAGE><ISMOBILEPHONE>No</ISMOBILEPHONE><ISPRIMARY>Yes</ISPRIMARY><ISPRIVATE>No</ISPRIVATE><LOCATIONID>000000111</LOCATIONID><LOCATOR>silvershield@artisans.fae</LOCATOR><LOCATOREXTENSION></LOCATOREXTENSION><PARTYNUMBER>000000203</PARTYNUMBER><PURPOSE>Business</PURPOSE><RETAILMARKETINGOPTIN>No</RETAILMARKETINGOPTIN><TYPE>Email</TYPE></DIRPARTYCONTACTENTITY><DIRPARTYCONTACTENTITY><COUNTRYREGIONCODE></COUNTRYREGIONCODE><DESCRIPTION>Primary Phone</DESCRIPTION><ISINSTANTMESSAGE>No</ISINSTANTMESSAGE><ISMOBILEPHONE>No</ISMOBILEPHONE><ISPRIMARY>Yes</ISPRIMARY><ISPRIVATE>No</ISPRIVATE><LOCATIONID>000000114</LOCATIONID><LOCATOR>(935) 322-457</LOCATOR><LOCATOREXTENSION></LOCATOREXTENSION><PARTYNUMBER>000000205</PARTYNUMBER><PURPOSE>Business</PURPOSE><RETAILMARKETINGOPTIN>No</RETAILMARKETINGOPTIN><TYPE>Phone</TYPE></DIRPARTYCONTACTENTITY><DIRPARTYCONTACTENTITY><COUNTRYREGIONCODE></COUNTRYREGIONCODE><DESCRIPTION>Primary Email</DESCRIPTION><ISINSTANTMESSAGE>No</ISINSTANTMESSAGE><ISMOBILEPHONE>No</ISMOBILEPHONE><ISPRIMARY>Yes</ISPRIMARY><ISPRIVATE>No</ISPRIVATE><LOCATIONID>000000114</LOCATIONID><LOCATOR>daggerfordmillers@food.fae</LOCATOR><LOCATOREXTENSION></LOCATOREXTENSION><PARTYNUMBER>000000205</PARTYNUMBER><PURPOSE>Business</PURPOSE><RETAILMARKETINGOPTIN>No</RETAILMARKETINGOPTIN><TYPE>Email</TYPE></DIRPARTYCONTACTENTITY><DIRPARTYCONTACTENTITY><COUNTRYREGIONCODE></COUNTRYREGIONCODE><DESCRIPTION>Primary Phone</DESCRIPTION><ISINSTANTMESSAGE>No</ISINSTANTMESSAGE><ISMOBILEPHONE>No</ISMOBILEPHONE><ISPRIMARY>Yes</ISPRIMARY><ISPRIVATE>No</ISPRIVATE><LOCATIONID>000000117</LOCATIONID><LOCATOR>(935) 323-458</LOCATOR><LOCATOREXTENSION></LOCATOREXTENSION><PARTYNUMBER>000000207</PARTYNUMBER><PURPOSE>Business</PURPOSE><RETAILMARKETINGOPTIN>No</RETAILMARKETINGOPTIN><TYPE>Phone</TYPE></DIRPARTYCONTACTENTITY><DIRPARTYCONTACTENTITY><COUNTRYREGIONCODE></COUNTRYREGIONCODE><DESCRIPTION>Primary Email</DESCRIPTION><ISINSTANTMESSAGE>No</ISINSTANTMESSAGE><ISMOBILEPHONE>No</ISMOBILEPHONE><ISPRIMARY>Yes</ISPRIMARY><ISPRIVATE>No</ISPRIVATE><LOCATIONID>000000117</LOCATIONID><LOCATOR>baldursmiths@guilds.fae</LOCATOR><LOCATOREXTENSION></LOCATOREXTENSION><PARTYNUMBER>000000207</PARTYNUMBER><PURPOSE>Business</PURPOSE><RETAILMARKETINGOPTIN>No</RETAILMARKETINGOPTIN><TYPE>Email</TYPE></DIRPARTYCONTACTENTITY><DIRPARTYCONTACTENTITY><COUNTRYREGIONCODE></COUNTRYREGIONCODE><DESCRIPTION>Primary Phone</DESCRIPTION><ISINSTANTMESSAGE>No</ISINSTANTMESSAGE><ISMOBILEPHONE>No</ISMOBILEPHONE><ISPRIMARY>Yes</ISPRIMARY><ISPRIVATE>No</ISPRIVATE><LOCATIONID>000000120</LOCATIONID><LOCATOR>(935) 324-459</LOCATOR><LOCATOREXTENSION></LOCATOREXTENSION><PARTYNUMBER>000000208</PARTYNUMBER><PURPOSE>Business</PURPOSE><RETAILMARKETINGOPTIN>No</RETAILMARKETINGOPTIN><TYPE>Phone</TYPE></DIRPARTYCONTACTENTITY><DIRPARTYCONTACTENTITY><COUNTRYREGIONCODE></COUNTRYREGIONCODE><DESCRIPTION>Primary Email</DESCRIPTION><ISINSTANTMESSAGE>No</ISINSTANTMESSAGE><ISMOBILEPHONE>No</ISMOBILEPHONE><ISPRIMARY>Yes</ISPRIMARY><ISPRIVATE>No</ISPRIVATE><LOCATIONID>000000120</LOCATIONID><LOCATOR>neveralchem@potions.fae</LOCATOR><LOCATOREXTENSION></LOCATOREXTENSION><PARTYNUMBER>000000208</PARTYNUMBER><PURPOSE>Business</PURPOSE><RETAILMARKETINGOPTIN>No</RETAILMARKETINGOPTIN><TYPE>Email</TYPE></DIRPARTYCONTACTENTITY><DIRPARTYCONTACTENTITY><COUNTRYREGIONCODE></COUNTRYREGIONCODE><DESCRIPTION>Primary Phone</DESCRIPTION><ISINSTANTMESSAGE>No</ISINSTANTMESSAGE><ISMOBILEPHONE>No</ISMOBILEPHONE><ISPRIMARY>Yes</ISPRIMARY><ISPRIVATE>No</ISPRIVATE><LOCATIONID>000000123</LOCATIONID><LOCATOR>(935) 325-460</LOCATOR><LOCATOREXTENSION></LOCATOREXTENSION><PARTYNUMBER>000000209</PARTYNUMBER><PURPOSE>Business</PURPOSE><RETAILMARKETINGOPTIN>No</RETAILMARKETINGOPTIN><TYPE>Phone</TYPE></DIRPARTYCONTACTENTITY><DIRPARTYCONTACTENTITY><COUNTRYREGIONCODE></COUNTRYREGIONCODE><DESCRIPTION>Primary Email</DESCRIPTION><ISINSTANTMESSAGE>No</ISINSTANTMESSAGE><ISMOBILEPHONE>No</ISMOBILEPHONE><ISPRIMARY>Yes</ISPRIMARY><ISPRIVATE>No</ISPRIVATE><LOCATIONID>000000123</LOCATIONID><LOCATOR>elventreeherbs@herbal.fae</LOCATOR><LOCATOREXTENSION></LOCATOREXTENSION><PARTYNUMBER>000000209</PARTYNUMBER><PURPOSE>Business</PURPOSE><RETAILMARKETINGOPTIN>No</RETAILMARKETINGOPTIN><TYPE>Email</TYPE></DIRPARTYCONTACTENTITY><DIRPARTYCONTACTENTITY><COUNTRYREGIONCODE></COUNTRYREGIONCODE><DESCRIPTION>Primary Phone</DESCRIPTION><ISINSTANTMESSAGE>No</ISINSTANTMESSAGE><ISMOBILEPHONE>No</ISMOBILEPHONE><ISPRIMARY>Yes</ISPRIMARY><ISPRIVATE>No</ISPRIVATE><LOCATIONID>000000126</LOCATIONID><LOCATOR>(935) 326-461</LOCATOR><LOCATOREXTENSION></LOCATOREXTENSION><PARTYNUMBER>000000210</PARTYNUMBER><PURPOSE>Business</PURPOSE><RETAILMARKETINGOPTIN>No</RETAILMARKETINGOPTIN><TYPE>Phone</TYPE></DIRPARTYCONTACTENTITY><DIRPARTYCONTACTENTITY><COUNTRYREGIONCODE></COUNTRYREGIONCODE><DESCRIPTION>Primary Email</DESCRIPTION><ISINSTANTMESSAGE>No</ISINSTANTMESSAGE><ISMOBILEPHONE>No</ISMOBILEPHONE><ISPRIMARY>Yes</ISPRIMARY><ISPRIVATE>No</ISPRIVATE><LOCATIONID>000000126</LOCATIONID><LOCATOR>sundabarmasonry@construction.fae</LOCATOR><LOCATOREXTENSION></LOCATOREXTENSION><PARTYNUMBER>000000210</PARTYNUMBER><PURPOSE>Business</PURPOSE><RETAILMARKETINGOPTIN>No</RETAILMARKETINGOPTIN><TYPE>Email</TYPE></DIRPARTYCONTACTENTITY><DIRPARTYCONTACTENTITY><COUNTRYREGIONCODE></COUNTRYREGIONCODE><DESCRIPTION>Primary Phone</DESCRIPTION><ISINSTANTMESSAGE>No</ISINSTANTMESSAGE><ISMOBILEPHONE>No</ISMOBILEPHONE><ISPRIMARY>Yes</ISPRIMARY><ISPRIVATE>No</ISPRIVATE><LOCATIONID>000000129</LOCATIONID><LOCATOR>(935) 327-462</LOCATOR><LOCATOREXTENSION></LOCATOREXTENSION><PARTYNUMBER>000000212</PARTYNUMBER><PURPOSE>Business</PURPOSE><RETAILMARKETINGOPTIN>No</RETAILMARKETINGOPTIN><TYPE>Phone</TYPE></DIRPARTYCONTACTENTITY><DIRPARTYCONTACTENTITY><COUNTRYREGIONCODE></COUNTRYREGIONCODE><DESCRIPTION>Primary Email</DESCRIPTION><ISINSTANTMESSAGE>No</ISINSTANTMESSAGE><ISMOBILEPHONE>No</ISMOBILEPHONE><ISPRIMARY>Yes</ISPRIMARY><ISPRIVATE>No</ISPRIVATE><LOCATIONID>000000129</LOCATIONID><LOCATOR>luskanshipwrights@ships.fae</LOCATOR><LOCATOREXTENSION></LOCATOREXTENSION><PARTYNUMBER>000000212</PARTYNUMBER><PURPOSE>Business</PURPOSE><RETAILMARKETINGOPTIN>No</RETAILMARKETINGOPTIN><TYPE>Email</TYPE></DIRPARTYCONTACTENTITY><DIRPARTYCONTACTENTITY><COUNTRYREGIONCODE></COUNTRYREGIONCODE><DESCRIPTION>Primary Phone</DESCRIPTION><ISINSTANTMESSAGE>No</ISINSTANTMESSAGE><ISMOBILEPHONE>No</ISMOBILEPHONE><ISPRIMARY>Yes</ISPRIMARY><ISPRIVATE>No</ISPRIVATE><LOCATIONID>000000132</LOCATIONID><LOCATOR>(935) 328-463</LOCATOR><LOCATOREXTENSION></LOCATOREXTENSION><PARTYNUMBER>000000213</PARTYNUMBER><PURPOSE>Business</PURPOSE><RETAILMARKETINGOPTIN>No</RETAILMARKETINGOPTIN><TYPE>Phone</TYPE></DIRPARTYCONTACTENTITY><DIRPARTYCONTACTENTITY><COUNTRYREGIONCODE></COUNTRYREGIONCODE><DESCRIPTION>Primary Email</DESCRIPTION><ISINSTANTMESSAGE>No</ISINSTANTMESSAGE><ISMOBILEPHONE>No</ISMOBILEPHONE><ISPRIMARY>Yes</ISPRIMARY><ISPRIVATE>No</ISPRIVATE><LOCATIONID>000000132</LOCATIONID><LOCATOR>cormyreantextiles@textiles.fae</LOCATOR><LOCATOREXTENSION></LOCATOREXTENSION><PARTYNUMBER>000000213</PARTYNUMBER><PURPOSE>Business</PURPOSE><RETAILMARKETINGOPTIN>No</RETAILMARKETINGOPTIN><TYPE>Email</TYPE></DIRPARTYCONTACTENTITY><DIRPARTYCONTACTENTITY><COUNTRYREGIONCODE></COUNTRYREGIONCODE><DESCRIPTION>Primary Phone</DESCRIPTION><ISINSTANTMESSAGE>No</ISINSTANTMESSAGE><ISMOBILEPHONE>No</ISMOBILEPHONE><ISPRIMARY>Yes</ISPRIMARY><ISPRIVATE>No</ISPRIVATE><LOCATIONID>000000135</LOCATIONID><LOCATOR>(935) 329-464</LOCATOR><LOCATOREXTENSION></LOCATOREXTENSION><PARTYNUMBER>000000215</PARTYNUMBER><PURPOSE>Business</PURPOSE><RETAILMARKETINGOPTIN>No</RETAILMARKETINGOPTIN><TYPE>Phone</TYPE></DIRPARTYCONTACTENTITY><DIRPARTYCONTACTENTITY><COUNTRYREGIONCODE></COUNTRYREGIONCODE><DESCRIPTION>Primary Email</DESCRIPTION><ISINSTANTMESSAGE>No</ISINSTANTMESSAGE><ISMOBILEPHONE>No</ISMOBILEPHONE><ISPRIMARY>Yes</ISPRIMARY><ISPRIVATE>No</ISPRIVATE><LOCATIONID>000000135</LOCATIONID><LOCATOR>druidgrove@organics.fae</LOCATOR><LOCATOREXTENSION></LOCATOREXTENSION><PARTYNUMBER>000000215</PARTYNUMBER><PURPOSE>Business</PURPOSE><RETAILMARKETINGOPTIN>No</RETAILMARKETINGOPTIN><TYPE>Email</TYPE></DIRPARTYCONTACTENTITY><DIRPARTYCONTACTENTITY><COUNTRYREGIONCODE></COUNTRYREGIONCODE><DESCRIPTION>Primary Phone</DESCRIPTION><ISINSTANTMESSAGE>No</ISINSTANTMESSAGE><ISMOBILEPHONE>No</ISMOBILEPHONE><ISPRIMARY>Yes</ISPRIMARY><ISPRIVATE>No</ISPRIVATE><LOCATIONID>000000138</LOCATIONID><LOCATOR>(935) 330-465</LOCATOR><LOCATOREXTENSION></LOCATOREXTENSION><PARTYNUMBER>000000217</PARTYNUMBER><PURPOSE>Business</PURPOSE><RETAILMARKETINGOPTIN>No</RETAILMARKETINGOPTIN><TYPE>Phone</TYPE></DIRPARTYCONTACTENTITY><DIRPARTYCONTACTENTITY><COUNTRYREGIONCODE></COUNTRYREGIONCODE><DESCRIPTION>Primary Email</DESCRIPTION><ISINSTANTMESSAGE>No</ISINSTANTMESSAGE><ISMOBILEPHONE>No</ISMOBILEPHONE><ISPRIMARY>Yes</ISPRIMARY><ISPRIVATE>No</ISPRIVATE><LOCATIONID>000000138</LOCATIONID><LOCATOR>thayanenchantments@magic.fae</LOCATOR><LOCATOREXTENSION></LOCATOREXTENSION><PARTYNUMBER>000000217</PARTYNUMBER><PURPOSE>Business</PURPOSE><RETAILMARKETINGOPTIN>No</RETAILMARKETINGOPTIN><TYPE>Email</TYPE></DIRPARTYCONTACTENTITY><DIRPARTYCONTACTENTITY><COUNTRYREGIONCODE></COUNTRYREGIONCODE><DESCRIPTION>Primary Phone</DESCRIPTION><ISINSTANTMESSAGE>No</ISINSTANTMESSAGE><ISMOBILEPHONE>No</ISMOBILEPHONE><ISPRIMARY>Yes</ISPRIMARY><ISPRIVATE>No</ISPRIVATE><LOCATIONID>000000212</LOCATIONID><LOCATOR>(935) 325-461</LOCATOR><LOCATOREXTENSION></LOCATOREXTENSION><PARTYNUMBER>000000324</PARTYNUMBER><PURPOSE>Business</PURPOSE><RETAILMARKETINGOPTIN>No</RETAILMARKETINGOPTIN><TYPE>Phone</TYPE></DIRPARTYCONTACTENTITY><DIRPARTYCONTACTENTITY><COUNTRYREGIONCODE></COUNTRYREGIONCODE><DESCRIPTION>Guild Location</DESCRIPTION><ISINSTANTMESSAGE>No</ISINSTANTMESSAGE><ISMOBILEPHONE>No</ISMOBILEPHONE><ISPRIMARY>No</ISPRIMARY><ISPRIVATE>No</ISPRIVATE><LOCATIONID>000000511</LOCATIONID><LOCATOR></LOCATOR><LOCATOREXTENSION></LOCATOREXTENSION><PARTYNUMBER>000000610</PARTYNUMBER><PURPOSE>Business</PURPOSE><RETAILMARKETINGOPTIN>No</RETAILMARKETINGOPTIN><TYPE>Phone</TYPE></DIRPARTYCONTACTENTITY></Document>