﻿<?xml version="1.0" encoding="utf-8"?><Document><DIRPARTYRELATIONSHIPENTITY><CHILDPARTYID>000000204</CHILDPARTYID><LEGALENTITYDATAAREA></LEGALENTITYDATAAREA><PARENTPARTYID>000000203</PARENTPARTYID><RELATIONSHIPTYPE>ContactPerson</RELATIONSHIPTYPE><VALIDFROM>2024-07-21T13:52:44</VALIDFROM><VALIDTO>2154-12-31T23:59:59</VALIDTO></DIRPARTYRELATIONSHIPENTITY><DIRPARTYRELATIONSHIPENTITY><CHILDPARTYID>000000206</CHILDPARTYID><LEGALENTITYDATAAREA></LEGALENTITYDATAAREA><PARENTPARTYID>000000205</PARENTPARTYID><RELATIONSHIPTYPE>ContactPerson</RELATIONSHIPTYPE><VALIDFROM>2024-07-21T14:08:27</VALIDFROM><VALIDTO>2154-12-31T23:59:59</VALIDTO></DIRPARTYRELATIONSHIPENTITY><DIRPARTYRELATIONSHIPENTITY><CHILDPARTYID>000000211</CHILDPARTYID><LEGALENTITYDATAAREA></LEGALENTITYDATAAREA><PARENTPARTYID>000000210</PARENTPARTYID><RELATIONSHIPTYPE>ContactPerson</RELATIONSHIPTYPE><VALIDFROM>2024-07-21T14:15:34</VALIDFROM><VALIDTO>2154-12-31T23:59:59</VALIDTO></DIRPARTYRELATIONSHIPENTITY><DIRPARTYRELATIONSHIPENTITY><CHILDPARTYID>000000214</CHILDPARTYID><LEGALENTITYDATAAREA></LEGALENTITYDATAAREA><PARENTPARTYID>000000213</PARENTPARTYID><RELATIONSHIPTYPE>ContactPerson</RELATIONSHIPTYPE><VALIDFROM>2024-07-21T14:20:40</VALIDFROM><VALIDTO>2154-12-31T23:59:59</VALIDTO></DIRPARTYRELATIONSHIPENTITY><DIRPARTYRELATIONSHIPENTITY><CHILDPARTYID>000000216</CHILDPARTYID><LEGALENTITYDATAAREA></LEGALENTITYDATAAREA><PARENTPARTYID>000000215</PARENTPARTYID><RELATIONSHIPTYPE>ContactPerson</RELATIONSHIPTYPE><VALIDFROM>2024-07-21T14:22:22</VALIDFROM><VALIDTO>2154-12-31T23:59:59</VALIDTO></DIRPARTYRELATIONSHIPENTITY><DIRPARTYRELATIONSHIPENTITY><CHILDPARTYID>000000218</CHILDPARTYID><LEGALENTITYDATAAREA></LEGALENTITYDATAAREA><PARENTPARTYID>000000217</PARENTPARTYID><RELATIONSHIPTYPE>ContactPerson</RELATIONSHIPTYPE><VALIDFROM>2024-07-21T14:24:19</VALIDFROM><VALIDTO>2154-12-31T23:59:59</VALIDTO></DIRPARTYRELATIONSHIPENTITY><DIRPARTYRELATIONSHIPENTITY><CHILDPARTYID>000000222</CHILDPARTYID><LEGALENTITYDATAAREA></LEGALENTITYDATAAREA><PARENTPARTYID>000000221</PARENTPARTYID><RELATIONSHIPTYPE>ContactPerson</RELATIONSHIPTYPE><VALIDFROM>2024-07-25T20:09:46</VALIDFROM><VALIDTO>2154-12-31T23:59:59</VALIDTO></DIRPARTYRELATIONSHIPENTITY><DIRPARTYRELATIONSHIPENTITY><CHILDPARTYID>000000318</CHILDPARTYID><LEGALENTITYDATAAREA></LEGALENTITYDATAAREA><PARENTPARTYID>000000317</PARENTPARTYID><RELATIONSHIPTYPE>ContactPerson</RELATIONSHIPTYPE><VALIDFROM>2024-08-21T14:15:19</VALIDFROM><VALIDTO>2154-12-31T23:59:59</VALIDTO></DIRPARTYRELATIONSHIPENTITY><DIRPARTYRELATIONSHIPENTITY><CHILDPARTYID>000000325</CHILDPARTYID><LEGALENTITYDATAAREA></LEGALENTITYDATAAREA><PARENTPARTYID>000000324</PARENTPARTYID><RELATIONSHIPTYPE>ContactPerson</RELATIONSHIPTYPE><VALIDFROM>2024-08-21T19:09:22</VALIDFROM><VALIDTO>2154-12-31T23:59:59</VALIDTO></DIRPARTYRELATIONSHIPENTITY></Document>