﻿<?xml version="1.0" encoding="utf-8"?><Document><DIRPARTYLOCATIONPOSTALADDRESSV2ENTITY><PARTYNUMBER>000000001</PARTYNUMBER><LOCATIONID>000000001</LOCATIONID><VALIDFROM>2024-06-30T20:41:59</VALIDFROM><ADDRESS>Tillmans Ward
Trades Ward
Waterdeep,SC 
FAE</ADDRESS><ASSIGNMENTDATE>2024-06-30T13:20:19</ASSIGNMENTDATE><ATTENTIONTOADDRESSLINE></ATTENTIONTOADDRESSLINE><BUILDINGCOMPLIMENT></BUILDINGCOMPLIMENT><CITY>Waterdeep</CITY><COUNTRYREGIONID>FAE</COUNTRYREGIONID><COUNTRYREGIONISOCODE></COUNTRYREGIONISOCODE><COUNTY></COUNTY><DESCRIPTION>Waterdeep Trading Company</DESCRIPTION><DISTRICTNAME>Trades Ward</DISTRICTNAME><DUNSNUMBER></DUNSNUMBER><FORMATTEDDELIVERYADDRESS>Tillmans Ward
Trades Ward
Waterdeep,SC 
FAE</FORMATTEDDELIVERYADDRESS><ISLOCATIONOWNER>Yes</ISLOCATIONOWNER><ISPRIMARY>Yes</ISPRIMARY><ISPRIVATE>No</ISPRIVATE><ISPRIVATEPOSTALADDRESS>No</ISPRIVATEPOSTALADDRESS><ISROLEBUSINESS>Yes</ISROLEBUSINESS><ISROLEDELIVERY>No</ISROLEDELIVERY><ISROLEHOME>No</ISROLEHOME><ISROLEINVOICE>No</ISROLEINVOICE><LATITUDE>0.0000000000</LATITUDE><LONGITUDE>0.0000000000</LONGITUDE><POSTBOX></POSTBOX><ROLES>Business</ROLES><STATE>SC</STATE><STREET>Tillmans Ward</STREET><STREETNUMBER></STREETNUMBER><TIMEZONE></TIMEZONE><VALIDTO>2154-12-31T23:59:59</VALIDTO><ZIPCODE></ZIPCODE></DIRPARTYLOCATIONPOSTALADDRESSV2ENTITY><DIRPARTYLOCATIONPOSTALADDRESSV2ENTITY><PARTYNUMBER>000000201</PARTYNUMBER><LOCATIONID>000000101</LOCATIONID><VALIDFROM>2024-07-07T12:57:14</VALIDFROM><ADDRESS>1 Undermountain Lane
Mountainside
Waterdeep,SC 
FAE</ADDRESS><ASSIGNMENTDATE>2024-07-07T13:04:21</ASSIGNMENTDATE><ATTENTIONTOADDRESSLINE></ATTENTIONTOADDRESSLINE><BUILDINGCOMPLIMENT></BUILDINGCOMPLIMENT><CITY>Waterdeep</CITY><COUNTRYREGIONID>FAE</COUNTRYREGIONID><COUNTRYREGIONISOCODE></COUNTRYREGIONISOCODE><COUNTY></COUNTY><DESCRIPTION>Dhusarra Abhuk</DESCRIPTION><DISTRICTNAME>Mountainside</DISTRICTNAME><DUNSNUMBER></DUNSNUMBER><FORMATTEDDELIVERYADDRESS>1 Undermountain Lane
Mountainside
Waterdeep,SC 
FAE</FORMATTEDDELIVERYADDRESS><ISLOCATIONOWNER>Yes</ISLOCATIONOWNER><ISPRIMARY>Yes</ISPRIMARY><ISPRIVATE>No</ISPRIVATE><ISPRIVATEPOSTALADDRESS>No</ISPRIVATEPOSTALADDRESS><ISROLEBUSINESS>Yes</ISROLEBUSINESS><ISROLEDELIVERY>No</ISROLEDELIVERY><ISROLEHOME>No</ISROLEHOME><ISROLEINVOICE>No</ISROLEINVOICE><LATITUDE>0.0000000000</LATITUDE><LONGITUDE>0.0000000000</LONGITUDE><POSTBOX></POSTBOX><ROLES>Business</ROLES><STATE>SC</STATE><STREET>1 Undermountain Lane</STREET><STREETNUMBER></STREETNUMBER><TIMEZONE></TIMEZONE><VALIDTO>2154-12-31T23:59:59</VALIDTO><ZIPCODE></ZIPCODE></DIRPARTYLOCATIONPOSTALADDRESSV2ENTITY><DIRPARTYLOCATIONPOSTALADDRESSV2ENTITY><PARTYNUMBER>000000202</PARTYNUMBER><LOCATIONID>000000105</LOCATIONID><VALIDFROM>2024-07-13T12:51:09</VALIDFROM><ADDRESS>Street of the Sword
Castle Ward
Waterdeep,SC 
FAE</ADDRESS><ASSIGNMENTDATE>2024-07-13T12:52:50</ASSIGNMENTDATE><ATTENTIONTOADDRESSLINE></ATTENTIONTOADDRESSLINE><BUILDINGCOMPLIMENT></BUILDINGCOMPLIMENT><CITY>Waterdeep</CITY><COUNTRYREGIONID>FAE</COUNTRYREGIONID><COUNTRYREGIONISOCODE></COUNTRYREGIONISOCODE><COUNTY></COUNTY><DESCRIPTION>Bakers Hall</DESCRIPTION><DISTRICTNAME>Castle Ward</DISTRICTNAME><DUNSNUMBER></DUNSNUMBER><FORMATTEDDELIVERYADDRESS>Street of the Sword
Castle Ward
Waterdeep,SC 
FAE</FORMATTEDDELIVERYADDRESS><ISLOCATIONOWNER>Yes</ISLOCATIONOWNER><ISPRIMARY>Yes</ISPRIMARY><ISPRIVATE>No</ISPRIVATE><ISPRIVATEPOSTALADDRESS>No</ISPRIVATEPOSTALADDRESS><ISROLEBUSINESS>Yes</ISROLEBUSINESS><ISROLEDELIVERY>No</ISROLEDELIVERY><ISROLEHOME>No</ISROLEHOME><ISROLEINVOICE>No</ISROLEINVOICE><LATITUDE>0.0000000000</LATITUDE><LONGITUDE>0.0000000000</LONGITUDE><POSTBOX></POSTBOX><ROLES>Business</ROLES><STATE>SC</STATE><STREET>Street of the Sword</STREET><STREETNUMBER></STREETNUMBER><TIMEZONE></TIMEZONE><VALIDTO>2154-12-31T23:59:59</VALIDTO><ZIPCODE></ZIPCODE></DIRPARTYLOCATIONPOSTALADDRESSV2ENTITY><DIRPARTYLOCATIONPOSTALADDRESSV2ENTITY><PARTYNUMBER>000000203</PARTYNUMBER><LOCATIONID>000000110</LOCATIONID><VALIDFROM>2024-07-21T13:51:19</VALIDFROM><ADDRESS>77 Silver Lane
North Ward
Waterdeep,SC 
FAE</ADDRESS><ASSIGNMENTDATE>2024-07-21T13:51:46</ASSIGNMENTDATE><ATTENTIONTOADDRESSLINE></ATTENTIONTOADDRESSLINE><BUILDINGCOMPLIMENT></BUILDINGCOMPLIMENT><CITY>Waterdeep</CITY><COUNTRYREGIONID>FAE</COUNTRYREGIONID><COUNTRYREGIONISOCODE></COUNTRYREGIONISOCODE><COUNTY></COUNTY><DESCRIPTION>Silvershield Artisans Cooperative</DESCRIPTION><DISTRICTNAME>North Ward</DISTRICTNAME><DUNSNUMBER></DUNSNUMBER><FORMATTEDDELIVERYADDRESS>77 Silver Lane
North Ward
Waterdeep,SC 
FAE</FORMATTEDDELIVERYADDRESS><ISLOCATIONOWNER>Yes</ISLOCATIONOWNER><ISPRIMARY>Yes</ISPRIMARY><ISPRIVATE>No</ISPRIVATE><ISPRIVATEPOSTALADDRESS>No</ISPRIVATEPOSTALADDRESS><ISROLEBUSINESS>Yes</ISROLEBUSINESS><ISROLEDELIVERY>No</ISROLEDELIVERY><ISROLEHOME>No</ISROLEHOME><ISROLEINVOICE>No</ISROLEINVOICE><LATITUDE>0.0000000000</LATITUDE><LONGITUDE>0.0000000000</LONGITUDE><POSTBOX></POSTBOX><ROLES>Business</ROLES><STATE>SC</STATE><STREET>77 Silver Lane</STREET><STREETNUMBER></STREETNUMBER><TIMEZONE></TIMEZONE><VALIDTO>2154-12-31T23:59:59</VALIDTO><ZIPCODE></ZIPCODE></DIRPARTYLOCATIONPOSTALADDRESSV2ENTITY><DIRPARTYLOCATIONPOSTALADDRESSV2ENTITY><PARTYNUMBER>000000204</PARTYNUMBER><LOCATIONID>000000110</LOCATIONID><VALIDFROM>2024-07-21T13:51:19</VALIDFROM><ADDRESS>77 Silver Lane
North Ward
Waterdeep,SC 
FAE</ADDRESS><ASSIGNMENTDATE>2024-07-21T13:52:44</ASSIGNMENTDATE><ATTENTIONTOADDRESSLINE></ATTENTIONTOADDRESSLINE><BUILDINGCOMPLIMENT></BUILDINGCOMPLIMENT><CITY>Waterdeep</CITY><COUNTRYREGIONID>FAE</COUNTRYREGIONID><COUNTRYREGIONISOCODE></COUNTRYREGIONISOCODE><COUNTY></COUNTY><DESCRIPTION>Silvershield Artisans Cooperative</DESCRIPTION><DISTRICTNAME>North Ward</DISTRICTNAME><DUNSNUMBER></DUNSNUMBER><FORMATTEDDELIVERYADDRESS>77 Silver Lane
North Ward
Waterdeep,SC 
FAE</FORMATTEDDELIVERYADDRESS><ISLOCATIONOWNER>No</ISLOCATIONOWNER><ISPRIMARY>Yes</ISPRIMARY><ISPRIVATE>No</ISPRIVATE><ISPRIVATEPOSTALADDRESS>No</ISPRIVATEPOSTALADDRESS><ISROLEBUSINESS>Yes</ISROLEBUSINESS><ISROLEDELIVERY>No</ISROLEDELIVERY><ISROLEHOME>No</ISROLEHOME><ISROLEINVOICE>No</ISROLEINVOICE><LATITUDE>0.0000000000</LATITUDE><LONGITUDE>0.0000000000</LONGITUDE><POSTBOX></POSTBOX><ROLES>Business</ROLES><STATE>SC</STATE><STREET>77 Silver Lane</STREET><STREETNUMBER></STREETNUMBER><TIMEZONE></TIMEZONE><VALIDTO>2154-12-31T23:59:59</VALIDTO><ZIPCODE></ZIPCODE></DIRPARTYLOCATIONPOSTALADDRESSV2ENTITY><DIRPARTYLOCATIONPOSTALADDRESSV2ENTITY><PARTYNUMBER>000000205</PARTYNUMBER><LOCATIONID>000000113</LOCATIONID><VALIDFROM>2024-07-21T13:55:32</VALIDFROM><ADDRESS>134 Miller’s Court
Castle Ward
Waterdeep,SC 
FAE</ADDRESS><ASSIGNMENTDATE>2024-07-21T14:07:32</ASSIGNMENTDATE><ATTENTIONTOADDRESSLINE></ATTENTIONTOADDRESSLINE><BUILDINGCOMPLIMENT></BUILDINGCOMPLIMENT><CITY>Waterdeep</CITY><COUNTRYREGIONID>FAE</COUNTRYREGIONID><COUNTRYREGIONISOCODE></COUNTRYREGIONISOCODE><COUNTY></COUNTY><DESCRIPTION>Daggerford Millers</DESCRIPTION><DISTRICTNAME>Castle Ward</DISTRICTNAME><DUNSNUMBER></DUNSNUMBER><FORMATTEDDELIVERYADDRESS>134 Miller’s Court
Castle Ward
Waterdeep,SC 
FAE</FORMATTEDDELIVERYADDRESS><ISLOCATIONOWNER>Yes</ISLOCATIONOWNER><ISPRIMARY>Yes</ISPRIMARY><ISPRIVATE>No</ISPRIVATE><ISPRIVATEPOSTALADDRESS>No</ISPRIVATEPOSTALADDRESS><ISROLEBUSINESS>Yes</ISROLEBUSINESS><ISROLEDELIVERY>No</ISROLEDELIVERY><ISROLEHOME>No</ISROLEHOME><ISROLEINVOICE>No</ISROLEINVOICE><LATITUDE>0.0000000000</LATITUDE><LONGITUDE>0.0000000000</LONGITUDE><POSTBOX></POSTBOX><ROLES>Business</ROLES><STATE>SC</STATE><STREET>134 Miller’s Court</STREET><STREETNUMBER></STREETNUMBER><TIMEZONE></TIMEZONE><VALIDTO>2154-12-31T23:59:59</VALIDTO><ZIPCODE></ZIPCODE></DIRPARTYLOCATIONPOSTALADDRESSV2ENTITY><DIRPARTYLOCATIONPOSTALADDRESSV2ENTITY><PARTYNUMBER>000000206</PARTYNUMBER><LOCATIONID>000000113</LOCATIONID><VALIDFROM>2024-07-21T13:55:32</VALIDFROM><ADDRESS>134 Miller’s Court
Castle Ward
Waterdeep,SC 
FAE</ADDRESS><ASSIGNMENTDATE>2024-07-21T14:08:27</ASSIGNMENTDATE><ATTENTIONTOADDRESSLINE></ATTENTIONTOADDRESSLINE><BUILDINGCOMPLIMENT></BUILDINGCOMPLIMENT><CITY>Waterdeep</CITY><COUNTRYREGIONID>FAE</COUNTRYREGIONID><COUNTRYREGIONISOCODE></COUNTRYREGIONISOCODE><COUNTY></COUNTY><DESCRIPTION>Daggerford Millers</DESCRIPTION><DISTRICTNAME>Castle Ward</DISTRICTNAME><DUNSNUMBER></DUNSNUMBER><FORMATTEDDELIVERYADDRESS>134 Miller’s Court
Castle Ward
Waterdeep,SC 
FAE</FORMATTEDDELIVERYADDRESS><ISLOCATIONOWNER>No</ISLOCATIONOWNER><ISPRIMARY>Yes</ISPRIMARY><ISPRIVATE>No</ISPRIVATE><ISPRIVATEPOSTALADDRESS>No</ISPRIVATEPOSTALADDRESS><ISROLEBUSINESS>Yes</ISROLEBUSINESS><ISROLEDELIVERY>No</ISROLEDELIVERY><ISROLEHOME>No</ISROLEHOME><ISROLEINVOICE>No</ISROLEINVOICE><LATITUDE>0.0000000000</LATITUDE><LONGITUDE>0.0000000000</LONGITUDE><POSTBOX></POSTBOX><ROLES>Business</ROLES><STATE>SC</STATE><STREET>134 Miller’s Court</STREET><STREETNUMBER></STREETNUMBER><TIMEZONE></TIMEZONE><VALIDTO>2154-12-31T23:59:59</VALIDTO><ZIPCODE></ZIPCODE></DIRPARTYLOCATIONPOSTALADDRESSV2ENTITY><DIRPARTYLOCATIONPOSTALADDRESSV2ENTITY><PARTYNUMBER>000000207</PARTYNUMBER><LOCATIONID>000000116</LOCATIONID><VALIDFROM>2024-07-21T14:09:13</VALIDFROM><ADDRESS>221 Anvil Street
Trades Ward
Waterdeep,SC 
FAE</ADDRESS><ASSIGNMENTDATE>2024-07-21T14:09:41</ASSIGNMENTDATE><ATTENTIONTOADDRESSLINE></ATTENTIONTOADDRESSLINE><BUILDINGCOMPLIMENT></BUILDINGCOMPLIMENT><CITY>Waterdeep</CITY><COUNTRYREGIONID>FAE</COUNTRYREGIONID><COUNTRYREGIONISOCODE></COUNTRYREGIONISOCODE><COUNTY></COUNTY><DESCRIPTION>Baldur’s Gate Blacksmiths Guild</DESCRIPTION><DISTRICTNAME>Trades Ward</DISTRICTNAME><DUNSNUMBER></DUNSNUMBER><FORMATTEDDELIVERYADDRESS>221 Anvil Street
Trades Ward
Waterdeep,SC 
FAE</FORMATTEDDELIVERYADDRESS><ISLOCATIONOWNER>Yes</ISLOCATIONOWNER><ISPRIMARY>Yes</ISPRIMARY><ISPRIVATE>No</ISPRIVATE><ISPRIVATEPOSTALADDRESS>No</ISPRIVATEPOSTALADDRESS><ISROLEBUSINESS>Yes</ISROLEBUSINESS><ISROLEDELIVERY>No</ISROLEDELIVERY><ISROLEHOME>No</ISROLEHOME><ISROLEINVOICE>No</ISROLEINVOICE><LATITUDE>0.0000000000</LATITUDE><LONGITUDE>0.0000000000</LONGITUDE><POSTBOX></POSTBOX><ROLES>Business</ROLES><STATE>SC</STATE><STREET>221 Anvil Street</STREET><STREETNUMBER></STREETNUMBER><TIMEZONE></TIMEZONE><VALIDTO>2154-12-31T23:59:59</VALIDTO><ZIPCODE></ZIPCODE></DIRPARTYLOCATIONPOSTALADDRESSV2ENTITY><DIRPARTYLOCATIONPOSTALADDRESSV2ENTITY><PARTYNUMBER>000000208</PARTYNUMBER><LOCATIONID>000000119</LOCATIONID><VALIDFROM>2024-07-21T14:10:47</VALIDFROM><ADDRESS>221 Anvil Street
Sea Ward
Waterdeep,SC 
FAE</ADDRESS><ASSIGNMENTDATE>2024-07-21T14:11:20</ASSIGNMENTDATE><ATTENTIONTOADDRESSLINE></ATTENTIONTOADDRESSLINE><BUILDINGCOMPLIMENT></BUILDINGCOMPLIMENT><CITY>Waterdeep</CITY><COUNTRYREGIONID>FAE</COUNTRYREGIONID><COUNTRYREGIONISOCODE></COUNTRYREGIONISOCODE><COUNTY></COUNTY><DESCRIPTION>Neverwinter Alchemists Ltd.</DESCRIPTION><DISTRICTNAME>Sea Ward</DISTRICTNAME><DUNSNUMBER></DUNSNUMBER><FORMATTEDDELIVERYADDRESS>221 Anvil Street
Sea Ward
Waterdeep,SC 
FAE</FORMATTEDDELIVERYADDRESS><ISLOCATIONOWNER>Yes</ISLOCATIONOWNER><ISPRIMARY>Yes</ISPRIMARY><ISPRIVATE>No</ISPRIVATE><ISPRIVATEPOSTALADDRESS>No</ISPRIVATEPOSTALADDRESS><ISROLEBUSINESS>Yes</ISROLEBUSINESS><ISROLEDELIVERY>No</ISROLEDELIVERY><ISROLEHOME>No</ISROLEHOME><ISROLEINVOICE>No</ISROLEINVOICE><LATITUDE>0.0000000000</LATITUDE><LONGITUDE>0.0000000000</LONGITUDE><POSTBOX></POSTBOX><ROLES>Business</ROLES><STATE>SC</STATE><STREET>221 Anvil Street</STREET><STREETNUMBER></STREETNUMBER><TIMEZONE></TIMEZONE><VALIDTO>2154-12-31T23:59:59</VALIDTO><ZIPCODE></ZIPCODE></DIRPARTYLOCATIONPOSTALADDRESSV2ENTITY><DIRPARTYLOCATIONPOSTALADDRESSV2ENTITY><PARTYNUMBER>000000209</PARTYNUMBER><LOCATIONID>000000122</LOCATIONID><VALIDFROM>2024-07-21T14:12:26</VALIDFROM><ADDRESS>47 Green Path
Field Ward
Waterdeep,SC 
FAE</ADDRESS><ASSIGNMENTDATE>2024-07-21T14:12:55</ASSIGNMENTDATE><ATTENTIONTOADDRESSLINE></ATTENTIONTOADDRESSLINE><BUILDINGCOMPLIMENT></BUILDINGCOMPLIMENT><CITY>Waterdeep</CITY><COUNTRYREGIONID>FAE</COUNTRYREGIONID><COUNTRYREGIONISOCODE></COUNTRYREGIONISOCODE><COUNTY></COUNTY><DESCRIPTION>Elventree Organic Herbs</DESCRIPTION><DISTRICTNAME>Field Ward</DISTRICTNAME><DUNSNUMBER></DUNSNUMBER><FORMATTEDDELIVERYADDRESS>47 Green Path
Field Ward
Waterdeep,SC 
FAE</FORMATTEDDELIVERYADDRESS><ISLOCATIONOWNER>Yes</ISLOCATIONOWNER><ISPRIMARY>Yes</ISPRIMARY><ISPRIVATE>No</ISPRIVATE><ISPRIVATEPOSTALADDRESS>No</ISPRIVATEPOSTALADDRESS><ISROLEBUSINESS>Yes</ISROLEBUSINESS><ISROLEDELIVERY>No</ISROLEDELIVERY><ISROLEHOME>No</ISROLEHOME><ISROLEINVOICE>No</ISROLEINVOICE><LATITUDE>0.0000000000</LATITUDE><LONGITUDE>0.0000000000</LONGITUDE><POSTBOX></POSTBOX><ROLES>Business</ROLES><STATE>SC</STATE><STREET>47 Green Path</STREET><STREETNUMBER></STREETNUMBER><TIMEZONE></TIMEZONE><VALIDTO>2154-12-31T23:59:59</VALIDTO><ZIPCODE></ZIPCODE></DIRPARTYLOCATIONPOSTALADDRESSV2ENTITY><DIRPARTYLOCATIONPOSTALADDRESSV2ENTITY><PARTYNUMBER>000000210</PARTYNUMBER><LOCATIONID>000000125</LOCATIONID><VALIDFROM>2024-07-21T14:13:58</VALIDFROM><ADDRESS>19 Mason Drive
South Ward
Waterdeep,SC 
FAE</ADDRESS><ASSIGNMENTDATE>2024-07-21T14:14:29</ASSIGNMENTDATE><ATTENTIONTOADDRESSLINE></ATTENTIONTOADDRESSLINE><BUILDINGCOMPLIMENT></BUILDINGCOMPLIMENT><CITY>Waterdeep</CITY><COUNTRYREGIONID>FAE</COUNTRYREGIONID><COUNTRYREGIONISOCODE></COUNTRYREGIONISOCODE><COUNTY></COUNTY><DESCRIPTION>Sundabar Stonemasonry Inc.</DESCRIPTION><DISTRICTNAME>South Ward</DISTRICTNAME><DUNSNUMBER></DUNSNUMBER><FORMATTEDDELIVERYADDRESS>19 Mason Drive
South Ward
Waterdeep,SC 
FAE</FORMATTEDDELIVERYADDRESS><ISLOCATIONOWNER>Yes</ISLOCATIONOWNER><ISPRIMARY>Yes</ISPRIMARY><ISPRIVATE>No</ISPRIVATE><ISPRIVATEPOSTALADDRESS>No</ISPRIVATEPOSTALADDRESS><ISROLEBUSINESS>Yes</ISROLEBUSINESS><ISROLEDELIVERY>No</ISROLEDELIVERY><ISROLEHOME>No</ISROLEHOME><ISROLEINVOICE>No</ISROLEINVOICE><LATITUDE>0.0000000000</LATITUDE><LONGITUDE>0.0000000000</LONGITUDE><POSTBOX></POSTBOX><ROLES>Business</ROLES><STATE>SC</STATE><STREET>19 Mason Drive</STREET><STREETNUMBER></STREETNUMBER><TIMEZONE></TIMEZONE><VALIDTO>2154-12-31T23:59:59</VALIDTO><ZIPCODE></ZIPCODE></DIRPARTYLOCATIONPOSTALADDRESSV2ENTITY><DIRPARTYLOCATIONPOSTALADDRESSV2ENTITY><PARTYNUMBER>000000211</PARTYNUMBER><LOCATIONID>000000125</LOCATIONID><VALIDFROM>2024-07-21T14:13:58</VALIDFROM><ADDRESS>19 Mason Drive
South Ward
Waterdeep,SC 
FAE</ADDRESS><ASSIGNMENTDATE>2024-07-21T14:15:34</ASSIGNMENTDATE><ATTENTIONTOADDRESSLINE></ATTENTIONTOADDRESSLINE><BUILDINGCOMPLIMENT></BUILDINGCOMPLIMENT><CITY>Waterdeep</CITY><COUNTRYREGIONID>FAE</COUNTRYREGIONID><COUNTRYREGIONISOCODE></COUNTRYREGIONISOCODE><COUNTY></COUNTY><DESCRIPTION>Sundabar Stonemasonry Inc.</DESCRIPTION><DISTRICTNAME>South Ward</DISTRICTNAME><DUNSNUMBER></DUNSNUMBER><FORMATTEDDELIVERYADDRESS>19 Mason Drive
South Ward
Waterdeep,SC 
FAE</FORMATTEDDELIVERYADDRESS><ISLOCATIONOWNER>No</ISLOCATIONOWNER><ISPRIMARY>Yes</ISPRIMARY><ISPRIVATE>No</ISPRIVATE><ISPRIVATEPOSTALADDRESS>No</ISPRIVATEPOSTALADDRESS><ISROLEBUSINESS>Yes</ISROLEBUSINESS><ISROLEDELIVERY>No</ISROLEDELIVERY><ISROLEHOME>No</ISROLEHOME><ISROLEINVOICE>No</ISROLEINVOICE><LATITUDE>0.0000000000</LATITUDE><LONGITUDE>0.0000000000</LONGITUDE><POSTBOX></POSTBOX><ROLES>Business</ROLES><STATE>SC</STATE><STREET>19 Mason Drive</STREET><STREETNUMBER></STREETNUMBER><TIMEZONE></TIMEZONE><VALIDTO>2154-12-31T23:59:59</VALIDTO><ZIPCODE></ZIPCODE></DIRPARTYLOCATIONPOSTALADDRESSV2ENTITY><DIRPARTYLOCATIONPOSTALADDRESSV2ENTITY><PARTYNUMBER>000000212</PARTYNUMBER><LOCATIONID>000000128</LOCATIONID><VALIDFROM>2024-07-21T14:16:18</VALIDFROM><ADDRESS>3 Dockside Avenue
Dock Ward
Waterdeep,SC 
FAE</ADDRESS><ASSIGNMENTDATE>2024-07-21T14:16:49</ASSIGNMENTDATE><ATTENTIONTOADDRESSLINE></ATTENTIONTOADDRESSLINE><BUILDINGCOMPLIMENT></BUILDINGCOMPLIMENT><CITY>Waterdeep</CITY><COUNTRYREGIONID>FAE</COUNTRYREGIONID><COUNTRYREGIONISOCODE></COUNTRYREGIONISOCODE><COUNTY></COUNTY><DESCRIPTION>Luskan Shipwrights Collective</DESCRIPTION><DISTRICTNAME>Dock Ward</DISTRICTNAME><DUNSNUMBER></DUNSNUMBER><FORMATTEDDELIVERYADDRESS>3 Dockside Avenue
Dock Ward
Waterdeep,SC 
FAE</FORMATTEDDELIVERYADDRESS><ISLOCATIONOWNER>Yes</ISLOCATIONOWNER><ISPRIMARY>Yes</ISPRIMARY><ISPRIVATE>No</ISPRIVATE><ISPRIVATEPOSTALADDRESS>No</ISPRIVATEPOSTALADDRESS><ISROLEBUSINESS>Yes</ISROLEBUSINESS><ISROLEDELIVERY>No</ISROLEDELIVERY><ISROLEHOME>No</ISROLEHOME><ISROLEINVOICE>No</ISROLEINVOICE><LATITUDE>0.0000000000</LATITUDE><LONGITUDE>0.0000000000</LONGITUDE><POSTBOX></POSTBOX><ROLES>Business</ROLES><STATE>SC</STATE><STREET>3 Dockside Avenue</STREET><STREETNUMBER></STREETNUMBER><TIMEZONE></TIMEZONE><VALIDTO>2154-12-31T23:59:59</VALIDTO><ZIPCODE></ZIPCODE></DIRPARTYLOCATIONPOSTALADDRESSV2ENTITY><DIRPARTYLOCATIONPOSTALADDRESSV2ENTITY><PARTYNUMBER>000000213</PARTYNUMBER><LOCATIONID>000000131</LOCATIONID><VALIDFROM>2024-07-21T14:18:09</VALIDFROM><ADDRESS>112 Textile Lan
Trades Ward
Waterdeep,SC 
FAE</ADDRESS><ASSIGNMENTDATE>2024-07-21T14:19:50</ASSIGNMENTDATE><ATTENTIONTOADDRESSLINE></ATTENTIONTOADDRESSLINE><BUILDINGCOMPLIMENT></BUILDINGCOMPLIMENT><CITY>Waterdeep</CITY><COUNTRYREGIONID>FAE</COUNTRYREGIONID><COUNTRYREGIONISOCODE></COUNTRYREGIONISOCODE><COUNTY></COUNTY><DESCRIPTION>Cormyrean Textiles Corp.</DESCRIPTION><DISTRICTNAME>Trades Ward</DISTRICTNAME><DUNSNUMBER></DUNSNUMBER><FORMATTEDDELIVERYADDRESS>112 Textile Lan
Trades Ward
Waterdeep,SC 
FAE</FORMATTEDDELIVERYADDRESS><ISLOCATIONOWNER>Yes</ISLOCATIONOWNER><ISPRIMARY>Yes</ISPRIMARY><ISPRIVATE>No</ISPRIVATE><ISPRIVATEPOSTALADDRESS>No</ISPRIVATEPOSTALADDRESS><ISROLEBUSINESS>Yes</ISROLEBUSINESS><ISROLEDELIVERY>No</ISROLEDELIVERY><ISROLEHOME>No</ISROLEHOME><ISROLEINVOICE>No</ISROLEINVOICE><LATITUDE>0.0000000000</LATITUDE><LONGITUDE>0.0000000000</LONGITUDE><POSTBOX></POSTBOX><ROLES>Business</ROLES><STATE>SC</STATE><STREET>112 Textile Lan</STREET><STREETNUMBER></STREETNUMBER><TIMEZONE></TIMEZONE><VALIDTO>2154-12-31T23:59:59</VALIDTO><ZIPCODE></ZIPCODE></DIRPARTYLOCATIONPOSTALADDRESSV2ENTITY><DIRPARTYLOCATIONPOSTALADDRESSV2ENTITY><PARTYNUMBER>000000214</PARTYNUMBER><LOCATIONID>000000131</LOCATIONID><VALIDFROM>2024-07-21T14:18:09</VALIDFROM><ADDRESS>112 Textile Lan
Trades Ward
Waterdeep,SC 
FAE</ADDRESS><ASSIGNMENTDATE>2024-07-21T14:20:40</ASSIGNMENTDATE><ATTENTIONTOADDRESSLINE></ATTENTIONTOADDRESSLINE><BUILDINGCOMPLIMENT></BUILDINGCOMPLIMENT><CITY>Waterdeep</CITY><COUNTRYREGIONID>FAE</COUNTRYREGIONID><COUNTRYREGIONISOCODE></COUNTRYREGIONISOCODE><COUNTY></COUNTY><DESCRIPTION>Cormyrean Textiles Corp.</DESCRIPTION><DISTRICTNAME>Trades Ward</DISTRICTNAME><DUNSNUMBER></DUNSNUMBER><FORMATTEDDELIVERYADDRESS>112 Textile Lan
Trades Ward
Waterdeep,SC 
FAE</FORMATTEDDELIVERYADDRESS><ISLOCATIONOWNER>No</ISLOCATIONOWNER><ISPRIMARY>Yes</ISPRIMARY><ISPRIVATE>No</ISPRIVATE><ISPRIVATEPOSTALADDRESS>No</ISPRIVATEPOSTALADDRESS><ISROLEBUSINESS>Yes</ISROLEBUSINESS><ISROLEDELIVERY>No</ISROLEDELIVERY><ISROLEHOME>No</ISROLEHOME><ISROLEINVOICE>No</ISROLEINVOICE><LATITUDE>0.0000000000</LATITUDE><LONGITUDE>0.0000000000</LONGITUDE><POSTBOX></POSTBOX><ROLES>Business</ROLES><STATE>SC</STATE><STREET>112 Textile Lan</STREET><STREETNUMBER></STREETNUMBER><TIMEZONE></TIMEZONE><VALIDTO>2154-12-31T23:59:59</VALIDTO><ZIPCODE></ZIPCODE></DIRPARTYLOCATIONPOSTALADDRESSV2ENTITY><DIRPARTYLOCATIONPOSTALADDRESSV2ENTITY><PARTYNUMBER>000000215</PARTYNUMBER><LOCATIONID>000000134</LOCATIONID><VALIDFROM>2024-07-21T14:21:10</VALIDFROM><ADDRESS>58 Natures Walk
Trades Ward
Waterdeep,SC 
FAE</ADDRESS><ASSIGNMENTDATE>2024-07-21T14:21:36</ASSIGNMENTDATE><ATTENTIONTOADDRESSLINE></ATTENTIONTOADDRESSLINE><BUILDINGCOMPLIMENT></BUILDINGCOMPLIMENT><CITY>Waterdeep</CITY><COUNTRYREGIONID>FAE</COUNTRYREGIONID><COUNTRYREGIONISOCODE></COUNTRYREGIONISOCODE><COUNTY></COUNTY><DESCRIPTION>Druid Grove Organics</DESCRIPTION><DISTRICTNAME>Trades Ward</DISTRICTNAME><DUNSNUMBER></DUNSNUMBER><FORMATTEDDELIVERYADDRESS>58 Natures Walk
Trades Ward
Waterdeep,SC 
FAE</FORMATTEDDELIVERYADDRESS><ISLOCATIONOWNER>Yes</ISLOCATIONOWNER><ISPRIMARY>Yes</ISPRIMARY><ISPRIVATE>No</ISPRIVATE><ISPRIVATEPOSTALADDRESS>No</ISPRIVATEPOSTALADDRESS><ISROLEBUSINESS>Yes</ISROLEBUSINESS><ISROLEDELIVERY>No</ISROLEDELIVERY><ISROLEHOME>No</ISROLEHOME><ISROLEINVOICE>No</ISROLEINVOICE><LATITUDE>0.0000000000</LATITUDE><LONGITUDE>0.0000000000</LONGITUDE><POSTBOX></POSTBOX><ROLES>Business</ROLES><STATE>SC</STATE><STREET>58 Natures Walk</STREET><STREETNUMBER></STREETNUMBER><TIMEZONE></TIMEZONE><VALIDTO>2154-12-31T23:59:59</VALIDTO><ZIPCODE></ZIPCODE></DIRPARTYLOCATIONPOSTALADDRESSV2ENTITY><DIRPARTYLOCATIONPOSTALADDRESSV2ENTITY><PARTYNUMBER>000000216</PARTYNUMBER><LOCATIONID>000000134</LOCATIONID><VALIDFROM>2024-07-21T14:21:10</VALIDFROM><ADDRESS>58 Natures Walk
Trades Ward
Waterdeep,SC 
FAE</ADDRESS><ASSIGNMENTDATE>2024-07-21T14:22:22</ASSIGNMENTDATE><ATTENTIONTOADDRESSLINE></ATTENTIONTOADDRESSLINE><BUILDINGCOMPLIMENT></BUILDINGCOMPLIMENT><CITY>Waterdeep</CITY><COUNTRYREGIONID>FAE</COUNTRYREGIONID><COUNTRYREGIONISOCODE></COUNTRYREGIONISOCODE><COUNTY></COUNTY><DESCRIPTION>Druid Grove Organics</DESCRIPTION><DISTRICTNAME>Trades Ward</DISTRICTNAME><DUNSNUMBER></DUNSNUMBER><FORMATTEDDELIVERYADDRESS>58 Natures Walk
Trades Ward
Waterdeep,SC 
FAE</FORMATTEDDELIVERYADDRESS><ISLOCATIONOWNER>No</ISLOCATIONOWNER><ISPRIMARY>Yes</ISPRIMARY><ISPRIVATE>No</ISPRIVATE><ISPRIVATEPOSTALADDRESS>No</ISPRIVATEPOSTALADDRESS><ISROLEBUSINESS>Yes</ISROLEBUSINESS><ISROLEDELIVERY>No</ISROLEDELIVERY><ISROLEHOME>No</ISROLEHOME><ISROLEINVOICE>No</ISROLEINVOICE><LATITUDE>0.0000000000</LATITUDE><LONGITUDE>0.0000000000</LONGITUDE><POSTBOX></POSTBOX><ROLES>Business</ROLES><STATE>SC</STATE><STREET>58 Natures Walk</STREET><STREETNUMBER></STREETNUMBER><TIMEZONE></TIMEZONE><VALIDTO>2154-12-31T23:59:59</VALIDTO><ZIPCODE></ZIPCODE></DIRPARTYLOCATIONPOSTALADDRESSV2ENTITY><DIRPARTYLOCATIONPOSTALADDRESSV2ENTITY><PARTYNUMBER>000000217</PARTYNUMBER><LOCATIONID>000000137</LOCATIONID><VALIDFROM>2024-07-21T14:22:57</VALIDFROM><ADDRESS>666 Arcane Alley
City of the Dead
Waterdeep,SC 
FAE</ADDRESS><ASSIGNMENTDATE>2024-07-21T14:23:31</ASSIGNMENTDATE><ATTENTIONTOADDRESSLINE></ATTENTIONTOADDRESSLINE><BUILDINGCOMPLIMENT></BUILDINGCOMPLIMENT><CITY>Waterdeep</CITY><COUNTRYREGIONID>FAE</COUNTRYREGIONID><COUNTRYREGIONISOCODE></COUNTRYREGIONISOCODE><COUNTY></COUNTY><DESCRIPTION>Thayan Enchantments LLC</DESCRIPTION><DISTRICTNAME>City of the Dead</DISTRICTNAME><DUNSNUMBER></DUNSNUMBER><FORMATTEDDELIVERYADDRESS>666 Arcane Alley
City of the Dead
Waterdeep,SC 
FAE</FORMATTEDDELIVERYADDRESS><ISLOCATIONOWNER>Yes</ISLOCATIONOWNER><ISPRIMARY>Yes</ISPRIMARY><ISPRIVATE>No</ISPRIVATE><ISPRIVATEPOSTALADDRESS>No</ISPRIVATEPOSTALADDRESS><ISROLEBUSINESS>Yes</ISROLEBUSINESS><ISROLEDELIVERY>No</ISROLEDELIVERY><ISROLEHOME>No</ISROLEHOME><ISROLEINVOICE>No</ISROLEINVOICE><LATITUDE>0.0000000000</LATITUDE><LONGITUDE>0.0000000000</LONGITUDE><POSTBOX></POSTBOX><ROLES>Business</ROLES><STATE>SC</STATE><STREET>666 Arcane Alley</STREET><STREETNUMBER></STREETNUMBER><TIMEZONE></TIMEZONE><VALIDTO>2154-12-31T23:59:59</VALIDTO><ZIPCODE></ZIPCODE></DIRPARTYLOCATIONPOSTALADDRESSV2ENTITY><DIRPARTYLOCATIONPOSTALADDRESSV2ENTITY><PARTYNUMBER>000000218</PARTYNUMBER><LOCATIONID>000000137</LOCATIONID><VALIDFROM>2024-07-21T14:22:57</VALIDFROM><ADDRESS>666 Arcane Alley
City of the Dead
Waterdeep,SC 
FAE</ADDRESS><ASSIGNMENTDATE>2024-07-21T14:24:19</ASSIGNMENTDATE><ATTENTIONTOADDRESSLINE></ATTENTIONTOADDRESSLINE><BUILDINGCOMPLIMENT></BUILDINGCOMPLIMENT><CITY>Waterdeep</CITY><COUNTRYREGIONID>FAE</COUNTRYREGIONID><COUNTRYREGIONISOCODE></COUNTRYREGIONISOCODE><COUNTY></COUNTY><DESCRIPTION>Thayan Enchantments LLC</DESCRIPTION><DISTRICTNAME>City of the Dead</DISTRICTNAME><DUNSNUMBER></DUNSNUMBER><FORMATTEDDELIVERYADDRESS>666 Arcane Alley
City of the Dead
Waterdeep,SC 
FAE</FORMATTEDDELIVERYADDRESS><ISLOCATIONOWNER>No</ISLOCATIONOWNER><ISPRIMARY>Yes</ISPRIMARY><ISPRIVATE>No</ISPRIVATE><ISPRIVATEPOSTALADDRESS>No</ISPRIVATEPOSTALADDRESS><ISROLEBUSINESS>Yes</ISROLEBUSINESS><ISROLEDELIVERY>No</ISROLEDELIVERY><ISROLEHOME>No</ISROLEHOME><ISROLEINVOICE>No</ISROLEINVOICE><LATITUDE>0.0000000000</LATITUDE><LONGITUDE>0.0000000000</LONGITUDE><POSTBOX></POSTBOX><ROLES>Business</ROLES><STATE>SC</STATE><STREET>666 Arcane Alley</STREET><STREETNUMBER></STREETNUMBER><TIMEZONE></TIMEZONE><VALIDTO>2154-12-31T23:59:59</VALIDTO><ZIPCODE></ZIPCODE></DIRPARTYLOCATIONPOSTALADDRESSV2ENTITY><DIRPARTYLOCATIONPOSTALADDRESSV2ENTITY><PARTYNUMBER>000000221</PARTYNUMBER><LOCATIONID>000000143</LOCATIONID><VALIDFROM>2024-07-25T20:09:02</VALIDFROM><ADDRESS>Trades Ward
Waterdeep,SC 
FAE</ADDRESS><ASSIGNMENTDATE>2024-07-25T20:09:19</ASSIGNMENTDATE><ATTENTIONTOADDRESSLINE></ATTENTIONTOADDRESSLINE><BUILDINGCOMPLIMENT></BUILDINGCOMPLIMENT><CITY>Waterdeep</CITY><COUNTRYREGIONID>FAE</COUNTRYREGIONID><COUNTRYREGIONISOCODE></COUNTRYREGIONISOCODE><COUNTY></COUNTY><DESCRIPTION><![CDATA[Lara's Fine Fabrics and More]]></DESCRIPTION><DISTRICTNAME>Trades Ward</DISTRICTNAME><DUNSNUMBER></DUNSNUMBER><FORMATTEDDELIVERYADDRESS>Trades Ward
Waterdeep,SC 
FAE</FORMATTEDDELIVERYADDRESS><ISLOCATIONOWNER>Yes</ISLOCATIONOWNER><ISPRIMARY>Yes</ISPRIMARY><ISPRIVATE>No</ISPRIVATE><ISPRIVATEPOSTALADDRESS>No</ISPRIVATEPOSTALADDRESS><ISROLEBUSINESS>Yes</ISROLEBUSINESS><ISROLEDELIVERY>No</ISROLEDELIVERY><ISROLEHOME>No</ISROLEHOME><ISROLEINVOICE>No</ISROLEINVOICE><LATITUDE>0.0000000000</LATITUDE><LONGITUDE>0.0000000000</LONGITUDE><POSTBOX></POSTBOX><ROLES>Business</ROLES><STATE>SC</STATE><STREET></STREET><STREETNUMBER></STREETNUMBER><TIMEZONE></TIMEZONE><VALIDTO>2154-12-31T23:59:59</VALIDTO><ZIPCODE></ZIPCODE></DIRPARTYLOCATIONPOSTALADDRESSV2ENTITY><DIRPARTYLOCATIONPOSTALADDRESSV2ENTITY><PARTYNUMBER>000000222</PARTYNUMBER><LOCATIONID>000000143</LOCATIONID><VALIDFROM>2024-07-25T20:09:02</VALIDFROM><ADDRESS>Trades Ward
Waterdeep,SC 
FAE</ADDRESS><ASSIGNMENTDATE>2024-07-25T20:09:46</ASSIGNMENTDATE><ATTENTIONTOADDRESSLINE></ATTENTIONTOADDRESSLINE><BUILDINGCOMPLIMENT></BUILDINGCOMPLIMENT><CITY>Waterdeep</CITY><COUNTRYREGIONID>FAE</COUNTRYREGIONID><COUNTRYREGIONISOCODE></COUNTRYREGIONISOCODE><COUNTY></COUNTY><DESCRIPTION><![CDATA[Lara's Fine Fabrics and More]]></DESCRIPTION><DISTRICTNAME>Trades Ward</DISTRICTNAME><DUNSNUMBER></DUNSNUMBER><FORMATTEDDELIVERYADDRESS>Trades Ward
Waterdeep,SC 
FAE</FORMATTEDDELIVERYADDRESS><ISLOCATIONOWNER>No</ISLOCATIONOWNER><ISPRIMARY>Yes</ISPRIMARY><ISPRIVATE>No</ISPRIVATE><ISPRIVATEPOSTALADDRESS>No</ISPRIVATEPOSTALADDRESS><ISROLEBUSINESS>Yes</ISROLEBUSINESS><ISROLEDELIVERY>No</ISROLEDELIVERY><ISROLEHOME>No</ISROLEHOME><ISROLEINVOICE>No</ISROLEINVOICE><LATITUDE>0.0000000000</LATITUDE><LONGITUDE>0.0000000000</LONGITUDE><POSTBOX></POSTBOX><ROLES>Business</ROLES><STATE>SC</STATE><STREET></STREET><STREETNUMBER></STREETNUMBER><TIMEZONE></TIMEZONE><VALIDTO>2154-12-31T23:59:59</VALIDTO><ZIPCODE></ZIPCODE></DIRPARTYLOCATIONPOSTALADDRESSV2ENTITY><DIRPARTYLOCATIONPOSTALADDRESSV2ENTITY><PARTYNUMBER>000000317</PARTYNUMBER><LOCATIONID>000000203</LOCATIONID><VALIDFROM>2024-08-21T14:12:10</VALIDFROM><ADDRESS>Fillet Lane
Dock Ward
Waterdeep,SC 
FAE</ADDRESS><ASSIGNMENTDATE>2024-08-21T14:12:56</ASSIGNMENTDATE><ATTENTIONTOADDRESSLINE></ATTENTIONTOADDRESSLINE><BUILDINGCOMPLIMENT></BUILDINGCOMPLIMENT><CITY>Waterdeep</CITY><COUNTRYREGIONID>FAE</COUNTRYREGIONID><COUNTRYREGIONISOCODE></COUNTRYREGIONISOCODE><COUNTY></COUNTY><DESCRIPTION>The Olde Xobob Shoppe</DESCRIPTION><DISTRICTNAME>Dock Ward</DISTRICTNAME><DUNSNUMBER></DUNSNUMBER><FORMATTEDDELIVERYADDRESS>Fillet Lane
Dock Ward
Waterdeep,SC 
FAE</FORMATTEDDELIVERYADDRESS><ISLOCATIONOWNER>Yes</ISLOCATIONOWNER><ISPRIMARY>Yes</ISPRIMARY><ISPRIVATE>No</ISPRIVATE><ISPRIVATEPOSTALADDRESS>No</ISPRIVATEPOSTALADDRESS><ISROLEBUSINESS>Yes</ISROLEBUSINESS><ISROLEDELIVERY>No</ISROLEDELIVERY><ISROLEHOME>No</ISROLEHOME><ISROLEINVOICE>No</ISROLEINVOICE><LATITUDE>0.0000000000</LATITUDE><LONGITUDE>0.0000000000</LONGITUDE><POSTBOX></POSTBOX><ROLES>Business</ROLES><STATE>SC</STATE><STREET>Fillet Lane</STREET><STREETNUMBER></STREETNUMBER><TIMEZONE></TIMEZONE><VALIDTO>2154-12-31T23:59:59</VALIDTO><ZIPCODE></ZIPCODE></DIRPARTYLOCATIONPOSTALADDRESSV2ENTITY><DIRPARTYLOCATIONPOSTALADDRESSV2ENTITY><PARTYNUMBER>000000318</PARTYNUMBER><LOCATIONID>000000203</LOCATIONID><VALIDFROM>2024-08-21T14:12:10</VALIDFROM><ADDRESS>Fillet Lane
Dock Ward
Waterdeep,SC 
FAE</ADDRESS><ASSIGNMENTDATE>2024-08-21T14:15:19</ASSIGNMENTDATE><ATTENTIONTOADDRESSLINE></ATTENTIONTOADDRESSLINE><BUILDINGCOMPLIMENT></BUILDINGCOMPLIMENT><CITY>Waterdeep</CITY><COUNTRYREGIONID>FAE</COUNTRYREGIONID><COUNTRYREGIONISOCODE></COUNTRYREGIONISOCODE><COUNTY></COUNTY><DESCRIPTION>The Olde Xobob Shoppe</DESCRIPTION><DISTRICTNAME>Dock Ward</DISTRICTNAME><DUNSNUMBER></DUNSNUMBER><FORMATTEDDELIVERYADDRESS>Fillet Lane
Dock Ward
Waterdeep,SC 
FAE</FORMATTEDDELIVERYADDRESS><ISLOCATIONOWNER>No</ISLOCATIONOWNER><ISPRIMARY>Yes</ISPRIMARY><ISPRIVATE>No</ISPRIVATE><ISPRIVATEPOSTALADDRESS>No</ISPRIVATEPOSTALADDRESS><ISROLEBUSINESS>Yes</ISROLEBUSINESS><ISROLEDELIVERY>No</ISROLEDELIVERY><ISROLEHOME>No</ISROLEHOME><ISROLEINVOICE>No</ISROLEINVOICE><LATITUDE>0.0000000000</LATITUDE><LONGITUDE>0.0000000000</LONGITUDE><POSTBOX></POSTBOX><ROLES>Business</ROLES><STATE>SC</STATE><STREET>Fillet Lane</STREET><STREETNUMBER></STREETNUMBER><TIMEZONE></TIMEZONE><VALIDTO>2154-12-31T23:59:59</VALIDTO><ZIPCODE></ZIPCODE></DIRPARTYLOCATIONPOSTALADDRESSV2ENTITY><DIRPARTYLOCATIONPOSTALADDRESSV2ENTITY><PARTYNUMBER>000000321</PARTYNUMBER><LOCATIONID>000000204</LOCATIONID><VALIDFROM>2024-08-21T14:42:11</VALIDFROM><ADDRESS><![CDATA[Corner of Dock Street & Crookedclaw Alley
Dock Ward
Waterdeep,SC 
FAE]]></ADDRESS><ASSIGNMENTDATE>2024-08-21T14:42:33</ASSIGNMENTDATE><ATTENTIONTOADDRESSLINE></ATTENTIONTOADDRESSLINE><BUILDINGCOMPLIMENT></BUILDINGCOMPLIMENT><CITY>Waterdeep</CITY><COUNTRYREGIONID>FAE</COUNTRYREGIONID><COUNTRYREGIONISOCODE></COUNTRYREGIONISOCODE><COUNTY></COUNTY><DESCRIPTION>Helmstar Warehouse</DESCRIPTION><DISTRICTNAME>Dock Ward</DISTRICTNAME><DUNSNUMBER></DUNSNUMBER><FORMATTEDDELIVERYADDRESS><![CDATA[Corner of Dock Street & Crookedclaw Alley
Dock Ward
Waterdeep,SC 
FAE]]></FORMATTEDDELIVERYADDRESS><ISLOCATIONOWNER>Yes</ISLOCATIONOWNER><ISPRIMARY>Yes</ISPRIMARY><ISPRIVATE>No</ISPRIVATE><ISPRIVATEPOSTALADDRESS>No</ISPRIVATEPOSTALADDRESS><ISROLEBUSINESS>Yes</ISROLEBUSINESS><ISROLEDELIVERY>No</ISROLEDELIVERY><ISROLEHOME>No</ISROLEHOME><ISROLEINVOICE>No</ISROLEINVOICE><LATITUDE>0.0000000000</LATITUDE><LONGITUDE>0.0000000000</LONGITUDE><POSTBOX></POSTBOX><ROLES>Business</ROLES><STATE>SC</STATE><STREET><![CDATA[Corner of Dock Street & Crookedclaw Alley]]></STREET><STREETNUMBER></STREETNUMBER><TIMEZONE></TIMEZONE><VALIDTO>2154-12-31T23:59:59</VALIDTO><ZIPCODE></ZIPCODE></DIRPARTYLOCATIONPOSTALADDRESSV2ENTITY><DIRPARTYLOCATIONPOSTALADDRESSV2ENTITY><PARTYNUMBER>000000322</PARTYNUMBER><LOCATIONID>000000205</LOCATIONID><VALIDFROM>2024-08-21T14:43:00</VALIDFROM><ADDRESS>Dock Ward
Waterdeep,SC 
FAE</ADDRESS><ASSIGNMENTDATE>2024-08-21T14:43:16</ASSIGNMENTDATE><ATTENTIONTOADDRESSLINE></ATTENTIONTOADDRESSLINE><BUILDINGCOMPLIMENT></BUILDINGCOMPLIMENT><CITY>Waterdeep</CITY><COUNTRYREGIONID>FAE</COUNTRYREGIONID><COUNTRYREGIONISOCODE></COUNTRYREGIONISOCODE><COUNTY></COUNTY><DESCRIPTION>Red Sails Warehouse</DESCRIPTION><DISTRICTNAME>Dock Ward</DISTRICTNAME><DUNSNUMBER></DUNSNUMBER><FORMATTEDDELIVERYADDRESS>Dock Ward
Waterdeep,SC 
FAE</FORMATTEDDELIVERYADDRESS><ISLOCATIONOWNER>Yes</ISLOCATIONOWNER><ISPRIMARY>Yes</ISPRIMARY><ISPRIVATE>No</ISPRIVATE><ISPRIVATEPOSTALADDRESS>No</ISPRIVATEPOSTALADDRESS><ISROLEBUSINESS>Yes</ISROLEBUSINESS><ISROLEDELIVERY>No</ISROLEDELIVERY><ISROLEHOME>No</ISROLEHOME><ISROLEINVOICE>No</ISROLEINVOICE><LATITUDE>0.0000000000</LATITUDE><LONGITUDE>0.0000000000</LONGITUDE><POSTBOX></POSTBOX><ROLES>Business</ROLES><STATE>SC</STATE><STREET></STREET><STREETNUMBER></STREETNUMBER><TIMEZONE></TIMEZONE><VALIDTO>2154-12-31T23:59:59</VALIDTO><ZIPCODE></ZIPCODE></DIRPARTYLOCATIONPOSTALADDRESSV2ENTITY><DIRPARTYLOCATIONPOSTALADDRESSV2ENTITY><PARTYNUMBER>000000323</PARTYNUMBER><LOCATIONID>000000206</LOCATIONID><VALIDFROM>2024-08-21T14:43:30</VALIDFROM><ADDRESS>Trades Ward
Waterdeep,SC 
FAE</ADDRESS><ASSIGNMENTDATE>2024-08-21T14:43:49</ASSIGNMENTDATE><ATTENTIONTOADDRESSLINE></ATTENTIONTOADDRESSLINE><BUILDINGCOMPLIMENT></BUILDINGCOMPLIMENT><CITY>Waterdeep</CITY><COUNTRYREGIONID>FAE</COUNTRYREGIONID><COUNTRYREGIONISOCODE></COUNTRYREGIONISOCODE><COUNTY></COUNTY><DESCRIPTION>Gelfuril the Trader</DESCRIPTION><DISTRICTNAME>Trades Ward</DISTRICTNAME><DUNSNUMBER></DUNSNUMBER><FORMATTEDDELIVERYADDRESS>Trades Ward
Waterdeep,SC 
FAE</FORMATTEDDELIVERYADDRESS><ISLOCATIONOWNER>Yes</ISLOCATIONOWNER><ISPRIMARY>Yes</ISPRIMARY><ISPRIVATE>No</ISPRIVATE><ISPRIVATEPOSTALADDRESS>No</ISPRIVATEPOSTALADDRESS><ISROLEBUSINESS>Yes</ISROLEBUSINESS><ISROLEDELIVERY>No</ISROLEDELIVERY><ISROLEHOME>No</ISROLEHOME><ISROLEINVOICE>No</ISROLEINVOICE><LATITUDE>0.0000000000</LATITUDE><LONGITUDE>0.0000000000</LONGITUDE><POSTBOX></POSTBOX><ROLES>Business</ROLES><STATE>SC</STATE><STREET></STREET><STREETNUMBER></STREETNUMBER><TIMEZONE></TIMEZONE><VALIDTO>2154-12-31T23:59:59</VALIDTO><ZIPCODE></ZIPCODE></DIRPARTYLOCATIONPOSTALADDRESSV2ENTITY><DIRPARTYLOCATIONPOSTALADDRESSV2ENTITY><PARTYNUMBER>000000324</PARTYNUMBER><LOCATIONID>000000211</LOCATIONID><VALIDFROM>2024-08-21T19:07:38</VALIDFROM><ADDRESS>Corner of the High Road and Selduth Street
Trades Ward
Waterdeep,SC 
FAE</ADDRESS><ASSIGNMENTDATE>2024-08-21T19:07:39</ASSIGNMENTDATE><ATTENTIONTOADDRESSLINE></ATTENTIONTOADDRESSLINE><BUILDINGCOMPLIMENT></BUILDINGCOMPLIMENT><CITY>Waterdeep</CITY><COUNTRYREGIONID>FAE</COUNTRYREGIONID><COUNTRYREGIONISOCODE></COUNTRYREGIONISOCODE><COUNTY></COUNTY><DESCRIPTION><![CDATA[Feloun's Folly]]></DESCRIPTION><DISTRICTNAME>Trades Ward</DISTRICTNAME><DUNSNUMBER></DUNSNUMBER><FORMATTEDDELIVERYADDRESS>Corner of the High Road and Selduth Street
Trades Ward
Waterdeep,SC 
FAE</FORMATTEDDELIVERYADDRESS><ISLOCATIONOWNER>Yes</ISLOCATIONOWNER><ISPRIMARY>Yes</ISPRIMARY><ISPRIVATE>No</ISPRIVATE><ISPRIVATEPOSTALADDRESS>No</ISPRIVATEPOSTALADDRESS><ISROLEBUSINESS>Yes</ISROLEBUSINESS><ISROLEDELIVERY>No</ISROLEDELIVERY><ISROLEHOME>No</ISROLEHOME><ISROLEINVOICE>No</ISROLEINVOICE><LATITUDE>0.0000000000</LATITUDE><LONGITUDE>0.0000000000</LONGITUDE><POSTBOX></POSTBOX><ROLES>Business</ROLES><STATE>SC</STATE><STREET>Corner of the High Road and Selduth Street</STREET><STREETNUMBER></STREETNUMBER><TIMEZONE></TIMEZONE><VALIDTO>2154-12-31T23:59:59</VALIDTO><ZIPCODE></ZIPCODE></DIRPARTYLOCATIONPOSTALADDRESSV2ENTITY><DIRPARTYLOCATIONPOSTALADDRESSV2ENTITY><PARTYNUMBER>000000325</PARTYNUMBER><LOCATIONID>000000211</LOCATIONID><VALIDFROM>2024-08-21T19:07:38</VALIDFROM><ADDRESS>Corner of the High Road and Selduth Street
Trades Ward
Waterdeep,SC 
FAE</ADDRESS><ASSIGNMENTDATE>2024-08-21T19:09:22</ASSIGNMENTDATE><ATTENTIONTOADDRESSLINE></ATTENTIONTOADDRESSLINE><BUILDINGCOMPLIMENT></BUILDINGCOMPLIMENT><CITY>Waterdeep</CITY><COUNTRYREGIONID>FAE</COUNTRYREGIONID><COUNTRYREGIONISOCODE></COUNTRYREGIONISOCODE><COUNTY></COUNTY><DESCRIPTION><![CDATA[Feloun's Folly]]></DESCRIPTION><DISTRICTNAME>Trades Ward</DISTRICTNAME><DUNSNUMBER></DUNSNUMBER><FORMATTEDDELIVERYADDRESS>Corner of the High Road and Selduth Street
Trades Ward
Waterdeep,SC 
FAE</FORMATTEDDELIVERYADDRESS><ISLOCATIONOWNER>No</ISLOCATIONOWNER><ISPRIMARY>Yes</ISPRIMARY><ISPRIVATE>No</ISPRIVATE><ISPRIVATEPOSTALADDRESS>No</ISPRIVATEPOSTALADDRESS><ISROLEBUSINESS>Yes</ISROLEBUSINESS><ISROLEDELIVERY>No</ISROLEDELIVERY><ISROLEHOME>No</ISROLEHOME><ISROLEINVOICE>No</ISROLEINVOICE><LATITUDE>0.0000000000</LATITUDE><LONGITUDE>0.0000000000</LONGITUDE><POSTBOX></POSTBOX><ROLES>Business</ROLES><STATE>SC</STATE><STREET>Corner of the High Road and Selduth Street</STREET><STREETNUMBER></STREETNUMBER><TIMEZONE></TIMEZONE><VALIDTO>2154-12-31T23:59:59</VALIDTO><ZIPCODE></ZIPCODE></DIRPARTYLOCATIONPOSTALADDRESSV2ENTITY><DIRPARTYLOCATIONPOSTALADDRESSV2ENTITY><PARTYNUMBER>000000326</PARTYNUMBER><LOCATIONID>000000213</LOCATIONID><VALIDFROM>2024-08-21T20:01:48</VALIDFROM><ADDRESS>Sparrow Lane
Dock Ward
Waterdeep,SC 0001
FAE</ADDRESS><ASSIGNMENTDATE>2024-08-21T19:24:38</ASSIGNMENTDATE><ATTENTIONTOADDRESSLINE></ATTENTIONTOADDRESSLINE><BUILDINGCOMPLIMENT></BUILDINGCOMPLIMENT><CITY>Waterdeep</CITY><COUNTRYREGIONID>FAE</COUNTRYREGIONID><COUNTRYREGIONISOCODE></COUNTRYREGIONISOCODE><COUNTY></COUNTY><DESCRIPTION>Varris Blackblade</DESCRIPTION><DISTRICTNAME>Dock Ward</DISTRICTNAME><DUNSNUMBER></DUNSNUMBER><FORMATTEDDELIVERYADDRESS>Sparrow Lane
Dock Ward
Waterdeep,SC 0001
FAE</FORMATTEDDELIVERYADDRESS><ISLOCATIONOWNER>Yes</ISLOCATIONOWNER><ISPRIMARY>Yes</ISPRIMARY><ISPRIVATE>No</ISPRIVATE><ISPRIVATEPOSTALADDRESS>No</ISPRIVATEPOSTALADDRESS><ISROLEBUSINESS>Yes</ISROLEBUSINESS><ISROLEDELIVERY>No</ISROLEDELIVERY><ISROLEHOME>No</ISROLEHOME><ISROLEINVOICE>No</ISROLEINVOICE><LATITUDE>0.0000000000</LATITUDE><LONGITUDE>0.0000000000</LONGITUDE><POSTBOX></POSTBOX><ROLES>Business</ROLES><STATE>SC</STATE><STREET>Sparrow Lane</STREET><STREETNUMBER></STREETNUMBER><TIMEZONE></TIMEZONE><VALIDTO>2154-12-31T23:59:59</VALIDTO><ZIPCODE>0001</ZIPCODE></DIRPARTYLOCATIONPOSTALADDRESSV2ENTITY><DIRPARTYLOCATIONPOSTALADDRESSV2ENTITY><PARTYNUMBER>000000327</PARTYNUMBER><LOCATIONID>000000217</LOCATIONID><VALIDFROM>2024-08-22T12:21:48</VALIDFROM><ADDRESS>7 Dragonspur Alley
Sea Ward
Waterdeep,SC 
FAE</ADDRESS><ASSIGNMENTDATE>2024-08-22T12:22:47</ASSIGNMENTDATE><ATTENTIONTOADDRESSLINE></ATTENTIONTOADDRESSLINE><BUILDINGCOMPLIMENT></BUILDINGCOMPLIMENT><CITY>Waterdeep</CITY><COUNTRYREGIONID>FAE</COUNTRYREGIONID><COUNTRYREGIONISOCODE></COUNTRYREGIONISOCODE><COUNTY></COUNTY><DESCRIPTION>Velos Emberlight</DESCRIPTION><DISTRICTNAME>Sea Ward</DISTRICTNAME><DUNSNUMBER></DUNSNUMBER><FORMATTEDDELIVERYADDRESS>7 Dragonspur Alley
Sea Ward
Waterdeep,SC 
FAE</FORMATTEDDELIVERYADDRESS><ISLOCATIONOWNER>Yes</ISLOCATIONOWNER><ISPRIMARY>No</ISPRIMARY><ISPRIVATE>No</ISPRIVATE><ISPRIVATEPOSTALADDRESS>No</ISPRIVATEPOSTALADDRESS><ISROLEBUSINESS>Yes</ISROLEBUSINESS><ISROLEDELIVERY>No</ISROLEDELIVERY><ISROLEHOME>No</ISROLEHOME><ISROLEINVOICE>No</ISROLEINVOICE><LATITUDE>0.0000000000</LATITUDE><LONGITUDE>0.0000000000</LONGITUDE><POSTBOX></POSTBOX><ROLES>Business</ROLES><STATE>SC</STATE><STREET>7 Dragonspur Alley</STREET><STREETNUMBER></STREETNUMBER><TIMEZONE></TIMEZONE><VALIDTO>2154-12-31T23:59:59</VALIDTO><ZIPCODE></ZIPCODE></DIRPARTYLOCATIONPOSTALADDRESSV2ENTITY><DIRPARTYLOCATIONPOSTALADDRESSV2ENTITY><PARTYNUMBER>000000327</PARTYNUMBER><LOCATIONID>000000218</LOCATIONID><VALIDFROM>2024-08-22T12:25:57</VALIDFROM><ADDRESS>7 Dragonspur Alley
Sea Ward
Waterdeep,SC 0001
FAE</ADDRESS><ASSIGNMENTDATE>2024-08-22T12:25:58</ASSIGNMENTDATE><ATTENTIONTOADDRESSLINE></ATTENTIONTOADDRESSLINE><BUILDINGCOMPLIMENT></BUILDINGCOMPLIMENT><CITY>Waterdeep</CITY><COUNTRYREGIONID>FAE</COUNTRYREGIONID><COUNTRYREGIONISOCODE></COUNTRYREGIONISOCODE><COUNTY></COUNTY><DESCRIPTION>Velos Emberlight</DESCRIPTION><DISTRICTNAME>Sea Ward</DISTRICTNAME><DUNSNUMBER></DUNSNUMBER><FORMATTEDDELIVERYADDRESS>7 Dragonspur Alley
Sea Ward
Waterdeep,SC 0001
FAE</FORMATTEDDELIVERYADDRESS><ISLOCATIONOWNER>Yes</ISLOCATIONOWNER><ISPRIMARY>Yes</ISPRIMARY><ISPRIVATE>No</ISPRIVATE><ISPRIVATEPOSTALADDRESS>No</ISPRIVATEPOSTALADDRESS><ISROLEBUSINESS>No</ISROLEBUSINESS><ISROLEDELIVERY>Yes</ISROLEDELIVERY><ISROLEHOME>No</ISROLEHOME><ISROLEINVOICE>No</ISROLEINVOICE><LATITUDE>0.0000000000</LATITUDE><LONGITUDE>0.0000000000</LONGITUDE><POSTBOX></POSTBOX><ROLES>Delivery</ROLES><STATE>SC</STATE><STREET>7 Dragonspur Alley</STREET><STREETNUMBER></STREETNUMBER><TIMEZONE></TIMEZONE><VALIDTO>2154-12-31T23:59:59</VALIDTO><ZIPCODE>0001</ZIPCODE></DIRPARTYLOCATIONPOSTALADDRESSV2ENTITY><DIRPARTYLOCATIONPOSTALADDRESSV2ENTITY><PARTYNUMBER>000000328</PARTYNUMBER><LOCATIONID>000000219</LOCATIONID><VALIDFROM>2024-08-22T12:51:04</VALIDFROM><ADDRESS>12 Moonshadow Terrace
Trades Ward
Waterdeep,SC WD-2001-UR
FAE</ADDRESS><ASSIGNMENTDATE>2024-08-22T12:30:43</ASSIGNMENTDATE><ATTENTIONTOADDRESSLINE></ATTENTIONTOADDRESSLINE><BUILDINGCOMPLIMENT></BUILDINGCOMPLIMENT><CITY>Waterdeep</CITY><COUNTRYREGIONID>FAE</COUNTRYREGIONID><COUNTRYREGIONISOCODE></COUNTRYREGIONISOCODE><COUNTY></COUNTY><DESCRIPTION>Seraphine Duskwind</DESCRIPTION><DISTRICTNAME>Trades Ward</DISTRICTNAME><DUNSNUMBER></DUNSNUMBER><FORMATTEDDELIVERYADDRESS>12 Moonshadow Terrace
Trades Ward
Waterdeep,SC WD-2001-UR
FAE</FORMATTEDDELIVERYADDRESS><ISLOCATIONOWNER>Yes</ISLOCATIONOWNER><ISPRIMARY>Yes</ISPRIMARY><ISPRIVATE>No</ISPRIVATE><ISPRIVATEPOSTALADDRESS>No</ISPRIVATEPOSTALADDRESS><ISROLEBUSINESS>Yes</ISROLEBUSINESS><ISROLEDELIVERY>No</ISROLEDELIVERY><ISROLEHOME>No</ISROLEHOME><ISROLEINVOICE>No</ISROLEINVOICE><LATITUDE>0.0000000000</LATITUDE><LONGITUDE>0.0000000000</LONGITUDE><POSTBOX></POSTBOX><ROLES>Business</ROLES><STATE>SC</STATE><STREET>12 Moonshadow Terrace</STREET><STREETNUMBER></STREETNUMBER><TIMEZONE></TIMEZONE><VALIDTO>2154-12-31T23:59:59</VALIDTO><ZIPCODE>WD-2001-UR</ZIPCODE></DIRPARTYLOCATIONPOSTALADDRESSV2ENTITY><DIRPARTYLOCATIONPOSTALADDRESSV2ENTITY><PARTYNUMBER>000000329</PARTYNUMBER><LOCATIONID>000000221</LOCATIONID><VALIDFROM>2024-08-23T13:17:57</VALIDFROM><ADDRESS>7 Dragonspur Alley
Sea Ward
Waterdeep,SC 
FAE
Dock Ward
Waterdeep,SC 
FAE</ADDRESS><ASSIGNMENTDATE>2024-08-23T13:18:22</ASSIGNMENTDATE><ATTENTIONTOADDRESSLINE></ATTENTIONTOADDRESSLINE><BUILDINGCOMPLIMENT></BUILDINGCOMPLIMENT><CITY>Waterdeep</CITY><COUNTRYREGIONID>FAE</COUNTRYREGIONID><COUNTRYREGIONISOCODE></COUNTRYREGIONISOCODE><COUNTY></COUNTY><DESCRIPTION>The Iron Wheel Couriers</DESCRIPTION><DISTRICTNAME>Dock Ward</DISTRICTNAME><DUNSNUMBER></DUNSNUMBER><FORMATTEDDELIVERYADDRESS>7 Dragonspur Alley
Sea Ward
Waterdeep,SC 
FAE
Dock Ward
Waterdeep,SC 
FAE</FORMATTEDDELIVERYADDRESS><ISLOCATIONOWNER>Yes</ISLOCATIONOWNER><ISPRIMARY>Yes</ISPRIMARY><ISPRIVATE>No</ISPRIVATE><ISPRIVATEPOSTALADDRESS>No</ISPRIVATEPOSTALADDRESS><ISROLEBUSINESS>Yes</ISROLEBUSINESS><ISROLEDELIVERY>No</ISROLEDELIVERY><ISROLEHOME>No</ISROLEHOME><ISROLEINVOICE>No</ISROLEINVOICE><LATITUDE>0.0000000000</LATITUDE><LONGITUDE>0.0000000000</LONGITUDE><POSTBOX></POSTBOX><ROLES>Business</ROLES><STATE>SC</STATE><STREET>7 Dragonspur Alley
Sea Ward
Waterdeep,SC 
FAE</STREET><STREETNUMBER></STREETNUMBER><TIMEZONE></TIMEZONE><VALIDTO>2154-12-31T23:59:59</VALIDTO><ZIPCODE></ZIPCODE></DIRPARTYLOCATIONPOSTALADDRESSV2ENTITY><DIRPARTYLOCATIONPOSTALADDRESSV2ENTITY><PARTYNUMBER>000000330</PARTYNUMBER><LOCATIONID>000000222</LOCATIONID><VALIDFROM>2024-08-23T21:22:27</VALIDFROM><ADDRESS>415 Evermoors Lane
Neverwinter,SC NW-2002-BD
FAE</ADDRESS><ASSIGNMENTDATE>2024-08-23T21:25:34</ASSIGNMENTDATE><ATTENTIONTOADDRESSLINE></ATTENTIONTOADDRESSLINE><BUILDINGCOMPLIMENT></BUILDINGCOMPLIMENT><CITY>Neverwinter</CITY><COUNTRYREGIONID>FAE</COUNTRYREGIONID><COUNTRYREGIONISOCODE></COUNTRYREGIONISOCODE><COUNTY></COUNTY><DESCRIPTION><![CDATA[Thalindra "Thorn" Valewood]]></DESCRIPTION><DISTRICTNAME></DISTRICTNAME><DUNSNUMBER></DUNSNUMBER><FORMATTEDDELIVERYADDRESS>415 Evermoors Lane
Neverwinter,SC NW-2002-BD
FAE</FORMATTEDDELIVERYADDRESS><ISLOCATIONOWNER>Yes</ISLOCATIONOWNER><ISPRIMARY>Yes</ISPRIMARY><ISPRIVATE>No</ISPRIVATE><ISPRIVATEPOSTALADDRESS>No</ISPRIVATEPOSTALADDRESS><ISROLEBUSINESS>Yes</ISROLEBUSINESS><ISROLEDELIVERY>No</ISROLEDELIVERY><ISROLEHOME>No</ISROLEHOME><ISROLEINVOICE>No</ISROLEINVOICE><LATITUDE>0.0000000000</LATITUDE><LONGITUDE>0.0000000000</LONGITUDE><POSTBOX></POSTBOX><ROLES>Business</ROLES><STATE>SC</STATE><STREET>415 Evermoors Lane</STREET><STREETNUMBER></STREETNUMBER><TIMEZONE></TIMEZONE><VALIDTO>2154-12-31T23:59:59</VALIDTO><ZIPCODE>NW-2002-BD</ZIPCODE></DIRPARTYLOCATIONPOSTALADDRESSV2ENTITY><DIRPARTYLOCATIONPOSTALADDRESSV2ENTITY><PARTYNUMBER>000000333</PARTYNUMBER><LOCATIONID>000000225</LOCATIONID><VALIDFROM>2024-08-25T11:33:49</VALIDFROM><ADDRESS>47 Stormwatch Street
The Stewards Quarters
Caer Callidyrr,MI CC-1021-UR
FAE</ADDRESS><ASSIGNMENTDATE>2024-08-25T11:34:40</ASSIGNMENTDATE><ATTENTIONTOADDRESSLINE></ATTENTIONTOADDRESSLINE><BUILDINGCOMPLIMENT></BUILDINGCOMPLIMENT><CITY>Caer Callidyrr</CITY><COUNTRYREGIONID>FAE</COUNTRYREGIONID><COUNTRYREGIONISOCODE></COUNTRYREGIONISOCODE><COUNTY></COUNTY><DESCRIPTION>Eamon Blackbriar</DESCRIPTION><DISTRICTNAME>The Stewards Quarters</DISTRICTNAME><DUNSNUMBER></DUNSNUMBER><FORMATTEDDELIVERYADDRESS>47 Stormwatch Street
The Stewards Quarters
Caer Callidyrr,MI CC-1021-UR
FAE</FORMATTEDDELIVERYADDRESS><ISLOCATIONOWNER>Yes</ISLOCATIONOWNER><ISPRIMARY>Yes</ISPRIMARY><ISPRIVATE>No</ISPRIVATE><ISPRIVATEPOSTALADDRESS>No</ISPRIVATEPOSTALADDRESS><ISROLEBUSINESS>Yes</ISROLEBUSINESS><ISROLEDELIVERY>No</ISROLEDELIVERY><ISROLEHOME>No</ISROLEHOME><ISROLEINVOICE>No</ISROLEINVOICE><LATITUDE>0.0000000000</LATITUDE><LONGITUDE>0.0000000000</LONGITUDE><POSTBOX></POSTBOX><ROLES>Business</ROLES><STATE>MI</STATE><STREET>47 Stormwatch Street</STREET><STREETNUMBER></STREETNUMBER><TIMEZONE></TIMEZONE><VALIDTO>2154-12-31T23:59:59</VALIDTO><ZIPCODE>CC-1021-UR</ZIPCODE></DIRPARTYLOCATIONPOSTALADDRESSV2ENTITY><DIRPARTYLOCATIONPOSTALADDRESSV2ENTITY><PARTYNUMBER>000000401</PARTYNUMBER><LOCATIONID>000000302</LOCATIONID><VALIDFROM>2024-08-29T17:21:11</VALIDFROM><ADDRESS>FAE</ADDRESS><ASSIGNMENTDATE>2024-08-29T17:21:11</ASSIGNMENTDATE><ATTENTIONTOADDRESSLINE></ATTENTIONTOADDRESSLINE><BUILDINGCOMPLIMENT></BUILDINGCOMPLIMENT><CITY></CITY><COUNTRYREGIONID>FAE</COUNTRYREGIONID><COUNTRYREGIONISOCODE></COUNTRYREGIONISOCODE><COUNTY></COUNTY><DESCRIPTION>Faerûn Board of Trade</DESCRIPTION><DISTRICTNAME></DISTRICTNAME><DUNSNUMBER></DUNSNUMBER><FORMATTEDDELIVERYADDRESS>FAE</FORMATTEDDELIVERYADDRESS><ISLOCATIONOWNER>Yes</ISLOCATIONOWNER><ISPRIMARY>Yes</ISPRIMARY><ISPRIVATE>No</ISPRIVATE><ISPRIVATEPOSTALADDRESS>No</ISPRIVATEPOSTALADDRESS><ISROLEBUSINESS>Yes</ISROLEBUSINESS><ISROLEDELIVERY>No</ISROLEDELIVERY><ISROLEHOME>No</ISROLEHOME><ISROLEINVOICE>No</ISROLEINVOICE><LATITUDE>0.0000000000</LATITUDE><LONGITUDE>0.0000000000</LONGITUDE><POSTBOX></POSTBOX><ROLES>Business</ROLES><STATE></STATE><STREET></STREET><STREETNUMBER></STREETNUMBER><TIMEZONE></TIMEZONE><VALIDTO>2154-12-31T23:59:59</VALIDTO><ZIPCODE></ZIPCODE></DIRPARTYLOCATIONPOSTALADDRESSV2ENTITY><DIRPARTYLOCATIONPOSTALADDRESSV2ENTITY><PARTYNUMBER>000000501</PARTYNUMBER><LOCATIONID>000000401</LOCATIONID><VALIDFROM>2024-09-03T13:36:15</VALIDFROM><ADDRESS>FAE</ADDRESS><ASSIGNMENTDATE>2024-09-03T13:36:16</ASSIGNMENTDATE><ATTENTIONTOADDRESSLINE></ATTENTIONTOADDRESSLINE><BUILDINGCOMPLIMENT></BUILDINGCOMPLIMENT><CITY></CITY><COUNTRYREGIONID>FAE</COUNTRYREGIONID><COUNTRYREGIONISOCODE></COUNTRYREGIONISOCODE><COUNTY></COUNTY><DESCRIPTION>Blacksmiths Guild</DESCRIPTION><DISTRICTNAME></DISTRICTNAME><DUNSNUMBER></DUNSNUMBER><FORMATTEDDELIVERYADDRESS>FAE</FORMATTEDDELIVERYADDRESS><ISLOCATIONOWNER>Yes</ISLOCATIONOWNER><ISPRIMARY>Yes</ISPRIMARY><ISPRIVATE>No</ISPRIVATE><ISPRIVATEPOSTALADDRESS>No</ISPRIVATEPOSTALADDRESS><ISROLEBUSINESS>Yes</ISROLEBUSINESS><ISROLEDELIVERY>No</ISROLEDELIVERY><ISROLEHOME>No</ISROLEHOME><ISROLEINVOICE>No</ISROLEINVOICE><LATITUDE>0.0000000000</LATITUDE><LONGITUDE>0.0000000000</LONGITUDE><POSTBOX></POSTBOX><ROLES>Business</ROLES><STATE></STATE><STREET></STREET><STREETNUMBER></STREETNUMBER><TIMEZONE></TIMEZONE><VALIDTO>2154-12-31T23:59:59</VALIDTO><ZIPCODE></ZIPCODE></DIRPARTYLOCATIONPOSTALADDRESSV2ENTITY><DIRPARTYLOCATIONPOSTALADDRESSV2ENTITY><PARTYNUMBER>000000502</PARTYNUMBER><LOCATIONID>000000402</LOCATIONID><VALIDFROM>2024-09-03T13:36:31</VALIDFROM><ADDRESS>FAE</ADDRESS><ASSIGNMENTDATE>2024-09-03T13:36:31</ASSIGNMENTDATE><ATTENTIONTOADDRESSLINE></ATTENTIONTOADDRESSLINE><BUILDINGCOMPLIMENT></BUILDINGCOMPLIMENT><CITY></CITY><COUNTRYREGIONID>FAE</COUNTRYREGIONID><COUNTRYREGIONISOCODE></COUNTRYREGIONISOCODE><COUNTY></COUNTY><DESCRIPTION>Bakers Guild</DESCRIPTION><DISTRICTNAME></DISTRICTNAME><DUNSNUMBER></DUNSNUMBER><FORMATTEDDELIVERYADDRESS>FAE</FORMATTEDDELIVERYADDRESS><ISLOCATIONOWNER>Yes</ISLOCATIONOWNER><ISPRIMARY>Yes</ISPRIMARY><ISPRIVATE>No</ISPRIVATE><ISPRIVATEPOSTALADDRESS>No</ISPRIVATEPOSTALADDRESS><ISROLEBUSINESS>Yes</ISROLEBUSINESS><ISROLEDELIVERY>No</ISROLEDELIVERY><ISROLEHOME>No</ISROLEHOME><ISROLEINVOICE>No</ISROLEINVOICE><LATITUDE>0.0000000000</LATITUDE><LONGITUDE>0.0000000000</LONGITUDE><POSTBOX></POSTBOX><ROLES>Business</ROLES><STATE></STATE><STREET></STREET><STREETNUMBER></STREETNUMBER><TIMEZONE></TIMEZONE><VALIDTO>2154-12-31T23:59:59</VALIDTO><ZIPCODE></ZIPCODE></DIRPARTYLOCATIONPOSTALADDRESSV2ENTITY><DIRPARTYLOCATIONPOSTALADDRESSV2ENTITY><PARTYNUMBER>000000503</PARTYNUMBER><LOCATIONID>000000403</LOCATIONID><VALIDFROM>2024-09-03T13:36:46</VALIDFROM><ADDRESS>fae</ADDRESS><ASSIGNMENTDATE>2024-09-03T13:36:46</ASSIGNMENTDATE><ATTENTIONTOADDRESSLINE></ATTENTIONTOADDRESSLINE><BUILDINGCOMPLIMENT></BUILDINGCOMPLIMENT><CITY></CITY><COUNTRYREGIONID>fae</COUNTRYREGIONID><COUNTRYREGIONISOCODE></COUNTRYREGIONISOCODE><COUNTY></COUNTY><DESCRIPTION>Butchers Guild</DESCRIPTION><DISTRICTNAME></DISTRICTNAME><DUNSNUMBER></DUNSNUMBER><FORMATTEDDELIVERYADDRESS>fae</FORMATTEDDELIVERYADDRESS><ISLOCATIONOWNER>Yes</ISLOCATIONOWNER><ISPRIMARY>Yes</ISPRIMARY><ISPRIVATE>No</ISPRIVATE><ISPRIVATEPOSTALADDRESS>No</ISPRIVATEPOSTALADDRESS><ISROLEBUSINESS>Yes</ISROLEBUSINESS><ISROLEDELIVERY>No</ISROLEDELIVERY><ISROLEHOME>No</ISROLEHOME><ISROLEINVOICE>No</ISROLEINVOICE><LATITUDE>0.0000000000</LATITUDE><LONGITUDE>0.0000000000</LONGITUDE><POSTBOX></POSTBOX><ROLES>Business</ROLES><STATE></STATE><STREET></STREET><STREETNUMBER></STREETNUMBER><TIMEZONE></TIMEZONE><VALIDTO>2154-12-31T23:59:59</VALIDTO><ZIPCODE></ZIPCODE></DIRPARTYLOCATIONPOSTALADDRESSV2ENTITY><DIRPARTYLOCATIONPOSTALADDRESSV2ENTITY><PARTYNUMBER>000000504</PARTYNUMBER><LOCATIONID>000000404</LOCATIONID><VALIDFROM>2024-09-03T13:37:08</VALIDFROM><ADDRESS>fae</ADDRESS><ASSIGNMENTDATE>2024-09-03T13:37:08</ASSIGNMENTDATE><ATTENTIONTOADDRESSLINE></ATTENTIONTOADDRESSLINE><BUILDINGCOMPLIMENT></BUILDINGCOMPLIMENT><CITY></CITY><COUNTRYREGIONID>fae</COUNTRYREGIONID><COUNTRYREGIONISOCODE></COUNTRYREGIONISOCODE><COUNTY></COUNTY><DESCRIPTION>Caprpenters Guild</DESCRIPTION><DISTRICTNAME></DISTRICTNAME><DUNSNUMBER></DUNSNUMBER><FORMATTEDDELIVERYADDRESS>fae</FORMATTEDDELIVERYADDRESS><ISLOCATIONOWNER>Yes</ISLOCATIONOWNER><ISPRIMARY>Yes</ISPRIMARY><ISPRIVATE>No</ISPRIVATE><ISPRIVATEPOSTALADDRESS>No</ISPRIVATEPOSTALADDRESS><ISROLEBUSINESS>Yes</ISROLEBUSINESS><ISROLEDELIVERY>No</ISROLEDELIVERY><ISROLEHOME>No</ISROLEHOME><ISROLEINVOICE>No</ISROLEINVOICE><LATITUDE>0.0000000000</LATITUDE><LONGITUDE>0.0000000000</LONGITUDE><POSTBOX></POSTBOX><ROLES>Business</ROLES><STATE></STATE><STREET></STREET><STREETNUMBER></STREETNUMBER><TIMEZONE></TIMEZONE><VALIDTO>2154-12-31T23:59:59</VALIDTO><ZIPCODE></ZIPCODE></DIRPARTYLOCATIONPOSTALADDRESSV2ENTITY><DIRPARTYLOCATIONPOSTALADDRESSV2ENTITY><PARTYNUMBER>000000505</PARTYNUMBER><LOCATIONID>000000405</LOCATIONID><VALIDFROM>2024-09-03T13:37:23</VALIDFROM><ADDRESS>fae</ADDRESS><ASSIGNMENTDATE>2024-09-03T13:37:23</ASSIGNMENTDATE><ATTENTIONTOADDRESSLINE></ATTENTIONTOADDRESSLINE><BUILDINGCOMPLIMENT></BUILDINGCOMPLIMENT><CITY></CITY><COUNTRYREGIONID>fae</COUNTRYREGIONID><COUNTRYREGIONISOCODE></COUNTRYREGIONISOCODE><COUNTY></COUNTY><DESCRIPTION>Cobblers Guild</DESCRIPTION><DISTRICTNAME></DISTRICTNAME><DUNSNUMBER></DUNSNUMBER><FORMATTEDDELIVERYADDRESS>fae</FORMATTEDDELIVERYADDRESS><ISLOCATIONOWNER>Yes</ISLOCATIONOWNER><ISPRIMARY>Yes</ISPRIMARY><ISPRIVATE>No</ISPRIVATE><ISPRIVATEPOSTALADDRESS>No</ISPRIVATEPOSTALADDRESS><ISROLEBUSINESS>Yes</ISROLEBUSINESS><ISROLEDELIVERY>No</ISROLEDELIVERY><ISROLEHOME>No</ISROLEHOME><ISROLEINVOICE>No</ISROLEINVOICE><LATITUDE>0.0000000000</LATITUDE><LONGITUDE>0.0000000000</LONGITUDE><POSTBOX></POSTBOX><ROLES>Business</ROLES><STATE></STATE><STREET></STREET><STREETNUMBER></STREETNUMBER><TIMEZONE></TIMEZONE><VALIDTO>2154-12-31T23:59:59</VALIDTO><ZIPCODE></ZIPCODE></DIRPARTYLOCATIONPOSTALADDRESSV2ENTITY><DIRPARTYLOCATIONPOSTALADDRESSV2ENTITY><PARTYNUMBER>000000506</PARTYNUMBER><LOCATIONID>000000406</LOCATIONID><VALIDFROM>2024-09-03T13:37:43</VALIDFROM><ADDRESS>fae</ADDRESS><ASSIGNMENTDATE>2024-09-03T13:37:43</ASSIGNMENTDATE><ATTENTIONTOADDRESSLINE></ATTENTIONTOADDRESSLINE><BUILDINGCOMPLIMENT></BUILDINGCOMPLIMENT><CITY></CITY><COUNTRYREGIONID>fae</COUNTRYREGIONID><COUNTRYREGIONISOCODE></COUNTRYREGIONISOCODE><COUNTY></COUNTY><DESCRIPTION>Tanners and Leatherworkers Guild</DESCRIPTION><DISTRICTNAME></DISTRICTNAME><DUNSNUMBER></DUNSNUMBER><FORMATTEDDELIVERYADDRESS>fae</FORMATTEDDELIVERYADDRESS><ISLOCATIONOWNER>Yes</ISLOCATIONOWNER><ISPRIMARY>Yes</ISPRIMARY><ISPRIVATE>No</ISPRIVATE><ISPRIVATEPOSTALADDRESS>No</ISPRIVATEPOSTALADDRESS><ISROLEBUSINESS>Yes</ISROLEBUSINESS><ISROLEDELIVERY>No</ISROLEDELIVERY><ISROLEHOME>No</ISROLEHOME><ISROLEINVOICE>No</ISROLEINVOICE><LATITUDE>0.0000000000</LATITUDE><LONGITUDE>0.0000000000</LONGITUDE><POSTBOX></POSTBOX><ROLES>Business</ROLES><STATE></STATE><STREET></STREET><STREETNUMBER></STREETNUMBER><TIMEZONE></TIMEZONE><VALIDTO>2154-12-31T23:59:59</VALIDTO><ZIPCODE></ZIPCODE></DIRPARTYLOCATIONPOSTALADDRESSV2ENTITY><DIRPARTYLOCATIONPOSTALADDRESSV2ENTITY><PARTYNUMBER>000000507</PARTYNUMBER><LOCATIONID>000000407</LOCATIONID><VALIDFROM>2024-09-03T13:37:59</VALIDFROM><ADDRESS>fae</ADDRESS><ASSIGNMENTDATE>2024-09-03T13:37:59</ASSIGNMENTDATE><ATTENTIONTOADDRESSLINE></ATTENTIONTOADDRESSLINE><BUILDINGCOMPLIMENT></BUILDINGCOMPLIMENT><CITY></CITY><COUNTRYREGIONID>fae</COUNTRYREGIONID><COUNTRYREGIONISOCODE></COUNTRYREGIONISOCODE><COUNTY></COUNTY><DESCRIPTION>Fishmongers Guild</DESCRIPTION><DISTRICTNAME></DISTRICTNAME><DUNSNUMBER></DUNSNUMBER><FORMATTEDDELIVERYADDRESS>fae</FORMATTEDDELIVERYADDRESS><ISLOCATIONOWNER>Yes</ISLOCATIONOWNER><ISPRIMARY>Yes</ISPRIMARY><ISPRIVATE>No</ISPRIVATE><ISPRIVATEPOSTALADDRESS>No</ISPRIVATEPOSTALADDRESS><ISROLEBUSINESS>Yes</ISROLEBUSINESS><ISROLEDELIVERY>No</ISROLEDELIVERY><ISROLEHOME>No</ISROLEHOME><ISROLEINVOICE>No</ISROLEINVOICE><LATITUDE>0.0000000000</LATITUDE><LONGITUDE>0.0000000000</LONGITUDE><POSTBOX></POSTBOX><ROLES>Business</ROLES><STATE></STATE><STREET></STREET><STREETNUMBER></STREETNUMBER><TIMEZONE></TIMEZONE><VALIDTO>2154-12-31T23:59:59</VALIDTO><ZIPCODE></ZIPCODE></DIRPARTYLOCATIONPOSTALADDRESSV2ENTITY><DIRPARTYLOCATIONPOSTALADDRESSV2ENTITY><PARTYNUMBER>000000508</PARTYNUMBER><LOCATIONID>000000408</LOCATIONID><VALIDFROM>2024-09-03T13:38:17</VALIDFROM><ADDRESS>fae</ADDRESS><ASSIGNMENTDATE>2024-09-03T13:38:17</ASSIGNMENTDATE><ATTENTIONTOADDRESSLINE></ATTENTIONTOADDRESSLINE><BUILDINGCOMPLIMENT></BUILDINGCOMPLIMENT><CITY></CITY><COUNTRYREGIONID>fae</COUNTRYREGIONID><COUNTRYREGIONISOCODE></COUNTRYREGIONISOCODE><COUNTY></COUNTY><DESCRIPTION>Weavers Guild</DESCRIPTION><DISTRICTNAME></DISTRICTNAME><DUNSNUMBER></DUNSNUMBER><FORMATTEDDELIVERYADDRESS>fae</FORMATTEDDELIVERYADDRESS><ISLOCATIONOWNER>Yes</ISLOCATIONOWNER><ISPRIMARY>Yes</ISPRIMARY><ISPRIVATE>No</ISPRIVATE><ISPRIVATEPOSTALADDRESS>No</ISPRIVATEPOSTALADDRESS><ISROLEBUSINESS>Yes</ISROLEBUSINESS><ISROLEDELIVERY>No</ISROLEDELIVERY><ISROLEHOME>No</ISROLEHOME><ISROLEINVOICE>No</ISROLEINVOICE><LATITUDE>0.0000000000</LATITUDE><LONGITUDE>0.0000000000</LONGITUDE><POSTBOX></POSTBOX><ROLES>Business</ROLES><STATE></STATE><STREET></STREET><STREETNUMBER></STREETNUMBER><TIMEZONE></TIMEZONE><VALIDTO>2154-12-31T23:59:59</VALIDTO><ZIPCODE></ZIPCODE></DIRPARTYLOCATIONPOSTALADDRESSV2ENTITY><DIRPARTYLOCATIONPOSTALADDRESSV2ENTITY><PARTYNUMBER>000000509</PARTYNUMBER><LOCATIONID>000000409</LOCATIONID><VALIDFROM>2024-09-03T13:38:32</VALIDFROM><ADDRESS>fae</ADDRESS><ASSIGNMENTDATE>2024-09-03T13:38:32</ASSIGNMENTDATE><ATTENTIONTOADDRESSLINE></ATTENTIONTOADDRESSLINE><BUILDINGCOMPLIMENT></BUILDINGCOMPLIMENT><CITY></CITY><COUNTRYREGIONID>fae</COUNTRYREGIONID><COUNTRYREGIONISOCODE></COUNTRYREGIONISOCODE><COUNTY></COUNTY><DESCRIPTION>Tailors Guild</DESCRIPTION><DISTRICTNAME></DISTRICTNAME><DUNSNUMBER></DUNSNUMBER><FORMATTEDDELIVERYADDRESS>fae</FORMATTEDDELIVERYADDRESS><ISLOCATIONOWNER>Yes</ISLOCATIONOWNER><ISPRIMARY>Yes</ISPRIMARY><ISPRIVATE>No</ISPRIVATE><ISPRIVATEPOSTALADDRESS>No</ISPRIVATEPOSTALADDRESS><ISROLEBUSINESS>Yes</ISROLEBUSINESS><ISROLEDELIVERY>No</ISROLEDELIVERY><ISROLEHOME>No</ISROLEHOME><ISROLEINVOICE>No</ISROLEINVOICE><LATITUDE>0.0000000000</LATITUDE><LONGITUDE>0.0000000000</LONGITUDE><POSTBOX></POSTBOX><ROLES>Business</ROLES><STATE></STATE><STREET></STREET><STREETNUMBER></STREETNUMBER><TIMEZONE></TIMEZONE><VALIDTO>2154-12-31T23:59:59</VALIDTO><ZIPCODE></ZIPCODE></DIRPARTYLOCATIONPOSTALADDRESSV2ENTITY><DIRPARTYLOCATIONPOSTALADDRESSV2ENTITY><PARTYNUMBER>000000510</PARTYNUMBER><LOCATIONID>000000410</LOCATIONID><VALIDFROM>2024-09-03T13:39:06</VALIDFROM><ADDRESS>FAE</ADDRESS><ASSIGNMENTDATE>2024-09-03T13:39:06</ASSIGNMENTDATE><ATTENTIONTOADDRESSLINE></ATTENTIONTOADDRESSLINE><BUILDINGCOMPLIMENT></BUILDINGCOMPLIMENT><CITY></CITY><COUNTRYREGIONID>FAE</COUNTRYREGIONID><COUNTRYREGIONISOCODE></COUNTRYREGIONISOCODE><COUNTY></COUNTY><DESCRIPTION>Masons and Stonecutters Guild</DESCRIPTION><DISTRICTNAME></DISTRICTNAME><DUNSNUMBER></DUNSNUMBER><FORMATTEDDELIVERYADDRESS>FAE</FORMATTEDDELIVERYADDRESS><ISLOCATIONOWNER>Yes</ISLOCATIONOWNER><ISPRIMARY>Yes</ISPRIMARY><ISPRIVATE>No</ISPRIVATE><ISPRIVATEPOSTALADDRESS>No</ISPRIVATEPOSTALADDRESS><ISROLEBUSINESS>Yes</ISROLEBUSINESS><ISROLEDELIVERY>No</ISROLEDELIVERY><ISROLEHOME>No</ISROLEHOME><ISROLEINVOICE>No</ISROLEINVOICE><LATITUDE>0.0000000000</LATITUDE><LONGITUDE>0.0000000000</LONGITUDE><POSTBOX></POSTBOX><ROLES>Business</ROLES><STATE></STATE><STREET></STREET><STREETNUMBER></STREETNUMBER><TIMEZONE></TIMEZONE><VALIDTO>2154-12-31T23:59:59</VALIDTO><ZIPCODE></ZIPCODE></DIRPARTYLOCATIONPOSTALADDRESSV2ENTITY><DIRPARTYLOCATIONPOSTALADDRESSV2ENTITY><PARTYNUMBER>000000511</PARTYNUMBER><LOCATIONID>000000411</LOCATIONID><VALIDFROM>2024-09-03T13:39:22</VALIDFROM><ADDRESS>fae</ADDRESS><ASSIGNMENTDATE>2024-09-03T13:39:22</ASSIGNMENTDATE><ATTENTIONTOADDRESSLINE></ATTENTIONTOADDRESSLINE><BUILDINGCOMPLIMENT></BUILDINGCOMPLIMENT><CITY></CITY><COUNTRYREGIONID>fae</COUNTRYREGIONID><COUNTRYREGIONISOCODE></COUNTRYREGIONISOCODE><COUNTY></COUNTY><DESCRIPTION>Chandlers Guild</DESCRIPTION><DISTRICTNAME></DISTRICTNAME><DUNSNUMBER></DUNSNUMBER><FORMATTEDDELIVERYADDRESS>fae</FORMATTEDDELIVERYADDRESS><ISLOCATIONOWNER>Yes</ISLOCATIONOWNER><ISPRIMARY>Yes</ISPRIMARY><ISPRIVATE>No</ISPRIVATE><ISPRIVATEPOSTALADDRESS>No</ISPRIVATEPOSTALADDRESS><ISROLEBUSINESS>Yes</ISROLEBUSINESS><ISROLEDELIVERY>No</ISROLEDELIVERY><ISROLEHOME>No</ISROLEHOME><ISROLEINVOICE>No</ISROLEINVOICE><LATITUDE>0.0000000000</LATITUDE><LONGITUDE>0.0000000000</LONGITUDE><POSTBOX></POSTBOX><ROLES>Business</ROLES><STATE></STATE><STREET></STREET><STREETNUMBER></STREETNUMBER><TIMEZONE></TIMEZONE><VALIDTO>2154-12-31T23:59:59</VALIDTO><ZIPCODE></ZIPCODE></DIRPARTYLOCATIONPOSTALADDRESSV2ENTITY><DIRPARTYLOCATIONPOSTALADDRESSV2ENTITY><PARTYNUMBER>000000512</PARTYNUMBER><LOCATIONID>000000412</LOCATIONID><VALIDFROM>2024-09-03T13:39:46</VALIDFROM><ADDRESS>FAE</ADDRESS><ASSIGNMENTDATE>2024-09-03T13:39:46</ASSIGNMENTDATE><ATTENTIONTOADDRESSLINE></ATTENTIONTOADDRESSLINE><BUILDINGCOMPLIMENT></BUILDINGCOMPLIMENT><CITY></CITY><COUNTRYREGIONID>FAE</COUNTRYREGIONID><COUNTRYREGIONISOCODE></COUNTRYREGIONISOCODE><COUNTY></COUNTY><DESCRIPTION>Glassblowers and Glaziers Guild</DESCRIPTION><DISTRICTNAME></DISTRICTNAME><DUNSNUMBER></DUNSNUMBER><FORMATTEDDELIVERYADDRESS>FAE</FORMATTEDDELIVERYADDRESS><ISLOCATIONOWNER>Yes</ISLOCATIONOWNER><ISPRIMARY>Yes</ISPRIMARY><ISPRIVATE>No</ISPRIVATE><ISPRIVATEPOSTALADDRESS>No</ISPRIVATEPOSTALADDRESS><ISROLEBUSINESS>Yes</ISROLEBUSINESS><ISROLEDELIVERY>No</ISROLEDELIVERY><ISROLEHOME>No</ISROLEHOME><ISROLEINVOICE>No</ISROLEINVOICE><LATITUDE>0.0000000000</LATITUDE><LONGITUDE>0.0000000000</LONGITUDE><POSTBOX></POSTBOX><ROLES>Business</ROLES><STATE></STATE><STREET></STREET><STREETNUMBER></STREETNUMBER><TIMEZONE></TIMEZONE><VALIDTO>2154-12-31T23:59:59</VALIDTO><ZIPCODE></ZIPCODE></DIRPARTYLOCATIONPOSTALADDRESSV2ENTITY><DIRPARTYLOCATIONPOSTALADDRESSV2ENTITY><PARTYNUMBER>000000513</PARTYNUMBER><LOCATIONID>000000413</LOCATIONID><VALIDFROM>2024-09-03T13:40:08</VALIDFROM><ADDRESS>fae</ADDRESS><ASSIGNMENTDATE>2024-09-03T13:40:08</ASSIGNMENTDATE><ATTENTIONTOADDRESSLINE></ATTENTIONTOADDRESSLINE><BUILDINGCOMPLIMENT></BUILDINGCOMPLIMENT><CITY></CITY><COUNTRYREGIONID>fae</COUNTRYREGIONID><COUNTRYREGIONISOCODE></COUNTRYREGIONISOCODE><COUNTY></COUNTY><DESCRIPTION>Potters and Thilemakers Guild</DESCRIPTION><DISTRICTNAME></DISTRICTNAME><DUNSNUMBER></DUNSNUMBER><FORMATTEDDELIVERYADDRESS>fae</FORMATTEDDELIVERYADDRESS><ISLOCATIONOWNER>Yes</ISLOCATIONOWNER><ISPRIMARY>Yes</ISPRIMARY><ISPRIVATE>No</ISPRIVATE><ISPRIVATEPOSTALADDRESS>No</ISPRIVATEPOSTALADDRESS><ISROLEBUSINESS>Yes</ISROLEBUSINESS><ISROLEDELIVERY>No</ISROLEDELIVERY><ISROLEHOME>No</ISROLEHOME><ISROLEINVOICE>No</ISROLEINVOICE><LATITUDE>0.0000000000</LATITUDE><LONGITUDE>0.0000000000</LONGITUDE><POSTBOX></POSTBOX><ROLES>Business</ROLES><STATE></STATE><STREET></STREET><STREETNUMBER></STREETNUMBER><TIMEZONE></TIMEZONE><VALIDTO>2154-12-31T23:59:59</VALIDTO><ZIPCODE></ZIPCODE></DIRPARTYLOCATIONPOSTALADDRESSV2ENTITY><DIRPARTYLOCATIONPOSTALADDRESSV2ENTITY><PARTYNUMBER>000000514</PARTYNUMBER><LOCATIONID>000000414</LOCATIONID><VALIDFROM>2024-09-03T13:40:27</VALIDFROM><ADDRESS>fae</ADDRESS><ASSIGNMENTDATE>2024-09-03T13:40:27</ASSIGNMENTDATE><ATTENTIONTOADDRESSLINE></ATTENTIONTOADDRESSLINE><BUILDINGCOMPLIMENT></BUILDINGCOMPLIMENT><CITY></CITY><COUNTRYREGIONID>fae</COUNTRYREGIONID><COUNTRYREGIONISOCODE></COUNTRYREGIONISOCODE><COUNTY></COUNTY><DESCRIPTION>Brewers Guild</DESCRIPTION><DISTRICTNAME></DISTRICTNAME><DUNSNUMBER></DUNSNUMBER><FORMATTEDDELIVERYADDRESS>fae</FORMATTEDDELIVERYADDRESS><ISLOCATIONOWNER>Yes</ISLOCATIONOWNER><ISPRIMARY>Yes</ISPRIMARY><ISPRIVATE>No</ISPRIVATE><ISPRIVATEPOSTALADDRESS>No</ISPRIVATEPOSTALADDRESS><ISROLEBUSINESS>Yes</ISROLEBUSINESS><ISROLEDELIVERY>No</ISROLEDELIVERY><ISROLEHOME>No</ISROLEHOME><ISROLEINVOICE>No</ISROLEINVOICE><LATITUDE>0.0000000000</LATITUDE><LONGITUDE>0.0000000000</LONGITUDE><POSTBOX></POSTBOX><ROLES>Business</ROLES><STATE></STATE><STREET></STREET><STREETNUMBER></STREETNUMBER><TIMEZONE></TIMEZONE><VALIDTO>2154-12-31T23:59:59</VALIDTO><ZIPCODE></ZIPCODE></DIRPARTYLOCATIONPOSTALADDRESSV2ENTITY><DIRPARTYLOCATIONPOSTALADDRESSV2ENTITY><PARTYNUMBER>000000515</PARTYNUMBER><LOCATIONID>000000415</LOCATIONID><VALIDFROM>2024-09-03T13:40:43</VALIDFROM><ADDRESS>fae</ADDRESS><ASSIGNMENTDATE>2024-09-03T13:40:43</ASSIGNMENTDATE><ATTENTIONTOADDRESSLINE></ATTENTIONTOADDRESSLINE><BUILDINGCOMPLIMENT></BUILDINGCOMPLIMENT><CITY></CITY><COUNTRYREGIONID>fae</COUNTRYREGIONID><COUNTRYREGIONISOCODE></COUNTRYREGIONISOCODE><COUNTY></COUNTY><DESCRIPTION>Carters Guild</DESCRIPTION><DISTRICTNAME></DISTRICTNAME><DUNSNUMBER></DUNSNUMBER><FORMATTEDDELIVERYADDRESS>fae</FORMATTEDDELIVERYADDRESS><ISLOCATIONOWNER>Yes</ISLOCATIONOWNER><ISPRIMARY>Yes</ISPRIMARY><ISPRIVATE>No</ISPRIVATE><ISPRIVATEPOSTALADDRESS>No</ISPRIVATEPOSTALADDRESS><ISROLEBUSINESS>Yes</ISROLEBUSINESS><ISROLEDELIVERY>No</ISROLEDELIVERY><ISROLEHOME>No</ISROLEHOME><ISROLEINVOICE>No</ISROLEINVOICE><LATITUDE>0.0000000000</LATITUDE><LONGITUDE>0.0000000000</LONGITUDE><POSTBOX></POSTBOX><ROLES>Business</ROLES><STATE></STATE><STREET></STREET><STREETNUMBER></STREETNUMBER><TIMEZONE></TIMEZONE><VALIDTO>2154-12-31T23:59:59</VALIDTO><ZIPCODE></ZIPCODE></DIRPARTYLOCATIONPOSTALADDRESSV2ENTITY><DIRPARTYLOCATIONPOSTALADDRESSV2ENTITY><PARTYNUMBER>000000516</PARTYNUMBER><LOCATIONID>000000416</LOCATIONID><VALIDFROM>2024-09-03T13:40:59</VALIDFROM><ADDRESS>fae</ADDRESS><ASSIGNMENTDATE>2024-09-03T13:40:59</ASSIGNMENTDATE><ATTENTIONTOADDRESSLINE></ATTENTIONTOADDRESSLINE><BUILDINGCOMPLIMENT></BUILDINGCOMPLIMENT><CITY></CITY><COUNTRYREGIONID>fae</COUNTRYREGIONID><COUNTRYREGIONISOCODE></COUNTRYREGIONISOCODE><COUNTY></COUNTY><DESCRIPTION>Bookbinders Guild</DESCRIPTION><DISTRICTNAME></DISTRICTNAME><DUNSNUMBER></DUNSNUMBER><FORMATTEDDELIVERYADDRESS>fae</FORMATTEDDELIVERYADDRESS><ISLOCATIONOWNER>Yes</ISLOCATIONOWNER><ISPRIMARY>Yes</ISPRIMARY><ISPRIVATE>No</ISPRIVATE><ISPRIVATEPOSTALADDRESS>No</ISPRIVATEPOSTALADDRESS><ISROLEBUSINESS>Yes</ISROLEBUSINESS><ISROLEDELIVERY>No</ISROLEDELIVERY><ISROLEHOME>No</ISROLEHOME><ISROLEINVOICE>No</ISROLEINVOICE><LATITUDE>0.0000000000</LATITUDE><LONGITUDE>0.0000000000</LONGITUDE><POSTBOX></POSTBOX><ROLES>Business</ROLES><STATE></STATE><STREET></STREET><STREETNUMBER></STREETNUMBER><TIMEZONE></TIMEZONE><VALIDTO>2154-12-31T23:59:59</VALIDTO><ZIPCODE></ZIPCODE></DIRPARTYLOCATIONPOSTALADDRESSV2ENTITY><DIRPARTYLOCATIONPOSTALADDRESSV2ENTITY><PARTYNUMBER>000000517</PARTYNUMBER><LOCATIONID>000000417</LOCATIONID><VALIDFROM>2024-09-03T13:41:14</VALIDFROM><ADDRESS>fae</ADDRESS><ASSIGNMENTDATE>2024-09-03T13:41:14</ASSIGNMENTDATE><ATTENTIONTOADDRESSLINE></ATTENTIONTOADDRESSLINE><BUILDINGCOMPLIMENT></BUILDINGCOMPLIMENT><CITY></CITY><COUNTRYREGIONID>fae</COUNTRYREGIONID><COUNTRYREGIONISOCODE></COUNTRYREGIONISOCODE><COUNTY></COUNTY><DESCRIPTION>Cooks and Bakers Guild</DESCRIPTION><DISTRICTNAME></DISTRICTNAME><DUNSNUMBER></DUNSNUMBER><FORMATTEDDELIVERYADDRESS>fae</FORMATTEDDELIVERYADDRESS><ISLOCATIONOWNER>Yes</ISLOCATIONOWNER><ISPRIMARY>Yes</ISPRIMARY><ISPRIVATE>No</ISPRIVATE><ISPRIVATEPOSTALADDRESS>No</ISPRIVATEPOSTALADDRESS><ISROLEBUSINESS>Yes</ISROLEBUSINESS><ISROLEDELIVERY>No</ISROLEDELIVERY><ISROLEHOME>No</ISROLEHOME><ISROLEINVOICE>No</ISROLEINVOICE><LATITUDE>0.0000000000</LATITUDE><LONGITUDE>0.0000000000</LONGITUDE><POSTBOX></POSTBOX><ROLES>Business</ROLES><STATE></STATE><STREET></STREET><STREETNUMBER></STREETNUMBER><TIMEZONE></TIMEZONE><VALIDTO>2154-12-31T23:59:59</VALIDTO><ZIPCODE></ZIPCODE></DIRPARTYLOCATIONPOSTALADDRESSV2ENTITY><DIRPARTYLOCATIONPOSTALADDRESSV2ENTITY><PARTYNUMBER>000000518</PARTYNUMBER><LOCATIONID>000000418</LOCATIONID><VALIDFROM>2024-09-03T13:41:39</VALIDFROM><ADDRESS>fae</ADDRESS><ASSIGNMENTDATE>2024-09-03T13:41:39</ASSIGNMENTDATE><ATTENTIONTOADDRESSLINE></ATTENTIONTOADDRESSLINE><BUILDINGCOMPLIMENT></BUILDINGCOMPLIMENT><CITY></CITY><COUNTRYREGIONID>fae</COUNTRYREGIONID><COUNTRYREGIONISOCODE></COUNTRYREGIONISOCODE><COUNTY></COUNTY><DESCRIPTION>Woodcarvers and Coopers Guild</DESCRIPTION><DISTRICTNAME></DISTRICTNAME><DUNSNUMBER></DUNSNUMBER><FORMATTEDDELIVERYADDRESS>fae</FORMATTEDDELIVERYADDRESS><ISLOCATIONOWNER>Yes</ISLOCATIONOWNER><ISPRIMARY>Yes</ISPRIMARY><ISPRIVATE>No</ISPRIVATE><ISPRIVATEPOSTALADDRESS>No</ISPRIVATEPOSTALADDRESS><ISROLEBUSINESS>Yes</ISROLEBUSINESS><ISROLEDELIVERY>No</ISROLEDELIVERY><ISROLEHOME>No</ISROLEHOME><ISROLEINVOICE>No</ISROLEINVOICE><LATITUDE>0.0000000000</LATITUDE><LONGITUDE>0.0000000000</LONGITUDE><POSTBOX></POSTBOX><ROLES>Business</ROLES><STATE></STATE><STREET></STREET><STREETNUMBER></STREETNUMBER><TIMEZONE></TIMEZONE><VALIDTO>2154-12-31T23:59:59</VALIDTO><ZIPCODE></ZIPCODE></DIRPARTYLOCATIONPOSTALADDRESSV2ENTITY><DIRPARTYLOCATIONPOSTALADDRESSV2ENTITY><PARTYNUMBER>000000519</PARTYNUMBER><LOCATIONID>000000419</LOCATIONID><VALIDFROM>2024-09-03T13:43:11</VALIDFROM><ADDRESS>fae</ADDRESS><ASSIGNMENTDATE>2024-09-03T13:43:11</ASSIGNMENTDATE><ATTENTIONTOADDRESSLINE></ATTENTIONTOADDRESSLINE><BUILDINGCOMPLIMENT></BUILDINGCOMPLIMENT><CITY></CITY><COUNTRYREGIONID>fae</COUNTRYREGIONID><COUNTRYREGIONISOCODE></COUNTRYREGIONISOCODE><COUNTY></COUNTY><DESCRIPTION>Farmers Guild</DESCRIPTION><DISTRICTNAME></DISTRICTNAME><DUNSNUMBER></DUNSNUMBER><FORMATTEDDELIVERYADDRESS>fae</FORMATTEDDELIVERYADDRESS><ISLOCATIONOWNER>Yes</ISLOCATIONOWNER><ISPRIMARY>Yes</ISPRIMARY><ISPRIVATE>No</ISPRIVATE><ISPRIVATEPOSTALADDRESS>No</ISPRIVATEPOSTALADDRESS><ISROLEBUSINESS>Yes</ISROLEBUSINESS><ISROLEDELIVERY>No</ISROLEDELIVERY><ISROLEHOME>No</ISROLEHOME><ISROLEINVOICE>No</ISROLEINVOICE><LATITUDE>0.0000000000</LATITUDE><LONGITUDE>0.0000000000</LONGITUDE><POSTBOX></POSTBOX><ROLES>Business</ROLES><STATE></STATE><STREET></STREET><STREETNUMBER></STREETNUMBER><TIMEZONE></TIMEZONE><VALIDTO>2154-12-31T23:59:59</VALIDTO><ZIPCODE></ZIPCODE></DIRPARTYLOCATIONPOSTALADDRESSV2ENTITY><DIRPARTYLOCATIONPOSTALADDRESSV2ENTITY><PARTYNUMBER>000000610</PARTYNUMBER><LOCATIONID>000000510</LOCATIONID><VALIDFROM>2024-09-03T18:42:03</VALIDFROM><ADDRESS>12 Coriander Lane
Trades Ward
Waterdeep,SC WD-1001-TW
FAE</ADDRESS><ASSIGNMENTDATE>2024-09-03T18:39:58</ASSIGNMENTDATE><ATTENTIONTOADDRESSLINE></ATTENTIONTOADDRESSLINE><BUILDINGCOMPLIMENT></BUILDINGCOMPLIMENT><CITY>Waterdeep</CITY><COUNTRYREGIONID>FAE</COUNTRYREGIONID><COUNTRYREGIONISOCODE></COUNTRYREGIONISOCODE><COUNTY></COUNTY><DESCRIPTION>Herbalists Guild</DESCRIPTION><DISTRICTNAME>Trades Ward</DISTRICTNAME><DUNSNUMBER></DUNSNUMBER><FORMATTEDDELIVERYADDRESS>12 Coriander Lane
Trades Ward
Waterdeep,SC WD-1001-TW
FAE</FORMATTEDDELIVERYADDRESS><ISLOCATIONOWNER>Yes</ISLOCATIONOWNER><ISPRIMARY>Yes</ISPRIMARY><ISPRIVATE>No</ISPRIVATE><ISPRIVATEPOSTALADDRESS>No</ISPRIVATEPOSTALADDRESS><ISROLEBUSINESS>Yes</ISROLEBUSINESS><ISROLEDELIVERY>No</ISROLEDELIVERY><ISROLEHOME>No</ISROLEHOME><ISROLEINVOICE>No</ISROLEINVOICE><LATITUDE>0.0000000000</LATITUDE><LONGITUDE>0.0000000000</LONGITUDE><POSTBOX></POSTBOX><ROLES>Business</ROLES><STATE>SC</STATE><STREET>12 Coriander Lane</STREET><STREETNUMBER></STREETNUMBER><TIMEZONE></TIMEZONE><VALIDTO>2154-12-31T23:59:59</VALIDTO><ZIPCODE>WD-1001-TW</ZIPCODE></DIRPARTYLOCATIONPOSTALADDRESSV2ENTITY></Document>