﻿<?xml version="1.0" encoding="utf-8"?><Document><LOGISTICSADDRESSPOSTALCODEV3ENTITY><CITYALIAS>Waterdeep</CITYALIAS><CITYID>Waterdeep</CITYID><COUNTRYREGIONID>FAE</COUNTRYREGIONID><COUNTYID></COUNTYID><DISTRICTID></DISTRICTID><STATEID>SC</STATEID><STREET></STREET><STREETNUMBERMAXIMUM>0</STREETNUMBERMAXIMUM><STREETNUMBERMINIMUM>0</STREETNUMBERMINIMUM><STREETNUMBERVALIDITY>All</STREETNUMBERVALIDITY><TIMEZONE>GMT_DUBLIN_EDINBURGH_LISBON_LONDON</TIMEZONE><ZIPCODE>0001</ZIPCODE></LOGISTICSADDRESSPOSTALCODEV3ENTITY><LOGISTICSADDRESSPOSTALCODEV3ENTITY><CITYALIAS>CaerCallidyrr</CITYALIAS><CITYID>Caer Callidyrr</CITYID><COUNTRYREGIONID>FAE</COUNTRYREGIONID><COUNTYID></COUNTYID><DISTRICTID></DISTRICTID><STATEID>MI</STATEID><STREET></STREET><STREETNUMBERMAXIMUM>0</STREETNUMBERMAXIMUM><STREETNUMBERMINIMUM>0</STREETNUMBERMINIMUM><STREETNUMBERVALIDITY>All</STREETNUMBERVALIDITY><TIMEZONE>GMT_DUBLIN_EDINBURGH_LISBON_LONDON</TIMEZONE><ZIPCODE>CC-1021-UR</ZIPCODE></LOGISTICSADDRESSPOSTALCODEV3ENTITY><LOGISTICSADDRESSPOSTALCODEV3ENTITY><CITYALIAS>Neverwinter</CITYALIAS><CITYID>Neverwinter</CITYID><COUNTRYREGIONID>FAE</COUNTRYREGIONID><COUNTYID></COUNTYID><DISTRICTID></DISTRICTID><STATEID>SC</STATEID><STREET></STREET><STREETNUMBERMAXIMUM>0</STREETNUMBERMAXIMUM><STREETNUMBERMINIMUM>0</STREETNUMBERMINIMUM><STREETNUMBERVALIDITY>All</STREETNUMBERVALIDITY><TIMEZONE>GMT_DUBLIN_EDINBURGH_LISBON_LONDON</TIMEZONE><ZIPCODE>NW-2002-BD</ZIPCODE></LOGISTICSADDRESSPOSTALCODEV3ENTITY><LOGISTICSADDRESSPOSTALCODEV3ENTITY><CITYALIAS>Waterdeep</CITYALIAS><CITYID>Waterdeep</CITYID><COUNTRYREGIONID>FAE</COUNTRYREGIONID><COUNTYID></COUNTYID><DISTRICTID>Trades Ward</DISTRICTID><STATEID>SC</STATEID><STREET></STREET><STREETNUMBERMAXIMUM>0</STREETNUMBERMAXIMUM><STREETNUMBERMINIMUM>0</STREETNUMBERMINIMUM><STREETNUMBERVALIDITY>All</STREETNUMBERVALIDITY><TIMEZONE>GMT_DUBLIN_EDINBURGH_LISBON_LONDON</TIMEZONE><ZIPCODE>WD-1001-TW</ZIPCODE></LOGISTICSADDRESSPOSTALCODEV3ENTITY><LOGISTICSADDRESSPOSTALCODEV3ENTITY><CITYALIAS>Waterdeep</CITYALIAS><CITYID>Waterdeep</CITYID><COUNTRYREGIONID>FAE</COUNTRYREGIONID><COUNTYID></COUNTYID><DISTRICTID>North Ward</DISTRICTID><STATEID>SC</STATEID><STREET></STREET><STREETNUMBERMAXIMUM>0</STREETNUMBERMAXIMUM><STREETNUMBERMINIMUM>0</STREETNUMBERMINIMUM><STREETNUMBERVALIDITY>All</STREETNUMBERVALIDITY><TIMEZONE>GMT_DUBLIN_EDINBURGH_LISBON_LONDON</TIMEZONE><ZIPCODE>WD-2001-UR</ZIPCODE></LOGISTICSADDRESSPOSTALCODEV3ENTITY></Document>