﻿<?xml version="1.0" encoding="utf-8"?><Document><DIRRELATIONSHIPTYPEENTITY><DESCRIPTION>Acquired</DESCRIPTION><ID>Acquired</ID><PARTYATYPE>Organization</PARTYATYPE><PARTYBTYPE>Organization</PARTYBTYPE><RELATIONSHIPATOB>Acquired</RELATIONSHIPATOB><RELATIONSHIPBTOA>Acquired by</RELATIONSHIPBTOA><SYMMETRIC>No</SYMMETRIC><SYSTEMTYPE>Acquired</SYSTEMTYPE></DIRRELATIONSHIPTYPEENTITY><DIRRELATIONSHIPTYPEENTITY><DESCRIPTION>Sales tax agent</DESCRIPTION><ID>Agent</ID><PARTYATYPE>Organization</PARTYATYPE><PARTYBTYPE>Organization</PARTYBTYPE><RELATIONSHIPATOB>Child of</RELATIONSHIPATOB><RELATIONSHIPBTOA>Parent of</RELATIONSHIPBTOA><SYMMETRIC>No</SYMMETRIC><SYSTEMTYPE>Agent</SYSTEMTYPE></DIRRELATIONSHIPTYPEENTITY><DIRRELATIONSHIPTYPEENTITY><DESCRIPTION>Applicant</DESCRIPTION><ID>Applicant</ID><PARTYATYPE>None</PARTYATYPE><PARTYBTYPE>LegalEntity</PARTYBTYPE><RELATIONSHIPATOB>Applicant in</RELATIONSHIPATOB><RELATIONSHIPBTOA>Has applicant</RELATIONSHIPBTOA><SYMMETRIC>No</SYMMETRIC><SYSTEMTYPE>Applicant</SYSTEMTYPE></DIRRELATIONSHIPTYPEENTITY><DIRRELATIONSHIPTYPEENTITY><DESCRIPTION>Beneficiary estate</DESCRIPTION><ID>BeneficiaryEstate</ID><PARTYATYPE>Organization</PARTYATYPE><PARTYBTYPE>Person</PARTYBTYPE><RELATIONSHIPATOB>Estate beneficiary of</RELATIONSHIPATOB><RELATIONSHIPBTOA>Has estate beneficiary</RELATIONSHIPBTOA><SYMMETRIC>No</SYMMETRIC><SYSTEMTYPE>BeneficiaryEstate</SYSTEMTYPE></DIRRELATIONSHIPTYPEENTITY><DIRRELATIONSHIPTYPEENTITY><DESCRIPTION>Beneficiary organization</DESCRIPTION><ID>BeneficiaryOrg</ID><PARTYATYPE>Organization</PARTYATYPE><PARTYBTYPE>Person</PARTYBTYPE><RELATIONSHIPATOB>Organization beneficiary of</RELATIONSHIPATOB><RELATIONSHIPBTOA>Has organizational beneficiary</RELATIONSHIPBTOA><SYMMETRIC>No</SYMMETRIC><SYSTEMTYPE>BeneficiaryOrg</SYSTEMTYPE></DIRRELATIONSHIPTYPEENTITY><DIRRELATIONSHIPTYPEENTITY><DESCRIPTION>Beneficiary trust</DESCRIPTION><ID>BeneficiaryTrust</ID><PARTYATYPE>Organization</PARTYATYPE><PARTYBTYPE>Person</PARTYBTYPE><RELATIONSHIPATOB>Trust beneficiary of</RELATIONSHIPATOB><RELATIONSHIPBTOA>Has estate beneficiary</RELATIONSHIPBTOA><SYMMETRIC>No</SYMMETRIC><SYSTEMTYPE>BeneficiaryTrust</SYSTEMTYPE></DIRRELATIONSHIPTYPEENTITY><DIRRELATIONSHIPTYPEENTITY><DESCRIPTION>Board member</DESCRIPTION><ID>BoardMember</ID><PARTYATYPE>Organization</PARTYATYPE><PARTYBTYPE>Person</PARTYBTYPE><RELATIONSHIPATOB>Has board member</RELATIONSHIPATOB><RELATIONSHIPBTOA>Board member of</RELATIONSHIPBTOA><SYMMETRIC>No</SYMMETRIC><SYSTEMTYPE>BoardMember</SYSTEMTYPE></DIRRELATIONSHIPTYPEENTITY><DIRRELATIONSHIPTYPEENTITY><DESCRIPTION>Child</DESCRIPTION><ID>Child</ID><PARTYATYPE>Person</PARTYATYPE><PARTYBTYPE>Person</PARTYBTYPE><RELATIONSHIPATOB>Child of</RELATIONSHIPATOB><RELATIONSHIPBTOA>Parent of</RELATIONSHIPBTOA><SYMMETRIC>No</SYMMETRIC><SYSTEMTYPE>Child</SYSTEMTYPE></DIRRELATIONSHIPTYPEENTITY><DIRRELATIONSHIPTYPEENTITY><DESCRIPTION>Competitor</DESCRIPTION><ID>Competitor</ID><PARTYATYPE>None</PARTYATYPE><PARTYBTYPE>LegalEntity</PARTYBTYPE><RELATIONSHIPATOB>Competitor in</RELATIONSHIPATOB><RELATIONSHIPBTOA>Has competitor</RELATIONSHIPBTOA><SYMMETRIC>No</SYMMETRIC><SYSTEMTYPE>Competitor</SYSTEMTYPE></DIRRELATIONSHIPTYPEENTITY><DIRRELATIONSHIPTYPEENTITY><DESCRIPTION>Contact</DESCRIPTION><ID>ContactPerson</ID><PARTYATYPE>Person</PARTYATYPE><PARTYBTYPE>Organization</PARTYBTYPE><RELATIONSHIPATOB>Contact for</RELATIONSHIPATOB><RELATIONSHIPBTOA>Has contact</RELATIONSHIPBTOA><SYMMETRIC>No</SYMMETRIC><SYSTEMTYPE>ContactPerson</SYSTEMTYPE></DIRRELATIONSHIPTYPEENTITY><DIRRELATIONSHIPTYPEENTITY><DESCRIPTION>Contact person in legal entity</DESCRIPTION><ID>ContactPersonInLE</ID><PARTYATYPE>Person</PARTYATYPE><PARTYBTYPE>LegalEntity</PARTYBTYPE><RELATIONSHIPATOB>Contact person in</RELATIONSHIPATOB><RELATIONSHIPBTOA>Has contact</RELATIONSHIPBTOA><SYMMETRIC>No</SYMMETRIC><SYSTEMTYPE>ContactPersonInLE</SYSTEMTYPE></DIRRELATIONSHIPTYPEENTITY><DIRRELATIONSHIPTYPEENTITY><DESCRIPTION>Customer</DESCRIPTION><ID>Customer</ID><PARTYATYPE>None</PARTYATYPE><PARTYBTYPE>LegalEntity</PARTYBTYPE><RELATIONSHIPATOB>Customer in</RELATIONSHIPATOB><RELATIONSHIPBTOA>Has customer</RELATIONSHIPBTOA><SYMMETRIC>No</SYMMETRIC><SYSTEMTYPE>Customer</SYSTEMTYPE></DIRRELATIONSHIPTYPEENTITY><DIRRELATIONSHIPTYPEENTITY><DESCRIPTION>Disallowed vendor</DESCRIPTION><ID>DisallowedVendor</ID><PARTYATYPE>None</PARTYATYPE><PARTYBTYPE>LegalEntity</PARTYBTYPE><RELATIONSHIPATOB>Disallowed vendor in</RELATIONSHIPATOB><RELATIONSHIPBTOA>Has disallowed vendor</RELATIONSHIPBTOA><SYMMETRIC>No</SYMMETRIC><SYSTEMTYPE>DisallowedVendor</SYSTEMTYPE></DIRRELATIONSHIPTYPEENTITY><DIRRELATIONSHIPTYPEENTITY><DESCRIPTION>Domestic partner</DESCRIPTION><ID>DomesticPartner</ID><PARTYATYPE>Person</PARTYATYPE><PARTYBTYPE>Person</PARTYBTYPE><RELATIONSHIPATOB>Domestic partner of</RELATIONSHIPATOB><RELATIONSHIPBTOA>Domestic partner of</RELATIONSHIPBTOA><SYMMETRIC>Yes</SYMMETRIC><SYSTEMTYPE>DomesticPartner</SYSTEMTYPE></DIRRELATIONSHIPTYPEENTITY><DIRRELATIONSHIPTYPEENTITY><DESCRIPTION>Ex-spouse</DESCRIPTION><ID>ExSpouse</ID><PARTYATYPE>Person</PARTYATYPE><PARTYBTYPE>Person</PARTYBTYPE><RELATIONSHIPATOB>Ex-spouse of</RELATIONSHIPATOB><RELATIONSHIPBTOA>Ex-spouse of</RELATIONSHIPBTOA><SYMMETRIC>Yes</SYMMETRIC><SYSTEMTYPE>ExSpouse</SYSTEMTYPE></DIRRELATIONSHIPTYPEENTITY><DIRRELATIONSHIPTYPEENTITY><DESCRIPTION>Family contact</DESCRIPTION><ID>FamilyContact</ID><PARTYATYPE>Person</PARTYATYPE><PARTYBTYPE>Person</PARTYBTYPE><RELATIONSHIPATOB>Family contact of</RELATIONSHIPATOB><RELATIONSHIPBTOA>Has family contact</RELATIONSHIPBTOA><SYMMETRIC>No</SYMMETRIC><SYSTEMTYPE>FamilyContact</SYSTEMTYPE></DIRRELATIONSHIPTYPEENTITY><DIRRELATIONSHIPTYPEENTITY><DESCRIPTION>Parent/Subsidiary legal entities</DESCRIPTION><ID>LEParentSubsidiary</ID><PARTYATYPE>Organization</PARTYATYPE><PARTYBTYPE>Organization</PARTYBTYPE><RELATIONSHIPATOB>Subsidiary of</RELATIONSHIPATOB><RELATIONSHIPBTOA>Parent of</RELATIONSHIPBTOA><SYMMETRIC>No</SYMMETRIC><SYSTEMTYPE>LEParentSubsidiary</SYSTEMTYPE></DIRRELATIONSHIPTYPEENTITY><DIRRELATIONSHIPTYPEENTITY><DESCRIPTION>Membership</DESCRIPTION><ID>Membership</ID><PARTYATYPE>None</PARTYATYPE><PARTYBTYPE>None</PARTYBTYPE><RELATIONSHIPATOB>Includes member</RELATIONSHIPATOB><RELATIONSHIPBTOA>Member of</RELATIONSHIPBTOA><SYMMETRIC>No</SYMMETRIC><SYSTEMTYPE>Membership</SYSTEMTYPE></DIRRELATIONSHIPTYPEENTITY><DIRRELATIONSHIPTYPEENTITY><DESCRIPTION>Merged</DESCRIPTION><ID>Merged</ID><PARTYATYPE>Organization</PARTYATYPE><PARTYBTYPE>Organization</PARTYBTYPE><RELATIONSHIPATOB>Merged with</RELATIONSHIPATOB><RELATIONSHIPBTOA>Merged with</RELATIONSHIPBTOA><SYMMETRIC>Yes</SYMMETRIC><SYSTEMTYPE>Merged</SYSTEMTYPE></DIRRELATIONSHIPTYPEENTITY><DIRRELATIONSHIPTYPEENTITY><DESCRIPTION>Person responsible for the organization</DESCRIPTION><ID>OrganizationManager</ID><PARTYATYPE>Person</PARTYATYPE><PARTYBTYPE>Organization</PARTYBTYPE><RELATIONSHIPATOB>Organization manager of</RELATIONSHIPATOB><RELATIONSHIPBTOA>Department of</RELATIONSHIPBTOA><SYMMETRIC>No</SYMMETRIC><SYSTEMTYPE>OrganizationManager</SYSTEMTYPE></DIRRELATIONSHIPTYPEENTITY><DIRRELATIONSHIPTYPEENTITY><DESCRIPTION>Other contact</DESCRIPTION><ID>OtherContact</ID><PARTYATYPE>Person</PARTYATYPE><PARTYBTYPE>Person</PARTYBTYPE><RELATIONSHIPATOB>Other personal contact of</RELATIONSHIPATOB><RELATIONSHIPBTOA>Has other personal contact</RELATIONSHIPBTOA><SYMMETRIC>No</SYMMETRIC><SYSTEMTYPE>OtherContact</SYSTEMTYPE></DIRRELATIONSHIPTYPEENTITY><DIRRELATIONSHIPTYPEENTITY><DESCRIPTION>Parent/Child operating units</DESCRIPTION><ID>OUParentChild</ID><PARTYATYPE>Organization</PARTYATYPE><PARTYBTYPE>Organization</PARTYBTYPE><RELATIONSHIPATOB>Child of</RELATIONSHIPATOB><RELATIONSHIPBTOA>Parent of</RELATIONSHIPBTOA><SYMMETRIC>No</SYMMETRIC><SYSTEMTYPE>OUParentChild</SYSTEMTYPE></DIRRELATIONSHIPTYPEENTITY><DIRRELATIONSHIPTYPEENTITY><DESCRIPTION>Parent</DESCRIPTION><ID>Parent</ID><PARTYATYPE>Person</PARTYATYPE><PARTYBTYPE>Person</PARTYBTYPE><RELATIONSHIPATOB>Parent of</RELATIONSHIPATOB><RELATIONSHIPBTOA>Child of</RELATIONSHIPBTOA><SYMMETRIC>No</SYMMETRIC><SYSTEMTYPE>Parent</SYSTEMTYPE></DIRRELATIONSHIPTYPEENTITY><DIRRELATIONSHIPTYPEENTITY><DESCRIPTION>Parent/Child</DESCRIPTION><ID>ParentChild</ID><PARTYATYPE>None</PARTYATYPE><PARTYBTYPE>None</PARTYBTYPE><RELATIONSHIPATOB>Child of</RELATIONSHIPATOB><RELATIONSHIPBTOA>Parent of</RELATIONSHIPBTOA><SYMMETRIC>No</SYMMETRIC><SYSTEMTYPE>ParentChild</SYSTEMTYPE></DIRRELATIONSHIPTYPEENTITY><DIRRELATIONSHIPTYPEENTITY><DESCRIPTION>Parent/Subsidiary</DESCRIPTION><ID>ParentSubsidiary</ID><PARTYATYPE>Organization</PARTYATYPE><PARTYBTYPE>Organization</PARTYBTYPE><RELATIONSHIPATOB>Subsidiary of</RELATIONSHIPATOB><RELATIONSHIPBTOA>Parent organization of</RELATIONSHIPBTOA><SYMMETRIC>No</SYMMETRIC><SYSTEMTYPE>ParentSubsidiary</SYSTEMTYPE></DIRRELATIONSHIPTYPEENTITY><DIRRELATIONSHIPTYPEENTITY><DESCRIPTION>Partner</DESCRIPTION><ID>Partner</ID><PARTYATYPE>None</PARTYATYPE><PARTYBTYPE>None</PARTYBTYPE><RELATIONSHIPATOB>Partner of</RELATIONSHIPATOB><RELATIONSHIPBTOA>Partner of</RELATIONSHIPBTOA><SYMMETRIC>Yes</SYMMETRIC><SYSTEMTYPE>Partner</SYSTEMTYPE></DIRRELATIONSHIPTYPEENTITY><DIRRELATIONSHIPTYPEENTITY><DESCRIPTION>Party in legal entity</DESCRIPTION><ID>PartyInLE</ID><PARTYATYPE>None</PARTYATYPE><PARTYBTYPE>LegalEntity</PARTYBTYPE><RELATIONSHIPATOB>party in</RELATIONSHIPATOB><RELATIONSHIPBTOA>Has party</RELATIONSHIPBTOA><SYMMETRIC>No</SYMMETRIC><SYSTEMTYPE>PartyInLE</SYSTEMTYPE></DIRRELATIONSHIPTYPEENTITY><DIRRELATIONSHIPTYPEENTITY><DESCRIPTION>Personal contact</DESCRIPTION><ID>PersonalContactInLE</ID><PARTYATYPE>Person</PARTYATYPE><PARTYBTYPE>LegalEntity</PARTYBTYPE><RELATIONSHIPATOB>Personal contact in</RELATIONSHIPATOB><RELATIONSHIPBTOA>Has personal contact</RELATIONSHIPBTOA><SYMMETRIC>No</SYMMETRIC><SYSTEMTYPE>PersonalContactInLE</SYSTEMTYPE></DIRRELATIONSHIPTYPEENTITY><DIRRELATIONSHIPTYPEENTITY><DESCRIPTION>Prospect</DESCRIPTION><ID>Prospect</ID><PARTYATYPE>None</PARTYATYPE><PARTYBTYPE>LegalEntity</PARTYBTYPE><RELATIONSHIPATOB>Prospect in</RELATIONSHIPATOB><RELATIONSHIPBTOA>Has prospect</RELATIONSHIPBTOA><SYMMETRIC>No</SYMMETRIC><SYSTEMTYPE>Prospect</SYSTEMTYPE></DIRRELATIONSHIPTYPEENTITY><DIRRELATIONSHIPTYPEENTITY><DESCRIPTION>Prospective vendor contact in legal entity</DESCRIPTION><ID>ProspectiveContInLE</ID><PARTYATYPE>Person</PARTYATYPE><PARTYBTYPE>LegalEntity</PARTYBTYPE><RELATIONSHIPATOB>Prospective vendor contact person in</RELATIONSHIPATOB><RELATIONSHIPBTOA>Has prospective vendor contact person</RELATIONSHIPBTOA><SYMMETRIC>No</SYMMETRIC><SYSTEMTYPE>ProspectiveContInLE</SYSTEMTYPE></DIRRELATIONSHIPTYPEENTITY><DIRRELATIONSHIPTYPEENTITY><DESCRIPTION>Prospective vendor</DESCRIPTION><ID>ProspectiveVendInLE</ID><PARTYATYPE>None</PARTYATYPE><PARTYBTYPE>LegalEntity</PARTYBTYPE><RELATIONSHIPATOB>Prospective vendor in</RELATIONSHIPATOB><RELATIONSHIPBTOA>Has prospective vendor</RELATIONSHIPBTOA><SYMMETRIC>No</SYMMETRIC><SYSTEMTYPE>ProspectiveVendInLE</SYSTEMTYPE></DIRRELATIONSHIPTYPEENTITY><DIRRELATIONSHIPTYPEENTITY><DESCRIPTION>Prospective vendor contact</DESCRIPTION><ID>ProspectiveVendorCon</ID><PARTYATYPE>Person</PARTYATYPE><PARTYBTYPE>Organization</PARTYBTYPE><RELATIONSHIPATOB>Prospective vendor contact person of</RELATIONSHIPATOB><RELATIONSHIPBTOA>Has prospective vendor contact person</RELATIONSHIPBTOA><SYMMETRIC>No</SYMMETRIC><SYSTEMTYPE>ProspectiveVendorContact</SYSTEMTYPE></DIRRELATIONSHIPTYPEENTITY><DIRRELATIONSHIPTYPEENTITY><DESCRIPTION>Sibling</DESCRIPTION><ID>Sibling</ID><PARTYATYPE>Person</PARTYATYPE><PARTYBTYPE>Person</PARTYBTYPE><RELATIONSHIPATOB>Sibling of</RELATIONSHIPATOB><RELATIONSHIPBTOA>Sibling of</RELATIONSHIPBTOA><SYMMETRIC>Yes</SYMMETRIC><SYSTEMTYPE>Sibling</SYSTEMTYPE></DIRRELATIONSHIPTYPEENTITY><DIRRELATIONSHIPTYPEENTITY><DESCRIPTION>Spouse/Partner</DESCRIPTION><ID>Spouse</ID><PARTYATYPE>Person</PARTYATYPE><PARTYBTYPE>Person</PARTYBTYPE><RELATIONSHIPATOB>Spouse of</RELATIONSHIPATOB><RELATIONSHIPBTOA>Spouse of</RELATIONSHIPBTOA><SYMMETRIC>Yes</SYMMETRIC><SYSTEMTYPE>Spouse</SYSTEMTYPE></DIRRELATIONSHIPTYPEENTITY><DIRRELATIONSHIPTYPEENTITY><DESCRIPTION>Subsidiary</DESCRIPTION><ID>Subsidiary</ID><PARTYATYPE>Organization</PARTYATYPE><PARTYBTYPE>Organization</PARTYBTYPE><RELATIONSHIPATOB>Subsidiary of</RELATIONSHIPATOB><RELATIONSHIPBTOA>Parent organization of</RELATIONSHIPBTOA><SYMMETRIC>No</SYMMETRIC><SYSTEMTYPE>Subsidiary</SYSTEMTYPE></DIRRELATIONSHIPTYPEENTITY><DIRRELATIONSHIPTYPEENTITY><DESCRIPTION>Tax representative</DESCRIPTION><ID>TaxRepresentative</ID><PARTYATYPE>None</PARTYATYPE><PARTYBTYPE>None</PARTYBTYPE><RELATIONSHIPATOB>Tax representative of</RELATIONSHIPATOB><RELATIONSHIPBTOA>Has tax representative</RELATIONSHIPBTOA><SYMMETRIC>No</SYMMETRIC><SYSTEMTYPE>TaxRepresentative</SYSTEMTYPE></DIRRELATIONSHIPTYPEENTITY><DIRRELATIONSHIPTYPEENTITY><DESCRIPTION>Administrator</DESCRIPTION><ID>TeamAdministrator</ID><PARTYATYPE>Person</PARTYATYPE><PARTYBTYPE>Team</PARTYBTYPE><RELATIONSHIPATOB>Organization subunit of</RELATIONSHIPATOB><RELATIONSHIPBTOA>Contains organization subunit</RELATIONSHIPBTOA><SYMMETRIC>No</SYMMETRIC><SYSTEMTYPE>TeamAdministrator</SYSTEMTYPE></DIRRELATIONSHIPTYPEENTITY><DIRRELATIONSHIPTYPEENTITY><DESCRIPTION>Team leader</DESCRIPTION><ID>TeamLeader</ID><PARTYATYPE>Person</PARTYATYPE><PARTYBTYPE>Team</PARTYBTYPE><RELATIONSHIPATOB>Team leader</RELATIONSHIPATOB><RELATIONSHIPBTOA>Team</RELATIONSHIPBTOA><SYMMETRIC>No</SYMMETRIC><SYSTEMTYPE>TeamLeader</SYSTEMTYPE></DIRRELATIONSHIPTYPEENTITY><DIRRELATIONSHIPTYPEENTITY><DESCRIPTION>Team member</DESCRIPTION><ID>TeamMember</ID><PARTYATYPE>Person</PARTYATYPE><PARTYBTYPE>Team</PARTYBTYPE><RELATIONSHIPATOB>Members of team</RELATIONSHIPATOB><RELATIONSHIPBTOA>Team members</RELATIONSHIPBTOA><SYMMETRIC>No</SYMMETRIC><SYSTEMTYPE>TeamMember</SYSTEMTYPE></DIRRELATIONSHIPTYPEENTITY><DIRRELATIONSHIPTYPEENTITY><DESCRIPTION>Unit/Subunit</DESCRIPTION><ID>UnitSubunit</ID><PARTYATYPE>Organization</PARTYATYPE><PARTYBTYPE>Organization</PARTYBTYPE><RELATIONSHIPATOB>Organization subunit of</RELATIONSHIPATOB><RELATIONSHIPBTOA>Contains organization subunit</RELATIONSHIPBTOA><SYMMETRIC>No</SYMMETRIC><SYSTEMTYPE>UnitSubunit</SYSTEMTYPE></DIRRELATIONSHIPTYPEENTITY><DIRRELATIONSHIPTYPEENTITY><DESCRIPTION>Vendor</DESCRIPTION><ID>Vendor</ID><PARTYATYPE>None</PARTYATYPE><PARTYBTYPE>LegalEntity</PARTYBTYPE><RELATIONSHIPATOB>Vendor in</RELATIONSHIPATOB><RELATIONSHIPBTOA>Has vendor</RELATIONSHIPBTOA><SYMMETRIC>No</SYMMETRIC><SYSTEMTYPE>Vendor</SYSTEMTYPE></DIRRELATIONSHIPTYPEENTITY><DIRRELATIONSHIPTYPEENTITY><DESCRIPTION>Worker</DESCRIPTION><ID>Worker</ID><PARTYATYPE>None</PARTYATYPE><PARTYBTYPE>LegalEntity</PARTYBTYPE><RELATIONSHIPATOB>Worker in</RELATIONSHIPATOB><RELATIONSHIPBTOA>Has worker</RELATIONSHIPBTOA><SYMMETRIC>No</SYMMETRIC><SYSTEMTYPE>Worker</SYSTEMTYPE></DIRRELATIONSHIPTYPEENTITY></Document>