﻿<?xml version="1.0" encoding="utf-8"?><Document><SYSTEMSECURITYUSERROLEASSOCIATIONENTITY><ASSIGNMENTMODE>Manual</ASSIGNMENTMODE><ASSIGNMENTSTATUS>Enabled</ASSIGNMENTSTATUS><SECURITYROLEIDENTIFIER>-SYSADMIN-</SECURITYROLEIDENTIFIER><SECURITYROLENAME>System administrator</SECURITYROLENAME><USERID>Admin</USERID></SYSTEMSECURITYUSERROLEASSOCIATIONENTITY><SYSTEMSECURITYUSERROLEASSOCIATIONENTITY><ASSIGNMENTMODE>Manual</ASSIGNMENTMODE><ASSIGNMENTSTATUS>Enabled</ASSIGNMENTSTATUS><SECURITYROLEIDENTIFIER>-SYSADMIN-</SECURITYROLEIDENTIFIER><SECURITYROLENAME>System administrator</SECURITYROLENAME><USERID>bizadmin</USERID></SYSTEMSECURITYUSERROLEASSOCIATIONENTITY><SYSTEMSECURITYUSERROLEASSOCIATIONENTITY><ASSIGNMENTMODE>Manual</ASSIGNMENTMODE><ASSIGNMENTSTATUS>Enabled</ASSIGNMENTSTATUS><SECURITYROLEIDENTIFIER>SYSTEMUSER</SECURITYROLEIDENTIFIER><SECURITYROLENAME>System user</SECURITYROLENAME><USERID>bizadmin</USERID></SYSTEMSECURITYUSERROLEASSOCIATIONENTITY><SYSTEMSECURITYUSERROLEASSOCIATIONENTITY><ASSIGNMENTMODE>Manual</ASSIGNMENTMODE><ASSIGNMENTSTATUS>Enabled</ASSIGNMENTSTATUS><SECURITYROLEIDENTIFIER>CDSVIRTUALENTITYDATASYNCFRAMEWORK</SECURITYROLEIDENTIFIER><SECURITYROLENAME>Dataverse data sync framework application role.</SECURITYROLENAME><USERID>DataSyncFrameworkApp</USERID></SYSTEMSECURITYUSERROLEASSOCIATIONENTITY><SYSTEMSECURITYUSERROLEASSOCIATIONENTITY><ASSIGNMENTMODE>Manual</ASSIGNMENTMODE><ASSIGNMENTSTATUS>Enabled</ASSIGNMENTSTATUS><SECURITYROLEIDENTIFIER>-SYSADMIN-</SECURITYROLEIDENTIFIER><SECURITYROLENAME>System administrator</SECURITYROLENAME><USERID>DM</USERID></SYSTEMSECURITYUSERROLEASSOCIATIONENTITY><SYSTEMSECURITYUSERROLEASSOCIATIONENTITY><ASSIGNMENTMODE>Manual</ASSIGNMENTMODE><ASSIGNMENTSTATUS>Enabled</ASSIGNMENTSTATUS><SECURITYROLEIDENTIFIER>SYSTEMUSER</SECURITYROLEIDENTIFIER><SECURITYROLENAME>System user</SECURITYROLENAME><USERID>DM</USERID></SYSTEMSECURITYUSERROLEASSOCIATIONENTITY><SYSTEMSECURITYUSERROLEASSOCIATIONENTITY><ASSIGNMENTMODE>Manual</ASSIGNMENTMODE><ASSIGNMENTSTATUS>Enabled</ASSIGNMENTSTATUS><SECURITYROLEIDENTIFIER>DYNAMICSMAINTENANCEAPPUSERSECURITYROLE</SECURITYROLEIDENTIFIER><SECURITYROLENAME>Dynamics Maintenance User Role</SECURITYROLENAME><USERID>DynamicsMaintAppUser</USERID></SYSTEMSECURITYUSERROLEASSOCIATIONENTITY><SYSTEMSECURITYUSERROLEASSOCIATIONENTITY><ASSIGNMENTMODE>Manual</ASSIGNMENTMODE><ASSIGNMENTSTATUS>Enabled</ASSIGNMENTSTATUS><SECURITYROLEIDENTIFIER>-SYSADMIN-</SECURITYROLEIDENTIFIER><SECURITYROLENAME>System administrator</SECURITYROLENAME><USERID>FRServiceUser</USERID></SYSTEMSECURITYUSERROLEASSOCIATIONENTITY><SYSTEMSECURITYUSERROLEASSOCIATIONENTITY><ASSIGNMENTMODE>Manual</ASSIGNMENTMODE><ASSIGNMENTSTATUS>Enabled</ASSIGNMENTSTATUS><SECURITYROLEIDENTIFIER>SYSTEMUSER</SECURITYROLEIDENTIFIER><SECURITYROLENAME>System user</SECURITYROLENAME><USERID>FRServiceUser</USERID></SYSTEMSECURITYUSERROLEASSOCIATIONENTITY><SYSTEMSECURITYUSERROLEASSOCIATIONENTITY><ASSIGNMENTMODE>Manual</ASSIGNMENTMODE><ASSIGNMENTSTATUS>Enabled</ASSIGNMENTSTATUS><SECURITYROLEIDENTIFIER>SYSMONSECURITYROLE</SECURITYROLEIDENTIFIER><SECURITYROLENAME>SysMonSecurityRole</SECURITYROLENAME><USERID>MonitoringAppUser</USERID></SYSTEMSECURITYUSERROLEASSOCIATIONENTITY><SYSTEMSECURITYUSERROLEASSOCIATIONENTITY><ASSIGNMENTMODE>Manual</ASSIGNMENTMODE><ASSIGNMENTSTATUS>Enabled</ASSIGNMENTSTATUS><SECURITYROLEIDENTIFIER>-SYSADMIN-</SECURITYROLEIDENTIFIER><SECURITYROLENAME>System administrator</SECURITYROLENAME><USERID>NPC</USERID></SYSTEMSECURITYUSERROLEASSOCIATIONENTITY><SYSTEMSECURITYUSERROLEASSOCIATIONENTITY><ASSIGNMENTMODE>Manual</ASSIGNMENTMODE><ASSIGNMENTSTATUS>Enabled</ASSIGNMENTSTATUS><SECURITYROLEIDENTIFIER>SYSTEMUSER</SECURITYROLEIDENTIFIER><SECURITYROLENAME>System user</SECURITYROLENAME><USERID>NPC</USERID></SYSTEMSECURITYUSERROLEASSOCIATIONENTITY><SYSTEMSECURITYUSERROLEASSOCIATIONENTITY><ASSIGNMENTMODE>Manual</ASSIGNMENTMODE><ASSIGNMENTSTATUS>Enabled</ASSIGNMENTSTATUS><SECURITYROLEIDENTIFIER>BUSINESSEVENTSSECURITYROLE</SECURITYROLEIDENTIFIER><SECURITYROLENAME>Business events security role</SECURITYROLENAME><USERID>PowerPlatformApp</USERID></SYSTEMSECURITYUSERROLEASSOCIATIONENTITY><SYSTEMSECURITYUSERROLEASSOCIATIONENTITY><ASSIGNMENTMODE>Manual</ASSIGNMENTMODE><ASSIGNMENTSTATUS>Enabled</ASSIGNMENTSTATUS><SECURITYROLEIDENTIFIER>CDSVIRTUALENTITYANONYMOUSPORTALUSER</SECURITYROLEIDENTIFIER><SECURITYROLENAME>Dataverse Virtual entity anonymous user</SECURITYROLENAME><USERID>PowerPlatformApp</USERID></SYSTEMSECURITYUSERROLEASSOCIATIONENTITY><SYSTEMSECURITYUSERROLEASSOCIATIONENTITY><ASSIGNMENTMODE>Manual</ASSIGNMENTMODE><ASSIGNMENTSTATUS>Enabled</ASSIGNMENTSTATUS><SECURITYROLEIDENTIFIER>CDSVIRTUALENTITYAPPLICATION</SECURITYROLEIDENTIFIER><SECURITYROLENAME>Dataverse Virtual entity integration app</SECURITYROLENAME><USERID>PowerPlatformApp</USERID></SYSTEMSECURITYUSERROLEASSOCIATIONENTITY><SYSTEMSECURITYUSERROLEASSOCIATIONENTITY><ASSIGNMENTMODE>Manual</ASSIGNMENTMODE><ASSIGNMENTSTATUS>Enabled</ASSIGNMENTSTATUS><SECURITYROLEIDENTIFIER>CDSVIRTUALENTITYAUTHENTICATEDPORTALUSER</SECURITYROLEIDENTIFIER><SECURITYROLENAME>Dataverse Virtual entity authenticated user</SECURITYROLENAME><USERID>PowerPlatformApp</USERID></SYSTEMSECURITYUSERROLEASSOCIATIONENTITY><SYSTEMSECURITYUSERROLEASSOCIATIONENTITY><ASSIGNMENTMODE>Manual</ASSIGNMENTMODE><ASSIGNMENTSTATUS>Enabled</ASSIGNMENTSTATUS><SECURITYROLEIDENTIFIER>BATCHJOBMANAGER</SECURITYROLEIDENTIFIER><SECURITYROLENAME>Batch job manager</SECURITYROLENAME><USERID>RetailServiceAccount</USERID></SYSTEMSECURITYUSERROLEASSOCIATIONENTITY><SYSTEMSECURITYUSERROLEASSOCIATIONENTITY><ASSIGNMENTMODE>Manual</ASSIGNMENTMODE><ASSIGNMENTSTATUS>Enabled</ASSIGNMENTSTATUS><SECURITYROLEIDENTIFIER>COLLECTIONLETTERCOLLECTIONSMANAGER</SECURITYROLEIDENTIFIER><SECURITYROLENAME>Collections manager</SECURITYROLENAME><USERID>RetailServiceAccount</USERID></SYSTEMSECURITYUSERROLEASSOCIATIONENTITY><SYSTEMSECURITYUSERROLEASSOCIATIONENTITY><ASSIGNMENTMODE>Manual</ASSIGNMENTMODE><ASSIGNMENTSTATUS>Enabled</ASSIGNMENTSTATUS><SECURITYROLEIDENTIFIER>CUSTINVOICEACCOUNTSRECEIVABLECLERK</SECURITYROLEIDENTIFIER><SECURITYROLENAME>Accounts receivable clerk</SECURITYROLENAME><USERID>RetailServiceAccount</USERID></SYSTEMSECURITYUSERROLEASSOCIATIONENTITY><SYSTEMSECURITYUSERROLEASSOCIATIONENTITY><ASSIGNMENTMODE>Manual</ASSIGNMENTMODE><ASSIGNMENTSTATUS>Enabled</ASSIGNMENTSTATUS><SECURITYROLEIDENTIFIER>CUSTINVOICEACCOUNTSRECEIVABLEMANAGER</SECURITYROLEIDENTIFIER><SECURITYROLENAME>Accounts receivable manager</SECURITYROLENAME><USERID>RetailServiceAccount</USERID></SYSTEMSECURITYUSERROLEASSOCIATIONENTITY><SYSTEMSECURITYUSERROLEASSOCIATIONENTITY><ASSIGNMENTMODE>Manual</ASSIGNMENTMODE><ASSIGNMENTSTATUS>Enabled</ASSIGNMENTSTATUS><SECURITYROLEIDENTIFIER>FBTAXACCOUNTANT_BR</SECURITYROLEIDENTIFIER><SECURITYROLENAME>Tax accountant</SECURITYROLENAME><USERID>RetailServiceAccount</USERID></SYSTEMSECURITYUSERROLEASSOCIATIONENTITY><SYSTEMSECURITYUSERROLEASSOCIATIONENTITY><ASSIGNMENTMODE>Manual</ASSIGNMENTMODE><ASSIGNMENTSTATUS>Enabled</ASSIGNMENTSTATUS><SECURITYROLEIDENTIFIER>INVENTCOSTACCOUNTANT</SECURITYROLEIDENTIFIER><SECURITYROLENAME>Inventory accountant</SECURITYROLENAME><USERID>RetailServiceAccount</USERID></SYSTEMSECURITYUSERROLEASSOCIATIONENTITY><SYSTEMSECURITYUSERROLEASSOCIATIONENTITY><ASSIGNMENTMODE>Manual</ASSIGNMENTMODE><ASSIGNMENTSTATUS>Enabled</ASSIGNMENTSTATUS><SECURITYROLEIDENTIFIER>INVENTCOSTCOSTCLERK</SECURITYROLEIDENTIFIER><SECURITYROLENAME>Inventory accountant clerk</SECURITYROLENAME><USERID>RetailServiceAccount</USERID></SYSTEMSECURITYUSERROLEASSOCIATIONENTITY><SYSTEMSECURITYUSERROLEASSOCIATIONENTITY><ASSIGNMENTMODE>Manual</ASSIGNMENTMODE><ASSIGNMENTSTATUS>Enabled</ASSIGNMENTSTATUS><SECURITYROLEIDENTIFIER>INVENTMATERIALSMANAGER</SECURITYROLEIDENTIFIER><SECURITYROLENAME>Materials manager</SECURITYROLENAME><USERID>RetailServiceAccount</USERID></SYSTEMSECURITYUSERROLEASSOCIATIONENTITY><SYSTEMSECURITYUSERROLEASSOCIATIONENTITY><ASSIGNMENTMODE>Manual</ASSIGNMENTMODE><ASSIGNMENTSTATUS>Enabled</ASSIGNMENTSTATUS><SECURITYROLEIDENTIFIER>INVENTQUALITYCONTROLMANAGER</SECURITYROLEIDENTIFIER><SECURITYROLENAME>Quality control manager</SECURITYROLENAME><USERID>RetailServiceAccount</USERID></SYSTEMSECURITYUSERROLEASSOCIATIONENTITY><SYSTEMSECURITYUSERROLEASSOCIATIONENTITY><ASSIGNMENTMODE>Manual</ASSIGNMENTMODE><ASSIGNMENTSTATUS>Enabled</ASSIGNMENTSTATUS><SECURITYROLEIDENTIFIER>INVENTRECEIVINGCLERK</SECURITYROLEIDENTIFIER><SECURITYROLENAME>Receiving clerk</SECURITYROLENAME><USERID>RetailServiceAccount</USERID></SYSTEMSECURITYUSERROLEASSOCIATIONENTITY><SYSTEMSECURITYUSERROLEASSOCIATIONENTITY><ASSIGNMENTMODE>Manual</ASSIGNMENTMODE><ASSIGNMENTSTATUS>Enabled</ASSIGNMENTSTATUS><SECURITYROLEIDENTIFIER>INVENTSHIPPINGCLERK</SECURITYROLEIDENTIFIER><SECURITYROLENAME>Shipping clerk</SECURITYROLENAME><USERID>RetailServiceAccount</USERID></SYSTEMSECURITYUSERROLEASSOCIATIONENTITY><SYSTEMSECURITYUSERROLEASSOCIATIONENTITY><ASSIGNMENTMODE>Manual</ASSIGNMENTMODE><ASSIGNMENTSTATUS>Enabled</ASSIGNMENTSTATUS><SECURITYROLEIDENTIFIER>JMGADVTIMEWORKER</SECURITYROLEIDENTIFIER><SECURITYROLENAME>Time registration user</SECURITYROLENAME><USERID>RetailServiceAccount</USERID></SYSTEMSECURITYUSERROLEASSOCIATIONENTITY><SYSTEMSECURITYUSERROLEASSOCIATIONENTITY><ASSIGNMENTMODE>Manual</ASSIGNMENTMODE><ASSIGNMENTSTATUS>Enabled</ASSIGNMENTSTATUS><SECURITYROLEIDENTIFIER>LEDGERACCOUNTANT</SECURITYROLEIDENTIFIER><SECURITYROLENAME>Accountant</SECURITYROLENAME><USERID>RetailServiceAccount</USERID></SYSTEMSECURITYUSERROLEASSOCIATIONENTITY><SYSTEMSECURITYUSERROLEASSOCIATIONENTITY><ASSIGNMENTMODE>Manual</ASSIGNMENTMODE><ASSIGNMENTSTATUS>Enabled</ASSIGNMENTSTATUS><SECURITYROLEIDENTIFIER>RETAILCATALOGMANAGER</SECURITYROLEIDENTIFIER><SECURITYROLENAME>Retail catalog manager</SECURITYROLENAME><USERID>RetailServiceAccount</USERID></SYSTEMSECURITYUSERROLEASSOCIATIONENTITY><SYSTEMSECURITYUSERROLEASSOCIATIONENTITY><ASSIGNMENTMODE>Manual</ASSIGNMENTMODE><ASSIGNMENTSTATUS>Enabled</ASSIGNMENTSTATUS><SECURITYROLEIDENTIFIER>RETAILMERCHANDISINGMANAGER</SECURITYROLEIDENTIFIER><SECURITYROLENAME>Retail merchandising manager</SECURITYROLENAME><USERID>RetailServiceAccount</USERID></SYSTEMSECURITYUSERROLEASSOCIATIONENTITY><SYSTEMSECURITYUSERROLEASSOCIATIONENTITY><ASSIGNMENTMODE>Manual</ASSIGNMENTMODE><ASSIGNMENTSTATUS>Enabled</ASSIGNMENTSTATUS><SECURITYROLEIDENTIFIER>RETAILOPERATIONSMANAGER</SECURITYROLEIDENTIFIER><SECURITYROLENAME>Retail operations manager</SECURITYROLENAME><USERID>RetailServiceAccount</USERID></SYSTEMSECURITYUSERROLEASSOCIATIONENTITY><SYSTEMSECURITYUSERROLEASSOCIATIONENTITY><ASSIGNMENTMODE>Manual</ASSIGNMENTMODE><ASSIGNMENTSTATUS>Enabled</ASSIGNMENTSTATUS><SECURITYROLEIDENTIFIER>RETAILSERVICE</SECURITYROLEIDENTIFIER><SECURITYROLENAME>Retail service</SECURITYROLENAME><USERID>RetailServiceAccount</USERID></SYSTEMSECURITYUSERROLEASSOCIATIONENTITY><SYSTEMSECURITYUSERROLEASSOCIATIONENTITY><ASSIGNMENTMODE>Manual</ASSIGNMENTMODE><ASSIGNMENTSTATUS>Enabled</ASSIGNMENTSTATUS><SECURITYROLEIDENTIFIER>RETAILWAREHOUSECLERK</SECURITYROLEIDENTIFIER><SECURITYROLENAME>Retail warehouse clerk</SECURITYROLENAME><USERID>RetailServiceAccount</USERID></SYSTEMSECURITYUSERROLEASSOCIATIONENTITY><SYSTEMSECURITYUSERROLEASSOCIATIONENTITY><ASSIGNMENTMODE>Manual</ASSIGNMENTMODE><ASSIGNMENTSTATUS>Enabled</ASSIGNMENTSTATUS><SECURITYROLEIDENTIFIER>RETAILWAREHOUSEMANAGER</SECURITYROLEIDENTIFIER><SECURITYROLENAME>Retail warehouse manager</SECURITYROLENAME><USERID>RetailServiceAccount</USERID></SYSTEMSECURITYUSERROLEASSOCIATIONENTITY><SYSTEMSECURITYUSERROLEASSOCIATIONENTITY><ASSIGNMENTMODE>Manual</ASSIGNMENTMODE><ASSIGNMENTSTATUS>Enabled</ASSIGNMENTSTATUS><SECURITYROLEIDENTIFIER>SMASERVICEDELIVERYMANAGER</SECURITYROLEIDENTIFIER><SECURITYROLENAME>Service delivery manager</SECURITYROLENAME><USERID>RetailServiceAccount</USERID></SYSTEMSECURITYUSERROLEASSOCIATIONENTITY><SYSTEMSECURITYUSERROLEASSOCIATIONENTITY><ASSIGNMENTMODE>Manual</ASSIGNMENTMODE><ASSIGNMENTSTATUS>Enabled</ASSIGNMENTSTATUS><SECURITYROLEIDENTIFIER>SYSTEMUSER</SECURITYROLEIDENTIFIER><SECURITYROLENAME>System user</SECURITYROLENAME><USERID>RetailServiceAccount</USERID></SYSTEMSECURITYUSERROLEASSOCIATIONENTITY><SYSTEMSECURITYUSERROLEASSOCIATIONENTITY><ASSIGNMENTMODE>Manual</ASSIGNMENTMODE><ASSIGNMENTSTATUS>Enabled</ASSIGNMENTSTATUS><SECURITYROLEIDENTIFIER>TRADEPURCHASINGMANAGER</SECURITYROLEIDENTIFIER><SECURITYROLENAME>Purchasing manager</SECURITYROLENAME><USERID>RetailServiceAccount</USERID></SYSTEMSECURITYUSERROLEASSOCIATIONENTITY><SYSTEMSECURITYUSERROLEASSOCIATIONENTITY><ASSIGNMENTMODE>Manual</ASSIGNMENTMODE><ASSIGNMENTSTATUS>Enabled</ASSIGNMENTSTATUS><SECURITYROLEIDENTIFIER>TRADESALESCLERK</SECURITYROLEIDENTIFIER><SECURITYROLENAME>Sales clerk</SECURITYROLENAME><USERID>RetailServiceAccount</USERID></SYSTEMSECURITYUSERROLEASSOCIATIONENTITY><SYSTEMSECURITYUSERROLEASSOCIATIONENTITY><ASSIGNMENTMODE>Manual</ASSIGNMENTMODE><ASSIGNMENTSTATUS>Enabled</ASSIGNMENTSTATUS><SECURITYROLEIDENTIFIER>TRADESALESMANAGER</SECURITYROLEIDENTIFIER><SECURITYROLENAME>Sales manager</SECURITYROLENAME><USERID>RetailServiceAccount</USERID></SYSTEMSECURITYUSERROLEASSOCIATIONENTITY><SYSTEMSECURITYUSERROLEASSOCIATIONENTITY><ASSIGNMENTMODE>Manual</ASSIGNMENTMODE><ASSIGNMENTSTATUS>Enabled</ASSIGNMENTSTATUS><SECURITYROLEIDENTIFIER>TRADESALESREPRESENTATIVE</SECURITYROLEIDENTIFIER><SECURITYROLENAME>Sales representative</SECURITYROLENAME><USERID>RetailServiceAccount</USERID></SYSTEMSECURITYUSERROLEASSOCIATIONENTITY><SYSTEMSECURITYUSERROLEASSOCIATIONENTITY><ASSIGNMENTMODE>Manual</ASSIGNMENTMODE><ASSIGNMENTSTATUS>Enabled</ASSIGNMENTSTATUS><SECURITYROLEIDENTIFIER>VENDPURCHASINGAGENT</SECURITYROLEIDENTIFIER><SECURITYROLENAME>Purchasing agent</SECURITYROLENAME><USERID>RetailServiceAccount</USERID></SYSTEMSECURITYUSERROLEASSOCIATIONENTITY><SYSTEMSECURITYUSERROLEASSOCIATIONENTITY><ASSIGNMENTMODE>Manual</ASSIGNMENTMODE><ASSIGNMENTSTATUS>Enabled</ASSIGNMENTSTATUS><SECURITYROLEIDENTIFIER>VENDVENDORACCOUNTMANAGER</SECURITYROLEIDENTIFIER><SECURITYROLENAME>Vendor account manager</SECURITYROLENAME><USERID>RetailServiceAccount</USERID></SYSTEMSECURITYUSERROLEASSOCIATIONENTITY><SYSTEMSECURITYUSERROLEASSOCIATIONENTITY><ASSIGNMENTMODE>Manual</ASSIGNMENTMODE><ASSIGNMENTSTATUS>Enabled</ASSIGNMENTSTATUS><SECURITYROLEIDENTIFIER>SCALEUNITADMIN</SECURITYROLEIDENTIFIER><SECURITYROLENAME>Scale unit management</SECURITYROLENAME><USERID>ScaleUnitManagement</USERID></SYSTEMSECURITYUSERROLEASSOCIATIONENTITY><SYSTEMSECURITYUSERROLEASSOCIATIONENTITY><ASSIGNMENTMODE>Manual</ASSIGNMENTMODE><ASSIGNMENTSTATUS>Enabled</ASSIGNMENTSTATUS><SECURITYROLEIDENTIFIER>SCALEUNITDATAPIPELINEROLE</SECURITYROLEIDENTIFIER><SECURITYROLENAME>ScaleUnitDataPipelineRole</SECURITYROLENAME><USERID>ScaleUnitPipeline</USERID></SYSTEMSECURITYUSERROLEASSOCIATIONENTITY><SYSTEMSECURITYUSERROLEASSOCIATIONENTITY><ASSIGNMENTMODE>Manual</ASSIGNMENTMODE><ASSIGNMENTSTATUS>Enabled</ASSIGNMENTSTATUS><SECURITYROLEIDENTIFIER>SYSHEALTHPINGROLE</SECURITYROLEIDENTIFIER><SECURITYROLENAME>System health ping role</SECURITYROLENAME><USERID>SysHealthServiceUser</USERID></SYSTEMSECURITYUSERROLEASSOCIATIONENTITY><SYSTEMSECURITYUSERROLEASSOCIATIONENTITY><ASSIGNMENTMODE>Manual</ASSIGNMENTMODE><ASSIGNMENTSTATUS>Enabled</ASSIGNMENTSTATUS><SECURITYROLEIDENTIFIER>SYSTEMUSER</SECURITYROLEIDENTIFIER><SECURITYROLENAME>System user</SECURITYROLENAME><USERID>SysHealthServiceUser</USERID></SYSTEMSECURITYUSERROLEASSOCIATIONENTITY><SYSTEMSECURITYUSERROLEASSOCIATIONENTITY><ASSIGNMENTMODE>Manual</ASSIGNMENTMODE><ASSIGNMENTSTATUS>Enabled</ASSIGNMENTSTATUS><SECURITYROLEIDENTIFIER>COLLECTIONLETTERCOLLECTIONSMANAGER</SECURITYROLEIDENTIFIER><SECURITYROLENAME>Collections manager</SECURITYROLENAME><USERID>wdtc</USERID></SYSTEMSECURITYUSERROLEASSOCIATIONENTITY><SYSTEMSECURITYUSERROLEASSOCIATIONENTITY><ASSIGNMENTMODE>Manual</ASSIGNMENTMODE><ASSIGNMENTSTATUS>Enabled</ASSIGNMENTSTATUS><SECURITYROLEIDENTIFIER>CREDMANMANAGER</SECURITYROLEIDENTIFIER><SECURITYROLENAME>Credit management manager</SECURITYROLENAME><USERID>wdtc</USERID></SYSTEMSECURITYUSERROLEASSOCIATIONENTITY><SYSTEMSECURITYUSERROLEASSOCIATIONENTITY><ASSIGNMENTMODE>Manual</ASSIGNMENTMODE><ASSIGNMENTSTATUS>Enabled</ASSIGNMENTSTATUS><SECURITYROLEIDENTIFIER>CRMMARKETINGMANAGER</SECURITYROLEIDENTIFIER><SECURITYROLENAME>Marketing manager</SECURITYROLENAME><USERID>wdtc</USERID></SYSTEMSECURITYUSERROLEASSOCIATIONENTITY><SYSTEMSECURITYUSERROLEASSOCIATIONENTITY><ASSIGNMENTMODE>Manual</ASSIGNMENTMODE><ASSIGNMENTSTATUS>Enabled</ASSIGNMENTSTATUS><SECURITYROLEIDENTIFIER>CUSTINVOICEACCOUNTSRECEIVABLEMANAGER</SECURITYROLEIDENTIFIER><SECURITYROLENAME>Accounts receivable manager</SECURITYROLENAME><USERID>wdtc</USERID></SYSTEMSECURITYUSERROLEASSOCIATIONENTITY><SYSTEMSECURITYUSERROLEASSOCIATIONENTITY><ASSIGNMENTMODE>Manual</ASSIGNMENTMODE><ASSIGNMENTSTATUS>Enabled</ASSIGNMENTSTATUS><SECURITYROLEIDENTIFIER>HCMHUMANRESOURCEMANAGER</SECURITYROLEIDENTIFIER><SECURITYROLENAME>Human resource manager</SECURITYROLENAME><USERID>wdtc</USERID></SYSTEMSECURITYUSERROLEASSOCIATIONENTITY><SYSTEMSECURITYUSERROLEASSOCIATIONENTITY><ASSIGNMENTMODE>Manual</ASSIGNMENTMODE><ASSIGNMENTSTATUS>Enabled</ASSIGNMENTSTATUS><SECURITYROLEIDENTIFIER>INVENTMATERIALSMANAGER</SECURITYROLEIDENTIFIER><SECURITYROLENAME>Materials manager</SECURITYROLENAME><USERID>wdtc</USERID></SYSTEMSECURITYUSERROLEASSOCIATIONENTITY><SYSTEMSECURITYUSERROLEASSOCIATIONENTITY><ASSIGNMENTMODE>Manual</ASSIGNMENTMODE><ASSIGNMENTSTATUS>Enabled</ASSIGNMENTSTATUS><SECURITYROLEIDENTIFIER>LEDGERACCOUNTANT</SECURITYROLEIDENTIFIER><SECURITYROLENAME>Accountant</SECURITYROLENAME><USERID>wdtc</USERID></SYSTEMSECURITYUSERROLEASSOCIATIONENTITY><SYSTEMSECURITYUSERROLEASSOCIATIONENTITY><ASSIGNMENTMODE>Manual</ASSIGNMENTMODE><ASSIGNMENTSTATUS>Enabled</ASSIGNMENTSTATUS><SECURITYROLEIDENTIFIER>PRODPRODUCTIONMANAGER</SECURITYROLEIDENTIFIER><SECURITYROLENAME>Production manager</SECURITYROLENAME><USERID>wdtc</USERID></SYSTEMSECURITYUSERROLEASSOCIATIONENTITY><SYSTEMSECURITYUSERROLEASSOCIATIONENTITY><ASSIGNMENTMODE>Manual</ASSIGNMENTMODE><ASSIGNMENTSTATUS>Enabled</ASSIGNMENTSTATUS><SECURITYROLEIDENTIFIER>PROJPROJECTMANAGER</SECURITYROLEIDENTIFIER><SECURITYROLENAME>Project manager</SECURITYROLENAME><USERID>wdtc</USERID></SYSTEMSECURITYUSERROLEASSOCIATIONENTITY><SYSTEMSECURITYUSERROLEASSOCIATIONENTITY><ASSIGNMENTMODE>Manual</ASSIGNMENTMODE><ASSIGNMENTSTATUS>Enabled</ASSIGNMENTSTATUS><SECURITYROLEIDENTIFIER>SYSTEMUSER</SECURITYROLEIDENTIFIER><SECURITYROLENAME>System user</SECURITYROLENAME><USERID>wdtc</USERID></SYSTEMSECURITYUSERROLEASSOCIATIONENTITY><SYSTEMSECURITYUSERROLEASSOCIATIONENTITY><ASSIGNMENTMODE>Manual</ASSIGNMENTMODE><ASSIGNMENTSTATUS>Enabled</ASSIGNMENTSTATUS><SECURITYROLEIDENTIFIER>TMSLOGISTICSMANAGER</SECURITYROLEIDENTIFIER><SECURITYROLENAME>Logistics manager</SECURITYROLENAME><USERID>wdtc</USERID></SYSTEMSECURITYUSERROLEASSOCIATIONENTITY><SYSTEMSECURITYUSERROLEASSOCIATIONENTITY><ASSIGNMENTMODE>Manual</ASSIGNMENTMODE><ASSIGNMENTSTATUS>Enabled</ASSIGNMENTSTATUS><SECURITYROLEIDENTIFIER>TRADECUSTOMERSERVICEMANAGER</SECURITYROLEIDENTIFIER><SECURITYROLENAME>Customer service manager</SECURITYROLENAME><USERID>wdtc</USERID></SYSTEMSECURITYUSERROLEASSOCIATIONENTITY><SYSTEMSECURITYUSERROLEASSOCIATIONENTITY><ASSIGNMENTMODE>Manual</ASSIGNMENTMODE><ASSIGNMENTSTATUS>Enabled</ASSIGNMENTSTATUS><SECURITYROLEIDENTIFIER>TRADEPURCHASINGMANAGER</SECURITYROLEIDENTIFIER><SECURITYROLENAME>Purchasing manager</SECURITYROLENAME><USERID>wdtc</USERID></SYSTEMSECURITYUSERROLEASSOCIATIONENTITY><SYSTEMSECURITYUSERROLEASSOCIATIONENTITY><ASSIGNMENTMODE>Manual</ASSIGNMENTMODE><ASSIGNMENTSTATUS>Enabled</ASSIGNMENTSTATUS><SECURITYROLEIDENTIFIER>TRADESALESMANAGER</SECURITYROLEIDENTIFIER><SECURITYROLENAME>Sales manager</SECURITYROLENAME><USERID>wdtc</USERID></SYSTEMSECURITYUSERROLEASSOCIATIONENTITY><SYSTEMSECURITYUSERROLEASSOCIATIONENTITY><ASSIGNMENTMODE>Manual</ASSIGNMENTMODE><ASSIGNMENTSTATUS>Enabled</ASSIGNMENTSTATUS><SECURITYROLEIDENTIFIER>VENDINVOICEACCOUNTSPAYABLEMANAGER</SECURITYROLEIDENTIFIER><SECURITYROLENAME>Accounts payable manager</SECURITYROLENAME><USERID>wdtc</USERID></SYSTEMSECURITYUSERROLEASSOCIATIONENTITY><SYSTEMSECURITYUSERROLEASSOCIATIONENTITY><ASSIGNMENTMODE>Manual</ASSIGNMENTMODE><ASSIGNMENTSTATUS>Enabled</ASSIGNMENTSTATUS><SECURITYROLEIDENTIFIER>VENDPURCHASINGAGENT</SECURITYROLEIDENTIFIER><SECURITYROLENAME>Purchasing agent</SECURITYROLENAME><USERID>wdtc</USERID></SYSTEMSECURITYUSERROLEASSOCIATIONENTITY><SYSTEMSECURITYUSERROLEASSOCIATIONENTITY><ASSIGNMENTMODE>Manual</ASSIGNMENTMODE><ASSIGNMENTSTATUS>Enabled</ASSIGNMENTSTATUS><SECURITYROLEIDENTIFIER>WMSWAREHOUSEMANAGER</SECURITYROLEIDENTIFIER><SECURITYROLENAME>Warehouse manager</SECURITYROLENAME><USERID>wdtc</USERID></SYSTEMSECURITYUSERROLEASSOCIATIONENTITY></Document>