﻿<?xml version="1.0" encoding="utf-8"?><Document><LOGISTICSADDRESSSTATEENTITY><COUNTRYREGIONID>FAE</COUNTRYREGIONID><DEFAULTSTATEFORCOUNTRYREGION>No</DEFAULTSTATEFORCOUNTRYREGION><INTRASTATCODE></INTRASTATCODE><NAME>The Alamber Sea</NAME><STATE>AS</STATE><TIMEZONE>GMT_DUBLIN_EDINBURGH_LISBON_LONDON</TIMEZONE></LOGISTICSADDRESSSTATEENTITY><LOGISTICSADDRESSSTATEENTITY><COUNTRYREGIONID>FAE</COUNTRYREGIONID><DEFAULTSTATEFORCOUNTRYREGION>No</DEFAULTSTATEFORCOUNTRYREGION><INTRASTATCODE></INTRASTATCODE><NAME><![CDATA[Auril's Teeth]]></NAME><STATE>AT</STATE><TIMEZONE>GMT_DUBLIN_EDINBURGH_LISBON_LONDON</TIMEZONE></LOGISTICSADDRESSSTATEENTITY><LOGISTICSADDRESSSTATEENTITY><COUNTRYREGIONID>FAE</COUNTRYREGIONID><DEFAULTSTATEFORCOUNTRYREGION>No</DEFAULTSTATEFORCOUNTRYREGION><INTRASTATCODE></INTRASTATCODE><NAME>The Beastlands</NAME><STATE>BL</STATE><TIMEZONE>GMT_DUBLIN_EDINBURGH_LISBON_LONDON</TIMEZONE></LOGISTICSADDRESSSTATEENTITY><LOGISTICSADDRESSSTATEENTITY><COUNTRYREGIONID>FAE</COUNTRYREGIONID><DEFAULTSTATEFORCOUNTRYREGION>No</DEFAULTSTATEFORCOUNTRYREGION><INTRASTATCODE></INTRASTATCODE><NAME>The Deamonlands</NAME><STATE>DL</STATE><TIMEZONE>GMT_DUBLIN_EDINBURGH_LISBON_LONDON</TIMEZONE></LOGISTICSADDRESSSTATEENTITY><LOGISTICSADDRESSSTATEENTITY><COUNTRYREGIONID>FAE</COUNTRYREGIONID><DEFAULTSTATEFORCOUNTRYREGION>No</DEFAULTSTATEFORCOUNTRYREGION><INTRASTATCODE></INTRASTATCODE><NAME>The Eastern Heartlands</NAME><STATE>EH</STATE><TIMEZONE>GMT_DUBLIN_EDINBURGH_LISBON_LONDON</TIMEZONE></LOGISTICSADDRESSSTATEENTITY><LOGISTICSADDRESSSTATEENTITY><COUNTRYREGIONID>FAE</COUNTRYREGIONID><DEFAULTSTATEFORCOUNTRYREGION>No</DEFAULTSTATEFORCOUNTRYREGION><INTRASTATCODE></INTRASTATCODE><NAME>The Empire of Netheril</NAME><STATE>EN</STATE><TIMEZONE>GMT_DUBLIN_EDINBURGH_LISBON_LONDON</TIMEZONE></LOGISTICSADDRESSSTATEENTITY><LOGISTICSADDRESSSTATEENTITY><COUNTRYREGIONID>FAE</COUNTRYREGIONID><DEFAULTSTATEFORCOUNTRYREGION>No</DEFAULTSTATEFORCOUNTRYREGION><INTRASTATCODE></INTRASTATCODE><NAME>The Sea of Fallen Stars</NAME><STATE>FS</STATE><TIMEZONE>GMT_DUBLIN_EDINBURGH_LISBON_LONDON</TIMEZONE></LOGISTICSADDRESSSTATEENTITY><LOGISTICSADDRESSSTATEENTITY><COUNTRYREGIONID>FAE</COUNTRYREGIONID><DEFAULTSTATEFORCOUNTRYREGION>No</DEFAULTSTATEFORCOUNTRYREGION><INTRASTATCODE></INTRASTATCODE><NAME>The Hordlands</NAME><STATE>HL</STATE><TIMEZONE>GMT_DUBLIN_EDINBURGH_LISBON_LONDON</TIMEZONE></LOGISTICSADDRESSSTATEENTITY><LOGISTICSADDRESSSTATEENTITY><COUNTRYREGIONID>FAE</COUNTRYREGIONID><DEFAULTSTATEFORCOUNTRYREGION>No</DEFAULTSTATEFORCOUNTRYREGION><INTRASTATCODE></INTRASTATCODE><NAME>The Lands of Intrigue</NAME><STATE>LI</STATE><TIMEZONE>GMT_DUBLIN_EDINBURGH_LISBON_LONDON</TIMEZONE></LOGISTICSADDRESSSTATEENTITY><LOGISTICSADDRESSSTATEENTITY><COUNTRYREGIONID>FAE</COUNTRYREGIONID><DEFAULTSTATEFORCOUNTRYREGION>No</DEFAULTSTATEFORCOUNTRYREGION><INTRASTATCODE></INTRASTATCODE><NAME>The Lake of Steam</NAME><STATE>LS</STATE><TIMEZONE>GMT_DUBLIN_EDINBURGH_LISBON_LONDON</TIMEZONE></LOGISTICSADDRESSSTATEENTITY><LOGISTICSADDRESSSTATEENTITY><COUNTRYREGIONID>FAE</COUNTRYREGIONID><DEFAULTSTATEFORCOUNTRYREGION>No</DEFAULTSTATEFORCOUNTRYREGION><INTRASTATCODE></INTRASTATCODE><NAME>Murghom</NAME><STATE>MH</STATE><TIMEZONE>GMT_DUBLIN_EDINBURGH_LISBON_LONDON</TIMEZONE></LOGISTICSADDRESSSTATEENTITY><LOGISTICSADDRESSSTATEENTITY><COUNTRYREGIONID>FAE</COUNTRYREGIONID><DEFAULTSTATEFORCOUNTRYREGION>No</DEFAULTSTATEFORCOUNTRYREGION><INTRASTATCODE></INTRASTATCODE><NAME>The Moonshae Isles</NAME><STATE>MI</STATE><TIMEZONE>GMT_DUBLIN_EDINBURGH_LISBON_LONDON</TIMEZONE></LOGISTICSADDRESSSTATEENTITY><LOGISTICSADDRESSSTATEENTITY><COUNTRYREGIONID>FAE</COUNTRYREGIONID><DEFAULTSTATEFORCOUNTRYREGION>No</DEFAULTSTATEFORCOUNTRYREGION><INTRASTATCODE></INTRASTATCODE><NAME>The Moonsea Lands</NAME><STATE>ML</STATE><TIMEZONE>GMT_DUBLIN_EDINBURGH_LISBON_LONDON</TIMEZONE></LOGISTICSADDRESSSTATEENTITY><LOGISTICSADDRESSSTATEENTITY><COUNTRYREGIONID>FAE</COUNTRYREGIONID><DEFAULTSTATEFORCOUNTRYREGION>Yes</DEFAULTSTATEFORCOUNTRYREGION><INTRASTATCODE></INTRASTATCODE><NAME>The Sword Coast</NAME><STATE>SC</STATE><TIMEZONE>GMT_DUBLIN_EDINBURGH_LISBON_LONDON</TIMEZONE></LOGISTICSADDRESSSTATEENTITY><LOGISTICSADDRESSSTATEENTITY><COUNTRYREGIONID>FAE</COUNTRYREGIONID><DEFAULTSTATEFORCOUNTRYREGION>No</DEFAULTSTATEFORCOUNTRYREGION><INTRASTATCODE></INTRASTATCODE><NAME>The Skyfire Emerites</NAME><STATE>SE</STATE><TIMEZONE>GMT_DUBLIN_EDINBURGH_LISBON_LONDON</TIMEZONE></LOGISTICSADDRESSSTATEENTITY><LOGISTICSADDRESSSTATEENTITY><COUNTRYREGIONID>FAE</COUNTRYREGIONID><DEFAULTSTATEFORCOUNTRYREGION>No</DEFAULTSTATEFORCOUNTRYREGION><INTRASTATCODE></INTRASTATCODE><NAME>The Scarred South</NAME><STATE>SS</STATE><TIMEZONE>GMT_DUBLIN_EDINBURGH_LISBON_LONDON</TIMEZONE></LOGISTICSADDRESSSTATEENTITY><LOGISTICSADDRESSSTATEENTITY><COUNTRYREGIONID>FAE</COUNTRYREGIONID><DEFAULTSTATEFORCOUNTRYREGION>No</DEFAULTSTATEFORCOUNTRYREGION><INTRASTATCODE></INTRASTATCODE><NAME>The North</NAME><STATE>TN</STATE><TIMEZONE>GMT_DUBLIN_EDINBURGH_LISBON_LONDON</TIMEZONE></LOGISTICSADDRESSSTATEENTITY><LOGISTICSADDRESSSTATEENTITY><COUNTRYREGIONID>FAE</COUNTRYREGIONID><DEFAULTSTATEFORCOUNTRYREGION>No</DEFAULTSTATEFORCOUNTRYREGION><INTRASTATCODE></INTRASTATCODE><NAME>The Trackless Sea</NAME><STATE>TS</STATE><TIMEZONE>GMT_DUBLIN_EDINBURGH_LISBON_LONDON</TIMEZONE></LOGISTICSADDRESSSTATEENTITY><LOGISTICSADDRESSSTATEENTITY><COUNTRYREGIONID>FAE</COUNTRYREGIONID><DEFAULTSTATEFORCOUNTRYREGION>No</DEFAULTSTATEFORCOUNTRYREGION><INTRASTATCODE></INTRASTATCODE><NAME>The Unapproachable East</NAME><STATE>UE</STATE><TIMEZONE>GMT_DUBLIN_EDINBURGH_LISBON_LONDON</TIMEZONE></LOGISTICSADDRESSSTATEENTITY><LOGISTICSADDRESSSTATEENTITY><COUNTRYREGIONID>FAE</COUNTRYREGIONID><DEFAULTSTATEFORCOUNTRYREGION>No</DEFAULTSTATEFORCOUNTRYREGION><INTRASTATCODE></INTRASTATCODE><NAME>The Vihon Wilds</NAME><STATE>VW</STATE><TIMEZONE>GMT_DUBLIN_EDINBURGH_LISBON_LONDON</TIMEZONE></LOGISTICSADDRESSSTATEENTITY><LOGISTICSADDRESSSTATEENTITY><COUNTRYREGIONID>FAE</COUNTRYREGIONID><DEFAULTSTATEFORCOUNTRYREGION>No</DEFAULTSTATEFORCOUNTRYREGION><INTRASTATCODE></INTRASTATCODE><NAME>The Western Heartlands</NAME><STATE>WH</STATE><TIMEZONE>GMT_DUBLIN_EDINBURGH_LISBON_LONDON</TIMEZONE></LOGISTICSADDRESSSTATEENTITY></Document>