﻿<?xml version="1.0" encoding="utf-8"?><Document><UNITOFMEASUREENTITY><DECIMALPRECISION>0</DECIMALPRECISION><FIXEDUNITSYMBOLASSIGNMENT></FIXEDUNITSYMBOLASSIGNMENT><ISBASEUNIT>No</ISBASEUNIT><ISFIXEDUNITSYMBOLASSIGNED>No</ISFIXEDUNITSYMBOLASSIGNED><ISSYSTEMUNIT>No</ISSYSTEMUNIT><SYSTEMOFUNITS>None</SYSTEMOFUNITS><UNITCLASS>Quantity</UNITCLASS><UNITDESCRIPTION>Bag</UNITDESCRIPTION><UNITSYMBOL>bag</UNITSYMBOL></UNITOFMEASUREENTITY><UNITOFMEASUREENTITY><DECIMALPRECISION>0</DECIMALPRECISION><FIXEDUNITSYMBOLASSIGNMENT></FIXEDUNITSYMBOLASSIGNMENT><ISBASEUNIT>No</ISBASEUNIT><ISFIXEDUNITSYMBOLASSIGNED>No</ISFIXEDUNITSYMBOLASSIGNED><ISSYSTEMUNIT>No</ISSYSTEMUNIT><SYSTEMOFUNITS>None</SYSTEMOFUNITS><UNITCLASS>Undefined</UNITCLASS><UNITDESCRIPTION>Charisma</UNITDESCRIPTION><UNITSYMBOL>CHA</UNITSYMBOL></UNITOFMEASUREENTITY><UNITOFMEASUREENTITY><DECIMALPRECISION>0</DECIMALPRECISION><FIXEDUNITSYMBOLASSIGNMENT></FIXEDUNITSYMBOLASSIGNMENT><ISBASEUNIT>No</ISBASEUNIT><ISFIXEDUNITSYMBOLASSIGNED>No</ISFIXEDUNITSYMBOLASSIGNED><ISSYSTEMUNIT>No</ISSYSTEMUNIT><SYSTEMOFUNITS>None</SYSTEMOFUNITS><UNITCLASS>Undefined</UNITCLASS><UNITDESCRIPTION>Constitution</UNITDESCRIPTION><UNITSYMBOL>CON</UNITSYMBOL></UNITOFMEASUREENTITY><UNITOFMEASUREENTITY><DECIMALPRECISION>1</DECIMALPRECISION><FIXEDUNITSYMBOLASSIGNMENT></FIXEDUNITSYMBOLASSIGNMENT><ISBASEUNIT>No</ISBASEUNIT><ISFIXEDUNITSYMBOLASSIGNED>No</ISFIXEDUNITSYMBOLASSIGNED><ISSYSTEMUNIT>No</ISSYSTEMUNIT><SYSTEMOFUNITS>US</SYSTEMOFUNITS><UNITCLASS>DryVolume</UNITCLASS><UNITDESCRIPTION>Cubic foot</UNITDESCRIPTION><UNITSYMBOL>cu. ft</UNITSYMBOL></UNITOFMEASUREENTITY><UNITOFMEASUREENTITY><DECIMALPRECISION>0</DECIMALPRECISION><FIXEDUNITSYMBOLASSIGNMENT></FIXEDUNITSYMBOLASSIGNMENT><ISBASEUNIT>No</ISBASEUNIT><ISFIXEDUNITSYMBOLASSIGNED>No</ISFIXEDUNITSYMBOLASSIGNED><ISSYSTEMUNIT>No</ISSYSTEMUNIT><SYSTEMOFUNITS>US</SYSTEMOFUNITS><UNITCLASS>DryVolume</UNITCLASS><UNITDESCRIPTION>Cubic inch</UNITDESCRIPTION><UNITSYMBOL>cu. in.</UNITSYMBOL></UNITOFMEASUREENTITY><UNITOFMEASUREENTITY><DECIMALPRECISION>2</DECIMALPRECISION><FIXEDUNITSYMBOLASSIGNMENT></FIXEDUNITSYMBOLASSIGNMENT><ISBASEUNIT>No</ISBASEUNIT><ISFIXEDUNITSYMBOLASSIGNED>No</ISFIXEDUNITSYMBOLASSIGNED><ISSYSTEMUNIT>No</ISSYSTEMUNIT><SYSTEMOFUNITS>US</SYSTEMOFUNITS><UNITCLASS>DryVolume</UNITCLASS><UNITDESCRIPTION>Cubic yard</UNITDESCRIPTION><UNITSYMBOL>cu. yd</UNITSYMBOL></UNITOFMEASUREENTITY><UNITOFMEASUREENTITY><DECIMALPRECISION>0</DECIMALPRECISION><FIXEDUNITSYMBOLASSIGNMENT>Days</FIXEDUNITSYMBOLASSIGNMENT><ISBASEUNIT>No</ISBASEUNIT><ISFIXEDUNITSYMBOLASSIGNED>Yes</ISFIXEDUNITSYMBOLASSIGNED><ISSYSTEMUNIT>No</ISSYSTEMUNIT><SYSTEMOFUNITS>None</SYSTEMOFUNITS><UNITCLASS>Time</UNITCLASS><UNITDESCRIPTION>Day</UNITDESCRIPTION><UNITSYMBOL>day</UNITSYMBOL></UNITOFMEASUREENTITY><UNITOFMEASUREENTITY><DECIMALPRECISION>0</DECIMALPRECISION><FIXEDUNITSYMBOLASSIGNMENT></FIXEDUNITSYMBOLASSIGNMENT><ISBASEUNIT>No</ISBASEUNIT><ISFIXEDUNITSYMBOLASSIGNED>No</ISFIXEDUNITSYMBOLASSIGNED><ISSYSTEMUNIT>No</ISSYSTEMUNIT><SYSTEMOFUNITS>None</SYSTEMOFUNITS><UNITCLASS>Undefined</UNITCLASS><UNITDESCRIPTION>Dexterity</UNITDESCRIPTION><UNITSYMBOL>DEX</UNITSYMBOL></UNITOFMEASUREENTITY><UNITOFMEASUREENTITY><DECIMALPRECISION>0</DECIMALPRECISION><FIXEDUNITSYMBOLASSIGNMENT></FIXEDUNITSYMBOLASSIGNMENT><ISBASEUNIT>No</ISBASEUNIT><ISFIXEDUNITSYMBOLASSIGNED>No</ISFIXEDUNITSYMBOLASSIGNED><ISSYSTEMUNIT>No</ISSYSTEMUNIT><SYSTEMOFUNITS>None</SYSTEMOFUNITS><UNITCLASS>Quantity</UNITCLASS><UNITDESCRIPTION>Each</UNITDESCRIPTION><UNITSYMBOL>ea</UNITSYMBOL></UNITOFMEASUREENTITY><UNITOFMEASUREENTITY><DECIMALPRECISION>0</DECIMALPRECISION><FIXEDUNITSYMBOLASSIGNMENT></FIXEDUNITSYMBOLASSIGNMENT><ISBASEUNIT>No</ISBASEUNIT><ISFIXEDUNITSYMBOLASSIGNED>No</ISFIXEDUNITSYMBOLASSIGNED><ISSYSTEMUNIT>No</ISSYSTEMUNIT><SYSTEMOFUNITS>US</SYSTEMOFUNITS><UNITCLASS>LiquidVolume</UNITCLASS><UNITDESCRIPTION>Fluid ounce</UNITDESCRIPTION><UNITSYMBOL>fl. oz</UNITSYMBOL></UNITOFMEASUREENTITY><UNITOFMEASUREENTITY><DECIMALPRECISION>1</DECIMALPRECISION><FIXEDUNITSYMBOLASSIGNMENT>Feet</FIXEDUNITSYMBOLASSIGNMENT><ISBASEUNIT>No</ISBASEUNIT><ISFIXEDUNITSYMBOLASSIGNED>Yes</ISFIXEDUNITSYMBOLASSIGNED><ISSYSTEMUNIT>No</ISSYSTEMUNIT><SYSTEMOFUNITS>US</SYSTEMOFUNITS><UNITCLASS>Length</UNITCLASS><UNITDESCRIPTION>Foot</UNITDESCRIPTION><UNITSYMBOL>ft</UNITSYMBOL></UNITOFMEASUREENTITY><UNITOFMEASUREENTITY><DECIMALPRECISION>2</DECIMALPRECISION><FIXEDUNITSYMBOLASSIGNMENT>Gallons</FIXEDUNITSYMBOLASSIGNMENT><ISBASEUNIT>No</ISBASEUNIT><ISFIXEDUNITSYMBOLASSIGNED>Yes</ISFIXEDUNITSYMBOLASSIGNED><ISSYSTEMUNIT>No</ISSYSTEMUNIT><SYSTEMOFUNITS>US</SYSTEMOFUNITS><UNITCLASS>LiquidVolume</UNITCLASS><UNITDESCRIPTION>Galon</UNITDESCRIPTION><UNITSYMBOL>gal</UNITSYMBOL></UNITOFMEASUREENTITY><UNITOFMEASUREENTITY><DECIMALPRECISION>0</DECIMALPRECISION><FIXEDUNITSYMBOLASSIGNMENT>Hours</FIXEDUNITSYMBOLASSIGNMENT><ISBASEUNIT>No</ISBASEUNIT><ISFIXEDUNITSYMBOLASSIGNED>Yes</ISFIXEDUNITSYMBOLASSIGNED><ISSYSTEMUNIT>No</ISSYSTEMUNIT><SYSTEMOFUNITS>None</SYSTEMOFUNITS><UNITCLASS>Time</UNITCLASS><UNITDESCRIPTION>Hour</UNITDESCRIPTION><UNITSYMBOL>hr</UNITSYMBOL></UNITOFMEASUREENTITY><UNITOFMEASUREENTITY><DECIMALPRECISION>0</DECIMALPRECISION><FIXEDUNITSYMBOLASSIGNMENT>Inches</FIXEDUNITSYMBOLASSIGNMENT><ISBASEUNIT>No</ISBASEUNIT><ISFIXEDUNITSYMBOLASSIGNED>Yes</ISFIXEDUNITSYMBOLASSIGNED><ISSYSTEMUNIT>No</ISSYSTEMUNIT><SYSTEMOFUNITS>US</SYSTEMOFUNITS><UNITCLASS>Length</UNITCLASS><UNITDESCRIPTION>Inch</UNITDESCRIPTION><UNITSYMBOL>in</UNITSYMBOL></UNITOFMEASUREENTITY><UNITOFMEASUREENTITY><DECIMALPRECISION>0</DECIMALPRECISION><FIXEDUNITSYMBOLASSIGNMENT></FIXEDUNITSYMBOLASSIGNMENT><ISBASEUNIT>No</ISBASEUNIT><ISFIXEDUNITSYMBOLASSIGNED>No</ISFIXEDUNITSYMBOLASSIGNED><ISSYSTEMUNIT>No</ISSYSTEMUNIT><SYSTEMOFUNITS>None</SYSTEMOFUNITS><UNITCLASS>Undefined</UNITCLASS><UNITDESCRIPTION>Intelligence</UNITDESCRIPTION><UNITSYMBOL>INT</UNITSYMBOL></UNITOFMEASUREENTITY><UNITOFMEASUREENTITY><DECIMALPRECISION>0</DECIMALPRECISION><FIXEDUNITSYMBOLASSIGNMENT>Pounds</FIXEDUNITSYMBOLASSIGNMENT><ISBASEUNIT>No</ISBASEUNIT><ISFIXEDUNITSYMBOLASSIGNED>Yes</ISFIXEDUNITSYMBOLASSIGNED><ISSYSTEMUNIT>No</ISSYSTEMUNIT><SYSTEMOFUNITS>US</SYSTEMOFUNITS><UNITCLASS>Mass</UNITCLASS><UNITDESCRIPTION>Pound</UNITDESCRIPTION><UNITSYMBOL>lb</UNITSYMBOL></UNITOFMEASUREENTITY><UNITOFMEASUREENTITY><DECIMALPRECISION>0</DECIMALPRECISION><FIXEDUNITSYMBOLASSIGNMENT></FIXEDUNITSYMBOLASSIGNMENT><ISBASEUNIT>No</ISBASEUNIT><ISFIXEDUNITSYMBOLASSIGNED>No</ISFIXEDUNITSYMBOLASSIGNED><ISSYSTEMUNIT>No</ISSYSTEMUNIT><SYSTEMOFUNITS>None</SYSTEMOFUNITS><UNITCLASS>Length</UNITCLASS><UNITDESCRIPTION>League</UNITDESCRIPTION><UNITSYMBOL>lea</UNITSYMBOL></UNITOFMEASUREENTITY><UNITOFMEASUREENTITY><DECIMALPRECISION>2</DECIMALPRECISION><FIXEDUNITSYMBOLASSIGNMENT></FIXEDUNITSYMBOLASSIGNMENT><ISBASEUNIT>No</ISBASEUNIT><ISFIXEDUNITSYMBOLASSIGNED>No</ISFIXEDUNITSYMBOLASSIGNED><ISSYSTEMUNIT>No</ISSYSTEMUNIT><SYSTEMOFUNITS>US</SYSTEMOFUNITS><UNITCLASS>Length</UNITCLASS><UNITDESCRIPTION>Mile</UNITDESCRIPTION><UNITSYMBOL>mi</UNITSYMBOL></UNITOFMEASUREENTITY><UNITOFMEASUREENTITY><DECIMALPRECISION>0</DECIMALPRECISION><FIXEDUNITSYMBOLASSIGNMENT>Minutes</FIXEDUNITSYMBOLASSIGNMENT><ISBASEUNIT>No</ISBASEUNIT><ISFIXEDUNITSYMBOLASSIGNED>Yes</ISFIXEDUNITSYMBOLASSIGNED><ISSYSTEMUNIT>No</ISSYSTEMUNIT><SYSTEMOFUNITS>None</SYSTEMOFUNITS><UNITCLASS>Time</UNITCLASS><UNITDESCRIPTION>Minute</UNITDESCRIPTION><UNITSYMBOL>min</UNITSYMBOL></UNITOFMEASUREENTITY><UNITOFMEASUREENTITY><DECIMALPRECISION>0</DECIMALPRECISION><FIXEDUNITSYMBOLASSIGNMENT>Ounces</FIXEDUNITSYMBOLASSIGNMENT><ISBASEUNIT>No</ISBASEUNIT><ISFIXEDUNITSYMBOLASSIGNED>Yes</ISFIXEDUNITSYMBOLASSIGNED><ISSYSTEMUNIT>No</ISSYSTEMUNIT><SYSTEMOFUNITS>US</SYSTEMOFUNITS><UNITCLASS>Mass</UNITCLASS><UNITDESCRIPTION>Ounce</UNITDESCRIPTION><UNITSYMBOL>oz</UNITSYMBOL></UNITOFMEASUREENTITY><UNITOFMEASUREENTITY><DECIMALPRECISION>0</DECIMALPRECISION><FIXEDUNITSYMBOLASSIGNMENT>Pieces</FIXEDUNITSYMBOLASSIGNMENT><ISBASEUNIT>No</ISBASEUNIT><ISFIXEDUNITSYMBOLASSIGNED>Yes</ISFIXEDUNITSYMBOLASSIGNED><ISSYSTEMUNIT>No</ISSYSTEMUNIT><SYSTEMOFUNITS>None</SYSTEMOFUNITS><UNITCLASS>Quantity</UNITCLASS><UNITDESCRIPTION>Piece</UNITDESCRIPTION><UNITSYMBOL>pc</UNITSYMBOL></UNITOFMEASUREENTITY><UNITOFMEASUREENTITY><DECIMALPRECISION>0</DECIMALPRECISION><FIXEDUNITSYMBOLASSIGNMENT></FIXEDUNITSYMBOLASSIGNMENT><ISBASEUNIT>No</ISBASEUNIT><ISFIXEDUNITSYMBOLASSIGNED>No</ISFIXEDUNITSYMBOLASSIGNED><ISSYSTEMUNIT>No</ISSYSTEMUNIT><SYSTEMOFUNITS>US</SYSTEMOFUNITS><UNITCLASS>LiquidVolume</UNITCLASS><UNITDESCRIPTION>Pint</UNITDESCRIPTION><UNITSYMBOL>pt</UNITSYMBOL></UNITOFMEASUREENTITY><UNITOFMEASUREENTITY><DECIMALPRECISION>2</DECIMALPRECISION><FIXEDUNITSYMBOLASSIGNMENT></FIXEDUNITSYMBOLASSIGNMENT><ISBASEUNIT>No</ISBASEUNIT><ISFIXEDUNITSYMBOLASSIGNED>No</ISFIXEDUNITSYMBOLASSIGNED><ISSYSTEMUNIT>No</ISSYSTEMUNIT><SYSTEMOFUNITS>US</SYSTEMOFUNITS><UNITCLASS>LiquidVolume</UNITCLASS><UNITDESCRIPTION>Quart</UNITDESCRIPTION><UNITSYMBOL>qt</UNITSYMBOL></UNITOFMEASUREENTITY><UNITOFMEASUREENTITY><DECIMALPRECISION>1</DECIMALPRECISION><FIXEDUNITSYMBOLASSIGNMENT></FIXEDUNITSYMBOLASSIGNMENT><ISBASEUNIT>No</ISBASEUNIT><ISFIXEDUNITSYMBOLASSIGNED>No</ISFIXEDUNITSYMBOLASSIGNED><ISSYSTEMUNIT>No</ISSYSTEMUNIT><SYSTEMOFUNITS>US</SYSTEMOFUNITS><UNITCLASS>Area</UNITCLASS><UNITDESCRIPTION>Square foot</UNITDESCRIPTION><UNITSYMBOL>sq. ft</UNITSYMBOL></UNITOFMEASUREENTITY><UNITOFMEASUREENTITY><DECIMALPRECISION>0</DECIMALPRECISION><FIXEDUNITSYMBOLASSIGNMENT></FIXEDUNITSYMBOLASSIGNMENT><ISBASEUNIT>No</ISBASEUNIT><ISFIXEDUNITSYMBOLASSIGNED>No</ISFIXEDUNITSYMBOLASSIGNED><ISSYSTEMUNIT>No</ISSYSTEMUNIT><SYSTEMOFUNITS>US</SYSTEMOFUNITS><UNITCLASS>Area</UNITCLASS><UNITDESCRIPTION>Square inch</UNITDESCRIPTION><UNITSYMBOL>sq. in.</UNITSYMBOL></UNITOFMEASUREENTITY><UNITOFMEASUREENTITY><DECIMALPRECISION>2</DECIMALPRECISION><FIXEDUNITSYMBOLASSIGNMENT></FIXEDUNITSYMBOLASSIGNMENT><ISBASEUNIT>No</ISBASEUNIT><ISFIXEDUNITSYMBOLASSIGNED>No</ISFIXEDUNITSYMBOLASSIGNED><ISSYSTEMUNIT>No</ISSYSTEMUNIT><SYSTEMOFUNITS>US</SYSTEMOFUNITS><UNITCLASS>Area</UNITCLASS><UNITDESCRIPTION>Square mile</UNITDESCRIPTION><UNITSYMBOL>sq. mi</UNITSYMBOL></UNITOFMEASUREENTITY><UNITOFMEASUREENTITY><DECIMALPRECISION>2</DECIMALPRECISION><FIXEDUNITSYMBOLASSIGNMENT></FIXEDUNITSYMBOLASSIGNMENT><ISBASEUNIT>No</ISBASEUNIT><ISFIXEDUNITSYMBOLASSIGNED>No</ISFIXEDUNITSYMBOLASSIGNED><ISSYSTEMUNIT>No</ISSYSTEMUNIT><SYSTEMOFUNITS>US</SYSTEMOFUNITS><UNITCLASS>Area</UNITCLASS><UNITDESCRIPTION>Square yard</UNITDESCRIPTION><UNITSYMBOL>sq. yd</UNITSYMBOL></UNITOFMEASUREENTITY><UNITOFMEASUREENTITY><DECIMALPRECISION>0</DECIMALPRECISION><FIXEDUNITSYMBOLASSIGNMENT></FIXEDUNITSYMBOLASSIGNMENT><ISBASEUNIT>No</ISBASEUNIT><ISFIXEDUNITSYMBOLASSIGNED>No</ISFIXEDUNITSYMBOLASSIGNED><ISSYSTEMUNIT>No</ISSYSTEMUNIT><SYSTEMOFUNITS>None</SYSTEMOFUNITS><UNITCLASS>Mass</UNITCLASS><UNITDESCRIPTION>Stone</UNITDESCRIPTION><UNITSYMBOL>st</UNITSYMBOL></UNITOFMEASUREENTITY><UNITOFMEASUREENTITY><DECIMALPRECISION>0</DECIMALPRECISION><FIXEDUNITSYMBOLASSIGNMENT></FIXEDUNITSYMBOLASSIGNMENT><ISBASEUNIT>No</ISBASEUNIT><ISFIXEDUNITSYMBOLASSIGNED>No</ISFIXEDUNITSYMBOLASSIGNED><ISSYSTEMUNIT>No</ISSYSTEMUNIT><SYSTEMOFUNITS>None</SYSTEMOFUNITS><UNITCLASS>Undefined</UNITCLASS><UNITDESCRIPTION>Strength</UNITDESCRIPTION><UNITSYMBOL>STR</UNITSYMBOL></UNITOFMEASUREENTITY><UNITOFMEASUREENTITY><DECIMALPRECISION>0</DECIMALPRECISION><FIXEDUNITSYMBOLASSIGNMENT></FIXEDUNITSYMBOLASSIGNMENT><ISBASEUNIT>No</ISBASEUNIT><ISFIXEDUNITSYMBOLASSIGNED>No</ISFIXEDUNITSYMBOLASSIGNED><ISSYSTEMUNIT>No</ISSYSTEMUNIT><SYSTEMOFUNITS>None</SYSTEMOFUNITS><UNITCLASS>Undefined</UNITCLASS><UNITDESCRIPTION>Wisdom</UNITDESCRIPTION><UNITSYMBOL>WIS</UNITSYMBOL></UNITOFMEASUREENTITY><UNITOFMEASUREENTITY><DECIMALPRECISION>2</DECIMALPRECISION><FIXEDUNITSYMBOLASSIGNMENT>Yards</FIXEDUNITSYMBOLASSIGNMENT><ISBASEUNIT>No</ISBASEUNIT><ISFIXEDUNITSYMBOLASSIGNED>Yes</ISFIXEDUNITSYMBOLASSIGNED><ISSYSTEMUNIT>No</ISSYSTEMUNIT><SYSTEMOFUNITS>US</SYSTEMOFUNITS><UNITCLASS>Length</UNITCLASS><UNITDESCRIPTION>Yard</UNITDESCRIPTION><UNITSYMBOL>yd</UNITSYMBOL></UNITOFMEASUREENTITY></Document>