﻿<?xml version="1.0" encoding="utf-8"?><Document><UNITOFMEASURETRANSLATIONENTITY><LANGUAGEID>en-US</LANGUAGEID><TRANSLATEDDESCRIPTION>Bag</TRANSLATEDDESCRIPTION><UNITSYMBOL>bag</UNITSYMBOL></UNITOFMEASURETRANSLATIONENTITY><UNITOFMEASURETRANSLATIONENTITY><LANGUAGEID>en-US</LANGUAGEID><TRANSLATEDDESCRIPTION>Charisma</TRANSLATEDDESCRIPTION><UNITSYMBOL>CHA</UNITSYMBOL></UNITOFMEASURETRANSLATIONENTITY><UNITOFMEASURETRANSLATIONENTITY><LANGUAGEID>en-US</LANGUAGEID><TRANSLATEDDESCRIPTION>Constitution</TRANSLATEDDESCRIPTION><UNITSYMBOL>CON</UNITSYMBOL></UNITOFMEASURETRANSLATIONENTITY><UNITOFMEASURETRANSLATIONENTITY><LANGUAGEID>en-US</LANGUAGEID><TRANSLATEDDESCRIPTION>Cubic foot</TRANSLATEDDESCRIPTION><UNITSYMBOL>cu. ft</UNITSYMBOL></UNITOFMEASURETRANSLATIONENTITY><UNITOFMEASURETRANSLATIONENTITY><LANGUAGEID>en-US</LANGUAGEID><TRANSLATEDDESCRIPTION>Cubic inch</TRANSLATEDDESCRIPTION><UNITSYMBOL>cu. in.</UNITSYMBOL></UNITOFMEASURETRANSLATIONENTITY><UNITOFMEASURETRANSLATIONENTITY><LANGUAGEID>en-US</LANGUAGEID><TRANSLATEDDESCRIPTION>Cubic yard</TRANSLATEDDESCRIPTION><UNITSYMBOL>cu. yd</UNITSYMBOL></UNITOFMEASURETRANSLATIONENTITY><UNITOFMEASURETRANSLATIONENTITY><LANGUAGEID>en-US</LANGUAGEID><TRANSLATEDDESCRIPTION>Day</TRANSLATEDDESCRIPTION><UNITSYMBOL>day</UNITSYMBOL></UNITOFMEASURETRANSLATIONENTITY><UNITOFMEASURETRANSLATIONENTITY><LANGUAGEID>en-US</LANGUAGEID><TRANSLATEDDESCRIPTION>Dexterity</TRANSLATEDDESCRIPTION><UNITSYMBOL>DEX</UNITSYMBOL></UNITOFMEASURETRANSLATIONENTITY><UNITOFMEASURETRANSLATIONENTITY><LANGUAGEID>en-US</LANGUAGEID><TRANSLATEDDESCRIPTION>Each</TRANSLATEDDESCRIPTION><UNITSYMBOL>ea</UNITSYMBOL></UNITOFMEASURETRANSLATIONENTITY><UNITOFMEASURETRANSLATIONENTITY><LANGUAGEID>en-US</LANGUAGEID><TRANSLATEDDESCRIPTION>Fluid ounce</TRANSLATEDDESCRIPTION><UNITSYMBOL>fl. oz</UNITSYMBOL></UNITOFMEASURETRANSLATIONENTITY><UNITOFMEASURETRANSLATIONENTITY><LANGUAGEID>en-US</LANGUAGEID><TRANSLATEDDESCRIPTION>Foot</TRANSLATEDDESCRIPTION><UNITSYMBOL>ft</UNITSYMBOL></UNITOFMEASURETRANSLATIONENTITY><UNITOFMEASURETRANSLATIONENTITY><LANGUAGEID>en-US</LANGUAGEID><TRANSLATEDDESCRIPTION>Galon</TRANSLATEDDESCRIPTION><UNITSYMBOL>gal</UNITSYMBOL></UNITOFMEASURETRANSLATIONENTITY><UNITOFMEASURETRANSLATIONENTITY><LANGUAGEID>en-US</LANGUAGEID><TRANSLATEDDESCRIPTION>Hour</TRANSLATEDDESCRIPTION><UNITSYMBOL>hr</UNITSYMBOL></UNITOFMEASURETRANSLATIONENTITY><UNITOFMEASURETRANSLATIONENTITY><LANGUAGEID>en-US</LANGUAGEID><TRANSLATEDDESCRIPTION>Inch</TRANSLATEDDESCRIPTION><UNITSYMBOL>in</UNITSYMBOL></UNITOFMEASURETRANSLATIONENTITY><UNITOFMEASURETRANSLATIONENTITY><LANGUAGEID>en-US</LANGUAGEID><TRANSLATEDDESCRIPTION>Intelligence</TRANSLATEDDESCRIPTION><UNITSYMBOL>INT</UNITSYMBOL></UNITOFMEASURETRANSLATIONENTITY><UNITOFMEASURETRANSLATIONENTITY><LANGUAGEID>en-US</LANGUAGEID><TRANSLATEDDESCRIPTION>Pound</TRANSLATEDDESCRIPTION><UNITSYMBOL>lb</UNITSYMBOL></UNITOFMEASURETRANSLATIONENTITY><UNITOFMEASURETRANSLATIONENTITY><LANGUAGEID>en-US</LANGUAGEID><TRANSLATEDDESCRIPTION>League</TRANSLATEDDESCRIPTION><UNITSYMBOL>lea</UNITSYMBOL></UNITOFMEASURETRANSLATIONENTITY><UNITOFMEASURETRANSLATIONENTITY><LANGUAGEID>en-US</LANGUAGEID><TRANSLATEDDESCRIPTION>Mile</TRANSLATEDDESCRIPTION><UNITSYMBOL>mi</UNITSYMBOL></UNITOFMEASURETRANSLATIONENTITY><UNITOFMEASURETRANSLATIONENTITY><LANGUAGEID>en-US</LANGUAGEID><TRANSLATEDDESCRIPTION>Minute</TRANSLATEDDESCRIPTION><UNITSYMBOL>min</UNITSYMBOL></UNITOFMEASURETRANSLATIONENTITY><UNITOFMEASURETRANSLATIONENTITY><LANGUAGEID>en-US</LANGUAGEID><TRANSLATEDDESCRIPTION>Ounce</TRANSLATEDDESCRIPTION><UNITSYMBOL>oz</UNITSYMBOL></UNITOFMEASURETRANSLATIONENTITY><UNITOFMEASURETRANSLATIONENTITY><LANGUAGEID>en-US</LANGUAGEID><TRANSLATEDDESCRIPTION>Piece</TRANSLATEDDESCRIPTION><UNITSYMBOL>pc</UNITSYMBOL></UNITOFMEASURETRANSLATIONENTITY><UNITOFMEASURETRANSLATIONENTITY><LANGUAGEID>en-US</LANGUAGEID><TRANSLATEDDESCRIPTION>Pint</TRANSLATEDDESCRIPTION><UNITSYMBOL>pt</UNITSYMBOL></UNITOFMEASURETRANSLATIONENTITY><UNITOFMEASURETRANSLATIONENTITY><LANGUAGEID>en-US</LANGUAGEID><TRANSLATEDDESCRIPTION>Quart</TRANSLATEDDESCRIPTION><UNITSYMBOL>qt</UNITSYMBOL></UNITOFMEASURETRANSLATIONENTITY><UNITOFMEASURETRANSLATIONENTITY><LANGUAGEID>en-US</LANGUAGEID><TRANSLATEDDESCRIPTION>Square foot</TRANSLATEDDESCRIPTION><UNITSYMBOL>sq. ft</UNITSYMBOL></UNITOFMEASURETRANSLATIONENTITY><UNITOFMEASURETRANSLATIONENTITY><LANGUAGEID>en-US</LANGUAGEID><TRANSLATEDDESCRIPTION>Square inch</TRANSLATEDDESCRIPTION><UNITSYMBOL>sq. in.</UNITSYMBOL></UNITOFMEASURETRANSLATIONENTITY><UNITOFMEASURETRANSLATIONENTITY><LANGUAGEID>en-US</LANGUAGEID><TRANSLATEDDESCRIPTION>Square mile</TRANSLATEDDESCRIPTION><UNITSYMBOL>sq. mi</UNITSYMBOL></UNITOFMEASURETRANSLATIONENTITY><UNITOFMEASURETRANSLATIONENTITY><LANGUAGEID>en-US</LANGUAGEID><TRANSLATEDDESCRIPTION>Square yard</TRANSLATEDDESCRIPTION><UNITSYMBOL>sq. yd</UNITSYMBOL></UNITOFMEASURETRANSLATIONENTITY><UNITOFMEASURETRANSLATIONENTITY><LANGUAGEID>en-US</LANGUAGEID><TRANSLATEDDESCRIPTION>Stone</TRANSLATEDDESCRIPTION><UNITSYMBOL>st</UNITSYMBOL></UNITOFMEASURETRANSLATIONENTITY><UNITOFMEASURETRANSLATIONENTITY><LANGUAGEID>en-US</LANGUAGEID><TRANSLATEDDESCRIPTION>Strength</TRANSLATEDDESCRIPTION><UNITSYMBOL>STR</UNITSYMBOL></UNITOFMEASURETRANSLATIONENTITY><UNITOFMEASURETRANSLATIONENTITY><LANGUAGEID>en-US</LANGUAGEID><TRANSLATEDDESCRIPTION>Wisdom</TRANSLATEDDESCRIPTION><UNITSYMBOL>WIS</UNITSYMBOL></UNITOFMEASURETRANSLATIONENTITY><UNITOFMEASURETRANSLATIONENTITY><LANGUAGEID>en-US</LANGUAGEID><TRANSLATEDDESCRIPTION>Yard</TRANSLATEDDESCRIPTION><UNITSYMBOL>yd</UNITSYMBOL></UNITOFMEASURETRANSLATIONENTITY></Document>