﻿<?xml version="1.0" encoding="utf-8"?><Document><UNITOFMEASURECONVERSIONENTITY><DENOMINATOR>1</DENOMINATOR><FACTOR>12.0000000000000000</FACTOR><FROMUNITSYMBOL>ft</FROMUNITSYMBOL><INNEROFFSET>0.000000</INNEROFFSET><NUMERATOR>1</NUMERATOR><OUTEROFFSET>0.000000</OUTEROFFSET><ROUNDING>Nearest</ROUNDING><TOUNITSYMBOL>in</TOUNITSYMBOL></UNITOFMEASURECONVERSIONENTITY><UNITOFMEASURECONVERSIONENTITY><DENOMINATOR>1</DENOMINATOR><FACTOR>16.0000000000000000</FACTOR><FROMUNITSYMBOL>lb</FROMUNITSYMBOL><INNEROFFSET>0.000000</INNEROFFSET><NUMERATOR>1</NUMERATOR><OUTEROFFSET>0.000000</OUTEROFFSET><ROUNDING>Nearest</ROUNDING><TOUNITSYMBOL>oz</TOUNITSYMBOL></UNITOFMEASURECONVERSIONENTITY><UNITOFMEASURECONVERSIONENTITY><DENOMINATOR>1</DENOMINATOR><FACTOR>3.0000000000000000</FACTOR><FROMUNITSYMBOL>yd</FROMUNITSYMBOL><INNEROFFSET>0.000000</INNEROFFSET><NUMERATOR>1</NUMERATOR><OUTEROFFSET>0.000000</OUTEROFFSET><ROUNDING>Nearest</ROUNDING><TOUNITSYMBOL>ft</TOUNITSYMBOL></UNITOFMEASURECONVERSIONENTITY><UNITOFMEASURECONVERSIONENTITY><DENOMINATOR>1</DENOMINATOR><FACTOR>36.0000000000000000</FACTOR><FROMUNITSYMBOL>yd</FROMUNITSYMBOL><INNEROFFSET>0.000000</INNEROFFSET><NUMERATOR>1</NUMERATOR><OUTEROFFSET>0.000000</OUTEROFFSET><ROUNDING>Nearest</ROUNDING><TOUNITSYMBOL>in</TOUNITSYMBOL></UNITOFMEASURECONVERSIONENTITY></Document>