﻿<?xml version="1.0" encoding="utf-8"?><Document><SYSTEMUSERENTITY><ACCOUNTTYPE>ClaimsUser</ACCOUNTTYPE><ALIAS> bizadmin@adnd365.com</ALIAS><AUTOLOGOFF>0</AUTOLOGOFF><AUTOMATICURLUPDATE></AUTOMATICURLUPDATE><COMPANY>DAT</COMPANY><DEFAULTCOUNTRYREGION></DEFAULTCOUNTRYREGION><DENSITY></DENSITY><DOCUMENTHANDLINGACTIVE></DOCUMENTHANDLINGACTIVE><EMAIL></EMAIL><EMAILPROVIDERID></EMAILPROVIDERID><ENABLED>true</ENABLED><EVENTPOLLFREQUENCY></EVENTPOLLFREQUENCY><EVENTPOPUPDISPLAYWHEN></EVENTPOPUPDISPLAYWHEN><EVENTPOPUPLINKDESTINATION></EVENTPOPUPLINKDESTINATION><EVENTPOPUPS></EVENTPOPUPS><EVENTWORKFLOWSHOWPOPUP></EVENTWORKFLOWSHOWPOPUP><EVENTWORKFLOWTASKSINACTIONCENTER></EVENTWORKFLOWTASKSINACTIONCENTER><EXTERNALUSER>false</EXTERNALUSER><GLOBALEXCELEXPORTFILEPATH></GLOBALEXCELEXPORTFILEPATH><GLOBALEXCELEXPORTMODE>0</GLOBALEXCELEXPORTMODE><GLOBALLISTPAGELINKMODE>0</GLOBALLISTPAGELINKMODE><HELPLANGUAGE>en-us</HELPLANGUAGE><HOMEPAGEREFRESHDURATION>0</HOMEPAGEREFRESHDURATION><LANGUAGE></LANGUAGE><MARKEMPTYLINKS></MARKEMPTYLINKS><NETWORKDOMAIN>https://sts.windows.net/</NETWORKDOMAIN><PREFERREDCALENDAR>Gregorian</PREFERREDCALENDAR><PREFERREDLOCALE></PREFERREDLOCALE><PREFERREDTIMEZONE>GMT_COORDINATEDUNIVERSALTIME</PREFERREDTIMEZONE><SENDALERTASEMAILMESSAGE></SENDALERTASEMAILMESSAGE><SENDNOTIFICATIONSINEMAIL></SENDNOTIFICATIONSINEMAIL><SHOWNOTIFICATIONSINTHEMICROSOFTDYNAMICSAX7CLIENT></SHOWNOTIFICATIONSINTHEMICROSOFTDYNAMICSAX7CLIENT><SQMENABLED></SQMENABLED><SQMGUID></SQMGUID><STARTPAGE></STARTPAGE><THEME></THEME><USERID>bizadmin</USERID><USERINFO_DEFAULTPARTITION>true</USERINFO_DEFAULTPARTITION><USERINFO_LANGUAGE>en-us</USERINFO_LANGUAGE><USERNAME>Business Administrator</USERNAME><WORKFLOWLINEITEMNOTIFICATIONFORMAT></WORKFLOWLINEITEMNOTIFICATIONFORMAT></SYSTEMUSERENTITY><SYSTEMUSERENTITY><ACCOUNTTYPE>ClaimsUser</ACCOUNTTYPE><ALIAS>DataSyncFrameworkS2S@dynamics.com</ALIAS><AUTOLOGOFF>0</AUTOLOGOFF><AUTOMATICURLUPDATE></AUTOMATICURLUPDATE><COMPANY>dat</COMPANY><DEFAULTCOUNTRYREGION></DEFAULTCOUNTRYREGION><DENSITY></DENSITY><DOCUMENTHANDLINGACTIVE></DOCUMENTHANDLINGACTIVE><EMAIL></EMAIL><EMAILPROVIDERID></EMAILPROVIDERID><ENABLED>true</ENABLED><EVENTPOLLFREQUENCY></EVENTPOLLFREQUENCY><EVENTPOPUPDISPLAYWHEN></EVENTPOPUPDISPLAYWHEN><EVENTPOPUPLINKDESTINATION></EVENTPOPUPLINKDESTINATION><EVENTPOPUPS></EVENTPOPUPS><EVENTWORKFLOWSHOWPOPUP></EVENTWORKFLOWSHOWPOPUP><EVENTWORKFLOWTASKSINACTIONCENTER></EVENTWORKFLOWTASKSINACTIONCENTER><EXTERNALUSER>false</EXTERNALUSER><GLOBALEXCELEXPORTFILEPATH></GLOBALEXCELEXPORTFILEPATH><GLOBALEXCELEXPORTMODE>0</GLOBALEXCELEXPORTMODE><GLOBALLISTPAGELINKMODE>0</GLOBALLISTPAGELINKMODE><HELPLANGUAGE>en-us</HELPLANGUAGE><HOMEPAGEREFRESHDURATION>0</HOMEPAGEREFRESHDURATION><LANGUAGE></LANGUAGE><MARKEMPTYLINKS></MARKEMPTYLINKS><NETWORKDOMAIN>https://sts.windows.net/</NETWORKDOMAIN><PREFERREDCALENDAR>Gregorian</PREFERREDCALENDAR><PREFERREDLOCALE></PREFERREDLOCALE><PREFERREDTIMEZONE>GMTMINUS0800PACIFICTIME</PREFERREDTIMEZONE><SENDALERTASEMAILMESSAGE></SENDALERTASEMAILMESSAGE><SENDNOTIFICATIONSINEMAIL></SENDNOTIFICATIONSINEMAIL><SHOWNOTIFICATIONSINTHEMICROSOFTDYNAMICSAX7CLIENT></SHOWNOTIFICATIONSINTHEMICROSOFTDYNAMICSAX7CLIENT><SQMENABLED></SQMENABLED><SQMGUID></SQMGUID><STARTPAGE></STARTPAGE><THEME></THEME><USERID>DataSyncFrameworkApp</USERID><USERINFO_DEFAULTPARTITION>true</USERINFO_DEFAULTPARTITION><USERINFO_LANGUAGE>en-us</USERINFO_LANGUAGE><USERNAME>DataSyncFrameworkApp</USERNAME><WORKFLOWLINEITEMNOTIFICATIONFORMAT></WORKFLOWLINEITEMNOTIFICATIONFORMAT></SYSTEMUSERENTITY><SYSTEMUSERENTITY><ACCOUNTTYPE>ClaimsUser</ACCOUNTTYPE><ALIAS>dm@waterdeeptradingcompany.com</ALIAS><AUTOLOGOFF>0</AUTOLOGOFF><AUTOMATICURLUPDATE>No</AUTOMATICURLUPDATE><COMPANY>WDTC</COMPANY><DEFAULTCOUNTRYREGION></DEFAULTCOUNTRYREGION><DENSITY>Density30</DENSITY><DOCUMENTHANDLINGACTIVE>No</DOCUMENTHANDLINGACTIVE><EMAIL></EMAIL><EMAILPROVIDERID></EMAILPROVIDERID><ENABLED>true</ENABLED><EVENTPOLLFREQUENCY>15</EVENTPOLLFREQUENCY><EVENTPOPUPDISPLAYWHEN>DefinedOnRule</EVENTPOPUPDISPLAYWHEN><EVENTPOPUPLINKDESTINATION>ToAlert</EVENTPOPUPLINKDESTINATION><EVENTPOPUPS>No</EVENTPOPUPS><EVENTWORKFLOWSHOWPOPUP>No</EVENTWORKFLOWSHOWPOPUP><EVENTWORKFLOWTASKSINACTIONCENTER>No</EVENTWORKFLOWTASKSINACTIONCENTER><EXTERNALUSER>false</EXTERNALUSER><GLOBALEXCELEXPORTFILEPATH></GLOBALEXCELEXPORTFILEPATH><GLOBALEXCELEXPORTMODE>0</GLOBALEXCELEXPORTMODE><GLOBALLISTPAGELINKMODE>0</GLOBALLISTPAGELINKMODE><HELPLANGUAGE>en-us</HELPLANGUAGE><HOMEPAGEREFRESHDURATION>0</HOMEPAGEREFRESHDURATION><LANGUAGE></LANGUAGE><MARKEMPTYLINKS>No</MARKEMPTYLINKS><NETWORKDOMAIN>https://sts.windows.net/waterdeeptradingcompany.onmicrosoft.com</NETWORKDOMAIN><PREFERREDCALENDAR>Gregorian</PREFERREDCALENDAR><PREFERREDLOCALE></PREFERREDLOCALE><PREFERREDTIMEZONE>GMT_COORDINATEDUNIVERSALTIME</PREFERREDTIMEZONE><SENDALERTASEMAILMESSAGE>DefinedOnRule</SENDALERTASEMAILMESSAGE><SENDNOTIFICATIONSINEMAIL>No</SENDNOTIFICATIONSINEMAIL><SHOWNOTIFICATIONSINTHEMICROSOFTDYNAMICSAX7CLIENT>No</SHOWNOTIFICATIONSINTHEMICROSOFTDYNAMICSAX7CLIENT><SQMENABLED>PromptMe</SQMENABLED><SQMGUID>00000000-0000-0000-0000-000000000000</SQMGUID><STARTPAGE></STARTPAGE><THEME>Theme0</THEME><USERID>DM</USERID><USERINFO_DEFAULTPARTITION>true</USERINFO_DEFAULTPARTITION><USERINFO_LANGUAGE>en-us</USERINFO_LANGUAGE><USERNAME>Dungeon Master</USERNAME><WORKFLOWLINEITEMNOTIFICATIONFORMAT>Grouped</WORKFLOWLINEITEMNOTIFICATIONFORMAT></SYSTEMUSERENTITY><SYSTEMUSERENTITY><ACCOUNTTYPE>ClaimsUser</ACCOUNTTYPE><ALIAS>DynamicsMaintenanceS2S@dynamics.com</ALIAS><AUTOLOGOFF>0</AUTOLOGOFF><AUTOMATICURLUPDATE></AUTOMATICURLUPDATE><COMPANY>dat</COMPANY><DEFAULTCOUNTRYREGION></DEFAULTCOUNTRYREGION><DENSITY></DENSITY><DOCUMENTHANDLINGACTIVE></DOCUMENTHANDLINGACTIVE><EMAIL></EMAIL><EMAILPROVIDERID></EMAILPROVIDERID><ENABLED>true</ENABLED><EVENTPOLLFREQUENCY></EVENTPOLLFREQUENCY><EVENTPOPUPDISPLAYWHEN></EVENTPOPUPDISPLAYWHEN><EVENTPOPUPLINKDESTINATION></EVENTPOPUPLINKDESTINATION><EVENTPOPUPS></EVENTPOPUPS><EVENTWORKFLOWSHOWPOPUP></EVENTWORKFLOWSHOWPOPUP><EVENTWORKFLOWTASKSINACTIONCENTER></EVENTWORKFLOWTASKSINACTIONCENTER><EXTERNALUSER>false</EXTERNALUSER><GLOBALEXCELEXPORTFILEPATH></GLOBALEXCELEXPORTFILEPATH><GLOBALEXCELEXPORTMODE>0</GLOBALEXCELEXPORTMODE><GLOBALLISTPAGELINKMODE>0</GLOBALLISTPAGELINKMODE><HELPLANGUAGE>en-us</HELPLANGUAGE><HOMEPAGEREFRESHDURATION>0</HOMEPAGEREFRESHDURATION><LANGUAGE></LANGUAGE><MARKEMPTYLINKS></MARKEMPTYLINKS><NETWORKDOMAIN>https://sts.windows.net/</NETWORKDOMAIN><PREFERREDCALENDAR>Gregorian</PREFERREDCALENDAR><PREFERREDLOCALE></PREFERREDLOCALE><PREFERREDTIMEZONE>GMTMINUS0800PACIFICTIME</PREFERREDTIMEZONE><SENDALERTASEMAILMESSAGE></SENDALERTASEMAILMESSAGE><SENDNOTIFICATIONSINEMAIL></SENDNOTIFICATIONSINEMAIL><SHOWNOTIFICATIONSINTHEMICROSOFTDYNAMICSAX7CLIENT></SHOWNOTIFICATIONSINTHEMICROSOFTDYNAMICSAX7CLIENT><SQMENABLED></SQMENABLED><SQMGUID></SQMGUID><STARTPAGE></STARTPAGE><THEME></THEME><USERID>DynamicsMaintAppUser</USERID><USERINFO_DEFAULTPARTITION>true</USERINFO_DEFAULTPARTITION><USERINFO_LANGUAGE>en-us</USERINFO_LANGUAGE><USERNAME>DynamicsMaintAppUser</USERNAME><WORKFLOWLINEITEMNOTIFICATIONFORMAT></WORKFLOWLINEITEMNOTIFICATIONFORMAT></SYSTEMUSERENTITY><SYSTEMUSERENTITY><ACCOUNTTYPE>ClaimsUser</ACCOUNTTYPE><ALIAS>FRServiceUser@dynamics.com</ALIAS><AUTOLOGOFF>0</AUTOLOGOFF><AUTOMATICURLUPDATE></AUTOMATICURLUPDATE><COMPANY>dat</COMPANY><DEFAULTCOUNTRYREGION></DEFAULTCOUNTRYREGION><DENSITY></DENSITY><DOCUMENTHANDLINGACTIVE></DOCUMENTHANDLINGACTIVE><EMAIL></EMAIL><EMAILPROVIDERID></EMAILPROVIDERID><ENABLED>true</ENABLED><EVENTPOLLFREQUENCY></EVENTPOLLFREQUENCY><EVENTPOPUPDISPLAYWHEN></EVENTPOPUPDISPLAYWHEN><EVENTPOPUPLINKDESTINATION></EVENTPOPUPLINKDESTINATION><EVENTPOPUPS></EVENTPOPUPS><EVENTWORKFLOWSHOWPOPUP></EVENTWORKFLOWSHOWPOPUP><EVENTWORKFLOWTASKSINACTIONCENTER></EVENTWORKFLOWTASKSINACTIONCENTER><EXTERNALUSER>false</EXTERNALUSER><GLOBALEXCELEXPORTFILEPATH></GLOBALEXCELEXPORTFILEPATH><GLOBALEXCELEXPORTMODE>0</GLOBALEXCELEXPORTMODE><GLOBALLISTPAGELINKMODE>0</GLOBALLISTPAGELINKMODE><HELPLANGUAGE>en-us</HELPLANGUAGE><HOMEPAGEREFRESHDURATION>0</HOMEPAGEREFRESHDURATION><LANGUAGE></LANGUAGE><MARKEMPTYLINKS></MARKEMPTYLINKS><NETWORKDOMAIN>https://mintedtoken.dynamics.com</NETWORKDOMAIN><PREFERREDCALENDAR>Gregorian</PREFERREDCALENDAR><PREFERREDLOCALE></PREFERREDLOCALE><PREFERREDTIMEZONE>GMTMINUS0800PACIFICTIME</PREFERREDTIMEZONE><SENDALERTASEMAILMESSAGE></SENDALERTASEMAILMESSAGE><SENDNOTIFICATIONSINEMAIL></SENDNOTIFICATIONSINEMAIL><SHOWNOTIFICATIONSINTHEMICROSOFTDYNAMICSAX7CLIENT></SHOWNOTIFICATIONSINTHEMICROSOFTDYNAMICSAX7CLIENT><SQMENABLED></SQMENABLED><SQMGUID></SQMGUID><STARTPAGE></STARTPAGE><THEME></THEME><USERID>FRServiceUser</USERID><USERINFO_DEFAULTPARTITION>true</USERINFO_DEFAULTPARTITION><USERINFO_LANGUAGE>en-us</USERINFO_LANGUAGE><USERNAME>FRServiceUser</USERNAME><WORKFLOWLINEITEMNOTIFICATIONFORMAT></WORKFLOWLINEITEMNOTIFICATIONFORMAT></SYSTEMUSERENTITY><SYSTEMUSERENTITY><ACCOUNTTYPE>ClaimsUser</ACCOUNTTYPE><ALIAS>AxMonitoringS2S@dynamics.com</ALIAS><AUTOLOGOFF>0</AUTOLOGOFF><AUTOMATICURLUPDATE></AUTOMATICURLUPDATE><COMPANY>dat</COMPANY><DEFAULTCOUNTRYREGION></DEFAULTCOUNTRYREGION><DENSITY></DENSITY><DOCUMENTHANDLINGACTIVE></DOCUMENTHANDLINGACTIVE><EMAIL></EMAIL><EMAILPROVIDERID></EMAILPROVIDERID><ENABLED>true</ENABLED><EVENTPOLLFREQUENCY></EVENTPOLLFREQUENCY><EVENTPOPUPDISPLAYWHEN></EVENTPOPUPDISPLAYWHEN><EVENTPOPUPLINKDESTINATION></EVENTPOPUPLINKDESTINATION><EVENTPOPUPS></EVENTPOPUPS><EVENTWORKFLOWSHOWPOPUP></EVENTWORKFLOWSHOWPOPUP><EVENTWORKFLOWTASKSINACTIONCENTER></EVENTWORKFLOWTASKSINACTIONCENTER><EXTERNALUSER>false</EXTERNALUSER><GLOBALEXCELEXPORTFILEPATH></GLOBALEXCELEXPORTFILEPATH><GLOBALEXCELEXPORTMODE>0</GLOBALEXCELEXPORTMODE><GLOBALLISTPAGELINKMODE>0</GLOBALLISTPAGELINKMODE><HELPLANGUAGE>en-us</HELPLANGUAGE><HOMEPAGEREFRESHDURATION>0</HOMEPAGEREFRESHDURATION><LANGUAGE></LANGUAGE><MARKEMPTYLINKS></MARKEMPTYLINKS><NETWORKDOMAIN>https://sts.windows.net/</NETWORKDOMAIN><PREFERREDCALENDAR>Gregorian</PREFERREDCALENDAR><PREFERREDLOCALE></PREFERREDLOCALE><PREFERREDTIMEZONE>GMTMINUS0800PACIFICTIME</PREFERREDTIMEZONE><SENDALERTASEMAILMESSAGE></SENDALERTASEMAILMESSAGE><SENDNOTIFICATIONSINEMAIL></SENDNOTIFICATIONSINEMAIL><SHOWNOTIFICATIONSINTHEMICROSOFTDYNAMICSAX7CLIENT></SHOWNOTIFICATIONSINTHEMICROSOFTDYNAMICSAX7CLIENT><SQMENABLED></SQMENABLED><SQMGUID></SQMGUID><STARTPAGE></STARTPAGE><THEME></THEME><USERID>MonitoringAppUser</USERID><USERINFO_DEFAULTPARTITION>true</USERINFO_DEFAULTPARTITION><USERINFO_LANGUAGE>en-us</USERINFO_LANGUAGE><USERNAME>MonitoringAppUser</USERNAME><WORKFLOWLINEITEMNOTIFICATIONFORMAT></WORKFLOWLINEITEMNOTIFICATIONFORMAT></SYSTEMUSERENTITY><SYSTEMUSERENTITY><ACCOUNTTYPE>ClaimsUser</ACCOUNTTYPE><ALIAS>npc@adnd365.com</ALIAS><AUTOLOGOFF>0</AUTOLOGOFF><AUTOMATICURLUPDATE>No</AUTOMATICURLUPDATE><COMPANY>WDTC</COMPANY><DEFAULTCOUNTRYREGION></DEFAULTCOUNTRYREGION><DENSITY></DENSITY><DOCUMENTHANDLINGACTIVE>Yes</DOCUMENTHANDLINGACTIVE><EMAIL></EMAIL><EMAILPROVIDERID></EMAILPROVIDERID><ENABLED>true</ENABLED><EVENTPOLLFREQUENCY>15</EVENTPOLLFREQUENCY><EVENTPOPUPDISPLAYWHEN>DefinedOnRule</EVENTPOPUPDISPLAYWHEN><EVENTPOPUPLINKDESTINATION>ToAlert</EVENTPOPUPLINKDESTINATION><EVENTPOPUPS>No</EVENTPOPUPS><EVENTWORKFLOWSHOWPOPUP>Yes</EVENTWORKFLOWSHOWPOPUP><EVENTWORKFLOWTASKSINACTIONCENTER>No</EVENTWORKFLOWTASKSINACTIONCENTER><EXTERNALUSER>false</EXTERNALUSER><GLOBALEXCELEXPORTFILEPATH></GLOBALEXCELEXPORTFILEPATH><GLOBALEXCELEXPORTMODE>0</GLOBALEXCELEXPORTMODE><GLOBALLISTPAGELINKMODE>0</GLOBALLISTPAGELINKMODE><HELPLANGUAGE>en-us</HELPLANGUAGE><HOMEPAGEREFRESHDURATION>0</HOMEPAGEREFRESHDURATION><LANGUAGE></LANGUAGE><MARKEMPTYLINKS>No</MARKEMPTYLINKS><NETWORKDOMAIN>https://sts.windows.net/</NETWORKDOMAIN><PREFERREDCALENDAR>Gregorian</PREFERREDCALENDAR><PREFERREDLOCALE></PREFERREDLOCALE><PREFERREDTIMEZONE>GMT_COORDINATEDUNIVERSALTIME</PREFERREDTIMEZONE><SENDALERTASEMAILMESSAGE>DefinedOnRule</SENDALERTASEMAILMESSAGE><SENDNOTIFICATIONSINEMAIL>No</SENDNOTIFICATIONSINEMAIL><SHOWNOTIFICATIONSINTHEMICROSOFTDYNAMICSAX7CLIENT>Yes</SHOWNOTIFICATIONSINTHEMICROSOFTDYNAMICSAX7CLIENT><SQMENABLED>PromptMe</SQMENABLED><SQMGUID>00000000-0000-0000-0000-000000000000</SQMGUID><STARTPAGE></STARTPAGE><THEME>Theme0</THEME><USERID>NPC</USERID><USERINFO_DEFAULTPARTITION>true</USERINFO_DEFAULTPARTITION><USERINFO_LANGUAGE>en-us</USERINFO_LANGUAGE><USERNAME>Non-Player Company</USERNAME><WORKFLOWLINEITEMNOTIFICATIONFORMAT>Grouped</WORKFLOWLINEITEMNOTIFICATIONFORMAT></SYSTEMUSERENTITY><SYSTEMUSERENTITY><ACCOUNTTYPE>ClaimsUser</ACCOUNTTYPE><ALIAS>PowerPlatformS2S@dynamics.com</ALIAS><AUTOLOGOFF>0</AUTOLOGOFF><AUTOMATICURLUPDATE></AUTOMATICURLUPDATE><COMPANY>dat</COMPANY><DEFAULTCOUNTRYREGION></DEFAULTCOUNTRYREGION><DENSITY></DENSITY><DOCUMENTHANDLINGACTIVE></DOCUMENTHANDLINGACTIVE><EMAIL></EMAIL><EMAILPROVIDERID></EMAILPROVIDERID><ENABLED>true</ENABLED><EVENTPOLLFREQUENCY></EVENTPOLLFREQUENCY><EVENTPOPUPDISPLAYWHEN></EVENTPOPUPDISPLAYWHEN><EVENTPOPUPLINKDESTINATION></EVENTPOPUPLINKDESTINATION><EVENTPOPUPS></EVENTPOPUPS><EVENTWORKFLOWSHOWPOPUP></EVENTWORKFLOWSHOWPOPUP><EVENTWORKFLOWTASKSINACTIONCENTER></EVENTWORKFLOWTASKSINACTIONCENTER><EXTERNALUSER>false</EXTERNALUSER><GLOBALEXCELEXPORTFILEPATH></GLOBALEXCELEXPORTFILEPATH><GLOBALEXCELEXPORTMODE>0</GLOBALEXCELEXPORTMODE><GLOBALLISTPAGELINKMODE>0</GLOBALLISTPAGELINKMODE><HELPLANGUAGE>en-us</HELPLANGUAGE><HOMEPAGEREFRESHDURATION>0</HOMEPAGEREFRESHDURATION><LANGUAGE></LANGUAGE><MARKEMPTYLINKS></MARKEMPTYLINKS><NETWORKDOMAIN>https://sts.windows.net/</NETWORKDOMAIN><PREFERREDCALENDAR>Gregorian</PREFERREDCALENDAR><PREFERREDLOCALE></PREFERREDLOCALE><PREFERREDTIMEZONE>GMTMINUS0800PACIFICTIME</PREFERREDTIMEZONE><SENDALERTASEMAILMESSAGE></SENDALERTASEMAILMESSAGE><SENDNOTIFICATIONSINEMAIL></SENDNOTIFICATIONSINEMAIL><SHOWNOTIFICATIONSINTHEMICROSOFTDYNAMICSAX7CLIENT></SHOWNOTIFICATIONSINTHEMICROSOFTDYNAMICSAX7CLIENT><SQMENABLED></SQMENABLED><SQMGUID></SQMGUID><STARTPAGE></STARTPAGE><THEME></THEME><USERID>PowerPlatformApp</USERID><USERINFO_DEFAULTPARTITION>true</USERINFO_DEFAULTPARTITION><USERINFO_LANGUAGE>en-us</USERINFO_LANGUAGE><USERNAME>PowerPlatformApp</USERNAME><WORKFLOWLINEITEMNOTIFICATIONFORMAT></WORKFLOWLINEITEMNOTIFICATIONFORMAT></SYSTEMUSERENTITY><SYSTEMUSERENTITY><ACCOUNTTYPE>ClaimsUser</ACCOUNTTYPE><ALIAS>RetailServerSystemAccount@dynamics.com</ALIAS><AUTOLOGOFF>0</AUTOLOGOFF><AUTOMATICURLUPDATE></AUTOMATICURLUPDATE><COMPANY>dat</COMPANY><DEFAULTCOUNTRYREGION></DEFAULTCOUNTRYREGION><DENSITY></DENSITY><DOCUMENTHANDLINGACTIVE></DOCUMENTHANDLINGACTIVE><EMAIL></EMAIL><EMAILPROVIDERID></EMAILPROVIDERID><ENABLED>true</ENABLED><EVENTPOLLFREQUENCY></EVENTPOLLFREQUENCY><EVENTPOPUPDISPLAYWHEN></EVENTPOPUPDISPLAYWHEN><EVENTPOPUPLINKDESTINATION></EVENTPOPUPLINKDESTINATION><EVENTPOPUPS></EVENTPOPUPS><EVENTWORKFLOWSHOWPOPUP></EVENTWORKFLOWSHOWPOPUP><EVENTWORKFLOWTASKSINACTIONCENTER></EVENTWORKFLOWTASKSINACTIONCENTER><EXTERNALUSER>false</EXTERNALUSER><GLOBALEXCELEXPORTFILEPATH></GLOBALEXCELEXPORTFILEPATH><GLOBALEXCELEXPORTMODE>0</GLOBALEXCELEXPORTMODE><GLOBALLISTPAGELINKMODE>0</GLOBALLISTPAGELINKMODE><HELPLANGUAGE>en-us</HELPLANGUAGE><HOMEPAGEREFRESHDURATION>0</HOMEPAGEREFRESHDURATION><LANGUAGE></LANGUAGE><MARKEMPTYLINKS></MARKEMPTYLINKS><NETWORKDOMAIN>https://sts.windows-ppe.net/</NETWORKDOMAIN><PREFERREDCALENDAR>Gregorian</PREFERREDCALENDAR><PREFERREDLOCALE></PREFERREDLOCALE><PREFERREDTIMEZONE>GMTMINUS0800PACIFICTIME</PREFERREDTIMEZONE><SENDALERTASEMAILMESSAGE></SENDALERTASEMAILMESSAGE><SENDNOTIFICATIONSINEMAIL></SENDNOTIFICATIONSINEMAIL><SHOWNOTIFICATIONSINTHEMICROSOFTDYNAMICSAX7CLIENT></SHOWNOTIFICATIONSINTHEMICROSOFTDYNAMICSAX7CLIENT><SQMENABLED></SQMENABLED><SQMGUID></SQMGUID><STARTPAGE></STARTPAGE><THEME></THEME><USERID>RetailServiceAccount</USERID><USERINFO_DEFAULTPARTITION>true</USERINFO_DEFAULTPARTITION><USERINFO_LANGUAGE>en-us</USERINFO_LANGUAGE><USERNAME>RetailServiceAccount</USERNAME><WORKFLOWLINEITEMNOTIFICATIONFORMAT></WORKFLOWLINEITEMNOTIFICATIONFORMAT></SYSTEMUSERENTITY><SYSTEMUSERENTITY><ACCOUNTTYPE>ClaimsUser</ACCOUNTTYPE><ALIAS>ScaleUnitManagement@dynamics.com</ALIAS><AUTOLOGOFF>0</AUTOLOGOFF><AUTOMATICURLUPDATE></AUTOMATICURLUPDATE><COMPANY>dat</COMPANY><DEFAULTCOUNTRYREGION></DEFAULTCOUNTRYREGION><DENSITY></DENSITY><DOCUMENTHANDLINGACTIVE></DOCUMENTHANDLINGACTIVE><EMAIL></EMAIL><EMAILPROVIDERID></EMAILPROVIDERID><ENABLED>true</ENABLED><EVENTPOLLFREQUENCY></EVENTPOLLFREQUENCY><EVENTPOPUPDISPLAYWHEN></EVENTPOPUPDISPLAYWHEN><EVENTPOPUPLINKDESTINATION></EVENTPOPUPLINKDESTINATION><EVENTPOPUPS></EVENTPOPUPS><EVENTWORKFLOWSHOWPOPUP></EVENTWORKFLOWSHOWPOPUP><EVENTWORKFLOWTASKSINACTIONCENTER></EVENTWORKFLOWTASKSINACTIONCENTER><EXTERNALUSER>false</EXTERNALUSER><GLOBALEXCELEXPORTFILEPATH></GLOBALEXCELEXPORTFILEPATH><GLOBALEXCELEXPORTMODE>0</GLOBALEXCELEXPORTMODE><GLOBALLISTPAGELINKMODE>0</GLOBALLISTPAGELINKMODE><HELPLANGUAGE>en-us</HELPLANGUAGE><HOMEPAGEREFRESHDURATION>0</HOMEPAGEREFRESHDURATION><LANGUAGE></LANGUAGE><MARKEMPTYLINKS></MARKEMPTYLINKS><NETWORKDOMAIN>https://mintedtoken.dynamics.com</NETWORKDOMAIN><PREFERREDCALENDAR>Gregorian</PREFERREDCALENDAR><PREFERREDLOCALE></PREFERREDLOCALE><PREFERREDTIMEZONE>GMTMINUS0800PACIFICTIME</PREFERREDTIMEZONE><SENDALERTASEMAILMESSAGE></SENDALERTASEMAILMESSAGE><SENDNOTIFICATIONSINEMAIL></SENDNOTIFICATIONSINEMAIL><SHOWNOTIFICATIONSINTHEMICROSOFTDYNAMICSAX7CLIENT></SHOWNOTIFICATIONSINTHEMICROSOFTDYNAMICSAX7CLIENT><SQMENABLED></SQMENABLED><SQMGUID></SQMGUID><STARTPAGE></STARTPAGE><THEME></THEME><USERID>ScaleUnitManagement</USERID><USERINFO_DEFAULTPARTITION>true</USERINFO_DEFAULTPARTITION><USERINFO_LANGUAGE>en-us</USERINFO_LANGUAGE><USERNAME>ScaleUnitManagement</USERNAME><WORKFLOWLINEITEMNOTIFICATIONFORMAT></WORKFLOWLINEITEMNOTIFICATIONFORMAT></SYSTEMUSERENTITY><SYSTEMUSERENTITY><ACCOUNTTYPE>ClaimsUser</ACCOUNTTYPE><ALIAS>ScaleUnitPipeline@dynamics.com</ALIAS><AUTOLOGOFF>0</AUTOLOGOFF><AUTOMATICURLUPDATE></AUTOMATICURLUPDATE><COMPANY>dat</COMPANY><DEFAULTCOUNTRYREGION></DEFAULTCOUNTRYREGION><DENSITY></DENSITY><DOCUMENTHANDLINGACTIVE></DOCUMENTHANDLINGACTIVE><EMAIL></EMAIL><EMAILPROVIDERID></EMAILPROVIDERID><ENABLED>true</ENABLED><EVENTPOLLFREQUENCY></EVENTPOLLFREQUENCY><EVENTPOPUPDISPLAYWHEN></EVENTPOPUPDISPLAYWHEN><EVENTPOPUPLINKDESTINATION></EVENTPOPUPLINKDESTINATION><EVENTPOPUPS></EVENTPOPUPS><EVENTWORKFLOWSHOWPOPUP></EVENTWORKFLOWSHOWPOPUP><EVENTWORKFLOWTASKSINACTIONCENTER></EVENTWORKFLOWTASKSINACTIONCENTER><EXTERNALUSER>false</EXTERNALUSER><GLOBALEXCELEXPORTFILEPATH></GLOBALEXCELEXPORTFILEPATH><GLOBALEXCELEXPORTMODE>0</GLOBALEXCELEXPORTMODE><GLOBALLISTPAGELINKMODE>0</GLOBALLISTPAGELINKMODE><HELPLANGUAGE>en-us</HELPLANGUAGE><HOMEPAGEREFRESHDURATION>0</HOMEPAGEREFRESHDURATION><LANGUAGE></LANGUAGE><MARKEMPTYLINKS></MARKEMPTYLINKS><NETWORKDOMAIN>https://mintedtoken.dynamics.com</NETWORKDOMAIN><PREFERREDCALENDAR>Gregorian</PREFERREDCALENDAR><PREFERREDLOCALE></PREFERREDLOCALE><PREFERREDTIMEZONE>GMTMINUS0800PACIFICTIME</PREFERREDTIMEZONE><SENDALERTASEMAILMESSAGE></SENDALERTASEMAILMESSAGE><SENDNOTIFICATIONSINEMAIL></SENDNOTIFICATIONSINEMAIL><SHOWNOTIFICATIONSINTHEMICROSOFTDYNAMICSAX7CLIENT></SHOWNOTIFICATIONSINTHEMICROSOFTDYNAMICSAX7CLIENT><SQMENABLED></SQMENABLED><SQMGUID></SQMGUID><STARTPAGE></STARTPAGE><THEME></THEME><USERID>ScaleUnitPipeline</USERID><USERINFO_DEFAULTPARTITION>true</USERINFO_DEFAULTPARTITION><USERINFO_LANGUAGE>en-us</USERINFO_LANGUAGE><USERNAME>ScaleUnitPipeline</USERNAME><WORKFLOWLINEITEMNOTIFICATIONFORMAT></WORKFLOWLINEITEMNOTIFICATIONFORMAT></SYSTEMUSERENTITY><SYSTEMUSERENTITY><ACCOUNTTYPE>ClaimsUser</ACCOUNTTYPE><ALIAS>SysHealthServiceUser@dynamics.com</ALIAS><AUTOLOGOFF>0</AUTOLOGOFF><AUTOMATICURLUPDATE></AUTOMATICURLUPDATE><COMPANY>dat</COMPANY><DEFAULTCOUNTRYREGION></DEFAULTCOUNTRYREGION><DENSITY></DENSITY><DOCUMENTHANDLINGACTIVE></DOCUMENTHANDLINGACTIVE><EMAIL></EMAIL><EMAILPROVIDERID></EMAILPROVIDERID><ENABLED>true</ENABLED><EVENTPOLLFREQUENCY></EVENTPOLLFREQUENCY><EVENTPOPUPDISPLAYWHEN></EVENTPOPUPDISPLAYWHEN><EVENTPOPUPLINKDESTINATION></EVENTPOPUPLINKDESTINATION><EVENTPOPUPS></EVENTPOPUPS><EVENTWORKFLOWSHOWPOPUP></EVENTWORKFLOWSHOWPOPUP><EVENTWORKFLOWTASKSINACTIONCENTER></EVENTWORKFLOWTASKSINACTIONCENTER><EXTERNALUSER>false</EXTERNALUSER><GLOBALEXCELEXPORTFILEPATH></GLOBALEXCELEXPORTFILEPATH><GLOBALEXCELEXPORTMODE>0</GLOBALEXCELEXPORTMODE><GLOBALLISTPAGELINKMODE>0</GLOBALLISTPAGELINKMODE><HELPLANGUAGE>en-us</HELPLANGUAGE><HOMEPAGEREFRESHDURATION>0</HOMEPAGEREFRESHDURATION><LANGUAGE></LANGUAGE><MARKEMPTYLINKS></MARKEMPTYLINKS><NETWORKDOMAIN>https://mintedtoken.dynamics.com</NETWORKDOMAIN><PREFERREDCALENDAR>Gregorian</PREFERREDCALENDAR><PREFERREDLOCALE></PREFERREDLOCALE><PREFERREDTIMEZONE>GMTMINUS0800PACIFICTIME</PREFERREDTIMEZONE><SENDALERTASEMAILMESSAGE></SENDALERTASEMAILMESSAGE><SENDNOTIFICATIONSINEMAIL></SENDNOTIFICATIONSINEMAIL><SHOWNOTIFICATIONSINTHEMICROSOFTDYNAMICSAX7CLIENT></SHOWNOTIFICATIONSINTHEMICROSOFTDYNAMICSAX7CLIENT><SQMENABLED></SQMENABLED><SQMGUID></SQMGUID><STARTPAGE></STARTPAGE><THEME></THEME><USERID>SysHealthServiceUser</USERID><USERINFO_DEFAULTPARTITION>true</USERINFO_DEFAULTPARTITION><USERINFO_LANGUAGE>en-us</USERINFO_LANGUAGE><USERNAME>SysHealthServiceUser</USERNAME><WORKFLOWLINEITEMNOTIFICATIONFORMAT></WORKFLOWLINEITEMNOTIFICATIONFORMAT></SYSTEMUSERENTITY><SYSTEMUSERENTITY><ACCOUNTTYPE>ClaimsUser</ACCOUNTTYPE><ALIAS>wdtc@adnd365.com</ALIAS><AUTOLOGOFF>0</AUTOLOGOFF><AUTOMATICURLUPDATE>No</AUTOMATICURLUPDATE><COMPANY>WDTC</COMPANY><DEFAULTCOUNTRYREGION></DEFAULTCOUNTRYREGION><DENSITY></DENSITY><DOCUMENTHANDLINGACTIVE>Yes</DOCUMENTHANDLINGACTIVE><EMAIL></EMAIL><EMAILPROVIDERID></EMAILPROVIDERID><ENABLED>true</ENABLED><EVENTPOLLFREQUENCY>15</EVENTPOLLFREQUENCY><EVENTPOPUPDISPLAYWHEN>DefinedOnRule</EVENTPOPUPDISPLAYWHEN><EVENTPOPUPLINKDESTINATION>ToAlert</EVENTPOPUPLINKDESTINATION><EVENTPOPUPS>No</EVENTPOPUPS><EVENTWORKFLOWSHOWPOPUP>Yes</EVENTWORKFLOWSHOWPOPUP><EVENTWORKFLOWTASKSINACTIONCENTER>No</EVENTWORKFLOWTASKSINACTIONCENTER><EXTERNALUSER>false</EXTERNALUSER><GLOBALEXCELEXPORTFILEPATH></GLOBALEXCELEXPORTFILEPATH><GLOBALEXCELEXPORTMODE>0</GLOBALEXCELEXPORTMODE><GLOBALLISTPAGELINKMODE>0</GLOBALLISTPAGELINKMODE><HELPLANGUAGE>en-us</HELPLANGUAGE><HOMEPAGEREFRESHDURATION>0</HOMEPAGEREFRESHDURATION><LANGUAGE></LANGUAGE><MARKEMPTYLINKS>No</MARKEMPTYLINKS><NETWORKDOMAIN>https://sts.windows.net/</NETWORKDOMAIN><PREFERREDCALENDAR>Gregorian</PREFERREDCALENDAR><PREFERREDLOCALE></PREFERREDLOCALE><PREFERREDTIMEZONE>GMT_COORDINATEDUNIVERSALTIME</PREFERREDTIMEZONE><SENDALERTASEMAILMESSAGE>DefinedOnRule</SENDALERTASEMAILMESSAGE><SENDNOTIFICATIONSINEMAIL>No</SENDNOTIFICATIONSINEMAIL><SHOWNOTIFICATIONSINTHEMICROSOFTDYNAMICSAX7CLIENT>Yes</SHOWNOTIFICATIONSINTHEMICROSOFTDYNAMICSAX7CLIENT><SQMENABLED>PromptMe</SQMENABLED><SQMGUID>00000000-0000-0000-0000-000000000000</SQMGUID><STARTPAGE></STARTPAGE><THEME>Theme0</THEME><USERID>wdtc</USERID><USERINFO_DEFAULTPARTITION>true</USERINFO_DEFAULTPARTITION><USERINFO_LANGUAGE>en-us</USERINFO_LANGUAGE><USERNAME>Waterdeep Trading Company</USERNAME><WORKFLOWLINEITEMNOTIFICATIONFORMAT>Grouped</WORKFLOWLINEITEMNOTIFICATIONFORMAT></SYSTEMUSERENTITY></Document>