﻿<?xml version="1.0" encoding="utf-8"?><Document><WORKFLOWELEMENTENTITY><ELEMENTID /><AUTOCOMPLETEACTION /><AUTOCOMPLETECONDITIONID /><CONDITIONID /><ELEMENTNAME /><ELEMENTTYPE /><ENABLEACTIONSINWORKLIST /><ENABLEAUTOCOMPLETE /><ENABLEFINALAPPROVER /><ENABLEMAXIMUMRUNTIME /><FINALAPPROVERUSER /><MAXIMUMRUNTIMEDAILYCALENDAR /><MAXIMUMRUNTIMEDAILYCALENDARPROVIDER /><MAXIMUMRUNTIMEDAILYINCLUDEFRIDAY /><MAXIMUMRUNTIMEDAILYINCLUDEMONDAY /><MAXIMUMRUNTIMEDAILYINCLUDESATURDAY /><MAXIMUMRUNTIMEDAILYINCLUDESUNDAY /><MAXIMUMRUNTIMEDAILYINCLUDETHURSDAY /><MAXIMUMRUNTIMEDAILYINCLUDETUESDAY /><MAXIMUMRUNTIMEDAILYINCLUDEWEDNESDAY /><MAXIMUMRUNTIMEDAILYUSENONCALENDAR /><MAXIMUMRUNTIMEDAILYVALUE /><MAXIMUMRUNTIMEDATETYPE /><MAXIMUMRUNTIMEHOURCALENDAR /><MAXIMUMRUNTIMEHOURCALENDARPROVIDER /><MAXIMUMRUNTIMEHOURINCLUDEFRIDAY /><MAXIMUMRUNTIMEHOURINCLUDEMONDAY /><MAXIMUMRUNTIMEHOURINCLUDESATURDAY /><MAXIMUMRUNTIMEHOURINCLUDESUNDAY /><MAXIMUMRUNTIMEHOURINCLUDETHURSDAY /><MAXIMUMRUNTIMEHOURINCLUDETUESDAY /><MAXIMUMRUNTIMEHOURINCLUDEWEDNESDAY /><MAXIMUMRUNTIMEHOURSAVAILABLE /><MAXIMUMRUNTIMEHOURSTARTTIME /><MAXIMUMRUNTIMEHOURUSENONCALENDAR /><MAXIMUMRUNTIMEHOURVALUE /><MAXIMUMRUNTIMEMONTHLYDAYOFWEEK /><MAXIMUMRUNTIMEMONTHLYWEEKINMONTH /><MAXIMUMRUNTIMEOUTCOME /><MAXIMUMRUNTIMETIME /><MAXIMUMRUNTIMETIMESPANRELATIONTYPE /><MAXIMUMRUNTIMETIMEZONE /><MAXIMUMRUNTIMEWEEKLYDAYOFWEEK /><MAXIMUMRUNTIMEWEEKLYVALUE /><MAXIMUMRUNTIMEYEARLYDAYOFWEEK /><MAXIMUMRUNTIMEYEARLYMONTHINYEAR /><MAXIMUMRUNTIMEYEARLYWEEKINMONTH /><NAME /><PARALLELBRANCHELEMENTID /><PARALLELBRANCHNAME /><REQUIRED /><RUNINPARALLEL /><RUNSUBWORKFLOW /><RUNSUBWORKFLOWCONDITIONID /><SEQUENCE /><WORKFLOWID /></WORKFLOWELEMENTENTITY></Document>