﻿<?xml version="1.0" encoding="utf-8"?><Document><WORKFLOWESCALATIONPATHENTITY><ASSIGNMENTRELATIONTYPE /><ASSIGNMENTTYPE /><DAILYCALENDAR /><DAILYCALENDARPROVIDER /><DAILYINCLUDEFRIDAY /><DAILYINCLUDEMONDAY /><DAILYINCLUDESATURDAY /><DAILYINCLUDESUNDAY /><DAILYINCLUDETHURSDAY /><DAILYINCLUDETUESDAY /><DAILYINCLUDEWEDNESDAY /><DAILYUSENONCALENDAR /><DAILYVALUE /><DATETYPE /><HIERARCHYFILTERCONDITIONID /><HIERARCHYFILTERTYPE /><HIERARCHYPROVIDERNAME /><HIERARCHYSTOPCONDITIONID /><HIERARCHYTOKENNAME /><HOURCALENDAR /><HOURCALENDARPROVIDER /><HOURINCLUDEFRIDAY /><HOURINCLUDEMONDAY /><HOURINCLUDESATURDAY /><HOURINCLUDESUNDAY /><HOURINCLUDETHURSDAY /><HOURINCLUDETUESDAY /><HOURINCLUDEWEDNESDAY /><HOURSAVAILABLE /><HOURSTARTTIME /><HOURUSENONCALENDAR /><HOURVALUE /><LEVEL /><MONTHLYDAYOFWEEK /><MONTHLYWEEKINMONTH /><PARTICIPANTPROVIDERNAME /><PARTICIPANTTOKENNAME /><QUEUEPROVIDERNAME /><QUEUETOKENNAME /><STEPID /><TIMESPANRELATIONTYPE /><USERVALUE /><WEEKLYDAYOFWEEK /><WEEKLYVALUE /><WORKFLOWUSERVALUE /><YEARLYDAYOFWEEK /><YEARLYMONTHINYEAR /><YEARLYWEEKINMONTH /></WORKFLOWESCALATIONPATHENTITY></Document>