﻿<?xml version="1.0" encoding="utf-8"?><Document><WORKFLOWSTEPENTITY><ASSIGNMENTRELATIONTYPE /><ASSIGNMENTTYPE /><COMPLETIONPOLICY /><COMPLETIONPOLICYPERCENTAGE /><DAILYCALENDAR /><DAILYCALENDARPROVIDER /><DAILYINCLUDEFRIDAY /><DAILYINCLUDEMONDAY /><DAILYINCLUDESATURDAY /><DAILYINCLUDESUNDAY /><DAILYINCLUDETHURSDAY /><DAILYINCLUDETUESDAY /><DAILYINCLUDEWEDNESDAY /><DAILYUSENONCALENDAR /><DAILYVALUE /><DATETYPE /><ELEMENTID /><ESCALATIONACTION /><ESCALATIONPATHACTION /><ESCALATIONTYPE /><HIERARCHYFILTERCONDITIONID /><HIERARCHYFILTERTYPE /><HIERARCHYPROVIDERNAME /><HIERARCHYSTOPCONDITIONID /><HIERARCHYTOKENNAME /><HOURCALENDAR /><HOURCALENDARPROVIDER /><HOURINCLUDEFRIDAY /><HOURINCLUDEMONDAY /><HOURINCLUDESATURDAY /><HOURINCLUDESUNDAY /><HOURINCLUDETHURSDAY /><HOURINCLUDETUESDAY /><HOURINCLUDEWEDNESDAY /><HOURSAVAILABLE /><HOURSTARTTIME /><HOURUSENONCALENDAR /><HOURVALUE /><MONTHLYDAYOFWEEK /><MONTHLYWEEKINMONTH /><NAME /><PARTICIPANTPROVIDERNAME /><PARTICIPANTTOKENNAME /><QUEUEPROVIDERNAME /><QUEUETOKENNAME /><RUNSTEP /><RUNSTEPCONDITIONID /><SEQUENCE /><STEPID /><TIMESPANRELATIONTYPE /><USERVALUE /><WEEKLYDAYOFWEEK /><WEEKLYVALUE /><WORKFLOWUSERVALUE /><YEARLYDAYOFWEEK /><YEARLYMONTHINYEAR /><YEARLYWEEKINMONTH /></WORKFLOWSTEPENTITY></Document>